traj,F_phi_plus,F_phi_minus,F_psi_plus,F_psi_minus,F_plusplus,F_ee,F_eg,F_ge,F_gg
1,0.6070678131171091,0.3625860904374186,0.5432346577053083,0.45265451137461965,0.03927292443969099,0.5000000000013163,0.49999999999401123,0.5000000000059881,0.4999999999986882
2,0.501807233036765,0.4981862163482455,0.05552511879083065,0.7049233725613503,0.3152917385883988,0.49999999999808736,0.4999999999886588,0.5000000000113455,0.5000000000019095
3,0.6103096040841736,0.3571024883175909,0.6574040161260838,0.260422655660553,0.03732481926243237,0.5000000000012944,0.5000000000067633,0.4999999999932362,0.4999999999987016
4,0.3362289108582451,0.6220531484552372,0.6733518484706058,0.21586405018255414,0.24009988178341773,0.49999999999494926,0.49999999999924144,0.5000000000007566,0.500000000005046
5,0.3954449636011621,0.5861938934878765,0.6379995396917826,0.30488782749246074,0.7313009386604254,0.49999999999761474,0.5000000000142952,0.4999999999857038,0.5000000000023858
6,0.6958656775366557,0.12558247818247892,0.6725595817281228,0.21831996936994102,0.017434463313146038,0.49999999999274874,0.4999999999992306,0.500000000000769,0.5000000000072532
7,0.12745746111575545,0.6955246908672077,0.1381369104523959,0.6934826558542523,0.018505530169668022,0.5000000000042844,0.4999999999879857,0.5000000000120151,0.49999999999571487
8,0.014644701186347751,0.7069551136579766,0.6945963074269088,0.1324234484858894,0.48285132815835907,0.5000000000038872,0.4999999999995307,0.5000000000004612,0.49999999999611294
9,0.698768493315498,0.10827092291832477,0.6519534411411267,0.27378223204627755,0.03508994739467633,0.5000000000073149,0.5000000000144056,0.4999999999855929,0.4999999999926822
10,0.09827791510361561,0.7002438515159878,0.5513312790752329,0.44275706737811504,0.45941732010660874,0.499999999996497,0.5000000000016555,0.4999999999983458,0.5000000000035045
11,0.41155327930924673,0.5749990419903384,0.6872505568566512,0.1663931251591423,0.19693465929687734,0.49999999999766953,0.500000000007106,0.49999999999289724,0.5000000000023324
12,0.7015040998429876,0.08883691745821828,0.6906411659007629,0.15170622915105736,0.9842963116207621,0.5000000000003091,0.5000000000005316,0.4999999999994667,0.49999999999968964
13,0.3773349474782009,0.5980119929505648,0.26298783134165876,0.6563820538118089,0.45236156174456044,0.5000000000024781,0.49999999999708716,0.5000000000029102,0.49999999999752487
14,0.21514287969883492,0.6735826165474345,0.6899542104681591,0.15480047628239754,0.6405288675031413,0.5000000000030865,0.4999999999994591,0.500000000000539,0.4999999999969091
15,0.21038812693628078,0.6750828364313839,0.0779944459378523,0.7027921929011797,0.20507171292878557,0.5000000000031111,0.5000000000035668,0.4999999999964349,0.4999999999968883
16,0.5856967919250867,0.39618085255178825,0.6263716254691036,0.3281136797014004,0.04930177321534741,0.4999999999937768,0.4999999999988135,0.5000000000011869,0.5000000000062235
17,0.5484743686273227,0.44629123558374095,0.6799881707657338,0.19394867263961893,0.868347737764937,0.4999999999939833,0.4999999999929904,0.5000000000070086,0.5000000000060194
18,0.33166369805129947,0.6244991538363007,0.651149759799575,0.2756882121400074,0.22451365123716002,0.499999999994949,0.5000000000009814,0.4999999999990166,0.500000000005048
19,0.19964200713917724,0.6783384619682475,0.4285649124085206,0.5624340991194213,0.4444457408164451,0.5000000000045561,0.49999999999456174,0.5000000000054365,0.49999999999545097
20,0.6683092908871106,0.2310036616895174,0.7005547183299223,0.0960369024161265,0.025202845802180098,0.4999999999991784,0.5000000000073531,0.49999999999264855,0.5000000000008195
21,0.060497753279094624,0.7045140376681198,0.7055232962076207,0.04729564999381514,0.5402917615800867,0.49999999999635725,0.5000000000001655,0.49999999999983813,0.5000000000036365
22,0.13584039119450403,0.6939361556513157,0.467840914389381,0.5302121073903472,0.23559567513800347,0.5000000000043223,0.5000000000020789,0.49999999999792655,0.49999999999568084
23,0.2158442861720946,0.6733581841240639,0.5778345485860825,0.40756255281897413,0.25742869538029,0.4999999999892178,0.49999999999849787,0.5000000000015031,0.5000000000107803
24,0.6936676862736976,0.13720476919586413,0.27780174396473495,0.6502508677811606,0.29245179435917107,0.5000000000004685,0.49999999998945677,0.500000000010544,0.49999999999952843
25,0.6429103648227557,0.2943913429492599,0.1875825466024459,0.6817718006856435,0.587229701771504,0.49999999999336914,0.5000000000045087,0.4999999999954951,0.5000000000066286
26,0.6803815562068416,0.19256411392976847,0.6714858485405341,0.22160044045487853,8.642421217604696e-10,0.4999999999993281,0.5000000000084684,0.499999999991529,0.5000000000006726
27,0.1314750552450517,0.6947764512193612,0.12009100064299742,0.6968343788624106,0.17774961996416758,0.4999999999956961,0.49999999999574385,0.5000000000042544,0.5000000000043033
28,0.5913918892306633,0.38762821537162007,0.407643422806525,0.5777775002910588,0.706611482214293,0.49999999999857675,0.49999999999766187,0.500000000002342,0.5000000000014235
29,0.006708020095207872,0.7070749624095108,0.08311882813859166,0.702204571623444,0.06309914433392377,0.5000000000038752,0.5000000000041378,0.49999999999585953,0.4999999999961338
30,0.5673315506188219,0.42206032465780624,0.5765009082275105,0.40944682537888943,0.8090500965938869,0.49999999999074624,0.5000000000061765,0.499999999993819,0.5000000000092544
31,0.6361765292220907,0.3086736523691853,0.21729556974621253,0.6728912507743511,0.29553370735178036,0.5000000000011079,0.4999999999953857,0.5000000000046162,0.4999999999988905
32,0.6936241658417348,0.13742458499249055,0.060808138338234986,0.7044873102560741,0.5331580192488767,0.5000000000004706,0.5000000000036362,0.49999999999636396,0.49999999999953026
33,0.1095638210652208,0.6985669396082163,0.5460948151264438,0.44919979173193564,0.46285893920890314,0.500000000003466,0.5000000000137009,0.49999999998629835,0.4999999999965351
34,0.24338116901868312,0.6639018101816244,0.08355508535038601,0.7021527951322927,0.11274139657879652,0.49999999999529576,0.49999999999644357,0.5000000000035582,0.5000000000047006
35,0.21097870308505895,0.6748985017248884,0.6216829460225378,0.3369129184592643,0.29196123171130356,0.4999999999954163,0.49999999998340255,0.5000000000165983,0.5000000000045796
36,0.10942278385846663,0.698589045414158,0.4401943922984437,0.5533795234637846,0.232720654927302,0.5000000000042345,0.5000000000021991,0.4999999999978025,0.49999999999576683
37,0.5932054372819289,0.38484712442625446,0.5608769534620234,0.4306007931659631,0.8160254041027026,0.499999999998591,0.5000000000137812,0.4999999999862162,0.5000000000014106
38,0.1849237492372853,0.6824977759372602,0.3088870639374179,0.6360729374310174,0.08656031705473022,0.4999999999954997,0.49999999999725764,0.5000000000027441,0.500000000004499
39,0.6977741971581314,0.11450401643752163,0.6449849960330083,0.28981779602415125,0.03401372805045272,0.49999999999960004,0.4999999999933352,0.5000000000066612,0.5000000000003992
40,0.4704412221097536,0.5279062985463817,0.5978565509112462,0.3775811760833701,0.08680392709316809,0.5000000000020616,0.4999999999936882,0.5000000000063044,0.49999999999793837
41,0.6791354550505356,0.19691377222860595,0.40784538681050814,0.5776349543244302,0.7688984265771787,0.5000000000069929,0.4999999999946454,0.5000000000053544,0.4999999999930047
42,0.7070892288312551,0.004982963095888156,0.25142339984442685,0.6608980814094323,0.3218243254473412,0.49999999999998435,0.5000000000047348,0.4999999999952646,0.5000000000000142
43,0.22044921890705152,0.6718646805440194,0.6329795457115384,0.31517756060801566,0.6022237405236393,0.500000000003079,0.4999999999988744,0.5000000000011307,0.4999999999969229
44,0.6319644766115138,0.3172079764147445,0.6046450231845001,0.3666120509997124,0.874146359417053,0.5000000000011435,0.49999999999865746,0.5000000000013431,0.4999999999988583
45,0.5844963617039155,0.39794974953489104,0.5820789784402906,0.40147735036724824,0.8251747091313434,0.49999999999854006,0.5000000000014715,0.49999999999852707,0.5000000000014572
46,0.6683053702823374,0.23101500581647016,0.6132652637560022,0.3520024378754829,0.03231617552014631,0.49999999999312267,0.5000000000012751,0.49999999999872724,0.5000000000068755
47,0.6190168400576412,0.3417867076492406,0.6982770841190364,0.11139620188415379,0.9312110112456209,0.5000000000064531,0.5000000000072967,0.49999999999270245,0.49999999999354783
48,0.07392635930366545,0.703231749425538,0.6584593993678834,0.25774254476916547,0.41460942209310986,0.500000000003592,0.49999999999322475,0.5000000000067746,0.49999999999640543
49,0.628117553630838,0.3247588933667586,0.3776701911416786,0.5978003234550887,0.17682629691732796,0.4999999999911414,0.5000000000129194,0.49999999998708156,0.500000000008849
50,0.17020952222255484,0.6863153253252294,0.5780461761158693,0.4072623457647616,0.5290436521627025,0.50000000000325,0.49999999999849176,0.5000000000015032,0.49999999999674916
51,0.5072927197467363,0.49259932652406024,0.6575509642398731,0.26005139766440427,0.8234497911855798,0.4999999999981016,0.5000000000009107,0.4999999999990866,0.500000000001897
52,0.6599688669498505,0.2538525194100685,0.4293888173008592,0.5618053431367234,0.16326139616781699,0.49999999999910244,0.4999999999945531,0.5000000000054492,0.5000000000009045
53,0.7067832123997029,0.021389205786272566,0.5877880237612473,0.3930715445346417,0.08213380736232449,0.5000000000000744,0.49999999999374645,0.5000000000062551,0.4999999999999228
54,0.2083651496817912,0.6757099764648055,0.5432236523446812,0.45266771867817635,0.5311927288661472,0.4999999999968863,0.5000000000017056,0.4999999999982942,0.500000000003115
55,0.6736744422145079,0.21485519264305028,0.02132041293153941,0.706785285636612,0.49271762690577287,0.4999999999915472,0.49999999999607203,0.5000000000039267,0.5000000000084519
56,0.19837603557152347,0.6787097675081225,0.26443616750537724,0.6557999034119086,0.04810192219151544,0.5000000000031548,0.500000000004779,0.4999999999952218,0.49999999999684935
57,0.34255220999171415,0.6185935526901258,0.38787080219360703,0.5912328143850696,0.040169421232083447,0.49999999999738826,0.5000000000101186,0.49999999998988404,0.5000000000026109
58,0.19458067902384787,0.6798075899477869,0.156769486412411,0.6895094837128687,0.24807834072397927,0.49999999999683675,0.5000000000033021,0.4999999999966958,0.5000000000031636
59,0.2621392412090876,0.6567214159887884,0.15507771655562474,0.6898919493861977,0.07495869318178157,0.4999999999952297,0.5000000000032983,0.49999999999669653,0.500000000004766
60,0.6913164492361061,0.14859867770468072,0.09607009156884921,0.7005501677295898,0.5568116810644738,0.499999999999481,0.5000000000035173,0.49999999999648637,0.5000000000005165
61,0.43630976292529483,0.5564474735103699,0.6791729029103113,0.19678457244504968,0.16905117794505428,0.499999999986833,0.5000000000070062,0.49999999999299416,0.500000000013168
62,0.5249065739573112,0.4737859138327982,0.6821514273855769,0.18619728815378747,0.11252763957821466,0.49999999999819766,0.5000000000083512,0.49999999999165357,0.5000000000018043
63,0.7015178648942563,0.08872815356018518,0.3779427298898693,0.5976280556695762,0.2278682278835295,0.4999999999996868,0.49999999999477085,0.5000000000052341,0.5000000000003092
64,0.5224057610060375,0.47654194030294633,0.23863560723541155,0.6656223005273983,0.5382687493158788,0.4999999999981806,0.5000000000029993,0.49999999999700073,0.5000000000018137
65,0.4486412134695043,0.5465538048322485,0.12379915329087555,0.6961851547142185,0.22931358611835267,0.5000000000055254,0.5000000000034163,0.49999999999658207,0.4999999999944717
66,0.1916360449967863,0.6806435435892527,0.6218872108318274,0.33653572916381136,0.30564389832166683,0.49999999998779504,0.5000000000064841,0.499999999993524,0.5000000000122053
67,0.11015856229683395,0.6984734004618198,0.24492837360952843,0.6633325650086803,0.09545496906275988,0.5000000000042342,0.49999999999701816,0.5000000000029858,0.4999999999957692
68,0.26125302406238277,0.6570744687006597,0.6932510746815684,0.13929446310907828,0.30561657207737986,0.5000000000106024,0.5000000000004841,0.49999999999951217,0.49999999998939193
69,0.1713309574160923,0.6860362257424059,0.41967789001903544,0.5690961857447036,0.4171680487659169,0.5000000000032432,0.500000000002294,0.49999999999770584,0.49999999999675704
70,0.6579015120702816,0.2591632698042588,0.5870722604530729,0.39413977343896617,0.04499399727916273,0.5000000000009204,0.5000000000062522,0.4999999999937483,0.49999999999907774
71,0.5487156346885657,0.44599456526769893,0.5891232084260878,0.39106757126327363,0.019334094443506603,0.4999999999983332,0.49999999999374484,0.5000000000062585,0.5000000000016662
72,0.4599807483315796,0.5370453529864334,0.7041018491456236,0.0651197821687857,0.8229443041401852,0.5000000000021135,0.4999999999997665,0.5000000000002301,0.49999999999788947
73,0.7067315117448053,0.023034111810468584,0.2957434817910541,0.6422894931244804,0.2899043601005323,0.5000000000000704,0.5000000000049044,0.4999999999950931,0.49999999999992484
74,0.2848658020653826,0.6471873568091742,0.09307764333263445,0.7009540300987207,0.13714716747509814,0.5000000000028253,0.4999999999958326,0.500000000004163,0.49999999999717387
75,0.7054798451493594,0.04793942102312452,0.3660867455502933,0.6049632176689744,0.24049438703146606,0.5000000000075171,0.5000000000025171,0.4999999999974872,0.4999999999924795
76,0.6094025575432379,0.3586481881450894,0.6729599438451452,0.21708273533363806,0.9063080915482726,0.49999999999869504,0.4999999999992257,0.5000000000007698,0.5000000000013
77,0.6964770015658768,0.12214657706955043,0.5485552539483995,0.4461918123022925,0.10340013631331346,0.49999999999188127,0.5000000000016681,0.49999999999832945,0.5000000000081208
78,0.6855304096148673,0.17334375527624352,0.5378787417828161,0.4590059467350453,0.10891376003468053,0.49999999999938394,0.5000000000059556,0.49999999999404526,0.5000000000006142
79,0.6720062584760964,0.2200172479342937,0.5530578599719318,0.44059846064558916,0.08478284847046161,0.499999999991544,0.49999999999834605,0.5000000000016499,0.5000000000084507
80,0.6564676883405031,0.262773998266336,0.7035875666240194,0.07045946417687732,0.03437181928132951,0.5000000000009345,0.49999999999255484,0.500000000007447,0.4999999999990659
81,0.040878306635297214,0.705924191430379,0.46945176676072903,0.5287863828477726,0.3032432504276519,0.49999999999629685,0.4999999999943784,0.5000000000056228,0.500000000003707
82,0.2946742347603942,0.6427807521763333,0.3706845629469313,0.6021569187453127,0.4708754686050361,0.500000000002789,0.49999999999751427,0.5000000000024926,0.49999999999720796
83,0.0511080332170323,0.7052573777995415,0.17380528883409282,0.6854135405529264,0.16005950976891214,0.49999999999633976,0.499999999996767,0.5000000000032336,0.5000000000036589
84,0.7063629002094715,0.032426233984377814,0.7055099827085892,0.047493834321139794,0.9983143477467916,0.4999999999921818,0.49999999999214445,0.5000000000078534,0.5000000000078213
85,0.3787645716053441,0.5971075274158094,0.1463214810565315,0.691802012270433,0.37162473203806684,0.5000000000129166,0.5000000000033327,0.4999999999966647,0.499999999987085
86,0.665444636320454,0.2391305982176754,0.6889819047080759,0.15907210624378446,0.9576485919026235,0.4999999999991562,0.4999999999994465,0.5000000000005557,0.5000000000008502
87,0.0590912060058008,0.7046334059617815,0.6957609797269927,0.12616124242151666,0.5327916718693695,0.5000000000040433,0.4999999999918683,0.5000000000081373,0.4999999999959582
88,0.6615934447150507,0.24958790397549213,0.33330487686822896,0.6236247742479858,0.703276596042929,0.500000000000892,0.4999999999973513,0.5000000000026453,0.49999999999910744
89,0.38850295107990074,0.5908176173763009,0.4031498801285832,0.580921831361424,3.4675295745633806e-10,0.49999999999472927,0.5000000000023618,0.49999999999764005,0.5000000000052718
90,0.6389709026697077,0.30284680209877807,0.5781991038961922,0.4070452017327323,0.860578474429164,0.4999999999933858,0.5000000000091993,0.49999999999080136,0.5000000000066118
91,0.13466139377592293,0.6941659088620851,0.5750761601699985,0.41144551280106284,0.5009352116862743,0.5000000000033806,0.5000000000138537,0.49999999998614586,0.49999999999661837
92,0.4127147582402748,0.5741659414582772,0.42043257793025285,0.5685388706279559,0.5891062914627715,0.5000000000023234,0.500000000002284,0.4999999999977059,0.4999999999976751
93,0.6853793418693835,0.173940098133496,0.700353995933825,0.09748989885891832,0.9799422609445978,0.4999999999993895,0.5000000000003352,0.49999999999966316,0.5000000000006103
94,0.5209154819776872,0.4781705350980493,0.6891866159106322,0.15818283234805722,0.11686891122120102,0.5000000000018173,0.5000000000071451,0.499999999992858,0.49999999999818384
95,0.49478197655494893,0.505164127463919,0.706632016099531,0.02590740865292896,0.15120195177961154,0.5000000000057419,0.49999999999991174,0.500000000000086,0.499999999994263
96,0.30082697248543405,0.6399243178886427,0.6588477806634812,0.25674812933069036,0.6784138112882083,0.5000000000049194,0.500000000006783,0.4999999999932206,0.4999999999950775
97,0.5146510915613505,0.484906438351466,0.7032639833960859,0.07361908487526056,0.8608075040677948,0.49999999999814587,0.5000000000002643,0.4999999999997368,0.500000000001848
98,0.466540074945769,0.5313570945659675,0.6784582910324441,0.19923440297633013,0.1506940545871707,0.4999999999943882,0.5000000000007027,0.49999999999929684,0.5000000000056078
99,0.4044525957661937,0.5800156013229223,0.2767889171648888,0.6506826379539338,0.48153452611508746,0.5000000000053372,0.4999999999951712,0.5000000000048307,0.49999999999466627
100,0.27150331987252474,0.6529057721434175,0.6615143689126312,0.24979739734857878,0.6587738968600002,0.4999999999951958,0.5000000000085766,0.4999999999914241,0.5000000000047989
101,0.5449371139646122,0.4506035343638342,0.7064752133791715,0.029879305227043625,0.11540187498719531,0.5000000000059985,0.4999999999999082,0.5000000000000887,0.49999999999400363
102,0.36611471365373294,0.6049462974681223,0.2977426251136679,0.6413652073432251,0.46895015915969057,0.4999999999871372,0.4999999999972138,0.5000000000027827,0.5000000000128628
103,0.6595061712249087,0.255052171361587,0.3306344725559939,0.6250446748494247,0.7000029276972312,0.5000000000067917,0.49999999999496436,0.5000000000050392,0.49999999999320754
104,0.15400635899113613,0.6901319014436957,0.5472873376216,0.4477461000154732,0.4962144629804817,0.5000000000109954,0.49999999999398415,0.5000000000060214,0.49999999998900246
105,0.7061946241312002,0.03590487834762674,0.41955902986023724,0.5691838195721424,0.20033105406332746,0.5000000000001231,0.49999999999459366,0.500000000005403,0.49999999999987266
106,0.24994780478436224,0.6614575540536244,0.1151501723105083,0.6976678563735443,0.2577067676902753,0.49999999999526534,0.49999999998885764,0.5000000000111388,0.5000000000047319
107,0.6494829098144519,0.2795924710340971,0.6789622785623508,0.1975100612359304,0.0167165991526344,0.4999999999933039,0.49999999999930467,0.5000000000006957,0.5000000000066962
108,0.03768435753371714,0.706101897177223,0.7041211426441647,0.0649108348542283,0.47205236840820675,0.5000000000037205,0.5000000000079181,0.49999999999207906,0.4999999999962824
109,0.2978738956864729,0.6413042509359854,0.05952909329087743,0.7045965420380393,0.1668043906969981,0.5000000000027826,0.5000000000113216,0.49999999998867517,0.4999999999972187
110,0.3016600573151537,0.6395320240774608,0.23578290486617792,0.6666381490530421,0.3804533708719498,0.5000000000049167,0.4999999999953162,0.500000000004683,0.49999999999507916
111,0.7041917575028475,0.06414022723317475,0.5756196176082491,0.4106848619373906,0.9052389413469021,0.49999999999978234,0.5000000000015151,0.49999999999848566,0.5000000000002119
112,0.29580799625698173,0.6422597833824143,0.637471907263438,0.3059894891167235,0.6595729725001269,0.4999999999972059,0.5000000000010933,0.4999999999989057,0.5000000000027905
113,0.30085485526514,0.6399112095153431,0.7066908659595222,0.024249123064206124,0.7128670544719048,0.4999999999895365,0.499999999992213,0.5000000000077895,0.5000000000104613
114,0.6428882540554299,0.2944396250465628,0.31477291301919114,0.6331808692857157,0.23211677190998647,0.49999999999335587,0.5000000000027197,0.4999999999972823,0.5000000000066437
115,0.42800908785692715,0.5628571938883583,0.6256019985342396,0.32957873024509343,0.7452155063233222,0.4999999999977429,0.4999999999988183,0.5000000000011846,0.5000000000022531
116,0.6100576104831342,0.35753281232861633,0.5796775443832588,0.4049369636595246,0.027042274217249553,0.49999999999869793,0.4999999999937987,0.5000000000062017,0.5000000000013033
117,0.7045341744662661,0.0602627331701724,0.344217874138964,0.6176682403388153,0.7421745019042313,0.4999999999921063,0.5000000000102861,0.4999999999897103,0.5000000000078964
118,0.09599879909014584,0.7005599460109391,0.2618434972497564,0.6568393890046609,0.1171522431435957,0.49999999999582095,0.5000000000029167,0.49999999999708294,0.5000000000041808
119,0.03780866656489614,0.7060952518836114,0.10303770230327858,0.699559312641942,0.10036754617173213,0.49999999998832995,0.500000000003486,0.4999999999965196,0.5000000000116664
120,0.4696906001452867,0.5285742522438683,0.08285547413172002,0.7022356943408714,0.39185644937712755,0.4999999999866824,0.49999999999644396,0.500000000003554,0.5000000000133219
121,0.2376828243480003,0.6659631242887663,0.35102985407280096,0.6138224837439709,0.4153882978740282,0.49999999999698097,0.5000000000025717,0.49999999999741773,0.5000000000030171
122,0.3746255399546698,0.5997130239811993,0.6913945289830457,0.14823496649680623,0.7536444210108122,0.5000000000024823,0.5000000000005086,0.4999999999994883,0.49999999999751665
123,0.48314613719760235,0.5163039935064971,0.3435000204700537,0.6180677438089414,0.5841737505340945,0.49999999999030753,0.5000000000050875,0.4999999999949152,0.5000000000096948
124,0.48111658564978926,0.5181957458458004,0.5560430364244382,0.436825069843629,0.055838059592677305,0.5000000000020158,0.4999999999939388,0.5000000000060619,0.49999999999798084
125,0.3835691123606245,0.5940326052018328,0.4980318151581805,0.5019604676568106,0.6232202082956178,0.5000000000052456,0.5000000000096195,0.4999999999903767,0.4999999999947484
126,0.17998645266910088,0.6838164058104973,0.6278700259165777,0.32523719122435674,0.5709071328569444,0.500000000004473,0.5000000000065186,0.49999999999347444,0.4999999999955204
127,0.7034392656616504,0.07192495759746168,0.7068765666661547,0.018042158913757995,5.766045965735226e-10,0.49999999999975514,0.5000000000076377,0.4999999999923625,0.5000000000002437
128,0.40671566378380214,0.5784309568679509,0.33487918245802334,0.6227808066697705,0.05924321450420004,0.4999999999976509,0.49999999999495137,0.5000000000050531,0.5000000000023535
129,0.40424459360139775,0.5801605938505484,0.3608047707017678,0.6081282080604737,0.0338673605782662,0.5000000000023597,0.5000000000102254,0.49999999998977285,0.49999999999763556
130,0.4192647070443661,0.5694006545719767,0.523693405954144,0.47512652689588913,0.6666229914825413,0.49999999999770495,0.49999999999820194,0.5000000000018001,0.500000000002289
131,0.4954986525996024,0.504461183117172,0.7045979597052531,0.05951231115658179,0.8487369107798894,0.500000000001946,0.5000000000002072,0.4999999999997963,0.49999999999805256
132,0.2766477065921774,0.650742693615515,0.17607909853895387,0.6848329366040409,0.32026020104195063,0.4999999999971386,0.4999999999967752,0.5000000000032299,0.5000000000028605
133,0.3711442115258473,0.6018737195216753,0.06948176026764687,0.70368479093278,0.2124671157033787,0.5000000000024971,0.5000000000040917,0.4999999999959095,0.49999999999750233
134,0.04677342420248496,0.7055581101428635,0.5447914398105348,0.45077964362775547,0.3537383491978054,0.5000000000036867,0.5000000000060023,0.49999999999399974,0.4999999999963082
135,0.6420547817460343,0.2962526915270986,0.09713195581510077,0.7004037286876333,0.5217971669945738,0.49999999999894446,0.4999999999964913,0.5000000000035155,0.5000000000010536
136,0.6994029781254159,0.10409358380467157,0.6956849709826428,0.12657970275236333,0.9866163087178473,0.49999999999195777,0.49999999999275185,0.5000000000072455,0.5000000000080436
137,0.5475790859649668,0.4473892540213376,0.6302301640040586,0.3206398920587024,0.8328373392989662,0.49999999999398853,0.4999999999934552,0.500000000006544,0.5000000000060091
138,0.5845779689127087,0.3978298609479882,0.707037582109883,0.009892294183059027,0.0848888383437269,0.49999999999853906,0.5000000000076535,0.49999999999234035,0.5000000000014646
139,0.6635518364378205,0.24433370882915462,0.6860138309003887,0.1714206049848478,0.9545167215453394,0.49999999999914074,0.5000000000005934,0.49999999999940503,0.5000000000008595
140,0.17352365675241774,0.6854848944705281,0.15836294962880135,0.6891452504261075,8.284947938050988e-10,0.49999999999554273,0.4999999999967077,0.5000000000032891,0.5000000000044593
141,0.416719916601312,0.5712657097251633,0.39223732313183707,0.5883450368129005,0.5718624657723043,0.5000000000023018,0.4999999999975949,0.5000000000024076,0.4999999999976973
142,0.41509514212421667,0.5724473975701836,0.46545581351731297,0.5323071347097823,0.6218224885386816,0.4999999999946264,0.4999999999944002,0.5000000000056019,0.5000000000053733
143,0.4965602709928822,0.5034162266668376,0.24366490087601414,0.6637977222626459,0.5233177311592383,0.5000000000057483,0.500000000004707,0.4999999999952877,0.4999999999942533
144,0.5454003333506025,0.45004274950392553,0.32386257090760534,0.6285801740153054,0.15725024946682686,0.5000000000093759,0.5000000000026793,0.49999999999731626,0.4999999999906256
145,0.614479865235437,0.34987782899212133,0.05583445129487921,0.7048989388902456,0.3954175127169824,0.499999999993574,0.5000000000117201,0.4999999999882745,0.5000000000064271
146,0.3910212843426456,0.5891539316604985,0.5829672094499765,0.40018649740602685,0.6874764806655012,0.5000000000052622,0.49999999999378525,0.5000000000062117,0.49999999999473327
147,0.38238188636540893,0.5947975226744217,0.10595068443518779,0.6991240608559559,0.34577274466289476,0.5000000000052429,0.5000000000042234,0.4999999999957839,0.499999999994755
148,0.33211946222706556,0.6242568937445714,0.0,0.7072303788994347,0.23497853584577516,0.5000000000050442,0.5000000000038496,0.4999999999961538,0.4999999999949572
149,0.39597292091128933,0.5858373886198995,0.46497755532006835,0.5327249506533117,0.6094177003291247,0.5000000000023855,0.4999999999979143,0.5000000000020866,0.499999999997616
150,0.5069940622035142,0.4929067060716289,0.5102234808311851,0.4895630701028362,7.246184178347016e-11,0.49999999999042616,0.5000000000135159,0.4999999999864895,0.500000000009578
151,0.6884458513690486,0.16137629854706387,0.04525369317707884,0.7056572137049473,0.4549138868616075,0.5000000000005602,0.49999999999600075,0.5000000000039942,0.4999999999994451
152,0.645530997758691,0.2885996057743594,0.20796166165810784,0.6758342602150325,0.3092539565921356,0.500000000008728,0.5000000000031172,0.4999999999968845,0.4999999999912734
153,0.6574241721204632,0.2603717819557512,0.17652356954497456,0.6847185037627505,0.34005502838509727,0.4999999999990753,0.4999999999955377,0.5000000000044617,0.5000000000009255
154,0.4446965177254857,0.5497681394213562,0.6667277582364183,0.23552939603590617,0.15576163634174908,0.5000000000021748,0.4999999999914772,0.5000000000085215,0.4999999999978183
155,0.6775010905519026,0.20246548422136076,0.7040145573855127,0.06605681637258004,0.9768260469604698,0.5000000000007222,0.5000000000002315,0.4999999999997688,0.4999999999992854
156,0.10389044361931078,0.6994331817440325,0.02408372615665967,0.7066965219487161,0.05718280475973216,0.4999999999965169,0.5000000000039277,0.49999999999607364,0.5000000000034812
157,0.6633778766277674,0.2448056367624388,0.2943555303830323,0.6429267623399473,0.6775542504619252,0.499999999993174,0.5000000000104853,0.4999999999895181,0.500000000006833
158,0.5711934167755451,0.4168190022447151,0.48780787320926977,0.5119018253874982,0.05239115780999266,0.5000000000015412,0.5000000000057162,0.4999999999942876,0.49999999999846034
159,0.13582010563403768,0.6939401263117433,0.15902294274080828,0.688993253727538,0.01609551499463825,0.4999999999966294,0.5000000000044045,0.4999999999956016,0.5000000000033702
160,0.6499298228692827,0.2785520155107535,0.6470631651553945,0.2851477867686933,0.01806728480030192,0.5000000000009991,0.5000000000066777,0.4999999999933241,0.4999999999990013
161,0.10646745025188083,0.6990455560280063,0.4253160120569475,0.5648949370351737,0.37634400986679256,0.4999999999957813,0.49999999999456635,0.5000000000054322,0.5000000000042183
162,0.2560072665754244,0.6591360098345244,0.6578447219448391,0.25930738865161773,0.28317036918181593,0.5000000000047554,0.4999999999990749,0.5000000000009291,0.4999999999952434
163,0.6957556078444309,0.12619086398399604,0.6723785054098451,0.2188770099001334,0.9673753492270699,0.5000000000004378,0.5000000000007707,0.49999999999922956,0.4999999999995633
164,0.025991959446850316,0.7066289163978903,0.17427178395313614,0.6852950790118018,0.10526111447801119,0.4999999999960657,0.500000000003243,0.49999999999675737,0.5000000000039324
165,0.5187967723976189,0.48046843031523156,0.595384064302402,0.3814679750316464,0.7879457437395003,0.49999999999816963,0.49999999999860495,0.5000000000013868,0.5000000000018312
166,0.5831532861927665,0.39991529703498024,0.031098617163691063,0.7064225902464492,0.39126205401244724,0.499999999998529,0.49999999999605366,0.500000000003943,0.5000000000014703
167,0.4692806190160365,0.5289382767544131,0.0093441767347492,0.7070450384248129,0.33535659619398384,0.5000000000056167,0.5000000000038606,0.49999999999613504,0.4999999999943859
168,0.17684713583925257,0.6846350053462466,0.4964693642449088,0.5035058791774557,0.22410826010627696,0.49999999999552375,0.49999999999806943,0.5000000000019373,0.5000000000044785
169,0.6070688424839876,0.36258436326619004,0.6497115419612779,0.27906076800994584,0.8891387782433081,0.5000000000013168,0.5000000000009831,0.4999999999990193,0.4999999999986803
170,0.7035869948129447,0.07046517388103377,0.1151384481051732,0.697669791354,0.5783926670702787,0.5000000000002454,0.5000000000119362,0.4999999999880655,0.4999999999997498
171,0.13045729296871306,0.6949682688520907,0.6455740134258479,0.28850336772600516,0.36419154683592825,0.49999999999660233,0.49999999999334116,0.5000000000066623,0.5000000000033944
172,0.6977715603598823,0.11452008362263999,0.4125803172813057,0.5742625547535376,0.20034916843860784,0.5000000000080862,0.5000000000023205,0.49999999999768235,0.49999999999191536
173,0.55885423371109,0.43322274719935033,0.5297093771449897,0.4684100508792078,0.03887350523310177,0.5000000000093151,0.49999999999822253,0.5000000000017726,0.4999999999906859
174,0.1119490247018792,0.6981886679664898,0.6763784372666457,0.20618489178581662,0.39821029381959583,0.4999999999957598,0.49999999999928235,0.5000000000007165,0.5000000000042424
175,0.5061859810874209,0.4937365213862167,0.030637695742150726,0.706442730587283,0.33503198736243844,0.4999999999981027,0.49999999998857486,0.5000000000114304,0.5000000000018944
176,0.338263992358947,0.6209488477108133,0.17961203598000042,0.6839148459648449,0.3663188865870595,0.5000000000026253,0.5000000000032149,0.49999999999678374,0.4999999999973754
177,0.4041074494270623,0.5802561238949195,0.6441822989149718,0.2915976093259741,0.7413053304702455,0.49999999998995187,0.4999999999933444,0.5000000000066573,0.5000000000100503
178,0.6984165807800053,0.11051823239431366,0.6744315535854508,0.2124666550974944,0.011701503991810486,0.4999999999996195,0.5000000000069489,0.4999999999930538,0.5000000000003779
179,0.6771571899567485,0.20361272084493803,0.05676969129149074,0.7048242349342637,0.5180053125150316,0.49999999999158934,0.49999999999596284,0.5000000000040388,0.5000000000084094
180,0.6262404322264384,0.3283640069265216,0.5948247160783816,0.382339583540957,0.024146232750392484,0.49999999999882005,0.4999999999937055,0.5000000000062943,0.5000000000011774
181,0.6228541071850774,0.3347428310303608,0.23131983381815713,0.6681999210433526,0.27750332375982667,0.5000000000012106,0.5000000000046652,0.49999999999533745,0.4999999999987857
182,0.6637538330980859,0.24378443151193518,0.6601254906895331,0.2534449378896821,0.019230689949551478,0.4999999999931741,0.5000000000008998,0.49999999999910194,0.5000000000068252
183,0.10105055114918328,0.6998491166761909,0.5925301739571616,0.3858859843921448,0.4898031421617125,0.4999999999965016,0.5000000000014125,0.4999999999985864,0.5000000000034969
184,0.7040640615513436,0.06552707251074341,0.5738318241968416,0.4131791833320331,0.9039716355642909,0.5000000000002304,0.4999999999984786,0.5000000000015223,0.4999999999997722
185,0.44310344564095866,0.5510529343548649,0.6679056596848504,0.2321681066833699,0.1543956293221532,0.499999999997818,0.5000000000068736,0.4999999999931223,0.5000000000021793
186,0.44407432880849707,0.5502708390341348,0.7070387007911119,0.00981201221020541,0.8150222377328971,0.5000000000021716,0.5000000000000314,0.49999999999996536,0.499999999997831
187,0.7071544007712544,0.0,0.6845600784822439,0.17713694969819396,0.018128143925174534,0.49999999999999295,0.5000000000070662,0.49999999999293043,0.5000000000000004
188,0.4624475502455027,0.5349226703664128,0.4812706470067952,0.5180526655945954,0.02061691238618861,0.5000000000021076,0.5000000000097083,0.4999999999902968,0.4999999999978932
189,0.6026488622308472,0.36988423709569224,0.2777267811163827,0.650282888480645,0.6227853857049809,0.49999999999865286,0.4999999999971432,0.500000000002855,0.5000000000013443
190,0.339921318557887,0.6200431413941005,0.5499689263519745,0.44444817475973813,0.149045234850252,0.49999999999737965,0.5000000000060338,0.4999999999939726,0.5000000000026177
191,0.1495533306401114,0.6911105564918315,0.7064867647200007,0.02960491978481665,0.6055274783413878,0.49999999999563377,0.4999999999921978,0.5000000000078014,0.5000000000043658
192,0.07549986167613683,0.7030645566993688,0.3334954482304006,0.623522883308707,0.18253211545482248,0.4999999999964115,0.5000000000103342,0.4999999999896652,0.5000000000035845
193,0.6391429179170236,0.30248360364905214,0.44121721451903767,0.5525643578915141,0.7638481321296247,0.5000000000087859,0.5000000000054957,0.4999999999945043,0.4999999999912183
194,0.5253823549853613,0.47325826043508296,0.3020496589782517,0.6393481082408247,0.5849918332438062,0.4999999999982112,0.4999999999972304,0.5000000000027692,0.500000000001794
195,0.6980301484216582,0.11293321873761433,0.5934248253405783,0.38450874719505024,0.9136742638339561,0.500000000008084,0.4999999999909061,0.500000000009097,0.4999999999919162
196,0.49360306502938467,0.5063161208114916,0.6049356794050434,0.3661322490340826,0.07657343785487224,0.4999999999903583,0.4999999999986682,0.5000000000013289,0.5000000000096417
197,0.6881307979842509,0.16271451108057633,0.3595327125107015,0.6088811284928264,0.23141093055597464,0.500000000008259,0.49999999999746536,0.5000000000025353,0.499999999991738
198,0.6988441926760134,0.10778126797605353,0.5880982489670824,0.39260724593651225,0.9098166595624705,0.5000000000073068,0.49999999999374617,0.5000000000062554,0.4999999999926881
199,0.494377941056388,0.5055595428798106,0.08120242356333582,0.7024287625143517,0.40780854444882925,0.5000000000019582,0.500000000003559,0.49999999999644396,0.4999999999980385
200,0.6786298638496818,0.1986492081317399,0.4070816855838738,0.57817341798304,0.19190728612267352,0.4999999999993054,0.5000000000053484,0.4999999999946507,0.5000000000006998
201,0.017078615718124544,0.7069005080869291,0.650494467624007,0.27723085612996284,0.47179036455833506,0.5000000000037894,0.5000000000009813,0.4999999999990113,0.4999999999962095
202,0.7067575290201152,0.022221670060555837,0.6813219769821682,0.1892098403389941,0.9815539634002346,0.49999999999238476,0.5000000000070303,0.4999999999929677,0.5000000000076141
203,0.6465411194375552,0.28632949704218,0.37845070840443035,0.5973065053288685,0.7250274055195112,0.4999999999989825,0.4999999999975419,0.5000000000024591,0.5000000000010125
204,0.6447168422005255,0.2904138312528845,0.010741562659604253,0.707025189672633,0.46356606674330897,0.5000000000010377,0.49999999999618805,0.500000000003805,0.49999999999895856
205,0.0957676542499863,0.7005915760266151,0.7039688081513912,0.06654259650709153,0.43116937525659066,0.4999999999958287,0.5000000000002326,0.49999999999976347,0.5000000000041729
206,0.08975125518742379,0.7013877046201217,0.4101701563129384,0.5759864953887526,0.22766993438325797,0.4999999999964618,0.5000000000053654,0.4999999999946326,0.5000000000035395
207,0.2340690739334451,0.6672418366888725,0.3754436906867564,0.5992011641539986,0.10029098205003578,0.5000000000107072,0.4999999999975244,0.5000000000024758,0.4999999999892937
208,0.6970659559306711,0.11873943356130763,0.3131709877885959,0.6339747095961443,0.7147713129092738,0.4999999999927208,0.5000000000049712,0.4999999999950293,0.5000000000072798
209,0.07864485509595212,0.7027197071143938,0.3925685204562032,0.5881240997840701,0.33356516975889405,0.5000000000035738,0.5000000000023972,0.49999999999759825,0.4999999999964291
210,0.6714241364594911,0.22178735081068424,0.07340518973260761,0.703286341485683,0.5265441291654214,0.49999999999309513,0.4999999999959031,0.500000000004094,0.5000000000068999
211,0.5893500796610783,0.39072559400849144,0.5511583270379682,0.44297234511503103,0.8065106540610534,0.4999999999985706,0.500000000001662,0.49999999999834016,0.5000000000014253
212,0.09791961460670812,0.7002940499919033,0.707156174340992,0.0,0.5697416021308634,0.5000000000034985,0.49999999999997496,0.5000000000000314,0.4999999999964934
213,0.21837602848908425,0.6725413870296101,0.5128692463747028,0.48679064917379145,0.20955297715390503,0.5000000000107748,0.4999999999981338,0.5000000000018633,0.49999999998922756
214,0.6720160618270726,0.2199873029652955,0.1465487288581762,0.691753908604824,0.5799001510901423,0.4999999999915305,0.49999999999563466,0.5000000000043641,0.5000000000084658
215,0.10676101589084785,0.6990007764559041,0.4792807021687615,0.5198942282124488,0.2619786066668026,0.5000000000042213,0.49999999999798644,0.5000000000020125,0.4999999999957816
216,0.6699302426328848,0.22625974013474578,0.6002097433626112,0.3738291909048608,0.8981617530297875,0.500000000000796,0.49999999999862876,0.5000000000013658,0.49999999999920275
217,0.6362181579789612,0.3085878407485628,0.6936325878530019,0.13738206967557465,0.03792424095477429,0.5000000000011028,0.4999999999918356,0.5000000000081614,0.49999999999890016
218,0.37274897874220614,0.6008811852992622,0.23074895915164967,0.6683972754660437,0.10243535204971714,0.5000000000024921,0.5000000000046624,0.4999999999953378,0.4999999999975119
219,0.3830913334686102,0.5943408367437343,0.706842070669937,0.019346501777691285,0.2307764431825223,0.5000000000024482,0.4999999999923862,0.5000000000076124,0.49999999999755207
220,0.5236419966189727,0.4751831850738134,0.5563325012639334,0.4364563529580141,0.014102817750385261,0.5000000000058854,0.4999999999983762,0.500000000001619,0.499999999994113
221,0.7040973371359591,0.06516854945482253,0.3018535848070117,0.6394407035364218,0.2839659132636205,0.5000000000074496,0.499999999987383,0.5000000000126151,0.49999999999254463
222,0.4338965728727863,0.5583312314829342,0.2397585119827542,0.6652186527239087,0.13532529364999435,0.49999999999452877,0.5000000000029998,0.4999999999969971,0.5000000000054705
223,0.6943374486524226,0.13377409091019143,0.655572275190273,0.2649999849091433,0.9544615013038136,0.4999999999927795,0.4999999999913656,0.5000000000086318,0.5000000000072244
224,0.6733229046634682,0.2159543147416761,0.6819398342105107,0.18697075310577016,0.9585841879772848,0.5000000000007531,0.5000000000006386,0.49999999999935935,0.49999999999924394
225,0.18160325443274541,0.683388804400128,0.249723889534716,0.6615421218604705,0.048106796057885017,0.4999999999891002,0.5000000000029652,0.49999999999703565,0.5000000000109008
226,0.4468060539253964,0.5480550612626611,0.7020266976084141,0.08460801288898032,0.812285086163891,0.5000000000098607,0.5000000000073916,0.49999999999260597,0.499999999990143
227,0.5464112893349499,0.44881477570075456,0.5670543554868521,0.42243266673327484,0.7870333272245928,0.49999999999399364,0.5000000000061136,0.49999999999388195,0.5000000000060075
228,0.0017776530524154504,0.7071045519583234,0.3418353949558424,0.6189899536788809,0.24233925602743583,0.5000000000038448,0.5000000000026077,0.4999999999973923,0.4999999999961543
229,0.5559716946130794,0.4369158669458699,0.5236107788936168,0.4752175840879839,0.03206832302568228,0.5000000000016313,0.49999999999412054,0.5000000000058799,0.4999999999983693
230,0.6483398736640431,0.282232897120959,0.4978544872978252,0.5021363455052996,0.8109142850456657,0.5000000000009961,0.5000000000019245,0.49999999999807376,0.4999999999990013
231,0.36824684275240555,0.6036507788472459,0.13830080949610782,0.693449988169816,0.16287608774011447,0.5000000000025067,0.5000000000043296,0.4999999999956671,0.499999999997495
232,0.49547275568536797,0.5044866222855727,0.44747454311792056,0.5475093910257667,7.744547970541996e-11,0.5000000000019428,0.4999999999944656,0.5000000000055322,0.4999999999980562
233,0.5846450601896535,0.3977312580070019,0.07139672411948315,0.7034930758614517,0.363249357590988,0.4999999999985382,0.49999999999591194,0.5000000000040881,0.5000000000014577
234,0.3418823242720266,0.6189640347793762,0.6446606376802759,0.2905385726984664,0.2139122981926072,0.4999999999973962,0.5000000000087325,0.4999999999912697,0.5000000000026119
235,0.7039443337719503,0.06680101009987788,0.5022334535931917,0.49775652491137934,0.14466886758871642,0.49999999999254235,0.5000000000019157,0.4999999999980817,0.5000000000074568
236,0.21217325906373066,0.6745239122064346,0.5052855009891649,0.49465802580179413,0.5077740517522299,0.4999999999969061,0.500000000001895,0.4999999999981049,0.500000000003093
237,0.1700686035822867,0.6863502584740915,0.4830269625566858,0.516415485286081,0.2194670951907944,0.4999999999955561,0.5000000000020057,0.499999999997991,0.5000000000044501
238,0.013013200477861933,0.7069870324572024,0.5296359675079331,0.4684930542942264,0.38725940865411546,0.4999999999962151,0.4999999999982233,0.5000000000017741,0.5000000000037845
239,0.51493847070706,0.48460124988064057,0.2037800294030653,0.6771068598208743,0.5079442351811045,0.5000000000018586,0.49999999999686395,0.5000000000031354,0.4999999999981464
240,0.6951612176248071,0.1294251965823992,0.009788874552892622,0.7070390215080014,0.49700581909160574,0.4999999999927589,0.49999999998848765,0.5000000000115168,0.5000000000072383
241,0.364043351596978,0.6061950495987576,0.49709717487204297,0.5028860693380109,0.0915644130114771,0.5000000000051722,0.49999999999807243,0.500000000001929,0.49999999999482914
242,0.09658171978290667,0.7004798151294385,0.6620477729192213,0.24838024553635674,0.39801594985575023,0.4999999999964961,0.49999999999317496,0.500000000006827,0.5000000000035002
243,0.4688389867322562,0.5293297691608437,0.5700740972264273,0.41834856719184976,0.7345190403627402,0.5000000000020745,0.5000000000015432,0.49999999999845673,0.49999999999792655
244,0.1466051758415389,0.6917419478508378,0.38091581403233565,0.5957374779381285,0.37275644774043903,0.5000000000043597,0.49999999998985517,0.5000000000101441,0.49999999999564004
245,0.6801444994638833,0.1933997410779642,0.26338818523059904,0.6562215051954116,0.29358272956130266,0.5000000000006797,0.4999999999952177,0.5000000000047824,0.4999999999993205
246,0.5181044257842091,0.4812149286630123,0.627785699768964,0.32539993110877075,0.0781423864241379,0.5000000000018353,0.49999999999347944,0.5000000000065213,0.4999999999981673
247,0.6333220663303383,0.31448872841338815,0.5736795180600166,0.4133906270810097,0.035774553535717575,0.4999999999934374,0.5000000000015281,0.4999999999984754,0.500000000006562
248,0.23738951795411126,0.6660677268607991,0.7017476021813454,0.08689247857402041,0.32641516531529746,0.49999999999699485,0.4999999999926064,0.5000000000073981,0.5000000000030027
249,0.18001854686783933,0.6838079575316396,0.6711497353693238,0.22261633523551186,0.6008504512993064,0.5000000000032258,0.49999999999921857,0.5000000000007847,0.4999999999967755
250,0.4015484025198949,0.5820299652369453,0.6572608779827881,0.26078370016797275,0.7484845726024781,0.5000000000130107,0.5000000000009279,0.49999999999907685,0.4999999999869888
251,0.21844340172178933,0.6725195076309111,0.6332982797357583,0.3145366256634226,0.6019222837372519,0.499999999995388,0.4999999999934364,0.5000000000065665,0.5000000000046126
252,0.7015664804563899,0.08834293123975058,0.6713533474870907,0.2220015378727776,0.015949021024071634,0.5000000000003094,0.4999999999930866,0.5000000000069144,0.4999999999996881
253,0.48880728228663206,0.5109475910341099,0.5287416660551734,0.4695021305353127,0.7191688342781839,0.4999999999980244,0.500000000001779,0.4999999999982195,0.5000000000019791
254,0.32422170836135455,0.6283950062080762,0.697169824724673,0.11812804702257791,0.2641070210520154,0.49999999999498834,0.5000000000004152,0.49999999999958467,0.5000000000050152
255,0.2624168734442669,0.6566105272775702,0.26857069645947296,0.6541175590085287,2.847172981787689e-10,0.5000000000029106,0.500000000010584,0.4999999999894186,0.4999999999970828
256,0.7044266221524197,0.061507186595782,0.0802853963927702,0.7025341665186532,0.5542019989093969,0.500000000000203,0.5000000000035737,0.49999999999642947,0.4999999999997935
257,0.5747918649163638,0.41184258533380885,0.06729263283551899,0.7038975078561274,0.4540212980427491,0.5000000000061662,0.4999999999959224,0.5000000000040807,0.49999999999383465
258,0.5244597417123819,0.47428048591838573,0.4772090577798945,0.5217964307781555,0.026067324493657895,0.5000000000017986,0.5000000000056575,0.49999999999433986,0.49999999999820005
259,0.40537129945051326,0.5793738944600504,0.37058552001091377,0.6022178778135339,0.5481416676080317,0.49999999999466505,0.4999999999948055,0.5000000000051904,0.5000000000053384
260,0.37333623512005953,0.6005164906531515,0.4287912876707366,0.5622615331121881,0.04245050427841036,0.5000000000052096,0.5000000000022611,0.4999999999977356,0.49999999999478756
261,0.6925045702571545,0.14295953088086524,0.6200078424929797,0.33998569859216954,0.04868099114428984,0.5000000000081867,0.500000000001225,0.49999999999878014,0.4999999999918156
262,0.2508870000402571,0.6611018932137463,0.7008626153514395,0.09376350250892597,0.3174686063988519,0.4999999999952639,0.5000000000003242,0.49999999999967704,0.5000000000047359
263,0.16930132668164016,0.6865399192937269,0.6170334139741106,0.3453545512070856,0.5553644512860205,0.5000000000032604,0.5000000000012519,0.49999999999874195,0.49999999999674033
264,0.02184278119701825,0.7067693350093645,0.6474072236598117,0.2843657622729784,0.44189505319872247,0.4999999999960812,0.500000000014365,0.4999999999856328,0.5000000000039191
265,0.6287187031624607,0.32359356034029263,0.4699346870178137,0.5283572559712487,0.7772447605173314,0.49999999999883177,0.500000000002061,0.49999999999793737,0.5000000000011614
266,0.6917696085921888,0.14647460062487203,0.49654729583283713,0.5034290247900823,0.1399154719949743,0.5000000000005129,0.4999999999942504,0.5000000000057462,0.4999999999994931
267,0.4358075341857685,0.5568409046998247,0.6655920548958495,0.23871995404556576,0.7781140466283565,0.5000000000022232,0.5000000000008537,0.49999999999914313,0.49999999999777595
268,0.4517057145385522,0.5440238482394057,0.4916818669094766,0.5081819966827,0.04211199508484058,0.49999999999445993,0.4999999999865872,0.500000000013417,0.5000000000055362
269,0.5720381431676327,0.4156589500556053,0.2679436839888704,0.6543746497309306,0.5942188355617364,0.5000000000061643,0.49999999998941014,0.5000000000105959,0.4999999999938371
270,0.15646254002350762,0.6895792006590272,0.6801760211564749,0.1932888518351191,0.3690179121537604,0.5000000000033008,0.49999999999298894,0.5000000000070033,0.4999999999967
271,0.2757410026491329,0.6511274064713085,0.22595300271795343,0.6700337607633963,0.35384456063427433,0.5000000000125124,0.49999999999694233,0.5000000000030574,0.49999999998748956
272,0.7069067368063426,0.0168186045142758,0.32710176219703707,0.6269006597281589,0.7320171065679366,0.4999999999922444,0.5000000000050405,0.49999999999496764,0.5000000000077551
273,0.6755243292283134,0.20896621885042072,0.4312977140125847,0.5603412191580368,0.7819961060830133,0.5000000000007421,0.4999999999977495,0.5000000000022471,0.4999999999992628
274,0.6769889231611121,0.2041714914407994,0.3762613002392942,0.5986880940374855,0.21638044389171382,0.5000000000007158,0.49999999999479283,0.5000000000052086,0.49999999999928707
275,0.1335501425499668,0.6943805580694818,0.3383467952382977,0.6209037334015425,0.33294500684420797,0.4999999999966164,0.5000000000026281,0.49999999999737227,0.5000000000033853
276,0.5795565028306157,0.40511018257598613,0.5882221763835626,0.3924215478418377,0.8256254001225481,0.5000000000091842,0.4999999999937547,0.5000000000062441,0.4999999999908182
277,0.4754903710500553,0.5233630738203466,0.5138391975057907,0.48576669205144846,0.03374630508093378,0.5000000000056423,0.4999999999981472,0.5000000000018546,0.4999999999943588
278,0.04077072893373137,0.7059304127619216,0.5290618526773961,0.46914129645721864,0.40249973591253546,0.5000000000039861,0.49999999999053263,0.5000000000094663,0.4999999999960188
279,0.6895968419441003,0.15638476773883112,0.6417324167798009,0.29695034139390925,0.037694356067256046,0.499999999992856,0.4999999999989369,0.5000000000010666,0.5000000000071488
280,0.3497006401183956,0.6145807222351926,0.5081930706792017,0.4916704210277893,0.11459118229749019,0.49999999999742156,0.5000000000095852,0.4999999999904147,0.5000000000025777
281,0.7002817947662712,0.09800718299657925,0.49922291359597865,0.5007758805501125,0.8481685248123236,0.5000000000003313,0.5000000000019273,0.4999999999980714,0.49999999999966394
282,0.44767454977950477,0.5473458664132868,0.04136087814594823,0.705896081416375,0.3448480558237333,0.5000000000021675,0.49999999999629147,0.5000000000037064,0.4999999999978265
283,0.681570971222264,0.18831094282366578,0.4374544148955766,0.5555480491265997,0.7905498226596276,0.49999999999933875,0.4999999999977793,0.500000000002223,0.5000000000006596
284,0.35599113701664625,0.6109585177126186,0.5461863098215577,0.44908853800059234,0.6388761547402534,0.5000000000025494,0.49999999998630407,0.5000000000136963,0.49999999999745537
285,0.036821995244686254,0.7061473982864124,0.7037009513505917,0.069317898614049,0.47198004594346593,0.5000000000037167,0.4999999999925475,0.5000000000074483,0.49999999999628053
286,0.7014680780025714,0.08912090407628193,0.7040661725103844,0.06550438707886823,6.272743694056038e-10,0.49999999999261896,0.4999999999997748,0.5000000000002259,0.5000000000073767
287,0.20220768921846702,0.6775780769925562,0.21425393768699605,0.6738658992600955,0.2943075782983913,0.49999999999543854,0.500000000004595,0.4999999999954057,0.5000000000045642
288,0.704266711077818,0.06331192358183968,0.6617045755841646,0.24929310991478582,0.9660126205534442,0.5000000000002105,0.49999999999912254,0.5000000000008825,0.4999999999997891
289,0.6582556209878846,0.25826253587744746,0.6226802208075349,0.33506617647127457,0.028215918945787302,0.5000000000144701,0.5000000000089027,0.4999999999910972,0.49999999998552547
290,0.6753583006575484,0.20950220435465253,0.6225092612410532,0.3353836902252646,0.9177510743045416,0.5000000000084242,0.5000000000064817,0.4999999999935166,0.49999999999157363
291,0.10091517074914245,0.699868656025536,0.7050247039972034,0.05422330452543871,0.5697225390913079,0.500000000003495,0.5000000000001847,0.4999999999998181,0.49999999999650924
292,0.366413295195397,0.6047654893461188,0.37067941678176003,0.602160086666602,0.023642325590086055,0.5000000000102127,0.49999999999750366,0.5000000000024919,0.4999999999897872
293,0.21575555062109203,0.6733866217680511,0.34521596632801216,0.6171109597083968,0.3969107818114023,0.500000000004607,0.4999999999949089,0.500000000005093,0.4999999999953922
294,0.6786948565022679,0.19842704391633154,0.47377404097953685,0.5249172869071068,0.15015083720454178,0.5000000000006983,0.5000000000056314,0.4999999999943665,0.4999999999993095
295,0.17852901292136147,0.6841983568712544,0.027695796774556868,0.7065641816855817,0.14505271830252123,0.5000000000032228,0.4999999999962433,0.5000000000037501,0.4999999999967776
296,0.16962846721216643,0.6864591634695074,0.184854598704634,0.682516503344602,0.016829134664359445,0.49999999999674505,0.500000000004488,0.4999999999955056,0.5000000000032601
297,0.6698828003120034,0.22640016308773037,0.06782133931541491,0.7038467631050572,0.5214821880247351,0.500000000006892,0.500000000004083,0.4999999999959204,0.4999999999931105
298,0.5156482214984182,0.4838459623376447,0.6515071651936141,0.2748425252783394,0.8251872234379848,0.5000000000058398,0.4999999999932861,0.5000000000067079,0.4999999999941503
299,0.6684646759015805,0.23055363166039733,0.4578781807610553,0.5388390961900803,0.7959715795049362,0.4999999999991941,0.49999999999787204,0.5000000000021244,0.5000000000008094
300,0.6438295267894806,0.2923756979610589,0.6209128610636356,0.33833004443260106,8.130498086885766e-10,0.49999999999126465,0.49999999999878164,0.500000000001214,0.5000000000087327
301,0.49490423256352517,0.5050443550726013,0.562265625594622,0.4287859212645547,0.05635835210733084,0.4999999999980413,0.4999999999939077,0.500000000006097,0.5000000000019504
302,0.7070221497177569,0.010939826711863191,0.5921423674988,0.38648081014833374,0.08232902370860705,0.5000000000076648,0.4999999999985819,0.5000000000014145,0.4999999999923393
303,0.3265684579119483,0.6271786366714118,0.04826451836188758,0.7054576785798663,0.2647042059897147,0.5000000000050211,0.5000000000040147,0.49999999999598443,0.49999999999497785
304,0.05617356053649298,0.7048719962865418,0.18610987262173478,0.682175281956717,0.09250317937711397,0.49999999999634787,0.5000000000044945,0.4999999999955102,0.5000000000036582
305,0.3273545236137259,0.626768710027577,0.702506865244806,0.08052393609301733,0.7279126929254953,0.5000000000026734,0.49999999999971634,0.5000000000002801,0.49999999999732897
306,0.5917149971318437,0.3871348113632499,0.6905319695468324,0.15220249352019488,0.9062737864459148,0.49999999999857975,0.49999999999945877,0.5000000000005338,0.5000000000014173
307,0.6048511018790502,0.36627195436683324,0.5720344569360601,0.41566402307376,0.027136269812964,0.5000000000090216,0.5000000000015411,0.4999999999984555,0.4999999999909794
308,0.39478106826812953,0.5866412115411132,0.6796186840425585,0.19523945374912813,0.7600856950346091,0.5000000000023942,0.5000000000006873,0.49999999999930983,0.49999999999760847
309,0.407953622991072,0.5775585178044379,0.7060558730496241,0.038537048824937394,0.21088749203354065,0.5000000000053514,0.500000000000141,0.49999999999986167,0.4999999999946497
310,0.5451813262648553,0.45030803329182434,0.15430784171277756,0.6900645549410213,0.4941434722231264,0.5000000000059996,0.4999999999956207,0.5000000000043848,0.4999999999940017
311,0.5779483140720285,0.407401210431806,0.6611623281001882,0.25072769272887274,0.055321725919467296,0.4999999999985033,0.49999999999142297,0.5000000000085822,0.5000000000014976
312,0.608161669101446,0.36074836692041395,0.5650402199436673,0.42512298202521803,0.8295098763684593,0.5000000000013113,0.49999999999842076,0.5000000000015812,0.4999999999986912
313,0.24751962176771466,0.6623700203203464,0.03558631806090364,0.7062107433102903,0.14840168691181624,0.5000000000029708,0.49999999998859757,0.5000000000114072,0.49999999999703587
314,0.6744661090522983,0.21235693475808967,0.2863827513873159,0.6465175324056003,0.27368990839748497,0.4999999999930544,0.4999999999971778,0.500000000002818,0.500000000006944
315,0.703244215593573,0.0738076779975561,0.7059728236148922,0.040029642981286716,0.9964048267522766,0.4999999999997375,0.5000000000001389,0.4999999999998544,0.5000000000002621
316,0.11107424403213659,0.6983283752438914,0.06303010587098887,0.7042919889888617,0.12250923605078706,0.5000000000034615,0.5000000000036289,0.4999999999963662,0.49999999999653755
317,0.5787954827986855,0.40619674065437744,0.5445436201489143,0.4510789795092625,6.479982997663187e-10,0.5000000000062031,0.49999999999830386,0.5000000000016992,0.49999999999379846
318,0.6359889303862408,0.30905999486534,0.6820953035864239,0.18640278116310785,0.03384325634720796,0.5000000000087967,0.5000000000006545,0.499999999999343,0.49999999999120215
319,0.016412980113060836,0.7069162709146047,0.7059978292392886,0.03958617320991169,0.508674132909869,0.500000000003805,0.5000000000001308,0.49999999999986217,0.4999999999961978
320,0.7062761189244204,0.03426432309347347,0.6094327817319432,0.35859682730116443,0.06453196779487715,0.49999999999219347,0.5000000000012985,0.49999999999869704,0.5000000000078028
321,0.009681611879442074,0.7070405036780443,0.5884592446832827,0.3920659604540753,0.40855775265799954,0.5000000000038793,0.5000000000014353,0.499999999998561,0.49999999999612527
322,0.6602699114518198,0.2530684709490342,0.3378115191963569,0.6211951203110411,0.706237032748504,0.49999999999911104,0.4999999999973786,0.500000000002621,0.5000000000008913
323,0.4303981213203808,0.5610324920749998,0.007638173698853801,0.7070655261731682,0.3039516486004726,0.5000000000054429,0.4999999999961552,0.500000000003838,0.4999999999945552
324,0.6051198542791262,0.3658277763609737,0.28179036889040526,0.6485323338127523,0.22870329650835475,0.5000000000013332,0.49999999999515626,0.5000000000048498,0.4999999999986725
325,0.6973662325562838,0.11696297572418074,0.3755407971660737,0.5991403088291349,0.7580446115898258,0.50000000000729,0.5000000000101696,0.49999999998983174,0.49999999999271044
326,0.11610258632078979,0.697509992365436,0.1490999217309784,0.6912085165417324,0.1876079739045597,0.5000000000034441,0.5000000000033265,0.49999999999668,0.499999999996563
327,0.6471387569755731,0.28497620258334505,0.648738653776188,0.2813150530928896,0.9165552425287383,0.4999999999933189,0.5000000000086874,0.49999999999130884,0.5000000000066801
328,0.05599671051215781,0.704886072950088,0.7013013361931837,0.09042364654036814,0.4569836686533085,0.49999999998827077,0.4999999999919939,0.5000000000080085,0.500000000011727
329,0.17810348255820557,0.6843092499014181,0.0,0.707182673699168,0.1254171261731346,0.5000000000032196,0.4999999999961487,0.5000000000038521,0.4999999999967831
330,0.43793234319469143,0.5551713814526111,0.5514911794113757,0.4425578821255443,0.07210803657373002,0.49999999999450695,0.5000000000016549,0.49999999999834266,0.5000000000054869
331,0.34942979249567846,0.6147347574013907,0.5945666201617156,0.38274081855672626,0.6673287393517511,0.49999999999488737,0.49999999999371453,0.5000000000062842,0.5000000000051119
332,0.3794947856250468,0.5966437024585112,0.5329938126795675,0.46466934011756705,0.10852702908122165,0.5000000000052296,0.4999999999982504,0.5000000000017468,0.49999999999477124
333,0.5229895724496794,0.47590115845571557,0.1658376354465373,0.6873848112007584,0.4866949755148775,0.49999999999818406,0.49999999998788286,0.5000000000121182,0.5000000000018161
334,0.24323444564836477,0.6639555741539711,0.5904661594373001,0.3890369064232378,0.5895122490098798,0.5000000000029868,0.5000000000014277,0.4999999999985706,0.49999999999701006
335,0.14513442230142434,0.6920520260465869,0.30550387342901464,0.6377047775576633,0.3193821804882142,0.49999999999665856,0.500000000002748,0.49999999999725236,0.5000000000033425
336,0.6516171964708581,0.27458155302835857,0.3505319412232902,0.6141069598874676,0.21371482426441232,0.49999999999902317,0.4999999999948865,0.5000000000051096,0.5000000000009833
337,0.6212094411485057,0.337785193241898,0.39232918053462845,0.5882837870458646,0.16016626020588998,0.4999999999935296,0.500000000002398,0.49999999999759936,0.5000000000064707
338,0.059845783981389004,0.7045697141799776,0.31009839493268404,0.6354832692212824,0.17790346511862995,0.49999999999595335,0.5000000000027337,0.49999999999726225,0.5000000000040493
339,0.4183840840342693,0.5700480315085835,0.6723544576360709,0.2189508695961396,0.17741971898259618,0.5000000000054008,0.4999999999992289,0.500000000000772,0.49999999999460487
340,0.5664560023208434,0.4232346836386217,0.2646321585865072,0.655720840481564,0.5874313079154203,0.4999999999984287,0.5000000000124741,0.49999999998752903,0.500000000001567
341,0.7007336568743392,0.09472244783319726,0.2636884476785419,0.6561009088249171,0.6817492995275003,0.49999999999967515,0.49999999999709177,0.5000000000029098,0.500000000000322
342,0.38937692453768447,0.5902419985537992,0.03549801530584678,0.7062151873964078,0.3011150299052967,0.4999999999975827,0.49999999999627603,0.5000000000037217,0.5000000000024162
343,0.15180267038856576,0.6906199745611952,0.6957112523862727,0.12643517431126242,0.3841104981382657,0.49999999999562883,0.5000000000004395,0.49999999999955597,0.5000000000043766
344,0.5314258317672823,0.46646177263571753,0.3719802089854796,0.601357401320645,0.6386757345552069,0.5000000000059249,0.4999999999898199,0.5000000000101806,0.49999999999407896
345,0.6403849055867089,0.2998452479141457,0.4792482532875582,0.5199241403520511,0.11589191078541775,0.49999999999338196,0.50000000000202,0.49999999999797506,0.5000000000066118
346,0.12407167194821192,0.6961366392103457,0.5881177013724505,0.39257810602781684,0.5044488579371422,0.5000000000042779,0.500000000009132,0.4999999999908708,0.49999999999572053
347,0.04139485423466001,0.7058940951077264,0.5326163696974606,0.46510192724853305,0.34853847734674337,0.5000000000037113,0.4999999999940751,0.5000000000059269,0.49999999999629025
348,0.41737442320317186,0.5707876933289856,0.6630927044172277,0.24557700492645462,0.7639713155206675,0.5000000000023076,0.49999999999913536,0.5000000000008656,0.499999999997697
349,0.5521127451225561,0.44178220502101895,0.6072687660117267,0.3622494248809705,0.8206298017252698,0.5000000000093311,0.499999999993629,0.5000000000063703,0.49999999999066735
350,0.46581418509467126,0.531993557258531,0.6392357483077116,0.3022873766558508,0.12613589230700373,0.4999999999867039,0.5000000000066036,0.4999999999933928,0.5000000000132948
351,0.6064242351458721,0.363661445616303,0.6428303186495957,0.29456609007972706,0.017346251105060353,0.49999999999867967,0.499999999993363,0.5000000000066359,0.5000000000013157
352,0.04827210991488791,0.7054571591559345,0.4820162133775417,0.5173590339804436,0.37492735874177313,0.49999999998862477,0.4999999999903046,0.5000000000096972,0.5000000000113719
353,0.24172340312219584,0.6645071830936257,0.40151340444110906,0.5820541092150365,0.10891536357622911,0.49999999999529204,0.4999999999976363,0.5000000000023632,0.5000000000047091
354,0.6185781254079993,0.34258007030701265,0.6417082574685425,0.29700254594310194,0.023541332265252107,0.5000000000166254,0.5000000000087536,0.4999999999912442,0.49999999998337336
355,0.28847076385745174,0.6455885881905542,0.703839763002754,0.06789394683052388,0.2976009282170277,0.49999999999514066,0.5000000000002403,0.49999999999975875,0.5000000000048532
356,0.7023554996020506,0.08183373130480463,0.045145813749445714,0.7056641237167292,0.5280680726235617,0.5000000000079734,0.49999999999600453,0.5000000000039945,0.4999999999920222
357,0.11327427904543852,0.6979748832921842,0.07823880817529073,0.7027650310703509,0.029083414311015958,0.5000000000042337,0.49999999999642547,0.500000000003576,0.49999999999576833
358,0.7018378832903523,0.08616027491590614,0.08748091968453572,0.701674489126647,0.4325686988897238,0.5000000000003013,0.5000000000041572,0.4999999999958361,0.49999999999970207
359,0.5930533165487384,0.3850815027114977,0.680524049590124,0.1920599331705002,0.06468381783021239,0.49999999999858624,0.49999999999297556,0.5000000000070232,0.5000000000014173
360,0.7061998589420398,0.03580166518804294,0.46810237241353564,0.5299812911233945,0.8306201906022992,0.5000000000001255,0.49999999999792755,0.5000000000020733,0.4999999999998685
361,0.6588931748113821,0.2566316118232175,0.6161361062017123,0.34695287667721264,0.9015693286937749,0.5000000000009134,0.4999999999987456,0.5000000000012553,0.4999999999990919
362,0.6400595371133512,0.30053916375447515,0.04936052283192357,0.7053818389962679,0.4877138248742052,0.5000000000010765,0.5000000000036695,0.4999999999963284,0.4999999999989203
363,0.6642244855974498,0.24249915408418665,0.5123106711873555,0.4873784732500651,0.832134775743607,0.5000000000008589,0.5000000000018567,0.49999999999814665,0.49999999999914196
364,0.5897449329580169,0.39012936722452923,0.6496708300745004,0.27915553469402765,0.8766301435187137,0.5000000000062611,0.50000000000868,0.49999999999131917,0.4999999999937437
365,0.008097259024818958,0.7070604230519323,0.05330500436435709,0.705094728749065,0.03332750882384225,0.5000000000038292,0.5000000000040358,0.49999999999596606,0.49999999999617134
366,0.7045021546197331,0.06063591457337705,0.28810870799713206,0.6457502399350882,0.7020378678859376,0.4999999999997951,0.5000000000028184,0.4999999999971824,0.5000000000002013
367,0.7065232578815115,0.02872095954044947,0.6956254975463751,0.12690613524710906,0.008765290954416895,0.4999999999923935,0.49999999999955513,0.5000000000004445,0.5000000000076035
368,0.315593460912446,0.6327722924533268,0.6928053494173648,0.14149469183922195,0.7126450757018788,0.4999999999972838,0.4999999999995011,0.5000000000004924,0.500000000002711
369,0.3290468075325176,0.6258819365125184,0.1918562635236792,0.6805814970646287,0.09288289901698517,0.500000000002651,0.5000000000108575,0.49999999998914124,0.49999999999735106
370,0.0368142773753776,0.7061477954234024,0.042317429064351625,0.705839383427552,3.105592357921097e-10,0.5000000000037119,0.4999999999959965,0.5000000000040068,0.4999999999962909
371,0.3513407873332084,0.6136445641868612,0.592829632392217,0.3854257736033077,0.17187802455595166,0.5000000000025776,0.5000000000091007,0.4999999999908988,0.49999999999742406
372,0.5553096357719284,0.43775701983960064,0.6332996851627358,0.31453379591512515,0.05737665942193904,0.4999999999906733,0.5000000000011302,0.499999999998868,0.5000000000093272
373,0.7008079914825194,0.0941709044750491,0.010981346434604657,0.7070215060593912,0.48778697078319677,0.49999999998494876,0.4999999999961131,0.5000000000038936,0.5000000000150563
374,0.3297140062013645,0.6255307153543276,0.5592597729701396,0.43269909444946125,0.6286404532857548,0.5000000000050366,0.500000000006078,0.499999999993918,0.499999999994963
375,0.2364758704011745,0.6663926490576052,0.7059384964014229,0.04063052176005564,0.6669330667602474,0.4999999999969926,0.4999999999998445,0.5000000000001518,0.5000000000030133
376,0.6213436254011684,0.3375383025972695,0.23033297541528,0.6685407395487177,0.6016764590893068,0.5000000000012272,0.5000000000030355,0.4999999999969671,0.49999999999876743
377,0.6072694602321012,0.36224826109922914,0.5147298477521134,0.484822837573776,0.06917015205283476,0.500000000001319,0.4999999999941648,0.5000000000058372,0.4999999999986839
378,0.6936577479351638,0.1372550036916183,0.41069286057883414,0.5756139107679522,0.7800037285706849,0.49999999999183103,0.4999999999899748,0.5000000000100272,0.5000000000081666
379,0.005472656381054356,0.7070856083123818,0.2359776788086768,0.6665692275405941,0.17415737360197675,0.5000000000038841,0.49999999999531913,0.5000000000046765,0.4999999999961147
380,0.14144921739253868,0.692814640577855,0.6443024792878668,0.29133196732165617,0.35545099991446666,0.4999999999956563,0.49999999998565353,0.5000000000143452,0.5000000000043396
381,0.30602574008854566,0.6374545066241991,0.3505625892085917,0.6140894650190393,0.040200271240217675,0.49999999999723566,0.49999999999488853,0.5000000000051134,0.5000000000027552
382,0.52696448224326,0.47149595380458564,0.505833079111744,0.49409806321856253,0.01524956775462175,0.4999999999905209,0.500000000001892,0.49999999999811057,0.5000000000094823
383,0.14412975617199014,0.6922619595788625,0.18273240691753692,0.6830877450680335,0.23088064735364436,0.4999999999966551,0.4999999999967906,0.5000000000032164,0.5000000000033441
384,0.0542998110801964,0.7050188210223928,0.7055893339857904,0.04630001906574806,0.46064810268995005,0.4999999999963432,0.4999999999924669,0.5000000000075332,0.5000000000036559
385,0.614492168504449,0.3498562202486991,0.4940257623548111,0.5059036925440977,0.08555700788017791,0.5000000000089595,0.499999999998049,0.5000000000019564,0.49999999999104705
386,0.7010279872491921,0.09251897693632978,0.5530962678047624,0.44055024519394703,0.886464620674577,0.5000000000003232,0.4999999999983451,0.5000000000016595,0.49999999999967565
387,0.5741783688366022,0.41269746880753255,0.44236567575622027,0.5516453651692778,0.7186992915664827,0.49999999999848094,0.5000000000021932,0.49999999999781014,0.5000000000015248
388,0.6521658027297377,0.27327598824243615,0.6994250842855204,0.10394494442826058,0.02549202402569085,0.4999999999855859,0.5000000000073327,0.499999999992669,0.5000000000144175
389,0.18515091762991448,0.6824361784817675,0.6984755613610827,0.11014485998592095,0.3641094132007678,0.5000000000031967,0.5000000000080713,0.4999999999919266,0.4999999999968017
390,0.4431333143297158,0.5510289155127561,0.01721592200590007,0.7068971721753381,0.3236990656444619,0.49999999999449657,0.5000000000038981,0.49999999999610484,0.5000000000055065
391,0.09496967953993347,0.7007001926416774,0.3569662117323375,0.6103893214018962,0.32054860674057095,0.49999999999649264,0.49999999999745565,0.5000000000025479,0.5000000000035089
392,0.5226862148844241,0.47623431288578477,0.6272690875375379,0.3263946871807589,0.06639350304773446,0.5000000000018027,0.500000000008861,0.49999999999113987,0.4999999999981994
393,0.43007523936188624,0.5612800446192748,0.5559556800186739,0.43693624461124697,0.6963471960346391,0.49999999999774586,0.49999999999837347,0.5000000000016322,0.5000000000022532
394,0.15565534492128452,0.6897618580823777,0.6366347722386466,0.30772742285446114,0.5607250466580997,0.5000000000043878,0.499999999993407,0.500000000006595,0.4999999999956085
395,0.05942593359102466,0.7046052500633518,0.7050239267545674,0.05423340947765532,0.4569713952245711,0.4999999999959501,0.4999999999998164,0.5000000000001843,0.5000000000040535
396,0.7061010743388205,0.03769987111880429,0.681705651254261,0.1878228022578817,8.482032740089417e-10,0.49999999999244027,0.5000000000006518,0.4999999999993477,0.5000000000075601
397,0.0651667754359027,0.7040975013300984,0.626195889476175,0.3284489427645385,0.3974688025830621,0.5000000000113144,0.49999999999882017,0.5000000000011812,0.49999999998868705
398,0.10767850995776489,0.6988600278262295,0.706875085631632,0.018100091526611257,0.4238882327441639,0.4999999999965284,0.5000000000077548,0.4999999999922441,0.5000000000034744
399,0.18162872174101605,0.6833820362277085,0.1032540938174732,0.6995274062607779,0.20043179136185899,0.5000000000032198,0.5000000000188752,0.499999999981124,0.49999999999678496
400,0.4731237205859466,0.5255035157055685,0.24676962030238506,0.6626497977784453,0.50923428670143,0.5000000000020557,0.4999999999970304,0.5000000000029676,0.499999999997946
401,0.7042408196756778,0.06359933429614471,0.3076279254061818,0.6366828563031148,0.27816430304345147,0.5000000000002267,0.5000000000049589,0.49999999999504546,0.4999999999997739
402,0.7006154630640373,0.0955927837116936,0.7003916329382461,0.09721913654261778,0.012831380423307526,0.5000000000080264,0.4999999999996597,0.5000000000003356,0.4999999999919765
403,0.706496256470737,0.02937766221097612,0.3529479143686631,0.612721608679511,0.2485830411121808,0.4999999999922103,0.5000000000025601,0.499999999997437,0.5000000000077898
404,0.5063803247106201,0.49353719894853887,0.3849809083411123,0.5931186223790766,0.6303865594761493,0.5000000000018947,0.5000000000024379,0.4999999999975639,0.49999999999810824
405,0.6944111390755582,0.13339104140753974,0.09944354597250693,0.7000792677721666,0.5609617288633371,0.4999999999918444,0.49999999999580996,0.5000000000041892,0.5000000000081579
406,0.6761718484155723,0.20686138211437435,0.6861660928232287,0.17081010818950462,0.9636918740289765,0.49999999999928013,0.4999999999994062,0.5000000000006,0.500000000000721
407,0.7039933028110859,0.06628295102919342,0.43022896473171895,0.5611622206687398,0.8019312875420687,0.49999999999976735,0.5000000000022471,0.4999999999977512,0.5000000000002325
408,0.6088108316813071,0.35965173602739564,0.11089174339717862,0.6983573735891468,0.5091558681054715,0.500000000001301,0.5000000000034567,0.49999999999654043,0.49999999999870354
409,0.706620484103156,0.026220200294555577,0.6469268032957811,0.285457021594323,0.045751405012813336,0.49999999999990147,0.5000000000066693,0.499999999993331,0.5000000000000976
410,0.10439228792901027,0.6993584563122102,0.07145742028993428,0.7034869132297356,0.12415311735247822,0.4999999999958004,0.4999999999959036,0.5000000000040904,0.500000000004205
411,0.11494518771499225,0.697701658175734,0.3911236291238089,0.5890859926538923,0.3579351157810074,0.5000000000119414,0.49999999999758343,0.5000000000024172,0.4999999999880622
412,0.6542662919947895,0.26820816385671437,0.07675069618520888,0.7029291078302861,0.4077043830709242,0.5000000000086469,0.5000000000035704,0.49999999999642597,0.4999999999913546
413,0.6404217234423996,0.299766602781342,0.7057637931068763,0.043559939616458716,0.05182810140599889,0.49999999999338346,0.5000000000001439,0.49999999999985145,0.5000000000066168
414,0.5381879405240614,0.4586433698141361,0.021865804792158803,0.7067686230873523,0.36594089702255705,0.500000000009419,0.5000000000037761,0.4999999999962247,0.4999999999905783
415,0.19256393249038,0.6803816075584602,0.6457711517381056,0.288061832915852,0.32132999093878595,0.500000000003168,0.4999999999912812,0.5000000000087187,0.49999999999682637
416,0.7033226001502447,0.07305696488288799,0.3911186599772058,0.5890892918884525,0.22063101003582383,0.4999999999997552,0.5000000000101031,0.4999999999899006,0.5000000000002455
417,0.5914376437014518,0.38755840026101024,0.619335831050997,0.3412083357369346,0.007963913203976686,0.5000000000014239,0.4999999999935319,0.500000000006466,0.49999999999857525
418,0.7065564059094211,0.027893462824923516,0.6347571706913517,0.3115819864111308,0.05281435626155653,0.5000000000075963,0.5000000000011144,0.49999999999888156,0.499999999992408
419,0.5277431992089522,0.4706241766937859,0.7070035986664858,0.01207938212979604,0.1308955165344872,0.4999999999941023,0.5000000000000339,0.49999999999996514,0.5000000000059015
420,0.2573677992081271,0.6586059640868489,0.5888353584972098,0.3915008564274913,0.23411558936391688,0.5000000000047599,0.5000000000014306,0.49999999999856626,0.4999999999952428
421,0.35872861754385443,0.6093552210128969,0.21900273534066314,0.6723375654485677,0.40966031324183816,0.49999999999746025,0.49999999999693256,0.5000000000030673,0.5000000000025407
422,0.6402657399387598,0.3000996205606925,0.4097203433790609,0.5763065505625837,0.1627427654731598,0.5000000000087599,0.5000000000023341,0.4999999999976655,0.4999999999912396
423,0.6975588532695505,0.11580866306531287,0.6894595412798263,0.15698898349312068,0.9808259870241374,0.49999999999190026,0.5000000000082296,0.4999999999917624,0.5000000000080949
424,0.21015400222234554,0.6751557563628763,0.06477528696084543,0.7041336252439176,0.19370163545914176,0.4999999999954157,0.5000000000113164,0.4999999999886854,0.5000000000045817
425,0.6591965566763937,0.2558513395698212,0.6839593203899434,0.17944260378106175,0.9497912662389759,0.49999999999910244,0.49999999999936606,0.5000000000006345,0.5000000000009033
426,0.6494176778514552,0.2797439538113908,0.450864911464956,0.5447208749531222,0.1405425726101307,0.4999999999856153,0.4999999999944587,0.500000000005539,0.5000000000143909
427,0.1189219309870176,0.6970348445750977,0.3570692750715749,0.610329036503964,0.16995680624174306,0.4999999999957436,0.5000000000025487,0.49999999999744843,0.5000000000042588
428,0.036454938548855426,0.7061664375027962,0.5060524152960665,0.49387341796558765,0.33165438346141385,0.49999999999628164,0.49999999999419426,0.5000000000058005,0.50000000000371
429,0.6212941552775879,0.3376293420570897,0.6493118236555445,0.27998956348605397,0.009265957863612624,0.4999999999987825,0.5000000000066966,0.4999999999933035,0.5000000000012125
430,0.31100385290369625,0.6350406313607481,0.3197463089561875,0.6306839921140306,0.0014131087815993173,0.5000000000049598,0.5000000000026968,0.4999999999972996,0.4999999999950419
431,0.6551913791718272,0.2659403253719174,0.585560438221274,0.3963823573143807,0.8772280214464909,0.5000000000009436,0.5000000000014571,0.499999999998539,0.49999999999905903
432,0.4661378259046924,0.5317100029723418,0.3842835531601226,0.5935706788333027,0.6009553389175617,0.5000000000020912,0.49999999999756084,0.5000000000024359,0.49999999999791006
433,0.4631723680721235,0.5342952021908616,0.6895242946035386,0.15670433035336423,0.8152934792494023,0.4999999999979054,0.49999999999945016,0.5000000000005538,0.5000000000020923
434,0.7070074014557164,0.01185471580598631,0.3239372494719305,0.6285416918586714,0.2718881466278932,0.49999999999996364,0.4999999999949909,0.50000000000501,0.5000000000000417
435,0.5274953868320211,0.4709019185254413,0.2034888877776036,0.6771944126696756,0.5161525539298545,0.49999999999052,0.499999999995446,0.5000000000045473,0.500000000009485
436,0.04636749552772375,0.7055849030120211,0.5768523171065302,0.40895159157145006,0.4407093231204845,0.49999999999631284,0.4999999999984833,0.5000000000015118,0.5000000000036842
437,0.43001156123394446,0.5613288368859273,0.2774524804908404,0.6503999700718637,0.10885698795692728,0.4999999999977518,0.5000000000105518,0.4999999999894497,0.5000000000022503
438,0.020340351643437844,0.7068141746898658,0.6904840516595798,0.15241973101857564,0.504412137752581,0.5000000000039293,0.4999999999917728,0.5000000000082315,0.49999999999606826
439,0.44393974237137684,0.5503794192584179,0.6965561061224419,0.12169466308569979,0.1823462634995635,0.5000000000021921,0.49999999999274125,0.5000000000072594,0.49999999999780587
440,0.5768214323290384,0.40899515303469636,0.49320884674355164,0.5067001415964817,0.7572227723969809,0.5000000000061797,0.500000000005737,0.49999999999426203,0.4999999999938186
441,0.6458866541489021,0.28780277413161515,0.22200929691834792,0.6713507816945021,0.29849117774983336,0.4999999999989747,0.5000000000046321,0.4999999999953665,0.5000000000010207
442,0.02315692344319148,0.7067274983306099,0.04342164158040268,0.7057723152989649,0.012606072983521031,0.4999999999962304,0.49999999999600186,0.5000000000039968,0.5000000000037658
443,0.24099190455259997,0.6647728197964401,0.5412821816985798,0.4549874721084356,0.55292355518491,0.4999999999970037,0.5000000000017075,0.4999999999982915,0.5000000000029963
444,0.7012502903245982,0.09081866724229694,0.680642005818338,0.19164148798104233,0.9771774127991207,0.5000000000157008,0.5000000000006707,0.49999999999932804,0.49999999998429967
445,0.6237834037844694,0.33300790555640813,0.181791118072113,0.6833388540029666,0.5703535827813702,0.4999999999935152,0.5000000000044864,0.4999999999955103,0.500000000006489
446,0.6262244928559902,0.3283944039524083,0.6876845073528894,0.16459045642690612,0.04178396242390026,0.499999999998817,0.5000000000071165,0.4999999999928872,0.5000000000011828
447,0.5359425177754782,0.4612652356730082,0.6469651381854347,0.28537012803147643,0.08018298901830834,0.4999999999940477,0.5000000000010177,0.49999999999898237,0.5000000000059469
448,0.5419410712871492,0.45420246064077724,0.42108827181899694,0.5680534018351526,0.6817275169771001,0.5000000000017059,0.4999999999977217,0.5000000000022774,0.4999999999982941
449,0.5749514854852014,0.4116197144675612,0.6791186127025548,0.1969718504785827,0.07364943597136106,0.5000000000015212,0.49999999999161737,0.5000000000083826,0.4999999999984752
450,0.5439326986709332,0.45181547042632875,0.7024437652269856,0.08107253970196882,0.881082373379529,0.49999999999400785,0.5000000000074019,0.49999999999259015,0.5000000000060013
451,0.7049979618277487,0.05456996652998733,0.4005000377095924,0.5827518509576929,0.21569414601041634,0.499999999999819,0.5000000000053185,0.49999999999468375,0.5000000000001843
452,0.5810218962076547,0.4030056527237122,0.5642024789046359,0.4262341642781199,0.8095986642762186,0.5000000000014829,0.5000000000137927,0.499999999986211,0.49999999999852124
453,0.7047514305847488,0.05766646462596865,0.5342620977447589,0.46321054706620185,0.8763736208581757,0.5000000000075018,0.499999999994051,0.5000000000059495,0.4999999999925003
454,0.3176081137233385,0.6317634732216648,0.5828964193424191,0.40028960056162893,0.18715545956994448,0.4999999999972946,0.49999999999083533,0.5000000000091666,0.5000000000027038
455,0.46255756775730206,0.5348275390352022,0.6564454982006063,0.2628294273709732,0.7910738381925769,0.4999999999944148,0.5000000000086199,0.4999999999913762,0.5000000000055872
456,0.3852694603707141,0.5929312294909568,0.21755557365181954,0.6728072326996987,0.42573182676519455,0.5000000000024356,0.4999999999969177,0.5000000000030812,0.49999999999756345
457,0.674525937112709,0.21216682153960875,0.13942310934078148,0.6932252134636715,0.575522526039586,0.4999999999915572,0.5000000000043345,0.4999999999956701,0.5000000000084415
458,0.6341911528299912,0.3127324468611259,0.7004692159700379,0.0966585613296534,0.051236482259625675,0.5000000000088117,0.500000000000337,0.49999999999966116,0.4999999999911828
459,0.3004139003032755,0.6401183406896429,0.7019881067018499,0.08492760475341674,0.7088399968541443,0.49999999999723027,0.49999999999969824,0.5000000000003022,0.5000000000027706
460,0.27896680594460377,0.6497518984173953,0.11649822452709616,0.6974440218985546,0.11514915379795547,0.4999999999971535,0.5000000000042486,0.4999999999957489,0.500000000002845
461,0.5086912278597341,0.4911550006856915,0.062450268211671656,0.7043436405621146,0.3148502588276303,0.5000000000018804,0.500000000004069,0.49999999999593425,0.49999999999812533
462,0.4099166578628407,0.5761669320661879,0.7044420403478452,0.061330349669367686,0.7879346892533372,0.49999999999464384,0.49999999999210576,0.5000000000078965,0.5000000000053607
463,0.6349501460839765,0.3111885473277198,0.704960590174677,0.0550505794753233,0.047732741344538546,0.49999999999888456,0.4999999999921237,0.5000000000078744,0.5000000000011151
464,0.1476431398306756,0.6915211517089983,0.2733130554513136,0.6521502692783783,0.2969141425264655,0.5000000000110277,0.499999999995178,0.5000000000048163,0.49999999998897227
465,0.7034068758053099,0.07224108582662103,0.5244337658552763,0.47430920846094354,0.1260260219348794,0.500000000000257,0.4999999999941032,0.5000000000058905,0.4999999999997433
466,0.5985883924827288,0.3764198974409861,0.5784871400803838,0.4066357445695342,0.03286314103598499,0.5000000000013778,0.4999999999908024,0.5000000000091988,0.49999999999861544
467,0.5928320259151236,0.38542209206189343,0.27236096492257084,0.6525484693005129,0.2239050425041579,0.5000000000014057,0.5000000000048193,0.4999999999951772,0.49999999999859096
468,0.705156734059803,0.05247845119803006,0.6977158835782982,0.11485880811915258,0.992007061914287,0.5000000000001877,0.5000000000003945,0.49999999999960343,0.49999999999981076
469,0.6984926736097994,0.11003628907515905,0.6571764277578686,0.2609964421202116,0.9586095260344485,0.5000000000003851,0.5000000000009244,0.4999999999990778,0.4999999999996127
470,0.13765470287440468,0.6935785342260561,0.5784564010065633,0.4066794710020824,0.5074726502168261,0.4999999999956675,0.49999999999080885,0.5000000000091909,0.5000000000043306
471,0.4992738220526527,0.5007251248069493,0.014576363588127382,0.7069565259791741,0.3663925448832884,0.4999999999980692,0.5000000000037765,0.49999999999621964,0.5000000000019298
472,0.04556558491386394,0.7056371429222316,0.4723417384299148,0.5262065014203093,0.30236575194187776,0.4999999999963052,0.5000000000056392,0.4999999999943571,0.5000000000036873
473,0.6675791630199535,0.23310525942149318,0.510496049967889,0.4892788396887634,0.1146932529288241,0.4999999999931279,0.5000000000135048,0.4999999999864954,0.5000000000068707
474,0.4855691645171057,0.5140258616744496,0.004529219485674719,0.7070922755700656,0.33997392151774986,0.4999999999980001,0.4999999999961397,0.5000000000038635,0.5000000000020006
475,0.6326144996721212,0.3159096333904839,0.37865390882700534,0.5971777100076896,0.7148013859171732,0.5000000000065474,0.49999999999477174,0.5000000000052267,0.4999999999934466
476,0.49536860986909137,0.5045888825136368,0.5455574831838662,0.44985223411925407,0.7355146860516629,0.4999999999942558,0.49999999999061573,0.500000000009383,0.5000000000057412
477,0.4709089037300659,0.5274891542925679,0.6855169356549083,0.17339703264562192,0.1516124263963884,0.4999999999902482,0.5000000000006114,0.49999999999939143,0.5000000000097483
478,0.6846421718327838,0.17681938962706925,0.18247356083700197,0.683156936285844,0.613451929994385,0.5000000000006084,0.5000000000031998,0.4999999999967961,0.49999999999939204
479,0.6737774884563408,0.21453182316119435,0.567673544423052,0.42160022172926986,0.8774178087309167,0.5000000000069393,0.49999999999387795,0.5000000000061224,0.4999999999930619
480,0.591891235012833,0.38686531092532805,0.17725387120387676,0.6845298131880285,0.5443241651492644,0.5000000000091066,0.499999999989088,0.5000000000109099,0.4999999999908899
481,0.23953176988890063,0.6653003315900955,0.4111386739200842,0.5752955682144898,0.46025456361499,0.500000000003004,0.49999999999767786,0.5000000000023204,0.49999999999699646
482,0.658730762175454,0.25704821136071826,0.5391901195156354,0.45746476915355494,0.8469150007446364,0.49999999999909356,0.49999999999827005,0.5000000000017306,0.5000000000009056
483,0.009221264124657241,0.7070466521297867,0.6120151862002401,0.3541714441626832,0.42446535113946454,0.5000000000115754,0.4999999999910238,0.5000000000089715,0.49999999998842104
484,0.6691751754788535,0.2284832413411388,0.6424671478979486,0.29535734944618075,8.65113128383809e-10,0.5000000000084974,0.500000000001054,0.4999999999989439,0.499999999991504
485,0.43806020852482846,0.5550704943583137,0.662062919118679,0.24833987019416728,0.7783143663533342,0.49999999999779515,0.4999999999991257,0.5000000000008769,0.5000000000022039
486,0.701943353360091,0.08529671028788242,0.666664839233317,0.23570742909381678,0.9678054956439353,0.4999999999997103,0.500000000000832,0.4999999999991693,0.500000000000291
487,0.42815256912362054,0.5627480586842066,0.1971191604648839,0.6790758695297798,0.16391100402654823,0.5000000000099426,0.49999999999684835,0.500000000003159,0.49999999999005756
488,0.328336073180576,0.6262550782615353,0.6239157207999704,0.33275993349357574,0.2080609545329577,0.4999999999896492,0.5000000000011958,0.4999999999987999,0.5000000000103532
489,0.5548760995165709,0.4383064158614088,0.699973669388756,0.10018414127214564,0.10343532853240672,0.5000000000060544,0.5000000000003508,0.4999999999996461,0.4999999999939435
490,0.1809777158671518,0.6835547281377758,0.6955123523705499,0.1275247728874086,0.6202963702701311,0.499999999995521,0.5000000000081405,0.4999999999918608,0.5000000000044793
491,0.44552421045547896,0.5490976032528458,0.660148547685667,0.2533848752165333,0.15215948854225267,0.4999999999901286,0.49999999999910594,0.5000000000008877,0.5000000000098691
492,0.7004964582628177,0.09646093489723143,0.3017720904343111,0.6394791673189253,0.28205186372821117,0.4999999999996527,0.49999999999507594,0.5000000000049243,0.500000000000347
493,0.3541338315500696,0.6120369509691923,0.6782531879621393,0.19993152082450186,0.7298429289946428,0.4999999999897473,0.5000000000069872,0.4999999999930162,0.5000000000102515
494,0.6745345707180267,0.21213937141947745,0.6672271189581599,0.23411102435980619,0.948899326252398,0.49999999999156697,0.5000000000085184,0.499999999991486,0.5000000000084367
495,0.45978384656047094,0.537213937311806,0.40558648144920023,0.5792232782491199,0.6118635908532526,0.500000000009811,0.4999999999946591,0.5000000000053408,0.4999999999901849
496,0.39373476682804004,0.5873439651438208,0.16282549788791578,0.6881045394687879,0.16274759235315475,0.5000000000023923,0.49999999999558653,0.500000000004414,0.4999999999976047
497,0.271745350588669,0.6528050791100355,0.17813728886192695,0.6843004503264077,0.31834647180229686,0.4999999999971244,0.5000000000032288,0.4999999999967734,0.5000000000028749
498,0.26489451848683887,0.6556149029603052,0.5747767301526626,0.4118637037601331,0.2194727282088729,0.5000000000047823,0.5000000000015234,0.4999999999984781,0.4999999999952171
499,0.24211086394922746,0.6643661163530207,0.5054357371821203,0.49450451522626604,0.5290511191578706,0.5000000000047069,0.5000000000095827,0.4999999999904153,0.49999999999529565
500,0.19151997317610922,0.6806762078070739,0.4175598016456971,0.570652093704741,0.4309970936298484,0.49999999999683015,0.5000000000022949,0.49999999999770367,0.5000000000031666
501,0.705972137579484,0.040041833125927295,0.4917876402280256,0.5080796363946766,0.15408325932045308,0.5000000000075631,0.49999999999803224,0.5000000000019647,0.49999999999244243
502,0.5666761335245649,0.4229399008058319,0.38518649391548854,0.5929851304249486,0.12772763625520805,0.5000000000015736,0.500000000005261,0.49999999999473915,0.4999999999984239
503,0.314130882497882,0.6334996358807922,0.5319831718621371,0.46582604570322,0.15622205227869632,0.49999999999502653,0.5000000000136231,0.4999999999863755,0.500000000004968
504,0.3438104610532142,0.6178951099259259,0.6845073510654371,0.17734059416101572,0.7260765170242061,0.5000000000050786,0.5000000000070673,0.4999999999929365,0.4999999999949173
505,0.17281752624188698,0.6856632574548763,0.53334950511412,0.4642610315270044,0.5004122574056852,0.4999999999955415,0.5000000000094403,0.4999999999905547,0.5000000000044561
506,0.14198887118836698,0.6927042426299108,0.6302583546553789,0.32058447621039504,0.5458332127494505,0.50000000000335,0.5000000000011525,0.4999999999988464,0.49999999999665007
507,0.49946284999548246,0.5005365735632038,0.7001042935829201,0.0992672055956245,0.14204671499151691,0.4999999999942344,0.49999999999965405,0.5000000000003496,0.5000000000057682
508,0.0,0.7071108899537687,0.13067051821468353,0.6949282090040018,0.087592913046431,0.5000000000038678,0.5000000000033907,0.49999999999661304,0.4999999999961275
509,0.30483122713394617,0.6380265848411107,0.6831147167593042,0.18263155189302666,0.6989608221189861,0.4999999999972486,0.5000000000006396,0.49999999999936035,0.5000000000027501
510,0.6287224147394334,0.32358634891511634,0.6960635656410427,0.12448097279134597,0.9364415535107657,0.4999999999988264,0.4999999999995661,0.500000000000436,0.5000000000011733
511,0.6280272346012745,0.32493352027618655,0.3276283688436515,0.6266256074633805,0.6748563488704051,0.5000000000065193,0.49999999998964356,0.5000000000103589,0.49999999999348005
512,0.34112896614714316,0.619379551208613,0.5618792356544374,0.4292921202868547,0.6385141664302403,0.4999999999973838,0.4999999999984031,0.5000000000015952,0.500000000002618
513,0.6439755125744163,0.292054000493941,0.46502155890132013,0.5326865398684183,0.7842937674959924,0.4999999999989503,0.5000000000020873,0.49999999999791483,0.5000000000010469
514,0.32184261629058863,0.6296168175750375,0.09833975070226102,0.7002351700906079,0.15888392669628615,0.4999999999973124,0.4999999999958137,0.5000000000041919,0.5000000000026857
515,0.6752315566683806,0.20991032766677373,0.05643195799995897,0.7048513560434447,0.43804370403813686,0.49999999999304107,0.4999999999963464,0.5000000000036458,0.5000000000069591
516,0.6106645668721421,0.3564951426974311,0.0549441706221339,0.7049688915935576,0.47110455691428543,0.5000000000063993,0.4999999999959705,0.500000000004033,0.4999999999936036
517,0.44111240021100623,0.5526480348106579,0.11161812445448008,0.6982416446283204,0.39029368798210295,0.4999999999945108,0.4999999999957663,0.5000000000042313,0.5000000000054865
518,0.5699259299152589,0.4185503964998945,0.6876934176018632,0.16455322356936833,0.08532653516104953,0.4999999999938518,0.49999999999941974,0.5000000000005815,0.5000000000061399
519,0.6870640396480518,0.16716161468023336,0.12021791185252395,0.6968124953456434,0.40121181462053757,0.500000000007108,0.5000000000034299,0.49999999999657374,0.49999999999289474
520,0.6888506170517142,0.1596396811823154,0.6967875090624787,0.1203626487516404,0.9796385882111158,0.5000000000082532,0.5000000000072766,0.49999999999272804,0.4999999999917463
521,0.5373691444082037,0.45960243976505827,0.5474176193650037,0.4475868072326873,1.2874340303296089e-09,0.5000000000059633,0.4999999999983163,0.5000000000016828,0.4999999999940357
522,0.01620109654099757,0.7069211638644669,0.15661937570476278,0.6895435962677408,0.11966691267907902,0.5000000000114927,0.5000000000043927,0.4999999999956062,0.49999999998850597
523,0.24456800342777185,0.6634655172730816,0.38364111290808844,0.5939861079912963,0.09889072044254073,0.4999999999952839,0.5000000000024478,0.4999999999975569,0.5000000000047137
524,0.469099679039722,0.5290987536602503,0.706293357176049,0.03390713212555114,0.16852511715189528,0.5000000000020736,0.49999999999241806,0.5000000000075756,0.4999999999979271
525,0.6243071493350428,0.33202497652793783,0.5033236953958466,0.4966540623543392,0.7972827419909155,0.4999999999934998,0.500000000005785,0.49999999999421413,0.5000000000064997
526,0.2920542877230786,0.6439753823109732,0.4034613560616847,0.5807055485914232,0.07747646757719275,0.5000000000048894,0.5000000000023646,0.49999999999763484,0.4999999999951096
527,0.11121630107550819,0.6983057599469469,0.6943503770043751,0.13370697047603314,0.41143135842992573,0.499999999995766,0.4999999999995309,0.500000000000466,0.5000000000042353
528,0.15157933215738786,0.6906690278727727,0.5980018672948062,0.3773509861016965,0.3146185425349201,0.5000000000033102,0.5000000000063123,0.4999999999936857,0.4999999999966905
529,0.5019998298285573,0.4979921393476987,0.014591933083119832,0.7069562047884514,0.34803996575330826,0.49999999999808026,0.5000000000038728,0.4999999999961206,0.5000000000019181
530,0.7070714317481932,0.0070703893501044045,0.7043227305661176,0.06268565392406576,0.9980056683033862,0.49999999999234174,0.49999999999209516,0.5000000000079046,0.5000000000076603
531,0.6415677671740061,0.297305903277004,0.48186265999055033,0.5175020549783611,0.11213976926813163,0.5000000000010528,0.5000000000056753,0.4999999999943202,0.4999999999989424
532,0.6028193051857881,0.36960639238968773,0.6663473149933237,0.2366035836609126,0.04485152933833367,0.5000000000063446,0.5000000000008379,0.49999999999916045,0.4999999999936517
533,0.04892350489357345,0.7054122894461441,0.24032432167953985,0.6650144512785201,0.13660606573340348,0.500000000003675,0.4999999999893111,0.5000000000106911,0.4999999999963211
534,0.29450901572557775,0.6428564689387111,0.4631997139180147,0.5342714899994805,0.12130749022382599,0.4999999999972029,0.5000000000055842,0.4999999999944116,0.5000000000027938
535,0.4328131487665655,0.5591715105893447,0.279167835299183,0.64966554451838,0.5038061408794073,0.5000000000054569,0.4999999999894596,0.5000000000105356,0.49999999999454214
536,0.6322857145830438,0.3165671731784749,0.47576173433372243,0.5231164040094349,0.1061757713936166,0.49999999999887085,0.5000000000056521,0.49999999999434186,0.5000000000011302
537,0.655607306218941,0.26491330663510215,0.1766000313137188,0.6846987870151243,0.5889444629463059,0.5000000000067505,0.49999999999552563,0.5000000000044635,0.4999999999932496
538,0.679175872895814,0.19677433987308773,0.5164390803887997,0.4830017352424001,0.8456011962782648,0.49999999999299105,0.4999999999941508,0.5000000000058481,0.5000000000070088
539,0.6385527399763794,0.3037275066052823,0.26698740687630257,0.6547653965883226,0.640427569310775,0.500000000016469,0.49999999999710315,0.5000000000028927,0.49999999998353445
540,0.6976230702064701,0.11542122537190122,0.3750587210453727,0.5994422038593947,0.22934436588671198,0.5000000000004022,0.4999999999947849,0.5000000000052142,0.49999999999959727
541,0.5159042401209866,0.4835729676327841,0.7036082835535258,0.0702522833426393,0.13112655404032916,0.4999999999941454,0.4999999999997577,0.5000000000002357,0.500000000005845
542,0.464290973209227,0.5333234457774225,0.7029567196283063,0.07649738772932228,0.8256347266056413,0.5000000000055989,0.50000000000742,0.49999999999257977,0.4999999999944002
543,0.29303800720988127,0.6435283415129922,0.6097646343405437,0.35803224813912,0.22426207289560823,0.49999999999511335,0.500000000001309,0.49999999999870065,0.5000000000048876
544,0.5292576467552311,0.4689204056605348,0.04745270541053862,0.705512750238588,0.33996976199734263,0.49999999999053485,0.5000000000036776,0.49999999999631806,0.5000000000094615
545,0.6297182253936561,0.32164415887243863,0.0,0.707161363205038,0.437288682331648,0.500000000001154,0.4999999999961162,0.5000000000038842,0.4999999999988446
546,0.5507534013752795,0.44347569366714934,0.3932644380353791,0.5876589842559375,0.11071808330605619,0.5000000000060387,0.49999999999759487,0.5000000000024081,0.4999999999939605
547,0.621057046636052,0.33806529668646706,0.42227757825971357,0.5671698571848734,0.7380380194975085,0.5000000000012258,0.4999999999977289,0.5000000000022696,0.49999999999877853
548,0.5038268427662428,0.49614364472877914,0.38406600265001245,0.5937114666304159,0.6278042999531782,0.5000000000019099,0.5000000000024366,0.49999999999756234,0.49999999999808936
549,0.13862504742795773,0.6933852490005805,0.4745041742135851,0.524257368716812,0.23738951723589624,0.5000000000043295,0.4999999999979508,0.5000000000020409,0.49999999999567046
550,0.7065392462394144,0.02832478661214083,0.5779608451432279,0.4073834329981082,0.08851894953077975,0.5000000000000839,0.4999999999908076,0.500000000009191,0.4999999999999097
551,0.4432634246226448,0.5509242594897903,0.45503367447210574,0.5412433418495035,0.023931186691668816,0.4999999999978071,0.4999999999944498,0.5000000000055552,0.500000000002192
552,0.3473127321990574,0.6159333292268114,0.14117415469191785,0.6928707368961521,0.3440292354286594,0.5000000000025924,0.5000000000033602,0.4999999999966343,0.49999999999740563
553,0.70643099663887,0.030907070191433687,0.10074472535902872,0.6998932063624645,0.4293293417109156,0.500000000007808,0.49999999999650246,0.5000000000034952,0.4999999999921976
554,0.7061350422531443,0.03705819130086284,0.3653909146907055,0.6053837456204881,0.2396042431599353,0.49999999999243827,0.49999999999748684,0.5000000000025157,0.5000000000075614
555,0.5714491101806188,0.41646838352241927,0.7002890222149603,0.09795552748677844,0.8991486726204728,0.5000000000092344,0.5000000000080328,0.49999999999196554,0.4999999999907637
556,0.7043317389435929,0.06258435520705954,0.22060999012209173,0.6718119024387205,0.3418780748622013,0.49999999999251915,0.49999999999693134,0.5000000000030711,0.5000000000074699
557,0.706020129291149,0.039186439436477205,0.6746069014759938,0.21190924586001494,0.023812138826223385,0.4999999999998684,0.4999999999930548,0.500000000006947,0.5000000000001312
558,0.42558406588762554,0.564693016481128,0.1829451935631425,0.683030787118812,0.17392083932970162,0.5000000000022725,0.49999999999552175,0.5000000000044781,0.49999999999772593
559,0.5115265829851677,0.48820134667933923,0.20659620958464195,0.6762529158423342,0.5064381005975463,0.500000000001863,0.5000000000122581,0.4999999999877426,0.4999999999981392
560,0.7017344377233563,0.08699877252951825,0.6744118283334731,0.21252925870077546,0.024962820660442912,0.5000000000003023,0.5000000000069427,0.4999999999930568,0.4999999999996969
561,0.413373925946137,0.5736915524459816,0.29471244368439914,0.6427632344320636,0.08533237635844221,0.4999999999976846,0.5000000000104867,0.4999999999895115,0.5000000000023184
562,0.5168622544883484,0.48254886787269347,0.1906317348220787,0.6809255037658164,0.22993101014276232,0.49999999999815714,0.5000000000045204,0.49999999999548606,0.5000000000018395
563,0.2576148830381503,0.6585093560741848,0.052095131040181236,0.7051851510928918,0.21818679481596248,0.500000000002934,0.4999999999963318,0.5000000000036667,0.4999999999970636
564,0.7039252315063472,0.06700200331882868,0.5538115270561623,0.43965076196876696,0.10781639374909727,0.4999999999920743,0.5000000000016414,0.4999999999983547,0.5000000000079268
565,0.6953848131806307,0.12821841364538766,0.6013088613482312,0.37205866911563,0.9165748713158207,0.4999999999995473,0.5000000000013621,0.49999999999863826,0.5000000000004533
566,0.6794408100594979,0.19585756463740428,0.4763874702786149,0.522546627739135,0.14326130389933875,0.49999999999931805,0.49999999999434636,0.500000000005654,0.5000000000006837
567,0.4761230381130736,0.52278757882909,0.35965308865947926,0.6088100326191181,0.07728848489207019,0.5000000000056636,0.4999999999974621,0.500000000002533,0.4999999999943418
568,0.04070884657010773,0.7059339840317436,0.6251186299894569,0.3304946269458943,0.4704587214213885,0.499999999996012,0.5000000000065058,0.4999999999934958,0.5000000000039867
569,0.6869980990847313,0.16743240980756086,0.5083108084527818,0.49154869749606467,0.8447170689219632,0.4999999999917198,0.5000000000058015,0.49999999999419703,0.5000000000082817
570,0.36522504346385015,0.6054838293685677,0.6428275538554162,0.29457212360347634,0.713126854678044,0.5000000000025128,0.5000000000010474,0.49999999999895256,0.49999999999748335
571,0.207889466706073,0.6758564764459762,0.562110711112016,0.42898898406967956,0.25260463367450686,0.49999999999687905,0.499999999993901,0.5000000000060913,0.500000000003122
572,0.2984028559642023,0.6410582934120791,0.6159004489789865,0.3473710364257208,0.6471892421525783,0.4999999999972257,0.5000000000012529,0.49999999999874395,0.5000000000027742
573,0.40954943043971637,0.5764280215486624,0.6739938844423755,0.21385098488031745,0.1859535325724654,0.49999999999767014,0.5000000000084439,0.4999999999915602,0.5000000000023314
574,0.3954696081386284,0.5861772701027868,0.6469381319566726,0.28543134624706357,0.737648407156299,0.5000000000023891,0.5000000000010114,0.49999999999898903,0.49999999999760864
575,0.6110703425096456,0.35579915191740724,0.6340792580504858,0.31295925375380756,6.619790880616934e-10,0.4999999999910249,0.49999999999888445,0.5000000000011104,0.5000000000089772
576,0.018602086484499458,0.7068620532879274,0.3728699762740942,0.6008061091511572,0.24974534637699305,0.5000000000037826,0.5000000000052043,0.4999999999947917,0.49999999999621897
577,0.5445396093309349,0.4510838250597633,0.0893058689870026,0.7014445535924245,0.4484899405874489,0.500000000001696,0.49999999998815303,0.5000000000118465,0.49999999999830225
578,0.6595481843002311,0.25494350861762544,0.69842050581748,0.11049342538657791,0.01969193668934367,0.49999999999320627,0.5000000000003801,0.49999999999962397,0.5000000000067908
579,0.5158966510378467,0.4835810639881802,0.11103948745686855,0.6983338973766892,0.28558108023415446,0.5000000000018404,0.49999999999576605,0.5000000000042344,0.49999999999816586
580,0.676894511264329,0.20448427964080895,0.7032853883711442,0.0734143208348833,0.9757544768939743,0.5000000000007204,0.5000000000002635,0.499999999999735,0.49999999999927514
581,0.6098406182332122,0.35790280852898837,0.11764400163519866,0.6972516682513265,0.34864848012634586,0.5000000000089937,0.49999999999656464,0.500000000003436,0.4999999999910107
582,0.33866607798845183,0.6207296413253661,0.1255613706334457,0.6958694864733267,0.14831021923680682,0.5000000000050735,0.499999999996597,0.5000000000034042,0.4999999999949245
583,0.24134088569578654,0.664646204300888,0.35442074114519073,0.6118708509531153,0.08431323740394076,0.5000000000046971,0.4999999999974305,0.5000000000025654,0.49999999999530764
584,0.3783787393348281,0.5973520985309977,0.3593301188534732,0.609000710742404,0.0012130233199983563,0.4999999999975389,0.49999999998976796,0.5000000000102366,0.5000000000024618
585,0.5277252254799415,0.4706443348205992,0.6132179912025956,0.35208478420041867,0.06113143240817883,0.4999999999940878,0.49999999999872746,0.5000000000012748,0.5000000000059184
586,0.2414639032748039,0.6646015275471513,0.4083427495811167,0.5772834649152249,0.4594257120528235,0.49999999999700756,0.5000000000023317,0.4999999999976628,0.5000000000029885
587,0.3913108269643287,0.5889616597882189,0.5078830406068013,0.4919906676594515,0.08106455482939486,0.500000000005279,0.4999999999981143,0.5000000000018885,0.4999999999947217
588,0.7044171406185233,0.0616156803112051,0.05176860515190723,0.7052091969909523,0.5343710968479591,0.5000000000074801,0.5000000000040227,0.49999999999597533,0.4999999999925251
589,0.600432344084791,0.373471552031534,0.5346326285835987,0.4627828350898415,0.8022672146702333,0.5000000000013634,0.5000000000136354,0.4999999999863644,0.4999999999986365
590,0.690972089324885,0.1501917833105441,0.18236389089644245,0.6831862200726124,0.6182194722232494,0.49999999999947886,0.49999999999679073,0.5000000000032029,0.5000000000005195
591,0.5344254782216553,0.4630220385981128,0.6680158118875293,0.23185097599156118,0.8501897096127108,0.5000000000017492,0.4999999999991793,0.5000000000008153,0.49999999999824835
592,0.40936958095532355,0.5765557615603759,0.2097632453283797,0.6752772622481098,0.4385938823842235,0.4999999999946411,0.5000000000045899,0.4999999999954068,0.5000000000053613
593,0.692753285249632,0.14174937663297424,0.6917703096049914,0.14647128984551985,1.3523345422725396e-10,0.4999999999995042,0.4999999999928118,0.5000000000071843,0.5000000000004908
594,0.2038488669763007,0.6770861388571433,0.6582712818121179,0.25822261624697285,0.3219500083390052,0.5000000000045586,0.49999999999908173,0.5000000000009186,0.4999999999954379
595,0.4824640820695359,0.5169413985286967,0.5981926536965473,0.3770484704430966,0.07923446293360267,0.4999999999979873,0.500000000009058,0.4999999999909383,0.5000000000020176
596,0.604005806739645,0.3676642291885228,0.6794379697448913,0.19586741757867143,0.9072261630747208,0.5000000000063487,0.500000000008375,0.4999999999916228,0.49999999999365147
597,0.2651103003099298,0.655527677201106,0.6486300175083853,0.28156544601045846,0.27063131787351097,0.500000000010586,0.4999999999989903,0.5000000000010065,0.4999999999894065
598,0.2220743162180976,0.671329276939613,0.1557488169579344,0.6897407527587447,0.2668688739726818,0.49999999999693595,0.4999999999966896,0.5000000000033065,0.5000000000030633
599,0.6234161665373235,0.33369489815987924,0.47927504681823213,0.5198994417167382,0.10156996768363329,0.4999999999911058,0.5000000000020192,0.49999999999797573,0.5000000000088949
600,0.6869693415228284,0.16755036332114828,0.6844485070688845,0.17756756790353465,0.9696161679227988,0.49999999999172756,0.49999999999168654,0.5000000000083148,0.5000000000082724
601,0.4602510316735719,0.5368137366381497,0.707139293728895,0.0,0.17242146212915926,0.4999999999944119,0.5000000000000083,0.49999999999999684,0.5000000000055883
602,0.5113021301098819,0.48843641897818724,0.15031009886377472,0.6909463612897647,0.4680811250203632,0.500000000001869,0.5000000000033215,0.49999999999668254,0.4999999999981342
603,0.29985776082667825,0.6403790530609632,0.5236032565448664,0.47522587233400576,0.15884384481322442,0.5000000000049137,0.499999999986421,0.5000000000135851,0.4999999999950846
604,0.6407164236706505,0.29913619713884726,0.6078660701535593,0.36124623286073215,0.026753891715964095,0.5000000000010677,0.49999999999362355,0.5000000000063789,0.49999999999893235
605,0.057238987275633736,0.7047862784814013,0.3935072463040723,0.5874964230582065,0.319207163038139,0.5000000000040454,0.499999999994711,0.5000000000052901,0.4999999999959583
606,0.6819208813340536,0.18703988554793843,0.35588433336199193,0.6110207371828645,0.23119571282745766,0.49999999999295724,0.4999999999974446,0.5000000000025562,0.5000000000070374
607,0.7070396668667548,0.009742531848546386,0.20289227726430728,0.6773734005897362,0.6433377697611438,0.49999999999997624,0.5000000000031319,0.49999999999686795,0.500000000000022
608,0.6943690609551606,0.13360990677435583,0.49968598982977247,0.5003138130891864,0.13843033865090068,0.49999999999954414,0.5000000000057645,0.49999999999423655,0.5000000000004596
609,0.6697931214005293,0.2266653359570733,0.1351110612767741,0.694078526624088,0.3781459227278686,0.49999999999311945,0.5000000000033784,0.49999999999662287,0.5000000000068777
610,0.29470636750104273,0.6427660256477319,0.5071133193708588,0.49278401081677936,0.5663341016226917,0.4999999999972038,0.5000000000018976,0.49999999999810496,0.5000000000027962
611,0.5515550038401048,0.44247833589785923,0.3051410626138479,0.6378784617048078,0.6065204134383981,0.5000000000060372,0.49999999999505723,0.500000000004943,0.49999999999395983
612,0.029523266775340038,0.7064901816250969,0.6365935413818892,0.30781270778001046,0.4293367355548686,0.49999999999626155,0.5000000000087951,0.4999999999912022,0.5000000000037411
613,0.49660024361564387,0.503376795294416,0.39285146847807917,0.5879351356353977,0.07298613215262989,0.5000000000057511,0.4999999999976001,0.5000000000023969,0.49999999999424244
614,0.643981767559864,0.2920402079345848,0.7067039353239388,0.023865200557629127,0.04241844986995103,0.5000000000066522,0.4999999999999202,0.5000000000000778,0.49999999999335026
615,0.4112978359695873,0.5751817887648494,0.7072140792448294,0.0,0.7908876247927016,0.5000000000023215,0.4999999999999826,0.5000000000000238,0.49999999999767614
616,0.6041647754282495,0.36740295384991,0.670096979257198,0.225765449948332,0.9012622155893399,0.5000000000013273,0.49999999999920103,0.5000000000007936,0.4999999999986689
617,0.6690398034008685,0.2288793317772639,0.042369641287588695,0.7058362511922712,0.44297277401432883,0.49999999999919165,0.500000000003993,0.49999999999600503,0.5000000000008084
618,0.7015829920684801,0.08821174883547314,0.06508941471883563,0.7041046570585636,0.45033154052023755,0.5000000000003056,0.5000000000040692,0.499999999995929,0.4999999999996901
619,0.5820135837233648,0.4015721458984417,0.4381559257028642,0.5549949412125025,0.7214018131186648,0.49999999999852424,0.5000000000022105,0.49999999999779265,0.5000000000014694
620,0.386718427664397,0.5919872107611578,0.3743013765567908,0.5999153936245419,1.4602751614578231e-09,0.49999999999473366,0.499999999997521,0.5000000000024767,0.5000000000052655
621,0.6964778740863647,0.12214160187313512,0.2314657341965015,0.668149394890747,0.3298390443213044,0.49999999999188105,0.4999999999876476,0.5000000000123495,0.5000000000081166
622,0.5934129927393792,0.3845270082167015,0.6979102579032638,0.11367177272042708,0.912608490717715,0.49999999998603584,0.500000000000401,0.49999999999960365,0.5000000000139581
623,0.6026937893014664,0.3698110278742891,0.37543076118770335,0.5992092652438082,0.1608764286336095,0.49999999999864353,0.5000000000101698,0.4999999999898333,0.5000000000013552
624,0.5596092054761899,0.43224707881755486,0.5741885507671475,0.4126833025068044,0.03253544222627201,0.5000000000060761,0.49999999999847183,0.500000000001528,0.499999999993926
625,0.40977410074762405,0.5762683284343086,0.35894904963500646,0.6092253932381073,0.04215727208137148,0.5000000000100154,0.5000000000025453,0.49999999999745565,0.4999999999899808
626,0.6695127643071761,0.22749212366960295,0.6630636224834059,0.2456555159958439,0.942279113064174,0.4999999999992024,0.4999999999991328,0.5000000000008683,0.5000000000008027
627,0.6207182364397122,0.33868698078192844,0.029505957095279985,0.706490904750999,0.4139801301741912,0.4999999999935304,0.5000000000037208,0.499999999996273,0.5000000000064746
628,0.06484925133203732,0.7041268171300323,0.6810441673923638,0.19020736594791132,0.5285476190052282,0.49999999999638245,0.4999999999993406,0.5000000000006602,0.5000000000036134
629,0.5709540352771557,0.4171468441696924,0.5073020163738975,0.4925897524136827,0.05111685147617305,0.49999999999076117,0.5000000000018886,0.4999999999981069,0.5000000000092403
630,0.5668461805715688,0.42271196762266233,0.34666234246262556,0.6162996189503313,0.6467246551649156,0.4999999999938827,0.49999999999489314,0.5000000000051052,0.5000000000061157
631,0.0,0.7071172915102286,0.26660304147698455,0.6549219940383888,0.1836538116634808,0.50000000000382,0.49999999999520023,0.500000000004798,0.49999999999617345
632,0.6733970544747574,0.21572298677869522,0.7029492973693849,0.07656556228416553,0.9731769583066285,0.49999999999307193,0.5000000000074314,0.4999999999925713,0.5000000000069287
633,0.4596004119088037,0.5373708787915984,0.07832884451203204,0.7027550014887177,0.2689515728535302,0.5000000000021136,0.4999999999887331,0.5000000000112648,0.4999999999978833
634,0.3156611181088713,0.6327385388248894,0.5222399084856078,0.4767236914449985,0.14465484661000552,0.5000000000049826,0.5000000000018102,0.4999999999981921,0.49999999999501654
635,0.5387220850883315,0.45801585203400713,0.6945360640501199,0.13273905127645194,0.10779370584779358,0.5000000000094115,0.50000000000046,0.49999999999954503,0.49999999999058614
636,0.21214418676369454,0.6745330562858808,0.706346608376112,0.03277909143897454,0.3481114404963419,0.5000000000030953,0.4999999999921966,0.5000000000078048,0.4999999999969053
637,0.6991916910973301,0.10550349031022513,0.3674268984524185,0.604150208386651,0.23559107625780618,0.49999999998424777,0.4999999999948221,0.5000000000051757,0.5000000000157551
638,0.1302382733032447,0.6950093468198787,0.4320006529171249,0.5597994604134344,0.39745617517010934,0.5000000000034003,0.4999999999977629,0.5000000000022318,0.49999999999660494
639,0.3529064709157199,0.6127454796127128,0.6879778469033112,0.16335997725967918,0.735949752700315,0.500000000002568,0.5000000000005682,0.4999999999994308,0.4999999999974335
640,0.6165616156734062,0.34619615235019924,0.7050848157709088,0.05343596700079511,0.9345718949369385,0.49999999999874684,0.5000000000001908,0.4999999999998156,0.5000000000012521
641,0.43572366631202986,0.5569065331055139,0.5736927287546519,0.41337229342813847,0.1000989097042717,0.500000000005466,0.49999999999847206,0.5000000000015258,0.49999999999453415
642,0.6779102442402261,0.20109127468429283,0.5362840734556423,0.46086808585301403,0.09935955165972368,0.5000000000007089,0.4999999999940411,0.5000000000059569,0.49999999999928785
643,0.5811356516749872,0.4028415995801456,0.7038271977192024,0.06802408213811235,0.9086519622080244,0.5000000000014829,0.5000000000002405,0.4999999999997576,0.4999999999985196
644,0.1658089004464571,0.6873917434545666,0.5382686437778097,0.45854865295364117,0.49759939232017375,0.5000000000032645,0.49999999999826816,0.5000000000017335,0.4999999999967373
645,0.14096049413600023,0.6929142364628775,0.4038546331156659,0.5804321108545007,0.18758221342074732,0.5000000000043332,0.4999999999976401,0.5000000000023606,0.49999999999566486
646,0.09320440069859603,0.7009371866939409,0.20776908162672517,0.6758934891830112,0.21326106114694626,0.49999999999648653,0.4999999999968825,0.5000000000031156,0.5000000000035146
647,0.4688031769441653,0.5293614897825415,0.681066885120336,0.1901260055659879,0.812922195500404,0.49999999999438705,0.49999999999164,0.5000000000083552,0.5000000000056176
648,0.682666786485785,0.18429882970104017,0.5238274879431859,0.47497869728560244,0.8526310628430848,0.5000000000006494,0.4999999999981901,0.5000000000018066,0.49999999999935224
649,0.6694086557169793,0.22779827150308954,0.7031863250523839,0.07435719372947094,0.9703195432053255,0.4999999999914917,0.49999999999205086,0.5000000000079483,0.5000000000085023
650,0.3658203914063964,0.6051243240915811,0.624348964933884,0.3319463360032582,0.18403427896652153,0.5000000000025175,0.49999999999350125,0.5000000000064992,0.49999999999748374
651,0.3234490254080876,0.6287930724511503,0.11500630395869361,0.697691586626754,0.31024979946354586,0.49999999999499195,0.5000000000042438,0.4999999999957532,0.5000000000050075
652,0.6704456616590527,0.2247278839549078,0.7041995414371425,0.06405470973873167,0.972003380704788,0.50000000000079,0.5000000000002215,0.4999999999997735,0.49999999999921274
653,0.3671200229943943,0.6043367345417545,0.1649346733554053,0.6876020313561769,0.37744728207562495,0.4999999999948109,0.5000000000044212,0.4999999999955741,0.500000000005185
654,0.5870951377783914,0.3941056954637549,0.6759378634856611,0.2076246726823076,0.0717928445657031,0.4999999999937662,0.5000000000007343,0.49999999999926137,0.5000000000062323
655,0.6824919234280986,0.18494532828761856,0.6673770556418466,0.23368325914113364,0.014129530317370052,0.499999999992955,0.5000000000008259,0.49999999999917694,0.5000000000070458
656,0.5202526204883351,0.4788916483663314,0.5704751816400708,0.41780146856219774,0.7722519202059985,0.4999999999981843,0.5000000000015354,0.49999999999846556,0.5000000000018175
657,0.1259563334938714,0.6957981043756756,0.7062106586665424,0.035587997776967514,0.40918511473305413,0.4999999999957124,0.500000000000122,0.49999999999988326,0.5000000000042908
658,0.3710743539071361,0.6019167914856688,0.03437447826008924,0.7062707662393686,0.28859867102205117,0.499999999997507,0.4999999999962832,0.5000000000037151,0.5000000000024938
659,0.5516834543160529,0.4423181768019883,0.6963445641285398,0.12289934096091842,0.1008081878181415,0.4999999999906579,0.4999999999995778,0.5000000000004167,0.5000000000093424
660,0.7046873628747105,0.05844416655823915,0.19414864627631964,0.6799311017662545,0.36172798773252157,0.4999999999997851,0.4999999999954723,0.500000000004528,0.5000000000002162
661,0.14626967823053538,0.6918129669428985,0.703674486902778,0.06958603654551788,0.6012489732956872,0.5000000000043571,0.5000000000079317,0.4999999999920705,0.49999999999564343
662,0.49052940025751146,0.5092945193922733,0.5074421464475513,0.4924453959665971,0.020978009166182435,0.5000000000019723,0.500000000005805,0.4999999999941918,0.4999999999980284
663,0.536594462947582,0.46050666202025653,0.6442282537087677,0.2914960670804205,0.8349364480860206,0.5000000000017368,0.499999999998967,0.5000000000010345,0.49999999999826406
664,0.1523854789603121,0.6904916116811589,0.39900783253115346,0.5837745708565861,0.3894656695570719,0.5000000000120682,0.5000000000023745,0.4999999999976259,0.49999999998794
665,0.6995480439272186,0.10311418058446727,0.3376603794218323,0.6212772876652628,0.7336710055995134,0.4999999999996454,0.5000000000026266,0.49999999999737516,0.5000000000003587
666,0.6948185859819659,0.131252171692574,0.6521710367199155,0.2732634971299186,0.028806248733374527,0.4999999999995393,0.4999999999932761,0.5000000000067264,0.5000000000004563
667,0.29224771060351845,0.6438876265677138,0.5423849772908571,0.4536722786430715,0.5904916493856566,0.500000000004894,0.5000000000059732,0.4999999999940273,0.4999999999951078
668,0.5224126702610089,0.4765343659703518,0.003771317535420188,0.7070967240512743,0.36480039610428694,0.49999999999049743,0.4999999999961742,0.5000000000038228,0.5000000000095056
669,0.6495263853969805,0.27949145724534946,0.6540214779493366,0.26880458772305993,0.9215443746781504,0.5000000000086848,0.49999999999327227,0.5000000000067267,0.49999999999131123
670,0.4831236003470057,0.5163250820823002,0.6196973632072578,0.3405512854681018,0.7793612393058922,0.4999999999979929,0.5000000000012362,0.49999999999876854,0.5000000000020034
671,0.698690795506412,0.10877122614238686,0.4906827559205735,0.5091467696472068,0.8414426195320663,0.500000000000378,0.500000000001959,0.4999999999980363,0.4999999999996194
672,0.6419814166442991,0.29641164060032027,0.6406740272058821,0.2992269888626372,6.06024756213383e-10,0.500000000001061,0.4999999999912427,0.5000000000087615,0.49999999999893374
673,0.5580629380379628,0.43424158850625744,0.6439328328767399,0.2921480904324745,0.8500264960381277,0.5000000000016166,0.4999999999989545,0.5000000000010504,0.4999999999983845
674,0.6827045420400348,0.18415892125525898,0.6010181144867737,0.37252815471956674,0.9078500314282678,0.5000000000070431,0.49999999999367234,0.5000000000063298,0.4999999999929513
675,0.6911411755229884,0.14941176492062977,0.0483214364303152,0.7054537821723756,0.5228070327790342,0.5000000000005257,0.49999999999632,0.5000000000036787,0.4999999999994702
676,0.6545409743628133,0.26753712430273896,0.6696741797626311,0.22701650371558743,0.9364433349600666,0.5000000000009464,0.5000000000007965,0.49999999999920586,0.49999999999905403
677,0.06568038783128245,0.7040497756936919,0.6867690432771193,0.16836947822046422,0.43683280386089557,0.5000000000113028,0.5000000000005916,0.49999999999940975,0.49999999998870276
678,0.31154475554346756,0.6347754447781988,0.6463262460784384,0.2868141970512558,0.23648446805603043,0.4999999999950374,0.49999999999898037,0.5000000000010224,0.5000000000049618
679,0.7039732535896898,0.0664955504552386,0.44352393502941584,0.5507145531543721,0.1864506424491992,0.49999999999976813,0.500000000005499,0.4999999999944984,0.5000000000002309
680,0.04194667524390359,0.7058615136580313,0.4490066802204537,0.5462536051298968,0.28885478234475676,0.49999999999601663,0.5000000000021676,0.49999999999783457,0.5000000000039844
681,0.6754361866494905,0.20925096148231442,0.5023620603694877,0.4976267278807742,0.8327067520616855,0.49999999999305117,0.49999999999421896,0.5000000000057842,0.5000000000069508
682,0.4278566219501306,0.5629731025912329,0.19093864362223112,0.6808395070585267,0.43684215763983336,0.4999999999977436,0.5000000000031751,0.4999999999968201,0.5000000000022522
683,0.15242387813329,0.6904831361987098,0.544672155699869,0.45092376606834056,0.49294383961565563,0.49999999999668726,0.5000000000016959,0.4999999999983022,0.5000000000033111
684,0.3769127494281267,0.5982781841438081,0.614621902285397,0.34962825576757695,0.16908375534924472,0.5000000000052207,0.49999999999873523,0.5000000000012633,0.4999999999947766
685,0.12866218670900706,0.6953028469936393,0.0106665891225276,0.7070263247408018,0.09089560565701153,0.500000000003398,0.5000000000038455,0.49999999999614925,0.49999999999659994
686,0.07716126295534391,0.7028841632198148,0.4963425252484095,0.5036309140928795,0.40505067151927737,0.5000000000041052,0.49999999999424727,0.5000000000057504,0.49999999999588995
687,0.3848810517954582,0.5931834252310348,0.0,0.7071345312167433,0.27471078914212166,0.5000000000101276,0.5000000000038647,0.4999999999961397,0.4999999999898735
688,0.7035169888075758,0.07116070867489584,0.5968816337333391,0.3791204496091181,0.9194724372291828,0.5000000000079383,0.4999999999936957,0.5000000000063043,0.49999999999205413
689,0.6852816378051757,0.17432463206978333,0.04069330916112351,0.7059348798504865,0.5139739590569542,0.4999999999993878,0.4999999999962993,0.5000000000037046,0.5000000000006196
690,0.6996091110559783,0.10269903469588117,0.16266890834649453,0.688141574283489,0.6093795108277286,0.500000000000358,0.5000000000032758,0.49999999999672323,0.4999999999996442
691,0.5067487056184616,0.49315894938043814,0.4146162309915777,0.5727943618772217,0.06615407029492366,0.49999999999420247,0.49999999999768685,0.5000000000023082,0.5000000000058016
692,0.18018132595294456,0.6837650890345847,0.06762140967918644,0.7038659992874987,0.07970502294832929,0.49999999999679007,0.49999999999591405,0.5000000000040756,0.500000000003209
693,0.5911117330409095,0.38805530412735,0.6588139169703038,0.2568350108654246,0.8838073709585335,0.5000000000139604,0.49999999999908584,0.5000000000009115,0.4999999999860373
694,0.21615551651829953,0.6732583402221667,0.5940070003885167,0.3836087635722652,0.2657908456903353,0.5000000000030844,0.5000000000062992,0.49999999999370637,0.49999999999691547
695,0.43619084025298943,0.5565407030301213,0.14149521000634052,0.6928052435896135,0.20951910663121573,0.499999999997779,0.4999999999889483,0.5000000000110539,0.5000000000022168
696,0.5851851262803103,0.3969362265909948,0.681120683957654,0.1899331826855345,0.06870125890763366,0.5000000000014563,0.5000000000070216,0.4999999999929776,0.4999999999985441
697,0.3050523192849981,0.6379209061465533,0.6022912687102782,0.37046623008764984,0.2121513881640556,0.49999999999724015,0.4999999999936604,0.5000000000063317,0.5000000000027561
698,0.6963200925366457,0.12303791675307046,0.7064076415667735,0.031436347371669546,0.9918654226194453,0.49999999998504413,0.5000000000001049,0.4999999999998987,0.5000000000149584
699,0.6630598955582094,0.2456655753302221,0.456790433251512,0.5397615214980573,0.144768584818329,0.500000000000865,0.5000000000055702,0.49999999999443184,0.4999999999991278
700,0.15787599066005126,0.6892569706380267,0.23999222702058934,0.6651343706122083,0.057970930461720666,0.5000000000044,0.5000000000029976,0.499999999997003,0.49999999999560235
701,0.36554607794673066,0.6052900667430162,0.22967585434059473,0.6687667769356628,0.09862116534839646,0.5000000000025134,0.5000000000107314,0.4999999999892654,0.499999999997489
702,0.09255665243625057,0.7010230192199629,0.5084238468816973,0.4914317774849498,0.2942955582849937,0.49999999999583267,0.500000000001879,0.49999999999812195,0.5000000000041672
703,0.23795447395626768,0.6658661039009232,0.7067940703932958,0.021027174248672727,0.667956517949058,0.49999999999699046,0.499999999999926,0.5000000000000814,0.5000000000030088
704,0.6843191951568187,0.17806526651743992,0.6582492450721449,0.2582787861244989,0.9492203822915907,0.5000000000083217,0.5000000000067724,0.4999999999932211,0.49999999999168154
705,0.5765922595427733,0.40931817237371226,0.13661918068484652,0.6937832510726973,0.3084033191530478,0.4999999999984851,0.4999999999956663,0.5000000000043339,0.500000000001512
706,0.4071060625522474,0.5781562564449017,0.6712531518497614,0.22230430974625387,0.18427980844028732,0.49999999999464667,0.5000000000007806,0.4999999999992168,0.5000000000053543
707,0.6131733215213245,0.3521625729325905,0.48695026519084794,0.5127176993537083,0.7773584029229227,0.49999999999871825,0.5000000000019912,0.49999999999800565,0.5000000000012778
708,0.6978390618185297,0.11410803658281167,0.38892257988730106,0.5905414692075406,0.7693611366572707,0.49999999999960854,0.5000000000024051,0.4999999999975898,0.5000000000003988
709,0.34549304497187205,0.6169558783868312,0.7037397101737445,0.06892329304794166,0.2541456368966379,0.500000000005093,0.5000000000002384,0.4999999999997602,0.4999999999949096
710,0.6026856514581795,0.36982429007087236,0.29215557245721013,0.6439294382789146,0.2208044387115978,0.5000000000013435,0.5000000000048812,0.4999999999951176,0.4999999999986517
711,0.3517395105246473,0.6134161040728248,0.7055866891688806,0.04634030716013923,0.2479458309310084,0.5000000000051253,0.5000000000001735,0.4999999999998251,0.4999999999948758
712,0.6327810175497733,0.3155759557201268,0.6116038238678368,0.35488133598464017,0.01993906705397989,0.5000000000088228,0.49999999999871275,0.5000000000012904,0.49999999999117534
713,0.16334266122005664,0.6879819586702981,0.4396650654318852,0.5538001717576311,0.19547699822668935,0.5000000000044146,0.5000000000021986,0.49999999999780725,0.499999999995582
714,0.6981212802673359,0.11236852492490478,0.00333711299755541,0.7070989065730785,0.5000930593791661,0.5000000000072946,0.4999999999961201,0.5000000000038817,0.4999999999927056
715,0.704659391789711,0.05878051537159123,0.292444090893256,0.6437984573619437,0.2909726855545716,0.5000000000001967,0.4999999999951093,0.5000000000048924,0.4999999999998057
716,0.6426091714275504,0.2950482211388437,0.7010994189835615,0.09197610940300747,0.04074936709415156,0.49999999999125183,0.5000000000003219,0.49999999999967987,0.5000000000087471
717,0.37753569167430207,0.5978852745401967,0.6969099218910201,0.1196518314521373,0.7594114548720097,0.49999999999752914,0.500000000000416,0.49999999999958256,0.500000000002471
718,0.14389818145960784,0.6923101332981383,0.6996966815592318,0.10210070428258604,0.3926965069282281,0.5000000000043474,0.500000000000355,0.4999999999996462,0.4999999999956485
719,0.09250608151669931,0.7010296890163991,0.3459285015596318,0.616711822335776,0.3094745014268756,0.5000000000035306,0.49999999999741024,0.5000000000025958,0.49999999999647293
720,0.42878159033534174,0.562268928351458,0.6540985337268475,0.2686170288280099,0.7659113640121715,0.4999999999977516,0.5000000000009437,0.49999999999905625,0.5000000000022504
721,0.37067387437076854,0.6021635007377126,0.18489184264395536,0.6825064150055442,0.3922954445884581,0.5000000000051928,0.49999999999550826,0.5000000000044893,0.4999999999948053
722,0.7027218003863356,0.07862614871521939,0.7049644363695023,0.05500130411393182,6.490406961125379e-10,0.5000000000002697,0.4999999999925047,0.5000000000074989,0.4999999999997311
723,0.6011572573945656,0.3723035748980197,0.6738674824204853,0.21424895830849727,0.05033188023086945,0.499999999990954,0.49999999999924505,0.5000000000007544,0.5000000000090475
724,0.46864018843025956,0.5295057825822566,0.6174135421143894,0.3446745102466426,0.10963975771400956,0.5000000000020722,0.5000000000064381,0.4999999999935619,0.4999999999979251
725,0.09725173811879127,0.7003871068436901,0.20965115068032664,0.6753120723179903,0.2170407172039299,0.4999999999888029,0.5000000000045856,0.49999999999541817,0.5000000000111977
726,0.38984440322237535,0.5899333362984214,0.06681804191784207,0.7039427173245484,0.22878519471875783,0.5000000000024142,0.4999999999959231,0.5000000000040806,0.4999999999975822
727,0.6337110822410156,0.31370410300938667,0.7045185219214108,0.06044544870929377,0.9459293687902136,0.499999999993441,0.49999999999251277,0.5000000000074847,0.5000000000065623
728,0.015247519975935788,0.7069423690359289,0.6734264899042601,0.21563108007711593,0.48538165961286794,0.5000000000037977,0.5000000000007613,0.499999999999235,0.4999999999962004
729,0.6730190171169743,0.2168995218964396,0.7057220432102803,0.04423118500682393,0.975051442448879,0.500000000000756,0.4999999999998541,0.5000000000001468,0.4999999999992465
730,0.7013289566951102,0.09020921178380098,0.6114136299166131,0.3552089147983001,0.928254794795606,0.49999999999969613,0.5000000000012897,0.49999999999870554,0.5000000000003092
731,0.470188548005082,0.5281313561273024,0.45885255792071644,0.5380096003693732,0.021434502650212395,0.49999999999793815,0.5000000000098042,0.4999999999901932,0.5000000000020529
732,0.4076384581222141,0.5777810030277459,0.6687265389964796,0.2297929851883928,0.18347482470221332,0.4999999999946451,0.5000000000008108,0.4999999999991925,0.5000000000053594
733,0.6965754511907889,0.12158388379365988,0.2359787857235733,0.6665688356714765,0.3251875750537412,0.5000000000004243,0.49999999999531786,0.5000000000046823,0.49999999999957717
734,0.5577940239069356,0.4345869612559814,0.6490061804088025,0.28069730634828194,0.06180785207391888,0.4999999999983787,0.5000000000086878,0.4999999999913168,0.5000000000016204
735,0.29627749573887907,0.6420433414371034,0.6718303578178041,0.2205537810022844,0.6848079724513619,0.4999999999950919,0.5000000000069169,0.49999999999308553,0.5000000000049049
736,0.452839644284554,0.5430803439070113,0.6679711283097067,0.23197967959426163,0.15229959308453683,0.4999999999944519,0.4999999999991848,0.5000000000008142,0.5000000000055491
737,0.4741912131022049,0.5245404592752163,0.7070499225709901,0.008966994611166443,0.1652395028773756,0.5000000000020466,0.4999999999922833,0.5000000000077167,0.49999999999794914
738,0.3999231587121769,0.5831478972827845,0.707063026254908,0.00786618733878976,0.7825948435461664,0.500000000002383,0.4999999999999726,0.5000000000000253,0.4999999999976154
739,0.02773468619543789,0.7065626615003693,0.215547198858216,0.673453342900884,0.1725238126338407,0.4999999999960543,0.5000000000045997,0.49999999999539946,0.5000000000039433
740,0.5619876206814614,0.4291502233493438,0.28883404001079327,0.6454261362317487,0.19332241843881226,0.499999999993904,0.4999999999971765,0.5000000000028242,0.5000000000060979
741,0.6583998316908881,0.2578946715801102,0.6884989568126132,0.1611495779328892,0.9524447190058848,0.4999999999990902,0.5000000000005692,0.49999999999943584,0.5000000000009127
742,0.678567830829345,0.19886102210697787,0.6977531875171841,0.11463197333035721,0.9733239301629378,0.4999999999930071,0.49999999999270434,0.5000000000072983,0.5000000000069938
743,0.6550907310742727,0.26618815537242246,0.20294125141503716,0.6773587295326594,0.6065820489973863,0.4999999999932584,0.5000000000045595,0.4999999999954405,0.5000000000067397
744,0.660735840675118,0.25184945671441206,0.10658424539515673,0.6990277524058253,0.5425907917754542,0.5000000000067962,0.49999999999578254,0.5000000000042124,0.4999999999932035
745,0.5265172147413725,0.47199536288081123,0.62169417207154,0.3368922029556098,0.8114040385192461,0.5000000000017968,0.5000000000012096,0.499999999998792,0.49999999999820466
746,0.23125066941064293,0.6682238606164335,0.39722833546210445,0.5849868797725329,0.4453020907839096,0.49999999999533684,0.50000000001007,0.4999999999899283,0.5000000000046645
747,0.22719954294999511,0.6696121076704177,0.5558282670639149,0.4370983156370271,0.23536257643139857,0.4999999999953621,0.5000000000016361,0.499999999998365,0.5000000000046337
748,0.32570069162523996,0.6276297166249761,0.36386890431753643,0.6062997777261302,0.02705486622005322,0.500000000002674,0.49999999999482825,0.5000000000051713,0.4999999999973265
749,0.7060868699703547,0.037964879236782385,0.013700658115669112,0.7069740391041207,0.507085706782213,0.5000000000078206,0.5000000000038833,0.4999999999961141,0.4999999999921757
750,0.5508299802825432,0.4433805733474679,0.628506641914815,0.3240052485207073,0.05745875234754232,0.5000000000060253,0.4999999999988341,0.500000000001169,0.49999999999397116
751,0.6479488730598904,0.2831294133919491,0.36812015481607024,0.6037280444191662,0.7187924987217459,0.5000000000010142,0.49999999999749684,0.5000000000025016,0.49999999999898637
752,0.6743793905461125,0.21263218360471756,0.23429565761288731,0.667162307706112,0.64195374894692,0.49999999998386274,0.500000000003021,0.49999999999697925,0.5000000000161359
753,0.6989991288363399,0.10677180286031529,0.54906666963759,0.445562332668605,0.882234376702027,0.4999999999926842,0.5000000000093647,0.4999999999906385,0.5000000000073201
754,0.08160185883368519,0.702382477104296,0.10557297457406135,0.6991811975729805,0.1317127637066632,0.500000000003567,0.49999999998809774,0.500000000011905,0.49999999999643385
755,0.24906046502508733,0.6617921764130237,0.2533932191737625,0.6601453449633328,2.581104087626627e-10,0.5000000000029644,0.49999999999525696,0.5000000000047433,0.49999999999703515
756,0.564010504142171,0.42648816070002454,0.25926949202172395,0.6578596586710554,0.21539607003956254,0.4999999999984104,0.5000000000106208,0.4999999999893797,0.5000000000015856
757,0.3522932289827933,0.6130982688549307,0.5926709557246191,0.3856697268913778,0.16910584644515173,0.49999999999487427,0.5000000000014108,0.49999999999859274,0.5000000000051217
758,0.22645231945322328,0.6698651707726347,0.6343177678795208,0.3124755500072686,0.6098610882050284,0.4999999999969582,0.4999999999988862,0.5000000000011167,0.5000000000030378
759,0.4550391073649272,0.5412387773975846,0.4281526266867937,0.5627480148887185,0.6245933759034552,0.5000000000021338,0.49999999999774125,0.5000000000022532,0.4999999999978627
760,0.36458441202619823,0.605869793361175,0.7056962135500101,0.0446413953766602,0.2429087845868225,0.49999999999747746,0.5000000000075334,0.49999999999246353,0.5000000000025242
761,0.15930568471619092,0.6889279344148425,0.2679236503982545,0.6543828524321804,0.30128996312740963,0.5000000000032888,0.49999999999710437,0.5000000000028988,0.4999999999967073
762,0.22169223396108323,0.6714555483435558,0.46863657798682196,0.5295089779907481,0.174260784264669,0.5000000000030677,0.49999999999437644,0.5000000000056289,0.4999999999969334
763,0.13603771888756713,0.6938974992015846,0.07777304558376286,0.7028167281593571,0.0391170591724703,0.4999999999966319,0.4999999999958827,0.5000000000041153,0.5000000000033665
764,0.6677897464763413,0.2325012999986506,0.3140239928759324,0.6335526275679493,0.6940056818660106,0.4999999999931388,0.5000000000049662,0.49999999999503025,0.50000000000686
765,0.5830923377841184,0.40000416072549505,0.2346477134216844,0.6670385675401228,0.5789943665085531,0.4999999999937782,0.5000000000046834,0.4999999999953208,0.5000000000062148
766,0.5904422039098289,0.38907326282090493,0.5081532275825811,0.49171159971817097,0.05561824247377448,0.5000000000014277,0.4999999999941905,0.500000000005807,0.49999999999857336
767,0.6863655750327925,0.170006778223525,0.31029234814885726,0.6353885887236757,0.7051010061672349,0.4999999999929013,0.5000000000049607,0.49999999999503536,0.5000000000071012
768,0.06232691148265305,0.7043545670363991,0.3405992110513976,0.6196710235529541,0.28519297571105195,0.4999999999963719,0.5000000000127709,0.49999999998722977,0.500000000003628
769,0.4080730348465455,0.5774741537342858,0.5909116938761243,0.38835984607120455,0.7066771423671434,0.4999999999976611,0.5000000000014224,0.4999999999985779,0.5000000000023386
770,0.5186772192139116,0.48059748466728863,0.23566056340705044,0.6666814073113684,0.5336187922277157,0.4999999999981673,0.4999999999969877,0.5000000000030076,0.5000000000018338
771,0.13616008701092272,0.6938734976241594,0.14320609616425234,0.6924536186788207,0.007748849309142645,0.49999999999663464,0.4999999999956548,0.5000000000043441,0.5000000000033719
772,0.5010386032687766,0.4989592348423599,0.34085599883980683,0.6195298120792209,0.11308429703179511,0.49999999999808437,0.500000000005078,0.49999999999491934,0.5000000000019155
773,0.41540956825771097,0.5722192679383844,0.4699896121864932,0.5283083989837649,0.6251923512766365,0.5000000000100058,0.500000000005629,0.49999999999437034,0.4999999999899927
774,0.2700607422136472,0.6535037838566935,0.2613724474708612,0.6570269733451497,3.3891174907733944e-10,0.5000000000124994,0.5000000000047723,0.4999999999952241,0.49999999998750283
775,0.6890705315353074,0.1586877517946782,0.6816432448245315,0.18804916055405219,0.01560006451647593,0.49999999999944755,0.4999999999929696,0.5000000000070306,0.500000000000553
776,0.4846602055416707,0.5148829820107756,0.407567632703935,0.5778309655704839,0.6306431334990369,0.4999999999866153,0.49999999999766215,0.5000000000023453,0.5000000000133881
777,0.24791908749482813,0.662220602258594,0.08792665219314191,0.7016187738609203,0.11212955682095951,0.5000000000029683,0.500000000004155,0.49999999999584005,0.4999999999970351
778,0.5472182272976704,0.4478305651134029,0.423477637801115,0.5662743948673526,0.6869053462440757,0.500000000001682,0.500000000002268,0.4999999999977311,0.49999999999831524
779,0.4354133871606523,0.5571491591354782,0.3254958898604136,0.6277359521996325,0.07760795898233083,0.49999999999008937,0.49999999999732453,0.5000000000026775,0.500000000009911
780,0.22689528107290002,0.6697152614558253,0.2817054773439381,0.6485692129868825,0.0385435635101861,0.4999999999969544,0.49999999999515565,0.5000000000048448,0.5000000000030406
781,0.40586407157198945,0.5790288088757464,0.6647635856770678,0.2410173752196469,0.1854923813382635,0.5000000000053371,0.49999999999915534,0.5000000000008452,0.4999999999946618
782,0.6608124880795242,0.2516482775584812,0.7055583641635762,0.04676959224561389,0.0318870097747924,0.49999999999910794,0.49999999999213796,0.5000000000078648,0.500000000000894
783,0.31371400400690713,0.6337061808835033,0.6458107188213384,0.2879731158553914,0.23385022114811585,0.5000000000104102,0.5000000000010287,0.49999999999896805,0.4999999999895911
784,0.5901418866801333,0.3895286299947837,0.031171611746487984,0.7064193730505443,0.3947497226731632,0.4999999999908768,0.5000000000037301,0.4999999999962679,0.5000000000091239
785,0.6763283575659845,0.20634910407389578,0.7060947826522219,0.0378174286713299,0.029128838121104533,0.49999999999926936,0.4999999999921791,0.5000000000078207,0.5000000000007324
786,0.27513756306230286,0.6513826228816174,0.6702450771213906,0.225325401574125,0.2783177446848417,0.4999999999894419,0.4999999999992013,0.5000000000007983,0.5000000000105564
787,0.06509489789071529,0.7041041501572051,0.6882636816037062,0.1621514865343873,0.44041957208783394,0.500000000004074,0.5000000000005586,0.4999999999994411,0.49999999999592876
788,0.38158721340418456,0.5953076503509974,0.2716856534763242,0.6528299209557878,0.4620164425886337,0.5000000000052452,0.5000000000048085,0.4999999999951891,0.499999999994751
789,0.7007590490251674,0.09453441283119716,0.6289989416705126,0.32304849694338633,0.05371356698892169,0.4999999999926375,0.4999999999988418,0.5000000000011644,0.5000000000073588
790,0.6772296907650452,0.20337144820813663,0.7046908013924431,0.0584026920002028,0.9771137538953936,0.5000000000007051,0.4999999999997871,0.5000000000002073,0.49999999999928874
791,0.21755188973222633,0.6728084291706853,0.6954074855458643,0.12809539041971274,0.6462955267997462,0.500000000003078,0.4999999999995622,0.5000000000004382,0.4999999999969213
792,0.48374597368491434,0.5157420216965418,0.6859816404419157,0.17154937766316397,0.8274837225398782,0.49999999999430766,0.5000000000070919,0.4999999999929088,0.5000000000056946
793,0.7050966886321307,0.05327914328707721,0.5449125184014475,0.45063327361547045,0.11441777670041721,0.5000000000075032,0.500000000001692,0.49999999999831163,0.49999999999249695
794,0.48112487133974646,0.5181880529096721,0.7037483242466811,0.06883528252272603,0.8377889540557547,0.4999999999943281,0.49999999999253836,0.500000000007457,0.5000000000056768
795,0.6126283670275579,0.35310973616349567,0.45676326965092257,0.5397845083899644,0.7562444856439036,0.500000000006407,0.49999999999442796,0.5000000000055691,0.499999999993591
796,0.21301615219911013,0.6742581989878095,0.32542793096088235,0.6277711858237204,0.07697095496929346,0.5000000000107832,0.4999999999973258,0.5000000000026752,0.499999999989216
797,0.1934532062179516,0.6801292943286568,0.7064323164978875,0.03087688791686771,0.6364214776404663,0.49999999999547456,0.4999999999924312,0.5000000000075713,0.5000000000045275
798,0.5848107864956732,0.3974875394252211,0.7020371992459933,0.084520831011306,0.9100118845924082,0.4999999999985423,0.5000000000002974,0.499999999999703,0.5000000000014625
799,0.6998399668698244,0.10111389999223415,0.6310343233063047,0.31905435713894914,0.05301416112066241,0.5000000000073389,0.49999999999885075,0.5000000000011435,0.49999999999265776
800,0.6898167821250364,0.15541173410865508,0.7060132112550463,0.03931088314117706,0.008702490889757315,0.49999999999284533,0.4999999999998642,0.500000000000138,0.500000000007154
801,0.3947844871697622,0.5866389082647916,0.3820184126040781,0.5950310348473096,0.5491021151226535,0.5000000000023969,0.5000000000024508,0.4999999999975491,0.499999999997602
802,0.7068815534243807,0.017845711763327186,0.096621958612773,0.7004742658469569,0.43010486474961335,0.499999999992385,0.5000000000035073,0.49999999999649464,0.5000000000076205
803,0.6737077210529149,0.21475080114794762,0.19056564032803022,0.6809440041048669,0.611992431608045,0.5000000000161333,0.5000000000031789,0.4999999999968224,0.4999999999838643
804,0.28833341610867347,0.6456499370054154,0.3435314850523915,0.6180502558673542,0.04084650158766293,0.4999999999971765,0.49999999998970385,0.5000000000102998,0.500000000002818
805,0.402754034484592,0.5811963470551791,0.6425249779688654,0.29523152386915663,0.739169078146061,0.5000000000023654,0.49999999999894335,0.5000000000010523,0.4999999999976362
806,0.1871866780086182,0.6818805962748152,0.19781510529108448,0.6788734669426082,0.27295990422002253,0.49999999999681055,0.49999999998776073,0.5000000000122388,0.5000000000031892
807,0.614733093056189,0.3494327204806522,0.6949763308134671,0.13041433820347664,0.055107514808650594,0.4999999999987406,0.4999999999927604,0.5000000000072402,0.5000000000012622
808,0.44715329160417255,0.5477717898975452,0.08452529435264276,0.7020366618735805,0.2552919564087405,0.5000000000021787,0.4999999999958549,0.5000000000041462,0.49999999999782807
809,0.16295415871821825,0.6880740871493967,0.6906639018973999,0.1516026867039732,0.6041724264493974,0.49999999999558287,0.5000000000071658,0.4999999999928386,0.5000000000044165
810,0.3650386080530167,0.605596252474953,0.3634348031318969,0.606560090899881,0.5140468304505196,0.49999999999483286,0.5000000000102153,0.4999999999897775,0.5000000000051649
811,0.2912931652654774,0.6443200228687753,0.6183135196016158,0.3430574171736572,0.6434172563998546,0.5000000000048852,0.5000000000089353,0.49999999999106326,0.49999999999511485
812,0.33436132729297585,0.6230589882273385,0.7065099492168686,0.02904637081586462,0.7361061572114285,0.4999999999949451,0.5000000000077904,0.4999999999922047,0.5000000000050503
813,0.10016533584821234,0.6999763660699081,0.5214217073391971,0.47761847024112547,0.4393207638510898,0.5000000000041896,0.5000000000058702,0.4999999999941263,0.4999999999958077
814,0.45406049146965927,0.5420600244311824,0.6999080416246102,0.10064160804161017,0.8163076432303403,0.5000000000055607,0.49999999999195627,0.5000000000080421,0.49999999999444206
815,0.3637587590632753,0.6063658674469953,0.7012434764957612,0.09087126428163173,0.7530609989372571,0.5000000000025232,0.5000000000003163,0.4999999999996873,0.4999999999974779
816,0.15883961491916002,0.6890355412827004,0.7045546938664042,0.060022357091483534,0.6104230828414884,0.5000000000120903,0.5000000000002195,0.49999999999978073,0.49999999998790895
817,0.4621938845783704,0.5351418657720333,0.5752453352450392,0.4112089545216886,0.07315502859381362,0.4999999999978969,0.49999999999381983,0.5000000000061781,0.5000000000021074
818,0.5093807771674125,0.49043982694345367,0.539944662306839,0.456573938860236,0.7425173897357114,0.5000000000058239,0.4999999999940256,0.5000000000059716,0.4999999999941782
819,0.6384815903688809,0.303877045464145,0.7051682667141385,0.052323184339065736,0.04883070945905551,0.5000000000087776,0.49999999999981143,0.500000000000191,0.49999999999121597
820,0.6938434491176384,0.13631312525409592,0.030491065699166833,0.7064490745358303,0.5126837736216828,0.500000000000474,0.4999999999962682,0.5000000000037339,0.4999999999995259
821,0.4122836833547361,0.5744755586717387,0.1883557092657863,0.6815586011393158,0.1566093055202004,0.5000000000053688,0.4999999999968208,0.5000000000031776,0.4999999999946332
822,0.16659504379128365,0.6872016380831611,0.6875614443145485,0.16510378642566387,0.3692474783626118,0.49999999999673084,0.49999999999172673,0.5000000000082726,0.500000000003269
823,0.5546186334720925,0.4386321662274718,0.39321875597203837,0.5876895523588985,0.11316452860987887,0.4999999999939436,0.4999999999975964,0.5000000000024039,0.5000000000060555
824,0.486096886805889,0.5135268412046498,0.28053610769415516,0.6490758755953023,0.14984761221882875,0.5000000000133913,0.5000000000105463,0.4999999999894489,0.49999999998661177
825,0.32072008419091885,0.6301893585237457,0.6440232249602976,0.2919487724100433,0.2288876077919428,0.4999999999819272,0.5000000000066447,0.4999999999933488,0.5000000000180732
826,0.22746976622376686,0.6695203547720608,0.4781715506828988,0.5209145497272183,0.4996636192125878,0.5000000000046513,0.5000000000056583,0.4999999999943405,0.4999999999953502
827,0.6742200066054759,0.21313700637596245,0.22960732843714868,0.6687903069931241,0.31569444314159434,0.4999999999930548,0.4999999999969622,0.50000000000304,0.5000000000069432
828,0.6099485724632133,0.35771879870938933,0.5456446824777592,0.4497464624471762,0.8168562894002277,0.5000000000089956,0.5000000000093833,0.4999999999906209,0.49999999999100503
829,0.7065177261903328,0.028856586403126248,0.5293460241165088,0.46882063388042694,0.12769916339484358,0.49999999998471123,0.5000000000094694,0.4999999999905315,0.5000000000152881
830,0.492342590428816,0.50754189710612,0.645189870385396,0.28936141959853146,0.11100135563561762,0.4999999999980338,0.49999999999334094,0.5000000000066607,0.5000000000019643
831,0.5322420852144392,0.4655301990151228,0.6065009331844212,0.3635335170880768,0.8050455226982628,0.499999999994071,0.49999999999363476,0.5000000000063661,0.5000000000059331
832,0.7052199151114321,0.05162239175225184,0.7054691412978449,0.048096680514186765,0.9974710141209936,0.5000000000001908,0.4999999999998346,0.5000000000001681,0.4999999999998077
833,0.49498137342800896,0.5049687514681681,0.670157486207976,0.22558577898309012,0.8244445773854459,0.5000000000019396,0.5000000000007935,0.4999999999992079,0.4999999999980593
834,0.6723239997098394,0.21904439576089554,0.05594063783744449,0.7048905198953539,0.43574486573495086,0.500000000000779,0.5000000000040424,0.49999999999596023,0.49999999999922473
835,0.7022579387012634,0.08266677107171205,0.7017261104615394,0.08706587102027505,2.7249657665813905e-10,0.5000000000074103,0.49999999999970024,0.5000000000002998,0.4999999999925909
836,0.692496559575852,0.142998304100436,0.2075024161339125,0.6759754043592019,0.34356291027799807,0.4999999999994971,0.500000000004572,0.4999999999954261,0.5000000000004953
837,0.2993920633998024,0.64059690441846,0.598162329750507,0.3770965755180592,0.6360727689825811,0.49999999999724265,0.500000000001388,0.4999999999986137,0.5000000000027583
838,0.6903406759193454,0.15306779926300842,0.6186112148230548,0.3425203131131697,0.9252667535787715,0.4999999999994643,0.5000000000012418,0.49999999999875794,0.5000000000005353
839,0.24554927509148286,0.6631029735282764,0.33189237052268,0.6243776536590935,0.40830686833996865,0.4999999999952894,0.49999999999494965,0.5000000000050493,0.5000000000047056
840,0.5635239449456843,0.42713085052809463,0.3104970318101764,0.6352885905138449,0.6188604893176473,0.5000000000061013,0.5000000000049624,0.4999999999950352,0.4999999999938989
841,0.028462697157304272,0.7065337039876668,0.11444303777728865,0.6977842009563596,0.09950767455573006,0.5000000000037556,0.49999999999655176,0.5000000000034476,0.49999999999624506
842,0.11800128456454616,0.6971912914266181,0.45806053236769767,0.538684089877381,0.40714539007669565,0.49999999999573985,0.49999999999442846,0.5000000000055727,0.5000000000042587
843,0.3170496250811661,0.6320439398456111,0.4035771462608183,0.580625083006215,0.062160457483999405,0.5000000000049827,0.49999999999764366,0.5000000000023564,0.49999999999502304
844,0.697574747740298,0.11571288309885887,0.23820850831381107,0.6657752673139111,0.6614603731936275,0.4999999999995926,0.500000000003008,0.49999999999699296,0.5000000000003981
845,0.6195123180988397,0.34088780302531163,0.2761873866031125,0.6509381902157393,0.24365396157969693,0.5000000000089198,0.49999999999713635,0.5000000000028629,0.49999999999107914
846,0.4863636139448713,0.5132742298523144,0.17296299972602244,0.685626575276788,0.46560395181860587,0.4999999999943009,0.5000000000044489,0.49999999999555245,0.5000000000057017
847,0.2944767848083364,0.6428712390383439,0.6118095771634705,0.35452650294590393,0.6400676957102689,0.5000000000028051,0.5000000000012891,0.4999999999987077,0.49999999999719663
848,0.689581412600411,0.156452789671584,0.7037367518819208,0.06895349193975715,0.018990156414838352,0.49999999999945005,0.49999999999254824,0.5000000000074541,0.5000000000005492
849,0.6732214777450142,0.21627031650698358,0.7065899234885169,0.02703109366063802,0.03574857283828828,0.4999999999992254,0.5000000000077897,0.4999999999922089,0.5000000000007756
850,0.08733557921695728,0.7016925940914855,0.6412775118867499,0.2979314564599324,0.514103218122562,0.5000000000118326,0.49999999999893807,0.5000000000010594,0.49999999998816724
851,0.0972280680869316,0.7003903931209231,0.016920352746481557,0.7069043087030458,0.056402021200025014,0.5000000000041772,0.5000000000037788,0.4999999999962178,0.4999999999958212
852,0.03741020190704832,0.7061164806414181,0.3271261305996971,0.6268879442762221,0.25575561345888287,0.5000000000039677,0.5000000000050198,0.4999999999949782,0.4999999999960348
853,0.23091136556994174,0.6683411862594025,0.15593806333450427,0.6896979921701115,0.05575237987206266,0.49999999999696876,0.5000000000043854,0.49999999999561395,0.5000000000030321
854,0.6542275040599865,0.2683027635553611,0.07743990842708205,0.7028535128907005,0.40695864959100425,0.5000000000009566,0.49999999999587813,0.5000000000041149,0.4999999999990474
855,0.4710978649337921,0.5273203975334373,0.7058899562411765,0.04146528280185667,0.16686652266024002,0.4999999999979364,0.49999999999216854,0.5000000000078395,0.5000000000020636
856,0.7046831353714927,0.058495117552471436,0.7070334207005353,0.010185382295161501,3.6761586316184333e-10,0.5000000000001992,0.4999999999923384,0.5000000000076604,0.49999999999979816
857,0.3885612406050757,0.5907792891802445,0.10242214339300593,0.6996497013097202,0.34692265361746855,0.499999999994737,0.5000000000042005,0.49999999999579786,0.5000000000052622
858,0.5961689344184237,0.380240197659397,0.16524699394044787,0.6875270401908892,0.304518592111745,0.5000000000090814,0.5000000000032656,0.4999999999967336,0.4999999999909144
859,0.10841700763693882,0.6987458477998552,0.3820892557747728,0.5949855465651934,0.3474887042285847,0.5000000000034682,0.5000000000024537,0.4999999999975482,0.49999999999653455
860,0.6713102581987811,0.2221318014987596,0.6500331141804514,0.27831088816082733,0.9340506673447284,0.49999999999309247,0.5000000000067001,0.4999999999933043,0.5000000000069061
861,0.5214544243533683,0.47758275023528585,0.5249506622115397,0.4737370602387603,0.011986210172959415,0.4999999999941222,0.49999999999819916,0.5000000000017979,0.5000000000058801
862,0.4302326857034368,0.5611593731420583,0.10702515828804846,0.698960381919765,0.2296912757282443,0.4999999999977552,0.4999999999957877,0.500000000004218,0.5000000000022503
863,0.5394249116692937,0.4571878877120154,0.18237193869308013,0.6831840718117852,0.5101647621838479,0.5000000000094161,0.500000000004484,0.49999999999551925,0.4999999999905838
864,0.6292080802562471,0.3226409770469704,0.5884939236205954,0.39201390518913265,0.03008527168441368,0.5000000000065364,0.49999999999856204,0.5000000000014355,0.49999999999346745
865,0.5160582767011362,0.48340857982481833,0.6489707259907443,0.2807792670534035,0.8236453481544388,0.499999999994149,0.49999999999330574,0.5000000000066948,0.5000000000058454
866,0.5773604213763772,0.40823393645025363,0.6284119982511649,0.3241887728684861,0.045430159607204985,0.499999999993822,0.5000000000011687,0.49999999999882844,0.500000000006176
867,0.3876139539502947,0.5914012366431254,0.6689980167795667,0.22900142694972467,0.7476540295666609,0.5000000000024218,0.49999999999919675,0.5000000000008069,0.49999999999757755
868,0.6829813083610601,0.1831298436241169,0.7050910588430872,0.05335352602716525,0.9814156857459241,0.5000000000083379,0.5000000000075079,0.49999999999248945,0.4999999999916639
869,0.686109507239151,0.1710372593210195,0.1280706088945267,0.6954120498937163,0.3953889869841485,0.5000000000082796,0.4999999999965929,0.5000000000034027,0.4999999999917168
870,0.6781466790114863,0.20029249048752235,0.26399141617272254,0.6559790638329241,0.6659799413842854,0.4999999999930145,0.49999999999521566,0.5000000000047837,0.5000000000069879
871,0.5972966219854603,0.3784663150906499,0.6272299956094283,0.32646980351603205,0.8657471574199375,0.4999999999986172,0.5000000000011843,0.49999999999881595,0.5000000000013772
872,0.5069685962155422,0.49293290225331604,0.6092804214578149,0.3588556367513033,0.78918549111577,0.4999999999981098,0.5000000000140734,0.4999999999859226,0.5000000000018889
873,0.503777406216924,0.49619383811706647,0.13010312026954,0.6950346596365766,0.2652421741310605,0.4999999999942088,0.500000000003403,0.49999999999659944,0.5000000000057886
874,0.706105880724799,0.03760964245848571,0.22159121937384213,0.6714888915659091,0.6557634518998451,0.4999999999998698,0.5000000000030633,0.49999999999693634,0.5000000000001296
875,0.5057492106715877,0.49418390899042935,0.7069453923857466,0.015106693369614815,0.8572536752110225,0.4999999999904066,0.49999999999235967,0.5000000000076414,0.5000000000095886
876,0.7051831393790697,0.05212235542911794,0.687046550945571,0.16723348000262014,0.9844782618022938,0.5000000000075099,0.5000000000082705,0.49999999999172157,0.49999999999249006
877,0.3664135140153385,0.6047653620365276,0.6988129721018485,0.10798347106007547,0.7520647915846287,0.5000000000025258,0.4999999999996281,0.5000000000003731,0.49999999999747685
878,0.46997683115653927,0.5283197688673612,0.6723482704070457,0.2189698684309091,0.8079881456318919,0.49999999999024886,0.5000000000084567,0.49999999999153905,0.5000000000097554
879,0.6514979185286954,0.2748644432311719,0.35677335768200014,0.6105020649009433,0.7124704979826182,0.5000000000067261,0.49999999999486866,0.5000000000051354,0.499999999993279
880,0.033768277642126886,0.7063000095038113,0.26744961966660635,0.6545767341879701,0.16521208899396098,0.5000000000116568,0.5000000000047942,0.4999999999952069,0.49999999998834316
881,0.09867110622738538,0.7001885551734369,0.24200559482165368,0.6644044642196641,0.10174968801718019,0.4999999999958074,0.5000000000123884,0.49999999998761313,0.5000000000041939
882,0.4990629138639396,0.5009353331575206,0.27507865598792514,0.6514075015072163,0.5485672306088801,0.5000000000134579,0.50000000000285,0.4999999999971474,0.4999999999865443
883,0.20926636550581384,0.6754314090031516,0.4702942731508624,0.5280372114174386,0.4804388329584415,0.4999999999891979,0.500000000005625,0.4999999999943781,0.5000000000107977
884,0.5968182913590229,0.3792201565044922,0.7065562574403931,0.02789722337116683,0.07714185264929778,0.5000000000013809,0.4999999999922134,0.5000000000077826,0.49999999999861433
885,0.11419527755042548,0.6978247907499258,0.07171631393619317,0.7034605677046885,0.13142804462294172,0.49999999999655337,0.5000000000035978,0.4999999999963996,0.5000000000034432
886,0.5575656334078436,0.43487994628703147,0.6933302073922837,0.13890004865863104,0.09536013228741685,0.49999999999837635,0.5000000000072087,0.4999999999927887,0.5000000000016169
887,0.5847777222515874,0.3975361814454706,0.6323377445333049,0.31646323141643923,0.8609584903912219,0.5000000000014606,0.5000000000011348,0.4999999999988674,0.49999999999854045
888,0.6947546375915418,0.13159027648530675,0.46409450182771766,0.5334944173778017,0.8184749673049301,0.499999999991841,0.5000000000055848,0.4999999999944129,0.5000000000081635
889,0.7017683694501479,0.0867245965068872,0.4319194587500303,0.559862109052829,0.191859650816546,0.49999999999969963,0.4999999999945505,0.5000000000054504,0.5000000000003021
890,0.5837286150889236,0.39907506822269234,0.0,0.707139073499495,0.4189209819477345,0.49999999999853045,0.4999999999961867,0.5000000000038116,0.5000000000014685
891,0.07776807257491969,0.7028172785229517,0.6292625896107112,0.32253463894040796,0.5007375778840663,0.5000000000041226,0.49999999999346917,0.5000000000065287,0.4999999999958763
892,0.42470244213974806,0.5653563793224016,0.19901284814722262,0.6785233129910371,0.4405259204642681,0.5000000000022787,0.5000000000031463,0.49999999999685635,0.49999999999772266
893,0.28497242356082136,0.6471404158371422,0.6681212703663139,0.2315469025577887,0.27272675207445113,0.4999999999951435,0.5000000000008191,0.49999999999918415,0.5000000000048542
894,0.6424320983185446,0.2954335780679554,0.5747231534424929,0.4119384625124501,0.8606677683159784,0.49999999999336125,0.4999999999938315,0.5000000000061732,0.5000000000066418
895,0.5771345661899876,0.4085531697450063,0.32297337275024535,0.6290375191467797,0.6357664547306583,0.4999999999984867,0.5000000000026921,0.4999999999973124,0.5000000000015105
896,0.494600515569194,0.5053417988685915,0.29762457762077404,0.6414199956316061,0.13907631734373088,0.5000000000019496,0.500000000004904,0.4999999999950899,0.49999999999804623
897,0.701803721314343,0.08643805151284226,0.6147730356587571,0.3493624402063278,0.05951633069033676,0.500000000000291,0.5000000000064313,0.4999999999935722,0.49999999999970585
898,0.4863715679952718,0.5132666927103535,0.6682472405827876,0.2311830994114646,0.8165526496562899,0.49999999999801675,0.5000000000008238,0.4999999999991776,0.5000000000019872
899,0.6036836169303091,0.3681930073343792,0.585217157601236,0.3968890001614163,4.856772663448087e-10,0.49999999999363715,0.5000000000014572,0.49999999999854167,0.5000000000063575
900,0.5302323783266778,0.46781793998738325,0.29748545715225744,0.6414845304314899,0.5854737435044636,0.500000000005932,0.4999999999950926,0.5000000000049043,0.4999999999940723
901,0.19251179677949662,0.6803963610284284,0.36994915814542845,0.6026090112066752,0.3978384719418698,0.49999999999683015,0.4999999999974973,0.5000000000025009,0.5000000000031677
902,0.6939267288463693,0.13588853885660837,0.4252574206627206,0.5649390464211974,0.7915414728716008,0.49999999999952566,0.49999999999773714,0.500000000002265,0.5000000000004811
903,0.33806568314015734,0.62105683627425,0.6907853529804343,0.15104832375003632,0.7274333413989498,0.5000000000103191,0.49999999999282796,0.5000000000071712,0.499999999989683
904,0.17609312472359226,0.6848293301437086,0.575482165923137,0.41087744730565234,0.5313938724702082,0.4999999999967699,0.4999999999984844,0.5000000000015098,0.5000000000032296
905,0.6939754765182087,0.13563939436442354,0.6922852062026744,0.14401803106872615,3.9331032081745135e-10,0.4999999999927842,0.5000000000004973,0.49999999999949485,0.5000000000072187
906,0.24622076202371823,0.6628539328905427,0.45872613872462786,0.5381173939307254,0.15140825074791153,0.5000000000029754,0.5000000000098118,0.49999999999019057,0.49999999999702543
907,0.31701456397057554,0.6320615209222458,0.2371187873396078,0.6661641544623929,0.3922981407801747,0.4999999999972983,0.5000000000030064,0.49999999999699474,0.5000000000026986
908,0.0,0.7071259821655975,0.6537787824121263,0.2693943274601693,0.465171023400088,0.49999999999614,0.49999999999325784,0.5000000000067417,0.5000000000038592
909,0.7070574523492112,0.008352189978904143,0.43561516542897066,0.5569914071583952,0.19116439623987513,0.4999999999999784,0.5000000000099124,0.49999999999008643,0.5000000000000226
910,0.46551399974464636,0.5322562536129444,0.3547422585668271,0.6116845019999284,0.5804968926274956,0.499999999997916,0.49999999999744693,0.5000000000025473,0.5000000000020802
911,0.7071216946463271,0.0,0.7070670531674493,0.007495486982124603,0.999976263806282,0.5000000000076872,0.49999999999230177,0.5000000000076982,0.499999999992312
912,0.7057836924134696,0.04323632180479302,0.7058891910379202,0.041478307292238434,0.9982249533685783,0.499999999984764,0.5000000000001429,0.49999999999985606,0.5000000000152348
913,0.27516156892619387,0.6513724825213866,0.7030594451478934,0.07554744594182473,0.691887489416044,0.49999999999713357,0.4999999999997378,0.5000000000002591,0.5000000000028652
914,0.7058968319354922,0.041348157168945555,0.64719770071314,0.28484230056581233,0.03733507629806623,0.5000000000001353,0.4999999999933142,0.5000000000066857,0.49999999999986555
915,0.2492329552543645,0.6617272406268354,0.660466310589324,0.2525554445592566,0.29108278365452855,0.4999999999952741,0.5000000000008893,0.49999999999910816,0.5000000000047264
916,0.4001549220309234,0.582988888845411,0.6931295618175898,0.1398978575052477,0.20787608733336257,0.5000000000023743,0.49999999999182976,0.5000000000081729,0.4999999999976211
917,0.08146362058856697,0.7023985183838992,0.7068318471525746,0.019716486778380983,0.5572037285581612,0.49999999999586897,0.5000000000076369,0.49999999999236594,0.5000000000041313
918,0.5783539844121024,0.4068251082647815,0.6368307579573587,0.30732163236495225,0.03483891695701801,0.5000000000015015,0.5000000000065933,0.49999999999340977,0.49999999999850425
919,0.7029834658610352,0.07625120868834369,0.3200362058619749,0.6305369354268406,0.7227530009974481,0.5000000000002657,0.49999999999729594,0.5000000000027044,0.4999999999997315
920,0.26163612163541,0.6569220206645305,0.12330416278419395,0.6962729949093874,0.0955358905700766,0.4999999999970823,0.49999999999571726,0.5000000000042817,0.5000000000029147
921,0.23780664464364457,0.6659189144702444,0.13548904806948311,0.6940048399350185,0.2641100499309485,0.5000000000123789,0.5000000000033814,0.49999999999662403,0.49999999998761996
922,0.5023335114093255,0.49765555057991917,0.6155259665089043,0.3480341715310069,0.790908546598966,0.5000000000019041,0.49999999999873984,0.5000000000012556,0.49999999999809863
923,0.5639569919906968,0.42655892249830957,0.7012755017857146,0.09062378603431313,0.8947482119376323,0.5000000000015845,0.499999999984306,0.500000000015693,0.4999999999984177
924,0.2202845278044962,0.6719186906240602,0.6394533524814997,0.3018267880758318,0.29578706767741214,0.49999999999692935,0.4999999999933824,0.5000000000066199,0.5000000000030722
925,0.7008136345978013,0.09412889865399252,0.6970356077210236,0.11891745695642542,2.6078962135855973e-10,0.5000000000003302,0.49999999999189837,0.5000000000081017,0.49999999999966416
926,0.060825224951594786,0.7044858352086221,0.07420326002126136,0.7032025854632648,0.00401991681071073,0.5000000000036361,0.5000000000041055,0.49999999999589784,0.499999999996366
927,0.7049313349942443,0.0554239388247161,0.045569836172060674,0.7056368683900052,0.528889909970722,0.5000000000001951,0.4999999999963037,0.5000000000036984,0.4999999999998009
928,0.31153249170128655,0.6347814636663464,0.04594475633694818,0.7056125561277493,0.25336440617227357,0.4999999999950341,0.500000000004003,0.4999999999959949,0.5000000000049672
929,0.40067911121132654,0.582628743561621,0.05193341822165658,0.7051970788877427,0.24646104144118722,0.5000000000100634,0.5000000000036596,0.4999999999963313,0.49999999998993644
930,0.28304482688664917,0.6479858223547083,0.5796149565225217,0.40502654502562463,0.20941219449878015,0.5000000000048582,0.4999999999985056,0.5000000000014936,0.49999999999514255
931,0.18472795777851106,0.682550790502056,0.27270866822013806,0.6524032359496663,0.06170419306150248,0.5000000000031957,0.4999999999951826,0.5000000000048149,0.49999999999680544
932,0.2210927013746378,0.6716531972669124,0.6511360322271459,0.2757206331334165,0.3047622757550046,0.5000000000046215,0.4999999999990228,0.5000000000009803,0.49999999999537936
933,0.10047794137266808,0.6999315614204634,0.2741452720346182,0.6518008666924807,0.12253831182912717,0.4999999999881125,0.49999999999518385,0.5000000000048201,0.5000000000118877
934,0.6867502104413492,0.16844627898080733,0.06428288087676982,0.7041787494849459,0.530625541031941,0.4999999999917198,0.49999999999592964,0.5000000000040696,0.5000000000082803
935,0.03983321642372803,0.7059839338606354,0.32714921418970583,0.626875898129012,0.20252823373125622,0.500000000003985,0.5000000000127129,0.4999999999872847,0.49999999999601263
936,0.45005997738517617,0.5453861171280971,0.3372425751761166,0.6215041797836757,0.5563618134313036,0.5000000000021666,0.49999999999737155,0.5000000000026269,0.4999999999978414
937,0.6567420130708994,0.2620876347094261,0.029577542491621252,0.7064879114182732,0.44409126161382867,0.5000000000086109,0.5000000000037428,0.49999999999625483,0.4999999999913884
938,0.11989695076410775,0.696867793198587,0.4345184817442131,0.5578473707231236,0.3918955070350164,0.5000000000034283,0.499999999997775,0.5000000000022233,0.4999999999965715
939,0.5657683570720783,0.42415347002702036,0.018991075422718506,0.7068517093806088,0.38800994559486734,0.5000000000015764,0.49999999999610006,0.5000000000039002,0.499999999998425
940,0.7071109310254755,0.0,0.6073305308648365,0.3621458632642779,0.06610582094149199,0.5000000000000077,0.4999999999936187,0.5000000000063746,0.49999999999999245
941,0.5645211672992714,0.42581199099023265,0.672274898975428,0.21919502778936154,0.0763896537572402,0.5000000000015838,0.500000000008471,0.49999999999153016,0.4999999999984142
942,0.5974912789689503,0.3781589236763358,0.49682496391624315,0.5031550011970752,0.07411560110606415,0.5000000000063016,0.4999999999980639,0.5000000000019413,0.4999999999936952
943,0.7039358306136994,0.06689055522415344,0.7022984016386283,0.08232226342750236,0.9944136824652552,0.5000000000002299,0.4999999999997196,0.5000000000002798,0.49999999999976463
944,0.6754945848709069,0.20906234909728874,0.5157269306655227,0.4837620623677752,0.8422059750934862,0.4999999999930498,0.49999999999415295,0.5000000000058513,0.5000000000069459
945,0.25372059506156086,0.6600195903468361,0.3932797538566437,0.5876487345399957,0.10068166656683476,0.5000000000029478,0.5000000000052933,0.4999999999947073,0.4999999999970503
946,0.11157472732069192,0.6982485805379905,0.07281565308747391,0.7033476243405128,0.029475272242704006,0.49999999999577033,0.5000000000035948,0.4999999999964039,0.5000000000042353
947,0.36107554994359553,0.6079674774516417,0.5006139506361758,0.49938529456566616,0.6092703019422033,0.4999999999974699,0.5000000000019206,0.4999999999980762,0.5000000000025343
948,0.6425024943040589,0.29528045111903556,0.37913203527271055,0.596874274726238,0.7222904028465473,0.5000000000087501,0.4999999999947716,0.5000000000052289,0.49999999999124844
949,0.7063361661043385,0.033003452781345664,0.5567218827993374,0.4359595683229817,0.893491673370054,0.4999999999998877,0.4999999999983809,0.500000000001619,0.5000000000001179
950,0.3474440859975992,0.6158592444185164,0.045207017948303826,0.7056602054305057,0.21366485787834558,0.5000000000102703,0.49999999999631606,0.5000000000036858,0.49999999998972366
951,0.41127136113189844,0.5752007219892284,0.7054201068881513,0.04881058079867992,0.7896116510599073,0.4999999999976838,0.5000000000001663,0.4999999999998291,0.50000000000232
952,0.6896187468269717,0.15628814554050027,0.4442837486664404,0.5501017639227279,0.8015391634334474,0.5000000000005467,0.5000000000021816,0.49999999999782,0.49999999999945405
953,0.5518238489071057,0.44214300828730996,0.3648034749996632,0.6057379174429892,0.13158994314623929,0.499999999998353,0.49999999999482725,0.5000000000051724,0.5000000000016517
954,0.3096472371439918,0.6357032236264736,0.20359988792125944,0.677161048524243,0.07664082337860541,0.49999999999504335,0.5000000000031329,0.4999999999968688,0.5000000000049546
955,0.5840893978143642,0.39854682957069343,0.22522157552332367,0.6702799727865927,0.572698322177284,0.49999999999084305,0.5000000000046371,0.4999999999953667,0.5000000000091551
956,0.542461466744161,0.4535808165010638,0.41255560580660877,0.5742803079660131,0.6751248296637571,0.500000000001707,0.499999999986933,0.5000000000130641,0.49999999999829137
957,0.4251866119309374,0.5649923406867504,0.6003126877336472,0.3736638555520248,0.1227929734513723,0.5000000000131266,0.499999999993678,0.5000000000063219,0.49999999998687605
958,0.5919757675334627,0.3867359443511329,0.6399546909703493,0.30076235386937006,0.8709125733925575,0.4999999999985825,0.5000000000010797,0.49999999999892,0.5000000000014124
959,0.6333953568375501,0.3143410917087292,0.19993485772239386,0.6782522043219055,0.5907875141641775,0.5000000000011361,0.500000000003131,0.49999999999686673,0.4999999999988673
960,0.49596872308659745,0.5039990371172447,0.20199253924379565,0.6776422463880478,0.20814505191802823,0.500000000009641,0.4999999999968551,0.500000000003141,0.4999999999903641
961,0.6937512226869695,0.13678172765516314,0.618945111021774,0.3419165827248525,0.9286237392688507,0.4999999999918377,0.5000000000064595,0.4999999999935378,0.5000000000081589
962,0.010134372362552352,0.7070341536989718,0.4434658210263315,0.55076135084212,0.30734898894032875,0.4999999999961236,0.49999999999780464,0.5000000000021905,0.5000000000038807
963,0.6973644861338735,0.11697338791041985,0.1245645194982403,0.6960486193378818,0.403991752680628,0.5000000000004092,0.5000000000042845,0.49999999999571454,0.4999999999995939
964,0.6961571587029962,0.12395651637836833,0.6323725986338126,0.3163935784701147,0.04533614177179014,0.5000000000072509,0.5000000000011396,0.49999999999886613,0.49999999999274414
965,0.6215819073982121,0.3370993013114002,0.4489159606042348,0.5463281617441833,0.12096576194370438,0.5000000000012242,0.4999999999944599,0.5000000000055417,0.4999999999987799
966,0.6747090455007261,0.21158379881147696,0.6178688845773631,0.3438575889392628,0.9140755161299361,0.4999999999992533,0.5000000000012395,0.49999999999875866,0.5000000000007433
967,0.152881599985085,0.690381935153291,0.340486792246236,0.619732800734214,0.13427939444817963,0.49999999999563016,0.5000000000026183,0.4999999999973863,0.5000000000043725
968,0.6999025219853526,0.1006799866832608,0.5899982796719362,0.389746109645959,0.08148641709295511,0.500000000008041,0.499999999998568,0.5000000000014363,0.49999999999195766
969,0.7049944446366576,0.054615318651896255,0.4063359330588325,0.578697770433935,0.20997871369797766,0.49999999999211986,0.5000000000023471,0.4999999999976525,0.5000000000078778
970,0.563671941332858,0.42693552505506926,0.6774918211158085,0.2024964995282311,0.8776340956318188,0.5000000000015904,0.49999999999929634,0.5000000000007054,0.4999999999984104
971,0.5526321631848332,0.44113228425683465,0.7044640361221575,0.06107717912998788,0.1065564574415337,0.5000000000016475,0.4999999999920914,0.5000000000079058,0.49999999999835365
972,0.2063837909914837,0.6763177735473052,0.3528583209650267,0.6127732087206005,0.394934977790361,0.5000000000045656,0.4999999999948821,0.5000000000051165,0.49999999999543493
973,0.5434937125221747,0.45234343639414176,0.6956360008329734,0.12684854884903848,0.10906951637418379,0.4999999999940094,0.500000000000441,0.4999999999995587,0.500000000005988
974,0.14748719233959637,0.6915544288743849,0.5403532691286685,0.4560902811307868,0.48586949132346385,0.5000000000033257,0.5000000000017244,0.4999999999982752,0.49999999999666817
975,0.004180008975689846,0.7070944261730243,0.7063466837141007,0.03277746796345374,0.5059939987694447,0.49999999999618255,0.49999999998472483,0.5000000000152783,0.500000000003813
976,0.7061975859479738,0.03584647264730193,0.3456055055335063,0.6168928874163899,0.2542898601266041,0.5000000000152607,0.5000000000051025,0.49999999999489897,0.4999999999847391
977,0.7046174377905827,0.059281248440376806,0.6398603718049299,0.30096296216253937,0.9506901801003409,0.5000000000002087,0.5000000000010665,0.499999999998927,0.4999999999997969
978,0.5876415796131111,0.3932904447222207,0.6013468076567594,0.37199733456171635,0.8408601685307996,0.49999999999855244,0.4999999999986452,0.5000000000013521,0.5000000000014423
979,0.35093999740857906,0.6138738618143599,0.5715784701360159,0.41629082679897167,0.15468823755633912,0.5000000000025828,0.49999999999384326,0.5000000000061567,0.49999999999742667
980,0.5240251537380511,0.47476061524420254,0.5978572852248983,0.37758001337930064,0.7930236413311613,0.49999999999819894,0.4999999999986197,0.5000000000013788,0.500000000001801
981,0.5969650819892734,0.37898903794903754,0.36883197178702126,0.6032934415255156,0.16192698950964227,0.5000000000013854,0.4999999999898052,0.5000000000101976,0.4999999999986117
982,0.6967027290076259,0.1208524198902449,0.6544175205965173,0.2678389604525605,0.9555106842473305,0.5000000000004203,0.4999999999990484,0.5000000000009532,0.4999999999995812
983,0.3441139979624161,0.6177261191007191,0.5553780951356511,0.43767016284354704,0.635655093670182,0.499999999997391,0.4999999999983684,0.500000000001633,0.5000000000026076
984,0.09913362798640207,0.7001232257104812,0.20078172060303642,0.6780019916428579,0.21231790938302797,0.5000000000035059,0.4999999999968663,0.5000000000031316,0.4999999999964933
985,0.13894171124345786,0.6933218595116863,0.25122920506388513,0.6609719256692865,0.27628232747990444,0.5000000000033574,0.49999999999703804,0.5000000000029586,0.4999999999966457
986,0.5819012046949547,0.4017349723070638,0.5159892792937746,0.48348222682317094,0.7763862696100687,0.4999999999985212,0.5000000000018399,0.49999999999816136,0.5000000000014757
987,0.6893076641444272,0.15765450882151685,0.6064703636803871,0.3635845128403799,0.05471425634051672,0.5000000000071507,0.5000000000013154,0.4999999999986821,0.49999999999284966
988,0.6869594662009522,0.16759084639950073,0.6935771980804794,0.13766143360737357,0.9762537437933554,0.5000000000005879,0.49999999999951805,0.5000000000004878,0.49999999999941047
989,0.6833479208287804,0.18175705295591757,0.5735699649370701,0.4135426160894236,0.07141827485987387,0.5000000000006433,0.4999999999938294,0.5000000000061671,0.49999999999935396
990,0.602129092907985,0.37072976926363893,0.1125181154369759,0.6980971806980106,0.5046261104707536,0.5000000000013565,0.4999999999965393,0.5000000000034605,0.49999999999864664
991,0.18104016092342978,0.6835381974221055,0.5298369769608325,0.46826571286504787,0.5027937748581585,0.5000000000032103,0.5000000000017752,0.4999999999982302,0.49999999999678735
992,0.1312952672743565,0.6948104437840253,0.41409713981343405,0.5731697469322136,0.1991387795280325,0.49999999999569456,0.5000000000023148,0.4999999999976898,0.5000000000043047
993,0.5221074893310618,0.47686871315322893,0.43780917356061333,0.5552685184180449,0.058281868808911313,0.5000000000095086,0.5000000000022057,0.4999999999977924,0.49999999999049294
994,0.25012918913297105,0.6613889844438607,0.6790484828874397,0.19721348302858763,0.6570812938302727,0.49999999999704026,0.5000000000006888,0.49999999999931183,0.500000000002959
995,0.7069465132375453,0.015054397037770773,0.2608067199897879,0.6572517438608769,0.31564780223259725,0.5000000000076437,0.4999999999970783,0.5000000000029172,0.49999999999235833
996,0.6884712874321001,0.16126774749336462,0.5911153494754089,0.38804979527705646,0.904435106906157,0.4999999999917456,0.5000000000062618,0.4999999999937385,0.5000000000082515
997,0.6253736105915053,0.3300118894460353,0.23579594463413658,0.6666335368807172,0.27339982015360703,0.4999999999911142,0.5000000000030087,0.4999999999969909,0.5000000000088839
998,0.18122259987565434,0.6834898510556268,0.5120525648394717,0.48764963943523587,0.4903581336145416,0.5000000000044771,0.5000000000058308,0.4999999999941663,0.4999999999955217
999,0.3821285365171708,0.594960319331676,0.6797000132302723,0.1949561284360512,0.21122957404600634,0.5000000000024519,0.49999999999299616,0.5000000000070105,0.49999999999755296
1000,0.22721938752170226,0.6696053688063262,0.6398503817610866,0.30098420051590424,0.6130031477235743,0.49999999999695094,0.49999999999893713,0.5000000000010693,0.5000000000030428
