traj,F_phi_plus,F_phi_minus,F_psi_plus,F_psi_minus,F_plusplus,F_ee,F_eg,F_ge,F_gg
1,0.5312410341035565,0.46667222895959004,0.5004421297174603,0.49955747897899616,0.4252402986191643,0.4999999999940738,0.49999999999839495,0.5000000000016027,0.5000000000059207
2,0.14605625357901797,0.6918580620910441,0.5015818922448468,0.4984130870794603,0.32729694937068116,0.49999999998795186,0.49999999999274725,0.5000000000072516,0.5000000000120525
3,0.27231441496100534,0.6525678963942705,0.4987996063318474,0.5011975186722174,0.42725579383275913,0.5000000000028845,0.5000000000028786,0.4999999999971153,0.49999999999711364
4,0.4696806805852504,0.5285830665893224,0.500005956985943,0.4999940429430816,0.4094884938368021,0.49999999999793304,0.499999999994227,0.5000000000057699,0.5000000000020631
5,0.34886353552392174,0.6150562848892361,0.501587770782165,0.4984071710978663,0.34254005296716744,0.5000000000050996,0.5000000000004293,0.4999999999995703,0.49999999999490036
6,0.6458786761971225,0.28782066575187115,0.5015143618168061,0.4984810376448446,0.6797147463465181,0.5000000000010204,0.5000000000005612,0.4999999999994382,0.49999999999897754
7,0.6882639346171951,0.16215041259662144,0.4998676837764321,0.5001322812176616,0.6757659490366521,0.500000000000568,0.5000000000020148,0.49999999999798256,0.49999999999942946
8,0.19479321980780168,0.679746718651077,0.5004707862526343,0.4995287700500003,0.33525309449892904,0.4999999999954635,0.499999999998422,0.5000000000015742,0.5000000000045337
9,0.6094678314243003,0.35853726289013554,0.49876058661140643,0.5012363486849768,0.5961520100349316,0.4999999999910055,0.4999999999952373,0.5000000000047649,0.500000000008997
10,0.06030101827600226,0.7045308986800196,0.4984581489381382,0.5015371110467909,0.3514237827813844,0.4999999999963614,0.49999999999563005,0.5000000000043664,0.5000000000036375
11,0.6890750601335882,0.1586680872760764,0.4987392193401988,0.5012576095102523,0.5584622943935649,0.49999999999175104,0.4999999999970474,0.5000000000029563,0.5000000000082458
12,0.7023111531652052,0.08221340674149283,0.49864920712610594,0.501347153410194,0.6452320820120568,0.5000000000079751,0.5000000000046401,0.49999999999535877,0.49999999999202516
13,0.1473042507312694,0.6915934193704414,0.4990077178690928,0.5009903167797541,0.3488774032125661,0.49999999999666994,0.49999999999499356,0.5000000000050052,0.5000000000033301
14,0.5522562965050141,0.4416027499795846,0.49855326723187493,0.5014425587566563,0.4963659920654065,0.5000000000016517,0.5000000000045193,0.4999999999954809,0.49999999999834854
15,0.6821590679036206,0.18616929413000938,0.49830952423387925,0.5016847795755902,0.5928864255471086,0.5000000000006543,0.49999999999605915,0.5000000000039446,0.49999999999934835
16,0.46408241113057486,0.5335049350092581,0.49994879823160693,0.5000511965256862,0.4089733281958174,0.5000000000055956,0.5000000000019581,0.49999999999804057,0.49999999999440514
17,0.6567018191721584,0.26218833058696417,0.49888331783808687,0.5011141937551422,0.5339381091979184,0.4999999999990691,0.49999999999511324,0.5000000000048906,0.5000000000009326
18,0.10782329962697576,0.6988377036605478,0.5016817962863114,0.49831252771221873,0.39184799233608925,0.4999999999965262,0.49999999999988043,0.5000000000001206,0.50000000000347
19,0.23746853697706427,0.6660395588446465,0.5016844228779761,0.49830988334729004,0.3260995593551616,0.49999999999532463,0.4999999999998993,0.5000000000000987,0.5000000000046743
20,0.08549468859357078,0.7019192675958487,0.5006967402082328,0.49930228754217676,0.3383936423111826,0.500000000011247,0.5000000000014063,0.499999999998595,0.4999999999887574
21,0.29700282263012157,0.6417081294091106,0.5009430244008672,0.4990551936450588,0.47223072867749566,0.500000000004917,0.49999999999350614,0.5000000000064891,0.49999999999508243
22,0.32250851120445223,0.6292759809500791,0.49914355290150153,0.5008549826016114,0.4572967303862076,0.500000000002686,0.5000000000025692,0.49999999999742567,0.4999999999973109
23,0.7070536756573379,0.008666440415228608,0.5003249057302515,0.49967488300495133,0.5142108550389658,0.4999999999999709,0.49999999999399475,0.5000000000060022,0.5000000000000309
24,0.4977708659765134,0.5022192399589951,0.4989052010216838,0.501092407040374,0.4535418143488393,0.4999999999942287,0.5000000000027826,0.4999999999972202,0.5000000000057703
25,0.5479323268581461,0.4469565584973722,0.49972567912641,0.5002741704522148,0.5891084419637401,0.49999999999063927,0.500000000005574,0.49999999999442957,0.5000000000093581
26,0.2219337041975807,0.6713757747648778,0.5008236234719133,0.4991750175764591,0.4345024838118521,0.5000000000030635,0.49999999999870093,0.5000000000012944,0.4999999999969358
27,0.6072869797949193,0.3622188898602122,0.5016838640080363,0.49831044600124863,0.432596723202735,0.4999999999936231,0.4999999999998955,0.500000000000102,0.5000000000063763
28,0.3969867216321099,0.5851508718679242,0.5015511439545589,0.4984440289519717,0.532156669791605,0.49999999999760675,0.4999999999995046,0.5000000000004963,0.5000000000023956
29,0.05111677875323847,0.7052567439804424,0.5013428704478369,0.4986535132244932,0.3697881759384948,0.4999999999882892,0.4999999999992067,0.5000000000007998,0.5000000000117136
30,0.6521208616256347,0.2733832142481268,0.4984808888970997,0.5015145096648351,0.5536519307843005,0.4999999999932859,0.5000000000032822,0.4999999999967206,0.5000000000067116
31,0.6401262060992533,0.30039713757786407,0.5013740599707401,0.49862215352755407,0.6739484734116353,0.5000000000010639,0.4999999999992363,0.5000000000007628,0.4999999999989341
32,0.19137214654647167,0.6807177840531196,0.5016803785592837,0.4983139550209421,0.32491284891458366,0.5000000000045105,0.5000000000001318,0.49999999999986816,0.4999999999954834
33,0.6408016647339381,0.2989535523692862,0.5015234704011,0.49847187346613764,0.4519697872776125,0.4999999999989342,0.5000000000071443,0.4999999999928601,0.5000000000010678
34,0.05057694931772832,0.7052956629653363,0.4992828896081767,0.5007160833691154,0.36250292029073006,0.49999999999598166,0.4999999999947684,0.5000000000052295,0.5000000000040198
35,0.5870815926525533,0.3941258727469541,0.4984423317362899,0.5015528306502645,0.5660506240287566,0.500000000006248,0.49999999999565925,0.5000000000043434,0.49999999999375894
36,0.4579792160193593,0.5387532283954373,0.5012647269637375,0.49873206584494895,0.5632142843124414,0.5000000000021266,0.5000000000008937,0.49999999999910727,0.49999999999787564
37,0.5568907236989894,0.4357438755789479,0.49924505712667594,0.5007538047130318,0.4692458206834489,0.5000000000093178,0.49999999999751,0.5000000000024853,0.49999999999068334
38,0.703692473195208,0.06940391320671312,0.5003505057018723,0.49964924841721153,0.6954978936199231,0.49999999998485956,0.49999999999833716,0.5000000000016668,0.500000000015134
39,0.6490562153685484,0.2805815911485648,0.49853367803313536,0.5014620343223939,0.5481377208964977,0.500000000001008,0.5000000000044945,0.4999999999955053,0.4999999999989961
40,0.014378087188439016,0.7069605863192133,0.49992685252484825,0.5000731367756148,0.3509969844025986,0.49999999999611017,0.4999999999980259,0.5000000000019784,0.5000000000038942
41,0.24318343886064858,0.6639742631006224,0.49920299702495896,0.5007957345677974,0.42344593038784195,0.5000000000106912,0.49999999999482997,0.5000000000051711,0.49999999998930855
42,0.5174677877860451,0.48189945902004955,0.49832614311728396,0.5016682719545366,0.5161798790320964,0.5000000000018365,0.49999999999634975,0.500000000003649,0.4999999999981635
43,0.18613687053460523,0.6821679158591271,0.5016751882061908,0.49831918038369416,0.42540594566500345,0.5000000000121938,0.50000000000016,0.4999999999998339,0.49999999998780775
44,0.48029137564919244,0.5189606902795746,0.5014304328287962,0.4985654631371169,0.38402761793286333,0.5000000000056694,0.4999999999993149,0.5000000000006871,0.4999999999943274
45,0.23357052316202137,0.6674165196560696,0.49882606163712856,0.5011711885489682,0.3648181888646051,0.49999999999698325,0.4999999999951655,0.5000000000048286,0.5000000000030181
46,0.7063229675819798,0.033284613054487766,0.5003440119383685,0.4996557512101848,0.6969581209136142,0.5000000000001092,0.5000000000016702,0.49999999999832634,0.4999999999998922
47,0.2287567875546488,0.669081708125156,0.5008848379903732,0.4991135933546282,0.4380422880820586,0.49999999999535466,0.4999999999935597,0.500000000006452,0.5000000000046446
48,0.5355582938380381,0.4617112921960097,0.5004813958864512,0.49951814018266544,0.5964827044714316,0.49999999999825795,0.4999999999984294,0.5000000000015706,0.5000000000017444
49,0.21899892167980167,0.672338812941303,0.49942493444667696,0.5005744049119326,0.35071010232092587,0.49999999999537637,0.5000000000023473,0.49999999999765576,0.5000000000046197
50,0.6646635606847021,0.2412930977052401,0.5007779129038926,0.49922087491171335,0.6793984393499904,0.4999999999914591,0.5000000000063495,0.4999999999936459,0.5000000000085428
51,0.706918899342653,0.016299607380644537,0.49835217419776034,0.5016424129520587,0.5976961480703358,0.5000000000076255,0.4999999999964429,0.5000000000035559,0.49999999999236494
52,0.09316171768849602,0.7009428609789315,0.49833522365728516,0.5016592517460902,0.3610204235936566,0.49999999999648015,0.5000000000036123,0.49999999999639133,0.5000000000035207
53,0.22460211026475724,0.6704878068461432,0.5008318095104856,0.4991668043674905,0.33372720676477075,0.4999999999892494,0.5000000000012971,0.49999999999870304,0.500000000010747
54,0.30397511091041485,0.6384349081519566,0.50048138718346,0.49951814890243545,0.3491136699073202,0.4999999999950605,0.5000000000015663,0.4999999999984299,0.5000000000049359
55,0.3379170491013356,0.621137720579459,0.4989119423273519,0.5010856950693657,0.39058407739938067,0.5000000000026228,0.5000000000049147,0.49999999999508576,0.49999999999737793
56,0.3634650018850876,0.6065419955820627,0.5016826059278773,0.49831171259505197,0.34365812489245506,0.4999999999974787,0.5000000000075766,0.4999999999924231,0.5000000000025192
57,0.6322174093632651,0.3167035637595437,0.5000874077799118,0.49991257693717644,0.6463748743342175,0.5000000000011398,0.5000000000018593,0.4999999999981411,0.49999999999885414
58,0.5529955118612643,0.440676711276296,0.49897990645945517,0.501018016591932,0.47689160453077917,0.5000000000093334,0.500000000002716,0.4999999999972843,0.49999999999066036
59,0.700803488021776,0.09420445085387917,0.5010563099572619,0.4989414537318025,0.7065304628431126,0.5000000000003291,0.5000000000010923,0.49999999999890005,0.49999999999967504
60,0.5741434670105073,0.4127460227417767,0.4988519097914165,0.5011454600188009,0.5796721718603918,0.49999999999847283,0.49999999999716443,0.500000000002835,0.500000000001528
61,0.016133169280835555,0.7069227120760486,0.5012319417975616,0.49876501533472367,0.35123317462255826,0.4999999999961967,0.4999999999913849,0.5000000000086167,0.5000000000038036
62,0.3940258979414074,0.5871486964572671,0.5016088927631214,0.4983859134254844,0.5315021413590968,0.5000000000023966,0.4999999999996193,0.5000000000003799,0.49999999999760397
63,0.538861106060763,0.4578522816217438,0.49850715479338753,0.5014884012814231,0.5442984258984152,0.5000000000059712,0.5000000000044473,0.49999999999554895,0.49999999999402917
64,0.1715391876203504,0.6859841886738696,0.5006799883445356,0.49931908562692817,0.410951574719714,0.4999999999967463,0.5000000000014121,0.49999999999858413,0.5000000000032507
65,0.5839663389820128,0.39872711838542313,0.5000937270456745,0.49990625538151406,0.6177159368218107,0.5000000000014712,0.5000000000018543,0.499999999998147,0.49999999999852734
66,0.695008013240077,0.13024538967687183,0.4983107375219936,0.5016835744473621,0.5995987865139176,0.4999999999995469,0.5000000000039514,0.49999999999604394,0.5000000000004525
67,0.05834464471207681,0.7046956097730535,0.498311838127425,0.5016824812389442,0.3539866344782385,0.5000000000040414,0.5000000000037297,0.49999999999626715,0.4999999999959528
68,0.68578922745935,0.17231696231278762,0.50118492833164,0.498812256879488,0.6993239681652171,0.4999999999994002,0.4999999999990255,0.500000000000974,0.5000000000005989
69,0.6458849537723694,0.2878065782612717,0.499011018905751,0.500987028784815,0.5227796551152237,0.5000000000010213,0.5000000000050009,0.4999999999949922,0.49999999999897626
70,0.36461426434632266,0.6058518308561747,0.4994887953413155,0.5005106825318385,0.38435404259955014,0.5000000000051632,0.49999999999770417,0.5000000000023014,0.49999999999483796
71,0.13367983743448164,0.6943556013049001,0.49958172068401074,0.5004179296931767,0.3878626982204406,0.5000000000033804,0.5000000000022264,0.4999999999977758,0.4999999999966187
72,0.3396888630658996,0.6201705219606873,0.4989575297665346,0.5010403012625609,0.46064647217995325,0.5000000000026252,0.5000000000027344,0.49999999999726596,0.4999999999973698
73,0.07085072576798347,0.7035482745754877,0.5006642020314533,0.4993349144654379,0.37389548643913306,0.5000000000040907,0.5000000000062634,0.49999999999373484,0.49999999999590533
74,0.6765716191129415,0.2055501014616449,0.49867129395242604,0.5013251844739216,0.5552251114073401,0.5000000000069663,0.5000000000030258,0.4999999999969728,0.49999999999303363
75,0.5233359941833617,0.47552017537861613,0.5016846284508459,0.4983096763822012,0.39614112543486846,0.5000000000058797,0.5000000000000998,0.49999999999989775,0.4999999999941179
76,0.014398086546464467,0.7069601845598075,0.4992166439792472,0.5007821306457477,0.3515270421954316,0.5000000000038809,0.4999999999974905,0.5000000000025069,0.4999999999961199
77,0.582053299933139,0.4015145776144989,0.5010514942059617,0.4989462898488948,0.633380567188203,0.5000000000014837,0.5000000000011022,0.4999999999989022,0.4999999999985227
78,0.3353728029638438,0.6225151320180415,0.49965708413359133,0.5003426808449536,0.37152758570317124,0.500000000010327,0.49999999999782435,0.5000000000021738,0.49999999998967537
79,0.3625617558156172,0.6070823446781292,0.5012482718799245,0.49874860394530285,0.5096673335695959,0.49999999999746614,0.4999999999990921,0.5000000000009074,0.5000000000025322
80,0.6593536693672848,0.2554461561501742,0.4997120709625064,0.5002877633266322,0.6545473745596652,0.49999999999909744,0.5000000000021354,0.4999999999978661,0.5000000000009045
81,0.6842161363303414,0.17846086065347325,0.5011839989598752,0.4988131906701973,0.4814366759425031,0.49999999999168754,0.4999999999990167,0.5000000000009783,0.5000000000083114
82,0.16519144994076057,0.6875403878074829,0.5005013280784937,0.49949816875706815,0.4078087858426744,0.5000000000032537,0.499999999998445,0.5000000000015558,0.4999999999967413
83,0.3888865618362354,0.5905651886313542,0.49830653010043274,0.5016877535472313,0.44929483394992253,0.5000000000129609,0.49999999999621997,0.5000000000037812,0.4999999999870345
84,0.02602593363927535,0.7066276606376276,0.5013763938998541,0.4986198067064545,0.3621362500004844,0.5000000000037567,0.5000000000007648,0.4999999999992391,0.4999999999962457
85,0.10290501522759378,0.6995788431913961,0.5008541906780873,0.4991443475390664,0.3359265541529147,0.5000000000118896,0.4999999999910329,0.5000000000089695,0.4999999999881138
86,0.5377116908365573,0.4592016305912818,0.49952052694518,0.5004790137062739,0.5783575812125803,0.49999999999404054,0.5000000000054112,0.49999999999458394,0.500000000005961
87,0.6789221799926523,0.1976478522879212,0.5016408158276657,0.49835378186159635,0.7020918464114964,0.499999999993008,0.49999999999260497,0.5000000000073969,0.5000000000069954
88,0.62258629547046,0.33524067660768864,0.5003062860180655,0.4996935262446496,0.4710065032388847,0.4999999999935121,0.5000000000017043,0.4999999999982986,0.5000000000064874
89,0.6543817667938264,0.2679263019708802,0.49904942615722725,0.5009487700874633,0.6331697580481084,0.5000000000009501,0.5000000000026538,0.4999999999973464,0.4999999999990512
90,0.5926185144051632,0.3857503031550587,0.5015232557340196,0.49847208944729393,0.6469591846065619,0.4999999999937257,0.5000000000071436,0.49999999999285843,0.5000000000062769
91,0.6580557711728361,0.2587713315383291,0.4983045490632256,0.5016897212250722,0.5844485804675748,0.499999999999082,0.4999999999961681,0.5000000000038273,0.500000000000914
92,0.10221282191729622,0.6996803120252126,0.49941519212479785,0.5005841246733209,0.37640240936981983,0.49999999999650263,0.5000000000023601,0.49999999999764366,0.5000000000034934
93,0.6948735892929023,0.130960689616694,0.49838495651028003,0.5016098435280627,0.6223377842994317,0.500000000008145,0.49999999999577294,0.5000000000042285,0.49999999999185335
94,0.010409477503320375,0.7070301621768909,0.49957433740315105,0.5004253005276612,0.35384579605878663,0.5000000000115478,0.4999999999977658,0.5000000000022319,0.4999999999884518
95,0.6178874468629227,0.3438242327254166,0.5009142247842259,0.4990841005369947,0.45429175666935,0.499999999998753,0.49999999999353223,0.500000000006471,0.5000000000012498
96,0.6968702166287455,0.11988286439605687,0.5001929709969768,0.4998069544986549,0.6880695991894455,0.49999999999958844,0.5000000000017873,0.4999999999982159,0.5000000000004099
97,0.5513880196055911,0.44268640349058413,0.5011450325456337,0.498852339229593,0.6162148591547052,0.5000000000016694,0.4999999999989879,0.5000000000010134,0.49999999999833483
98,0.6929262684032516,0.14090133624897128,0.4989767491929886,0.50102116099502,0.549549994568998,0.500000000007201,0.49999999999728784,0.5000000000027128,0.49999999999279976
99,0.10159829867539841,0.699769814352932,0.4984145674927274,0.5015804211799378,0.3649131969203251,0.49999999999651007,0.5000000000034059,0.4999999999966005,0.5000000000034893
100,0.36620804724781136,0.6048897966827941,0.4996436189904801,0.5003561271755231,0.38103427152649016,0.5000000000051825,0.5000000000021806,0.49999999999781203,0.49999999999482475
101,0.7015700335978831,0.08831471040421661,0.4983160388983368,0.5016783086567261,0.6016021449813336,0.5000000000002982,0.5000000000039904,0.49999999999601197,0.499999999999699
102,0.6249728364184485,0.33077024312818015,0.5004209795686555,0.4995786656849355,0.469546090773119,0.5000000000011932,0.5000000000060708,0.49999999999392264,0.4999999999988031
103,0.013390981819364583,0.706979972563518,0.49861884230236897,0.5013773529997574,0.35137002750994606,0.4999999999962032,0.49999999999539285,0.5000000000046053,0.5000000000037962
104,0.5688923048615123,0.4199542183016617,0.5006747588042149,0.49932432936553794,0.6194189436216462,0.5000000000015595,0.5000000000014202,0.4999999999985829,0.4999999999984442
105,0.7027014224201472,0.0788080638558337,0.5016192036499708,0.4983755356451331,0.4812765059258336,0.49999999999973593,0.49999999999195305,0.5000000000080513,0.5000000000002676
106,0.6041667781176231,0.3673996519037125,0.4992955714207848,0.5007034375352237,0.6109759138464398,0.49999999999865663,0.5000000000024472,0.4999999999975507,0.5000000000013418
107,0.19978850430073125,0.678295329151896,0.5004050947354407,0.4995945767948442,0.4205717135132055,0.4999999999968509,0.5000000000016319,0.49999999999837313,0.5000000000031516
108,0.5799488886979203,0.40454824990110305,0.5000191019562122,0.49998089731398854,0.4577547477358651,0.500000000001493,0.5000000000057827,0.4999999999942156,0.49999999999850525
109,0.6826968091542247,0.18418758582119157,0.5016867774747356,0.4983075127940734,0.7052174036265665,0.4999999999993572,0.4999999999999271,0.5000000000000735,0.5000000000006416
110,0.3798321844861196,0.5964289661212828,0.5015226078771827,0.49847274126883784,0.35051648766136984,0.49999999999476613,0.49999999999944794,0.5000000000005524,0.5000000000052339
111,0.30413812965470605,0.6383572652442622,0.4991292239174653,0.5008692622147511,0.3745372448340105,0.4999999999972475,0.49999999999489125,0.5000000000051094,0.5000000000027488
112,0.01373214813860323,0.7069734334164703,0.5012299827651646,0.4987669840488935,0.3514359055960971,0.5000000000038829,0.4999999999990727,0.5000000000009238,0.4999999999961148
113,0.7046152665340067,0.05930705036036845,0.49888052637533387,0.5011169727752897,0.6567308874324344,0.5000000000074823,0.4999999999951176,0.5000000000048832,0.4999999999925205
114,0.49321440302788866,0.5066947331933136,0.49974355689932304,0.5002563116419518,0.5582694472408669,0.5000000000057366,0.499999999994418,0.5000000000055788,0.4999999999942633
115,0.32883970605179685,0.6259907742580636,0.4994848001737652,0.5005146695106685,0.37318288894695056,0.5000000000050352,0.5000000000023008,0.49999999999769923,0.4999999999949625
116,0.16520080606006157,0.687538139798157,0.5006681358934036,0.4993309701000149,0.408448976717873,0.5000000000186536,0.49999999999857164,0.5000000000014262,0.4999999999813507
117,0.43853872751740464,0.5546925134409286,0.5013787692084052,0.4986174182547825,0.3700592848665824,0.4999999999945118,0.4999999999992416,0.5000000000007585,0.5000000000054876
118,0.5522476061600036,0.4416136110793516,0.4992326269945953,0.5007661970860997,0.5793508108811839,0.4999999999983461,0.5000000000024992,0.4999999999975002,0.5000000000016532
119,0.4470061083435926,0.5478919045792898,0.5001274780748092,0.4998724894155803,0.39795916811963356,0.4999999999944775,0.49999999999816974,0.5000000000018286,0.5000000000055279
120,0.12237590672995904,0.6964367433242064,0.4991101419085898,0.5008882772075921,0.34630971287317297,0.4999999999888937,0.49999999999739864,0.5000000000026039,0.5000000000111126
121,0.6251562384308891,0.3304234821421482,0.5015281076723639,0.49846720776253134,0.6668971154343952,0.5000000000011999,0.5000000000005403,0.4999999999994567,0.4999999999988014
122,0.6444574930054001,0.29098889963226704,0.49849227399917123,0.501503193173417,0.5487968329335908,0.499999999998972,0.499999999995575,0.5000000000044236,0.5000000000010312
123,0.6904046056689135,0.15277918992322112,0.5001331452841654,0.49986681925105175,0.6828646437280453,0.49999999999946343,0.49999999999817224,0.5000000000018238,0.5000000000005327
124,0.17086300917661607,0.6861529270686711,0.49916987625184045,0.5008287478197717,0.3956985863564382,0.5000000000032521,0.49999999999745354,0.5000000000025449,0.4999999999967458
125,0.2577707468647935,0.6584483647171218,0.5009851965902664,0.49901285834877807,0.3347114836691322,0.4999999999970715,0.5000000000065324,0.49999999999347333,0.5000000000029331
126,0.3928312722154369,0.5879486300431338,0.5007040166729417,0.49929499064939736,0.36804387063924376,0.5000000000024009,0.4999999999937071,0.5000000000062924,0.49999999999759576
127,0.39089717857131967,0.5892362817961792,0.5016785647301509,0.49831578109697605,0.5308420804754577,0.4999999999975982,0.4999999999998549,0.5000000000001389,0.5000000000024064
128,0.47020615578678315,0.5281156796197354,0.5011638086143195,0.4988334761573089,0.38529428359118584,0.5000000000056275,0.5000000000009904,0.49999999999900446,0.4999999999943722
129,0.567437479901941,0.4219178905930974,0.500063557217899,0.4999364347020349,0.45077441142079033,0.4999999999907416,0.5000000000018788,0.4999999999981222,0.5000000000092533
130,0.6675289609737715,0.2332489791216204,0.4990282980856493,0.5009698171644121,0.5336255013397364,0.5000000000068731,0.49999999999733036,0.500000000002674,0.4999999999931283
131,0.03788015045804667,0.7060914205690845,0.5002744687962275,0.49972538045475895,0.3629911100536269,0.5000000000039708,0.49999999999403294,0.5000000000059683,0.49999999999602135
132,0.3349936113111583,0.6227192628951752,0.5003285129485908,0.4996712710679391,0.35902118320106574,0.5000000000127448,0.49999999999398964,0.5000000000060086,0.49999999998725714
133,0.5073122701636565,0.4925791921522899,0.4984621368648698,0.501533147570636,0.5245723722809339,0.49999999999811817,0.499999999996688,0.5000000000033138,0.5000000000018874
134,0.5342642890268472,0.4632080196527667,0.4983702646804755,0.5016244404754506,0.5017320734031917,0.499999999998254,0.49999999999581024,0.5000000000041861,0.5000000000017466
135,0.7068711166142814,0.018254641726954637,0.5016482835960852,0.4983462647247408,0.719836249923751,0.4999999999999504,0.49999999999972866,0.5000000000002712,0.5000000000000528
136,0.4791654946814237,0.5200004122178227,0.5006232535540243,0.4993759685857776,0.5659695861290667,0.49999999999797534,0.5000000000014635,0.49999999999853706,0.5000000000020238
137,0.3110949701362445,0.634996000928271,0.5015459074385054,0.4984492980551669,0.33524375969018655,0.49999999998958355,0.5000000000005114,0.4999999999994912,0.5000000000104252
138,0.3470171087619043,0.616099932013083,0.501685914272527,0.49830838184856974,0.5065586449071633,0.49999999998720246,0.5000000000000903,0.4999999999999112,0.5000000000127944
139,0.4128650763270615,0.5740578697955653,0.49952080457881703,0.500478736604194,0.5099775338558624,0.49999999999768097,0.5000000000022735,0.4999999999977255,0.5000000000023246
140,0.4790371735341416,0.520118635910945,0.5015257492337446,0.4984695806722122,0.5789285786240927,0.4999999999979713,0.4999999999994548,0.5000000000005452,0.500000000002025
141,0.411554950944552,0.5749978455203328,0.5002027484451848,0.4997971693075969,0.38394992082630697,0.5000000000053637,0.4999999999982257,0.5000000000017778,0.4999999999946337
142,0.027334984822409952,0.7065782324820692,0.4998108697593301,0.5001890587272111,0.3593813462671565,0.4999999999883642,0.4999999999979358,0.5000000000020558,0.5000000000116335
143,0.6908371653394331,0.15081120072770227,0.4989942278160332,0.501003753086021,0.6528225748563637,0.5000000000005262,0.5000000000026988,0.4999999999972993,0.4999999999994762
144,0.1401951429339292,0.6930694928344057,0.5016767504836627,0.4983176075798995,0.3275548775632282,0.5000000000043375,0.49999999999984757,0.5000000000001544,0.49999999999566785
145,0.2725228452856239,0.6524808800244117,0.5014955575792759,0.4984999555950324,0.46520737419477215,0.4999999999874952,0.5000000000005942,0.49999999999940403,0.5000000000125079
146,0.6718030941822625,0.22063682953594188,0.5000170611658219,0.49998293825199197,0.5038167960436436,0.5000000000069217,0.4999999999980877,0.5000000000019129,0.4999999999930806
147,0.27596600133172744,0.651032077634408,0.4984283332590814,0.5015667419243202,0.41591102479149145,0.5000000000028639,0.5000000000033759,0.49999999999662786,0.49999999999713307
148,0.21685131546379174,0.6730345563737369,0.4988620713148211,0.5011353447956803,0.4071863605407788,0.4999999999969138,0.5000000000028214,0.4999999999971778,0.5000000000030848
149,0.552757060190754,0.4409757833702966,0.4992147055857459,0.5007840629721938,0.468536968399995,0.4999999999939709,0.4999999999974871,0.5000000000025141,0.5000000000060333
150,0.35004258093566815,0.6143860281060288,0.49962003538312816,0.5003796760898344,0.3764897520544102,0.49999999999488576,0.5000000000022043,0.4999999999978016,0.5000000000051203
151,4.115903174891996e-11,0.7071157317968572,0.49878216860458013,0.5012148723672424,0.3515588709185196,0.5000000000038798,0.5000000000029041,0.49999999999709493,0.4999999999961193
152,0.4952463130340216,0.5047089155406393,0.5009942392774931,0.4990037797559903,0.5811993783877641,0.49999999998655625,0.4999999999988451,0.500000000001154,0.5000000000134444
153,0.4096247336916049,0.5763745115357523,0.4983173011781212,0.5016770548336401,0.461771416187805,0.5000000000053607,0.5000000000039991,0.49999999999600253,0.4999999999946347
154,0.40407679055571605,0.5802774797012312,0.5010163492117239,0.4989815806445702,0.5296962906609346,0.5000000000023573,0.49999999999886874,0.5000000000011292,0.49999999999764694
155,0.4484946527926281,0.5466740769566637,0.5016769769355616,0.4983173796013909,0.5630564617228455,0.49999999999783146,0.4999999999998451,0.5000000000001558,0.500000000002169
156,0.6817723748288144,0.18758046171994455,0.4989400037918102,0.5010577537731834,0.5448587277646847,0.5000000000006597,0.4999999999895591,0.5000000000104408,0.4999999999993377
157,0.6131560608908677,0.3521926248415796,0.4985682419326002,0.5014276698949086,0.5891759180092943,0.5000000000064214,0.49999999999545697,0.5000000000045445,0.4999999999935859
158,0.663563112844007,0.24430308076806773,0.5016878557296285,0.49830642722466323,0.459782586130391,0.49999999999317135,0.4999999999999438,0.5000000000000574,0.5000000000068263
159,0.3173886667010458,0.6318737486632351,0.4984806453110957,0.5015147517772826,0.3998801571810916,0.5000000000049921,0.499999999996716,0.5000000000032799,0.4999999999950049
160,0.23566210077500688,0.6666808638758952,0.5009873696624645,0.49901067667804855,0.4424087796190412,0.5000000000046749,0.49999999999346656,0.5000000000065324,0.4999999999953246
161,0.4997982606761248,0.5002016579591869,0.5016827536582065,0.49831156386534153,0.38674771837426636,0.4999999999942333,0.5000000000001177,0.49999999999988554,0.5000000000057659
162,0.6640028430052586,0.24310537918065736,0.5016364585839298,0.4983581678064177,0.46110415764743934,0.4999999999991421,0.4999999999926165,0.50000000000738,0.5000000000008573
163,0.5432249641437163,0.4526661444498022,0.49935202679152585,0.5006471345560626,0.5776055686773302,0.49999999999830547,0.5000000000024021,0.49999999999759914,0.5000000000016859
164,0.46544651063910125,0.5323152691158588,0.5003364399427359,0.4996633335211096,0.5537051161034825,0.4999999999979163,0.4999999999983218,0.500000000001677,0.5000000000020881
165,0.1581364161546657,0.6891972677584872,0.5014065022500962,0.49858953007591444,0.41081128804653505,0.5000000000032986,0.5000000000007166,0.4999999999992804,0.4999999999967071
166,0.7051813297716649,0.05214683251606822,0.4997189038478261,0.5002809382108501,0.6825213850899372,0.49999999999981265,0.5000000000021282,0.49999999999787326,0.50000000000018
167,0.547937788550982,0.44694986282339866,0.49848420344948297,0.5015112151401336,0.4987788143188746,0.5000000000060113,0.499999999996722,0.5000000000032772,0.49999999999398426
168,0.702750511120097,0.0783691209625818,0.49872917657726673,0.5012676016167018,0.6494061967925616,0.5000000000079653,0.4999999999952646,0.5000000000047344,0.4999999999920403
169,0.4166346848064281,0.5713278765476222,0.5015475402417575,0.498447655102757,0.36060018214640144,0.5000000000023075,0.5000000000081956,0.49999999999179906,0.4999999999976891
170,0.43130130470637706,0.5603384582303993,0.5009970763736955,0.49900093132679363,0.3746814876899287,0.5000000000022352,0.5000000000065388,0.4999999999934594,0.49999999999776396
171,0.1944233341778712,0.6798526121819094,0.5016590852969429,0.4983353912166272,0.3245610258520505,0.5000000000031605,0.5000000000074533,0.49999999999254124,0.49999999999683437
172,0.7033123502805557,0.07315557355964511,0.5008150571283922,0.499183612064229,0.4998473964900842,0.5000000000079386,0.49999999999869604,0.5000000000013096,0.4999999999920613
173,0.6922371939813703,0.1442486300413371,0.5012201639338995,0.49877685117302223,0.7038811421942915,0.49999999999948963,0.49999999999906414,0.5000000000009363,0.5000000000005143
174,0.5829057028526442,0.4002760817009518,0.49830438000842336,0.5016898891391176,0.5428489526959265,0.5000000000062158,0.49999999999613887,0.5000000000038606,0.49999999999378647
175,0.031537279935614726,0.7064031426701513,0.5016822561420415,0.49831206474680845,0.3634057649117438,0.5000000000037526,0.49999999999988165,0.5000000000001149,0.499999999996251
176,0.698884932297418,0.1075167503596168,0.5011208907719549,0.4988765907836577,0.49041382578382536,0.4999999999926737,0.5000000000010365,0.4999999999989662,0.5000000000073196
177,0.6956876416665969,0.1265650237323412,0.5016544433699248,0.4983400640598845,0.712892933121838,0.5000000000004389,0.500000000000247,0.4999999999997521,0.4999999999995607
178,0.1762655463847089,0.6847849714747716,0.5007006522605494,0.4992983645335305,0.41322833598498737,0.49999999999677,0.5000000000014009,0.4999999999985971,0.5000000000032339
179,0.43102897971047177,0.5605479628450635,0.5013336108095947,0.4986628226292923,0.5490735510983512,0.49999999999776745,0.4999999999991882,0.5000000000008111,0.5000000000022337
180,0.1822547900200888,0.683215338464803,0.4988243506099526,0.5011728915639387,0.39434958447831714,0.4999999999967936,0.5000000000028607,0.4999999999971399,0.5000000000032052
181,0.1092003389933138,0.6986238515565769,0.4985393097292442,0.5014564354504668,0.3688168813127142,0.5000000000034666,0.500000000003192,0.49999999999680766,0.4999999999965343
182,0.7069019800501686,0.0170173617564304,0.500249068674521,0.499750807193215,0.5162443483386107,0.5000000000076493,0.5000000000017417,0.4999999999982541,0.499999999992349
183,0.6176500491512225,0.3442505172067693,0.49959794178167294,0.5004017351763699,0.6268343404040021,0.499999999998756,0.500000000002222,0.4999999999977839,0.5000000000012456
184,0.6207137972534386,0.33869511643839256,0.49920343618128166,0.5007952968077886,0.5025459874490924,0.4999999999987798,0.4999999999897826,0.5000000000102175,0.5000000000012195
185,0.186550730326383,0.6820548548428458,0.5011721496225399,0.49882509604341363,0.4216167422077836,0.5000000000031918,0.4999999999990131,0.5000000000009854,0.4999999999968108
186,0.7037226158474679,0.0690976653710539,0.501410830110434,0.49858517772589545,0.4864048537802264,0.4999999999920797,0.49999999999928463,0.5000000000007128,0.5000000000079308
187,0.5219051573480195,0.47709014529074134,0.5003992754447264,0.4996004054585931,0.5869522398808318,0.49999999999413075,0.5000000000060556,0.4999999999939423,0.5000000000058711
188,0.2896642392012064,0.6450539733448586,0.5012137012761613,0.49878334540464286,0.47119229645832833,0.49999999999719125,0.5000000000009422,0.49999999999905415,0.5000000000028122
189,0.5207649367798994,0.47833448985463634,0.4985021323155998,0.5014933938516113,0.48406937204224193,0.5000000000018202,0.5000000000109476,0.49999999998905975,0.4999999999981781
190,0.6713204136312051,0.2221011081512818,0.5000262564516241,0.4999737421694977,0.503280385211747,0.4999999999930911,0.5000000000019024,0.49999999999809464,0.5000000000069087
191,0.34414186031146266,0.6177105956524979,0.5007753422161734,0.49922345360396947,0.3532333899268771,0.49999999999490397,0.49999999999865846,0.5000000000013419,0.5000000000050941
192,0.7067866360857485,0.02127577255466898,0.5011493221534934,0.4988480298699144,0.7118705049043551,0.49999999999993355,0.4999999999989916,0.5000000000010095,0.5000000000000656
193,0.7038454525340114,0.06783493898571194,0.5005983651443688,0.49940091791543273,0.5055328667922491,0.4999999999920682,0.4999999999985173,0.5000000000014745,0.5000000000079347
194,0.31217986917516183,0.6344633448568426,0.4992874255678221,0.500711560351727,0.37343669599630713,0.49999999999503797,0.49999999999754763,0.5000000000024571,0.5000000000049586
195,0.7066883491031436,0.024322514015772678,0.5000139776600095,0.4999860219492336,0.6903404275055536,0.4999999999999094,0.4999999999980888,0.5000000000019154,0.500000000000093
196,0.30460510730122015,0.6381345693550918,0.5009576569957174,0.49904050526721627,0.342097283702343,0.5000000000049392,0.5000000000011848,0.4999999999988126,0.4999999999950574
197,0.3842524135810077,0.5935908377469887,0.4998829538114887,0.5001170187953075,0.5017486256842949,0.500000000002446,0.4999999999979921,0.500000000002013,0.4999999999975558
198,0.6769404982655376,0.20433200664783166,0.5013316092966505,0.49866483485406554,0.6961704812730009,0.5000000000069746,0.500000000008506,0.49999999999149614,0.4999999999930222
199,0.7020450435363219,0.08445565017263316,0.4984685545775882,0.5015267690735237,0.582462994684232,0.5000000000079943,0.5000000000033018,0.499999999996696,0.49999999999200423
200,0.4556580385011394,0.5407178117551588,0.49981077264620016,0.500189155766904,0.538838465060852,0.4999999999978651,0.500000000002059,0.499999999997941,0.5000000000021283
201,0.2033276502907715,0.6772428422543021,0.49845864834591214,0.5015366147044115,0.39196774562469483,0.49999999999685857,0.49999999999668243,0.5000000000033127,0.5000000000031388
202,0.33995453004525794,0.6200249344120886,0.49831854799025294,0.5016758163683812,0.4318610247716107,0.5000000000026198,0.5000000000036808,0.4999999999963151,0.4999999999973858
203,0.4191148126911216,0.5695109953134191,0.501499580160176,0.49849590880886097,0.3618761318949015,0.49999999999459543,0.49999999999941475,0.5000000000005904,0.5000000000054
204,0.6513656781414893,0.2751776759464228,0.5005198705910751,0.49947958831517336,0.6665077916055046,0.5000000000009753,0.5000000000015411,0.4999999999984606,0.4999999999990216
205,0.6933460918685039,0.13882073784689206,0.49952428486862355,0.5004752629516219,0.6704397736913573,0.5000000000004802,0.5000000000022742,0.49999999999773087,0.49999999999952494
206,0.6892014398357725,0.15811823343565393,0.5012824757266963,0.498714226315348,0.7030169466867501,0.5000000000005544,0.5000000000008704,0.4999999999991317,0.49999999999944816
207,0.21144005546003192,0.674754106126621,0.4986791416521329,0.5013173781957865,0.363977282586117,0.4999999999968957,0.49999999999532824,0.5000000000046771,0.5000000000031056
208,0.5252682535884291,0.47338489812430734,0.5016075363634981,0.4983872785930031,0.6074894061476691,0.49999999999820566,0.5000000000003813,0.49999999999961664,0.5000000000017936
209,0.7003337354010528,0.09763533714395506,0.501418829775003,0.498577132595415,0.48452978230297045,0.5000000000080431,0.49999999999929357,0.500000000000706,0.4999999999919627
210,0.2112553541736982,0.6748119561180972,0.501465931861913,0.4985297575690577,0.3264185014284562,0.5000000000031007,0.499999999992947,0.5000000000070535,0.4999999999968993
211,0.2194272649756232,0.6721991337284802,0.5011752239719897,0.4988220072096099,0.3299327687379875,0.5000000000046135,0.49999999999901534,0.500000000000983,0.4999999999953881
212,0.6585744964004796,0.25744831071664553,0.49854038589027133,0.5014553655475011,0.6134534533082365,0.49999999999907685,0.500000000003192,0.4999999999968069,0.5000000000009232
213,0.0669104027286298,0.7039339496173214,0.4992445931714267,0.500754267269978,0.3461632588703478,0.5000000000036198,0.49999999999479783,0.5000000000051983,0.49999999999638
214,0.5426760750103014,0.45332403158382295,0.501258460027884,0.4987383645264068,0.4120973767081361,0.49999999999399986,0.5000000000008953,0.49999999999910577,0.5000000000059974
215,0.05003250323260234,0.7053344941375514,0.5003064618290513,0.4996933502180057,0.3444590110594134,0.4999999999959809,0.5000000000017013,0.49999999999829725,0.5000000000040152
216,0.6382509209008482,0.3043612359831969,0.4983287488591107,0.5016656835588,0.5821789008499707,0.4999999999989168,0.5000000000036351,0.4999999999963698,0.5000000000010834
217,0.37271751998540475,0.6009006991974045,0.49837094885256256,0.501623760740853,0.4520678189292885,0.4999999999947905,0.5000000000041924,0.49999999999580785,0.5000000000052099
218,0.5962544454782253,0.38010608551751934,0.501410033352745,0.4985859789977991,0.6474861023602914,0.5000000000013909,0.5000000000007139,0.4999999999992809,0.4999999999986069
219,0.5694661182066747,0.41917578677044776,0.5013908971905779,0.49860522281101505,0.42152958879841707,0.49999999999844336,0.49999999999304673,0.5000000000069481,0.5000000000015591
220,0.5708517296841963,0.417286835062599,0.4983428762867716,0.5016516497074713,0.5241950683379002,0.5000000000061422,0.4999999999964176,0.5000000000035828,0.49999999999385736
221,0.5836501981608134,0.39918974477884495,0.4983682972239913,0.5016263951608383,0.5275278909577249,0.5000000000014737,0.500000000004181,0.4999999999958171,0.49999999999852834
222,0.7070207415282217,0.011030460130990459,0.4997997518637076,0.5002001679697575,0.5288170907750267,0.5000000000000364,0.5000000000056176,0.4999999999943799,0.49999999999996564
223,0.6881307811739695,0.16271458217239668,0.4988816271648015,0.5011158768961536,0.6470620526164662,0.49999999999942896,0.5000000000028066,0.49999999999719447,0.5000000000005704
224,0.40554289728414344,0.5792537945170322,0.4991276006306449,0.5008708798569668,0.4077581000886163,0.4999999999899529,0.5000000000025812,0.4999999999974156,0.5000000000100446
225,0.1548759993216037,0.6899372615203022,0.500452537062841,0.49954705298636526,0.33490901216533614,0.500000000004386,0.49999999999840644,0.5000000000015905,0.4999999999956134
226,0.6995049793274867,0.10340591809008647,0.498574640962122,0.501421307275121,0.6394179712647654,0.49999999999963873,0.5000000000031443,0.4999999999968562,0.5000000000003627
227,0.6299759405145635,0.3211390888272516,0.5012239003641494,0.49877309641133283,0.665266557378783,0.5000000000065387,0.49999999999324474,0.5000000000067549,0.49999999999346784
228,0.6877871756675562,0.16416092176355276,0.5016896825700493,0.49830458798084487,0.47208179164561753,0.49999999999288103,0.5000000000000179,0.4999999999999787,0.5000000000071169
229,0.09116912445468311,0.7012048189613111,0.5005862818088274,0.49941302993095005,0.3383492131191491,0.5000000000112312,0.5000000000014907,0.4999999999985082,0.4999999999887743
230,0.5651794880906461,0.4249378145583185,0.498601720202693,0.5013943803144496,0.5637270184723678,0.4999999999984213,0.49999999999688943,0.5000000000031062,0.5000000000015836
231,0.034695409710964464,0.7062550732879649,0.498355763285334,0.5016388473795571,0.3544313262033091,0.5000000000037288,0.5000000000035403,0.4999999999964582,0.4999999999962718
232,0.4028808168410085,0.5811084696891774,0.49854907289600303,0.501446728890054,0.47692846499341396,0.49999999999764183,0.49999999999682004,0.5000000000031796,0.5000000000023614
233,0.5469608968031234,0.44814481740651296,0.5007055195238836,0.499293483552827,0.6069254872861732,0.4999999999983194,0.5000000000013967,0.49999999999860284,0.5000000000016747
234,0.28920455251081234,0.6452602008546819,0.4985046614675169,0.5014908797726618,0.38971704939407936,0.5000000000028245,0.49999999999555583,0.5000000000044463,0.49999999999717937
235,0.7071028071211242,0.0023706879862119977,0.49832336845731695,0.5016710281143946,0.6028126793267562,0.49999999999231043,0.5000000000036595,0.49999999999634126,0.5000000000076938
236,0.31247208383492525,0.6343194753622626,0.4983543995545455,0.5016402021814385,0.4065227175415015,0.49999999999727684,0.49999999999586037,0.5000000000041459,0.5000000000027199
237,0.6868775008454405,0.16792646852809295,0.5009934487177216,0.49900457346793736,0.4870320363608346,0.5000000000082696,0.49999999999884376,0.5000000000011507,0.4999999999917253
238,0.39483938389450535,0.586601961235903,0.4999317259475794,0.5000682647309992,0.38392117743274584,0.5000000000053005,0.49999999999802797,0.5000000000019705,0.49999999999470013
239,0.3488512590257207,0.6150632480291474,0.5004731068478139,0.49952644506782146,0.49284339351787737,0.5000000000025746,0.4999999999984239,0.5000000000015749,0.4999999999974205
240,0.619191168464885,0.34147078483391996,0.500330052766715,0.4996697292196646,0.6433816374648637,0.5000000000012356,0.4999999999983182,0.5000000000016788,0.4999999999987674
241,0.6350499228129479,0.3109848799142322,0.5016863436796525,0.49830794953054475,0.6756434144355433,0.500000000008794,0.5000000000076057,0.4999999999923888,0.49999999999120676
242,0.6908554804499203,0.15072727825995072,0.4984035731258053,0.5015913459136111,0.6219095122523038,0.4999999999928322,0.4999999999957299,0.5000000000042681,0.5000000000071655
243,0.11583482070680991,0.6975545100761508,0.49934418731815766,0.5006549536273148,0.3439169529843967,0.5000000000042513,0.5000000000024111,0.4999999999975892,0.4999999999957472
244,0.160238069004841,0.6887116677112421,0.4983501217323546,0.5016444519471408,0.3751943714089697,0.49999999998790645,0.49999999999644057,0.5000000000035596,0.5000000000120943
245,0.44959014163595623,0.5457734919760799,0.5005329462670718,0.49946648506301966,0.39043999710713745,0.5000000000098509,0.5000000000015322,0.49999999999847095,0.4999999999901527
246,0.6716469206538437,0.2211117680636061,0.4983100352939176,0.5016842719533622,0.5960196309502671,0.49999999999308586,0.5000000000039468,0.49999999999605377,0.5000000000069188
247,0.6427217575986356,0.29480288721333037,0.49840822107733374,0.5015867274585,0.5945655729008802,0.5000000000066387,0.5000000000042756,0.4999999999957245,0.4999999999933565
248,0.06097822455278919,0.7044726085025527,0.49853624150358994,0.5014594858086469,0.359686282556809,0.5000000000036323,0.5000000000031968,0.4999999999968016,0.49999999999636896
249,0.16269383352819963,0.6881356817749688,0.4994989980108195,0.5005005004854494,0.3441969078530645,0.5000000000121084,0.49999999999460065,0.5000000000053976,0.4999999999878943
250,0.5691747041547437,0.4195713994976425,0.49901376515993895,0.5009842933475058,0.48345644851742414,0.49999999999843886,0.5000000000050097,0.49999999999498895,0.5000000000015612
251,0.5228326469985395,0.4760735481335922,0.4996397886347638,0.5003599520475379,0.5726040374171935,0.5000000000018158,0.5000000000021927,0.4999999999978134,0.49999999999819156
252,0.6795518937614263,0.19547179767235295,0.4984173801932085,0.5015776262168545,0.5744498103600723,0.5000000000070219,0.4999999999966035,0.5000000000033926,0.4999999999929804
253,0.08836776886729515,0.701563352479166,0.49897465915753886,0.5010232424934252,0.3690584132412955,0.4999999999964536,0.5000000000027252,0.4999999999972828,0.5000000000035486
254,0.13889268948703398,0.693331686938146,0.4997080719521518,0.5002917577033033,0.3905512110288957,0.5000000000033676,0.4999999999978608,0.500000000002137,0.49999999999663297
255,0.5745979577171916,0.4121130828323747,0.5006027835796911,0.4993964888465551,0.6215974725162813,0.5000000000061658,0.49999999999379013,0.5000000000062125,0.49999999999383227
256,0.44280183677986695,0.551295323165707,0.49951809856825335,0.5004814374207641,0.5259124873333992,0.5000000000055149,0.49999999999458533,0.5000000000054124,0.4999999999944906
257,0.03512172056247182,0.7062340014079851,0.4986522319381256,0.5013441448577308,0.35036737438849336,0.5000000000039633,0.4999999999969537,0.5000000000030501,0.4999999999960391
258,0.2385418306021394,0.6656559134064534,0.4983176366654017,0.501676721592901,0.386783477679445,0.5000000000106968,0.49999999999630484,0.5000000000036877,0.4999999999893029
259,0.03851603418377087,0.7060570197305297,0.4984907126409249,0.5015047451527682,0.35081891652237396,0.4999999999960164,0.4999999999967337,0.5000000000032666,0.5000000000039868
260,0.6236521533261588,0.33325364725287343,0.4986962863920817,0.5013003230985865,0.525301774299888,0.5000000000088951,0.49999999999700007,0.5000000000030006,0.4999999999911035
261,0.6066817814781856,0.363231628609701,0.5016626118063668,0.4983318411617013,0.6577056047939994,0.5000000000013158,0.4999999999997764,0.5000000000002205,0.4999999999986851
262,0.6579474356301499,0.2590466597887602,0.4984724215431267,0.5015229256583765,0.6086882254356318,0.5000000000067772,0.5000000000044009,0.49999999999560546,0.4999999999932268
263,0.028436188770580007,0.7065347713794446,0.49944651590184214,0.5005528720859651,0.3579496550231582,0.5000000000037614,0.4999999999976732,0.5000000000023246,0.4999999999962389
264,0.4493436264240823,0.5459764696322151,0.5016599738497562,0.498334496735932,0.36894236165002947,0.4999999999944711,0.5000000000002279,0.49999999999976513,0.5000000000055316
265,0.027286230444565563,0.7065801169300147,0.4988569522787427,0.5011404405584937,0.3500393243583786,0.49999999999625366,0.49999999999513695,0.5000000000048601,0.5000000000037474
266,0.6704216537468369,0.22479947995347424,0.5005115479358604,0.49948792816529125,0.4901767830491306,0.49999999999921213,0.5000000000061448,0.4999999999938617,0.5000000000007843
267,0.37235589081839815,0.6011248543961866,0.5016877736686991,0.49830650984242925,0.5202666818113317,0.4999999999975163,0.49999999999993955,0.5000000000000595,0.5000000000024832
268,0.6418899141851439,0.29660974034476234,0.49839693363403414,0.5015979431219683,0.5930824445646139,0.4999999999912495,0.5000000000042517,0.4999999999957456,0.5000000000087492
269,0.6574797744352343,0.26023133210394445,0.49910285221282447,0.500895540919477,0.5254377204065189,0.49999999999906936,0.5000000000050784,0.49999999999491374,0.5000000000009308
270,0.32152978506281005,0.6297766249373399,0.49830628495488677,0.50168799704045,0.4173979171558814,0.5000000000050087,0.5000000000037832,0.49999999999621636,0.49999999999499517
271,0.3925475346759071,0.5881381070971956,0.5011901471277294,0.4988070132045865,0.35969104311057726,0.5000000000052873,0.5000000000009648,0.49999999999903083,0.49999999999471767
272,0.6755997374439943,0.20872230806554942,0.5015468783960352,0.49844832106366754,0.46883069638618086,0.5000000000084203,0.5000000000005065,0.49999999999949,0.499999999991584
273,0.7003929939756637,0.09720936873388668,0.4983910745024263,0.5016037647947978,0.5887728317471803,0.4999999999996621,0.5000000000042367,0.49999999999576145,0.5000000000003335
274,0.6921497107324411,0.1446678192722906,0.500118959201162,0.49988101248951494,0.5116952251108275,0.5000000000081959,0.5000000000018362,0.49999999999816014,0.49999999999180633
275,0.0067159900045495845,0.7070748920224091,0.498641495318066,0.5013548235999741,0.3526851988718146,0.5000000000038477,0.5000000000046235,0.49999999999537464,0.49999999999615075
276,0.2902912524917294,0.6447720440022008,0.5013082881175288,0.498688279654408,0.3349157387747658,0.4999999999894992,0.49999999999916434,0.5000000000008362,0.5000000000104939
277,0.7001475943261416,0.09896133668919954,0.5013833653985733,0.498612796568241,0.7114245545413715,0.5000000000003431,0.5000000000007498,0.49999999999925165,0.4999999999996536
278,0.6446469733115379,0.2905688899388178,0.4993988829092539,0.5006003952744997,0.5078967782200637,0.4999999999989692,0.500000000005327,0.49999999999466926,0.5000000000010344
279,0.17291416622123568,0.6856388926541536,0.4987279876419902,0.501268784528396,0.35629447760008104,0.4999999999878618,0.49999999999527245,0.5000000000047323,0.5000000000121375
280,0.6404189033175188,0.29977262762564694,0.4985237022349829,0.5014719516682087,0.6018815300343021,0.4999999999933763,0.5000000000109047,0.49999999998909167,0.5000000000066223
281,0.6611867501944794,0.2506632967428543,0.5002122758159735,0.4997876340236925,0.6664649593410574,0.49999999999910727,0.49999999999823,0.500000000001766,0.5000000000008916
282,0.42658376991033375,0.5639381945294023,0.5005305554578142,0.4994688809656636,0.3821470530868562,0.499999999994563,0.5000000000015304,0.49999999999847006,0.5000000000054318
283,0.6035140173521013,0.36847093624806854,0.49995969476804236,0.5000403019831943,0.47060100416782435,0.49999999999866357,0.4999999999942607,0.5000000000057377,0.5000000000013373
284,0.6246820145363732,0.33131915235130044,0.4983123988253362,0.5016819243075595,0.5705619972393036,0.4999999999935097,0.5000000000039655,0.4999999999960315,0.5000000000064964
285,0.3459056222126733,0.6167246553541247,0.4983596927510162,0.5016349436005405,0.4184365041495938,0.49999999999739836,0.5000000000041626,0.4999999999958424,0.5000000000026024
286,0.3679228642315581,0.6038482971538803,0.49907001930465555,0.5009282541754396,0.3957800037280625,0.5000000000051892,0.5000000000026351,0.49999999999736816,0.49999999999480554
287,0.1115440577451538,0.6982534806083981,0.5008058269611796,0.49919287222648473,0.33508822079913614,0.49999999999576406,0.5000000000013157,0.49999999999868294,0.5000000000042328
288,0.08839597304498852,0.7015597992683398,0.4984726790329497,0.5015226697345937,0.3524439741011354,0.49999999999585354,0.5000000000032966,0.499999999996704,0.5000000000041502
289,0.15631341081202313,0.6896130201789332,0.5015585212739634,0.49843660553521996,0.4110228775162146,0.5000000000033005,0.4999999999995113,0.5000000000004862,0.49999999999669786
290,0.6941146480183726,0.13492537108247965,0.4983913650703125,0.5016034760877841,0.5852349302743763,0.49999999999183387,0.5000000000034487,0.49999999999654915,0.500000000008163
291,0.520672282262071,0.4784353399196258,0.5014257897073046,0.4985701328964695,0.6022854275041281,0.49999999999818256,0.4999999999993016,0.5000000000006958,0.5000000000018192
292,0.7044149161306794,0.06164110586777556,0.49830700087666846,0.5016872859434464,0.6136697606351009,0.500000000000213,0.5000000000037748,0.4999999999962268,0.4999999999997816
293,0.7071300122454062,0.0,0.49931361820971293,0.5006854408411753,0.5445035108465107,0.5000000000077174,0.499999999997566,0.5000000000024312,0.4999999999922797
294,0.1387387377217035,0.6933625045064045,0.5016437997766502,0.4983507782131371,0.3275210825552805,0.49999999999664546,0.5000000000079775,0.4999999999920179,0.5000000000033602
295,0.46688197409397447,0.5310567067128145,0.501235205765718,0.49876173520128486,0.5679382562103659,0.49999999999791656,0.49999999999907985,0.5000000000009186,0.5000000000020888
296,0.4298546406412629,0.5614490074077655,0.498557798789963,0.501438053268503,0.4391935174899668,0.5000000000054378,0.5000000000031661,0.4999999999968333,0.49999999999455674
297,0.1550983929556478,0.6898873065738507,0.50060679340992,0.4993924692982897,0.3338881722652591,0.4999999999956148,0.5000000000014765,0.4999999999985293,0.5000000000043883
298,0.6929636624628417,0.14071731416594938,0.5010481954453712,0.49894960250604103,0.7015074591820796,0.5000000000004914,0.49999999999889677,0.5000000000011027,0.49999999999950256
299,0.5361128940078762,0.4610672021283941,0.4997653711918236,0.5002345187584559,0.44405143975261374,0.4999999999905705,0.5000000000020949,0.49999999999791045,0.5000000000094355
300,0.6771583167614761,0.2036089733797665,0.49982874557165596,0.5001711957922643,0.6681020346695565,0.5000000000069766,0.5000000000056442,0.49999999999435474,0.49999999999302147
301,0.5134816647966581,0.48614460803104126,0.49889187456282774,0.5011056749780316,0.5473349873582632,0.5000000000018553,0.5000000000027954,0.49999999999720557,0.4999999999981472
302,0.17066053448895238,0.6862033147677675,0.5007369294367264,0.4992619828289284,0.41104129660594174,0.5000000000032527,0.5000000000013725,0.499999999998622,0.4999999999967474
303,0.4190342143531443,0.5695703032317309,0.5010487240273137,0.49894907170030844,0.5381112172915031,0.4999999999976977,0.500000000001104,0.49999999999889494,0.500000000002297
304,0.707084780001805,0.005577982591898992,0.500128834782869,0.49987113201177547,0.6929777658383577,0.5000000000000127,0.49999999999817063,0.5000000000018336,0.49999999999998396
305,0.3124710437366231,0.6343199877239781,0.49832534502220976,0.5016690647314176,0.4218346356696267,0.5000000000049639,0.5000000000040399,0.49999999999596,0.4999999999950387
306,0.23197470484360286,0.6679728559700026,0.5016762665887828,0.49831809473622046,0.44702464195741964,0.5000000000123609,0.49999999999984285,0.5000000000001538,0.4999999999876377
307,0.6509406688899209,0.276181544613583,0.5014930317686079,0.4985024965710114,0.6825406307718787,0.500000000000979,0.4999999999994068,0.5000000000005946,0.4999999999990233
308,0.5396151200803297,0.45696337444628665,0.4985030969841249,0.5014924349351984,0.5442923916527582,0.499999999998278,0.49999999999675143,0.5000000000032467,0.5000000000017257
309,0.6869117591052644,0.1677862783510922,0.498561265605239,0.5014346063427422,0.6313476926552234,0.5000000000005808,0.5000000000031606,0.4999999999968381,0.49999999999941835
310,0.5607211807269328,0.4308036182347961,0.4996866218854102,0.5003131818258931,0.45766582160477726,0.5000000000060897,0.49999999999785033,0.500000000002152,0.4999999999939081
311,0.42999496236959145,0.5613415522224113,0.4986083483251085,0.5013877890221375,0.4927208617294481,0.49999999999455436,0.4999999999954101,0.5000000000045903,0.500000000005444
312,0.4068216506524037,0.578356416546455,0.4987678080479945,0.5012291628137734,0.42018799553773906,0.49999999999465966,0.5000000000029134,0.49999999999708394,0.5000000000053435
313,0.6708816577788156,0.2234229201669994,0.49831177739621707,0.5016825415621157,0.5961742469792123,0.5000000000007895,0.4999999999962715,0.5000000000037296,0.499999999999212
314,0.6997722248749842,0.10158165825341653,0.4984320516807627,0.5015630467421923,0.5843613681057198,0.4999999999919469,0.500000000003371,0.49999999999663436,0.5000000000080528
315,0.6835186809616013,0.18111381166689763,0.5006465683759815,0.4993525944393926,0.4936715465577342,0.5000000000070512,0.5000000000014452,0.499999999998554,0.49999999999294864
316,0.2892463608061024,0.6452414608194578,0.5011383914003844,0.49885901080829814,0.47017688269816876,0.5000000000028139,0.49999999999898315,0.5000000000010156,0.49999999999718825
317,0.5770818550125058,0.40862762096477234,0.5015115412960309,0.4984838753128097,0.4225724144420554,0.49999999999079436,0.5000000000005687,0.4999999999994289,0.5000000000092102
318,0.6537682517441428,0.2694198951450565,0.5013826363759251,0.49861352964067,0.46145996698290903,0.49999999999135264,0.5000000000007481,0.49999999999925254,0.5000000000086458
319,0.562421191979613,0.4285818507732533,0.49896342084883744,0.5010344345998801,0.5769430811935793,0.5000000000015882,0.49999999999726835,0.5000000000027274,0.49999999999840783
320,0.3784289959635756,0.5973202616804525,0.49974724624572,0.5002526260498956,0.496570827011213,0.4999999999947696,0.4999999999944156,0.5000000000055816,0.5000000000052348
321,0.6323289257335943,0.31648086252294494,0.4994303874776018,0.5005689643435456,0.5008288574919483,0.5000000000065551,0.49999999999765415,0.5000000000023433,0.499999999993446
322,0.5200186673259611,0.4791456868244159,0.4985488238488708,0.5014469764979231,0.53641938672447,0.5000000000058652,0.4999999999954906,0.5000000000045106,0.49999999999413136
323,0.4402639478626733,0.5533241902290175,0.5016740098741714,0.49832036664857526,0.3659558067004381,0.5000000000054869,0.499999999999829,0.5000000000001719,0.4999999999945159
324,0.7022302701615789,0.08290143411294706,0.4990808058949326,0.5009175073674961,0.5504759825700434,0.5000000000002889,0.5000000000050683,0.4999999999949328,0.49999999999971
325,0.2471725753762285,0.6624995984767726,0.5013143759092382,0.49868215980394853,0.32937131214529897,0.49999999999527306,0.49999999999916506,0.500000000000835,0.5000000000047294
326,0.3156078555900089,0.6327651089880106,0.4992190816271876,0.5007797006062694,0.4558214545460444,0.49999999998959954,0.5000000000051807,0.4999999999948168,0.500000000010399
327,0.6039224724390952,0.3678010974467779,0.5015885178971273,0.4984064192140406,0.4330446145482759,0.5000000000013421,0.5000000000081178,0.4999999999918811,0.49999999999866196
328,0.6629814662096875,0.2458771552268614,0.49962316637254495,0.5003765498340912,0.654576332937349,0.49999999999913175,0.49999999999780204,0.5000000000021946,0.5000000000008695
329,0.6119290108309965,0.3543203151152892,0.5013754925899173,0.49862071299758337,0.44119854776869555,0.5000000000064091,0.5000000000007618,0.499999999999239,0.4999999999935908
330,0.21756592185043752,0.6728038864701732,0.5008721766265528,0.49912629932851227,0.33273164817768464,0.49999999999538874,0.5000000000012569,0.4999999999987396,0.5000000000046118
331,0.4203449044604981,0.5686036944077053,0.5013146095617654,0.4986819249180068,0.5424284772705982,0.5000000000022912,0.5000000000008308,0.4999999999991633,0.49999999999770534
332,0.6640261302118436,0.24304176265795532,0.5009722449374189,0.4990258608552867,0.47581988047849416,0.5000000000085494,0.5000000000011678,0.4999999999988296,0.499999999991453
333,0.6536111959850133,0.2698006754680853,0.4990289099459977,0.500969207674595,0.6318938964513225,0.4999999999990375,0.5000000000026729,0.4999999999973294,0.5000000000009572
334,0.06647690241515254,0.7039750147876628,0.5002088023676544,0.49979111039905044,0.3706994886992566,0.49999999999638634,0.49999999999823275,0.5000000000017664,0.5000000000036176
335,0.6071540776856085,0.36244162612363934,0.5003373079887217,0.4996624643042522,0.4626146221327282,0.49999999999868994,0.4999999999939866,0.5000000000060126,0.5000000000013123
336,0.37532047923842615,0.5992783475683375,0.5006966483546682,0.4993023796522546,0.5093983900394403,0.500000000002485,0.4999999999985969,0.5000000000014058,0.49999999999751416
337,0.570245618914485,0.4181147379713312,0.5007247230950765,0.49927422493191037,0.6210993507977561,0.5000000000015473,0.49999999999861694,0.5000000000013841,0.4999999999984518
338,0.39532017631858946,0.5862780606272774,0.5016828996733249,0.4983114168623507,0.3520839176983953,0.5000000000052968,0.5000000000001136,0.4999999999998854,0.4999999999947024
339,0.7059453756193491,0.040510821290795244,0.49899330341505665,0.501004673777528,0.5559753770993034,0.49999999999244493,0.5000000000027008,0.4999999999972974,0.500000000007554
340,0.5779880637441009,0.4073448148305604,0.49830534609663885,0.50168892956842,0.5417017626659284,0.5000000000091915,0.49999999999610734,0.5000000000038911,0.4999999999908071
341,0.44668686068581887,0.5481522128849315,0.5015290773179993,0.4984662321607818,0.3705159100371327,0.5000000000055137,0.5000000000005447,0.49999999999946565,0.4999999999944859
342,0.6679500961814783,0.23204023331217147,0.5016891612426484,0.49830511284919365,0.4620777568441225,0.49999999999148814,0.4999999999999597,0.5000000000000402,0.500000000008508
343,0.6505040390024948,0.27720841176999333,0.4993339391230223,0.5006651747823968,0.6393966969152949,0.49999999999901384,0.5000000000024207,0.49999999999758143,0.5000000000009813
344,0.5945738755114527,0.38272955572329437,0.5016289833189221,0.4983656921322197,0.42790122774830974,0.500000000006294,0.4999999999996704,0.5000000000003317,0.4999999999937112
345,0.7062272601200382,0.03525701438501578,0.49830452979930745,0.5016897403590086,0.6100532837951167,0.5000000000078134,0.5000000000038226,0.49999999999617595,0.4999999999921881
346,0.3185218730596629,0.6313032681545112,0.5007774307875379,0.49922135853129457,0.48091831979420185,0.5000000000027042,0.49999999999865885,0.50000000000134,0.4999999999972987
347,0.49196480829094624,0.5079080895233418,0.5009649887590398,0.49903314522950903,0.5785409208663242,0.5000000000057224,0.49999999999348865,0.5000000000065127,0.4999999999942763
348,0.6726764540521879,0.2179596202591918,0.49849808332612283,0.5014974186575429,0.5637131637214622,0.4999999999992265,0.5000000000044348,0.4999999999955623,0.500000000000769
349,0.07531555123426648,0.7030843247735477,0.5015862960220906,0.49840865526477424,0.3790731035702308,0.5000000000117953,0.5000000000004317,0.4999999999995694,0.4999999999882017
350,0.3076304018802695,0.6366816610046903,0.499746479520928,0.5002533919989333,0.461296215132863,0.5000000000049472,0.5000000000055853,0.4999999999944146,0.499999999995054
351,0.3636062428525924,0.6064573410790624,0.4987745220650751,0.5012224816772978,0.4037409532609168,0.49999999999748246,0.5000000000047733,0.4999999999952201,0.5000000000025159
352,0.2964196277110638,0.6419777300415292,0.498307353522787,0.5016869356731469,0.40771062754962983,0.5000000000027764,0.49999999999607814,0.5000000000039181,0.49999999999721995
353,0.19260700705653577,0.6803694149744852,0.501501935667989,0.4984935390968152,0.42706471784685834,0.4999999999968298,0.5000000000005922,0.4999999999994158,0.5000000000031701
354,0.06639023546770056,0.7039831934318784,0.4983231983766175,0.5016711970600786,0.3540676981094395,0.5000000000040774,0.4999999999963335,0.5000000000036605,0.4999999999959251
355,0.650286027496901,0.27771943115722936,0.49985311532436516,0.5001468415380903,0.49731229118581677,0.49999999999901285,0.5000000000056625,0.4999999999943384,0.5000000000009827
356,0.26378992912668553,0.6560601193519221,0.499473756097696,0.5005256906190283,0.4369372357658405,0.5000000000029103,0.4999999999976886,0.5000000000023075,0.49999999999709327
357,0.6385980109715728,0.3036323222449725,0.501668343395471,0.4983260711972048,0.44788985979051826,0.5000000000066063,0.4999999999998028,0.5000000000001951,0.49999999999339434
358,0.29171296866343455,0.6441300675434751,0.5016288164579665,0.49836586008571865,0.33144614776667775,0.5000000000048841,0.49999999999966965,0.5000000000003288,0.49999999999511185
359,0.18727364682877284,0.6818567160360356,0.5006962296333072,0.499302799542509,0.3328799709770268,0.49999999999549255,0.5000000000014022,0.4999999999985944,0.5000000000045025
360,0.2261079006914915,0.6699815051513701,0.49991145096868495,0.5000885333522316,0.3450862714472724,0.4999999999969534,0.5000000000096784,0.4999999999903238,0.5000000000030556
361,0.5984643963492283,0.37661700214189464,0.500857911398058,0.4991406140457556,0.44633591906057674,0.4999999999936853,0.4999999999858881,0.5000000000141109,0.5000000000063091
362,0.6782479876834957,0.19994916154685688,0.4990133805773389,0.5009846764171296,0.6461146428090486,0.49999999999301026,0.4999999999949922,0.5000000000050082,0.5000000000069924
363,0.029123109826366636,0.706506790111775,0.5016076718097913,0.4983871422714962,0.3640387479855699,0.4999999999962663,0.499999999999606,0.5000000000003821,0.500000000003736
364,0.48338655792413615,0.516078904449947,0.49868201297959486,0.5013145219626225,0.456408116167249,0.49999999999430517,0.5000000000030062,0.49999999999698747,0.5000000000056967
365,0.613448198308474,0.3516835338654529,0.4988452245634251,0.5011521145623014,0.5126996711172809,0.5000000000089734,0.5000000000028395,0.4999999999971607,0.49999999999103284
366,0.7005078314554928,0.0963783070484149,0.4992607960767645,0.5007381126904531,0.6674513565961702,0.5000000000003342,0.4999999999975274,0.5000000000024742,0.4999999999996616
367,0.13349716684759885,0.694390744785427,0.5005203861498582,0.49947907168208416,0.3348584074882149,0.5000000000043131,0.4999999999984612,0.5000000000015387,0.49999999999568256
368,0.7024390362232333,0.08111350312847725,0.5015872805078482,0.49840766450040147,0.7160715807024981,0.5000000000002846,0.5000000000004313,0.4999999999995724,0.49999999999971406
369,0.37136441050024094,0.6017378786596457,0.5016875208570487,0.49830676436940613,0.3458754027364641,0.5000000000101891,0.4999999999999291,0.5000000000000696,0.499999999989813
370,0.277346990012057,0.6504449608777464,0.5010058318296642,0.498992140692288,0.33713742196496715,0.49999999999516653,0.5000000000011455,0.4999999999988606,0.5000000000048348
371,0.6969463230765902,0.11943965042455941,0.49904358762337403,0.5009545864167602,0.5490192112412227,0.5000000000072751,0.49999999999734224,0.5000000000026534,0.4999999999927222
372,0.5782155689161546,0.40702181251495284,0.5014268437934731,0.4985690727705784,0.6368187943055345,0.500000000001493,0.5000000000006921,0.49999999999930644,0.4999999999984968
373,0.3721007216538998,0.6012828393897915,0.4987002027271019,0.5012964270767799,0.468418340450546,0.4999999999975139,0.49999999999700967,0.5000000000029884,0.5000000000024891
374,0.7028718729737553,0.07727308834492044,0.5011100999535719,0.49888742991231405,0.49270101148102513,0.500000000015112,0.4999999999912613,0.5000000000087317,0.49999999998488476
375,0.2943880495563216,0.6429118728709456,0.5015580632780327,0.4984370663993494,0.47734851566017983,0.4999999999972104,0.500000000000486,0.49999999999951467,0.500000000002792
376,0.009080030224492566,0.7070484852547851,0.4995245417845307,0.5004750065237557,0.35182947426612854,0.5000000000038147,0.5000000000054183,0.4999999999945804,0.49999999999618305
377,0.41460385369524416,0.5728033209584709,0.500675363269355,0.49932372326488156,0.5305308747770326,0.4999999999976834,0.499999999998583,0.5000000000014219,0.5000000000023171
378,0.1568563779489758,0.6894897219659855,0.49835108679921897,0.5016434932160875,0.3744304453497666,0.5000000000033046,0.5000000000035616,0.49999999999644007,0.4999999999966995
379,0.5057473676325384,0.4941857988800674,0.4998715821648484,0.5001283848613366,0.42793223135603975,0.5000000000057966,0.4999999999979836,0.5000000000020146,0.49999999999420486
380,0.09160108619113141,0.7011485156574205,0.49842415624210573,0.5015708927702534,0.3632372717798702,0.49999999999647593,0.5000000000033853,0.49999999999661904,0.5000000000035234
381,0.6123978972964327,0.35350928613956384,0.5016533967913419,0.49834111759687655,0.6610392338350441,0.4999999999987193,0.5000000000002556,0.49999999999974015,0.5000000000012771
382,0.36856287542580934,0.6034578825090714,0.5013986721348476,0.4985974043067257,0.3496374443914654,0.5000000000025082,0.49999999999157996,0.5000000000084132,0.4999999999974955
383,0.3356961139939268,0.6223408383268612,0.5014329778480328,0.4985629034800416,0.497487865593662,0.4999999999872534,0.5000000000006798,0.49999999999931544,0.5000000000127507
384,0.34711103527521886,0.61604701865212,0.5016886669001219,0.4983056105483635,0.5061230244518284,0.500000000002597,0.5000000000000504,0.4999999999999486,0.49999999999740274
385,0.24377247509974934,0.6637582250276527,0.49859809746505324,0.5013979828481832,0.41057345456286215,0.49999999999701156,0.5000000000031123,0.49999999999688555,0.5000000000029834
386,0.6462641682462763,0.28695404656660595,0.49864867889683956,0.50134767879629,0.6121928635340427,0.49999999999896594,0.49999999999694644,0.5000000000030452,0.5000000000010354
387,0.050025422615557064,0.7053349963944269,0.4999675491440943,0.5000324487499314,0.36506022697251805,0.4999999999886367,0.500000000005749,0.4999999999942563,0.5000000000113648
388,0.4400198473609253,0.5535183230286698,0.5016050877406045,0.4983897430252183,0.5576345054402199,0.49999999999780764,0.5000000000003928,0.49999999999961015,0.5000000000021954
389,0.5797886440414756,0.4047778827327557,0.5016706706060295,0.49832372836709976,0.6413476816114357,0.5000000000014907,0.5000000000001789,0.49999999999981176,0.49999999999850886
390,0.5410698482053657,0.45523995800349226,0.5002301962703576,0.4997696977001745,0.4342016413211503,0.5000000000059877,0.5000000000017566,0.49999999999824785,0.49999999999401146
391,0.08005699105899129,0.7025602309998648,0.501357070862975,0.49863923581653563,0.38004376342934515,0.49999999998818284,0.4999999999992218,0.5000000000007792,0.50000000001182
392,0.7029687913799614,0.07638637539379604,0.49843344015414,0.5015616669325003,0.5859800509773786,0.4999999999925725,0.5000000000033648,0.4999999999966344,0.5000000000074334
393,0.18367688278423366,0.6828343942168533,0.5005083403703978,0.4994911422834895,0.33460916279624126,0.5000000000044941,0.5000000000015484,0.499999999998447,0.4999999999955069
394,0.549451739990516,0.4450873907688194,0.49919471955072825,0.5008039855798593,0.5766339086147055,0.4999999999983335,0.5000000000025355,0.49999999999746675,0.500000000001668
395,0.6260415343531679,0.32874305660307807,0.4984385496277688,0.5015565892747922,0.5877406969929894,0.49999999999881073,0.49999999999664246,0.5000000000033541,0.5000000000011928
396,0.6554912946838611,0.2652002441559914,0.4993568858594237,0.5006422880108842,0.5152617730375628,0.4999999999932528,0.4999999999975999,0.5000000000023949,0.5000000000067464
397,0.6174204518259025,0.344662132627156,0.5015671638243466,0.4984279087021532,0.6627635666584593,0.49999999999874795,0.49999999999953404,0.500000000000467,0.5000000000012532
398,0.7063783196902822,0.032088463215563696,0.5012031339420269,0.49879396400386844,0.49245757427590436,0.5000000000075842,0.5000000000009565,0.4999999999990455,0.49999999999241906
399,0.633708805945025,0.3137087039284333,0.49895982359321805,0.5010380169606201,0.5184107501711487,0.5000000000065603,0.4999999999972733,0.5000000000027328,0.49999999999343747
400,0.05363281245302017,0.7050698698911906,0.5000969764038808,0.4999030047836209,0.36630452837123484,0.5000000000036637,0.5000000000018533,0.49999999999814354,0.4999999999963376
401,0.6830930565288338,0.18271255053250562,0.5015905850555537,0.49840433884911384,0.4717277549613693,0.4999999999929464,0.49999999999957706,0.500000000000418,0.5000000000070517
402,0.5008991113280137,0.49909926895438667,0.5015909291993416,0.4984039925050125,0.5927866720123216,0.49999999999808037,0.5000000000004202,0.49999999999957534,0.5000000000019169
403,0.6965577883952591,0.1216850336972883,0.5006940335175212,0.49930500177742815,0.4992754342064629,0.499999999999582,0.5000000000062866,0.4999999999937157,0.5000000000004229
404,0.5730682526684895,0.414237586154947,0.5008232948126734,0.4991753473209294,0.6245224794479757,0.499999999998473,0.5000000000012956,0.49999999999869704,0.50000000000152
405,0.025304213758842186,0.7066538786588782,0.4993554269790923,0.5006437431412946,0.34956136514926694,0.5000000000037594,0.5000000000052907,0.49999999999470757,0.49999999999623884
406,0.684413711682526,0.17770163550442342,0.4995039440551134,0.5004955642894136,0.6644441324228736,0.4999999999993765,0.5000000000022812,0.4999999999977114,0.5000000000006224
407,0.39326076844882024,0.587661445214045,0.49888845003696314,0.5011090843516139,0.48458186061725506,0.4999999999975994,0.5000000000027998,0.4999999999971969,0.5000000000023977
408,0.633854863414578,0.31341348690963966,0.49889289200054165,0.5011046620331274,0.521519958635212,0.4999999999988673,0.49999999998951256,0.5000000000104866,0.5000000000011313
409,0.603343013385315,0.3687508755232022,0.498980294495292,0.5010176301343022,0.5018077233075222,0.5000000000090304,0.5000000000027132,0.4999999999972878,0.4999999999909703
410,0.6843735308382861,0.1778563394961711,0.5011865876012057,0.49881058971182507,0.4813135014357432,0.499999999992927,0.4999999999990303,0.5000000000009696,0.5000000000070662
411,0.2051405250965706,0.6766959229175644,0.4987391492932287,0.5012576792052829,0.36124848269108456,0.5000000000031268,0.5000000000047431,0.4999999999952569,0.4999999999968741
412,0.23797487027117425,0.665858814704305,0.5004802409626875,0.4995192973308769,0.33913563618485154,0.5000000000107025,0.4999999999984292,0.5000000000015737,0.49999999998930167
413,0.6175368795178333,0.34445348370335577,0.501643976406333,0.4983506004162558,0.6640627696309647,0.4999999999987588,0.4999999999997179,0.5000000000002826,0.5000000000012423
414,0.2227950443508096,0.671090432216642,0.5016007118249081,0.49839414713331537,0.3259799482352148,0.4999999999969327,0.49999999999271133,0.5000000000072883,0.500000000003066
415,0.7009957372857797,0.09276301152485476,0.5011384399015292,0.4988589620855388,0.7080408694232421,0.5000000000003214,0.5000000000010206,0.4999999999989792,0.4999999999996729
416,0.5958516429802663,0.38073720537625255,0.4994594648186229,0.5005399514555238,0.48143283939315695,0.5000000000090808,0.4999999999976795,0.500000000002324,0.49999999999092076
417,0.568634227648694,0.420303598778756,0.4989299278214421,0.5010677869551062,0.48644066881233766,0.4999999999907505,0.4999999999972399,0.5000000000027575,0.5000000000092499
418,0.6941740775008538,0.13461927975015117,0.4995192136408127,0.5004803244920519,0.6707965477213187,0.5000000000004656,0.4999999999977243,0.5000000000022813,0.4999999999995342
419,0.34183774926382415,0.6189886535133292,0.5009946182822612,0.49900339923913106,0.49545248399775743,0.5000000000026179,0.49999999999884387,0.5000000000011526,0.4999999999973837
420,0.1368618658990569,0.6937354176216084,0.4985781104883459,0.5014178574221985,0.35477003142755814,0.4999999999966229,0.5000000000045496,0.49999999999544803,0.5000000000033761
421,0.5337304658321509,0.46382301564562134,0.5016791244947838,0.49831521755425356,0.6136784116461653,0.4999999999982575,0.499999999999858,0.500000000000138,0.5000000000017458
422,0.5379245831498649,0.45895222283266796,0.4988903607952978,0.5011071820534365,0.4732750747196264,0.5000000000059528,0.5000000000027969,0.4999999999972018,0.4999999999940502
423,0.7061949922963546,0.03589753305161443,0.5009256538113092,0.4990726293373661,0.4988036991699728,0.49999999999218975,0.4999999999987841,0.5000000000012156,0.5000000000078104
424,0.5989087427830764,0.3759099863238426,0.5010704294450758,0.49892727399464426,0.6439678113039148,0.5000000000013695,0.4999999999989167,0.500000000001083,0.4999999999986275
425,0.3982270678771851,0.58430745537768,0.4987201246109288,0.5012766075811455,0.48155252518846753,0.4999999999976148,0.5000000000029697,0.49999999999703254,0.5000000000023851
426,0.32032512721227424,0.6303902121057123,0.5005298716758775,0.49946956620011573,0.3516969652314102,0.4999999999896231,0.5000000000015339,0.49999999999846856,0.5000000000103816
427,0.5095793459623077,0.4902335057588657,0.5009960493588496,0.49900196244786754,0.40405015072230827,0.5000000000058159,0.5000000000011493,0.4999999999988487,0.49999999999418543
428,0.6629109195051793,0.24606729509926728,0.5009845111258012,0.499013546521574,0.6817759040057808,0.50000000000682,0.5000000000065259,0.4999999999934715,0.49999999999318034
429,0.4376124187384918,0.5554235959750377,0.5016460710895804,0.4983484918813196,0.3645345569794781,0.4999999999945046,0.499999999999716,0.500000000000282,0.5000000000054906
430,0.6552698719212022,0.26574686254473145,0.4992885902340039,0.500710398995407,0.6408235510254232,0.5000000000067464,0.5000000000052337,0.4999999999947652,0.499999999993251
431,0.10344176435769604,0.6994996793327114,0.5014786947976495,0.4985169191351931,0.3886798503496904,0.5000000000034931,0.500000000000618,0.4999999999993811,0.4999999999965063
432,0.33504374823042427,0.6226922889932983,0.49987082103255254,0.5001291456016581,0.47662325814790835,0.5000000000026452,0.49999999999798345,0.5000000000020195,0.4999999999973602
433,0.17335306424616845,0.6855280609425637,0.5016852180385448,0.49830908280064323,0.41942403455237937,0.49999999998906586,0.49999999999221256,0.5000000000077882,0.50000000001093
434,0.3094387251323488,0.6358047515454357,0.5002144181876936,0.499785489822524,0.35443027712178393,0.5000000000027275,0.4999999999940718,0.5000000000059215,0.4999999999972676
435,0.5014851499896754,0.49851042550766755,0.5008760914210734,0.49912237080975436,0.4030391564731076,0.4999999999980925,0.5000000000064353,0.49999999999356626,0.5000000000019107
436,0.3737022860272214,0.6002887650273238,0.5003382462654765,0.4996615247584952,0.5035612971284839,0.49999999999751527,0.5000000000016739,0.4999999999983233,0.5000000000024856
437,0.7028728984425852,0.07726376016555027,0.4985933616598259,0.50140269216345,0.6425489829387863,0.49999999999257283,0.500000000004569,0.49999999999543254,0.5000000000074276
438,0.1741047803911152,0.685337531925815,0.5006060951997331,0.49939316920526183,0.33356799388190217,0.49999999999676575,0.5000000000062156,0.4999999999937842,0.5000000000032362
439,0.5954831373906961,0.3813133086554491,0.501408156275487,0.4985878666999584,0.647130701704543,0.4999999999986075,0.4999999999992811,0.5000000000007178,0.5000000000013907
440,0.2273885776844493,0.6695479337476371,0.5013468394367594,0.4986495227980991,0.32820421399685645,0.4999999999892652,0.49999999999920475,0.5000000000007951,0.5000000000107335
441,0.5772592702115035,0.4083769520368139,0.5013565217428693,0.49863978792901037,0.6351946376732716,0.4999999999984946,0.5000000000007824,0.4999999999992144,0.5000000000015014
442,0.5097340685659867,0.49007262660054796,0.5016083462136797,0.4983864635087653,0.3918160437058573,0.49999999999417716,0.49999999999961836,0.5000000000003784,0.5000000000058171
443,0.6558819578652586,0.2642325819175848,0.4983099208068927,0.501684385670339,0.5776522739433346,0.5000000000009427,0.49999999999605144,0.5000000000039458,0.4999999999990555
444,0.5728673672285635,0.4145153550408133,0.5013447363143243,0.4986516372879228,0.42416900294902155,0.5000000000061497,0.4999999999992048,0.5000000000008009,0.4999999999938477
445,0.7065938005191867,0.02692955751303193,0.4990099694079167,0.5009880741409988,0.6629586752854945,0.49999999999990713,0.499999999997314,0.5000000000026831,0.5000000000000889
446,0.4904782520778045,0.5093437780504454,0.4987825634183247,0.5012144794694654,0.530946168783709,0.5000000000019721,0.500000000002908,0.4999999999970945,0.4999999999980278
447,0.10727175422408841,0.6989225785061473,0.5014313708042943,0.4985645197698297,0.33284173404570666,0.4999999999957844,0.49999999999930805,0.5000000000006868,0.5000000000042105
448,0.1680767373259693,0.6868407512712829,0.498504408497994,0.5014911312357002,0.36074568525979883,0.5000000000044369,0.4999999999967527,0.5000000000032446,0.49999999999556316
449,0.4603578420723184,0.5367221415616408,0.5003369358371,0.4996628369582236,0.39856699734123974,0.49999999999019423,0.4999999999983244,0.5000000000016744,0.5000000000098015
450,0.47840965536693875,0.520695890806277,0.5003410310777757,0.49965873615901896,0.5611026725339594,0.5000000000133622,0.49999999999832345,0.5000000000016765,0.49999999998664096
451,0.6894813967035952,0.15689296992838989,0.5003835494839707,0.4996161560696588,0.5033277411229456,0.4999999999994557,0.499999999993951,0.5000000000060483,0.5000000000005514
452,0.5649246535965533,0.4252765403344208,0.5010902048313793,0.4989074128754247,0.6236940490573766,0.5000000000015797,0.5000000000010695,0.4999999999989339,0.49999999999842043
453,0.3090408073555319,0.6359982542342733,0.5007342048981122,0.4992647154016158,0.34633661869733073,0.499999999995048,0.5000000000013726,0.49999999999862865,0.5000000000049545
454,0.2943816481928104,0.642914804003828,0.49890958364191546,0.5010880435115713,0.3777371647445314,0.5000000000028031,0.4999999999950883,0.5000000000049157,0.49999999999719325
455,0.3715716404557571,0.6016099367605398,0.5000039469090989,0.4999960530597446,0.4973662079513893,0.5000000000101879,0.5000000000057714,0.49999999999422867,0.49999999998981537
456,0.5844048541757698,0.3980841197734453,0.4994573221460438,0.5005420894936888,0.47579336705083625,0.5000000000014644,0.4999999999946327,0.5000000000053725,0.4999999999985373
457,0.6180278740067519,0.34357175198311873,0.4990349008011864,0.500963239951153,0.611252323411858,0.5000000000141356,0.5000000000026678,0.4999999999973389,0.49999999998586153
458,0.7049404522833889,0.05530785418447085,0.5010967858841732,0.498900802942375,0.49416655231480267,0.5000000000001905,0.49999999999337136,0.5000000000066243,0.49999999999980926
459,0.4602596096858535,0.5368063819402872,0.4987747740827777,0.5012222308903155,0.5149021515808666,0.5000000000021004,0.4999999999970857,0.500000000002905,0.4999999999978954
460,0.46106309297813347,0.5361164279272173,0.5016309402329612,0.49836372239660565,0.570358635727755,0.5000000000020937,0.49999999999967887,0.5000000000003271,0.4999999999979087
461,0.7067373952271014,0.0228528813853629,0.49837561120495505,0.5016191285787385,0.5944681926268983,0.5000000000077727,0.5000000000034966,0.499999999996509,0.49999999999222916
462,0.5961230069425616,0.380312188331843,0.4995835853904642,0.5004160680957515,0.47772757547219735,0.49999999999861694,0.4999999999945379,0.5000000000054652,0.5000000000013798
463,0.40625692936216934,0.5787532352784044,0.5007580758314452,0.49924077306404735,0.37122586723442147,0.4999999999946528,0.5000000000013523,0.4999999999986469,0.5000000000053463
464,0.09205644578182078,0.7010888751007368,0.5014350630510761,0.4985608062643553,0.33471046809931015,0.5000000000041617,0.4999999999993179,0.500000000000683,0.4999999999958364
465,0.22354041441935346,0.6708425173773771,0.4989727573425838,0.5010251365250441,0.4117293948068118,0.4999999999969374,0.4999999999972823,0.5000000000027179,0.5000000000030556
466,0.6405752521820864,0.29943838480036605,0.5012275531177414,0.49876942568244764,0.458423198642138,0.5000000000066133,0.5000000000009248,0.49999999999907224,0.4999999999933827
467,0.4264353353744317,0.5640504452122164,0.4990017696905899,0.5009962413488268,0.41960114170613555,0.5000000000054365,0.5000000000026855,0.4999999999973071,0.49999999999456707
468,0.6847301463726492,0.17647842454012033,0.501221388796385,0.4987756203073918,0.6991743753203559,0.5000000000083109,0.5000000000086255,0.49999999999137507,0.49999999999168177
469,0.5374877241286641,0.4594637596274477,0.5013254453643091,0.49867103167346505,0.610901119854002,0.4999999999940351,0.5000000000068721,0.49999999999312894,0.500000000005965
470,0.13195295468568627,0.6946858410459457,0.4996830651119525,0.5003167341198209,0.34113802097975776,0.5000000000033801,0.49999999999445977,0.5000000000055398,0.4999999999966159
471,0.3118941947629521,0.6346038235910161,0.5012845548799458,0.49871213644627627,0.48341898994213073,0.4999999999972731,0.5000000000008628,0.4999999999991321,0.5000000000027252
472,0.20438833667603581,0.676923492695704,0.49997791129273617,0.500022087731489,0.41835254352653584,0.49999999999543704,0.4999999999942464,0.5000000000057578,0.5000000000045626
473,0.6128220914823285,0.35277341763690734,0.5008673687466617,0.49913112397925663,0.4527815378649183,0.5000000000012745,0.4999999999935721,0.5000000000064285,0.49999999999872485
474,0.7067913558025934,0.02111822347484107,0.4994637414985707,0.5005356839709278,0.6769579078163656,0.5000000000077613,0.5000000000053715,0.4999999999946243,0.4999999999922405
475,0.691214389581799,0.14907271688068463,0.5016471068080998,0.49834744930727437,0.7099614663246653,0.5000000000005195,0.4999999999997259,0.5000000000002778,0.4999999999994815
476,0.2788866154637577,0.6497863154262116,0.49855113745325297,0.5014446762545881,0.42251745187402684,0.500000000010546,0.4999999999954818,0.5000000000045194,0.4999999999894562
477,0.31410754697436694,0.63351120663627,0.4987502651875583,0.501246618916614,0.38822465788249666,0.4999999999950329,0.4999999999970591,0.500000000002938,0.5000000000049641
478,0.08753227205176492,0.7016680848873296,0.4987120208397425,0.5012846698932026,0.34925630897110965,0.4999999999964623,0.5000000000047111,0.499999999995286,0.5000000000035348
479,0.5495317365803871,0.44498861838360376,0.49900012068493355,0.5009978837843699,0.5708720567894209,0.49999999999833067,0.5000000000026937,0.4999999999973018,0.500000000001674
480,0.655270664580113,0.26574490802409406,0.499072430243385,0.5009258521687183,0.5253353414510827,0.5000000000009371,0.49999999999493694,0.5000000000050583,0.4999999999990602
481,0.6180283677335244,0.3435708706928204,0.5016698878345213,0.49832451639478004,0.6646390002285828,0.500000000001243,0.5000000000001886,0.49999999999980405,0.49999999999875744
482,0.08712743088155224,0.7017184697497839,0.5002669332237261,0.49973292419343995,0.33937526813496266,0.49999999999584566,0.5000000000017308,0.4999999999982678,0.5000000000041526
483,0.6429581022784181,0.29428706854791903,0.5008374103319954,0.49916118480099964,0.6670139135615015,0.49999999999336225,0.5000000000064028,0.49999999999359457,0.5000000000066303
484,0.21258140122246955,0.6743953948880557,0.5014195566261371,0.4985764016004467,0.3269222203888164,0.49999999999539974,0.49999999999929695,0.500000000000705,0.5000000000045981
485,0.28893713634138624,0.6453799898066517,0.5010773888559547,0.49892028459193255,0.4692958589273608,0.4999999999971806,0.4999999999989226,0.5000000000010741,0.5000000000028143
486,0.26042188542698574,0.6574043222877755,0.500745560680949,0.4992533259361602,0.4516556642027513,0.4999999999970744,0.49999999999863265,0.5000000000013632,0.5000000000029261
487,0.2124268772053297,0.6744440835538527,0.5000570272613307,0.49994296623370793,0.42285642608455176,0.4999999999877074,0.49999999999811734,0.5000000000018805,0.5000000000122972
488,0.7071137801866637,0.0,0.4983168701846825,0.5016774829403259,0.6187625068707957,0.5000000000000143,0.5000000000036962,0.49999999999630274,0.49999999999998507
489,0.07441456814161221,0.7031802557298522,0.5013186565122233,0.49867785656952485,0.33847110099985106,0.5000000000040984,0.4999999999991708,0.5000000000008256,0.4999999999959049
490,0.522477087208245,0.47646373769929645,0.5007766544227487,0.4992221373148011,0.4138400788285396,0.49999999998642186,0.5000000000090299,0.49999999999096945,0.5000000000135744
491,0.39558006712064436,0.5861027303270538,0.4999173439775506,0.5000826423606699,0.5082794234488317,0.5000000000052943,0.5000000000057049,0.4999999999942936,0.4999999999947066
492,0.4611526839550785,0.5360393661672845,0.49925150086267417,0.5007473803090416,0.5295151527685279,0.4999999999978859,0.49999999999752087,0.5000000000024801,0.500000000002111
493,0.7062537389665359,0.034722560328748354,0.4985666888294406,0.501429214136597,0.642908902401478,0.4999999999924208,0.49999999999546546,0.5000000000045322,0.5000000000075747
494,0.362702597889996,0.6069982140662451,0.49998267946975966,0.5000173199302614,0.37280093901709593,0.5000000000051633,0.49999999999806743,0.5000000000019346,0.49999999999483474
495,0.10601133249188274,0.6991148723562313,0.49834648984915564,0.5016480599534208,0.3635898504185768,0.49999999999652045,0.5000000000035733,0.4999999999964324,0.5000000000034815
496,0.1521842282328539,0.6905359952074722,0.5008614022766988,0.4991371111322226,0.33188951265722083,0.5000000000043797,0.4999999999987341,0.5000000000012679,0.4999999999956239
497,0.7058727686554197,0.041756849716281894,0.498307041183862,0.5016872459078309,0.607621223908677,0.5000000000001522,0.4999999999960836,0.5000000000039161,0.49999999999984507
498,0.6341915069161219,0.3127317261735034,0.49844997997089147,0.5015452297320865,0.5933572468418233,0.4999999999934331,0.49999999999564093,0.5000000000043527,0.5000000000065677
499,0.5649793312453028,0.4252039021853288,0.49850415397269193,0.5014913842450041,0.506011406595324,0.49999999999842704,0.5000000000044443,0.4999999999955556,0.5000000000015774
500,0.34693951321932104,0.6161436311178907,0.5005204489706475,0.4994790087303177,0.3585760125025179,0.5000000000050981,0.5000000000015388,0.49999999999846073,0.49999999999490097
501,0.6583567709732497,0.25800457769907365,0.5015738980917812,0.49842113192863446,0.6882859121755124,0.4999999999932252,0.49999999999276806,0.500000000007238,0.5000000000067764
502,0.17654864230384712,0.6847120394009953,0.5009913625328387,0.4990066679589528,0.33069483642299075,0.5000000000109247,0.5000000000011622,0.4999999999988448,0.4999999999890774
503,0.5394709818028478,0.45713352512441374,0.4990024148837785,0.5009955987233421,0.4694690059953821,0.5000000000094166,0.4999999999973094,0.5000000000026934,0.49999999999058514
504,0.16241426267934583,0.6882017199036334,0.5012585017335647,0.4987383226099845,0.411808667934734,0.4999999999955859,0.5000000000067951,0.49999999999320416,0.5000000000044089
505,0.6152727420386288,0.34848163926420805,0.501594387932581,0.49840051163149995,0.6619477058336698,0.5000000000141258,0.49999999999958583,0.5000000000004159,0.4999999999858772
506,0.2957573837852335,0.642283092954085,0.49830660546547306,0.5016876786901175,0.4076679053167463,0.4999999999972101,0.4999999999960855,0.500000000003916,0.5000000000027865
507,0.026325205161965147,0.706616574652179,0.5016726215944617,0.4983217642673673,0.36292298516742305,0.5000000000037456,0.4999999999998275,0.5000000000001742,0.49999999999625255
508,0.13678817534967644,0.693749956940302,0.5003700712054344,0.4996296546862134,0.33610610219393044,0.5000000000043197,0.4999999999983434,0.5000000000016532,0.4999999999956771
509,0.6493217748280576,0.27996648765361715,0.4985043395057558,0.501491199817032,0.6060301271267028,0.5000000000009874,0.5000000000032364,0.49999999999676,0.4999999999990114
510,0.02844639024883372,0.7065343607226855,0.5013519834374363,0.4986443509189172,0.3475287375939259,0.49999999999605604,0.4999999999992097,0.5000000000007901,0.500000000003947
511,0.29025751672743205,0.6447872315603236,0.5006527345135602,0.4993464122471342,0.46518727707382634,0.4999999999971924,0.4999999999985565,0.5000000000014341,0.5000000000028096
512,0.7069739183019607,0.013707161994786197,0.4996923218798741,0.5003074889048749,0.6830809259284061,0.49999999999994427,0.49999999999785677,0.5000000000021446,0.500000000000054
513,0.4451245264850421,0.5494216588722177,0.5002412479801956,0.49975863556242206,0.5408558600290256,0.5000000000055149,0.5000000000059431,0.49999999999405437,0.49999999999448164
514,0.6551868187304342,0.26595156055547686,0.4983040830715042,0.5016901840720717,0.5821215674700868,0.5000000000009438,0.5000000000038466,0.49999999999615535,0.4999999999990567
515,0.08225766061387213,0.7023059765304022,0.4996020852902325,0.5003975982892518,0.34305568756692423,0.5000000000041341,0.5000000000022164,0.4999999999977839,0.4999999999958589
516,0.6706547739556601,0.22410304364394815,0.49956246816409816,0.5004371493022808,0.5166139038964251,0.49999999999151595,0.5000000000022439,0.4999999999977553,0.5000000000084831
517,0.5606341013949419,0.43091693440045503,0.5007185443141459,0.4992804215868291,0.6152374216696482,0.49999999999839234,0.49999999999861366,0.5000000000013856,0.5000000000016078
518,0.6302665174282226,0.32056842796647966,0.5016210344591282,0.4983736929134164,0.6715237475963491,0.5000000000011545,0.5000000000003484,0.49999999999965394,0.49999999999884576
519,0.1769964844507491,0.6845964152005656,0.49832381410956206,0.5016705854356016,0.37035239349190885,0.5000000000044588,0.49999999999634126,0.5000000000036595,0.49999999999553546
520,0.6387895423177403,0.3032291553025389,0.4983531653235987,0.5016414283249989,0.5862278098719839,0.49999999999339745,0.4999999999958596,0.5000000000041357,0.5000000000066022
521,0.5892859973277272,0.3908222310275098,0.49954843257737586,0.5004511599641798,0.6087443569939716,0.5000000000091311,0.4999999999945697,0.5000000000054367,0.4999999999908709
522,0.1853037293771132,0.6823947009458176,0.5016044043861744,0.49839043078734213,0.42422572191891567,0.500000000003197,0.49999999999960976,0.5000000000003917,0.49999999999680145
523,0.3470260662815245,0.6160948881052525,0.5004631153510745,0.49953645529940527,0.49130166193791636,0.4999999999872101,0.49999999999841466,0.5000000000015832,0.5000000000127858
524,0.41580723417661497,0.571930366396462,0.5012072843223698,0.4987897935425339,0.36593107145678805,0.5000000000053865,0.5000000000009575,0.49999999999905126,0.4999999999946112
525,0.49590317434140374,0.5040635330718628,0.5008427085439914,0.4991558687407335,0.40145253979724865,0.49999999999806555,0.5000000000064071,0.49999999999359096,0.5000000000019378
526,0.7064086512051095,0.03141365153199031,0.4989909798440469,0.5010069880094254,0.6620516886156735,0.49999999999219974,0.5000000000049881,0.4999999999950106,0.5000000000077958
527,0.3684594170938219,0.6035210524083789,0.5000020653207682,0.49999793467069953,0.4956436362502166,0.499999999997489,0.5000000000019229,0.49999999999807604,0.5000000000025109
528,0.039116244697162544,0.7060240218298461,0.49935496366534177,0.5006442052623662,0.34744510566873765,0.5000000000116802,0.5000000000052882,0.499999999994713,0.4999999999883193
529,0.6819973849469286,0.18676072104581815,0.4990795635020644,0.5009187452018468,0.6505735624424508,0.4999999999993444,0.5000000000026262,0.4999999999973777,0.5000000000006589
530,0.1364642291432793,0.6938137460185728,0.5014531909768608,0.49854257316614614,0.3286146319753439,0.49999999999566963,0.49999999999934336,0.500000000000655,0.5000000000043247
531,0.6444715104029591,0.2909578647665953,0.5002329832630447,0.49976690812393676,0.6567859479435729,0.5000000000010342,0.5000000000017579,0.4999999999982472,0.4999999999989631
532,0.6588238071509517,0.2568096398718672,0.4985322929432024,0.5014634113200998,0.6131281841273616,0.49999999999321815,0.5000000000044847,0.4999999999955139,0.5000000000067745
533,0.705676654235963,0.04494960624792105,0.5009642284676337,0.49903390846297113,0.4976229123969391,0.5000000000001585,0.499999999993486,0.5000000000065148,0.4999999999998359
534,0.6912582685874791,0.14886909051055727,0.5011097102501417,0.49888782135167625,0.48667926350858554,0.5000000000005155,0.49999999999335554,0.5000000000066477,0.49999999999948447
535,0.3642467024407231,0.6060728832088254,0.4983158870018527,0.5016784595351447,0.441363034197382,0.500000000002519,0.499999999996293,0.5000000000037061,0.4999999999974804
536,0.17406174114111878,0.6853484590125823,0.5010067956224306,0.4989911730082446,0.41484922728260126,0.49999999999554845,0.49999999999117,0.50000000000883,0.5000000000044508
537,0.6484053034613847,0.28208254544220024,0.5015284302612841,0.49846688319250787,0.6814290471609667,0.499999999998996,0.5000000000005407,0.49999999999946054,0.5000000000010055
538,0.18506390765045172,0.6824597790970124,0.5016329311398261,0.49836171842955423,0.3253172598705749,0.4999999999891098,0.5000000000003159,0.4999999999996761,0.5000000000108883
539,0.6722147113843515,0.21937953824014667,0.5009044979520335,0.49909386284687624,0.6861875925552351,0.49999999999923445,0.5000000000012295,0.4999999999987661,0.5000000000007727
540,0.48074176020162684,0.5185434986558448,0.49834400623299485,0.5016505272115723,0.500374838414285,0.500000000021055,0.5000000000041142,0.4999999999958856,0.4999999999789477
541,0.699250027912138,0.10511615400439289,0.5000640300960704,0.49993596170317334,0.6867903189912442,0.49999999999194294,0.5000000000058177,0.4999999999941829,0.5000000000080621
542,0.15651282677594314,0.6895677885854341,0.5014689735480259,0.49852669794975646,0.4106240736178304,0.5000000000033027,0.4999999999993676,0.5000000000006309,0.49999999999669986
543,0.20339083954308007,0.6772238678218957,0.5016688724343724,0.49832553860947365,0.4333512900858311,0.4999999999968715,0.5000000000001967,0.49999999999980005,0.5000000000031262
544,0.6867004825537247,0.1686488875162775,0.49996928898807175,0.5000307091257137,0.5129979833405053,0.49999999999940964,0.5000000000057465,0.49999999999425576,0.5000000000005869
545,0.6235054307822554,0.33352808630569,0.49961417920532913,0.500385523308764,0.6307993372194766,0.49999999999350664,0.5000000000054885,0.49999999999451206,0.500000000006498
546,0.05988120017176131,0.7045667050506906,0.4985587660445446,0.5014370915679625,0.35034919306750684,0.5000000000113263,0.5000000000031642,0.49999999999683203,0.49999999998867134
547,0.6528620866594612,0.2716083526579835,0.5010736744841822,0.4989240149951883,0.6769393046698756,0.49999999999902994,0.5000000000010787,0.4999999999989205,0.5000000000009702
548,0.6505408291595638,0.2771220605634845,0.5016477783192257,0.4983467733490295,0.4540611077262816,0.4999999999932836,0.5000000000002809,0.4999999999997233,0.5000000000067195
549,0.4203098161706535,0.5686296320370459,0.4990903909259527,0.5009079572989265,0.5036860864369826,0.5000000000022919,0.49999999999738276,0.5000000000026209,0.499999999997703
550,0.6840505759549873,0.17909443526611754,0.49940579544790764,0.500593499231704,0.5287949217251249,0.5000000000006274,0.4999999999946722,0.5000000000053275,0.4999999999993682
551,0.5810298675991906,0.402994167550618,0.5012937279185181,0.4987029159224539,0.42860969032906954,0.49999999999379596,0.5000000000008545,0.4999999999991491,0.5000000000062083
552,0.6935942234796674,0.13757565360135768,0.49858892295431906,0.5014071059600649,0.6369278899510789,0.5000000000081689,0.5000000000045628,0.49999999999543315,0.49999999999183214
553,0.6059215848997563,0.36449833052095804,0.5016868640261071,0.4983074256557403,0.6575252237591954,0.5000000000013239,0.49999999999992334,0.5000000000000777,0.4999999999986744
554,0.7043383638766763,0.06250975261127736,0.5007535172384389,0.4992453454698681,0.5020048572718402,0.49999999999252254,0.5000000000013538,0.4999999999986418,0.5000000000074739
555,0.3435676835663846,0.6180301342239116,0.498311488187695,0.5016828288273063,0.43169674202945457,0.5000000000050775,0.5000000000039577,0.49999999999604605,0.49999999999492034
556,0.6337990573533027,0.31352632249631623,0.5001461108136435,0.4998538464771322,0.6486734173366886,0.49999999999888267,0.4999999999981842,0.5000000000018138,0.5000000000011167
557,0.46725140675351085,0.5307316863414764,0.4983042465354425,0.5016900217113557,0.48289861913235016,0.4999999999902254,0.4999999999961548,0.5000000000038409,0.500000000009777
558,0.5675940377620576,0.42170725426172256,0.49856612593018756,0.5014297738217757,0.5033961014216696,0.49999999999843886,0.4999999999891495,0.5000000000108434,0.5000000000015585
559,0.7001839869357451,0.09870355523685351,0.5016864919144548,0.49830780029071337,0.7162023982583712,0.5000000000003348,0.5000000000000809,0.499999999999921,0.49999999999965844
560,0.3795612331516506,0.5966014333610019,0.49950757832226705,0.5004919371964234,0.49260061662500504,0.49999999999476635,0.5000000000054101,0.49999999999459444,0.5000000000052375
561,0.7053998586242198,0.04910233653230687,0.49852368663498536,0.501471967176493,0.5802961893415866,0.5000000000078616,0.4999999999967833,0.5000000000032156,0.4999999999921398
562,0.601909432341362,0.3710862993976494,0.5011547803857488,0.4988425463976692,0.44105589970071685,0.4999999999986524,0.500000000008693,0.49999999999130584,0.5000000000013438
563,0.623942028231306,0.33271061296704035,0.5007187120631936,0.49928025335454357,0.6532682003435036,0.49999999999110784,0.49999999999369454,0.5000000000063062,0.5000000000088943
564,0.24492869783697255,0.6633324505594659,0.4985539518119828,0.5014418781201402,0.4097068360573753,0.4999999999970241,0.5000000000031709,0.4999999999968276,0.5000000000029743
565,0.7031072919031192,0.07510088868385205,0.4983946120358355,0.501600249893921,0.6281636826215251,0.5000000000002665,0.5000000000034425,0.4999999999965527,0.499999999999737
566,0.6975272385181674,0.11599892898306567,0.4986448978870191,0.5013514394227357,0.5682002025408949,0.499999999999596,0.5000000000046342,0.4999999999953707,0.5000000000004029
567,0.5862459349279525,0.3953678082247554,0.5008273913170614,0.4991712372588657,0.6322133433672937,0.499999999998536,0.49999999999870065,0.5000000000012994,0.5000000000014603
568,0.2284934850723797,0.6691716725022682,0.4993245193670985,0.5006745693150574,0.4198970718188225,0.49999999999696826,0.5000000000024312,0.4999999999975711,0.5000000000030366
569,0.3665795137459735,0.6046647501729917,0.4999941201832033,0.5000058797476575,0.37370300251223876,0.5000000000025074,0.4999999999942384,0.5000000000057663,0.4999999999974936
570,0.6767126910375478,0.20508520404710834,0.49832779093284624,0.5016666351113935,0.6038004530309053,0.4999999999915856,0.50000000000405,0.49999999999594874,0.5000000000084114
571,0.3876707570815544,0.5913640054925482,0.5016818009107241,0.4983125230565386,0.5286953735419152,0.5000000000024305,0.5000000000001219,0.49999999999987904,0.4999999999975736
572,0.07919661098104175,0.7026577380269243,0.5013243702635034,0.49867211249467386,0.3798676789597596,0.4999999999881773,0.49999999999917855,0.5000000000008207,0.5000000000118192
573,0.5536653520341486,0.439834830313498,0.4995239209537617,0.5004756261747192,0.5876653588875701,0.500000000001642,0.5000000000022705,0.499999999997727,0.4999999999983594
574,0.610991752660893,0.3559340924670913,0.5013239167425332,0.49867256842734664,0.44201781679846686,0.49999999999101513,0.4999999999991809,0.5000000000008205,0.5000000000089868
575,0.6337344663183745,0.3136568632321362,0.49870249164750335,0.5012941500003524,0.5301305390202639,0.5000000000011231,0.49999999999529665,0.5000000000047075,0.499999999998879
576,0.4915734848616895,0.5082868373083583,0.5016692960929442,0.4983251121081626,0.5883212601495198,0.4999999999980375,0.5000000000001942,0.49999999999980893,0.500000000001962
577,0.6817672436726452,0.18759910835342908,0.5013000580002752,0.49869655287451137,0.6987143737963327,0.4999999999993399,0.49999999999915307,0.5000000000008467,0.5000000000006578
578,0.3617435129437824,0.6075702682349529,0.5013084019299217,0.4986881652440442,0.3493250314364527,0.49999999999746475,0.5000000000085338,0.4999999999914693,0.5000000000025364
579,0.2136045145017597,0.6740720425050801,0.49956334686468934,0.5004362721359753,0.41726978181984,0.4999999999969114,0.5000000000022413,0.49999999999776085,0.5000000000030886
580,0.668716337117358,0.2298226717979393,0.49919121555747437,0.5008074782890606,0.5279342301268932,0.5000000000068769,0.5000000000025273,0.4999999999974696,0.49999999999312256
581,0.3835565138916483,0.5940407422971974,0.5013750465166799,0.49862116153488456,0.3540170559877847,0.4999999999947524,0.4999999999992392,0.5000000000007613,0.5000000000052485
582,0.5098087995758241,0.48999488928539386,0.498951859650274,0.5010459477448507,0.5472754832363436,0.5000000000018735,0.49999999999725886,0.5000000000027436,0.49999999999812855
583,0.19676266945587303,0.679179248732322,0.4984481067663416,0.5015470913693484,0.36795509919875363,0.500000000004533,0.5000000000033396,0.4999999999966644,0.4999999999954698
584,0.3589867324876255,0.6092031893365799,0.5009914266896367,0.4990066035469706,0.35354870554298873,0.5000000000025435,0.5000000000088468,0.4999999999911544,0.4999999999974596
585,0.0,0.7071670701908093,0.5011414485667276,0.49885593965436936,0.3519636066313767,0.49999999999612366,0.4999999999989866,0.5000000000010155,0.5000000000038769
586,0.706859008923574,0.01871741177568735,0.4994777857093722,0.5005216694438522,0.5386085817322669,0.5000000000076172,0.5000000000023019,0.49999999999769656,0.4999999999923809
587,0.26377571885220735,0.6560658275996418,0.5009973265698624,0.49900068012964377,0.4561921610715587,0.5000000000029079,0.4999999999988464,0.5000000000011501,0.499999999997094
588,0.03904174329034714,0.7060281455302266,0.5010514129217898,0.4989463714760155,0.3451889492444081,0.500000000003981,0.49999999999889866,0.5000000000011053,0.49999999999601935
589,0.2922419286202957,0.6438902508628987,0.5015187272202858,0.4984766456388367,0.4753866217186155,0.5000000000028084,0.5000000000005611,0.49999999999944084,0.49999999999718847
590,0.18046941020076027,0.6836891047704299,0.498317078863391,0.5016772756594234,0.37779427792502346,0.4999999999967855,0.500000000003696,0.49999999999630834,0.5000000000032168
591,0.6909335841202633,0.15036882101927548,0.5005989009136583,0.4994003808609171,0.4987660538925218,0.5000000000005222,0.49999999999378436,0.5000000000062076,0.4999999999994778
592,0.25014494473538856,0.6613830256540687,0.5016900927641454,0.49830417499987095,0.4556482406451153,0.4999999999970339,0.5000000000000141,0.499999999999985,0.5000000000029674
593,0.01102599945184814,0.7070208163750025,0.49936205455314664,0.500637132534592,0.35224711250917023,0.5000000000038625,0.500000000002395,0.4999999999976036,0.49999999999613476
594,0.21924647600348027,0.6722581221227882,0.4985819003752787,0.5014140889705543,0.4012851953792261,0.500000000003076,0.5000000000031317,0.49999999999686373,0.4999999999969266
595,0.3073735966107159,0.6368056837186941,0.5005329208655365,0.4994665105187862,0.349148309871068,0.49999999999725453,0.4999999999938382,0.5000000000061602,0.5000000000027481
596,0.7024126685854767,0.08134152082809705,0.49833130499933054,0.5016631444083408,0.6193437698373442,0.5000000000002831,0.5000000000036254,0.49999999999637434,0.49999999999971545
597,0.6195246922411074,0.34086530434111684,0.4999047936925206,0.5000951881824457,0.6349735210702078,0.4999999999987644,0.4999999999980081,0.5000000000019895,0.5000000000012369
598,0.4395671373597999,0.5538779032903515,0.4984442589566602,0.5015509153746471,0.4501443680633127,0.4999999999945186,0.4999999999966572,0.5000000000033435,0.5000000000054867
599,0.6468607368319517,0.2856067001056308,0.4986842183407937,0.5013123281725941,0.6143618078111869,0.4999999999933249,0.4999999999953203,0.5000000000046749,0.5000000000066784
600,0.12773925222520285,0.6954729926035592,0.4984226694902618,0.5015723701901845,0.370430540571408,0.49999999999660116,0.49999999999661554,0.5000000000033828,0.5000000000034033
601,0.5891009529761154,0.39110109588523917,0.5003195552153655,0.4996802404229112,0.45473728494663695,0.5000000000014476,0.5000000000060006,0.4999999999939991,0.49999999999855504
602,0.562159187136997,0.4289254577633192,0.501477343736313,0.4985182782197377,0.4163193626700153,0.49999999999840616,0.5000000000070747,0.4999999999929255,0.5000000000015961
603,0.38148881334810963,0.5953707124894926,0.49925883592474923,0.5007400670518277,0.48830526872448743,0.5000000000101367,0.4999999999947836,0.5000000000052212,0.4999999999898584
604,0.6375324684663527,0.3058633001337371,0.49906645704334057,0.5009318031970146,0.5161921456636797,0.4999999999989076,0.5000000000103335,0.49999999998967165,0.500000000001098
605,0.7013919043251068,0.08971847043706856,0.49911899212693195,0.5008794582513784,0.5485651422927352,0.5000000000073811,0.5000000000025934,0.49999999999740546,0.49999999999262146
606,0.5898854658743433,0.3899168336327774,0.5008264298284496,0.4991722019356536,0.6346939671280383,0.4999999999985816,0.5000000000012975,0.49999999999870265,0.5000000000014206
607,0.4111514775735742,0.575286417786013,0.4990924569061555,0.5009058988067261,0.4992198345806815,0.5000000000053622,0.5000000000050787,0.49999999999491834,0.49999999999463435
608,0.5395613202257196,0.4570268938654211,0.5015770850856742,0.4984179247548794,0.6154469942650073,0.4999999999982691,0.4999999999995524,0.5000000000004502,0.5000000000017275
609,0.3869009885024221,0.5918679118653482,0.5002928733912873,0.49970695495849315,0.3737038008803502,0.49999999999473116,0.5000000000017086,0.4999999999982917,0.5000000000052679
610,0.5671623723263719,0.422287631143894,0.500655876402974,0.49934326211851954,0.618003901638152,0.49999999999387584,0.5000000000062513,0.49999999999374345,0.5000000000061239
611,0.6468629946428531,0.28560159834547794,0.5015235248241725,0.4984718187098803,0.6803151427373176,0.4999999999989789,0.49999999999944833,0.50000000000055,0.5000000000010236
612,0.7070941720932971,0.004223652701980477,0.5011040792899558,0.49889347732653644,0.7112662886795246,0.4999999999999571,0.5000000000010482,0.4999999999989496,0.5000000000000475
613,0.4055860142628598,0.5792236053842843,0.49976873367043234,0.5002311594107799,0.5111103795576939,0.499999999997653,0.5000000000020925,0.4999999999979083,0.500000000002349
614,0.10331968729618266,0.6995177211601055,0.5016593402106143,0.49833513460265655,0.33197635108323464,0.49999999999579775,0.5000000000002285,0.49999999999976835,0.5000000000042105
615,0.4772111637022813,0.5217945047984995,0.4993430698620408,0.500656068155328,0.5404173112825136,0.4999999999943399,0.499999999994721,0.5000000000052787,0.5000000000056571
616,0.35099763057695704,0.6138409104396404,0.49989033711490566,0.5001096388384727,0.37118315570688604,0.4999999999974353,0.4999999999943115,0.5000000000056903,0.5000000000025695
617,0.5862347158785783,0.39538444316735605,0.5016858431458805,0.4983084534573036,0.4228101363678877,0.4999999999937554,0.5000000000000896,0.4999999999999134,0.5000000000062425
618,0.4056682747970381,0.5791659959141183,0.499167266400492,0.5008313490130798,0.4064509422148223,0.4999999999976586,0.4999999999948609,0.5000000000051404,0.5000000000023394
619,0.5305195385928304,0.46749226642934977,0.49858579433867445,0.5014102169717671,0.5440869278447852,0.49999999999053496,0.49999999999543787,0.5000000000045639,0.500000000009465
620,0.19005114602853154,0.6810877784054293,0.4989185851538315,0.5010790809723497,0.39866885517395223,0.49999999999549044,0.5000000000049221,0.49999999999507366,0.5000000000045112
621,0.6293133550395104,0.32243557677297013,0.4988972220039502,0.5011003511041836,0.5187785999146023,0.49999999999884426,0.49999999999509537,0.5000000000048997,0.5000000000011587
622,0.1777922370712973,0.684390186697914,0.4985994393714761,0.5013966484316063,0.38825206936693646,0.5000000000032236,0.5000000000031131,0.49999999999688516,0.499999999996776
623,0.659634411263077,0.2547203240371991,0.4992002078957432,0.5007985148109373,0.5229939938587242,0.5000000000009119,0.49999999999483047,0.5000000000051635,0.4999999999990901
624,0.27475585045036355,0.6515437227410746,0.49831613309554296,0.5016782150908143,0.4064835305781602,0.4999999999951816,0.4999999999960108,0.5000000000039896,0.5000000000048195
625,0.10290599698914911,0.6995786987778222,0.5014910355249331,0.4985045047821872,0.3327734964881115,0.5000000000042075,0.5000000000006025,0.4999999999994012,0.49999999999579425
626,0.25253441507490687,0.6604743516615733,0.49837307960121097,0.5016216438001945,0.38570702329151874,0.5000000000047434,0.500000000003499,0.4999999999965053,0.4999999999952578
627,0.44433981383412124,0.5500564840429087,0.500734339467772,0.4992645804358407,0.5482752016141144,0.5000000000021776,0.49999999999863115,0.500000000001371,0.499999999997824
628,0.1853599616789502,0.6823794286219195,0.49830652890148697,0.5016877547380929,0.37467925360960397,0.5000000000044911,0.4999999999962152,0.5000000000037823,0.49999999999550826
629,0.29896362319684566,0.6407969662888647,0.49839132013027526,0.5016035207400346,0.4226586610761498,0.5000000000027697,0.499999999996548,0.500000000003449,0.4999999999972285
630,0.3572264789291274,0.6102370381678693,0.4983657774294946,0.5016288985765227,0.4447347351204219,0.5000000000025414,0.4999999999964849,0.5000000000035152,0.4999999999974547
631,0.7063106587810513,0.033544795308401654,0.5016533358029184,0.498341178990659,0.48248516089019705,0.49999999999243605,0.4999999999997394,0.5000000000002565,0.5000000000075693
632,0.5032734713045991,0.4967049557644999,0.5008486298474184,0.49914992735646146,0.4044759466892205,0.5000000000019039,0.5000000000064123,0.4999999999935849,0.49999999999809114
633,0.4124740086940386,0.5743389174972111,0.49832787513491217,0.5016665514697235,0.4496759201077154,0.5000000000053647,0.5000000000036435,0.49999999999635797,0.4999999999946336
634,0.7031717650739002,0.07449475688165692,0.4983242660589277,0.5016701365008976,0.6184524844494077,0.5000000000079533,0.5000000000040383,0.4999999999959602,0.49999999999204847
635,0.0068482213599654505,0.7070736236874026,0.5016706483338033,0.4983237507889273,0.35752648484410915,0.4999999999961921,0.5000000000001863,0.49999999999981737,0.5000000000038065
636,0.6539467472584621,0.2689863411961178,0.4984818575303699,0.5015135468888875,0.6070829425177761,0.5000000000067293,0.5000000000044116,0.499999999995589,0.4999999999932681
637,0.4128964353800682,0.5740353069719917,0.501484786952673,0.4985107907107254,0.3602484957296479,0.5000000000053719,0.5000000000006116,0.49999999999938904,0.4999999999946239
638,0.0,0.7071199453071209,0.5006091827247395,0.4993900741621372,0.354749225169714,0.4999999999884463,0.49999999999852957,0.5000000000014672,0.5000000000115453
639,0.43639395593380054,0.5563814475918939,0.5016869588215241,0.498307330217419,0.3644471755552608,0.4999999999945337,0.49999999999992767,0.5000000000000742,0.5000000000054696
640,0.5334784342944197,0.4641128743557642,0.5001446910849543,0.499855267031903,0.5891791982732643,0.4999999999982498,0.5000000000018168,0.4999999999981829,0.5000000000017452
641,0.6677418320184277,0.23263887416481507,0.5002795106378306,0.49972033302235463,0.49457663976277605,0.5000000000068677,0.49999999999828076,0.5000000000017196,0.49999999999313127
642,0.5979780930896641,0.377388667669779,0.4983181537322163,0.5016762079876992,0.5431872436571625,0.5000000000063152,0.5000000000036857,0.49999999999631645,0.4999999999936838
643,0.5788295681263022,0.4061481639287767,0.5010522647452096,0.4989455160573161,0.4327647033529356,0.5000000000091843,0.49999999999890166,0.5000000000011036,0.49999999999081374
644,0.6619923418962891,0.24852794464740405,0.4993820624247918,0.5006171748235999,0.6477563601567651,0.499999999993188,0.4999999999946858,0.5000000000053157,0.5000000000068086
645,0.12564698666490245,0.6958540379088471,0.5016059427587697,0.49838888248945645,0.3295489944696507,0.49999999999571926,0.500000000000385,0.4999999999996185,0.5000000000042847
646,0.12865329714145005,0.6953044919032622,0.4986377693369108,0.5013585293886106,0.35272945323535276,0.5000000000033938,0.5000000000046249,0.49999999999537587,0.4999999999966029
647,0.24541477285536975,0.6631527646510591,0.49842240974403346,0.5015726283051674,0.3808542069175419,0.5000000000029815,0.5000000000043093,0.49999999999569356,0.4999999999970144
648,0.3863971820186923,0.5921969416739771,0.4983164364284103,0.5016779137906041,0.4406148441744614,0.5000000000052546,0.49999999999630035,0.5000000000037026,0.49999999999474387
649,0.4070888013282492,0.578168413116042,0.5003779732566294,0.49962174079956867,0.37912427733156684,0.49999999999466044,0.5000000000016491,0.4999999999983545,0.5000000000053385
650,0.3546981232493147,0.6117100958488536,0.5011573324818761,0.4988399824589536,0.34961502760035706,0.49999999999744676,0.5000000000066901,0.49999999999330896,0.5000000000025531
651,0.6519294479280171,0.2738393597061586,0.49892059605558775,0.5010770787329342,0.627163980215004,0.49999999999903394,0.5000000000027652,0.499999999997229,0.5000000000009743
652,0.44203148246508533,0.5519131922713081,0.5016640515442333,0.49833039179666916,0.3664541656351716,0.4999999999978043,0.4999999999925217,0.5000000000074755,0.5000000000021916
653,0.4478417890179695,0.5472090417252495,0.4995200423292184,0.5004794973936624,0.5286933724092453,0.5000000000021598,0.49999999999772526,0.500000000002272,0.4999999999978404
654,0.32071042084476953,0.6301942763637037,0.5014787456352223,0.49851686799558026,0.48991032020724495,0.4999999999973017,0.5000000000006158,0.49999999999938316,0.5000000000026998
655,0.0945681663321899,0.7007544947530275,0.49855380571794955,0.5014420233727368,0.3659765805640209,0.5000000000041731,0.49999999999548383,0.5000000000045116,0.49999999999583067
656,0.705265936328556,0.050989794097378104,0.4996884090251783,0.5003113969178463,0.5311582015235152,0.500000000007863,0.49999999999784983,0.5000000000021511,0.4999999999921371
657,0.6187054223028878,0.34235011379143,0.5001810721127585,0.49981886228926065,0.6401961163083755,0.4999999999910737,0.5000000000058988,0.4999999999941008,0.5000000000089263
658,0.12073297923185985,0.6967234370435653,0.5000196650700198,0.49998033415651516,0.3870163142639894,0.49999999999657563,0.500000000001907,0.49999999999808853,0.5000000000034241
659,0.6256409199477272,0.32950483955013976,0.5001792284048795,0.4998207073264424,0.6441887257251642,0.5000000000064988,0.4999999999941026,0.5000000000059034,0.4999999999935032
660,0.5757649347777486,0.4104811078239432,0.5011529242866919,0.49884441109317457,0.6312909889674907,0.5000000000015106,0.49999999999899786,0.5000000000010012,0.4999999999984864
661,0.4403779722464358,0.5532334421924608,0.5006792563968093,0.49931981956851335,0.5451411921228151,0.5000000000021979,0.5000000000014132,0.49999999999858163,0.4999999999978038
662,0.6450603986738291,0.2896499301963707,0.4995400376125958,0.5004595396453209,0.5037545212782267,0.5000000000087242,0.5000000000022593,0.499999999997741,0.4999999999912778
663,0.27799575140252847,0.6501679492270783,0.5015318414747388,0.49846345100413847,0.46863998479925767,0.4999999999951605,0.49999999999177525,0.5000000000082226,0.5000000000048407
664,0.6791173104632838,0.19697634027751773,0.5016589156007074,0.49833556204461166,0.702507446221675,0.4999999999930055,0.5000000000074525,0.4999999999925443,0.5000000000070034
665,0.5127634635423848,0.4869020785370722,0.5002458693780163,0.49975400965898453,0.5789108273753885,0.5000000000058302,0.5000000000059479,0.499999999994052,0.4999999999941705
666,0.04265493662857839,0.7058190677370599,0.5001465806040564,0.4998533764115942,0.3635473101139202,0.5000000000039888,0.4999999999941292,0.5000000000058717,0.4999999999960117
667,0.6003098647025504,0.3736683908772693,0.5015893128318136,0.49840561920278387,0.6527456127663837,0.4999999999936646,0.5000000000072652,0.49999999999273637,0.5000000000063376
668,0.6678007761103413,0.23246961828682997,0.4985329741889767,0.5014627340553782,0.6183543258591326,0.49999999999312866,0.500000000004488,0.49999999999551403,0.5000000000068702
669,0.5884050313077875,0.39214732187458123,0.50081921245956,0.49917944311779205,0.4423513042188016,0.5000000000062522,0.5000000000013031,0.4999999999987,0.49999999999374756
670,0.5487365439934039,0.4459688389183414,0.498467875070365,0.5015274444363261,0.5003805609646759,0.4999999999939794,0.4999999999966959,0.5000000000033016,0.5000000000060191
671,0.5551787077437106,0.43792305914487556,0.5007283990431146,0.49927053827731716,0.429289219230826,0.5000000000060542,0.4999999999986218,0.5000000000013809,0.49999999999394745
672,0.13410665561793725,0.6942732926729707,0.49849423758601835,0.5015012413678918,0.373747206906863,0.4999999999966216,0.50000000000326,0.49999999999674244,0.5000000000033751
673,0.52676933489482,0.47171396822064865,0.49836327125006075,0.5016313884406907,0.4989476563203253,0.5000000000136002,0.5000000000041678,0.49999999999582906,0.49999999998640204
674,0.7038335984439903,0.06795782295938359,0.5014485540875654,0.49854723708339965,0.485629672640501,0.5000000000079257,0.5000000000006616,0.4999999999993402,0.49999999999206957
675,0.0,0.7071247570891573,0.5009479339004004,0.49905026552534676,0.35483021241246016,0.49999999999616096,0.500000000001191,0.49999999999880823,0.5000000000038383
676,0.49771753205161884,0.502272095868807,0.5009648102063184,0.4990333244733701,0.5818386317954399,0.4999999999980599,0.49999999999881983,0.5000000000011768,0.5000000000019384
677,0.3122522571258752,0.6344277168596871,0.5004579360364534,0.4995416441680638,0.35126837194616667,0.5000000000104152,0.5000000000015895,0.49999999999841005,0.49999999998958405
678,0.6034763235456536,0.36853267599831774,0.4983074109196857,0.5016868786628926,0.5568726668689766,0.49999999999365125,0.5000000000039182,0.4999999999960784,0.500000000006352
679,0.6672295945664595,0.2341039686435912,0.5014193096436835,0.4985766499912024,0.6914496789066895,0.4999999999914811,0.5000000000069872,0.49999999999301115,0.5000000000085206
680,0.5921913819013357,0.38640571093287074,0.5008430573594772,0.4991555187462275,0.6361678940065029,0.49999999999858696,0.500000000001286,0.4999999999987183,0.5000000000014139
681,0.3700377035613615,0.6025546431179761,0.49908735602601356,0.5009109811682737,0.39614914214567487,0.4999999999898088,0.49999999999737804,0.5000000000026216,0.500000000010189
682,0.21326155556283316,0.6741806203970234,0.49839264985634907,0.5016021995258445,0.3741100264064043,0.5000000000045944,0.5000000000034475,0.49999999999655126,0.49999999999540046
683,0.6047083710942431,0.36650755234857885,0.4986365365062073,0.501359755526,0.5877266195715725,0.500000000001341,0.4999999999969331,0.5000000000030638,0.4999999999986583
684,0.704531835312168,0.060290074072504196,0.5006296749035419,0.4993695311149547,0.5051468933870505,0.49999999999210243,0.4999999999985396,0.5000000000014564,0.5000000000078976
685,0.7049721489449756,0.0549023607133977,0.49896269418836564,0.5010351582556762,0.6602356187860211,0.49999999999980727,0.5000000000027314,0.4999999999972719,0.5000000000001938
686,0.14307764319743288,0.6924801718417324,0.501614840097978,0.49837992755876187,0.32737675699103114,0.4999999999956481,0.4999999999996306,0.5000000000003663,0.5000000000043473
687,0.11035131680776293,0.6984429732474894,0.5012680641248374,0.4987287117146328,0.33320102509402305,0.5000000000042224,0.49999999999911504,0.5000000000008845,0.4999999999957782
688,0.014825880028936575,0.7069513372795643,0.49924904537998294,0.5007498284444737,0.3507797406942594,0.5000000000037871,0.49999999999478995,0.5000000000052044,0.4999999999962098
689,0.33623152765538566,0.6220517340306406,0.5007966016499725,0.49920212717479906,0.35139124637335367,0.49999999999736744,0.5000000000090226,0.49999999999098305,0.500000000002634
690,0.15440966930434494,0.6900417770144978,0.4995684385499253,0.5004311892805906,0.34261855196330354,0.5000000000043934,0.5000000000022375,0.4999999999977594,0.4999999999956097
691,0.04081904929261744,0.7059276203796254,0.49831349291156146,0.501680837567351,0.3529287306018808,0.5000000000036999,0.4999999999960245,0.5000000000039754,0.499999999996294
692,0.6663732765226136,0.23653045727275465,0.4984172676950992,0.5015777380061285,0.5670864342082245,0.49999999999916267,0.5000000000042892,0.4999999999957037,0.500000000000835
693,0.5363791982604063,0.4607573718059483,0.5014685684771302,0.4985271054110304,0.6121948536972106,0.5000000000059558,0.5000000000070596,0.4999999999929435,0.4999999999940455
694,0.22049205984930784,0.6718506169852089,0.4995662114957911,0.5004334124853574,0.4198795425673064,0.4999999999969289,0.5000000000022411,0.49999999999775646,0.5000000000030679
695,0.2545351568160926,0.6597058844247253,0.5011503960788435,0.498846950987994,0.4531009468927829,0.49999999999705647,0.5000000000010053,0.49999999999899464,0.5000000000029455
696,0.011874977429569486,0.7070070614313612,0.5015963325659577,0.4983985545287864,0.35681345918165613,0.5000000000038147,0.5000000000004126,0.4999999999995902,0.49999999999618183
697,0.04178086603482121,0.7058713527767909,0.49886267689063246,0.5011347419661829,0.3588212551294521,0.5000000000036966,0.500000000002828,0.49999999999717243,0.4999999999962969
698,0.5860563856251995,0.3956487240822672,0.5002523220404012,0.4997475505624666,0.6220266288439595,0.5000000000014488,0.500000000001742,0.4999999999982564,0.49999999999854977
699,0.7027950965484229,0.07796827797367478,0.5013092777119396,0.49868728485888725,0.48820655459920304,0.49999999999203754,0.4999999999991583,0.5000000000008373,0.5000000000079587
700,0.06150084772403481,0.7044271756038528,0.5016328660898409,0.4983617839065152,0.3738702446221845,0.4999999999963612,0.49999999999967254,0.5000000000003201,0.5000000000036352
701,0.6248940552946555,0.330919062977229,0.5016676173336805,0.4983268021276228,0.4414202077839995,0.5000000000064948,0.5000000000001938,0.4999999999998014,0.4999999999935039
702,0.6928926441971922,0.1410665928468665,0.49943863401300354,0.5005607364298793,0.5324576130363681,0.500000000008182,0.4999999999976628,0.5000000000023355,0.4999999999918186
703,0.3949216655783614,0.5865465693845742,0.49841331558115587,0.5015816651866412,0.46545746500899265,0.5000000000053014,0.4999999999957136,0.5000000000042912,0.4999999999946989
704,0.5878773298256904,0.39293797382196183,0.4991270174247724,0.5008714610323202,0.5968269245617006,0.49999999999086664,0.5000000000051072,0.499999999994893,0.5000000000091317
705,0.7003586838582679,0.09745621552429748,0.4984330256765676,0.5015620788246483,0.6300176445839317,0.5000000000003371,0.49999999999663314,0.5000000000033678,0.49999999999966677
706,0.6129133895212341,0.35261477130941704,0.5002204574516967,0.49977944530244783,0.46850058823627805,0.5000000000012768,0.5000000000059315,0.49999999999407596,0.499999999998724
707,0.6940904163726034,0.1350499681588449,0.5010389327654833,0.4989589039722859,0.7020750125652246,0.5000000000004697,0.5000000000011101,0.4999999999988894,0.49999999999952943
708,0.5100449462037363,0.4897490713130788,0.5016901751901268,0.4983040920137978,0.3899977278043086,0.49999999999044786,0.4999999999999984,0.4999999999999974,0.5000000000095477
709,0.6258806227688966,0.32904930903432117,0.4986690973102937,0.501327369478001,0.6014519983073007,0.49999999999349526,0.4999999999953378,0.5000000000046577,0.500000000006502
710,0.6350969809298238,0.3108887767444518,0.4987747636053081,0.5012222413166251,0.527383645664127,0.5000000000065871,0.4999999999970861,0.5000000000029062,0.49999999999341777
711,0.6998231857850813,0.10123001536825524,0.5016493606565259,0.49834518052539917,0.7153982990774403,0.5000000000073422,0.49999999999257466,0.5000000000074194,0.4999999999926601
712,0.5910224530446888,0.38819126728589376,0.49924358383358075,0.5007552735628511,0.48593812041698375,0.4999999999937227,0.500000000002491,0.49999999999751255,0.5000000000062671
713,0.09911125655246486,0.7001263877505237,0.4983104290986311,0.5016838807969956,0.3580336671258985,0.5000000000041949,0.500000000003739,0.499999999996257,0.49999999999581046
714,0.27042354587692385,0.653353737140417,0.49830526548002263,0.5016890096413187,0.4020227720616169,0.5000000000028837,0.4999999999961974,0.5000000000038058,0.49999999999711436
715,0.4733533244115493,0.5252967068890969,0.5016727834112207,0.49832160136245657,0.5777138943122719,0.4999999999979497,0.49999999999982875,0.5000000000001762,0.5000000000020457
716,0.700068227077443,0.09952124113298566,0.49955387980078064,0.5004457225074307,0.5324632019601492,0.49999999999965766,0.4999999999945546,0.5000000000054428,0.5000000000003466
717,0.6124400773280825,0.35343620595854824,0.5001063179189343,0.49989365946925046,0.6349534611415729,0.5000000000012778,0.49999999999814787,0.5000000000018455,0.49999999999872335
718,0.00286859725789662,0.7071009624868099,0.4989247031246162,0.5010729893059627,0.35257246528133035,0.49999999998846906,0.4999999999972362,0.5000000000027637,0.500000000011532
719,0.6339976245771003,0.3131246057256571,0.5012832215542702,0.49871347664583116,0.45398889752980776,0.499999999998877,0.5000000000068193,0.4999999999931804,0.5000000000011268
720,0.7025879324103781,0.07981351534235434,0.49924528015277625,0.5007535823588043,0.668147301385153,0.4999999999997165,0.5000000000024876,0.49999999999751243,0.5000000000002779
721,0.694275575428902,0.1340948371968977,0.5016847929641455,0.49830951075463464,0.7124285806430565,0.49999999999952865,0.49999999999990685,0.5000000000000943,0.500000000000467
722,0.13679171920010483,0.6937492526542121,0.4993992871641488,0.50059999198955,0.3869343059621269,0.5000000000033741,0.5000000000023628,0.49999999999763484,0.4999999999966242
723,0.6489058706652093,0.28092913578623135,0.5016845121338727,0.4983097934869464,0.6840021143908936,0.4999999999989996,0.49999999999990313,0.500000000000102,0.5000000000010036
724,0.3614097727924807,0.6077688509047564,0.4992273239039538,0.5007714838803219,0.4776644146630785,0.4999999999871456,0.5000000000025022,0.49999999999750055,0.5000000000128552
725,0.21891520264524117,0.6723660720666389,0.4990467660813041,0.5009514200636452,0.35739414771639416,0.5000000000046153,0.5000000000026489,0.4999999999973419,0.49999999999538974
726,0.6236484310386193,0.33326061042834093,0.49832196193697126,0.501672425245087,0.5725140962288061,0.5000000000012108,0.49999999999632877,0.5000000000036711,0.4999999999987914
727,0.6675081390697466,0.23330856022795815,0.5010133405334813,0.49898460157351104,0.6851590636860286,0.5000000000008228,0.4999999999988644,0.5000000000011295,0.4999999999991763
728,0.21344670905200305,0.674122023371782,0.5005704139012156,0.4994289346110813,0.42825350842302956,0.4999999999969039,0.4999999999984926,0.5000000000015016,0.500000000003092
729,0.5519296260079457,0.4420109590663218,0.4991668477699705,0.5008317662522906,0.5773726858489107,0.49999999999066036,0.5000000000051381,0.49999999999486006,0.5000000000093403
730,0.18322188907297382,0.6829566160192961,0.49954189929944776,0.5004576813720618,0.4047990103001196,0.49999999999678524,0.4999999999977414,0.5000000000022585,0.5000000000032123
731,0.633294688997866,0.3145438579025643,0.5005332492202526,0.4994661814627818,0.6557729477812274,0.5000000000011311,0.499999999998469,0.5000000000015271,0.4999999999988724
732,0.28106262094395673,0.6488480585684997,0.500934011214426,0.499064240763282,0.33891028681746255,0.5000000000048401,0.49999999999879524,0.5000000000012108,0.49999999999515754
733,0.7070637773648275,0.007798380510039036,0.5007844796700083,0.49921428757762715,0.705671095673179,0.4999999999999735,0.4999999999986665,0.5000000000013325,0.5000000000000243
734,0.652498665582577,0.2724802587582376,0.501502081158997,0.49849339272772125,0.4583729017223229,0.500000000000972,0.49999999999289246,0.5000000000071071,0.49999999999902783
735,0.2445549915363275,0.6634703129113367,0.49947630896865747,0.5005231431003334,0.42868423016108365,0.49999999999529426,0.5000000000099896,0.4999999999900013,0.5000000000047062
736,0.6689664385680418,0.2290936578554617,0.5013288764428183,0.49866758230767466,0.6911576465949718,0.4999999999991987,0.49999999999918904,0.5000000000008112,0.5000000000008066
737,0.6908054122715771,0.15095655791083382,0.5002816897319396,0.49971815148036447,0.5067046903045707,0.4999999999994753,0.4999999999940266,0.5000000000059708,0.5000000000005155
738,0.7060180514462991,0.03922385794354786,0.4989136057800719,0.5010840388273495,0.5593677291995968,0.5000000000078293,0.4999999999972289,0.500000000002773,0.4999999999921755
739,0.19373518800129066,0.6800490253872187,0.5012440772020877,0.49875281961090795,0.42570858148703655,0.4999999999968395,0.5000000000009135,0.4999999999990902,0.5000000000031621
740,0.6046430382767437,0.36661532464350727,0.5008242868474453,0.499174352009143,0.6432951900779081,0.5000000000090271,0.5000000000089942,0.49999999999100586,0.499999999990969
741,0.6751088710409615,0.21030457205026432,0.4992637859010679,0.5007351316691634,0.6521657596772673,0.5000000000007407,0.5000000000024755,0.49999999999752653,0.4999999999992602
742,0.07554344721881301,0.7030598748202717,0.5002406392882051,0.49975924484148193,0.3411872295803975,0.4999999999964139,0.4999999999905603,0.5000000000094402,0.5000000000035838
743,0.6693360512401959,0.22801151398597763,0.5011772397211236,0.4988199819428929,0.6889496959893845,0.500000000000798,0.4999999999990154,0.5000000000009774,0.499999999999198
744,0.03583094566119665,0.7061983739240856,0.5015335831970318,0.4984616985542091,0.3653784082366952,0.5000000000039672,0.49999999999284195,0.5000000000071594,0.49999999999603134
745,0.24788663145868253,0.6622327520925501,0.49894303428408565,0.5010547360712079,0.36507113587968204,0.4999999999893432,0.5000000000027439,0.4999999999972542,0.5000000000106626
746,0.6793057332899685,0.1963255660300592,0.4987561671088118,0.5012407463194941,0.6367227549912164,0.499999999985305,0.4999999999970646,0.5000000000029321,0.5000000000146911
747,0.6937380712856029,0.13684841412648974,0.4987084087892919,0.5012882633803147,0.6430567140778602,0.4999999999995197,0.5000000000029841,0.4999999999970154,0.500000000000484
748,0.25019274782659773,0.6613649438358356,0.500475619219439,0.49952392792229666,0.3401390926938386,0.49999999999704703,0.5000000000061169,0.49999999999388395,0.5000000000029545
749,0.3655708269290569,0.6052751196756729,0.5008385005613659,0.4991600909081629,0.3577077708748138,0.5000000000102,0.4999999999987102,0.5000000000012927,0.49999999998979483
750,0.3151922795394244,0.6329722218140262,0.5005374573243785,0.4994619643328641,0.47604761223819675,0.49999999999502687,0.50000000000616,0.4999999999938374,0.5000000000049707
751,0.11515623470459468,0.6976668557475417,0.5002508103018499,0.49974906382337453,0.33733403709690346,0.500000000004254,0.4999999999982607,0.5000000000017362,0.499999999995747
752,0.29442347454768497,0.6428956506582268,0.501555888133976,0.49843925515366594,0.47697553050562713,0.49999999999720324,0.4999999999995122,0.5000000000004907,0.5000000000027931
753,0.6293079735453723,0.32244608251764906,0.5012801965139142,0.49871651725500926,0.6657369760106536,0.4999999999934755,0.5000000000068165,0.499999999993178,0.5000000000065254
754,0.677746514072045,0.20164243242827523,0.4984248341106188,0.5015702191536102,0.5726499015373364,0.500000000006994,0.5000000000033796,0.4999999999966189,0.49999999999300987
755,0.7059932462921202,0.03966791686937809,0.498471185205736,0.5015241544727356,0.584360704017947,0.5000000000001354,0.4999999999956062,0.5000000000043976,0.49999999999985933
756,0.6974332729834904,0.11656255717652021,0.5000105564651801,0.49998944331193845,0.6843943676266383,0.5000000000004022,0.499999999998083,0.5000000000019184,0.4999999999995913
757,0.19539224212814638,0.679574772719039,0.5016885768868606,0.4983057011727234,0.4296034606107002,0.5000000000031614,0.49999999999995204,0.5000000000000511,0.49999999999683653
758,0.6893539841762808,0.1574518495129252,0.5015855814635143,0.49840937437803795,0.707941814269199,0.5000000000005336,0.5000000000004349,0.4999999999995642,0.4999999999994632
759,0.21610449264090736,0.6732747197544385,0.5016325883902253,0.49836206342870876,0.3248286609054771,0.5000000000107772,0.5000000000003197,0.499999999999678,0.4999999999892247
760,0.576756658599017,0.4090864905636665,0.49831575664848504,0.5016785890147679,0.5451186520257559,0.5000000000015187,0.5000000000037033,0.4999999999962975,0.49999999999848144
761,0.11243476063176283,0.6981106105780633,0.5000438710083335,0.4999561251419986,0.3392573953319321,0.5000000000034575,0.4999999999942028,0.500000000005798,0.4999999999965409
762,0.07612700636104547,0.7029969266664691,0.5007798394269194,0.49921894237252945,0.3761462536467506,0.5000000000035812,0.49999999999866307,0.5000000000013352,0.4999999999964145
763,0.5070404151141495,0.4928590276265194,0.4983253801834175,0.5016690298045575,0.4945810722890345,0.49999999999041955,0.5000000000036504,0.4999999999963433,0.5000000000095821
764,0.7045458740980386,0.060125796023252506,0.4991834606367461,0.5008152080625383,0.6674099922993915,0.5000000000002116,0.49999999999746064,0.5000000000025409,0.49999999999979095
765,0.5062574842568995,0.4936632046586807,0.5013689566211607,0.49862728499010833,0.5926186145032022,0.5000000000019087,0.5000000000007658,0.4999999999992322,0.4999999999980949
766,0.6206889075506072,0.33874072687475787,0.5013162314122708,0.4986802944999882,0.6611022063609855,0.5000000000064735,0.4999999999931399,0.5000000000068566,0.49999999999353234
767,0.703242050379496,0.07382830472142204,0.5001335094395009,0.4998664549014337,0.5172330568219664,0.5000000000002699,0.5000000000058653,0.49999999999413325,0.499999999999727
768,0.643270464110161,0.29360367296995266,0.5004751274766382,0.4995244206014788,0.660810987401984,0.49999999999895817,0.4999999999984262,0.5000000000015743,0.5000000000010352
769,0.17694402963857492,0.6846099695266387,0.5016321937806834,0.49836246062758094,0.42096360393764515,0.4999999999967761,0.4999999999996768,0.5000000000003216,0.5000000000032261
770,0.4380512025303259,0.5550776017474818,0.4992723003330692,0.5007266421113692,0.41604359803354923,0.5000000000054812,0.5000000000024687,0.4999999999975331,0.4999999999945196
771,0.1671231642898675,0.687073393428781,0.5015667066366422,0.498428368768948,0.416152571735076,0.4999999999967445,0.5000000000004728,0.49999999999952927,0.5000000000032543
772,0.5093558413891636,0.490465724432137,0.5004292681814678,0.49957036295937673,0.4162989933057243,0.5000000000095788,0.49999999999839334,0.5000000000016098,0.49999999999042505
773,0.3686588938717798,0.6033992210545469,0.4999326133011683,0.5000673776181215,0.37581304349074585,0.49999999998979855,0.4999999999980277,0.5000000000019728,0.5000000000101998
774,0.7020787496228118,0.08417503689653746,0.5016698932044078,0.49832451098885194,0.7171079375753611,0.4999999999849109,0.5000000000001892,0.4999999999998113,0.5000000000150859
775,0.321812088495812,0.629632416333501,0.5015010978388441,0.4984943819808164,0.33780816978989103,0.5000000000026883,0.5000000000082773,0.499999999991725,0.4999999999973113
776,0.660030752394803,0.25369155660594916,0.49985467853729365,0.5001452792383194,0.5023373049275767,0.500000000000906,0.5000000000056626,0.49999999999433525,0.4999999999990935
777,0.6793661700014497,0.19611631002433008,0.4992975216365352,0.5007014927954732,0.6557062482525533,0.5000000000070031,0.49999999999475386,0.5000000000052479,0.499999999992995
778,0.6657628554119177,0.23824321054066058,0.4995290447259202,0.5004705120935828,0.5151449349215045,0.5000000000008465,0.5000000000054254,0.4999999999945782,0.49999999999915373
779,0.6245102318397661,0.33164283548335866,0.49845324253502793,0.5015419872815378,0.5879609019156231,0.49999999999350464,0.49999999999563427,0.5000000000043635,0.500000000006496
780,0.2685596485784825,0.654122100259347,0.5009454865076542,0.49905272221240565,0.4579948821606743,0.5000000000028886,0.5000000000011997,0.4999999999988034,0.4999999999971127
781,0.1510882362193207,0.6907766297108306,0.5016133996584613,0.4983813773437764,0.3268853278438104,0.5000000000043787,0.5000000000003721,0.4999999999996269,0.49999999999562633
782,0.4753132113898639,0.5235239737378373,0.5016774220295181,0.49831693150626405,0.5788662605815706,0.5000000000020429,0.49999999999985034,0.5000000000001519,0.4999999999979585
783,0.14000007845516083,0.6931089224655328,0.49983239241523186,0.500167551418987,0.3918998564581232,0.5000000000033649,0.5000000000020458,0.49999999999795375,0.49999999999663336
784,0.3542842264936673,0.6119499055133405,0.49831430015059835,0.5016800357453071,0.43694527443683945,0.5000000000051297,0.5000000000039733,0.49999999999602013,0.49999999999487305
785,0.4973818197929715,0.5026045417019508,0.49835223999431527,0.5016423475870553,0.5097381597644859,0.5000000000019273,0.49999999999644806,0.5000000000035557,0.4999999999980688
786,0.6173572374311065,0.3447753517985641,0.498565538781369,0.5014303576167285,0.5914758063523539,0.5000000000064444,0.49999999999546557,0.5000000000045317,0.4999999999935478
787,0.5429878369438336,0.45295055903603365,0.501660854107305,0.49833361060270454,0.40494528102280447,0.5000000000017132,0.4999999999925367,0.5000000000074621,0.4999999999982855
788,0.01906569131934368,0.7068497059929975,0.5008231040499925,0.49917553871331827,0.3584123890643779,0.5000000000037909,0.5000000000013028,0.4999999999986984,0.4999999999962088
789,0.6874438182376471,0.16559286579755952,0.5011216302753709,0.49887584795233125,0.6992719116084409,0.500000000000578,0.49999999999896366,0.5000000000010396,0.4999999999994249
790,0.5162410994300279,0.4832133351422231,0.5004587158394042,0.4995408629335365,0.5846717737384022,0.4999999999981522,0.5000000000015914,0.49999999999841654,0.5000000000018424
791,0.17937249527511745,0.6839777101183764,0.4995293269023432,0.5004702304478128,0.4034822812957137,0.5000000000032145,0.5000000000022621,0.49999999999773304,0.49999999999678524
792,0.6737883812052241,0.21449759288356143,0.5011640838278082,0.4988331996579967,0.4765981500280917,0.5000000000069265,0.4999999999990056,0.5000000000009958,0.49999999999307215
793,0.2825308653547552,0.6482100817805069,0.5003237169026672,0.4996760733762425,0.4574089829977965,0.4999999999971547,0.5000000000016855,0.49999999999831507,0.5000000000028437
794,0.4634614117971966,0.5340444923177711,0.5012913463475555,0.49870530985447653,0.566980757369432,0.5000000000055983,0.5000000000068273,0.4999999999931671,0.49999999999439837
795,0.6155280973692318,0.34803040290902687,0.5013772876551839,0.4986189080084411,0.44302305977345763,0.49999999999357375,0.5000000000007572,0.4999999999992422,0.5000000000064325
796,0.5674426448794213,0.4219109441247561,0.4983040549838017,0.501690211970198,0.5341330706078621,0.49999999999386874,0.5000000000038501,0.499999999996152,0.5000000000061275
797,0.5337372634085201,0.4638151994846799,0.5016430573897205,0.49835152550453254,0.6130965688759555,0.49999999999405503,0.4999999999925959,0.5000000000074054,0.5000000000059387
798,0.5872841309741227,0.39382400829046704,0.5005435049407808,0.4994559036207282,0.4483181791049939,0.4999999999937576,0.5000000000015219,0.499999999998478,0.5000000000062429
799,0.6171920251223034,0.34507101316312533,0.5015759882852173,0.49841902850484465,0.4396355770455477,0.5000000000064369,0.5000000000004579,0.49999999999954786,0.4999999999935591
800,0.5254902748491278,0.4731384269312581,0.4999636618186296,0.5000363355406375,0.4339531085770903,0.4999999999982075,0.4999999999903631,0.5000000000096392,0.5000000000017901
801,0.5311723628275817,0.4667503877295947,0.5003700845506606,0.4996296413212166,0.4266730187983833,0.500000000009453,0.4999999999983462,0.5000000000016568,0.49999999999054906
802,0.5785794175508047,0.40650443735163516,0.500728346126547,0.4992705913483851,0.626057330891431,0.499999999998495,0.49999999999862293,0.5000000000013705,0.500000000001503
803,0.4010556507627555,0.5823696120087863,0.4997757193264313,0.5002241801150219,0.389383919439959,0.49999999999467465,0.499999999997913,0.5000000000020849,0.5000000000053271
804,0.17987712623150307,0.6838451721396406,0.4991205167502229,0.5008779389821387,0.35046662654908944,0.5000000000032162,0.5000000000051049,0.4999999999948999,0.49999999999678274
805,0.6926275921754078,0.14236227926419642,0.4985208348631516,0.5014748021659202,0.5733534438300056,0.5000000000004902,0.5000000000044676,0.499999999995535,0.49999999999951006
806,0.6860902705482913,0.17111440809871226,0.5016379246763882,0.4983566920653988,0.706628245381882,0.49999999999940675,0.49999999999969547,0.5000000000003052,0.5000000000005935
807,0.616967315387112,0.3454726302398274,0.5008451952009426,0.49915337366798224,0.6511572742700815,0.5000000000012509,0.500000000001282,0.49999999999871686,0.499999999998747
808,0.7070531556879686,0.008708758906880703,0.5014740246307703,0.49852161700433284,0.4867623532442088,0.4999999999923453,0.5000000000006252,0.4999999999993722,0.5000000000076523
809,0.5217794834002526,0.47722758795208087,0.5016609886744641,0.4983334751370437,0.3959817834359329,0.4999999999941305,0.49999999999977546,0.500000000000228,0.5000000000058653
810,0.5366135456014403,0.4604844217528468,0.4983428935877125,0.5016516325206372,0.5065108629316168,0.4999999999940484,0.5000000000035818,0.4999999999964129,0.5000000000059545
811,0.548501491838803,0.4462579001548367,0.4984724976724284,0.5015228499921074,0.5472528648623248,0.49999999999398453,0.5000000000043927,0.49999999999560235,0.5000000000060124
812,0.05622614260856876,0.7048678091063234,0.49959927377203844,0.5004004053220317,0.345365593107893,0.49999999999635225,0.4999999999945214,0.5000000000054806,0.5000000000036463
813,0.17502256102352948,0.6851037170624324,0.5015316955679059,0.498463597809089,0.41922411022852535,0.4999999999878497,0.49999999999946493,0.5000000000005351,0.5000000000121471
814,0.6332502031413195,0.3146334060799614,0.5016582638826934,0.49833621810801715,0.6740212844404795,0.49999999999887834,0.5000000000002399,0.49999999999975964,0.5000000000011221
815,0.6985542074444895,0.10964496915772964,0.5008054912233189,0.4991932090489311,0.4976218856369274,0.4999999999996193,0.500000000006376,0.4999999999936237,0.5000000000003791
816,0.59750194592029,0.3781420693621213,0.5010289066501379,0.4989689716815765,0.6425076442175979,0.5000000000013773,0.5000000000011248,0.49999999999887784,0.49999999999862327
817,0.21041659575834162,0.6750739687934464,0.49848436908673155,0.5015110505025809,0.36941614630831665,0.5000000000031065,0.4999999999955857,0.5000000000044136,0.49999999999689804
818,0.08059134379678863,0.7024991354478847,0.4999190507364162,0.500080936160139,0.37369323698200646,0.5000000000041274,0.5000000000096734,0.49999999999032746,0.49999999999587036
819,0.5247815973989938,0.4739243347111005,0.5000225271029811,0.4999774718820293,0.43219001612265523,0.5000000000058927,0.49999999999809225,0.5000000000019048,0.49999999999410627
820,0.5625532834292869,0.4284084538182378,0.5011203419722432,0.49887714205165046,0.6226308670023344,0.5000000000016029,0.5000000000010394,0.4999999999989614,0.499999999998402
821,0.37473960744676116,0.5996417485554587,0.49849451268479594,0.5015009679184511,0.420081933293632,0.4999999999947901,0.49999999999673606,0.5000000000032596,0.5000000000052106
822,0.3076664456291081,0.6366642429365376,0.4987035961673949,0.5012930511883326,0.38766308959302626,0.500000000004953,0.5000000000029919,0.49999999999700856,0.49999999999505074
823,0.49564154282882944,0.5043207954418175,0.4987697848103463,0.5012271957508297,0.4582184174669709,0.5000000000057399,0.4999999999970871,0.5000000000029128,0.499999999994253
824,0.6147090184618563,0.34947506723893373,0.5008380011971402,0.49916059195098056,0.6497832030739396,0.5000000000064263,0.5000000000063991,0.499999999993601,0.49999999999357
825,0.4622324018501778,0.5351085933526117,0.5000759563542095,0.49992403210530245,0.4051131710788588,0.5000000000097875,0.49999999999813144,0.5000000000018694,0.4999999999902077
826,0.3738197326545924,0.6002156341499703,0.499047722727233,0.5009504670531513,0.47946741975835055,0.4999999999975204,0.5000000000026602,0.4999999999973476,0.5000000000024817
827,0.5876999983629408,0.3932031433294959,0.498307275339835,0.5016870133294171,0.5480321527501479,0.5000000000014386,0.5000000000037725,0.4999999999962286,0.4999999999985584
828,0.4602533575185741,0.5368117425065112,0.49838267053989666,0.5016121147914202,0.4943289642384539,0.5000000000055707,0.49999999999577943,0.5000000000042208,0.4999999999944268
829,0.09634791742613773,0.7005120118939052,0.5005609043588634,0.49943846570667066,0.3819380816745112,0.5000000000035112,0.4999999999984861,0.5000000000015105,0.4999999999964897
830,0.6990978283634041,0.10612363722362783,0.4984377250555217,0.5015574087195594,0.629946901315113,0.4999999999996299,0.5000000000033606,0.49999999999664263,0.5000000000003699
831,0.5690141057435573,0.41978917025676654,0.5015102822453635,0.4984851420074349,0.4185521549364458,0.4999999999907611,0.4999999999994317,0.5000000000005652,0.5000000000092438
832,0.3171145316794244,0.6320113728948329,0.5013800480072299,0.49861613237064684,0.3385040385289526,0.4999999999972914,0.5000000000069359,0.4999999999930588,0.5000000000027087
833,0.4712715699740728,0.5271651613433609,0.49978211142998774,0.5002177936605023,0.546755208863554,0.5000000000097545,0.4999999999943915,0.5000000000056063,0.4999999999902448
834,0.6933649183419552,0.1387266737605109,0.5014229519699779,0.49857298687124196,0.7078143671930238,0.5000000000004892,0.500000000000697,0.49999999999930156,0.49999999999951256
835,0.47071712436100516,0.5276602968134939,0.49830454518531553,0.5016897250768226,0.4839994562383293,0.5000000000133253,0.5000000000038649,0.49999999999613726,0.49999999998667327
836,0.26284200734811897,0.6564404612554082,0.5010185646086763,0.4989793562037026,0.45606854060085694,0.4999999999970925,0.4999999999988646,0.5000000000011355,0.5000000000029095
837,0.6551377399549755,0.2660724369165008,0.4984092179995308,0.5015857368517324,0.561530712183875,0.5000000000009475,0.4999999999957186,0.5000000000042807,0.49999999999905115
838,0.6744347864606426,0.2124563927298544,0.5012324628022881,0.49876449175251975,0.4751736207198296,0.5000000000007367,0.49999999999323463,0.5000000000067619,0.4999999999992581
839,0.19877814137329763,0.678592109084818,0.5016852557648294,0.49830904481875743,0.43122986630224325,0.49999999998916445,0.5000000000075997,0.4999999999924052,0.50000000001084
840,0.29509697032965776,0.6425867917044468,0.5011098500861239,0.4988876808928633,0.338491098152417,0.5000000000049029,0.5000000000010445,0.49999999999895256,0.4999999999951023
841,0.12309046194552987,0.6963108057312053,0.5016890667165474,0.4983052080172098,0.3982446975521878,0.49999999999658906,0.499999999999954,0.5000000000000413,0.5000000000034153
842,0.4244386726477969,0.5655544298836097,0.5016043479990313,0.49839048753810244,0.548436284377921,0.50000000000227,0.4999999999996074,0.5000000000003936,0.4999999999977287
843,0.6785018146396248,0.1990861309351726,0.4985687381322965,0.5014271765243357,0.5621204730446187,0.5000000000007019,0.4999999999954573,0.5000000000045406,0.49999999999929867
844,0.6732375517145174,0.21622025753136348,0.49836311927497445,0.5016315394256202,0.5768365025655497,0.4999999999992357,0.49999999999583117,0.500000000004169,0.5000000000007678
845,0.6614945405193959,0.24984990066645668,0.5014796512602239,0.4985159569882595,0.6888182511440829,0.5000000000008874,0.49999999999937966,0.5000000000006164,0.4999999999991178
846,0.4266378565529787,0.5638972773084454,0.49840508888736945,0.5015898397806431,0.47960636338232887,0.5000000000099546,0.5000000000042641,0.4999999999957338,0.49999999999004335
847,0.29201750398559845,0.6439920683918227,0.5001945085393095,0.499805415764095,0.46016682701540207,0.49999999999511746,0.49999999999409145,0.5000000000059098,0.5000000000048808
848,0.23685170125767124,0.6662591677654616,0.5007368554344479,0.49926205704982785,0.44076108426335364,0.5000000000030074,0.5000000000013758,0.4999999999986291,0.49999999999699035
849,0.70712300387427,0.0,0.4986375268908412,0.5013587705188607,0.6473656739934789,0.5000000000000132,0.5000000000030662,0.49999999999693207,0.4999999999999892
850,0.0642945246711309,0.7041776864522941,0.498505989323652,0.5014895598199899,0.35986223654506094,0.4999999999963755,0.4999999999967591,0.5000000000032414,0.5000000000036167
851,0.7064193545696064,0.031172030563599296,0.5006162906804092,0.49938294875314476,0.5064248573201294,0.5000000000077991,0.500000000001465,0.4999999999985332,0.49999999999219824
852,0.705230315927535,0.051480107777189504,0.4992840613451764,0.5007149149832311,0.5444635455495568,0.5000000000001784,0.5000000000052327,0.49999999999476563,0.49999999999982364
853,0.6725718899931035,0.21828204871474727,0.49863196225568235,0.5013643048892112,0.6268430069767567,0.500000000014617,0.4999999999969288,0.5000000000030655,0.4999999999853858
854,0.5287365389196353,0.4695079045248164,0.5006162850325906,0.49938295441491737,0.42030766101873457,0.4999999999982165,0.5000000000062284,0.4999999999937753,0.5000000000017828
855,0.6574230110493342,0.26037470290827586,0.5011294870819823,0.498867955652552,0.6808706373922954,0.4999999999990855,0.5000000000010313,0.49999999999897615,0.5000000000009139
856,0.36957159457194827,0.6028406393778953,0.4984410654455101,0.5015540890846611,0.421227794700087,0.5000000000024946,0.49999999999565753,0.5000000000043422,0.4999999999975077
857,0.09345974700593855,0.7009031856751561,0.49893729989766444,0.501060446224636,0.34742917397772216,0.5000000000041684,0.4999999999972493,0.5000000000027541,0.49999999999582806
858,0.4418949363784317,0.5520225223694267,0.5015001201099798,0.4984953656050136,0.3694876377126842,0.5000000000054933,0.5000000000005832,0.49999999999941735,0.4999999999945093
859,0.17900006852696485,0.6840752703228999,0.4993841167065043,0.5006151256017586,0.4015305446188695,0.49999999999552724,0.5000000000053161,0.4999999999946842,0.5000000000044796
860,0.5050112795328249,0.4949379835339182,0.4988389663865188,0.5011583438539425,0.45958432122945214,0.5000000000057948,0.499999999997153,0.5000000000028441,0.49999999999420747
861,0.1020019309039102,0.6997110875867795,0.500139034880447,0.4998609264474029,0.3393424381596433,0.5000000000111875,0.5000000000018225,0.49999999999817846,0.49999999998881245
862,0.01876754559948047,0.7068576796160402,0.49878704739996343,0.5012100172043914,0.35090597547504154,0.5000000000039128,0.4999999999970993,0.5000000000029006,0.4999999999960884
863,0.1125943133412486,0.6980849002512042,0.49873046447494745,0.5012663202376504,0.35011955810682643,0.4999999999880709,0.4999999999952618,0.5000000000047299,0.5000000000119307
864,0.6749754026631275,0.21073256253310876,0.5010213754382427,0.49897653387105434,0.6899596754080389,0.500000000000741,0.5000000000011297,0.49999999999887046,0.4999999999992594
865,0.21171792872608564,0.6746669687008081,0.5016871088242618,0.4983071791972812,0.437397634811279,0.49999999999690015,0.500000000000072,0.4999999999999261,0.5000000000031012
866,0.4615909245308618,0.5356620374739486,0.500456910054689,0.49954267202964475,0.5535559367738538,0.5000000000021018,0.4999999999984158,0.5000000000015886,0.49999999999789607
867,0.6870281449353164,0.16730908076807352,0.49830800127827096,0.5016862922803969,0.60390006145696,0.4999999999852097,0.4999999999962333,0.500000000003764,0.5000000000147885
868,0.04763181464851797,0.7055006858018951,0.49917672038173816,0.5008219262661459,0.34741343261758784,0.5000000000040165,0.49999999999745454,0.5000000000025464,0.49999999999598116
869,0.35802414558735335,0.6097693918002484,0.49851526806652785,0.5014803361095582,0.45427942914192804,0.5000000000025493,0.500000000003228,0.49999999999676975,0.49999999999745004
870,0.019579611565560387,0.7068356519099301,0.4984320485455758,0.5015630498578055,0.3537366670379556,0.49999999998839945,0.5000000000033685,0.49999999999663447,0.5000000000115948
871,0.7052233849773057,0.05157503962078592,0.5014882127019215,0.49850734450059336,0.7163235434100377,0.5000000000075102,0.49999999999291267,0.5000000000070884,0.49999999999248895
872,0.6407421638377315,0.29908106966483594,0.5007796369029975,0.4992191455295975,0.4686763232566836,0.49999999999893163,0.5000000000063504,0.49999999999364925,0.5000000000010737
873,0.3985623842144323,0.5840787839746504,0.4985487010623987,0.5014470985747089,0.42653868673120504,0.500000000002377,0.4999999999954893,0.5000000000045097,0.4999999999976223
874,0.6942313320895509,0.13432370433085694,0.5006472267412295,0.499351934367248,0.695291966060243,0.4999999999918458,0.49999999999374845,0.5000000000062481,0.50000000000815
875,0.6286363209565654,0.323753572913408,0.4991458205619972,0.5008527226795151,0.6210753152514973,0.4999999999988384,0.49999999999742684,0.5000000000025662,0.5000000000011652
876,0.0819803596533523,0.7023383946724758,0.4991403316865554,0.5008581927889677,0.34583335336744425,0.4999999999958674,0.49999999999742223,0.5000000000025733,0.500000000004136
877,0.7071655720468512,0.0,0.4993739390776311,0.5006252779975197,0.5424527199638511,0.4999999999923283,0.4999999999976112,0.5000000000023924,0.5000000000076669
878,0.20778253238692104,0.6758893542843251,0.49898338649544943,0.5010145506884358,0.40611840162481977,0.5000000000031172,0.5000000000027103,0.49999999999729217,0.4999999999968869
879,0.4621528758099527,0.5351772784606907,0.5005020206214369,0.4994974748223061,0.5545592162535511,0.4999999999978999,0.5000000000015534,0.4999999999984483,0.5000000000021017
880,0.3611616269574153,0.6079163475503121,0.5009567680789295,0.4990413975973503,0.5052529023744063,0.500000000002538,0.500000000001188,0.49999999999881517,0.49999999999746153
881,0.7033601952429072,0.07269417555051086,0.49832811201959026,0.5016663161614424,0.6192606907803028,0.49999999999975686,0.4999999999882566,0.5000000000117452,0.5000000000002484
882,0.05165025812289594,0.7052178747279672,0.5008206758273501,0.4991779749386307,0.34296593022008026,0.4999999999963343,0.5000000000063825,0.4999999999936136,0.5000000000036584
883,0.6426343343116341,0.2949934107125806,0.5008462447440221,0.49915232056538245,0.46797423199237703,0.5000000000066359,0.49999999999871547,0.5000000000012799,0.4999999999933626
884,0.4192080631929374,0.5694423585877871,0.5007737993418984,0.4992250012696526,0.3748982858589478,0.499999999994594,0.5000000000013444,0.49999999999866035,0.5000000000054019
885,0.6555713307722522,0.2650023212530479,0.5016845304885966,0.49830977500790663,0.6880962517152575,0.500000000006748,0.49999999999240224,0.500000000007592,0.49999999999325745
886,0.13562768991683055,0.6939777640818654,0.4988760606039221,0.5011214185766806,0.3805317003124669,0.5000000000033757,0.5000000000028075,0.49999999999718553,0.4999999999966217
887,0.654639998589922,0.26729472917772745,0.49860908307342644,0.5013870583458222,0.6151938389526221,0.5000000000009467,0.4999999999969006,0.5000000000030996,0.49999999999906114
888,0.6241432544648519,0.33233296241273685,0.4998867625922562,0.500113211768131,0.6373201671606168,0.5000000000012017,0.5000000000020087,0.4999999999979936,0.49999999999880085
889,0.4628588092538709,0.5345668584421045,0.49984352237554736,0.5001564286692698,0.4110439601231164,0.500000000009796,0.49999999999796163,0.5000000000020313,0.49999999999020944
890,0.3719802564329123,0.6013573742755389,0.5016896514512834,0.49830461931101044,0.5203504118936947,0.4999999999975163,0.4999999999999686,0.5000000000000328,0.5000000000024808
891,0.6817286933681546,0.18773915052153983,0.5002740674207798,0.4997257822709106,0.6804315499681848,0.5000000000083492,0.5000000000059742,0.4999999999940304,0.4999999999916516
892,0.6256304391417931,0.3295247490118713,0.5014467549005963,0.4985490467342817,0.4462080172902662,0.5000000000088797,0.5000000000006628,0.4999999999993371,0.4999999999911223
893,0.09101926780913834,0.7012242814445929,0.49863062040458145,0.5013656394239118,0.3503911190641393,0.5000000000035285,0.4999999999892362,0.5000000000107697,0.49999999999646905
894,0.6951750998522571,0.1293506392340815,0.5013568853330794,0.4986394223575954,0.707977839046997,0.4999999999927568,0.4999999999915282,0.5000000000084749,0.5000000000072445
895,0.6999497145595559,0.10035136814216876,0.499115046270971,0.5008833902076657,0.5478460930077765,0.5000000000080411,0.49999999999740513,0.5000000000025933,0.4999999999919679
896,0.060409241657078824,0.7045216274740462,0.5004844134844271,0.49951511674737886,0.36995116732805244,0.4999999999882555,0.49999999999843364,0.5000000000015651,0.5000000000117463
897,0.6094525033507632,0.35856331739472724,0.49913505297955024,0.5008634533354405,0.4990759031183518,0.5000000000140774,0.5000000000051132,0.49999999999488837,0.4999999999859211
898,0.6633361333631637,0.24491870931964474,0.5015785238392658,0.49841647687774515,0.4619515958036216,0.4999999999931715,0.5000000000004496,0.4999999999995514,0.5000000000068222
899,0.6726991733577573,0.21788947421913815,0.5015793842534632,0.4984156110034258,0.6973058413885503,0.5000000000007723,0.500000000000445,0.4999999999995568,0.4999999999992288
900,0.6773769150041195,0.20288054371846737,0.4983805086960864,0.5016142627077413,0.6116834416638689,0.5000000000007022,0.5000000000034784,0.4999999999965225,0.49999999999929695
901,0.3358721503393129,0.622245850630159,0.5005605507439114,0.4994388201160894,0.35488355505207586,0.4999999999949414,0.49999999999849454,0.500000000001505,0.500000000005063
902,0.5242231125939051,0.4745420231738974,0.5015020320992012,0.49849344208362,0.39988503822693444,0.5000000000058927,0.499999999999416,0.5000000000005878,0.49999999999411165
903,0.5449029406049071,0.45064486507579615,0.5010313864399902,0.4989664816418228,0.41830684241412214,0.499999999998303,0.49999999999118566,0.5000000000088128,0.5000000000017033
904,0.6944849571655324,0.1330061813254979,0.501675665104291,0.49831870027340114,0.7124370588849996,0.5000000000072319,0.4999999999924724,0.5000000000075323,0.4999999999927709
905,0.011090325564765104,0.7070198050117582,0.4985188722509826,0.5014767532095639,0.3521381445273673,0.5000000000038691,0.4999999999967725,0.500000000003225,0.49999999999612804
906,0.6460814492953063,0.2873652047073216,0.5015385202843786,0.4984567309917212,0.6800832264742424,0.4999999999989756,0.5000000000005231,0.49999999999947425,0.500000000001029
907,0.32414867053429447,0.6284326848524411,0.4983097313122798,0.5016845738902972,0.4171743149239891,0.4999999999873008,0.5000000000039504,0.4999999999960553,0.5000000000126975
908,0.6975451450714076,0.11589120150947785,0.5008583050252962,0.499140219063927,0.49584610942362745,0.4999999999927079,0.5000000000012699,0.49999999999872796,0.5000000000072938
909,0.45049349070805045,0.5450280862760012,0.5016551718005337,0.49833933078353665,0.369090387034947,0.5000000000055437,0.49999999999975503,0.5000000000002512,0.4999999999944611
910,0.7056182055383267,0.04585791112635433,0.5008205435857246,0.4991781076154049,0.7054501774170969,0.5000000000001573,0.4999999999986956,0.5000000000013021,0.49999999999984374
911,0.08390768697079301,0.7021107515664083,0.5013081737943889,0.49868839457814873,0.38135252184740587,0.5000000000035469,0.49999999999915806,0.5000000000008387,0.49999999999644973
912,0.6592168961446403,0.25579891289334816,0.5012302132134406,0.4987667524625149,0.4674688537282883,0.49999999999320643,0.5000000000009216,0.49999999999907335,0.500000000006786
913,0.689616478886379,0.15629817438036378,0.49946059073201066,0.5005388279700491,0.6665151690014017,0.4999999999994495,0.5000000000023183,0.49999999999768147,0.5000000000005427
914,0.29125999727131074,0.6443350221574782,0.500484783153493,0.49951474636070925,0.34672614227530485,0.49999999999719247,0.4999999999938781,0.5000000000061247,0.500000000002797
915,0.03484904501917824,0.706247514350124,0.5016351899348314,0.4983594447976733,0.36501146912900523,0.5000000000037287,0.499999999999689,0.5000000000003108,0.4999999999962724
916,0.40649653258073787,0.578584973904848,0.5005155358878363,0.49948393200873437,0.5238253054999757,0.49999999999765016,0.5000000000015364,0.49999999999845757,0.5000000000023513
917,0.1274475426628846,0.6955265083871333,0.5015963041443927,0.4983985831327027,0.3300857286803274,0.5000000000042788,0.5000000000004088,0.49999999999959105,0.4999999999957262
918,0.11240125308573841,0.698116006337598,0.5001838895928605,0.4998160427514887,0.3380039066020727,0.4999999999965536,0.49999999999051997,0.5000000000094811,0.5000000000034478
919,0.47652099782740237,0.5224248640996862,0.49830471468140525,0.5016895567243569,0.4862154191464094,0.5000000000097291,0.5000000000115683,0.4999999999884303,0.4999999999902699
920,0.7070690104544926,0.007309029011613642,0.49938558402492117,0.5006136618871759,0.6749444660273003,0.5000000000000474,0.4999999999976208,0.5000000000023788,0.49999999999995803
921,0.6924652198838641,0.14315001413726822,0.49994293278149515,0.5000570607059123,0.6800302730040803,0.5000000000081867,0.5000000000096534,0.4999999999903458,0.4999999999918152
922,0.6168645218476259,0.34565613213959223,0.4987650598635516,0.5012318974878887,0.6007379443353016,0.49999999999875383,0.4999999999970799,0.5000000000029218,0.5000000000012498
923,0.37112450209498193,0.6018858728569347,0.5012029164275494,0.49879418256883673,0.35336458118266517,0.4999999999975058,0.5000000000067332,0.49999999999326217,0.5000000000024969
924,0.4734479046334621,0.5252114636964613,0.4993778206079076,0.5006214061393106,0.539390833117563,0.5000000000020443,0.4999999999976187,0.5000000000023856,0.4999999999979511
925,0.3253721062271539,0.62780012144735,0.49859725524432386,0.5013988203644137,0.4433552748749737,0.49999999999732153,0.4999999999968859,0.5000000000031134,0.5000000000026804
926,0.24934126392251985,0.6616864325603132,0.4983268922754182,0.5016675277862059,0.39917493517180097,0.5000000000047329,0.5000000000113379,0.4999999999886622,0.4999999999952724
927,0.0933110652702863,0.7009230003955812,0.49917922915850316,0.5008194257182177,0.3718220232111571,0.49999999999584255,0.49999999998976746,0.5000000000102355,0.5000000000041533
928,0.0,0.7071713270965787,0.5013878933904893,0.49860824337493964,0.3558830382168292,0.5000000000038257,0.4999999999992561,0.5000000000007399,0.4999999999961697
929,0.1105826617779293,0.6984063823549334,0.5010721864863046,0.4989255093997867,0.33366611639876903,0.500000000004227,0.5000000000010858,0.499999999998917,0.4999999999957705
930,0.6484847509641899,0.28189986626426217,0.49830759596835184,0.501686694860684,0.5820561026383715,0.5000000000066916,0.49999999999607025,0.5000000000039252,0.49999999999330774
931,0.6853361128539514,0.17411034552329507,0.5005382440896358,0.49946117587221994,0.4971609261400518,0.5000000000083052,0.49999999999847095,0.5000000000015257,0.4999999999917
932,0.23831065441402663,0.6657387121690738,0.49983794731516745,0.5001620001797075,0.4311287882962083,0.5000000000123814,0.4999999999979626,0.5000000000020435,0.49999999998762096
933,0.6867897838954999,0.16828485725122144,0.500699166408629,0.49929985455405784,0.49408986369003444,0.4999999999928979,0.5000000000014031,0.4999999999985964,0.5000000000071014
934,0.1750133811967135,0.6851060621554119,0.5016175965465505,0.49837715320313897,0.4193994217489147,0.5000000000032441,0.49999999999964095,0.5000000000003622,0.49999999999675737
935,0.6054804356500288,0.3652306696391356,0.4984187582682207,0.5015762568208008,0.5339686655152853,0.5000000000013336,0.4999999999957041,0.500000000004297,0.49999999999866673
936,0.20055586989078633,0.6780688335651158,0.5013343603482412,0.4986620690750619,0.32808671995731015,0.5000000000031518,0.5000000000085,0.4999999999915022,0.4999999999968551
937,0.4213727690478892,0.5678423984741805,0.49967640087177706,0.5003233898308515,0.3990868887573314,0.49999999999459405,0.4999999999978426,0.5000000000021645,0.5000000000054018
938,0.6169696521580605,0.34546844764168644,0.5012470951883123,0.49874978653156005,0.4464807127645417,0.5000000000064344,0.5000000000009079,0.49999999999909,0.4999999999935606
939,0.3814889553767658,0.5953706267517693,0.49879498732727323,0.5012021155354238,0.4760928811724,0.499999999997557,0.5000000000028897,0.49999999999710953,0.5000000000024448
940,0.7071470725133141,0.0,0.4999250652589811,0.5000749235122715,0.6885015434544368,0.5000000000076906,0.5000000000057143,0.4999999999942865,0.49999999999231476
941,0.6066248489747852,0.363326702302928,0.5016667698299964,0.4983276553115815,0.6576389680328312,0.4999999999986795,0.49999999999979733,0.5000000000002038,0.500000000001322
942,0.4396676473822897,0.5537981219228942,0.5011159231168417,0.4988815807371069,0.5508731580788786,0.4999999999868187,0.5000000000010408,0.4999999999989583,0.5000000000131837
943,0.5797359243647131,0.40485337839888624,0.49848372455599355,0.5015116911426788,0.5150429694980347,0.49999999999081857,0.5000000000032835,0.4999999999967221,0.5000000000091818
944,0.6313110169439877,0.31850651466671925,0.498343335297631,0.5016511937237174,0.5806240437367206,0.49999999999345357,0.500000000004105,0.4999999999958927,0.5000000000065395
945,0.461624765218152,0.5356328743993255,0.498515430105819,0.5014801750282989,0.5041076027917419,0.4999999999902048,0.49999999999553774,0.5000000000044655,0.500000000009793
946,0.7067795666041264,0.021509166206245746,0.501007499468278,0.49899046631829036,0.49728000593075816,0.4999999999923832,0.5000000000011456,0.499999999998856,0.5000000000076217
947,0.1291744994322436,0.6952078456810084,0.5010828467951673,0.4989148029951146,0.3970428917884506,0.4999999999957056,0.4999999999933805,0.5000000000066228,0.5000000000042941
948,0.6772385244736188,0.20334202951873,0.5009746372945123,0.4990234591556104,0.48273624823326367,0.5000000000007236,0.500000000008866,0.4999999999911335,0.4999999999992769
949,0.4269642250106378,0.563650202307298,0.5002137271953726,0.4997861814069258,0.5303067934459867,0.49999999999773936,0.5000000000017684,0.4999999999982351,0.5000000000022533
950,0.20200716835341823,0.6776378855508574,0.4984264536233672,0.5015686097917541,0.3903272672957506,0.5000000000122462,0.5000000000033787,0.4999999999966209,0.499999999987757
951,0.6903474924250638,0.15303705336429885,0.4995560063038628,0.5004435997849671,0.6694777571357816,0.49999999999284384,0.4999999999945558,0.5000000000054458,0.5000000000071569
952,0.33394612263117573,0.6232816275004441,0.49831094025825595,0.5016833730740283,0.42045775743833386,0.4999999999973644,0.4999999999960432,0.5000000000039587,0.5000000000026344
953,0.6534622548857787,0.27016122917295055,0.49830822954974147,0.501686065545973,0.5850694772074642,0.4999999999990385,0.5000000000037567,0.4999999999962396,0.5000000000009585
954,0.6855876130557828,0.17311739515233296,0.501688026403683,0.49830625539237605,0.7070079405025227,0.4999999999993918,0.5000000000000545,0.4999999999999401,0.5000000000006017
955,0.6545395455314454,0.267540619972917,0.4986968442417549,0.5012997681460782,0.6193683334144198,0.5000000000086413,0.4999999999953062,0.5000000000046909,0.4999999999913628
956,0.4994128894138434,0.5005864219965614,0.4993217432898751,0.5006773378913442,0.440382728111358,0.5000000000096202,0.4999999999975721,0.5000000000024313,0.4999999999903833
957,0.5978799697415546,0.37754410084323226,0.4988863477285229,0.5011111773350295,0.5029137331203223,0.4999999999986223,0.499999999995109,0.5000000000048953,0.5000000000013756
958,0.3119890912109865,0.6345571739136967,0.5016899176634061,0.4983043512903305,0.48764641812172366,0.49999999999727107,0.4999999999999783,0.5000000000000142,0.5000000000027238
959,0.697448189087591,0.11647327392340484,0.498595373924771,0.5014006911650764,0.5711219760572094,0.5000000000004052,0.5000000000108089,0.4999999999891898,0.49999999999959155
960,0.6236347419196,0.33328622634436506,0.5016799852379641,0.49831435099908056,0.4405724446747163,0.49999999999351297,0.4999999999998667,0.5000000000001321,0.5000000000064807
961,0.5223331651222762,0.4766215108588156,0.4987244637019718,0.50127229058185,0.5459414734829877,0.49999999999818917,0.5000000000029609,0.49999999999703343,0.5000000000018061
962,0.48454927947474247,0.5149873778751107,0.5012484035089412,0.4987484716565507,0.3893951003834308,0.5000000000020037,0.49999999999321687,0.5000000000067908,0.4999999999979972
963,0.08647139508893255,0.7017996137298568,0.4983958513252307,0.5015990185215644,0.36171360061659547,0.4999999999964537,0.4999999999965574,0.5000000000034409,0.5000000000035488
964,0.6304630597653388,0.3201817144549724,0.4996948726620486,0.5003049412460963,0.6368503741392318,0.5000000000011429,0.5000000000021445,0.49999999999785655,0.49999999999885597
965,0.35298090891140854,0.6127026015483165,0.4986775234968305,0.5013189878301696,0.45866143531595355,0.49999999999743605,0.4999999999969833,0.5000000000030146,0.5000000000025633
966,0.0,0.7071070405550904,0.4983830175725715,0.5016117699927538,0.3523085647560451,0.5000000000038494,0.49999999999653194,0.5000000000034737,0.4999999999961444
967,0.31558530812368923,0.632776353300658,0.5012245880293343,0.4987724053662422,0.3404476871211423,0.4999999999950201,0.5000000000009335,0.4999999999990696,0.500000000004983
968,0.5083072165488199,0.4915524118589893,0.49866977074710367,0.5013266996111717,0.4686930522636228,0.500000000009571,0.49999999999697087,0.5000000000030282,0.49999999999042744
969,0.7008796692428985,0.09363597933984073,0.5016504522896533,0.498344081652005,0.7161019965748109,0.500000000000319,0.4999999999997351,0.5000000000002591,0.4999999999996798
970,0.5761099100619897,0.4099967945342557,0.500180500519,0.4998194342965847,0.45172732448304215,0.4999999999984908,0.4999999999941019,0.5000000000058936,0.5000000000015079
971,0.6079173057378984,0.36116000523918873,0.49918395099534196,0.5008147193011353,0.6101329845571412,0.4999999999986936,0.4999999999974577,0.5000000000025374,0.5000000000013027
972,0.44354608150867736,0.5506967165130913,0.4995579687707758,0.5004416407910224,0.5270208353949729,0.49999999999449596,0.5000000000054409,0.4999999999945534,0.5000000000055065
973,0.7028571470027136,0.0774069176960893,0.4989417296298039,0.5010560352236205,0.556419064677239,0.5000000000074233,0.5000000000027438,0.49999999999725075,0.4999999999925802
974,0.6417075262156934,0.2970041258941229,0.49928277805894994,0.5007161945990399,0.6327525560704839,0.5000000000143204,0.5000000000024621,0.4999999999975443,0.49999999998567657
975,0.7001444947906332,0.09898330150059796,0.4985759837753323,0.5014199720817464,0.5738945415630399,0.4999999999926597,0.49999999999685474,0.5000000000031452,0.500000000007338
976,0.6980355101958633,0.11290007309829586,0.4996349006683879,0.5003648329310211,0.6759664531667321,0.5000000000004066,0.5000000000021919,0.4999999999978067,0.49999999999959327
977,0.049428218373631407,0.705377098599328,0.5016745140839228,0.4983198590450321,0.34202886086941076,0.4999999999959781,0.4999999999998347,0.5000000000001662,0.5000000000040195
978,0.16585998013701234,0.6873794199632017,0.5015576850572105,0.4984374469881344,0.41537768519911616,0.4999999999967342,0.5000000000004846,0.49999999999951283,0.5000000000032637
979,0.4917641243166418,0.5081024008002807,0.4998806543370082,0.5001193171830173,0.560227120839548,0.4999999999942671,0.5000000000056852,0.4999999999943179,0.5000000000057274
980,0.6852032934703794,0.17463233903585837,0.49842175680822987,0.5015732771392415,0.620289480155826,0.49999999999939315,0.4999999999966132,0.5000000000033876,0.5000000000006072
981,0.5841768035104391,0.39841870217187264,0.49992234512185,0.5000776428194629,0.4622271295856478,0.4999999999937701,0.5000000000019823,0.49999999999801836,0.5000000000062236
982,0.7059170060825796,0.04100220177510865,0.4996935462874887,0.5003062659997762,0.5314588769227051,0.5000000000078322,0.5000000000021533,0.49999999999785233,0.49999999999216554
983,0.2714448280250165,0.6529300974975835,0.5015455755503005,0.49844963200499653,0.4651856174150699,0.4999999999971149,0.4999999999994887,0.5000000000005101,0.5000000000028835
984,0.6704736259310035,0.22464442332479637,0.5000801109354772,0.49991987622694,0.5012669641761747,0.49999999999308814,0.5000000000018612,0.4999999999981372,0.5000000000069095
985,0.43564702828384494,0.5569664891115829,0.5016860343078458,0.4983082609996172,0.363817608313394,0.5000000000054741,0.5000000000000834,0.49999999999991246,0.49999999999453093
986,0.0369595184397619,0.7061402137232394,0.49830736433067024,0.5016869249380781,0.35297961213615003,0.4999999999962888,0.5000000000039229,0.4999999999960815,0.5000000000037166
987,0.5605376729872846,0.4310423612152301,0.5006509385708853,0.49934821288164094,0.6140311908959607,0.5000000000016063,0.49999999999856043,0.5000000000014367,0.49999999999839484
988,0.6345943234242633,0.31191352115242094,0.49937890858820155,0.5006203208592919,0.6312488498717542,0.4999999999934238,0.5000000000053103,0.4999999999946936,0.5000000000065766
989,0.4673296913538214,0.530662755032934,0.5003144938878953,0.499685308174755,0.4015785454664697,0.5000000000056187,0.49999999999830724,0.5000000000016936,0.49999999999438327
990,0.6839416217332862,0.17951007010009443,0.5013066829935539,0.4986898932061879,0.478451536526821,0.5000000000070672,0.49999999999915373,0.500000000000845,0.4999999999929354
991,0.7022691567570541,0.08257141676960997,0.5012309336957664,0.49876602842060896,0.7104111068410922,0.5000000000002789,0.5000000000009222,0.4999999999990755,0.4999999999997178
992,0.09615759398961585,0.7005381624994652,0.5003675224618295,0.49963220719386653,0.381154613121088,0.49999999998880473,0.4999999999939605,0.5000000000060438,0.5000000000111944
993,0.7034347297579249,0.0719693057517969,0.498930400136684,0.5010673166546095,0.6581627301630087,0.4999999999997473,0.49999999999724315,0.5000000000027592,0.5000000000002534
994,0.6647803528670233,0.2409711255310048,0.4993060286540466,0.5006930094875748,0.521960565184001,0.5000000000008553,0.49999999999475225,0.5000000000052481,0.49999999999914063
995,0.7069712671459043,0.013842955974566185,0.49833732833267247,0.5016571610076417,0.6230242384691366,0.49999999999996086,0.5000000000036051,0.4999999999963878,0.5000000000000386
996,0.44061103510792393,0.5530478421810527,0.49960735370301146,0.5003923381966142,0.5264984429738357,0.5000000000021989,0.4999999999977904,0.5000000000022105,0.4999999999977961
997,0.6797601321008468,0.19474640640134286,0.5009096358523016,0.499088706254028,0.4854883322704143,0.4999999999916246,0.5000000000012337,0.49999999999877137,0.5000000000083734
998,0.4377241517426983,0.5553355474327492,0.5004434326761898,0.4995561737094946,0.38822188079900455,0.49999999999451966,0.49999999999839867,0.5000000000016005,0.5000000000054775
999,0.5858355613502692,0.39597562432227656,0.5006706090668567,0.4993284902913293,0.4446272255340051,0.49999999999376743,0.4999999999985766,0.500000000001419,0.5000000000062345
1000,0.4106985295339108,0.5756098660018663,0.49859279681601654,0.5014032538418399,0.48245442429511687,0.4999999999976647,0.5000000000031248,0.4999999999968774,0.5000000000023385
