traj,F_phi_plus,F_phi_minus,F_psi_plus,F_psi_minus,F_plusplus,F_ee,F_eg,F_ge,F_gg
1,0.01454285661679914,0.012870743166920665,0.9995116141928624,0.024482287175198507,0.6965078589396949,0.0011793019239824747,0.7069734256891246,0.7069734257107084,0.01938452875923748
2,0.707082878634597,0.7070828817109661,0.008207275393656134,0.000499213448001352,0.4941849911883188,0.9999661951368876,0.005814145829438074,0.005814145829613041,1.5534672500114361e-09
3,0.01036342981317574,0.007845519829005658,0.3298114954789211,0.9439573213822073,0.22586221850636523,0.012875754143752492,0.7070470448223176,0.7070470447920295,0.0017798354164307733
4,0.706783661971661,0.7067836323308957,0.030219382130611334,0.0007356512168884098,0.5212002356094827,0.9995430194648582,0.021374660688170056,0.02137466068817044,2.0581110916423153e-08
5,0.7071063525620721,0.7071063472539241,0.00029955110254781974,0.001066564245583231,0.5002134684698776,0.9999993863547362,0.0007833550130619472,0.0007833550130718883,2.775474100774996e-11
6,0.707105803327818,0.707105808506487,0.0013907189141811954,0.0009120460386455613,0.5009850873502739,0.9999986170355044,0.0011759947012818888,0.0011759947012751825,6.408368933506943e-11
7,0.7069490411228317,0.7069490266521468,0.015437040608077384,0.014416128063842494,0.5108218964548179,0.9997769116302443,0.014935310025102178,0.014935310024991778,1.0084994816306904e-08
8,0.6949712229658896,0.6949701001870803,0.12245852247247267,0.1379690884550408,0.5779416983655529,0.9828369350528662,0.13044454587206303,0.13044454587098392,7.958183873407411e-07
9,0.010587264903558732,0.008138971905611385,0.9596159889444835,0.2809961222513188,0.686060959344717,0.0017261829289825369,0.7070437281227366,0.7070437281247032,0.01324210460290007
10,0.006775052657880156,0.000217223129205369,0.16071541428394887,0.9869775109328144,0.10882052137890606,0.0049262104583940635,0.7070905357373466,0.7070905357493251,0.004656283381036822
11,0.7070984647957065,0.7070984640322311,0.000506088402317639,0.004825144799357373,0.4996173522675624,0.9999882308568437,0.0034306083867233455,0.0034306083866669167,5.485565755677385e-10
12,0.7060206934439276,0.7060205937628427,0.02284509020842979,0.050475771069482304,0.4830886875743315,6.970079976005171e-08,0.0391771719994569,0.039177171998691446,0.9984639694992888
13,0.009125071719307635,0.006116896119576872,0.9998280529016389,0.014939252956272945,0.7134255993368379,0.002127176192592998,0.7070641118909403,0.7070641118907465,0.010777684049269036
14,0.04665084963482073,0.046158876848983385,0.6933801436970362,0.7175771962953247,0.45729281901392477,0.00034766537312291797,0.7055824035344296,0.7055824035071732,0.06562638807978542
15,0.7065811540039926,0.7065811004997292,0.0364769662825906,0.012476361602544736,0.4738007883837917,0.9992566093511613,0.027260123513823363,0.02726012351457344,3.3935445388978155e-08
16,0.7070782368794511,0.7070782342612675,0.006259022714113824,0.0064468752182058435,0.5044245758840913,0.9999596304024405,0.006353643262551726,0.0063536432625022725,1.821220315221921e-09
17,0.7071014125942146,0.7071014121018221,0.0018960039162787315,0.003404479405850588,0.5013344583335968,0.999992407315738,0.0027554773520719862,0.0027554773520432757,3.4932990611852615e-10
18,0.6993251179044396,0.6993244053977736,0.13395186152190497,0.06282246132074773,0.5893688043014131,0.9889945587050368,0.1046177873296085,0.1046177873300581,5.080347994250095e-07
19,0.05699437815741531,0.05659328561183678,0.1772547962004137,0.9808820409263503,0.16612418524706257,0.0002813806281282259,0.7048222616502379,0.7048222616164564,0.08031861451151132
20,0.7070783641090373,0.7070783615030428,0.0042646835472015645,0.007886074898156134,0.5029991237246951,1.8261227322125392e-09,0.006339467763856314,0.006339467763789534,0.9999598103408659
21,0.3229890763745176,0.32293289468255,0.7819674627073361,0.4241689396239663,0.7812227558675892,0.45673580583686996,0.6290438784658928,0.6290438784689478,3.9898120817940304e-05
22,0.7040863291276569,0.7040860514916579,0.018073316895546053,0.09054627792913225,0.4846649723037861,0.9957282394155218,0.06528887053156354,0.06528887053042985,1.9652004122166437e-07
23,0.7071066055969207,0.7071066055808172,0.0007042547794877086,2.627507333285428e-05,0.5004973904576647,1.142703827541494e-11,0.0004983297973780422,0.00049832979737829,0.9999997516673816
24,0.007426028462466641,0.0030484176848814023,0.39756092462520914,0.9175406652911393,0.2864101393436343,0.007403934240704963,0.7070839982775773,0.7070839982856021,0.003101694053525512
25,0.7071048642665481,0.7071048640907801,0.0021140619945267548,0.0009761411921238275,0.5014907088161265,1.2478707541188894e-10,0.0016465281266410765,0.001646528126648068,0.9999972889414523
26,0.019249165824957826,0.018019591046678964,0.8018132369798375,0.5969927109751619,0.553312658203109,0.0008674400924319846,0.7068609354005121,0.7068609353743294,0.02635305663736787
27,0.006790893003999692,0.0005118196876984871,0.4719048402825601,0.8816231868154829,0.3289157059644943,0.004456711675641143,0.7070903838382131,0.7070903838239674,0.005149359982045504
28,0.7056039645457818,0.7056038318313044,0.04987243765318703,0.041940733416691044,0.46363581046169705,9.743723100441106e-08,0.04607757131674358,0.046077571317848155,0.997874598756272
29,0.7069809243058566,0.7069809127611607,0.018409686927368846,0.004128569518323126,0.5129268121956352,8.1984101742925e-09,0.013340945600521332,0.013340945600492225,0.9998220033290763
30,0.7071065106332893,0.7071065158768353,0.00013130789468212311,0.0008648892123395361,0.49991080444495656,1.7260532800096804e-11,0.000618577041629163,0.0006185770416015032,0.9999996173623698
31,0.7071042877605548,0.7071042875317797,0.0026393754364107324,0.00029407842517743967,0.49813227887162215,0.9999964736013761,0.0018778691134181548,0.0018778691134776419,1.6277202497142993e-10
32,0.7068073617446101,0.7068073290001752,0.027690756722459756,0.008943293287403214,0.5193729925704367,1.9301921009685555e-08,0.020576205951102097,0.020576205951165844,0.9995765300852719
33,0.7071051335462017,0.7071051333945746,0.001894863895377944,0.001041552491152915,0.5013391633946106,1.0774309349560948e-10,0.0015289442066031356,0.0015289442066107018,0.9999976623268803
34,0.007357771655581852,0.0028781733984723284,0.8903877304819692,0.45513434140062387,0.6348083067324316,0.007240751323205816,0.7070847117989548,0.7070847117956949,0.0031610449642947755
35,0.7071064995074384,0.7071064994816044,0.0008289198801052654,0.000331114846563208,0.5005881351814336,1.7975416930645115e-11,0.0006311676517579177,0.0006311676517556175,0.9999996016273165
36,0.021869473078146313,0.020795660022552596,0.9669197206966966,0.25328940050174376,0.6682938467369799,0.0007576910485440577,0.7067847149770802,0.7067847149970623,0.03016884528057553
37,0.023030784791472286,0.022013800400529773,0.7457221115085273,0.6654949345795765,0.5436122670275444,0.03185131562203329,0.7067478247405184,0.7067478247354974,0.0007198259033226456
38,0.707106774878558,0.7071067748774961,0.00015111371132689035,9.954395327073235e-05,0.49989303618606173,0.9999999836278244,0.00012795380491130323,0.00012795380491596435,7.485818140637595e-13
39,0.7070913812581463,0.7070913798453259,0.0059118943351622,0.0029340423052660308,0.5041693279301426,1.005652778758813e-09,0.0046668564837270615,0.004666856483705967,0.9999782202133808
40,0.7069179224799481,0.7069179051561986,0.015473145458569615,0.017167061944986836,0.5108881516553919,1.2324318256660443e-08,0.016342066059856646,0.016342066059723003,0.9997329012060143
41,0.048924494825498106,0.04845582580026751,0.8430460780427843,0.5334151639148715,0.5615033869084943,0.06885827930557482,0.705428389995317,0.7054283899775122,0.00033252582910710146
42,0.027210101370908044,0.02635525084321148,0.0,0.9993780407644138,0.021659563749014784,0.0006047868512703136,0.7065992538787185,0.7065992538679062,0.037876418576940483
43,0.009793856745385339,0.0070760116472903326,0.9058615509101252,0.4234015363844701,0.6336054826824307,0.0019220386648089586,0.7070551642045044,0.7070551641857719,0.011928760930161255
44,0.7070234372609779,0.7070234296166517,0.011619917196225581,0.010035270854986296,0.4917362380698429,0.9998821284847633,0.010856544956515468,0.010856544956257264,5.346675196389009e-09
45,0.05820649290968467,0.057813908703679515,0.9531134872354746,0.2912803402109265,0.6327872776466682,0.00027746224967571426,0.7047231925075027,0.7047231925271042,0.08203881319925692
46,0.03591260690649483,0.03527003262747553,0.9981754802006457,0.03334696707443409,0.7311718284780906,0.05033372164796533,0.706210418178102,0.706210418178296,0.0004549485705759877
47,0.7069898769469307,0.706989871490711,0.018207246965386944,0.0,0.4870551257232127,0.999834664855415,0.012857739954408462,0.01285773995400946,7.58396014857376e-09
48,0.02707308670265723,0.026213762528315324,0.949811031630978,0.31054611708279695,0.6907573481915648,0.037679554631113284,0.7066045169116824,0.706604516913891,0.0006037546642191256
49,0.7071021418803596,0.7071021467232195,0.0006008619467421995,0.003572319005339604,0.49955051844715825,0.9999934387293979,0.002561493524755551,0.002561493524799303,3.032214089755968e-10
50,0.010693110762410144,0.008276226862446426,0.3842834596832472,0.9231161270744938,0.2641703412547105,0.0017100152606625764,0.7070421350357717,0.707042135049388,0.013413217237641111
51,0.007009185350537153,0.0018097676285199365,0.055814964095028716,0.9984148866302438,0.03448259254148015,0.0036909288083465824,0.7070882533594267,0.7070882533481428,0.006227437890428183
52,0.006817590575608084,0.0007910170696539291,0.9453464959393568,0.3259952413240249,0.6732875507125742,0.004279906360800345,0.7070901267709704,0.7070901267686766,0.0053654124542186704
53,0.009378031483476405,0.006487908489320399,0.9745796736629148,0.2237507972097485,0.6957703547521455,0.0020271461910848585,0.707060803455662,0.707060803457203,0.011221903109136193
54,0.7067853474382424,0.7067853232173367,0.021909806611037575,0.020711044218692902,0.48434851601159684,0.9995454031816857,0.02131885290515134,0.021318852904653178,2.150368940121918e-08
55,0.7001296514171517,0.700129008217008,0.13201996353548143,0.04699544964840045,0.5884056058761863,0.9901323936424972,0.09909047143805126,0.09909047143772172,4.61448027385623e-07
56,0.07571135122692853,0.07541138775371779,0.9861984204523848,0.12646576370573112,0.6438281345430785,0.10685991304927618,0.703057932862473,0.7030579328416681,0.0002123455910689361
57,0.7065748357074835,0.7065747816310978,0.03883034815247402,0.0,0.5270613877117625,0.9992476735259954,0.02742341110151302,0.027423411101515763,3.439565947563056e-08
58,0.7071067773312459,0.7071067773308921,9.858942873223446e-05,3.4424749325060735e-05,0.5000695755929395,2.513513918537167e-13,7.384083837510945e-05,7.384083837486259e-05,0.9999999945475302
59,0.7071058913859825,0.7071058965727326,0.0007372336313764041,0.0014047549433508953,0.499479425623817,5.836462021266709e-11,0.0011217954087200147,0.0011217954087425716,0.9999987415742692
60,0.7021313392888214,0.7021308813754521,0.041953868201249724,0.11074150419048333,0.4659716622266785,3.259497635064058e-07,0.08373711186709647,0.0837371118655047,0.9929633387957872
61,0.7068852709510348,0.7068852506303428,0.005249246959387596,0.024472465346172863,0.5036391536490247,0.9996867228518346,0.01769825067299871,0.017698250672763472,1.4266669282535067e-08
62,0.6934714810974951,0.6934702129436031,0.19402710089115824,0.0234490957411447,0.6273496761973346,9.063131766570858e-07,0.13819619381745044,0.13819619381761122,0.9807158732415161
63,0.6856432970467111,0.6856412978122108,0.207129007020449,0.1299494301643059,0.33872064599840446,1.4220324527537177e-06,0.17290066504663207,0.17290066505290663,0.9696446359613792
64,0.5725870472925381,0.5725732655545185,0.05678106972939223,0.5840204148815857,0.36812150922559045,9.794472953224249e-06,0.41491199962912295,0.41491199963587033,0.8097506190340216
65,0.7071060258967049,0.7071060258274193,0.001457240393871668,0.00011326763202968476,0.4989693779838391,4.8968378640565216e-11,0.0010335325640562674,0.0010335325640888847,0.999998931809869
66,0.7071066623595534,0.7071066676170121,0.0005319589134348777,0.00023049641019970638,0.5003766329454091,0.999999831945548,0.0004099444356855557,0.0004099444356839332,7.675205176229076e-12
67,0.01821258407499043,0.01690769544796497,0.5790489791168016,0.8149139288328173,0.39657601149012817,0.0009201915866690879,0.7068884040640808,0.7068884040792334,0.02483388059681079
68,0.7004536729085344,0.70045305983062,0.13619202869793356,0.013486823273337285,0.39897139765072154,4.33035566569893e-07,0.09677335140279332,0.09677335139973443,0.9905906505297469
69,0.7070358899518006,0.7070358834507005,0.0072269046853694905,0.012177096608767302,0.4948444949671528,0.9998997400573957,0.010012737716192457,0.010012737716399286,4.616269569407006e-09
70,0.05979965357323011,0.0594177529692689,0.7170732986047932,0.6918810710610873,0.5492997877902823,0.08429943537742976,0.704589785645543,0.7045897856402437,0.00027042640762939843
71,0.7070298847826458,0.7070298724604966,0.012265135728385255,0.00818995531528327,0.49128695181097226,0.9998912396243391,0.010428540705537281,0.010428540705918601,5.0011824495085255e-09
72,0.5309810017577326,0.530962168960939,0.6527568701813586,0.10023382331171646,0.8367586240630032,1.3342547055796313e-05,0.4669787740914883,0.46697877409220484,0.7509072172494592
73,0.7069318250825901,0.7069318090340518,0.021955251061906565,0.0035747744053175722,0.4843564014066836,1.1360543991844352e-08,0.015729145895849266,0.015729145896308274,0.9997525633569335
74,0.7070989246292282,0.7070989239086142,0.004109138838631369,0.0023103189112141237,0.4970899998973488,0.9999888886405346,0.0033333613266084,0.003333361326489204,5.223098172615715e-10
75,0.6878820002438462,0.6878802176534142,0.11645096604741757,0.20019575334216172,0.5688329107563256,1.2736656975120924e-06,0.16376685737514896,0.16376685737682123,0.972810789850095
76,0.009990956727219998,0.0073464481135950555,0.9111860719497716,0.41180839327111035,0.6513636583399267,0.012259534039062363,0.7070524062924626,0.7070524062895386,0.0018690482487079354
77,0.7070914818912005,0.7070914752190413,0.002690486926963612,0.006004218515551857,0.5018925144298908,0.9999783550858065,0.004652384328823796,0.004652384328876174,9.875224713222364e-10
78,0.014902763755633505,0.013276099833566642,0.525481315218416,0.8505710083008853,0.382065736613143,0.019925306644792463,0.7069659301605842,0.7069659301535269,0.0011529741792605012
79,0.08736378590289517,0.08710495140298556,0.0,0.9923929384050504,0.0587425756885661,0.12336802697608097,0.7017051718792039,0.7017051718683888,0.00018289660047596392
80,0.7071065151267409,0.7071065098334963,0.0008105938217067887,0.0003322719387072693,0.5005722806815842,1.7675459469898196e-11,0.0006194622607707922,0.0006194622607731999,0.9999996162664339
81,0.7068928832118856,0.7068928583202668,0.0235433741467714,0.00711726789585903,0.4832799126821251,1.4036644485557978e-08,0.017391750465854637,0.01739175046537107,0.9996974812569465
82,0.7070338726245261,0.7070338659368648,0.013747844203707232,0.004150549278587973,0.5096812704504873,0.9998968795433052,0.010154562510615542,0.010154562510585828,4.639761486202039e-09
83,0.7070959618747387,0.7070959608823005,0.00482095051117958,0.002713160618669126,0.5034034758840661,0.9999846984807448,0.003911700677057664,0.003911700677077212,7.075727997297082e-10
84,0.01486381113922617,0.0132323434523736,0.18740288395244806,0.9820815298612207,0.1220462613226736,0.01986696097468947,0.7069667503587017,0.7069667503465124,0.0011539728651182109
85,0.006880743804404229,0.0012208306824499546,0.5699825495116457,0.8216270797570816,0.407903468606297,0.005731081940435481,0.707089515192401,0.7070895151555573,0.0039987200262144775
86,0.02936065060983106,0.02857040967486511,0.5648272693227475,0.8241916280308731,0.42011466911993495,0.0005586139350898004,0.7065131576542967,0.7065131576610078,0.04096344789801907
87,0.707102288294287,0.7071022826133624,0.002232357734546165,0.0027820570515618265,0.5015698281571287,0.9999936383485205,0.002522227437506528,0.002522227437528628,2.91949368462404e-10
88,0.01841703225050207,0.017127763937209235,0.711085980721305,0.7026550936646335,0.48971496578419965,0.0009114016210002306,0.7068831065509914,0.7068831065346344,0.025133975329229945
89,0.008354059148154604,0.004892668109762895,0.23572141852848802,0.9717724447334452,0.16075995769142,0.009367482902961704,0.7070736423859983,0.707073642373478,0.0024451518905257686
90,0.04477482271918488,0.04426183572770605,0.7264475694444903,0.6843318157127203,0.5454194710068465,0.06295841745794808,0.7057039411830023,0.7057039411447652,0.00036403668992139533
91,0.7070568930218676,0.7070568884449755,0.010660826476281256,0.005239590786985968,0.49241600447706885,0.9999294442445565,0.008399599179982968,0.00839959918020361,3.194388912735349e-09
92,0.7070988097393615,0.7070988037394051,0.0014243070500104032,0.004531425316840355,0.5010084037551507,0.9999887187033779,0.0033587546780415338,0.003358754678083109,5.210205007290922e-10
93,0.008431469679712996,0.005023820360475972,0.31255978351350844,0.9498473842033861,0.2149892482765807,0.009510484604282986,0.707072723108986,0.7070727231220775,0.0024246926745360602
94,0.707106780195126,0.707106780195035,5.30541468475585e-05,0.0,0.500037439790076,0.9999999985978542,3.7445239223683585e-05,3.744523922368239e-05,6.499101683983093e-14
95,0.7021172683863485,0.7021168143853382,0.08159953351588847,0.0860514027722716,0.5543008293659266,0.9929434385758426,0.08385501711048132,0.08385501710981408,3.2098228510285895e-07
96,0.7070913143384782,0.707091318188026,0.0017112620490491854,0.006389050228322312,0.5012126802797742,1.0094696614907124e-09,0.004676985173223226,0.004676985173163534,0.9999781255704444
97,0.00886247141740552,0.005717725063832519,0.992585723078089,0.12108817680523347,0.708136631932819,0.0022202352309228274,0.7070674523054026,0.7070674523062251,0.010310496353196459
98,0.05721077917472,0.056811236057102525,0.9819850215659919,0.17089420024447907,0.7348866838006344,0.0002824555062561017,0.704804728366466,0.7048047283676765,0.0806257400692837
99,0.007773089857474605,0.003816830540193358,0.9921511903220975,0.12474384322021963,0.7070530656875645,0.00819371645821701,0.7070802680319077,0.707080268031029,0.0028021655349215646
100,0.023485300549808897,0.02248892596171488,0.720419679904427,0.6927757022829025,0.4927774760976514,0.0007043705006667089,0.7067328663966427,0.7067328663801844,0.03250869106906857
101,0.008032249758738418,0.004320096464280265,0.7425992555687274,0.6696739246522467,0.5307910293306846,0.0026263322253880454,0.7070773719060761,0.7070773719111425,0.008733993856726057
102,0.7070942108953823,0.7070942097426981,0.005961577633262921,0.00012271392059414978,0.5042055386021534,0.9999822221086805,0.004216364938175241,0.004216364938173028,8.119477255826709e-10
103,0.7071067793482481,0.7071067793480794,2.7044495334715682e-05,6.684556409492579e-05,0.5000191753650718,0.9999999974001329,5.098889176584397e-05,5.0988891766436154e-05,1.1653501374602347e-13
104,0.707106473984529,0.7071064739563515,0.0007301968333242658,0.0005794400465310254,0.5005172452969129,0.9999995655308147,0.0006591426943107264,0.000659142694306369,1.9905712078977743e-11
105,0.1698594559558153,0.16973220789437835,0.5503336232066636,0.7996697105642504,0.509021700365009,9.032182645555947e-05,0.6864177819727277,0.6864177819792601,0.24012756821380116
106,0.707012558236417,0.707012549593238,0.01562932610134343,0.004713955799970592,0.48886282237247547,6.103268628968873e-09,0.011543336035861945,0.011543336035539403,0.9998667425143883
107,0.03907737134470644,0.03848795664591963,0.9875963877341498,0.14712243600643535,0.7259399805974311,0.00041752440100742194,0.7060423628368798,0.7060423628379001,0.054846963738796314
108,0.7071063031763027,0.7071063084008213,0.0,0.001163594317966863,0.4999629974661199,3.0915791685233054e-11,0.000822216115584162,0.0008222161155971495,0.9999993239604313
109,0.0356308878862495,0.034983116026676246,0.20961632836932362,0.97650786801872,0.17348051592427102,0.04993163012824486,0.7062246885498964,0.7062246885404846,0.0004592289565404514
110,0.707105357965359,0.7071053631032048,0.0018097888131186712,0.0008662115251925033,0.49871567575456943,9.178264172023053e-11,0.001418742040393441,0.0014187420404309125,0.9999979871690085
111,0.7069527912722056,0.706952777144932,0.01556166635049039,0.013905798712092387,0.5108932806142398,0.9997822079345976,0.0147569762726327,0.014756976272738632,9.989846846393008e-09
112,0.707095033157466,0.7070950320794726,0.002579510881726726,0.005156618766069227,0.5018152667857634,0.999983377565105,0.004077045099571767,0.004077045099527569,7.758542892667684e-10
113,0.010270338989978749,0.007722139785556721,0.6938624218782952,0.7199929362149041,0.49790391056607297,0.012722428796071834,0.7070484031175136,0.7070484031119417,0.0018030838487541106
114,0.7065397777294028,0.706539725706734,0.036223613874835525,0.017058964862627576,0.5251659322203446,0.9991980992354118,0.028312174804583964,0.02831217480470585,3.7138478062597255e-08
115,0.7067248713049443,0.7067248362667509,0.024294104428058474,0.022130489664161018,0.516946973646162,0.9994598730900884,0.023237492148779106,0.023237492148947096,2.4387586434303528e-08
116,0.706726054923999,0.7067260200001859,0.01578384398857338,0.02876606012641483,0.48868082066992397,2.5056746347668874e-08,0.023201464891335156,0.02320146489229246,0.9994615470610874
117,0.007156018381819456,0.002314084840590242,0.8823230736635764,0.47058413710314273,0.6289566412598246,0.006684226044319878,0.7070867826538143,0.7070867826572127,0.0034474207632407415
118,0.7066831718970017,0.7066831382969662,0.005043630505755862,0.034240412406709594,0.5034541681760344,0.999400898513474,0.024472883467662125,0.024472883468001347,2.758093597806945e-08
119,0.7071067342100261,0.7071067342057169,0.00024421605660555684,0.0002706183218574949,0.5001721782076575,3.0679945111445696e-12,0.0002577554639867245,0.00025775546398461405,0.9999999335621195
120,0.06218730404168979,0.06182035539882395,0.597599370552945,0.7969855552311115,0.46643514951004494,0.08768665632065767,0.7043830573421381,0.7043830573357523,0.00025955923582131075
121,0.7035487990294351,0.7035484771396138,0.04768244556982358,0.08811934802492387,0.5310853408391277,0.9949680220429655,0.07084714218566256,0.07084714218640974,2.2710210902452628e-07
122,0.7050201200502161,0.7050199284020594,0.04529456772720318,0.06198344837068363,0.5304147630910254,0.9970488725546315,0.05428418617594652,0.0542841861754469,1.363450597083448e-07
123,0.006989166899491965,0.0017304722575077502,0.7498229052124565,0.6615994013233255,0.5252571409476309,0.0037217745208888904,0.7070884516933889,0.7070884516766469,0.006163714933785816
124,0.09182459735069841,0.09157877036671648,0.9857734087119502,0.10692220918005092,0.7618147167252185,0.12968576381015443,0.7011353550280587,0.7011353550272578,0.00017471541009774066
125,0.007470155647146457,0.003154433525062594,0.7021307396552704,0.7120018755276496,0.4911921840992738,0.0030527200679677864,0.7070835333773423,0.7070835333610598,0.007512295018385508
126,0.04837360816489575,0.04789949626065343,0.429822833395709,0.9003432480047983,0.2696327634757905,0.068075363361453,0.7054663820107189,0.7054663820401735,0.0003355101636759988
127,0.7070984934928196,0.7070984927326627,0.0033365230357873758,0.003508516696778357,0.4976322892286279,5.322890651645473e-10,0.0034236001066727997,0.0034236001065402377,0.9999882788936173
128,0.7071064629762408,0.7071064682154042,0.000376037031339413,0.0008710177350844395,0.499737860790235,0.9999995499620264,0.0006708486206860688,0.0006708486206990254,2.0676477463423972e-11
129,0.7071067446272373,0.7071067446238847,0.00032189859918853314,0.0,0.500227290202404,2.353163018308297e-12,0.00022738742415309016,0.0002273874241529202,0.9999999482949572
130,0.007433045203960591,0.0030654670847835934,0.009004265906944413,0.9999271353183802,1.51972293168263e-10,0.00308244349106085,0.7070839245574245,0.7070839245683754,0.007426021248045941
131,0.6530220702485761,0.6530169041385722,0.364186543372618,0.12041287432762028,0.2049536927719923,0.9235090152831354,0.271229698478503,0.2712296984859798,3.638030793219481e-06
132,0.7066782984549358,0.706678259146329,0.0203559507124559,0.028235718750193314,0.514057321860299,2.7770145699273625e-08,0.024613213349101003,0.024613213349329033,0.9993940061143298
133,0.7071066337095273,0.707106633696001,0.000629125625690562,0.00014610968936369856,0.5004445322809948,0.9999997914264336,0.0004566985297914806,0.00045669852979049306,9.659993349999334e-12
134,0.7071067676595589,0.707106767658318,0.00019088566204050685,4.271440173612701e-05,0.4998647770907976,8.720676702442689e-13,0.00013831459808570203,0.00013831459808967588,0.999999980869072
135,0.008167665364222901,0.004567067170237889,0.6431011368641303,0.7657240749147357,0.4605200979780399,0.009004982554772006,0.707075820238337,0.7070758202443693,0.0025454172993132204
136,0.7061838607864191,0.7061837760775967,0.017735532246092974,0.047898643671019016,0.4869095068911799,6.001070678203901e-08,0.03611668014660688,0.036116680145926304,0.9986947335549651
137,0.7071056198345446,0.7071056197280235,0.0011091310125178016,0.0014334489348974922,0.5007807388876072,0.9999983575249252,0.0012815903112652805,0.0012815903112767676,7.530724681900389e-11
138,0.6709532969354175,0.6709498865914981,0.17322960907315846,0.26389284307148264,0.3521404626620381,2.394958724336775e-06,0.2232128245487814,0.22321282454407596,0.9488688370424406
139,0.012351739590644239,0.01033059291866756,0.9651195548123342,0.2613139075860295,0.6911857749434847,0.016038919511434744,0.7070151035803856,0.7070151035785978,0.0014281743143015337
140,0.03460730878522695,0.03393990926038191,0.0,0.9988631461354465,0.023181320211050665,0.00047233612364145164,0.7062755895267352,0.7062755895376066,0.04847019868481362
141,0.43060359756280064,0.4305700962323984,0.392001019607588,0.6895833050639949,0.020591970930629783,2.3689440517399898e-05,0.5608876598675996,0.5608876598790701,0.6089417586620364
142,0.023574843655339583,0.02258241114821899,0.2895010933427534,0.9566208122379083,0.18797807648547424,0.03263809022305482,0.7067298852585473,0.7067298852714565,0.0007025761401044118
143,0.00826791264110795,0.00474407448228953,0.3431164665950586,0.9392444973110974,0.24845281334971195,0.009201673793024846,0.707074654957276,0.7070746549657282,0.0024887389459851165
144,0.7071063628019153,0.7071063627635384,0.000959995119969435,0.0005116969170254536,0.49932147168581303,2.7309755357168017e-11,0.000769228303306763,0.000769228303334116,0.9999994082876426
145,0.01377962187646676,0.012001533320397113,0.9306777505722369,0.3653833737442087,0.6483596330510728,0.0012582536041586797,0.7069887146144924,0.7069887146388174,0.018229963767562057
146,0.7071067579091173,0.7071067579069819,1.6659719188057043e-05,0.00025605465617671515,0.4999882428557647,0.9999999670792327,0.00018144080741683432,0.00018144080741974226,1.5022140487644531e-12
147,0.021250969364460078,0.020144147512518987,0.21755848134679817,0.9756079729154263,0.1385159775132263,0.029270823992266687,0.7068035829013946,0.7068035829138277,0.000780538755662323
148,0.7070387056909433,0.7070386994475562,0.01257925630477501,0.005857341478872786,0.5088327314967496,0.99990372229611,0.009811884079578136,0.009811884079536747,4.447028441117526e-09
149,0.008278638229124145,0.004762762791313326,0.8361779765745788,0.5483750283622647,0.5853994007971094,0.0024795455246547425,0.7070745294083512,0.7070745293826037,0.009223427471726503
150,0.7071067461347558,0.707106746131541,0.00017830218273961194,0.00025952709557549864,0.500126059996682,0.9999999504270077,0.0002226499289338639,0.00022264992893174113,2.283149168016505e-12
151,0.009284387965233388,0.006352118094083467,0.018590170147240494,0.9997639002836937,0.023122367913477885,0.011055866816195721,0.7070620378662239,0.7070620378333359,0.0020777565721738465
152,0.7070289181768323,0.7070289110343188,0.0031516623854263544,0.014501546384158978,0.5022343889341894,0.999889880025134,0.010493517601989572,0.010493517601851191,5.10606584271678e-09
153,0.7057478154111353,0.705747695914296,0.03003958462916098,0.05420185924526117,0.47782111611550104,8.866167479868204e-08,0.043819049456221976,0.04381904945441883,0.9980780439472956
154,0.7071060022404049,0.7071060021689652,0.00013514383046277868,0.0014781841444260905,0.4998814529773842,5.010133312956532e-11,0.0010495933069006116,0.0010495933068833303,0.9999988983532855
155,0.007022673199193338,0.0018612028802245668,0.3518532409899988,0.936026984007299,0.25378043123160765,0.006285505652545252,0.707088119684103,0.7070881196757351,0.0036434096277863587
156,0.0246780062925712,0.02373186533094844,0.04491468322424276,0.9984039592290299,0.016581892723698637,0.03423095045000344,0.7066922224770191,0.7066922224446992,0.0006689229790236924
157,0.7071015914895528,0.7071015910136065,0.001554229350992442,0.00350195232540365,0.5011032156441272,0.9999926603235808,0.002709178746876219,0.0027091787468457346,3.428272461697748e-10
158,0.6952508153652437,0.6952497187048363,0.1641330699301381,0.07946362520155657,0.3754241926229918,7.749452706984456e-07,0.12894598166284452,0.12894598166624055,0.9832323568844701
159,0.07042506090077497,0.07010196477037091,0.7476249137807109,0.6566452722945898,0.4788732300315806,0.09936761261887117,0.7036071437087277,0.703607143692059,0.00022853877164756887
160,0.019840573668741777,0.01865008609863684,0.995845090557809,0.08689695930762752,0.6901241278412551,0.0008350896159168987,0.7068445818901984,0.7068445819113798,0.027217213309314474
161,0.7068389107909877,0.7068388862124003,0.022675568137893357,0.015600055751435745,0.4838016961763412,1.7531523926678543e-08,0.01946205448822591,0.019462054488708892,0.9996211566739555
162,0.026989736265667266,0.026127666136198106,0.6813626846058626,0.7309813891100672,0.5008951186266191,0.0375596666723847,0.706607705592934,0.7066077055872526,0.000610115459779815
163,0.7069691135480709,0.7069690956523651,0.019655899127452456,0.0017387812267196192,0.4859850355564568,0.9998052921791014,0.013953095188010552,0.013953095188426681,8.822700911190782e-09
164,0.00865837735515925,0.005395911691145591,0.5135995162118636,0.8579693779999026,0.36927339812857324,0.00993713510723262,0.7070699811854517,0.7070699812218062,0.002310131438594164
165,0.006779564878404484,0.00032928428228024817,0.5406537147633539,0.8412178610707837,0.37750388248486544,0.004580924621273305,0.7070904924735161,0.7070904924586946,0.0050085983761192585
166,0.7071064526742138,0.7071064579124411,0.0008361666584467952,0.0004796257994860946,0.49940715752259973,0.9999995353920982,0.0006816214448851326,0.0006816214448676474,2.1116453273730316e-11
167,0.010109839797580079,0.007507320053483631,0.10461414038701015,0.9944331616140093,0.06674192874589562,0.012457472709854915,0.7070507164634581,0.7070507164518387,0.0018385013290576418
168,0.16949792235430683,0.16937035572193102,0.759266810684727,0.6050603668720408,0.6567236910432318,9.04972018566334e-05,0.6865071512274784,0.6865071512229265,0.2396160563141979
169,0.013855105181340694,0.012088137295674962,0.13255068001951814,0.9910056660905081,0.10364420877021807,0.01834474107806352,0.7069872392706523,0.7069872392805899,0.0012479894406247226
170,0.00854129112153394,0.00520597042495864,0.764083222428041,0.6450401331869934,0.5342349536633452,0.009718325377015731,0.7070714052490781,0.7070714052321788,0.002368529914269748
171,0.7062535697742105,0.7062534861883013,0.011125806341512195,0.047834425917995256,0.4921482383015718,5.48621308973689e-08,0.03472690505713897,0.034726905056533135,0.9987933140196482
172,0.7070807750361393,0.707080777919581,0.005668232756566711,0.006436587500916014,0.5039770269246072,0.9999632200629988,0.006064590721564747,0.0060645907215141,1.6892811186845047e-09
173,0.02341572142322545,0.022416218737818152,0.6746690598836669,0.7374082158231076,0.49365362128824947,0.03240813816474247,0.7067351757133338,0.7067351756755661,0.0007038841998309551
174,0.7071067798580679,0.7071067798579461,2.3015193413948634e-05,5.681531277977911e-05,0.4999837034256609,0.9999999981211601,4.334558163223624e-05,4.334558163306547e-05,8.671885483365979e-14
175,0.7070965740146902,0.7070965678095126,0.0036470047748019415,0.003947862122487741,0.502558954021244,6.785631202700239e-10,0.003800411764916715,0.003800411764886038,0.9999855567661127
176,0.006801157688174293,0.0006338805788938705,0.4108127277867504,0.911694162061994,0.2953088099604971,0.00431409950868032,0.70709028505499,0.7070902850629229,0.005295856485679665
177,0.707106671550414,0.7071066715403564,0.0005556400925664899,3.709583188652305e-05,0.5003926332409456,0.9999998449439815,0.00039377151573650624,0.0003937715157362518,7.132568656400661e-12
178,0.7063359454515128,0.7063358747128157,0.04654166003503047,0.0036108361887369593,0.5324008284891734,4.966585322356667e-08,0.03300881894885494,0.03300881894888032,0.9989098236293398
179,0.032528185660604676,0.03181700017150471,0.3882575502669389,0.9204268956839704,0.29765976933941884,0.0005029750271737844,0.7063744034243717,0.7063744034324704,0.04549891623331636
180,0.008471226037807273,0.005090221975430483,0.6580995637507812,0.7528660519379842,0.4593468880964599,0.00958978424517335,0.7070722480737307,0.7070722480578749,0.0023891564356074277
181,0.707081993415725,0.7070819964099045,0.0037746290320426474,0.0074742602455556304,0.49732940013886157,1.6075188694410745e-09,0.00592082724580076,0.005920827245682476,0.9999649431902364
182,0.01185302609678058,0.00972872226847675,0.3096623762245752,0.9507229199332076,0.21052108342098602,0.0015060473737980545,0.7070236409386723,0.707023640969097,0.015260212512805741
183,0.7066360242241213,0.7066359863082369,0.016028192718302768,0.032775243808600675,0.48829937376584087,0.9993342185832862,0.025798445384382127,0.025798445384893332,3.024266210468654e-08
184,0.7006666759843562,0.700666082630871,0.04092551230813791,0.1282901097437344,0.5242101145962571,0.9908918963156792,0.0952188264355283,0.09521882643670687,4.185723986564311e-07
185,0.7071067753149191,0.7071067753143804,0.0,0.0001289347330434296,0.5000019128215536,3.784150182402917e-13,9.112693111431248e-05,9.112693111569044e-05,0.9999999916958827
186,0.7070007755480326,0.7070007710945412,0.015842070021054616,0.006989228363259195,0.48870891870079347,6.880508913992311e-09,0.012243784048982057,0.012243784048556102,0.9998500785139403
187,0.02072691340639366,0.019590481234128376,0.3475337183665349,0.9372336542777399,0.23098835279339155,0.0008039599180054064,0.7068191452096729,0.7068191452398157,0.02850869228790267
188,0.7033029172007967,0.7033025621694504,0.05060554859556586,0.09038583165835416,0.5331916358257178,2.473829878225736e-07,0.07324793551056163,0.07324793551132429,0.9946202691915661
189,0.08773220064523748,0.08747449113767451,0.9650292747674253,0.23101898885590574,0.7443379780835723,0.12388984005596097,0.7016592030225156,0.7016592030209228,0.00018210096023636493
190,0.706995923664928,0.7069959134955117,0.0028688552873889967,0.017473176332912108,0.49766156287846314,0.9998432165985717,0.012520827085612947,0.012520827085827874,7.242588599518284e-09
191,0.674285250773606,0.6742821671828879,0.2983678147352388,0.040738271176413994,0.6876876099926793,0.953581166124259,0.2129353888019156,0.21293538880163132,2.185305757543546e-06
192,0.006802475065844628,0.0006477271145440145,0.5080478219459569,0.8613017574570017,0.35443133112270586,0.004338747470964452,0.7070902724340187,0.7070902724629551,0.005279061263099055
193,0.4807524773572813,0.48072682156238505,0.3747834551001007,0.6303301835772773,0.6049526008664375,1.803626905800609e-05,0.5185454553448968,0.5185454553715491,0.6798685322393806
194,0.017894609119005898,0.016564653064348442,0.8206375484124362,0.5709285501434941,0.5676463360706684,0.000939294894598867,0.7068965253870327,0.7068965254045788,0.024366421398416674
195,0.7070786504650626,0.7070786478850558,0.007085729197785903,0.005418505631868646,0.49497022470403346,1.7999999023146103e-09,0.006307446454346213,0.006307446454192322,0.9999602153278165
196,0.0764011565369874,0.07610398890103008,0.2626914890368104,0.9588348282375956,0.13301220867890345,0.10783742140261084,0.702983302161595,0.7029833021742239,0.0002104553301080999
197,0.7070902872383168,0.7070902804563421,0.006689110995025845,0.0013871632593275176,0.5047248805612594,0.9999766655138447,0.004830550062461708,0.004830550062452,1.0608412424060301e-09
198,0.026158142738838947,0.025267596512370736,0.9218169805838524,0.38591547577442936,0.6333225657960229,0.03636349628174349,0.7066389814358988,0.7066389814114211,0.0006292878713833588
199,0.05476232968135742,0.05434453849568608,0.5559891144643593,0.8276012705592332,0.4318956388616148,0.07715020764770059,0.7049992051214136,0.7049992051146546,0.0002950012596181412
200,0.7028090983603086,0.7028087030474349,0.0046846804809269164,0.10998796275750182,0.49499327870626253,0.9939218791319414,0.07784374792795895,0.07784374792674348,2.797696352550733e-07
201,0.4766173156129925,0.47659106429183146,0.22523793753881105,0.7035373219583342,0.18123673685846162,1.8515799900476275e-05,0.5223489695141885,0.5223489695045906,0.6740201093158281
202,0.7065210506226777,0.7065209968754292,0.024514528501918525,0.03248267066462951,0.48232035386400723,3.816082941986742e-08,0.02877573631674964,0.028775736317374304,0.9991716138876352
203,0.02305520669216994,0.02203934717756098,0.2883120649925897,0.9570051608011718,0.18761054092030904,0.0007178536562494964,0.7067470285052989,0.7067470285181953,0.03188667536385618
204,0.016516358670637804,0.015065047634812824,0.28209942056130743,0.9591246900976934,0.18770383943098687,0.0010281450028897328,0.7069300722906817,0.706930072303558,0.022331338558836216
205,0.7069325912942312,0.7069325805838672,0.0021743269983441464,0.02208885750576548,0.5006399551594441,0.9997536469931969,0.015694669856564047,0.015694669856330216,1.122856182815496e-08
206,0.7071065806946022,0.7071065806762117,0.0007472327835983657,9.351978758551303e-05,0.4994716397098544,1.305773318982656e-11,0.0005324954382773373,0.0005324954382602992,0.9999997164485679
207,0.014755837636128099,0.013110918640737265,0.7242991222940414,0.6892032722757319,0.5017318713834721,0.019704941673966685,0.7069690124214022,0.7069690124378882,0.0011602595131118023
208,0.01928908244189958,0.018062239545267113,0.6057643698250273,0.7952051402361481,0.4419235549008368,0.0008663506077557165,0.7068598470913239,0.7068598470542339,0.026411410964090724
209,0.7071044092949704,0.7071044090774268,0.0025944759183260434,0.0,0.501833125613772,1.5132769697306578e-10,0.0018315319921109535,0.0018315319921105545,0.9999966454849368
210,0.7070863015850867,0.7070863049748468,0.006644139879364151,0.003712449780060299,0.5046952283560666,1.3212214725121362e-09,0.005381769137853884,0.005381769137827294,0.9999710361414944
211,0.010436179551634256,0.007941373336252189,0.15474688892837918,0.987867107010299,0.11679712128074494,0.012994891144627228,0.7070459747187771,0.7070459747285777,0.001764102672458465
212,0.7068670655297702,0.7068670488055245,0.00499613819774419,0.02555333703184603,0.49624229154866756,1.5525181258983424e-08,0.018411062304255023,0.01841106230457418,0.9996609753159547
213,0.7070188938543351,0.7070188857915464,0.015596741259930137,0.0023066272218277,0.4888689136545497,0.9998757028415721,0.01114851710008397,0.011148517100440718,5.618929941032083e-09
214,0.02514413922040038,0.024216263862709343,0.19034842436285979,0.9810957252837139,0.15241857262745304,0.03490306869667688,0.7066757901661582,0.7066757901756904,0.0006564816511480132
215,0.015193988546804867,0.013602200081815901,0.564975082158602,0.8248559143298041,0.4102442223581099,0.0011233423289338993,0.706959731128472,0.7069597311217487,0.020362102962076772
216,0.707104328276947,0.7071043333203046,0.000352999521325279,0.0026102822735639794,0.4997654253003965,1.601453779010363e-10,0.0018625496248489376,0.0018625496247652836,0.999996530902878
217,0.7070806829356127,0.7070806752730868,0.007705800460589547,0.0038019158629493104,0.5054396478732646,0.9999630823560596,0.006075933054589113,0.006075933054562,1.6918059663498652e-09
218,0.016913524063074413,0.015499518776635345,0.9129272324513718,0.40747707404680983,0.657514373463533,0.0010008728239189264,0.7069206807093722,0.7069206807064485,0.022919437788066415
219,0.007398503044447759,0.002980596533037445,0.6129268474997179,0.7900993974253674,0.43865643895736817,0.0031232250935912887,0.707084287128053,0.7070842871217579,0.0073394323448697455
220,0.7071067328139093,0.7071067328094722,0.00011666019110716758,0.00035102015674513034,0.5000836539824343,0.9999999315876217,0.00026155759464428264,0.0002615575946410922,3.1689013539025936e-12
221,0.7053637528258845,0.7053635927406011,0.020090899099660477,0.06723491658959704,0.4846325050145319,0.9975348724553602,0.04961944294091016,0.04961944294000661,1.1250113970164104e-07
222,0.012953638407015893,0.011043264238552234,0.27486709883940197,0.9613315388274843,0.18503646894026837,0.016968330779245974,0.7070043315110126,0.7070043315238422,0.0013513629305917383
223,0.707105227199675,0.7071052270571263,0.0020941243899283133,0.00010088818224476228,0.501477854372291,1.0212444665460216e-10,0.0014824869958639066,0.0014824869958632674,0.9999978022298921
224,0.10617858175915929,0.10596729357157893,0.9822031599224357,0.11302209740696623,0.6193645768065446,0.0001492534783555741,0.6991055148670047,0.6991055148877229,0.15000978587918318
225,0.009188855916792967,0.006211598760841153,1.000759985185852,0.0,0.7141321242767641,0.002108867524564842,0.7070632860528685,0.7070632860529125,0.010889063779274151
226,0.007073808570515848,0.0020457535781632677,0.9711596663335771,0.2383163414696154,0.6817103207955713,0.003561402910896865,0.7070876099033693,0.7070876098799556,0.006445175304142366
227,0.6986169017668358,0.6986161184538652,0.15416222136908286,0.010195739537038648,0.38491936449059017,5.482133861239659e-07,0.10924729654063482,0.10924729653735077,0.9879929434958216
228,0.7071007818766296,0.7071007760575408,0.0037454812770192918,0.0017191825971289605,0.5026449596877158,0.999991507854542,0.0029141224063897178,0.0029141224063773553,3.914350487924822e-10
229,0.014031505395551258,0.012289959842253116,0.1934793795594469,0.980927012284148,0.12686048188310423,0.018611903561545923,0.7069837599834682,0.7069837599712258,0.0012342213761285037
230,0.18620584103667961,0.18609121430979964,0.2281719583410017,0.9373553233152188,0.02882785148963944,0.2632537724648151,0.6821647325745592,0.6821647325624702,8.100935984184965e-05
231,0.7071064422374094,0.7071064369374773,0.000977767699438322,0.00013269831987021218,0.5006914113824938,2.2608435971839136e-11,0.0006977243431901303,0.0006977243431909106,0.9999995131806239
232,0.7069016278863038,0.7069016090693233,0.02299230369252425,0.007180359169678984,0.48358375820706356,0.9997098561148154,0.017032374861939516,0.01703237486251487,1.3285568534740769e-08
233,0.7070751788512332,0.7070751706837718,0.0030362384713354712,0.008954505078464542,0.49781710135203333,2.087077883220786e-09,0.006685877102397498,0.006685877102273244,0.9999552980482385
234,0.006838695461263636,0.0009557659622156414,0.2963696006718462,0.9550483645101087,0.2047181794546511,0.005502547731264164,0.7070899231135641,0.7070899231265267,0.004171715790617722
235,0.5038371000706298,0.5038146939756908,0.7004380760385459,0.04129688077829874,0.14227956689028734,1.5992172574541204e-05,0.4961446012717131,0.49614460125605503,0.7125174166416225
236,0.006778820305310014,0.0003137617444768925,0.592897281927313,0.8052495030933137,0.42404955930779037,0.005056454947401125,0.7070904995677646,0.7070904995612893,0.004525827496589241
237,0.009696518359511061,0.006940668231871937,0.5084634567514608,0.8610009975630434,0.3526891775229294,0.0019483729860977459,0.7070565057460474,0.7070565057606009,0.01176431836139672
238,0.007442514161109193,0.003088369569972443,0.26762537458910596,0.9634893511779274,0.19450478398902707,0.00308148201271801,0.7070838249134443,0.7070838249479314,0.007445368451454592
239,0.021648095707853785,0.020562699987907242,0.7187351918565974,0.6946425406747427,0.49295064521380627,0.0007672049034008249,0.7067915305684094,0.706791530541338,0.029847547109177155
240,0.026809896558134,0.025941816411437252,0.9989052135501341,0.02822456310861149,0.6873686538924196,0.037301079410230774,0.7066145525147859,0.7066145524928286,0.0006146987309956918
241,0.008271862003477322,0.0047510302225414105,0.48181152072227285,0.8762229525127146,0.3348491727023227,0.0024853035884377043,0.7070746085213083,0.7070746085069434,0.009209736980683675
242,0.060444859385379676,0.060067111445916734,0.4530548995692442,0.8874004840707588,0.2775218951504805,0.08521483036952415,0.70453472632439,0.7045347262951149,0.0002674553683654483
243,0.707097910102855,0.7070979092890984,0.0043261811387846185,0.0025251463154530624,0.5030433438813406,5.753117586380411e-10,0.003542047935880681,0.0035420479358621573,0.9999874538177166
244,0.027926903426190502,0.02709473098249761,0.7628325377770964,0.6454242658431542,0.5196674415868249,0.03890617271421106,0.7065712857195593,0.706571285736428,0.0005882976327498132
245,0.007884134957706483,0.004038202436184672,0.9067010947477706,0.421680753793975,0.6355683279901567,0.008429386717008616,0.7070790384782226,0.7070790384969514,0.0027225176807609466
246,0.7071067620815101,0.7071067620797575,6.710489396843074e-05,0.00022256822779700725,0.5000470781151858,0.999999972980158,0.00016437713165141105,0.00016437713164935548,1.2422639303998525e-12
247,0.7058471107282661,0.7058469898038988,0.05939674293195695,0.0056495688074953065,0.5411238103852667,8.15410784865775e-08,0.042189398541768265,0.04218939854180723,0.9982184677220475
248,0.07270880577823458,0.07239611179389631,0.9348360830049964,0.3399319497654023,0.7125115248265299,0.10260467088387559,0.7033748049781463,0.7033748049805222,0.00022125411396330054
249,0.04032217441499719,0.03975133422041465,0.9577415963130694,0.2820017524704108,0.7057930755310059,0.056620518855542847,0.7059723626699029,0.7059723626679479,0.00040390572134486473
250,0.11334227391430525,0.11314500021510639,0.9871399946095768,0.0,0.6177654744025938,0.16015068726774798,0.6979798485271984,0.697979848505816,0.00013963312578656317
251,0.7070904960423792,0.7070904892801474,0.0009169904781800432,0.006725842324445037,0.5006308817133915,1.0655873780989923e-09,0.004799886796046373,0.004799886796113924,0.9999769608213419
252,0.018696307366677534,0.017427742683501883,0.8723389159833219,0.4882330770614105,0.6036347752596084,0.02554349702525604,0.7068757747693675,0.7068757747440617,0.0008988236269537132
253,0.555202935353547,0.5551870972086173,0.26356808519304364,0.5604006175367379,0.5778048639031965,0.7851643217867763,0.4379023793450701,0.43790237934020304,1.1190948523920555e-05
254,0.6361582371634025,0.6361513670241362,0.4016265432585626,0.17120238103679272,0.73401427884496,4.901135017328331e-06,0.30871842795802046,0.3087184279592293,0.8996587488895467
255,0.032595007545334835,0.031885319875541974,0.926452421902038,0.3736399360499316,0.6781323457961512,0.045594478463131784,0.7063713229795657,0.7063713229822168,0.0005016713277435122
256,0.707086240160168,0.7070862330070014,0.007471855628581619,0.0015122473198581677,0.5052782876752842,1.3214971712410673e-09,0.005390524950823574,0.005390524950812636,0.9999709418185663
257,0.7070967576191515,0.7070967514309284,0.0019858560884090416,0.004941994170477757,0.4985866708043626,6.483500825057001e-10,0.0037660941826679066,0.0037660941825958575,0.9999858164340206
258,0.7068219303499291,0.7068219094878854,0.028360032074993588,0.001123865018103279,0.519855889492465,1.8368313481173447e-08,0.02006931104789029,0.020069311047881302,0.9995971416066183
259,0.7070559981102976,0.7070559881830488,0.005374122794493602,0.010713139828346601,0.4961932902942166,3.306260656523234e-09,0.008475038666258275,0.00847503866642679,0.9999281711399134
260,0.2514934465794566,0.25141379375734135,0.3285310853539528,0.8749911294363412,0.41032404655992855,0.35560911994044275,0.6608865827907867,0.6608865827986274,5.638312512823497e-05
261,0.01777128601489365,0.01643134361883983,0.06254709625635024,0.9977484919007128,0.05583436392653577,0.0009484398119564369,0.7068996365662746,0.7068996365557965,0.024184873819531067
262,0.7060820149486716,0.706081920885291,0.02831267856562587,0.04577009282719125,0.5192932353760895,6.6578601030705e-08,0.0380559401736385,0.03805594017325813,0.9985506951752797
263,0.024347613316068727,0.023388040870275417,0.4613975946756601,0.8865508743989833,0.34348288502511803,0.03375409844277417,0.7067036837602984,0.7067036837527529,0.0006837896269989925
264,0.7070947724333356,0.7070947713319276,0.005791616956649683,0.0006514027365316579,0.4958958167959149,7.822349712912277e-10,0.004121113471904913,0.004121113472036038,0.9999830162795277
265,0.00857535986375101,0.00526159596273549,0.9864606390930067,0.1636892981576387,0.7035860055409214,0.0023486182021687624,0.7070709931869464,0.7070709931857969,0.009782902504285105
266,0.706568294385071,0.7065682502485803,0.0158732506892711,0.03564548313452001,0.51087757273532,0.999238429727691,0.02759130800954305,0.027591308009232225,3.503748964357754e-08
267,0.017316285079922986,0.01593810902534673,0.6374425383343684,0.770138385794114,0.43854960414376776,0.023514357461815398,0.7069109289409642,0.7069109289688127,0.000975726104482718
268,0.6221303298694055,0.6221220041058447,0.10989995289705515,0.4624284431316264,0.36079301461411517,0.8798192628608905,0.3360937850272702,0.336093785021321,5.916738231530318e-06
269,0.7070974699956941,0.7070974744099832,0.005017537912655542,0.0010776699351958022,0.4964509841415607,0.9999868313836969,0.003628846868731717,0.003628846868835427,6.029403963044627e-10
270,0.6856098141107102,0.685607811512993,0.02572641825542195,0.2433500831953573,0.46621687766138664,1.4233268315030821e-06,0.17303339502844947,0.1730333950206399,0.9695972815610268
271,0.7071050434631412,0.7071050380349106,0.0011096414150376208,0.0019232371484746347,0.4992172476519777,0.9999975349243623,0.0015700549670534638,0.0015700549670856385,1.126009457876411e-10
272,0.7053896470495971,0.7053894946191834,0.06822154544047267,0.01403334907747761,0.5471038568728543,0.9975714941052416,0.049249944916853104,0.04924994491675858,1.1136998994354338e-07
273,0.022985046202280465,0.02196593217866372,0.20211349492729264,0.9788459126148908,0.15901471753641414,0.03178515532289986,0.706749313922979,0.7067493139324594,0.0007200184009820142
274,0.7071066867672241,0.7071066920269213,0.0003143803117557965,0.0004101651152061143,0.49977596038526867,6.165748686527715e-12,0.00036542468591071255,0.000365424685918691,0.9999998664647898
275,0.31614570396795877,0.31608766927828214,0.8938001014581185,0.035522638222500916,0.4090087345106268,0.4470565055337532,0.6325110588826357,0.6325110588630029,4.083040867067917e-05
276,0.7071065794214462,0.707106584671296,0.000640207527598114,0.0004010465005746302,0.49954561685794696,0.9999997146479715,0.0005341834769075128,0.0005341834769210368,1.2883448663567485e-11
277,0.006781393630997703,0.0003651532057029065,0.7395989137755814,0.6730136150967002,0.5181765172922692,0.00503785449033158,0.7070904748777089,0.7070904749045668,0.004554191319698512
278,0.7070704454792591,0.7070704421464523,0.007508436911686257,0.006811633264076818,0.49465300347091956,2.3066030574533316e-09,0.007168506559421992,0.007168506559149847,0.9999486111933042
279,0.7058437065467701,0.7058435906043684,0.00967902195891335,0.058955950208335016,0.49187364347727575,8.217160082815683e-08,0.042246227825617676,0.0422462278263375,0.998213660730479
280,0.14101728910738315,0.14086107331175407,0.7080365787796983,0.6774632722946737,0.4007783786578374,0.19931810144173673,0.6929185674452153,0.6929185674290582,0.00011063180462889488
281,0.7070844812983765,0.7070844739842791,0.00788837308373095,0.0009295040713110779,0.505561866586855,0.9999684542985713,0.005616511716661433,0.005616511716654715,1.445919661935665e-09
282,0.7070993633569305,0.7070993574077105,0.00457290254318958,0.00029173045921052597,0.49676078465738055,0.9999895016727283,0.0032401037274818597,0.0032401037275832816,4.810812513392988e-10
283,0.7071065198245466,0.7071065198005723,0.0003553601535849272,0.0007829408027549599,0.4997479959184887,0.9999996303613614,0.0006079790865482305,0.0006079790865601085,1.7032583155953676e-11
284,0.014026729048848432,0.012284494541631653,0.11806717027594565,0.9928305421214039,0.09351537423512916,0.01860476182045329,0.7069838548552111,0.7069838548652408,0.0012331956687363212
285,0.250886038758129,0.25080614254103367,0.8170965219568731,0.4544290354124382,0.7552922135644351,5.648133920359361e-05,0.6611174155986025,0.6611174156018907,0.35474994346710903
286,0.022800996236050506,0.02177320497028607,0.9975539537180185,0.06238711034760289,0.689236727249578,0.03151869952902135,0.706755276628939,0.70675527665036,0.0007276427926867942
287,0.7066821672138955,0.7066821282553314,0.012497656305930957,0.03231861279888639,0.5084359320442294,0.9993994776132378,0.02450187897255387,0.024501878972842922,2.7774569167714635e-08
288,0.7071067797471837,0.7071067797470516,4.532387614999801e-05,4.491180028037336e-05,0.499968002146653,9.324475717477028e-14,4.511830866609856e-05,4.5118308665054823e-05,0.9999999979643389
289,0.7070352337036595,0.7070352218716145,0.006743720080679848,0.012526093719505454,0.5047241469039228,4.6433193125416924e-09,0.010059343527251931,0.010059343527145962,0.9998988044875368
290,0.03233729191397198,0.031621789454742796,0.981502756345681,0.18602876462841864,0.6711293876756034,0.04522589020537291,0.7063831686665586,0.7063831686895841,0.0005068251977514375
291,0.05773122378837282,0.05733534226028663,0.1649645927489736,0.9829376620725871,0.0748948684047335,0.08136434950222698,0.704762287712901,0.7047622877249016,0.0002797293700379574
292,0.00888812470269301,0.005757344665070143,0.6023967367590559,0.7981265725207536,0.4322309097068195,0.010357740589165877,0.7070671305514881,0.7070671305578915,0.0022052184042808854
293,0.7070858101972763,0.7070858082738929,0.0007556546864933487,0.0076645770475107676,0.500369368635584,1.3710901978543133e-09,0.005445950574581822,0.005445950574661891,0.9999703411825192
294,0.007850071043295326,0.003971198171509859,0.6922524003298381,0.7216018432676543,0.4839482566510511,0.00835866794897893,0.7070794177489396,0.7070794177216022,0.002743483264191601
295,0.011343546507671581,0.009101075336349167,0.7609618414470349,0.6486336178782854,0.54611491717576,0.014456093337348088,0.7070319987007114,0.7070319987055843,0.0015896493548866488
296,0.0070434348785066315,0.0019381025771273094,0.26624638838520837,0.9638773233432502,0.19321061258830333,0.003612003223219088,0.7070879131235254,0.7070879131325425,0.006349775523802883
297,0.02527045101858878,0.0243473931199624,0.40551854520713115,0.9134130052975298,0.2689827464075582,0.0006526741193760224,0.7066712845213581,0.7066712845351135,0.03508511454897624
298,0.7071066209133204,0.7071066156297857,0.0005260998811994495,0.00043756443162336535,0.500372971366686,1.0582425038590232e-11,0.0004838614041317963,0.0004838614041350688,0.9999997658781152
299,0.006840755277658677,0.0009707868015836349,0.5123876871389786,0.8587264522003417,0.3574716354495741,0.0041469319647202876,0.7070899029188399,0.7070899029334556,0.005526419732785883
300,0.1617947891565123,0.16166043812792044,0.5513708494914848,0.8022957906551522,0.2751978310694644,0.22871738372036335,0.6883634030560438,0.6883634030837494,9.493250854198121e-05
301,0.7053898906436531,0.7053897329853545,0.035118017792165813,0.060142760187202444,0.5238169756658942,1.1185424372570542e-07,0.049246455591421275,0.04924645559091936,0.9975718386278767
302,0.03204337758026465,0.03132114355071848,0.18768247253623563,0.9812071633567545,0.15527710386106236,0.0005104256212803117,0.7063965628219878,0.7063965628124229,0.044805485665945666
303,0.7071066899050713,0.7071066951650539,0.000144677903323044,0.0004870966357371884,0.5001030143361158,0.9999998709025776,0.00035930128600743737,0.00035930128601194993,6.026159391726455e-12
304,0.7067885645863685,0.7067885353977079,0.02958448342714549,0.004964830374954079,0.47888093783393976,2.071352408807706e-08,0.021211921179808437,0.021211921180428413,0.9995499531287549
305,0.023263208661503432,0.022256868901433642,0.39539575545701694,0.9179464317028814,0.2960758692179041,0.000711727524880248,0.7067402121433531,0.7067402121352984,0.03218755247692158
306,0.7071060403603482,0.7071060402923977,0.0005253158793668054,0.0013488925614546026,0.5003694835474002,0.9999989522654935,0.0010235887639787578,0.0010235887639667206,4.847946632461838e-11
307,0.020977493527325388,0.019855404240059795,0.14893493703845828,0.98842505644946,0.09054202692538513,0.0007937635817339511,0.7068117527570282,0.7068117527689431,0.028873209928954494
308,0.015338124753906229,0.013763040535578442,0.7281215853321971,0.6851381449173568,0.5257168018580995,0.0011134954822093568,0.7069566184144943,0.7069566184196966,0.02057764516063508
309,0.033316629596423106,0.03262271815635846,0.9451626220481231,0.3232543554780579,0.6447683680701521,0.0004900598785696317,0.7063376531158766,0.7063376531398944,0.04662616635420366
310,0.7069718399437886,0.7069718275677053,0.019327641580650253,0.002845140243377793,0.4862170473509272,0.9998091555131546,0.013813988418688949,0.0138139884190952,8.637712119375667e-09
311,0.01610320967414106,0.014610909490151513,0.2281580945890401,0.9733812674566691,0.17275081443041984,0.021718064311705147,0.706939604200795,0.7069396041915297,0.0010572230092980295
312,0.014576891844127976,0.012909183781210993,0.39824869270788993,0.9170707965880873,0.2713570260813715,0.019435632528744053,0.7069727247766113,0.7069727248064006,0.0011785541736007807
313,0.018061036369327738,0.016744328844449135,0.9914132834345905,0.1284255732017753,0.6882639449429794,0.024611090805433104,0.7068922925005248,0.7068922925213663,0.0009315506454072154
314,0.006995694159095688,0.001756658091793816,0.9977539475398169,0.0665960553207584,0.7104673412897431,0.00619393660010403,0.7070883871257709,0.7070883871252941,0.0036960429939276907
315,0.6930115709256437,0.6930102599241862,0.040428797869072566,0.19451802437796534,0.5181223687729124,0.9800654317412154,0.14048442886237353,0.1404844288604889,9.266538470439246e-07
316,0.7070999711946651,0.7070999705696028,0.0037072477466231317,0.0023523545936554313,0.5026185805616613,0.999990361324554,0.0031046141458341615,0.0031046141458513847,4.3997857474919674e-10
317,0.7071041750894944,0.7071041748504789,0.0006460815038924899,0.002637054933217281,0.49954660007611135,1.68049650795078e-10,0.0019198281212921204,0.0019198281212581376,0.9999963142531934
318,0.7069900539335323,0.7069900484937126,0.015374561464025186,0.0096832473405602,0.5107910626623969,0.9998349151638638,0.012848004110977062,0.012848004110906532,7.54459103669879e-09
319,0.02661772282831292,0.0257431492826737,0.682293597274634,0.7301398730564458,0.5012795921459301,0.03702473703135942,0.7066218179128148,0.7066218179184907,0.0006178502397461442
320,0.011992237855373428,0.009897921524191309,0.4050618920521898,0.9141570330024358,0.2949747295523263,0.015478417569763205,0.7070212929500146,0.7070212929580031,0.0014836471328947775
321,0.7070899636821759,0.7070899568711523,0.006731910109943299,0.0015049878959387602,0.4952208712433248,0.9999762079158213,0.004877683994317753,0.004877683994157001,1.0739669357369952e-09
322,0.006866022397033648,0.0011349754562394842,0.9948634349275358,0.10098670908658462,0.6986204312838208,0.004070708435169029,0.7070896582252308,0.7070896582463079,0.005644445489095208
323,0.024423530693912076,0.023467100708811965,0.5978500014070048,0.8008921039449239,0.40543265671057926,0.03386379623679086,0.7067010635063655,0.7067010635216667,0.0006759887124634845
324,0.015610781315810349,0.014066284513162263,0.3985719678837962,0.9168963025140543,0.2929535355880298,0.0209848203342704,0.7069506500228208,0.7069506500308332,0.0010927803226969918
325,0.7041164059206172,0.7041161310224595,0.09167374379043744,0.006041563123607915,0.56271204246388,1.961774343772178e-07,0.06496374290915652,0.06496374290913606,0.9957707689094041
326,0.03357022201920786,0.03288169196634252,0.9510666298414745,0.30539171588138525,0.6487378135699025,0.04698858696939763,0.7063256453509069,0.7063256453270137,0.0004880241876166411
327,0.007983951411978933,0.0042296534703013455,0.4574483913079844,0.8891902697629493,0.3178209008659918,0.008636965476651787,0.7070779188078637,0.7070779188220419,0.0026525979685579587
328,0.706707912938497,0.706707876345697,0.014769959662299896,0.030162088665150754,0.4892825932119909,2.5802689878358588e-08,0.023747666212627215,0.023747666212157056,0.9994358892389902
329,0.6999085205824463,0.6999078517210949,0.14245218742246032,0.0,0.39428294431474314,4.6691043671581593e-07,0.10064062124861796,0.10064062124551394,0.9898196455464979
330,0.007544542825214051,0.003326588508848745,0.07144707339625515,0.9974103114493811,0.045921782417104005,0.007683275889953778,0.7070827439792512,0.7070827439905562,0.0029922548600592744
331,0.051906082067890005,0.05146484205065868,0.8885500575058441,0.4529193349630971,0.6651016679203509,0.07309428492010234,0.7052152609921546,0.7052152609954074,0.0003111831561648909
332,0.7069902155984752,0.7069902049064927,0.013528563136420002,0.01211045803269321,0.5094659183868222,0.999835143804069,0.012839104608579363,0.012839104608487384,7.53780300077951e-09
333,0.7032966667455174,0.7032963216010535,0.07099924509124356,0.07554599376522818,0.4469974364781995,0.9946114367040203,0.07330787808025022,0.07330787808191928,2.489431581498797e-07
334,0.7071066749416464,0.7071066802002579,0.0005473862285704325,2.979989997813177e-05,0.5003861644706866,7.061931396949439e-12,0.0003876336655061306,0.00038763366550591277,0.9999998497401297
335,0.7071060135392437,0.7071060134688371,0.0013688295201865874,0.0005455626384911105,0.4990320856032504,4.9874179977441196e-11,0.001041953177401206,0.0010419531774293687,0.999998914332987
336,0.00893766328358939,0.005833356370543692,0.991303988975876,0.13115826915993126,0.7072768573385311,0.0021962427718669204,0.7070665068178097,0.7070665068188235,0.01044444298196926
337,0.031224012242536944,0.030482292648810087,0.13432538835447835,0.9899760506961581,0.07335833214057998,0.0005246819973853983,0.7064332561862734,0.7064332561980666,0.04363294397879881
338,0.010157914872281834,0.007571932804811468,0.9969171118723543,0.07743225849172346,0.6977369509186354,0.012536354381737821,0.70705002742648,0.7070500274487368,0.001832271750747555
339,0.30680518481620733,0.3067445180073375,0.1668362047186346,0.88540615632232,0.334344139679619,0.43384515360599607,0.637094334015541,0.6370943340068858,4.282769359290707e-05
340,0.013695109147277654,0.011904393789159423,0.9994668274980646,0.027143878221459247,0.7163751146191358,0.0012672614792321813,0.7069903568628666,0.7069903568627116,0.018101509726718375
341,0.7069841746891422,0.7069841634443265,0.010760935083194124,0.015197751615496097,0.49230977969031636,7.849995646245949e-09,0.013167561999542738,0.013167561999824818,0.9998266002772491
342,0.009133341126099462,0.006129201577917059,0.7855537092151624,0.6186957126942066,0.5619084482310783,0.010792437545679474,0.7070640052266912,0.7070640052220748,0.0021232814064670756
343,0.007097231595450152,0.002125331134658864,0.4906837741471644,0.871306229783724,0.3519997067362586,0.0035045630356334155,0.7070873751812978,0.7070873751739993,0.006527309298683353
344,0.7053754075005406,0.7053752432589054,0.05622821661623344,0.04158961143594031,0.5384925948213589,0.9975513479900491,0.04945355459046922,0.04945355459016116,1.1206735832087443e-07
345,0.7069778000853596,0.7069777882552246,0.011533865737396072,0.015223897049281272,0.5080707602091633,8.31243990213896e-09,0.013505500735109682,0.013505500735231775,0.9998175848122418
346,0.5815939658365805,0.5815812118484144,0.5608476282951139,0.09466620708125284,0.8074742953710137,9.010631538570224e-06,0.4021888567121576,0.4021888567128291,0.8224890558490128
347,0.7071008018983216,0.707100796081118,0.00381113303422367,0.0015501134513587944,0.4973009007471502,0.9999915361708233,0.002909259933146127,0.0029092599330456863,3.889100901553756e-10
348,0.01853226918396894,0.017251626345285712,0.10047726376942394,0.9946171403372973,0.08406739823489096,0.0009063134179078307,0.7068800946418432,0.7068800946316657,0.025303007897342192
349,0.7071067178844715,0.7071067178781811,0.0001798132450588443,0.0004020230738368269,0.499873204151836,4.4652712937903785e-12,0.00031141239137161833,0.00031141239136555385,0.9999999030223173
350,0.008585477607252976,0.005278040528887507,0.7509912843520884,0.6602352025525726,0.5371060095189245,0.0023348050046792116,0.7070708705127711,0.7070708705177638,0.00980391876543999
351,0.0475508828267884,0.04706841196744512,0.7339104426116589,0.6759430008238946,0.485357321390483,0.06690594803365818,0.7055223165005464,0.7055223164840045,0.00034055904263934815
352,0.0833035241472727,0.0830316426099864,0.9262987580280391,0.35796212099304103,0.5959417631822804,0.0001921292533388352,0.7021987856785642,0.7021987856594987,0.11761672455997817
353,0.6963133452709623,0.696312352961086,0.1273533659735084,0.1186505786900552,0.40241056392684416,0.9847350711492423,0.12307891705929105,0.12307891705641351,7.047644536229809e-07
354,0.02362804111900073,0.02263794685247026,0.33083694801553626,0.9431204339123096,0.21710544440778698,0.0006995184829927727,0.7067281086162114,0.7067281086294296,0.03271500632291562
355,0.3179515010528069,0.31789396206306797,0.8236977207713039,0.34550301975274444,0.8076077861285209,4.0686155724528524e-05,0.6316052057516609,0.6316052057492154,0.44961063875594093
356,0.7070972462728642,0.7070972506667291,0.004795882561539131,0.0019923287423256482,0.5033863980807054,0.9999865149773947,0.0036721835031400616,0.0036721835031542243,6.120948522137376e-10
357,0.7068486667814564,0.7068486431106311,0.023812638131144304,0.012763865682926983,0.48296008400388635,1.6740057277024956e-08,0.019104423597201242,0.01910442359652155,0.9996349543698754
358,0.018299515801528637,0.0170013026041392,0.7694092653256611,0.6382675503753937,0.5569969659448993,0.0009186432304900363,0.7068861589479687,0.7068861589527461,0.02496142350554114
359,0.7071048916674257,0.7071048967624114,0.002034295520011993,0.0010982927268096162,0.5014343750934244,0.9999973276938404,0.0016347178925627836,0.0016347178925548165,1.2492691341971925e-10
360,0.011403663292237898,0.009175900528679502,0.4843664901996007,0.8747427407442311,0.35058643141492773,0.001572654127816934,0.7070310316115626,0.7070310316041999,0.014552231649792252
361,0.7064239320055425,0.7064238693472645,0.042433952808697065,0.011397576729198415,0.46953301720819995,4.397343301759385e-08,0.0310688357227395,0.03106883572170225,0.9990342611210743
362,0.006928631309710103,0.0014670728426274063,0.7887357008859567,0.6146916592189793,0.552814257711008,0.005943748932729334,0.7070890473416938,0.7070890473588596,0.0038509847021442347
363,0.0068782811815703135,0.0012069080792745173,0.9752505762128342,0.22099218587409514,0.6944728940340799,0.00572079037788118,0.7070895391033266,0.7070895391048585,0.004004988960896714
364,0.018650111483244077,0.017378139834009838,0.059158819485695915,0.9979230469732342,0.02905017799443782,0.02547582146941167,0.7068769955187995,0.7068769955300572,0.000899398223456383
365,0.687376349927884,0.6873745144291871,0.10956863832090823,0.20742406796116494,0.40857427319905887,1.2883174988770856e-06,0.16587650598286233,0.16587650597951908,0.9720956586289655
366,0.008786495355975336,0.005599186722651787,0.964329926135572,0.26449809104559646,0.6756708273562695,0.010170644523536682,0.7070684007149804,0.7070684007348671,0.0022608366972317073
367,0.7070941223891538,0.7070941212280125,0.005336371011401531,0.002707203708946476,0.5037677884914805,0.9999820969359918,0.0042311823107079,0.004231182310727431,8.104859628476981e-10
368,0.7070977088614202,0.7070977027605774,0.0035669844348369386,0.0035990201680735933,0.5025046685079432,5.872787851719685e-10,0.0035830381053491896,0.0035830381053214007,0.9999871617555252
369,0.007031785769759321,0.0018945444750671859,0.824914245080207,0.5652109809211217,0.5783272232160792,0.003677842175259891,0.7070880301330728,0.7070880301154842,0.006285601547479517
370,0.006961746939308968,0.0016161487728864456,0.8953256332906209,0.4453548388818138,0.6281691722568814,0.003773080798466526,0.7070887222155927,0.7070887221970229,0.006069737934320013
371,0.7066243218349182,0.7066242828377657,0.005432051941759279,0.03653342240407949,0.4956515727010825,0.9993176681411909,0.02611702644628525,0.026117026447451955,3.158321675770459e-08
372,0.7067731863060109,0.7067731609676159,0.030434964339006207,0.004133091753301519,0.47821317083470954,2.1373234505501005e-08,0.021718304511747662,0.021718304512387474,0.999528203953366
373,0.21881335969209417,0.21871858683920764,0.10720672339664976,0.94487544822831,0.08767499047002604,0.3093818050751064,0.6724146392633347,0.672414639274351,6.695043304787458e-05
374,0.010060653767003316,0.007440930677495883,0.9450655623004117,0.3266412385953382,0.6753751288631681,0.01237594471233457,0.707051418142283,0.7070514181445908,0.0018493769701759288
375,0.707096187767986,0.7070961867961976,0.005348993573266988,0.0011628112533583227,0.4962269005467446,7.104858427292033e-10,0.003870649962009093,0.003870649962136503,0.9999850179566404
376,0.007190001339670084,0.0024171189552643292,0.9969745240353547,0.07735799791337343,0.6998857908502676,0.006793468411380805,0.7070864379221004,0.7070864379432855,0.0033745177806505807
377,0.7071012403506346,0.7071012398424089,0.0037252983237543334,0.0013396493275723191,0.5026251727595219,0.9999921637153355,0.002799330984519201,0.0027993309845287286,3.637850569988897e-10
378,0.7064837931077852,0.7064837359457965,0.014893745440067817,0.039237192392828024,0.4888569679323254,4.012798838433816e-08,0.029676429367685265,0.029676429368947516,0.999118921390188
379,0.03535107147945838,0.034698045185949385,0.9275619553702841,0.3703716597624338,0.6307703486095404,0.04953221858871269,0.7062387511948617,0.7062387512139556,0.00046034351515697106
380,0.7071067202770686,0.7071067202709985,0.0004290884114438163,5.5415689470594574e-05,0.4996962494350692,0.9999999064061162,0.00030593117156424394,0.0003059311715732942,4.271638385548083e-12
381,0.7071025336112179,0.7071025384900248,0.003390183763556179,0.0007218906728374128,0.5023934011970591,2.7493472924167124e-10,0.0024509663496451086,0.0024509663496500573,0.999993992745909
382,0.7071059263919389,0.707105926313528,0.0013641440061787336,0.0007462873488091355,0.5009648769783639,0.9999987910824268,0.0010995075435388663,0.0010995075435334956,5.541514913604655e-11
383,0.006780251568415363,0.000342969101528234,0.18140306549119775,0.9833853966741855,0.13304621302148084,0.004586724975771519,0.7070904859263967,0.7070904859167754,0.0050051365958293965
384,0.006786334738852423,0.00044712504639302623,0.7165476636054394,0.6975049759834,0.5018757140667068,0.005074907997334574,0.7070904276551959,0.7070904276387922,0.004527644951871059
385,0.7070295393130448,0.7070295374976019,0.011252444683360771,0.009584027500195543,0.5078690566260309,5.055295524219195e-09,0.010451581088000723,0.01045158108792848,0.9998907584859072
386,0.7071067345388989,0.7071067345346208,0.00030715758367305326,0.0001939065138088893,0.4997830484736296,3.1064449770938513e-12,0.00025685162770431886,0.000256851627697836,0.9999999340272379
387,0.7071067663152861,0.7071067663139221,4.9462425598032865e-05,0.0001990418972109408,0.4999638007216289,9.63322717774673e-13,0.00014502449515620093,0.00014502449515878593,0.9999999789678962
388,0.7070953308283187,0.7070953297780278,0.0049557485548596,0.0027979069237544594,0.5035029508980985,0.9999838060054311,0.004024159967816278,0.004024159967795897,7.388177373170395e-10
389,0.006826481340603137,0.0008644658923302055,0.771217217362321,0.6365348816012859,0.5501545843055184,0.0041418997872860845,0.7070900408922566,0.7070900408874615,0.005494798896420591
390,0.02218989252087799,0.02113243925424413,0.11319468326303987,0.9931001925093178,0.09586989673075766,0.0007462373593636152,0.7067747267223182,0.7067747267323988,0.03063355103029888
391,0.012048607106854396,0.00996631338957315,0.0,1.001691581428455,2.49599091572585e-10,0.015566963133424332,0.7070203333991376,0.707020333388186,0.0014717318360133334
392,0.7070165834643498,0.7070165751905427,0.006433367379432057,0.014619332966812663,0.4953981587830106,0.9998724353075079,0.01129409386015588,0.011294093859680176,5.798691357017808e-09
393,0.006773602454638357,0.0001658452010232089,0.9289361144022257,0.3701780465727937,0.6616503699613406,0.004874861751300432,0.7070905496474483,0.7070905496500601,0.0047058386871941665
394,0.035596153902023336,0.03494773533794589,0.5747113980528148,0.8168343642197688,0.3810891852546803,0.049882054443168955,0.706226440173677,0.7062264401888046,0.00045937174093784475
395,0.7045753909616074,0.7045751530926032,0.05936261101268385,0.06019518197910347,0.5401616416183879,1.6459261397856416e-07,0.05978034593277735,0.0597803459332419,0.996419901688155
396,0.01388470903115337,0.012122068844606263,0.8458770098961157,0.5330594286111594,0.607938084137491,0.018389663737745546,0.7069866583948194,0.7069866583987116,0.0012449761306195413
397,0.008043736533562228,0.004341492228937817,0.35133832475930066,0.9362039474938879,0.2541324842532609,0.008758808348566368,0.7070772410987639,0.7070772410903715,0.0026141018550116368
398,0.02763961777564629,0.02679850082522561,0.11736147323944467,0.9923427716745205,0.06404173431177954,0.0005941843271580511,0.7065825825450536,0.7065825825333973,0.03849357153315473
399,0.011103119025003544,0.00879954559124961,0.9677455442755935,0.2515310125611549,0.6921525949530144,0.014073311055075952,0.7070358154799584,0.707035815481716,0.001628855623728892
400,0.7071063929514412,0.707106392915351,0.0009711148108882509,0.0004122894864058764,0.5006860609374112,0.9999994434765473,0.0007460048915830757,0.0007460048915801215,2.5814630219580024e-11
401,0.7070871281737782,0.7070871316396591,0.005461830369388343,0.005075165016742369,0.5038635401619262,1.2805122246168671e-09,0.005272043765501794,0.005272043765540274,0.999972205168258
402,0.007621398000008138,0.0034975527873359153,0.36340026405553366,0.9315953679046409,0.25155503940581386,0.002921160709299992,0.7070819193610043,0.7070819193910798,0.007860369144332299
403,0.39607998717299076,0.39604025353869493,0.7627976826634165,0.3231291686189664,0.8196330271718427,2.7917878844770616e-05,0.585778441175402,0.5857784411730933,0.5601135910969458
404,0.014724139084906602,0.013075239639874336,0.6395815678736448,0.76847098570657,0.46264235014129307,0.01965734039430837,0.7069696732693458,0.7069696732632681,0.0011623820603003214
405,0.07392845381658897,0.07362104767220004,0.8485385727603806,0.5187454248357806,0.6523266565028975,0.10433325047339334,0.7032476538336059,0.7032476538373998,0.00021816366384444407
406,0.707106750044972,0.7071067500421162,9.946590333690233e-05,0.00027962876454356835,0.49993039435315834,0.9999999559571424,0.0002098638986205563,0.00020986389861662552,2.0109351025872896e-12
407,0.3804172420149792,0.3803744105473941,0.057611716157643926,0.8409987633402339,0.30905873944846257,0.5379609365957378,0.5960696392993464,0.5960696392905606,3.0308372344232045e-05
408,0.010979636841849761,0.008643208477623161,0.26345406529957865,0.9645707325018524,0.17855054170506365,0.0016546727263608316,0.7070377438666327,0.7070377438793612,0.013875140941093145
409,0.023254634292417965,0.022247900882923922,0.9584847882556546,0.2833216609663675,0.6941652128488823,0.0321751512759019,0.7067404944134099,0.7067404944153955,0.0007118638516861999
410,0.007502485033377401,0.0032301961537352162,0.2211222407552067,0.9752118914341288,0.15105165275574856,0.0030269655922879313,0.7070831911923693,0.7070831912047906,0.007586760057545164
411,0.6875631722268162,0.6875613489826765,0.1557535115730944,0.1739457572343185,0.5964211421414841,0.9723598701978479,0.1651003979819847,0.16510039798062512,1.2844867568796924e-06
412,0.7071052597763007,0.7071052649051471,0.002056649337132715,0.0002712640422426811,0.49854416478293195,9.860345791466617e-11,0.0014668658215186469,0.0014668658214719921,0.9999978483023471
413,0.7071047492695011,0.707104743814304,0.0015057672409466108,0.0018694789106712053,0.5010584074370509,0.9999971188526584,0.00169739305720595,0.0016973930572208094,1.3343995662135983e-10
414,0.7071065925505043,0.7071065925332005,0.000727774682891034,6.254368966291907e-05,0.49948468122384865,1.2212564314147975e-11,0.0005165112303670204,0.000516511230350845,0.9999997332161139
415,0.00841931086559464,0.005003327930004712,0.6600812317651654,0.7511303810830458,0.46079772335803515,0.0024188524552728233,0.7070728682169299,0.7070728682010533,0.009490376083930585
416,0.007908146427472843,0.004084888989385054,0.934224067161957,0.3565756122302701,0.666184763721903,0.008479496234537025,0.707078770328465,0.7070787703310056,0.002706148847056128
417,0.6949458138047561,0.694944683539267,0.05769925365793072,0.17542236500948713,0.45164366820693574,0.9828009920534145,0.13057987980319294,0.1305798798007858,7.921343199608007e-07
418,0.010140627672513534,0.007548724015391874,0.0871961694514975,0.9961109438557186,0.06888106377430549,0.012508435279388181,0.7070502755995038,0.7070502755892334,0.0018315596398857602
419,0.7071064466021831,0.7071064465714946,0.0009697054281220921,7.78591674732993e-05,0.500686925844982,0.9999995268045543,0.0006878919491058066,0.0006878919491057445,2.1634622767774753e-11
420,0.7070741695835419,0.7070741613233064,0.008553809535743218,0.0043690833533865815,0.4939352226235576,2.1387480550579357e-09,0.006791779844790384,0.006791779844967777,0.9999538706625801
421,0.07219767782340815,0.07188271228283788,0.9915445253552455,0.08037303795307839,0.650031894489243,0.00022260447440595378,0.7034274557339288,0.7034274557560702,0.10188022112008724
422,0.02229959611933494,0.02124753023061739,0.5760393325918957,0.8168414520450668,0.3915857611869948,0.030792465085633353,0.706771275035953,0.7067712750643331,0.0007440577507890912
423,0.04569239582589183,0.04518992234687382,0.7854208031391305,0.6156169571074656,0.5877182747023574,0.00035507330513746214,0.7056451218170605,0.7056451218124861,0.06426350473615988
424,0.7071062730006187,0.7071062729540184,0.0011975674253802183,5.713591913490487e-05,0.500845653759988,0.999999281283616,0.0008477712697385884,0.0008477712697379037,3.290375288616434e-11
425,0.03411892992113161,0.03344173330896922,0.30632932995743445,0.9507259808704879,0.24071658321293876,0.0004796324576767196,0.706299351933029,0.7062993519417285,0.04777259526524443
426,0.7070494919751873,0.7070494867189612,0.010952371904347571,0.006488426442975167,0.5077076792757286,0.9999189696530232,0.009001503430988605,0.009001503431035389,3.714592870023116e-09
427,0.7071037037471656,0.707103698196075,0.002391009627394431,0.0017328208158405376,0.5016918603305819,1.96998934981994e-10,0.0020880128134372735,0.002088012813424498,0.9999956401929848
428,0.019970081645692445,0.018787825016260657,0.9997912673684173,0.0,0.7210433900990636,0.02740597506436143,0.7068409345356359,0.7068409345354936,0.0008360984085931095
429,0.3799853556293284,0.37994243611178735,0.837588483355785,0.0984906601132873,0.8611651085534762,0.5373500921273655,0.5963450668784642,0.5963450668778231,3.0181240136600523e-05
430,0.7066412092619002,0.7066411665552591,0.03634722042057319,0.0,0.47401427006411784,3.024587542287504e-08,0.025656023681999242,0.025656023681203267,0.9993415516717483
431,0.6266176774842497,0.6266098206246687,0.44065076024682204,0.14330850098599143,0.1308022920163309,5.600264014125932e-06,0.32765104833877723,0.3276510483478643,0.8861656622819867
432,0.007267064821978068,0.002637514687354904,0.9408158690792574,0.3388299481654324,0.6601138315906565,0.007001543745107121,0.7070856501558167,0.7070856501364416,0.0032779719398120773
433,0.6811337996602472,0.6811313721744454,0.08509103980688276,0.2547082953983527,0.5426033712729255,1.6809477262772138e-06,0.18989049581407677,0.18989049581175765,0.9632669407786315
434,0.6965101287153944,0.696509144097498,0.16301910092782465,0.05633323048650802,0.6076532825247162,6.923413814415269e-07,0.12196036266809132,0.12196036266849149,0.9850133704042595
435,0.7071060960661575,0.7071060960033207,0.0010321959813491782,0.0009340623518383721,0.5007325060912639,4.4158120459834394e-11,0.0009843528384296627,0.0009843528384226316,0.9999990310490205
436,0.7070897812791545,0.7070897797196745,0.005263094308701977,0.004514915821750024,0.496270024555163,1.124448969415001e-09,0.0049032961658931245,0.00490329616577641,0.999975957397687
437,0.056064882424575926,0.05565699825115848,0.37061079920088724,0.9254224240961939,0.22222729348841652,0.0002881503492029739,0.7048968107189157,0.7048968107054377,0.07899930040821398
438,0.0067853114568978004,0.0004314359828479229,0.2527383566515857,0.9675107733190809,0.18350709820789235,0.004552303184076108,0.7070904374259924,0.7070904374350915,0.005050061810973709
439,0.7070556847235844,0.7070556800372695,0.008361963458623682,0.00863722144061293,0.49405554806507257,0.9999277353753634,0.00850070665006308,0.008500706649868283,3.2942463899089933e-09
440,0.011533200527883493,0.009336402634003895,0.9564200576798828,0.29161702649030147,0.6681547098618723,0.0015540828726656308,0.7070289304212053,0.7070289303973936,0.014756962932307393
441,0.7070664664118095,0.7070664679826636,0.0024601441823384,0.010391201624308294,0.49822718624407103,0.9999429836842729,0.007550807261377153,0.007550807261243985,2.668416239668959e-09
442,0.7070926811127384,0.7070926850875069,0.005760923441883574,0.0025873198625109457,0.49591784760479846,9.218732280477155e-10,0.004465560601718926,0.0044655606016001026,0.9999800585696843
443,0.7000052711753842,0.7000046112453542,0.13638277399658513,0.03722782420015445,0.39818766975949843,4.54667982927854e-07,0.09996542386524981,0.09996542386806634,0.9899564778625989
444,0.7056464219419125,0.7056462878476579,0.012494596127565644,0.06301054447475596,0.4899994053109789,9.623026411817857e-08,0.04542270163324028,0.04542270163402667,0.9979346453313436
445,0.7071022970894794,0.7071022966782374,0.0017150715541450633,0.003121219746338832,0.5012042248932002,0.9999936582383194,0.0025182814716494433,0.0025182814716230837,2.918804273221661e-10
446,0.7071019296720209,0.7071019239582832,0.0037031742869634765,0.00015536836677150514,0.5026160960067642,3.144289369151707e-10,0.0026208432926277964,0.0026208432926271255,0.9999931311568457
447,0.045342789258713406,0.044836343548995426,0.9937973004709543,0.09110795429651146,0.7347042166439101,0.06376627711607864,0.7056676745325714,0.7056676745318894,0.0003579711707770908
448,0.10693037363078531,0.10672064249585396,0.2944944661341064,0.9436363754523445,0.2841116831087444,0.00014823009986553892,0.6989909154089017,0.6989909154175584,0.15107408238140888
449,0.011674555933024104,0.009510505063863466,0.6030892078225264,0.7975316059224137,0.4182373853003832,0.0015333892713298887,0.7070266102207154,0.7070266101618747,0.014979775704116915
450,0.7071044936258138,0.7071044934159487,0.0015650108923353505,0.0020052994945776673,0.4988972429973345,1.4547346383144442e-10,0.0017986780084190577,0.0017986780084582662,0.9999967647521889
451,0.03971977560526713,0.039140095781196364,0.9981998746806078,0.022077194471455293,0.6777224040003581,0.00040923353457207866,0.7060065128448207,0.7060065128232231,0.05576235468313889
452,0.6830165829337285,0.6830143396690618,0.25921740154639156,0.0,0.3005366566539919,0.9659297249576575,0.18300241315721705,0.18300241315165558,1.5907521906070711e-06
453,0.014849430323519488,0.013216185945142239,0.9902684372852522,0.13774341714884064,0.6897331275969768,0.01984531235863609,0.706967052585648,0.7069670525629725,0.0011561687509477607
454,0.01636435845235836,0.014898260760754484,0.6573142911438081,0.7532915585992318,0.4763605964374901,0.022105862322662508,0.7069336070689735,0.7069336070630662,0.001039832786653537
455,0.7023694838859763,0.702369047936696,0.11500619617506795,0.011331524504135628,0.4154302316203697,0.9933001416458457,0.08171544715251014,0.08171544714992002,3.1114585633413897e-07
456,0.008096488866857165,0.004438555558230048,0.1309958507327595,0.9913399180822832,0.08730681157394306,0.008862236184841263,0.7070766387301952,0.7070766387419378,0.002591269422257568
457,0.13477975801132092,0.13461571772372055,0.16338814597181733,0.9679965594608406,0.0202182622127057,0.00011581470969850125,0.6941588526251485,0.694158852636967,0.1904913678223128
458,0.010529023757099482,0.008063009383807133,0.15577067129725283,0.9877042196437166,0.11762482738446586,0.013146457909620941,0.707044598142347,0.7070445981521446,0.0017444500656345124
459,0.04689627677274758,0.046406932008705236,0.7401397210988323,0.6692087336086788,0.49013847061797067,0.0003456492862673489,0.7055661329421489,0.705566132925505,0.0659753335738262
460,0.007337613270879492,0.0028261429790072726,0.9258809558268516,0.37773354098426404,0.6598870985362119,0.0031920292126765386,0.7070849214710971,0.7070849214737703,0.007186000428346674
461,0.698350296479411,0.6983494881545528,0.007230087573232575,0.15672454062809793,0.4976677137941678,5.703818920755007e-07,0.11093884757328,0.11093884757161256,0.9876158889964672
462,0.007729221497033551,0.0037266539787323234,0.7600146130917013,0.6498493356718492,0.5428883988506576,0.008099289350889648,0.707080748992996,0.7070807489881027,0.0028337829730190668
463,0.018688466811030823,0.01741931328515967,0.9707804231321248,0.23860569732584605,0.699664146946228,0.025532075919623812,0.7068759823106431,0.7068759823089932,0.0008968647100353594
464,0.7065531680428714,0.7065531172436901,0.013607184839183153,0.03715047459397023,0.5092095405099443,0.9992170368634599,0.02797600080268448,0.027976000802350607,3.633433285948628e-08
465,0.7064893828601596,0.7064893262129716,0.0,0.041788463734363616,0.5005514100462963,0.9991268194072445,0.02954317807199766,0.02954317807155242,4.028472887179727e-08
466,0.007243594395903039,0.0025721790407316645,0.7280256383226802,0.6855068082667448,0.5096907075883007,0.0033105413327559146,0.7070858908972306,0.7070858909137387,0.006937296366312449
467,0.06106383637052114,0.06068999237597015,0.7740453564625246,0.6272493275021755,0.5905076531009724,0.00026440914791122126,0.7044813456436363,0.7044813456389459,0.08609295775313797
468,0.08056335091692741,0.08028194164840886,0.5459808002185239,0.8300417593306217,0.329329545240822,0.1137347978349524,0.7025184539924936,0.7025184540209108,0.00019829651172922517
469,0.017773219631556217,0.016433469414671973,0.9902035670645927,0.1375170880999638,0.7127291131460589,0.0009486117455771667,0.7068995875470386,0.7068995875460415,0.024187732196935038
470,0.7065316035988908,0.7065315455574572,0.034547551687977296,0.02080246055277937,0.4751618309932514,0.9991865312879814,0.02851557199781249,0.028515571997085695,3.6840286916346854e-08
471,0.015300799311476309,0.01372143987460146,0.8959622685351277,0.4436543936326853,0.6443385872518911,0.02052187826894297,0.7069574271597575,0.7069574271565825,0.0011157437506270817
472,0.02003526327335019,0.018857101806253895,0.9831978069236199,0.18045794634099402,0.6810048190790958,0.0008335467855494823,0.7068390898599276,0.7068390898804441,0.027501041120659042
473,0.027780396190718874,0.02694370824955765,0.5797478757474818,0.8138763338121691,0.429643559588879,0.0005905685344895351,0.706577060965021,0.706577060971617,0.03869580152363639
474,0.7071025313278637,0.7071025309381105,0.003394828933304177,0.0007043203531530432,0.49760231872071264,0.9999939895166142,0.0024516250371865375,0.002451625037256905,2.801191476168491e-10
475,0.008212964424845015,0.004647540374632864,0.9923879440640638,0.12278890853867504,0.707534013850125,0.009093743210526145,0.7070752957023193,0.7070752957014526,0.002521160565815287
476,0.01683652990836956,0.015415457642847758,0.7362178527121824,0.6763594963288209,0.5324646218531046,0.0010023977424749833,0.7069225187101584,0.706922518715311,0.022805707015125347
477,0.5094122930176694,0.5093906422013162,0.388802820259718,0.5743280041215985,0.08713444739517699,1.530778523504934e-05,0.4904183363929226,0.49041833641270777,0.7204024641861391
478,0.009024968949552549,0.005966432323833255,0.9912805511397925,0.13132334352374261,0.694553565945516,0.002169594279273261,0.7070653971142972,0.7070653971351358,0.01059911498158119
479,0.7071067687329146,0.7071067687317723,0.0001728838719161292,7.305461816097759e-05,0.5001222987836907,0.9999999823870959,0.00013271362101061217,0.0001327136210100923,8.092544272458531e-13
480,0.006920752670047609,0.0014292948243410724,0.7596832332387722,0.6502549080435115,0.5420688662201135,0.0059068715933423355,0.7070891246129642,0.707089124617868,0.003879248534784113
481,0.023106074659178907,0.022092566206764797,0.6154914520736661,0.7874949525276339,0.41885129181644265,0.0007168082750516563,0.706745367106886,0.7067453670914327,0.03196026210237728
482,0.10887884488257521,0.1086730502794791,0.9737367791635337,0.16784591202713636,0.6115951144309418,0.1538324203486597,0.6986900476278481,0.6986900476075135,0.00014549805273383968
483,0.7071067794262649,0.7071067794261034,3.2320547145197966e-05,6.272511514187273e-05,0.5000225977286764,0.9999999975104704,4.9895179313133985e-05,4.989517931259856e-05,1.1479010889622822e-13
484,0.027982469952888497,0.027152017329310822,0.05498884448728304,0.997725401262735,0.06003441969900336,0.038985955577722727,0.7065690869821849,0.7065690869717515,0.0005881536905355875
485,0.7069318346912677,0.7069318239144224,0.021717773025731364,0.004808660999307419,0.48452115058289097,0.9997525769480152,0.01572871396236458,0.015728713961845792,1.133878042239578e-08
486,0.7070933846169495,0.707093383388112,0.004434094168082314,0.004269825360437987,0.5031382007471497,0.999981053520666,0.004352734755287584,0.004352734755320216,8.637947091845068e-10
487,0.015464639659388884,0.013903869683052385,0.6113288371935374,0.7911033940941196,0.4213408978480994,0.020766700699262734,0.706953862480935,0.7069538624655262,0.0011030913038573308
488,0.41553592985136556,0.4154998046065582,0.5092518507264536,0.6287705113204258,0.6541450601211094,0.5876310032435421,0.5721406310428327,0.5721406310378396,2.5544382075307033e-05
489,0.7065427247075398,0.7065426676883185,0.03946151852626241,0.006134565914505165,0.5274832128637397,0.9992022596334748,0.028238664482040907,0.028238664480259718,3.659900339570569e-08
490,0.01588160871712214,0.014366260187043843,0.3891969825734598,0.9209055835581044,0.26398074193366056,0.021388367470965387,0.7069446177143435,0.7069446177442049,0.0010736219691124475
491,0.7069414138363314,0.7069413986672556,0.015428397039125494,0.015154564271988386,0.510743095222547,1.0832885034615925e-08,0.015292093602040844,0.015292093602157454,0.9997661245243944
492,0.0715688623423416,0.07125104642950146,0.5155504899906954,0.8508871127218153,0.31407763878215833,0.10098892531135155,0.7034917150706884,0.70349171505613,0.0002250305185459657
493,0.01957907240664561,0.01837159992246543,0.9152007487060078,0.40210288957921814,0.6609501410672544,0.026835125564349242,0.7068518742409627,0.7068518742438423,0.0008554507358190483
494,0.007202872670873905,0.002455559067458361,0.03895007555670735,0.9992121799042912,0.02134298897704644,0.0068192347489965605,0.7070863062028333,0.7070863062140239,0.003377748138135377
495,0.006796296931825581,0.0005794115053818311,0.993291787294784,0.11543353032397183,0.6975599227676064,0.005183732701222729,0.7070903317825421,0.707090331803495,0.004433315346372822
496,0.707106780163173,0.7071067801630792,2.5974889006806293e-05,4.711664078790961e-05,0.499981563780266,6.752113554734884e-14,3.804387400168202e-05,3.804387400090793e-05,0.9999999985526636
497,0.09896564425476329,0.09873823288226809,0.8047614482987884,0.5769017021612581,0.6391994390324904,0.13979775159617944,0.7001630390953655,0.7001630390910838,0.00016131995004627054
498,0.0238679390614339,0.022888264102117355,0.309564529771006,0.950303241475588,0.20209162101208825,0.0006941761524897927,0.7067200467062366,0.7067200467192714,0.0330615980877802
499,0.043916050543729296,0.04339283461395978,0.48087907308675854,0.8746106330847749,0.3711879717383047,0.06173670307738853,0.705757905534238,0.7057579055268576,0.00037020995062990485
500,0.7070981839500684,0.7070981831614118,0.004472313644738166,0.0020775069209101734,0.503150312503596,0.9999878411139081,0.0034869488342053816,0.0034869488340058263,5.615532145422359e-10
501,0.70709113645288,0.7070911350176854,0.0021865644589005202,0.0062825524304928665,0.49845161733584176,0.9999778739906321,0.00470380320453524,0.004703803204623125,1.0117042173339172e-09
502,0.7070908157877313,0.7070908143233968,0.004948540583464584,0.004546479320318869,0.5034922180913424,1.0355015613119954e-09,0.004751764310054294,0.004751764310019741,0.9999774204810248
503,0.013419452385865062,0.011586119298606028,0.8877249870122463,0.46003263750669643,0.6372208456561246,0.017681003308524162,0.7069956436011255,0.7069956435978166,0.0013046013728293553
504,0.04448666270641997,0.04397029298016932,0.5353894183041521,0.8422860090096402,0.41001776157116837,0.0003654464695223296,0.7057221656626942,0.7057221656557227,0.06254851112087502
505,0.2512651021473035,0.25118535568156286,0.9298540471558372,0.09562016796651301,0.4799347330810748,0.3552861259105106,0.6609734357400451,0.66097343575974,5.6581524856157565e-05
506,0.7051753518441608,0.7051751744635681,0.058642100598174624,0.04490880213459333,0.457233474445485,0.9972684210022117,0.052228806572298246,0.05222880657035871,1.245662662588903e-07
507,0.03875775493628015,0.03816336943174761,0.6258324724880542,0.7780585518104676,0.46982773025676916,0.05439144982922419,0.7060599810634043,0.7060599810261583,0.00042014230896881123
508,0.7071030215305598,0.7071030159168907,0.0026795027045858947,0.0018626699623617174,0.4981045906182297,2.477923061728706e-10,0.0023075175115453575,0.002307517511630031,0.9999946753487587
509,0.006773827336724891,0.00017433219409618002,0.9819191877484641,0.18917926314394032,0.6991106557110542,0.004903987732521196,0.7070905475504603,0.7070905475517816,0.004676112919120341
510,0.7070321076255839,0.7070321007769653,0.01377675783029011,0.004626899730472711,0.5096605117492928,0.9998943907946302,0.010276362620830955,0.01027636262086429,4.8581384810561485e-09
511,0.7071001451982701,0.7071001393207724,0.0014050944335909732,0.004100096739428006,0.5010020417359187,0.9999906074140698,0.0030647254069658377,0.0030647254069287506,4.311358064538816e-10
512,0.7065316595044061,0.7065316067304034,0.038692624149341534,0.011357096695118384,0.526993043875092,3.725120319480069e-08,0.028514056260904273,0.028514056260982284,0.9991866178002458
513,0.7070429756027876,0.7070429697494806,0.010997354055259393,0.007715424963862246,0.5077419698529304,0.9999097611391787,0.009499199402865532,0.009499199402808542,4.140457281357978e-09
514,0.7070900576135439,0.7070900508103708,0.004494707836172316,0.005207256565078613,0.5031627576030594,0.9999763407603871,0.004864047669724529,0.004864047669765433,1.0874394748887303e-09
515,0.7070852099562096,0.7070852079775425,0.0022644044707916125,0.007475760358089572,0.5015862911386109,0.9999694922743703,0.005523337783358997,0.005523337783428016,1.4000574382207525e-09
516,0.011860304868705167,0.009737636113262059,0.585670174081334,0.8104041947095841,0.42248542809587375,0.00150095715427079,0.7070235185476871,0.7070235185846354,0.015272050166037969
517,0.7071066721138045,0.7071066721037987,0.0001521211148961137,0.0005342074538420169,0.49989508547557554,7.1828402027451655e-12,0.0003927584737157393,0.0003927584736986463,0.9999998457407726
518,0.08837281295697073,0.08811702381834383,0.9745435996448781,0.18625361321227643,0.7516628913170674,0.12479715935516532,0.7015788038565726,0.7015788038578461,0.00018158582485877458
519,0.7071067799864907,0.7071067799863807,1.7198533425124113e-05,5.56654213079575e-05,0.5000119324152544,0.9999999983027857,4.1197261324784334e-05,4.1197261325298686e-05,7.869408092980136e-14
520,0.07101859422761826,0.07069826032135328,0.13861124308609948,0.9852639436913624,0.05303272564701257,0.00022808131115115854,0.7035474807827807,0.7035474807945326,0.1002089443652348
521,0.7071044634702798,0.707104468526031,0.002422198302284222,0.0008299017224582764,0.5017147097507355,1.5130662834518742e-10,0.0018104946126056632,0.0018104946126000082,0.9999967221038863
522,0.7070860399599492,0.7070860380576726,0.007624600440968338,0.0007296203000629326,0.5053868570694486,0.999970666130932,0.00541603534269885,0.0054160353426944575,1.3279654253830213e-09
523,0.007013648333318928,0.0018269881771522155,0.9380508258375562,0.3464218800780186,0.6682636408562359,0.0036689724688677844,0.7070882090828052,0.7070882090852469,0.006250423162669809
524,0.706960981914537,0.7069609685400253,0.019336486921104453,0.006201555041675553,0.513551608130878,9.483101257586412e-09,0.014358952109855196,0.014358952109811507,0.999793799234931
525,0.10174397376241584,0.10152304059122987,0.582888760617775,0.7997386629187877,0.48409504939333503,0.0001557996811107049,0.699764687667437,0.6997646876739,0.1437314840416049
526,0.0078027004305724484,0.0038769002920047684,0.16824174633466416,0.9857072599409915,0.11347682057482217,0.008256104012728712,0.707079941552968,0.707079941565002,0.002783745034015691
527,0.06916930378187591,0.06884020462646925,0.9550027337870087,0.28008286648893954,0.6264040620954333,0.09758746131077417,0.7037317079731549,0.7037317079928316,0.00023184822998883293
528,0.0157483889773017,0.014218871420881449,0.7228392421176363,0.6906904096614097,0.4999597567142385,0.001081469101522172,0.7069475977686265,0.706947597741596,0.021190056185291746
529,0.7071067438253699,0.7071067438219432,0.0003189559838287932,6.281155335405094e-05,0.500225351286178,2.427180588176248e-12,0.00022986758237639591,0.00022986758237596942,0.999999947160893
530,0.6583698738407848,0.6583652436382733,0.2633580700510989,0.2524813835987729,0.6515760795082479,0.9310723268706435,0.25797705530336523,0.25797705530142545,3.2703152843710803e-06
531,0.007472157454760304,0.0031589902717173734,0.7128916899546087,0.7012272285337249,0.5093714112128654,0.007523485625432539,0.7070835126245862,0.7070835126191983,0.003034719197791613
532,0.7057989152558078,0.7057987899367346,0.05605987278581468,0.023521425288450765,0.5387814348411396,0.9981503059237257,0.04298817735364153,0.042988177353474294,8.45182114066756e-08
533,0.1135419796663937,0.11334505729553186,0.7980010991307788,0.5809090831079683,0.6445306803667173,0.16043336244976558,0.6979473895134428,0.6979473895091538,0.00013842626812136672
534,0.00957278758122892,0.006766734288577543,0.6441171917404686,0.7648369867817296,0.44867718811150353,0.001982908486035653,0.707058191737322,0.7070581917650995,0.011554004887637425
535,0.7040089353210588,0.7040086505573376,0.09060668402945384,0.02310124970068575,0.4338088732607163,0.9956187830045259,0.06611822338907722,0.06611822339127697,2.0365558508166095e-07
536,0.707082749248365,0.7070827470445221,0.004371127158957016,0.006990550386519091,0.5030460465349436,0.9999660121487401,0.005829860519210895,0.00582986051915309,1.5692264776794844e-09
537,0.1786728057716417,0.1785526239005254,0.8997760005015922,0.3558063207663489,0.7623503912962777,0.2525965237735654,0.6841765082644139,0.6841765083039918,8.486214644975205e-05
538,0.12149090580172417,0.12130760518336249,0.40472398222348716,0.8981775564693865,0.20019074515640048,0.17168447339099097,0.6966076459217211,0.6966076459353242,0.00012986263549262804
539,0.007538938124199537,0.0033139705673810795,0.5420821458008922,0.840285147562976,0.3779794295381051,0.002991485758598857,0.7070828034926463,0.7070828035074905,0.007672613760517178
540,0.6463411808365777,0.6463353460483877,0.40317953327778977,0.04404500368035245,0.7423018753582403,4.150407403417769e-06,0.28678711477605906,0.2867871147763132,0.9140603380409223
541,0.009798276500259795,0.007082130095167786,0.0753387630456108,0.997084704522993,0.04656986671142354,0.011936354746710153,0.7070551029645346,0.7070551029324085,0.0019199542757874905
542,0.7071067197098927,0.7071067197042534,0.00037162897325512546,0.00018916160136228451,0.4997370995667036,4.014814881856947e-12,0.0002948645495806158,0.00029486454957017673,0.9999999130548937
543,0.019069061741555357,0.01782702994918051,0.986188585208421,0.16355623587043638,0.6838355141697738,0.0008753082640921628,0.7068658174841764,0.7068658175070571,0.026089575465212945
544,0.008026197452264322,0.004308964602323786,0.3903427954947948,0.920624524431007,0.28168788931791816,0.008722468745775378,0.7070774402390332,0.707077440230931,0.0026278433107370476
545,0.7067897115873751,0.7067896824957701,0.029866444877815413,0.002154943649722536,0.5209001937036558,2.0724772842153884e-08,0.02117366656691036,0.021173666566902602,0.9995515753017632
546,0.09388258546722908,0.09364235025198832,0.4850349777737034,0.8643831561994523,0.2764676342586923,0.0001699525792279364,0.7008627434688,0.7008627434830954,0.13260015358531246
547,0.7070912306040199,0.7070912291775902,0.0065154778686614045,0.001238455152792981,0.5046048207363582,9.957639320079644e-10,0.004689628078132532,0.004689628078140849,0.9999780071466486
548,0.7070932060437125,0.7070932047987272,0.005941146925618646,0.0017608144415594618,0.495789528281707,8.752499553789514e-10,0.0043816489069939775,0.004381648907115989,0.9999808009685542
549,0.016091214441706532,0.014597715035124461,0.9783738992823596,0.20570000665186317,0.7032026408686766,0.0010587749298986788,0.7069398770516228,0.7069398770530507,0.021700218019722793
550,0.19293204761896313,0.19282201863340462,0.5932404703170567,0.7574052014796214,0.28333257323799604,0.27276931492763035,0.6802929129537267,0.680292912968614,7.735302352279411e-05
551,0.05971327819577745,0.05933079057659882,0.5047806567268959,0.859133674317511,0.39912223305772265,0.0002679856017459702,0.7045971124486083,0.7045971124557826,0.08417687587331626
552,0.020907174451501365,0.01978108519579207,0.8963023012881676,0.44250851226894117,0.6485259137655621,0.028770985188185508,0.7068138364270466,0.7068138364238615,0.0007947869965634017
553,0.06569514081833319,0.0653482085566539,0.5818377487029113,0.8080090310730458,0.4580030372972891,0.0002444863435349102,0.7040645425386945,0.704064542532184,0.09266164317090642
554,0.6711340670862517,0.6711306798198052,0.19586620617674988,0.24657474298636683,0.3351858997763527,2.402975268398776e-06,0.2226686715713383,0.22266867157622663,0.9491245046848983
555,0.08499886192683026,0.08473258344718444,0.9055994584366623,0.40679872635577735,0.5801650332562079,0.12001825512171005,0.7019955779273813,0.7019955779460874,0.0001885525907822983
556,0.006828533344534054,0.0008802454171334605,0.8448770742833134,0.5349161856317661,0.5925900955249718,0.004223368523393428,0.7070900212620277,0.7070900212363594,0.005437541535235159
557,0.00789137429409546,0.004052316838168277,0.3808452407112821,0.9245962402949525,0.27487568877637175,0.002715359374873263,0.7070789577379405,0.7070789577297742,0.00844522844402096
558,0.011816830412468483,0.009684684688303075,0.9791674828614443,0.20247866531635933,0.7007165767213768,0.00149494961453062,0.7070242461676852,0.707024246212623,0.01520512164235811
559,0.008815472017808546,0.00564452187251337,0.0,1.000058111986182,0.008650624273835675,0.002239497866531138,0.7070680401526843,0.7070680401634477,0.010225351992564845
560,0.7055688406627179,0.7055686994646777,0.023708177422021318,0.06150889159233983,0.5157527454799028,0.9978249238109855,0.046612345048325655,0.046612345046007794,9.979239749016487e-08
561,0.009700919480953335,0.0069468266027676445,0.754094097142713,0.6566579980597984,0.5400841877471899,0.01177149062792326,0.7070564453310635,0.7070564453261048,0.001948909187616264
562,0.6784956761942146,0.6784929966115797,0.278672978354232,0.040401015704833794,0.6770319807850939,1.8826100644439487e-06,0.1991116156015341,0.19911161560126883,0.9595358925343345
563,0.7071067661737873,0.7071067661719265,8.646966746158045e-05,0.00022335909210013946,0.500061241263851,0.9999999713168548,0.00016936098638025996,0.00016936098637826928,1.308106398087263e-12
564,0.0294395058481159,0.028651479072082438,0.770783638190529,0.6357711784440887,0.5658573397204745,0.0005529994224841427,0.7065098754567043,0.7065098754614588,0.0410765863873565
565,0.006776021170542187,0.00024577016587364183,0.9027274311079616,0.4301595172251043,0.6335359835210016,0.004644627384028457,0.7070905264206606,0.7070905264393434,0.004939868656310861
566,0.0071512797716497024,0.0022993878271260213,0.9614520102052914,0.2748701585940889,0.684904439984637,0.003432964434782724,0.7070868305981286,0.7070868306000536,0.006681522419839502
567,0.6753827824990897,0.6753798041808976,0.27421378180964473,0.1119241666219216,0.6711877679697656,2.1251837482137444e-06,0.20942805113931445,0.20942805114011787,0.9551333848144584
568,0.009660499043490124,0.006890250843022814,0.8016581866479303,0.5976649153011235,0.5600335626033432,0.011702647428962078,0.7070569988213562,0.7070569988475357,0.001961846477800324
569,0.7070732313437461,0.7070732282666461,0.004467516433448825,0.008656597634743971,0.49686041326364644,2.1994582078620932e-09,0.006888228570942264,0.006888228571080157,0.9999525511814567
570,0.707106015877706,0.7071060158075047,0.00019961019177572697,0.0014576948126558175,0.49984422816756835,0.9999989176402173,0.0010403649348829753,0.0010403649349004247,4.974933597890393e-11
571,0.5453336166342313,0.5453165783316009,0.48330059393071206,0.41432066309992516,0.04357312883837544,0.7712061487634061,0.4501339111618237,0.4501339111725536,1.200712663643869e-05
572,0.044512660212236384,0.043996593238207586,0.9980541658952187,0.0,0.6743619084624976,0.0003645940594233616,0.7057205264463114,0.7057205264243058,0.06258549517987487
573,0.7071067263679748,0.7071067263629466,0.00038990499529412907,5.505939865521776e-05,0.49972406614007653,3.5532443893159523e-12,0.0002784397984583172,0.0002784397984665281,0.9999999224712757
574,0.7071050206935491,0.7071050205320943,0.0002644361632141949,0.002215789203847992,0.4997991750308124,0.9999975101727597,0.001577917659510078,0.0015779176594838537,1.1390514643235964e-10
575,0.7068947834840217,0.7068947640368479,0.023399039288732187,0.007215089564401607,0.483310607004145,1.3832813887802998e-08,0.017314337368799976,0.017314337369282902,0.9997001687720872
576,0.229877188358936,0.22978796525560966,0.945415554560807,0.0233109276246478,0.5063658802335357,6.310228176377835e-05,0.668712931729674,0.668712931750048,0.3250323458763233
577,0.7070040491261133,0.7070040344341653,0.013317476326252874,0.01064058677375006,0.5093765982518441,0.9998547008127773,0.012053573382779566,0.01205357338285865,6.55064124028351e-09
578,0.034602397078569075,0.03393488603867147,0.9327814352995933,0.3571692758152304,0.6840107150755997,0.04846318093494921,0.7062758305443948,0.706275830546941,0.0004716648248088254
579,0.7071061355434971,0.7071061354842754,0.0012389769336561829,0.0005396048495208167,0.5008766285350855,4.200248927416842e-11,0.0009555724032656408,0.0009555724032618297,0.9999990868809657
580,0.7002872576100109,0.7002866290820116,0.1177800068807818,0.07296755400288778,0.5783356928510947,4.4423805348529746e-07,0.0979703882765236,0.09797038827599167,0.9903552928327286
581,0.7071016602205452,0.7071016597509115,0.0035808561425731203,0.001289325459394476,0.5025290447697178,3.288665050077326e-10,0.002691179188951917,0.0026911791889427457,0.9999927575283462
582,0.7070480624573955,0.7070480570710244,0.0077162170183785305,0.010321935974353437,0.5054106037688098,0.9999169553681285,0.00911269354614357,0.009112693546226576,3.8388579030367445e-09
583,0.01760804306511161,0.016254645433490027,0.22267792654526347,0.9745974986376423,0.1699204626678989,0.023944578236744243,0.7069037216297881,0.7069037216390944,0.0009559559695600824
584,0.7071016233805096,0.7071016229074419,0.0038205932565550443,0.0,0.5026936444354356,3.374144781945092e-10,0.002700841934273896,0.0027008419342741457,0.99999270542624
585,0.04927065225221459,0.04880534589312097,0.7829390807341986,0.6182207024545816,0.5884016916749175,0.0003297886920140859,0.7054042958087483,0.7054042958041244,0.06935019938739138
586,0.016050794748732528,0.01455310975137746,0.9839136048062315,0.17732624527042976,0.7070610495860111,0.021640131871597777,0.7069407963127992,0.7069407963140389,0.0010609939120634721
587,0.06833137746798615,0.06799813059113388,0.9752624973569324,0.19892244302378104,0.7380220629636177,0.09639952184288098,0.7038135680304595,0.7038135680318077,0.0002347318155256958
588,0.7043784844484813,0.704378233744204,0.03685802966726574,0.0796475996028874,0.5241229633966377,0.9961414284761545,0.06205745109722536,0.06205745109791731,1.7547464752329488e-07
589,0.026444663360180684,0.0255641523221791,0.12406914097867536,0.9915916509090951,0.06949890827496387,0.0006235128639546637,0.7066283159881078,0.7066283159763853,0.03677577104417175
590,0.026264440645991486,0.025377690553568703,0.365056738646237,0.930268633009265,0.27682398866188723,0.0006274374257684546,0.7066350373354922,0.7066350373437632,0.03651649394898026
591,0.7070361352372357,0.7070361340268645,0.007742732105181221,0.011826504070194999,0.4944713815291283,0.9999000869592047,0.009995401417227642,0.00999540141682297,4.513490078115577e-09
592,0.70709074917188,0.7070907477015033,0.006724339638286921,0.00036084194268320806,0.5047517126617396,1.0312618055315896e-09,0.004761667275159174,0.004761667275158387,0.9999773262677119
593,0.007012770781501175,0.0018230428908548358,0.2848580723936553,0.9585423183942882,0.19640230150434923,0.0036467868384507485,0.7070882185338578,0.7070882185209576,0.006261260669439932
594,0.0403949560808569,0.03982516404535574,0.29939726948582435,0.9524408007096434,0.18308911574075454,0.056724188014784356,0.7059682017892152,0.7059682017587594,0.0004033138694002363
595,0.021895043914792522,0.02082253121227418,0.9935126025010301,0.10963456540522067,0.7180028400799223,0.030205828696423166,0.7067839235788119,0.7067839235795492,0.000760692325091001
596,0.06420859608225316,0.06385345061866468,0.6791299354737667,0.7284109580866676,0.43468694358849613,0.09055354406028814,0.7042016732069079,0.7042016732228994,0.0002500815566318199
597,0.05315082169302493,0.0527201191664648,0.3531030081547674,0.9325844974159235,0.21288736423129934,0.00030359454840968005,0.7051225351476225,0.7051225351777142,0.07486206410405845
598,0.02976651865626062,0.028987392673178146,0.9979752399832225,0.04815709529257429,0.7267183806948588,0.04154527330781746,0.7064961732053409,0.706496173162175,0.0005521043225495875
599,0.7060931161027179,0.7060930283381723,0.03530025787755824,0.04023737017071446,0.4744703015958345,6.696830572676282e-08,0.03784940002407698,0.03784940002555677,0.9985663953065486
600,0.5249076318193213,0.5248880205202711,0.1739224283599756,0.6470823231131505,0.4930876554897532,1.3922306729306056e-05,0.47379560148755573,0.47379560148147015,0.7423176246284512
601,0.007109075715348804,0.0021646893866375397,0.37817103571116895,0.9257059159967946,0.2624196901452729,0.0065526680983297066,0.7070872559733818,0.7070872560033566,0.0035053357129261526
602,0.022461714379444712,0.02141766795252537,0.25042238342663586,0.9676390777379433,0.1610788196068275,0.0007377446445751702,0.7067661405545601,0.70676614056718,0.031027420876182838
603,0.7070729849654671,0.7070729818645571,0.0018645342474072,0.009597695621011896,0.501258969529405,2.2193480041108622e-09,0.006913474133604995,0.006913474133698625,0.9999522027331168
604,0.707096850440508,0.7070968495296451,0.0019438157906376502,0.004930624964019013,0.4986245933166674,6.483090214686444e-10,0.0037476314095174603,0.003747631409588989,0.9999859551601894
605,0.7070579683279543,0.707057963851228,0.011006238712203152,0.004114351456948623,0.49218826963705603,0.999930965027836,0.008308585273831716,0.00830858527360473,3.1743168413994583e-09
606,0.09488759110994496,0.09465000190674816,0.09490706186373282,0.9864230186896532,0.018622946442242404,0.13402331748598273,0.700727380004672,0.700727380016082,0.00016786198801854878
607,0.7048041037829177,0.7048038922711162,0.08077598444458284,0.0,0.5555518711255344,0.9967433728245881,0.057020385522378245,0.05702038552237802,1.470761203090442e-07
608,0.006982298622669549,0.001702556349642814,0.7656018821753807,0.6432745190176041,0.53643597386944,0.003730444533664418,0.7070885195050586,0.7070885194881616,0.006142880086823723
609,0.7066199943609096,0.706619949705,0.011588650765204402,0.03524391325791985,0.49155616136629426,0.999311547892702,0.02623385454250891,0.026233854542025193,3.173299450827535e-08
610,0.09614264071567798,0.09590827328794531,0.835156573847567,0.5329837642089431,0.6584488276264379,0.00016587364730887943,0.7005562774487409,0.7005562774526427,0.1358005034408646
611,0.7071066743453848,0.7071066743351008,0.0005613126773569072,4.512426397420598e-05,0.5003972034561618,0.9999998414459264,0.00039818847356557006,0.0003981884735653641,7.243919632220572e-12
612,0.31018122689437844,0.31012152402913234,0.6898481588280494,0.5759529187161884,0.7070342482400086,0.4386202815601877,0.6354574127392936,0.6354574127436311,4.228374846752779e-05
613,0.6605813537465967,0.6605769361744747,0.2012077258136619,0.2945943610277024,0.6098319489649331,3.114895135894515e-06,0.2522601697431007,0.2522601697407026,0.934199985824042
614,0.01767455603160047,0.016326677157530597,0.9924433446505229,0.12032147497835732,0.6892618123773715,0.0009529241060417904,0.7069020616924999,0.7069020617150423,0.024042509302660997
615,0.0072072822271919395,0.002468031322225161,0.7018864902728109,0.7122480738315908,0.4912002017822749,0.006846237724943684,0.7070862620385534,0.7070862620222816,0.003341425552580699
616,0.010798542511937138,0.008411980319168698,0.4382465032737168,0.8987505952366553,0.3175230408721322,0.013584561987981088,0.7070405328052046,0.7070405328129462,0.0016821431877662792
617,0.0072628117839342995,0.0026257904279043984,0.14439794001460096,0.9894895611930468,0.09688310970615442,0.006989763822004915,0.7070856938072171,0.7070856938190981,0.0032842672313954592
618,0.6962773687359312,0.696276373027369,0.11814287023989294,0.12821586367515142,0.5756467193816458,7.125988755127116e-07,0.1232822888470425,0.12328228884604465,0.9846841902422364
619,0.5216574096284647,0.5216373749868491,0.6756541776351663,0.0,0.8464992084299374,1.4230550874336021e-05,0.4773719702687143,0.4773719702687914,0.7377208169768169
620,0.008642880103339055,0.005371014484543304,0.36651317975037423,0.9303572119869867,0.2652882756519472,0.009910608829077287,0.7070701707805314,0.7070701707888121,0.0023080306997272475
621,0.15657489780157033,0.15643557441591452,0.15351747227503817,0.9630392507859248,8.314236098709102e-10,9.873781941222778e-05,0.6895695080498275,0.6895695080381323,0.2213318264570331
622,0.007350124027579524,0.0028584975539755085,0.9165553568720985,0.3998300669765057,0.642904408602621,0.007216934262644479,0.7070847914623103,0.7070847914869041,0.0031798098181946345
623,0.7070992771772806,0.7070992712202518,0.002506574285102525,0.0038674786377155827,0.49821767623946395,4.890134759133656e-10,0.003258857595905658,0.0032588575957736505,0.999989379790777
624,0.0069165847740791575,0.0014089936687642223,0.7453551760457702,0.6666302101867909,0.522158997756186,0.005875299831688424,0.7070891653703482,0.7070891653870613,0.003912193755861702
625,0.02609978837106408,0.025207208738962622,0.6660454826474963,0.7450280617071909,0.48939729736285653,0.0006308053030426288,0.7066411386603999,0.706641138654582,0.03627953139658226
626,0.01866352317091562,0.017392569919058392,0.9994248089854364,0.022343289795041396,0.7199059721715455,0.02549551136331989,0.7068766410819801,0.7068766410818079,0.0008986021719680951
627,0.01846798188557382,0.017182487212811043,0.9280416211463217,0.37162137345704765,0.669256491015158,0.025208460050635945,0.7068817778760049,0.706881777878631,0.0009152878678751234
628,0.7068984481350356,0.7068984342891634,0.023593768744336337,0.00570343305661669,0.5165704205191851,0.999705359057261,0.017163843861353337,0.01716384386131539,1.3488323758528918e-08
629,0.01999221216566157,0.018811344843537338,0.9278022590691245,0.3720610337352208,0.6701455962200087,0.027438266549307644,0.7068403089671683,0.7068403089645429,0.0008347280206455293
630,0.017355767380349413,0.015980974032418896,0.5567215851591082,0.8303640541506777,0.381423128646365,0.0009655451435183675,0.7069099609520603,0.7069099609670081,0.023572906374935528
631,0.7071056649360301,0.7071056648336431,0.0016190678437921445,0.0007321167005875076,0.5011440579126749,7.23742016732085e-11,0.0012564584247136386,0.0012564584247188625,0.9999984213109809
632,0.6886496752010185,0.6886479544904441,0.22371789632737438,0.03841783102440241,0.6449090297969962,1.2141128882844988e-06,0.16050798559239274,0.160507985592112,0.9738964899417002
633,0.7071067220341382,0.7071067220287119,0.00040682678481448347,4.2519533043656914e-05,0.5002876593635801,3.866901890101665e-12,0.00028923687829577547,0.00028923687829606983,0.9999999163420238
634,0.00846626238945845,0.005081864029925274,0.6659340690126446,0.7459452478491895,0.46490646557085363,0.0023889887747049515,0.7070723078434173,0.707072307859324,0.009581005798259816
635,0.7071041241360707,0.7071041238919045,0.0026490398440927173,0.0007163056833424789,0.5018693139168914,1.739915231320551e-10,0.0019404259748312406,0.0019404259748260783,0.9999962347399478
636,0.02219979176328496,0.021142771568952556,0.7712542346056681,0.6357885325057625,0.5296183337560086,0.030647766855352632,0.7067744167786362,0.7067744168051253,0.0007496157471294029
637,0.7070262540307867,0.7070262466442582,0.00841092922501849,0.01253071972847384,0.5059054988974534,0.9998861121811194,0.010671519745089071,0.0106715197451913,5.2613795548582924e-09
638,0.010329382100429425,0.0078004219811576465,1.000096501170176,0.0,0.7144686536417271,0.001786900009954275,0.7070475434094149,0.7070475434092525,0.012819894929960413
639,0.03450772359351726,0.033838347889874165,0.6063231535156951,0.7937483333747893,0.45309456912867685,0.0004730031026342738,0.7062804624281569,0.7062804624345361,0.048327973716964776
640,0.7067385335787089,0.7067385050587359,0.008311899155686748,0.031180930093312333,0.493891220981368,2.416249615160702e-08,0.022818173339216187,0.022818173338806525,0.9994791953467268
641,0.7069371461244793,0.7069371305628463,0.005901236799887655,0.02109396033849429,0.49568010601820023,1.0945811113463849e-08,0.015488378845750835,0.015488378845470453,0.9997600813402525
642,0.01203674848968487,0.009951800790431706,0.17177922884547467,0.9850116623094969,0.1301189231167504,0.0014738090374288098,0.707020536595223,0.7070205366048908,0.015548296963305515
643,0.007816337470789823,0.00390420552724864,0.7634921480090404,0.6457580057393818,0.545413910776962,0.008287358943277884,0.7070797911320916,0.7070797911272532,0.002767242991551213
644,0.09366412896953276,0.09342331183821015,0.17310355415799217,0.975978624400878,0.18909006459753722,0.00016974496410750116,0.7008919730372651,0.7008919730468377,0.13229079876199965
645,0.7071031307487756,0.7071031304139358,0.0002199522533179117,0.0032057861902699543,0.4997912570408533,0.999994837264627,0.0022721624162125023,0.0022721624162494506,2.333541091984769e-10
646,0.03986608170598869,0.0392885702532435,0.885080990093601,0.4620592437683692,0.6540801429247328,0.05597079558652541,0.7059982662061443,0.7059982662094751,0.0004077554953709428
647,0.7071064393128712,0.7071064392815072,0.0009819529950767676,5.269928071044108e-05,0.4993088212364667,0.9999995164954328,0.0006953448420592202,0.000695344842038302,2.283111855945693e-11
648,0.7070961165901909,0.7070961103431957,0.004427339013316767,0.003252500626326065,0.49686328910042943,6.958827160660732e-10,0.003884590780400639,0.0038845907804959962,0.9999849098406126
649,0.7070812413173099,0.7070812389745057,0.008275529894822598,0.001937852525200084,0.4941219696612895,0.9999638795139304,0.006009977847177963,0.006009977847376564,1.64166861930033e-09
650,0.707043344621783,0.7070433388027239,0.012822783617540724,0.0038732545794652423,0.5090228261066978,0.9999102830350637,0.00947169152630885,0.009471691526336173,4.113383185734562e-09
651,0.04651531215985267,0.04602188999492358,0.49831136445283686,0.8645253584673559,0.3853656575758164,0.0003481821296860252,0.7055913517631067,0.7055913517703222,0.06543368699101368
652,0.7071062550486515,0.7071062602687597,0.0011097582112612535,0.0005066034822532834,0.5007846805480192,0.9999992558945355,0.0008626153185768104,0.0008626153185803962,3.445662656242725e-11
653,0.7070812651894358,0.7070812628490998,0.0022905479373045634,0.008180802894500726,0.4983366533197172,0.9999639132759599,0.006007168461640872,0.006007168461532347,1.6433437753311853e-09
654,0.7071008450551352,0.7071008497790774,0.003706569878699771,0.0017469843364082982,0.5026096582446281,3.8742387723869954e-10,0.0028974656630764146,0.002897465663063764,0.9999916046574902
655,0.007161997953482907,0.002332505857089983,0.6291623619142311,0.7772374074581394,0.4398192779306083,0.003419242815020156,0.707086722113952,0.7070867221295355,0.0067114511717649775
656,0.07126024204255132,0.07094103189581234,0.5753076491502345,0.8117329959579249,0.35642544078850225,0.00022530841052112438,0.7035230443547658,0.7035230443698348,0.100551486008541
657,0.7071048650657683,0.707104864890021,0.00018828683000519513,0.0023204304030947282,0.5001571714557587,1.2420562846291598e-10,0.001646184859943609,0.001646184859866051,0.999997290071735
658,0.007362272474950264,0.002889538822629844,0.6066752170398823,0.7949104531574709,0.42376996764165364,0.0031263087611340863,0.7070846651814994,0.7070846652095995,0.007264893951941186
659,0.018892394267586342,0.017637957922142358,0.2898798902031317,0.9567139745686821,0.19167363006708737,0.02583083935335341,0.7068705609359954,0.7068705609665863,0.0008876142892285339
660,0.7060959395466958,0.7060958520263051,0.053575942203373195,0.0,0.5371800005761668,6.439779449578293e-08,0.037796688656831674,0.037796688656828524,0.9985703884319586
661,0.7066716480102117,0.7066716080862486,0.024288343157813058,0.02530803449456762,0.48241013188763165,2.8220721795678037e-08,0.024803429433263222,0.024803429433831143,0.9993846005300826
662,0.006834906718767201,0.0009284858225755384,0.41431381397006917,0.9101079526725309,0.2978034880588567,0.004167164838531782,0.7070899596066376,0.7070899596145421,0.005496614684101225
663,0.7070980079711414,0.707098007166472,0.0045039972198314135,0.0021282371793569094,0.5031702512826796,5.659913599409134e-10,0.0035224554253913986,0.003522455425406668,0.9999875922308
664,0.7064169852164104,0.7064169219191687,0.03966163608502389,0.01941983643190448,0.47163444351263867,4.5769268405639066e-08,0.031226394475920134,0.031226394476740648,0.999024436425853
665,0.030169528703152045,0.029401122515886325,0.04063128313753424,0.998285766884026,0.0468921811580026,0.000543424723167806,0.7064790773786931,0.706479077368029,0.04212281041116231
666,0.707097036066772,0.7070970299040936,0.005121345834717751,0.0011623913768968556,0.5036066631034929,6.368017757999713e-10,0.00371344428216581,0.0037134442819456836,0.9999862102364847
667,0.7071027528333743,0.7071027524638377,0.003273895819823545,0.0008221920010575319,0.502313675170205,2.597303515570937e-10,0.0023868801316398783,0.002386880131645465,0.9999943027870069
668,0.015349214661852437,0.01377540959865316,0.6837102430894638,0.7294620916772865,0.47259880030299656,0.020594179694412233,0.7069563776225505,0.7069563776064672,0.001113581187229042
669,0.7071055082017409,0.7071055080849974,0.0018519667279258496,0.0004134318005331176,0.5013131705473054,0.9999981996450719,0.0013417724499759434,0.0013417724499787545,8.185863677054401e-11
670,0.09829333245893006,0.09806429884933227,0.9622386916395429,0.234133539667271,0.7496720326636805,0.13884581335927665,0.7002577432944317,0.7002577432927788,0.00016132976732691082
671,0.032967245971405906,0.032265777550409235,0.7980802796652752,0.6007827789655125,0.5409320216363138,0.0004962521909208722,0.7063540472977128,0.7063540473149911,0.04612671071770324
672,0.7070682574371053,0.7070682486348697,0.00797891077042935,0.0067316810949849745,0.49433255169143114,0.9999455092416548,0.007381685019396036,0.007381685019118315,2.4902563463118106e-09
673,0.008919976940772213,0.005806218769398392,0.1649143314730944,0.9862504677361378,0.11045379094062227,0.0022074911370721538,0.7070667301789588,0.7070667301669652,0.01041177928606682
674,0.707106591182239,0.7071065858959764,0.0006547995550713019,0.00035153561702504313,0.5004621759636962,1.266210271806457e-11,0.0005255186711031719,0.0005255186711057079,0.9999997238300877
675,0.7070815949026543,0.7070815978611168,0.004062394597903475,0.007398413109105882,0.49710859438325994,0.9999643795823913,0.005968231161706397,0.00596823116195258,1.6389922826436415e-09
676,0.7070923594324428,0.7070923528413403,0.004596430354938117,0.004436221813888588,0.5032413033753861,9.329093610354553e-10,0.004517036417249312,0.004517036417283019,0.9999795961738485
677,0.706837210052802,0.7068371853206932,0.016975561540470935,0.02177572600566165,0.48776524401534443,1.710485235496435e-08,0.019523728290270822,0.019523728289843726,0.9996187513583911
678,0.00997013941774043,0.007317888568399337,0.9871310238896526,0.1594345837712648,0.7050632545652589,0.0122229905171962,0.7070527012982034,0.7070527012993191,0.001885119379060292
679,0.7066606681199815,0.7066606271868235,0.03536579522533838,0.003273934066333444,0.47470652875282005,0.9993690719067971,0.025114319782035627,0.02511431978129051,2.9093328186429434e-08
680,0.058834666716800425,0.05844636034592961,0.7165040570708702,0.6926358648022779,0.5481509240582715,0.08293020912274902,0.7046710243145047,0.7046710243091902,0.0002746004848899092
681,0.006851276436001744,0.0010420231736319272,0.35816717929143715,0.9336317506797436,0.2580905828286099,0.005587983851611523,0.7070898012936974,0.7070898013020323,0.004098809286979278
682,0.7070981967332606,0.7070981959459004,0.0039057918234381493,0.0030043729557045753,0.5027503665425135,5.603343370664993e-10,0.0034843555089256874,0.003484355508903271,0.9999878591929886
683,0.7070295213526001,0.7070295142674218,0.014571897669502107,0.002486300263231819,0.48962980863128674,0.9998907330850275,0.010452796053743425,0.010452796054082062,4.981801305242983e-09
684,0.02539017094149806,0.024471605291299364,0.3834132118671554,0.922903455795751,0.25317963369479557,0.0352576003820725,0.7066669936086614,0.7066669936385345,0.0006495084831818725
685,0.11718702352502518,0.11699658420835995,0.0,0.9868840445887647,0.08345030920524615,0.00013408686514304968,0.6973446067842755,0.6973446067949534,0.1655928162197573
686,0.006813559206992919,0.0007555358623490207,0.5338547933689295,0.8455483807413394,0.372676806746108,0.004275006018265872,0.7070901656076767,0.7070901655928983,0.0053590807287333675
687,0.7070852625491538,0.7070852605750136,0.007594472060990217,0.0017901559087257313,0.49459940791760343,1.378394289840904e-09,0.00551727577998034,0.005517275779798305,0.9999695592046458
688,0.020506728570126004,0.01935733455836503,0.5728471784565464,0.8191769514680712,0.39057106788435647,0.000813148523627663,0.7068255681715309,0.7068255681999216,0.02818813770598934
689,0.1885760251651088,0.18846304688811613,0.9444156092695088,0.1923536317792982,0.8013687797814208,7.97963284045192e-05,0.6815133023985528,0.6815133023972478,0.2666068846484839
690,0.01053049334337192,0.008064910410430953,0.018886878291535382,0.9997336404063566,0.017569846102466858,0.0017448539299727824,0.7070445763586775,0.707044576369499,0.013148747203153495
691,0.7071067794729639,0.7071067794728066,4.18035608271023e-05,5.567252270879217e-05,0.5000295216258092,0.9999999975765158,4.922889132685413e-05,4.922889132729895e-05,1.1230662260104748e-13
692,0.7070965490008607,0.7070965480624164,0.0029860606019653673,0.004474991773211223,0.49786768784220775,0.9999855288406488,0.003804083942917858,0.0038040839428372807,6.636701551914133e-10
693,0.7071032690408727,0.7071032739870825,0.002114820185898664,0.0023370525420829628,0.4984976075640143,0.999995032848162,0.002228708034144058,0.002228708034194392,2.2618803472238646e-10
694,0.699585199196074,0.6995845055513537,0.012877814065996331,0.14490076108544223,0.5030808387223431,0.9893623862576848,0.10286415473319499,0.10286415473469905,4.925104613297162e-07
695,0.012205629148036518,0.010155428871708321,0.324761441889365,0.9456626754522375,0.2383089414729203,0.0014486956455954313,0.7070176411850176,0.7070176411764543,0.015811748777227602
696,0.03477820712621946,0.03411416596554348,0.12420179828800805,0.9910603479564636,0.06331713980020294,0.00047008163445774726,0.7062671944714024,0.7062671944831194,0.048714259038764134
697,0.006789694320724313,0.0004959694903959295,0.04525682482613125,0.9989521879809673,0.03672733052595071,0.005130626691255089,0.7070903952290509,0.7070903952396256,0.0044746624966873726
698,0.7069790047969661,0.7069789930775595,0.004911958132870342,0.018365121537740222,0.503395588237525,0.9998192811594506,0.013442563405089043,0.013442563404916558,8.366936498382673e-09
699,0.6999727686808193,0.6999721162673828,0.1303720162530666,0.0555004892499112,0.40275069065154884,4.67848253318965e-07,0.10019273159309612,0.10019273159657431,0.9899105177090033
700,0.7071067345638286,0.707106734559552,0.00027398310947490364,0.00023834484667455637,0.5001937848780461,3.0130094041892748e-12,0.0002567829922453285,0.00025678299224713157,0.9999999340624948
701,0.03146131545769163,0.03072535887027768,0.9678965015051757,0.24747222132188557,0.7066674598890358,0.0005214852101620619,0.7064227268249313,0.706422726826633,0.04397260625902587
702,0.6798917275394243,0.6798891814953542,0.2702235571488301,0.04977130898908574,0.2893568000021859,1.782431164598956e-06,0.1942909596959002,0.1942909596895857,0.9615102942559527
703,0.007621680566385728,0.003498151447355244,0.9458037814138711,0.324630374404334,0.6633990561424533,0.002920357528872871,0.7070819163847651,0.7070819163607031,0.00786120787289909
704,0.707091398536775,0.7070913971254092,0.0052954227862186485,0.00393492374756819,0.5037306694821143,1.002709157732794e-09,0.004665036301265584,0.004665036301236476,0.9999782371994997
705,0.009564011414207187,0.006754284281024421,0.39579940069784364,0.918262350168379,0.2731197077380831,0.0019896088792367797,0.7070583106607568,0.7070583106470668,0.011538289604080891
706,0.011742114163578857,0.009593311796673493,0.9920278882187143,0.12510299804584887,0.6931576103875343,0.0015193294503189562,0.7070254914617019,0.7070254914407832,0.015086434776981194
707,0.10723086251227329,0.10702174330513475,0.5695720665420863,0.8078586198090447,0.4786070663434422,0.15149947010569098,0.6989448792980505,0.6989448792915157,0.00014823255738253882
708,0.015564689772189388,0.014015103713566518,0.748476073428405,0.6628309624673497,0.5402135162571998,0.0010936185062154439,0.7069516664147152,0.7069516664197447,0.020916182691145778
709,0.03291364415186031,0.032211008350758685,0.8385480621514939,0.5428777859073332,0.6161967298075418,0.0004939034673242729,0.7063565469945211,0.706356546998505,0.046050114980235396
710,0.7065644494643835,0.7065643996998031,0.005415551949468097,0.038782723306045125,0.4958209059889015,0.9992329919343383,0.02768959940054171,0.027689599401005505,3.514780470857193e-08
711,0.053194329057256164,0.05276397986135478,0.9503847157770683,0.301919223970053,0.70959248212476,0.0749238338756664,0.7051192543755777,0.705119254377703,0.00030550291757571303
712,0.7071049934055176,0.7071049879727093,0.0017650616348699368,0.001398675476559057,0.4987495771354596,1.166695656742871e-10,0.0015924408408940253,0.001592440840932614,0.9999974641289552
713,0.02859350541768999,0.02778139744362707,0.7597522774958128,0.6489892774593762,0.517046400129216,0.03986300101697054,0.7065446218723671,0.7065446218891995,0.0005794243681048805
714,0.08199984309730775,0.08172350874510423,0.7195126157381995,0.6847619219494959,0.5665439638009993,0.00019515513429078154,0.7023522242974055,0.7023522243026505,0.11576989226939227
715,0.7071064174140288,0.7071064121118247,0.00048103239981080035,0.0009013659893132863,0.49966183127348374,0.9999994780734559,0.0007224447440245513,0.0007224447440391258,2.4270383640676796e-11
716,0.707106610054959,0.7071066153076188,0.0006900777889392092,8.85890018975942e-05,0.5004887284362776,0.9999997579722878,0.0004919630911175485,0.0004919630911181312,1.106123399149749e-11
717,0.70710597402933,0.7071059739553126,0.0013708579532458174,0.0006354818746551742,0.4990282131668196,0.9999988584549779,0.0010684307981926467,0.0010684307981642942,5.150955660462161e-11
718,0.009773574527336782,0.007047914011190383,0.7320107180237079,0.6811865477599213,0.5106794624646301,0.001928129244563857,0.7070554448464834,0.7070554448298986,0.011894459506749952
719,0.7053002762776537,0.705300110389016,0.06771159080842896,0.022768729391169442,0.5466162427690494,1.1735507547125924e-07,0.05051373361726816,0.05051373361710754,0.9974450989563683
720,0.7071051337158601,0.7071051335647572,0.0019419022859385033,0.000942854475175906,0.5013727734787824,1.0552044329321481e-10,0.0015264270453436363,0.0015264270453368926,0.9999976700177646
721,0.6933743731724024,0.6933730960136135,0.10052759188554247,0.1684040941540782,0.41927522996994,0.9805785355294233,0.13868261545087518,0.13868261545653987,9.007793134392629e-07
722,0.7071065408693376,0.7071065408473024,0.0002390767381543819,0.0007890456746932674,0.500166128976934,1.595927356611443e-11,0.0005829883203925994,0.0005829883204357603,0.9999996601245614
723,0.4182978353151191,0.4182622045364907,0.04597378677427093,0.8049658751502846,0.2898726609422576,0.5915372770570422,0.5701243939776424,0.5701243939864842,2.4999597359199228e-05
724,0.7070963297242785,0.7070963287656514,0.005153153131102261,0.0017341710990178454,0.5036436228704139,0.999985218722461,0.003844628499163869,0.0038446284991758024,6.765480104537777e-10
725,0.7071056488584259,0.7071056540229026,0.0015189229628313134,0.000946427466560998,0.5010730605616492,0.9999983985727597,0.001265474598018429,0.00126547459802535,7.361694162283046e-11
726,0.7071064385071224,0.7071064384756888,0.0009328593133436098,0.00031474036981875606,0.5006596515786034,0.9999995153558827,0.0006961637734335306,0.0006961637734357821,2.2243078164502677e-11
727,0.7065063776123938,0.706506322511773,0.0028751578250255363,0.04110113136996594,0.5001567553131474,3.9616951625075776e-08,0.029133910931973258,0.029133910932414377,0.9991508547099315
728,0.7071067604884705,0.7071067604860889,9.794774022148189e-05,0.00025269303792534165,0.5000689139543395,0.9999999632762343,0.00019163445832013243,0.00019163445831786753,1.6575918555229063e-12
729,0.6378332756663665,0.6378265835985529,0.42982618464258515,0.039942701759714226,0.7543837100930822,4.788626553857877e-06,0.3052425006679595,0.30524250066830133,0.9020277332481321
730,0.7060082906041208,0.7060081897690395,0.04483231528666877,0.03308765756786649,0.4675911315715769,7.199169284970532e-08,0.039400060769087204,0.03940006077005344,0.9984464284190234
731,0.7071033587935192,0.7071033532108035,0.001933381507931531,0.002440767799878074,0.5013757613812118,2.2078803716118815e-10,0.0022017392565932834,0.00220173925661267,0.9999951523324974
732,0.007451362829662879,0.0031095444412849687,0.9918111101779937,0.12745795248963174,0.7065884610884542,0.007470556877107503,0.7070837319314072,0.7070837319322996,0.00306314456033496
733,0.7071060334895743,0.7071060281521515,0.00025546466537286765,0.0014368513862643248,0.5001860461019386,0.999998935097382,0.001031940914353815,0.0010319409143678706,4.878272935328925e-11
734,0.7070358215910284,0.7070358150813969,0.007486397439113504,0.012027345204446826,0.49463538349942954,0.999899643374632,0.010017564057073325,0.010017564057480641,4.527712289424069e-09
735,0.7045458666027734,0.7045456365543887,0.02275514538667401,0.08193154854611916,0.4821541330905309,0.9963781534694849,0.0601272620733058,0.060127262072222756,1.6558801109925124e-07
736,0.6814159349944409,0.6814135343221613,0.0,0.26732052157536107,0.4889774264697724,0.9636659593546558,0.1888755129406621,0.18887551294349147,1.6848775773926678e-06
737,0.7034159841268977,0.7034156394237049,0.08915315483581204,0.04963984169440154,0.5604297612739578,0.9947801772750219,0.07215399815870079,0.07215399815906066,2.3744864991827236e-07
738,0.006795739146944405,0.0005726662249207486,0.8804544478055981,0.4740816968858734,0.6177588389427765,0.005100174100176969,0.7070903372336506,0.7070903372085159,0.004527498349029971
739,0.7071024551576819,0.7071024547608855,0.0029350669996655813,0.0019030929601023473,0.5020712724991132,2.8391879022999165e-10,0.002473497635661732,0.0024734976356756157,0.9999938817907298
740,0.05767046475511219,0.057274156750720215,0.9453792468915363,0.3156768411903553,0.6276579390003821,0.00027992709556301184,0.7047672624667324,0.7047672624861895,0.0812781220482368
741,0.7071062959906625,0.707106301214509,0.00011386866001375172,0.0011659492285800576,0.49990369653785854,3.17144647398963e-11,0.0008283730063615812,0.0008283730063752892,0.9999993137979262
742,0.7071067738678677,0.7071067738671966,5.23316744891369e-05,0.00013402498350615415,0.49996312139029075,0.9999999896493494,0.00010173814515280901,0.00010173814515474442,4.812638440711111e-13
743,0.42182733220528185,0.4217923198210023,0.42031271349450505,0.6837325234472,0.007132814820568157,2.4756936124609065e-05,0.5675178150322523,0.5675178150204699,0.5965291766900443
744,0.7070860034079688,0.707085996233409,0.0011910889746023809,0.007574065788531995,0.5008399644897329,0.999970606985268,0.005421492668703688,0.005421492668778805,1.3425820169214991e-09
745,0.7071067649211341,0.7071067649196423,0.00020735042760376774,5.489486631707679e-05,0.4998534929434508,1.0702016703369668e-12,0.00015167011270209694,0.00015167011270638756,0.9999999769961772
746,0.06257809444005556,0.06221349757693528,0.6320655385857064,0.7698744168680087,0.40271700428183566,0.08824098289061086,0.7043484445903044,0.7043484446058745,0.00025714393395353825
747,0.036463514957926164,0.0358308671254418,0.7091404661669621,0.70321146199593,0.5271189905938735,0.05111984750099716,0.7061821864949512,0.7061821864895489,0.0004473852062441849
748,0.7071067537167447,0.7071067537142254,4.12269471882497e-05,0.0002756814018767469,0.4999705094556745,1.7926784051528347e-12,0.00019710390218598321,0.000197103902189301,0.9999999611500511
749,0.015887685783642868,0.014373008736781762,0.4261046385246876,0.9044201651268272,0.2900336666558031,0.0010710359925875156,0.7069444808613303,0.7069444808752641,0.021397542419865766
750,0.012746968260338488,0.010800067151430693,0.8112728931315707,0.5844289231545804,0.5826675534577419,0.01665034694679758,0.7070080881276459,0.7070080881233134,0.001375716851956697
751,0.0180665144832513,0.0167502363934094,0.08614138415084666,0.9959782590858983,0.04832951180420695,0.024619078548760918,0.7068921525421781,0.7068921525307004,0.0009329181199686742
752,0.007557143838867542,0.0033552210899676894,0.09569871360703525,0.9953760034692348,0.0728930501669158,0.007716362198730832,0.7070826090645003,0.7070826090542512,0.0029708056115968825
753,0.02924559825194557,0.028452159119723004,0.4289211833530435,0.9024199621547259,0.32387520922003343,0.0005615119843698274,0.7065179295719524,0.7065179295797624,0.04079846908867597
754,0.7061896843920848,0.7061896002391492,0.025404791888200214,0.044124705134711284,0.4815734747482856,0.9987029623195702,0.03600272943820752,0.036002729439685625,5.910586615077845e-08
755,0.5268070498300588,0.5267876893146629,0.4253550822259101,0.5138502916327543,0.6733340916668256,0.7450039809468884,0.4716826624915878,0.4716826624875293,1.3667857076792184e-05
756,0.7071037827718815,0.7071037877652123,0.0002828330478233835,0.002898477841488074,0.499764822292946,0.9999957594068416,0.0020592678711618038,0.0020592678711957722,1.9410441895097616e-10
757,0.7056446030526524,0.7056444688029326,0.021147930593966725,0.06069878797875884,0.48398987910955604,0.9979320729235532,0.0454509506532856,0.04545095065243577,9.494190829098797e-08
758,0.7063890702313746,0.7063890096377687,0.002839108323200557,0.044955482730961255,0.5003539795602782,0.998984956861891,0.031851655872774894,0.03185165587229255,4.6263117540189316e-08
759,0.017351952810973764,0.015976838792650147,0.7798246228423914,0.6255535212630229,0.5636620647692125,0.023566970597929348,0.7069100545151562,0.7069100545198268,0.0009734171751745663
760,0.7070592542993188,0.7070592446715538,0.0007948224632149902,0.011567676582257805,0.49943776646886123,0.9999327762983558,0.00819886834453074,0.008198868344399646,3.118968096956106e-09
761,0.015867054462191783,0.014350167709087758,0.5585845216124163,0.82917165984158,0.40618974392168744,0.021366836427472287,0.7069449445604042,0.7069449445536055,0.0010719289466884815
762,0.05282200489134224,0.05238856590250447,0.8633724797804826,0.4990523370545733,0.573124752018573,0.07439510722505979,0.7051472449025877,0.7051472448845147,0.0003066904528959793
763,0.006771034715150985,0.0,0.8344532570690759,0.5510371331191579,0.5852599276450026,0.004800814942966324,0.7070905742139174,0.7070905742316205,0.004774082792623615
764,0.008623481636685202,0.005339555559242233,0.8040264676848882,0.5945069923672031,0.5746222594294684,0.009868179512220049,0.707070408341732,0.7070704083461512,0.002343996967476743
765,0.706395578556655,0.7063955185586575,0.008395916643582278,0.04404740608312247,0.5057447111392636,4.5968146242092854e-08,0.03170698187237665,0.03170698187280297,0.9989941614449297
766,0.7070470224072055,0.7070470169259663,0.005793898203592389,0.01163850096889074,0.5040278617142351,0.9999154844479624,0.00919303979091316,0.009193039791013047,3.871285693117203e-09
767,0.007952505007806475,0.004170114362648355,0.49619719945412055,0.8681634103463439,0.3564861221333014,0.008571939875687853,0.7070782728241711,0.7070782728314413,0.0026747030609668987
768,0.7069199713289779,0.706919954191932,0.012090085685116693,0.01954935361754214,0.5084726537745966,0.9997357913975382,0.016253421158819597,0.016253421158980878,1.2145569237524072e-08
769,0.7070455547503341,0.7070455491341431,0.009144480314913831,0.009463267784409255,0.4934712866447045,0.9999134087722847,0.009305239314312565,0.009305239314099153,3.954503337689142e-09
770,0.7070990761664007,0.7070990807280504,0.004641692453833787,0.0004986580285082505,0.5032800015322276,0.9999891029562934,0.0033010580626028495,0.0033010580626062886,4.949571013163229e-10
771,0.20440828031747793,0.20430545525675803,0.14288598526892415,0.9466045272993922,0.24572207958816986,0.28900425395974705,0.6769329863076329,0.6769329862982062,7.282300363445364e-05
772,0.37740112289539346,0.3773576729635262,0.8451374817097812,0.03020291545699296,0.32974630307585484,0.5336950627086037,0.5979839375229703,0.5979839375412834,3.07832934990182e-05
773,0.013722725311015597,0.011936164106874161,0.24430044078156182,0.969529014228238,0.18250006924171253,0.0012655178129997427,0.7069898212787432,0.706989821287899,0.018143419418973912
774,0.007251872385938838,0.0025953181931082643,0.7359635387525194,0.6769773587774109,0.5255185620495119,0.0069633242802355,0.707085806201436,0.707085806206599,0.003292027429063096
775,0.7071067808107108,0.7071067808106762,3.1844339998460635e-05,7.0009484398861195e-06,0.49997747585807184,0.9999999994684624,2.305509996758259e-05,2.3055099966824636e-05,2.4140677145418638e-14
776,0.007238347759527965,0.002557364102271963,0.09825892676713918,0.9951312725068574,0.07443416970613054,0.006920363473662391,0.7070859446333573,0.7070859446435778,0.0033230044886897498
777,0.7071061382290852,0.7071061434384716,0.0005197006428234167,0.0012444083490027597,0.49962580501783455,4.160404430550957e-11,0.0009535829531965135,0.0009535829531780983,0.9999990906791392
778,0.006858541351517552,0.0010888190514350736,0.9582311257473578,0.2859106233293099,0.6824194214647219,0.0056166956152733805,0.7070897308068222,0.7070897308483128,0.004083851951603165
779,0.1787138477194723,0.1785937013633542,0.19161334171603536,0.9483933665642377,0.017816985267497896,0.25265459091438314,0.6841657878332094,0.684165787821343,8.498969006416795e-05
780,0.704683158816874,0.7046829309074976,0.038879380752258254,0.07302063917037446,0.5258712727959075,1.5738795516555924e-07,0.058496239163115436,0.05849623916373341,0.9965723154931813
781,0.36495201628252394,0.364905919015437,0.6874186717534942,0.5109885182697002,0.7440972794390345,3.277501060866977e-05,0.6056623217946598,0.6056623217908673,0.5160874953406438
782,0.7070929152701351,0.7070929139984063,0.006146663488911389,0.0011994481972154498,0.49564674716926055,8.994686455227246e-10,0.004428326321817433,0.0044283263216726276,0.9999803897337071
783,0.707106778489693,0.7071067784894457,3.8963131364544886e-05,7.816699508777239e-05,0.49997226493830893,1.7506830192681647e-13,6.175841937189679e-05,6.175841937313117e-05,0.9999999961858971
784,0.0071020217285634275,0.0021412541613228353,0.9982492150958269,0.05868117993480641,0.7108932311042246,0.003511683589751239,0.7070873271098134,0.7070873271093717,0.006533893202512671
785,0.008641871686941898,0.005369474573340411,0.6601372383525462,0.7510761035589294,0.4606762185668858,0.002321103557893849,0.7070701828034571,0.7070701827875902,0.009905840765873688
786,0.7070956921027522,0.7070956858168874,0.0055921570312653344,0.0003294526939060862,0.503948764425079,0.9999843094972347,0.003961108389066806,0.003961108389064465,7.200337255224511e-10
787,0.6814293033030725,0.6814269036030121,0.2653967911417222,0.02959768398991537,0.6693523705617278,1.6904381438687699e-06,0.18882727510342828,0.18882727510321187,0.9636848656854803
788,0.007807305120808678,0.003886033543404144,0.9419141823559504,0.3357404024048916,0.6605145573559477,0.0027694671721854285,0.7070798910670738,0.7070798910864688,0.008269541783306855
789,0.7070125575014508,0.7070125541271259,0.0076558022450324325,0.014418321104272224,0.49445908016444956,0.9998667414753413,0.011543381035805118,0.011543381036037938,6.037082173823536e-09
790,0.04207186219110439,0.041525240986098944,0.1783673651727597,0.9821866909309355,0.15535087783751966,0.05911207794921785,0.7058702475621559,0.7058702475718004,0.00038657470205850827
791,0.02587081248321765,0.02497000653794875,0.5552857538581943,0.8308820201431074,0.37436683229439993,0.03594989440261228,0.7066495594972382,0.7066495594687044,0.0006365983726340372
792,0.6977087920322239,0.6977079189670634,0.12859192744925438,0.09934900542042148,0.5844513418490379,0.986708615203334,0.11490454447782007,0.1149045444770829,6.151208997417786e-07
793,0.7003209133726712,0.7003202880142071,0.06679295100840298,0.12099923216358283,0.5425173726298715,4.4829249650450617e-07,0.09772950549447211,0.09772950549549246,0.9904028915099319
794,0.010411796100214539,0.007909343903686947,0.02540738578259416,0.9995916673965836,0.003617040186474314,0.0017686573849704408,0.707046333982687,0.7070463339715657,0.012955117524508303
795,0.012605177714265945,0.010632365642211644,0.40899675600692775,0.9123868235959212,0.29814088601687044,0.016431019188086586,0.7070106301558952,0.7070106301479557,0.0013997545494264677
796,0.10114996874254743,0.10092768674679062,0.7579604340934086,0.6364575918474767,0.6074297732036856,0.14289047997145243,0.6998508004631319,0.6998508005014153,0.00015767753351354977
797,0.7064369297258929,0.7064368682557172,0.012086416248740945,0.04180590904139344,0.4910171955018564,4.329682540914574e-08,0.0307718661152752,0.030771866116611615,0.9990526435135889
798,0.7071059099039441,0.7071059098240378,0.0014651350270998363,0.0005637820377180923,0.49896374616093314,5.672899039575229e-11,0.0011100609969216056,0.001110060996883421,0.9999987677638235
799,0.0195604476955155,0.018351839698442337,0.6974608170202629,0.7161208051628134,0.4793177352672829,0.0008575933180931442,0.7068523887018636,0.7068523887291311,0.026807940392113008
800,0.052719908956556406,0.05228561121126977,0.09261714588464438,0.9929294488270813,0.02984687530226486,0.074250112948973,0.7051548858384539,0.705154885849929,0.0003076803347760559
801,0.7071066333377465,0.7071066333241854,0.0006447441672425423,5.003650236024827e-05,0.5004565877864553,0.9999997909006315,0.0004572738199164244,0.0004572738199162163,9.548813369866743e-12
802,0.007459723314466834,0.0031295545919570083,0.8754798172274872,0.48318697006885825,0.6243351767646347,0.007488539948837282,0.7070836437161959,0.7070836437126986,0.003059959548536764
803,0.7068833934993645,0.7068833730051013,0.024363120692963976,0.0061808829346424515,0.517048126769808,1.4527175443812417e-08,0.017773083071786096,0.017773083071742912,0.9996840676114863
804,0.009951700782631861,0.007292992138135141,0.32126529740092624,0.9469088576009308,0.220110145115207,0.0018782508443431786,0.70705295980421,0.7070529597910699,0.012194107452358322
805,0.007190356050292888,0.0024182816468912957,0.886946229953982,0.4618103895160922,0.6322519360838305,0.003387928226071774,0.7070864341400873,0.7070864341434102,0.0067875804047976785
806,0.7071067661531149,0.7071067661517358,0.0001802582570082756,0.00010014927897567173,0.49987226181682337,0.9999999787385407,0.00014581309491590877,0.00014581309491966984,9.744686921825223e-13
807,0.06270615034694269,0.06234231173677726,0.7721896466974855,0.6292094440385039,0.5017463696409469,0.00025795111328483884,0.7043370553072928,0.7043370552903506,0.0884226132116737
808,0.0068222379592184365,0.0008302833532128769,0.2991161590386658,0.9541919571557694,0.2162998448540631,0.004203626841678349,0.7070900818535202,0.7070900818447283,0.005437078497011284
809,0.7059629734863746,0.7059628684918967,0.04376088632288194,0.03630004414865216,0.5301217262414571,7.409311550414621e-08,0.040203907626848494,0.0402039076271216,0.9983823373953616
810,0.7070631448708407,0.7070631408680869,0.006793842639503068,0.008790204395323341,0.49516435628128597,0.9999382861001412,0.007855698286173976,0.007855698285861997,2.83365245612217e-09
811,0.006769344358610143,0.0,0.3272771667584886,0.9449041550092397,0.23623516274266196,0.0048394782075528425,0.7070905903721763,0.7070905904071393,0.00473005449112867
812,0.011733628676544679,0.009582936899240547,0.8214754582551644,0.5700425955689014,0.5725706098607793,0.0015196119928125704,0.7070256322493456,0.7070256322233841,0.015073204733073785
813,0.006864531726931767,0.0011259242572320216,0.19127124837759832,0.981512567440079,0.1401126676170738,0.004064998320624292,0.7070896727025666,0.7070896727121095,0.005644934890359498
814,0.018600365802427275,0.017324749622968205,0.2843995084596045,0.9583688220254526,0.2142113444494857,0.0254030798574321,0.7068783061655959,0.7068783061567081,0.0008967113468506959
815,0.7063131271969664,0.7063130543670207,0.03545015263288581,0.03141531884750747,0.47427017364587293,5.064936783011764e-08,0.03349354848354077,0.033493548482747604,0.9988775522655546
816,0.023603563744361695,0.0226123981836085,0.9589534429323349,0.2816732957082607,0.6613660604365106,0.032679763536194575,0.7067289265317508,0.7067289265554451,0.0006941385067943736
817,0.7071065218554033,0.7071065270999786,0.0007102387097475337,0.000478637349878919,0.4994979659027981,0.9999996332335633,0.0006056123915266612,0.0006056123915115298,1.6817311039494742e-11
818,0.7065179170909497,0.7065178630532122,0.019607416124443843,0.035783952396441054,0.5133812580528923,0.9991671821991606,0.02885257368247519,0.028852573682172623,3.7835940773748996e-08
819,0.7071052712708301,0.7071052658635174,0.0014083188131553711,0.001517371996259191,0.49900345880237074,0.9999978571078768,0.0014638612732123183,0.001463861273245579,9.947698237018208e-11
820,0.6975924532582082,0.6975915799374857,0.031903860882915754,0.1603524485893571,0.5158364822761488,0.986544087150584,0.11560874557636193,0.11560874557791412,6.183989819419005e-07
821,0.13657099603294465,0.13640926974356138,0.4047399296942703,0.8938268643768075,0.1906342652208078,0.1930261971349205,0.6938086458641948,0.6938086458777314,0.00011423236447312014
822,0.70710677770279,0.7071067777024704,9.295602751382849e-05,3.4830766064581985e-05,0.49993425153365284,0.9999999950729971,7.019261113368131e-05,7.019261113559659e-05,2.2309192244059223e-13
823,0.6750434935218707,0.6750404828882618,0.05902740086133575,0.2918088317089198,0.5198086817004559,0.9546535348909219,0.2105191538964847,0.21051915389930131,2.1207197793036843e-06
824,0.011160995102128415,0.008872547016294578,0.9942852706912764,0.10579938839201497,0.6951730754264273,0.014166188669209637,0.7070349036879187,0.7070349037103933,0.0016152401723734079
825,0.1863687399316931,0.1862542205620609,0.9086642717442485,0.3238908756889934,0.7739843754306636,0.2634842221803293,0.6821202453021826,0.6821202452998877,8.101194216619535e-05
826,0.706882118943116,0.7068820983339213,0.01844270782089027,0.017182418391387948,0.5128790675617905,1.4632468439600046e-08,0.017823705752996032,0.017823705753126938,0.999682265035485
827,0.7071056269577891,0.707105626851945,0.0010371859012170402,0.0014795419408746783,0.4992663210464759,0.9999983675991929,0.0012776538945583867,0.0012776538945310665,7.541519252553517e-11
828,0.7070615764207384,0.707061572273969,0.011213487099164032,0.0014552903353187807,0.4920490217990781,2.9268670760059775e-09,0.007995628895822946,0.007995628896057622,0.9999360678749003
829,0.7069463941142864,0.7069463794008464,0.013573814544468474,0.016412314265632246,0.4902266897721471,0.9997731680232059,0.015060087994952717,0.015060087995286776,1.0418012569618986e-08
830,0.02093001340779892,0.019805189572529993,0.9876644182882691,0.15391129215244861,0.7131901630791765,0.0288039657106937,0.7068131609577698,0.7068131609567182,0.000801595029722296
831,0.5384926907734504,0.538474804240454,0.6459811333220817,0.052715107641860603,0.8379682319393491,1.2708310265461504e-05,0.4582960327023482,0.4582960327027308,0.7615310188408121
832,0.08973457480220498,0.0894828151061655,0.47896408351114594,0.8686391302446208,0.2751809335686285,0.12672583128671958,0.7014059209349619,0.701405920963875,0.0001783225914264449
833,0.7066277008069082,0.7066276621276001,0.024564602303419177,0.027408526549758207,0.5170540024302552,0.999322446953956,0.026025439611705788,0.026025439611491733,3.067269278285148e-08
834,0.014041053072375667,0.012300838115802333,0.2711170494295787,0.9623653587483654,0.18185772541097378,0.01862640160509594,0.7069835705984293,0.7069835706112036,0.0012324581040040184
835,0.7071021213535832,0.7071021209261614,0.002983050242901491,0.002069292206205479,0.4978848520680879,3.0080945020600225e-10,0.00256715396753003,0.002567153967593727,0.9999934096987908
836,0.7071054725862734,0.707105477734596,0.0018971619048518576,0.0003197241706244732,0.4986577915094154,8.520111173663793e-11,0.0013604129591066351,0.001360412959066976,0.9999981492748683
837,0.04075865791824551,0.040194060366372755,0.9394261492432351,0.33793738981353744,0.6930490166501161,0.00039874276209006537,0.7059472959503966,0.7059472959479931,0.05724221945593879
838,0.007063631069435947,0.002010142721091707,0.993990850701935,0.10921654253451392,0.6978591690374382,0.0035738382349472125,0.7070877118406098,0.7070877118196588,0.006415858314729855
839,0.00677869623602635,0.00031317016475722765,0.12600084093468228,0.9920069250189495,0.09399827136230919,0.004604257662528541,0.7070905002853878,0.7070905002953718,0.004984938273385049
840,0.7071066732135668,0.7071066732036643,0.0001439988012883915,0.0005335466551809313,0.49989900607393195,6.951252706965483e-12,0.0003907733921550504,0.00039077339214804355,0.9999998472961443
841,0.7045967791693829,0.7045965485899117,0.016577836996290396,0.08253640299795208,0.48689724439649534,1.648911033317557e-07,0.05952765113638241,0.059527651133746924,0.9964501580614342
842,0.7063423297766632,0.7063422543493006,0.026486477573788282,0.038204801199343275,0.5180948113152383,5.008465531930073e-08,0.03287202708175766,0.03287202708206968,0.9989188453878767
843,0.7071067699813428,0.7071067699803152,0.00010590542706447818,0.00014310344961749734,0.49992438192154337,0.9999999841527211,0.00012588597375169284,0.00012588597374896547,7.162422697193052e-13
844,0.00853365258458883,0.005193403640135552,0.7662271228898464,0.6424921800929292,0.5357704626671025,0.00970752123020486,0.7070714975716977,0.7070714975547618,0.0023576893225028287
845,0.6968652135977065,0.6968642726568095,0.023264339927630804,0.16798165793417702,0.5090773020831602,6.633665788059694e-07,0.1199146924154393,0.11991469241712548,0.985515567144925
846,0.013797161393652828,0.01202173401702559,0.8090956148363119,0.5873920345913239,0.5818912995367628,0.018256657059034877,0.7069883719888199,0.7069883719844925,0.0012562739858034066
847,0.18806155859570525,0.18794822716511814,0.8901239806990295,0.37011837710191003,0.7623791138590575,8.037400829442216e-05,0.6816554533195134,0.6816554533221364,0.2658790692325659
848,0.7070764538869999,0.7070764511046835,0.008989374075570501,0.0022330933800176656,0.5063308257286834,1.9732152611196327e-09,0.0065496393913792115,0.006549639391394881,0.9999571013036944
849,0.7071050763743915,0.7071050709491659,0.002198262085018797,6.8541295089537e-05,0.5015510670717843,1.1248450669674156e-10,0.0015551614230626032,0.0015551614230624549,0.9999975814700238
850,0.014146661790102892,0.012421135431245347,0.09653554789184057,0.9951514836201268,0.05790617804466846,0.01878638586688279,0.7069814662852753,0.7069814662968472,0.0012183382008728338
851,0.7070742526004288,0.7070742496173611,0.005765102980972197,0.007666187136349844,0.4959181231230009,0.9999539955229989,0.006782582015307822,0.006782582015454975,2.10105075965413e-09
852,0.7017537998253912,0.7017533070132156,0.011834602771625189,0.12224501095700019,0.5056971048347917,0.9924293926890897,0.08684440260274363,0.08684440260150242,3.531866506134298e-07
853,0.7067198239956425,0.7067197884925388,0.032813316936126824,0.004187129002351096,0.5229294118663262,0.9994527273374986,0.023390658580236985,0.023390658580207262,2.5227446268761458e-08
854,0.2673353804058484,0.26726185658587165,0.4375649154078852,0.8158675377790638,0.4972001893901523,0.3780173314880537,0.6546384095081392,0.6546384095011811,5.1933781628219795e-05
855,0.7067025406689814,0.7067025035896637,0.005408490115251776,0.033374221590713314,0.49599488936019237,0.9994282913585605,0.0239070118598306,0.023907011859425897,2.6293184595044158e-08
856,0.027690888297154,0.026851390510820784,0.5533607381851927,0.8320481422255512,0.37176502836853126,0.0005893071888231398,0.7065805748549754,0.7065805748698908,0.038567281096710516
857,0.01297016649145376,0.011062659107938648,0.6998149931905548,0.7141206954432486,0.5040114163392541,0.0013497554748401455,0.7070040284052175,0.7070040283997256,0.01699369899441046
858,0.0074240728170384225,0.0030435782868685622,0.04046809432362239,0.9991486141289704,0.026210359225276342,0.007397613256827371,0.7070840189892421,0.7070840189567639,0.0031073371370674524
859,0.05049088572649423,0.05003703452880752,0.3608307976356551,0.9299183303450522,0.2194432009804514,0.07108397209954082,0.7053180011935017,0.7053180012069142,0.00032136651144990566
860,0.7069270625642474,0.706927051348386,0.00040083510052959636,0.02254149653585906,0.49921586476794283,0.9997458278308304,0.015941764878174343,0.0159417648779227,1.1624614880998897e-08
861,0.008257035723169963,0.004724994919150307,0.3349984805305894,0.9421706394418551,0.24274146329822063,0.0024885243904632487,0.7070747823858781,0.7070747823943669,0.009182127328553589
862,0.6997467552384098,0.6997460765820713,0.1383014115322552,0.039782237361771604,0.5926813998981203,4.787340350465756e-07,0.10175929156591015,0.10175929157244877,0.9895908716022275
863,0.7057341976875258,0.7057340716863596,0.051900691534841566,0.03442376164475437,0.5357566394239188,0.9980587772533346,0.044037921996796084,0.04403792199654455,8.898171718011425e-08
864,0.7070342616692517,0.7070342550157193,0.005966842183578856,0.013020244013522244,0.504172326090976,0.9998974297597651,0.010127436986057163,0.010127436986169771,4.714877708169249e-09
865,0.707105638630167,0.7071056437937282,0.0012545640922344053,0.0012875760131204122,0.5008858973138576,0.9999983841071699,0.001271177220347682,0.0012711772203576244,7.293134741728547e-11
866,0.6894307931989766,0.6894291513331655,0.22227196995079657,0.0,0.3308506610927348,1.1621617379560462e-06,0.157118787359418,0.15711878735455617,0.9750012170851833
867,0.7070763474775194,0.7070763446861884,0.0029434573056269105,0.00879873184925367,0.4979333547729424,0.9999569582621702,0.006560549636407197,0.006560549636528694,1.975387836532274e-09
868,0.707106773450576,0.7071067734498665,1.7949724801337655e-05,0.00014683133630077772,0.5000129001741483,0.9999999890591827,0.00010459836026588859,0.00010459836026440963,5.027990015292595e-13
869,0.007970692601129056,0.0042046273416079735,0.6561768466727528,0.7545533348007923,0.4583447934220092,0.008612258233596393,0.7070780682466427,0.7070780682307934,0.002653269632235288
870,0.11339160274222897,0.11319441935437763,0.17567217663879633,0.9713231461308691,0.04251446688652374,0.1602205125552185,0.6979718360714297,0.6979718360404379,0.00013964945131527838
871,0.006766803879690584,0.0,0.5241596538975999,0.8515931731711402,0.36585316173703847,0.004812547472334708,0.7070906148949222,0.70709061490962,0.0047501601107005475
872,0.7064175366467241,0.7064174734021401,0.03350640614089875,0.02873913599312083,0.5232504009379244,4.4428326662046395e-08,0.031213916688902693,0.031213916688685412,0.9990252163033162
873,0.7062560547517914,0.706255976674221,0.03705881404111798,0.03211736041832976,0.47320544925359054,5.4469989821300024e-08,0.034676220515161824,0.03467622051433705,0.9987968359289194
874,0.10748985217072199,0.10728126856073704,0.7089914273905109,0.6886710513612978,0.4251556863679165,0.15186611593363372,0.6989050940841861,0.6989050941003969,0.00014742766627035247
875,0.7069100459918438,0.7069100279444839,0.016726391754689037,0.016632557927762935,0.5116748923096791,0.9997217542074629,0.016679540826353752,0.016679540826225334,1.2933049205988442e-08
876,0.70710678058455,0.7071067805844947,1.5053264183882349e-05,3.842112988333043e-05,0.5000107899127139,3.9535735337148295e-14,2.9178622175160666e-05,2.917862217550248e-05,0.999999999148608
877,0.020858118131022556,0.019729240486498476,0.44579065097905696,0.894676696621484,0.32997149778757495,0.028699606681209917,0.7068152856181896,0.7068152856258414,0.0007978712212091606
878,0.7071067791912042,0.7071067791905379,0.0001287824173083132,6.293547023630345e-05,0.49990899376918524,0.9999999897271069,0.00010135527717434806,0.00010135527717168085,4.737568362101843e-13
879,0.04185300278022961,0.04130346626604832,0.8975740315751247,0.43692471625516555,0.6050995812987511,0.05880050048833678,0.7058832587117055,0.705883258693124,0.00038898538996651807
880,0.7071064488310381,0.707106443531718,0.0009721132270226591,9.991964664739644e-05,0.5006870862272376,2.1961916884210934e-11,0.0006910094290020518,0.0006910094290013757,0.9999995225058559
881,0.7065400257734614,0.7065399737662521,0.03789350293959512,0.012905033335390262,0.5263962132478633,3.652389918165966e-08,0.028305983911669906,0.028305983911761895,0.9991984500336151
882,0.007071316148042291,0.0020371604130251858,0.8954377458994462,0.4451259256478949,0.6281723925426816,0.006455911649404506,0.7070876347522748,0.7070876347708329,0.0035319597094309874
883,0.5245788989164546,0.5245592439899979,0.5609575654377065,0.36739786081905335,0.7673436613002933,1.4014650990027855e-05,0.4741595608857769,0.47415956088306677,0.7418526952484218
884,0.707106369125855,0.7071063638192193,0.0004647815411695718,0.0009820472012265526,0.4996705417490054,0.999999409780532,0.0007682573092630383,0.0007682573092478745,2.7158772177256332e-11
885,0.10554322487147506,0.10533058870409961,0.9305513611364812,0.33442526676974094,0.5833245799036535,0.0001503655340571953,0.6992017215154088,0.6992017215345363,0.14911030354482258
886,0.0706553070160029,0.07033330550255897,0.9791714803341006,0.17687358714035445,0.7423462647657741,0.09969400677477683,0.7035840581370952,0.7035840581358473,0.0002264633141910771
887,0.008907834698716562,0.005787787564277716,0.6913068718419938,0.7224831907664873,0.4825084570535198,0.01039224144770119,0.7070668822584038,0.7070668822745614,0.0022021175267337707
888,0.7071064791409704,0.7071064791132678,0.00038424449115686307,0.000840659900465607,0.500272468142237,0.9999995728234599,0.0006535873687678221,0.0006535873687751288,1.961196788380467e-11
889,0.7070981884422078,0.7070981876540352,0.004327985549669524,0.0023608174867544587,0.5030620698963473,5.563251388895366e-10,0.003486037730991724,0.0034860377310086494,0.9999878474670948
890,0.7071037210115493,0.7071037207308236,0.002553668501470998,0.001461039845682689,0.5018043791542605,0.9999956720605114,0.0020803677855170035,0.0020803677855275276,1.9924851209652704e-10
891,0.01587509392444486,0.014359075312504516,0.11133911786001524,0.993551910663565,0.06784239563662443,0.021378819135830368,0.7069447638620666,0.706944763893951,0.0010713278198461228
892,0.7070956719310846,0.7070956761807096,0.0037695481472019452,0.00414890589191708,0.49732901434157467,7.189568237833973e-10,0.003963767988624006,0.003963767988469745,0.999984288419905
893,0.01859613995449614,0.017320214573452106,0.8000148158448317,0.5994418138404969,0.5525610406592847,0.025396628712773792,0.7068784173352157,0.7068784173090065,0.0009041561812422065
894,0.6816045451585302,0.6816021627234964,0.17468881758748436,0.20079231260129113,0.605501159758423,1.676367057475758e-06,0.18819369781378853,0.18819369780378004,0.9639327073023846
895,0.7071019675684894,0.7071019671270016,0.0024065473138552436,0.002797154968988017,0.4982922667688435,0.9999931922038794,0.002609170930949585,0.0026091709310518403,3.084925474661285e-10
896,0.7066893919843654,0.7066893536923197,0.03346286686149106,0.007777993064946301,0.5233770074489741,0.999409695452921,0.024292597995125047,0.024292597995181096,2.6821074194900127e-08
897,0.5405306055713147,0.5405129734255282,0.3159162965507385,0.56202249383191,0.6060943983626069,0.7644132454677385,0.4558905515601688,0.455890551555457,1.241277910636957e-05
898,0.7071055765142789,0.7071055816721317,0.0013132242113964717,0.0012972753220323264,0.5009329102897883,0.9999982962580021,0.001305274126481841,0.0013052741264918376,7.746097904026269e-11
899,0.7069550823327234,0.7069550684203888,0.019278952006772893,0.007573955912837672,0.4862302937691781,0.9997854555860196,0.014646549058749734,0.014646549058351555,9.65628399387769e-09
900,0.7070247746085118,0.7070247670851064,0.0014408042146038117,0.015161494029523492,0.5006484216972209,0.9998840198652873,0.010769095087069214,0.010769095087228007,5.326148966374964e-09
901,0.007185748441312724,0.0024045260831429623,0.8533330884600315,0.5213110620473278,0.5983278207475337,0.003400544417372008,0.7070864810078905,0.7070864810258554,0.006771486100688916
902,0.0069000812499435404,0.00132541831836101,0.9952984597907997,0.09660024887707247,0.6989021444425086,0.003954397099915039,0.7070893267874245,0.7070893268098152,0.0058078049660242916
903,0.01557090397994092,0.014022033779616402,0.6077231057094284,0.793872506328825,0.418713437792378,0.0010939323280057763,0.7069515292931094,0.7069515292776852,0.020925434144384854
904,0.7066612447135584,0.706661203838578,0.028605829113032742,0.021013082634874423,0.5198642466249661,2.8980516545724837e-08,0.025098237996639527,0.025098237996483603,0.9993698799238107
905,0.707103916408396,0.7071039108767839,0.001518982781201041,0.002410552742720065,0.4989333972002989,1.8716166232182293e-10,0.0020147050919663255,0.0020147050919242355,0.9999959409551543
906,0.7043255626747633,0.7043253070826264,0.08616789777777424,0.02065083432699304,0.4371490868708736,0.9960665823297786,0.06265526141540287,0.0626552614136227,1.8102466171203232e-07
907,0.016466762598233688,0.015010688101803261,0.18724723452977884,0.9820600786780773,0.14387274852840104,0.0222579027670097,0.7069312289603209,0.7069312289698994,0.0010299476542757842
908,0.02600225576023183,0.02510619144691183,0.39193393151588723,0.9192830658641563,0.29549447362545256,0.0006349313400514664,0.706644734597775,0.7066447345896971,0.03613910629902098
909,0.011987625634021993,0.009892313141499716,0.9812091839791239,0.19231998400421302,0.6853519185512987,0.01547149520331997,0.7070213713181568,0.7070213712977512,0.0014811697419932818
910,0.7071024627714453,0.7071024676436881,0.0017953355223221613,0.0029986022846323697,0.501273824265218,0.9999938925587003,0.0024713200216676477,0.0024713200216926337,2.7875890004561073e-10
911,0.018842451856589254,0.017584410228097765,0.21291904638358786,0.9767298655268342,0.1373527514615056,0.0008904853797271127,0.7068718945262951,0.7068718945139713,0.025757649559430024
912,0.01130806577163896,0.009056811150866992,0.8819982958994229,0.47102983753770256,0.631653444264844,0.014399962926889715,0.7070325670771718,0.7070325670805733,0.0015935016229622337
913,0.01809958097393989,0.01678591715889576,0.9993373631303921,0.026748323522411823,0.6938541186611819,0.0009277485244226374,0.7068913064004395,0.7068913064221014,0.02466781552982063
914,0.7071040740908588,0.7071040685737322,0.0026833806048506574,0.0006866801762254291,0.5018965995614574,1.7563345405756038e-10,0.0019585787110671152,0.0019585787110719716,0.9999961639620747
915,0.10058666958963147,0.10036308235679686,0.9855671828687665,0.0920157685009656,0.7680285805470328,0.14209293198695944,0.6999319872672535,0.6999319872679158,0.0001583623699226592
916,0.25689569652582595,0.25681821075918726,0.9315265990326054,0.017527208097790913,0.477195152831729,0.36325058743813476,0.6588053611483693,0.6588053611280974,5.474385486524928e-05
917,0.7065717834652404,0.7065717343819565,0.02640746724798447,0.028554240609042464,0.5182896945947164,3.508365789602882e-08,0.02750180887869227,0.0275018088789146,0.9992433642595662
918,0.007500111382671882,0.003224633397700461,0.7332715125359216,0.679886931020136,0.513191402724083,0.0030311563731406535,0.7070832164712396,0.7070832164981601,0.007580370857921028
919,0.7070739844268934,0.7070739814182687,0.0015291050030931295,0.009509321000085693,0.500987421588679,0.9999536162502766,0.006810482655347212,0.006810482655023068,2.1669354239990872e-09
920,0.7070681798630006,0.7070681763217965,0.0014789283343295424,0.010344599050809035,0.5011063915010344,0.9999453995301246,0.007389112211171624,0.007389112211273855,2.5237654827944915e-09
921,0.707042718612779,0.7070427074684993,0.010523411962001015,0.00839458890267788,0.5073899882374033,0.9999093902338502,0.009518700598509847,0.009518700598447092,4.1871983510820714e-09
922,0.7062528484144457,0.7062527700442006,0.04915895444227601,0.0,0.5341414215146342,5.531423703592972e-08,0.03474146594040522,0.03474146594040401,0.9987923012762073
923,0.7069630788746027,0.706963070956953,0.011871795092573635,0.016293843671667484,0.5082743992035444,0.9997967649175894,0.014255329886055783,0.014255329885924036,9.186957861339358e-09
924,0.4128215153416141,0.4127849026291986,0.056371721702849834,0.8099439793125855,0.2452754416004981,2.585432366015163e-05,0.5741023517819358,0.5741023517726611,0.5837918967398379
925,0.009981087475611961,0.007332988810159445,0.4642688518045636,0.8856077226479153,0.33531786281452713,0.01224327114721935,0.7070525458479856,0.707052545840433,0.0018700647203132397
926,0.7070953084832746,0.7070953074309243,0.005061266287021889,0.0026142902822906653,0.4964055208932639,0.9999837744033105,0.0040280845390256005,0.004028084539168297,7.429029679911104e-10
927,0.008524028511085906,0.005177564634813542,0.9407209080082887,0.3390349642713126,0.6591576443872442,0.009687073289141637,0.7070716136961549,0.7070716136767939,0.0023720979525044834
928,0.007194626084870662,0.0024308741112006767,0.09765830794522344,0.9951910284442014,0.0640795392096048,0.00680943195417524,0.707086390828676,0.7070863908402061,0.003362057391994405
929,0.007093192453600221,0.0021117996328002928,0.8705383203915782,0.49204497726624213,0.6105506334983064,0.0035193897832334737,0.7070874157052134,0.707087415723438,0.006510527814745778
930,0.2801104701676636,0.2800414478038947,0.5567525799484613,0.7301653762916122,0.5916010689461851,4.894222417657323e-05,0.6492745613400903,0.6492745613459479,0.39608721967555305
931,0.7071054364275509,0.7071054363037211,0.0013983080774709626,0.001365049441968032,0.49900780054425226,8.716981664193281e-11,0.0013817788278970638,0.0013817788279291271,0.9999980906854475
932,0.7071067464196118,0.7071067464164233,5.9169373563186836e-05,0.0003079597924299465,0.5000414203631912,0.9999999508298737,0.00022174337478267752,0.00022174337478568498,2.24651947330168e-12
933,0.7070273243221976,0.7070273170342929,0.00025234401502394866,0.014989061063946343,0.5001611399218043,0.999887625871486,0.010600368603902564,0.010600368604064086,5.194609732575467e-09
934,0.014992467103296696,0.013376715067194012,0.2713820939603125,0.9622619438083726,0.18116459115725955,0.0011417834053872094,0.706964033528604,0.706964033541395,0.020060082414773663
935,0.7056060742821204,0.7056059365028547,0.06228002612739816,0.01901390684932736,0.4548910713025244,9.741675652386623e-08,0.04604525115699944,0.04604525115571788,0.9978775825179594
936,0.02585968785137199,0.02495849888377367,0.6898220332212389,0.7230863795980378,0.5060603820991348,0.0006374169953975702,0.7066499663502358,0.7066499663446484,0.0359338812525965
937,0.011237229308593921,0.008967904650002294,0.41922607327110595,0.9077680325134363,0.30437296225931887,0.014286717034377313,0.7070336984100442,0.7070336984021631,0.0016088358291286911
938,0.7054741889289398,0.7054740390038775,0.033053448050311504,0.05932974480475856,0.5223888199791974,1.0445574744559562e-07,0.04802368710628428,0.04802368710678225,0.997691059874438
939,0.13295718356976832,0.13279072086309424,0.5554354953972813,0.8100496418384676,0.4868779424220672,0.00011713859600080133,0.6945102633441352,0.6945102633507393,0.1879121456657196
940,0.6679786630324562,0.6679749743625861,0.005203929198341004,0.3280043681383295,0.4858840256890508,2.611274629085245e-06,0.23196330140275814,0.23196330140619092,0.9446618726275804
941,0.008259505236740333,0.004729452231075767,0.6703336900596437,0.7419987579678697,0.4798752387694137,0.009186102464691348,0.7070747530717614,0.7070747530660022,0.002490515342245477
942,0.009036059734189974,0.005983327770469694,0.3385678635876511,0.9408795625152849,0.23302725085458034,0.010619515183158621,0.7070652549206614,0.7070652549073819,0.0021625179775869594
943,0.017738399752107798,0.016395759996338043,0.23459331479483667,0.971793447646044,0.17825415454819143,0.024136360655634095,0.7069004626486611,0.7069004626829176,0.0009528169202384023
944,0.7048602298118873,0.7048600234253554,0.0035560888391060514,0.0795723446840036,0.4936542270770407,1.446300005019415e-07,0.05632230378120384,0.05632230378029014,0.9968227506400718
945,0.706976653715576,0.7069766365100438,0.0,0.0192403581750928,0.4999913075438791,0.9998159560742763,0.013565654780651314,0.013565654780443071,8.464181848159677e-09
946,0.018149155590095722,0.016839354409027108,0.7608493797054592,0.6484560630422641,0.5251053882283852,0.0009269464759143106,0.7068900353911364,0.7068900354080353,0.024740583577941604
947,0.7070861513976611,0.7070861495057209,0.0008106370519087682,0.0075956926209830074,0.49934153747116805,1.3184531237888108e-09,0.005401466413083978,0.005401466412994603,0.9999708237349644
948,0.650605351350868,0.6505999440463156,0.02862767385770114,0.3906569414333107,0.44570928252826486,0.9200910880910709,0.2769768849544046,0.27697688495881145,3.852923678386778e-06
949,0.7071066340433098,0.7071066340298127,0.0003881201200110758,0.0005153307098221624,0.5002740363858971,0.9999997918984939,0.0004561814156886726,0.00045618141569281866,9.688447894228919e-12
950,0.707106659959394,0.7071066599482742,7.085688440280175e-06,0.0005855319441136937,0.5000129284097486,0.9999998285510526,0.0004140639229414919,0.0004140639229352599,7.84178838117329e-12
951,0.7071045769344851,0.707104582000662,0.0,0.0025011113262336463,0.4999767811331167,1.4016123785098707e-10,0.0017656220616199965,0.0017656220616473833,0.9999968825738764
952,0.707106761547587,0.7071067615457858,5.982474136371903e-05,0.00022797129876515727,0.4999592067962706,0.9999999722250423,0.00016665820223190177,0.00016665820222461008,1.267245386963989e-12
953,0.26186625891264415,0.26179069494913376,0.8532768969770401,0.3671651284727123,0.41867836063804986,5.369145805884757e-05,0.6568453754313807,0.6568453754541921,0.3702813830535931
954,0.19776829950111172,0.19766140051733944,0.8717910797712153,0.4022412008848604,0.4762863824326494,0.2796110223669988,0.6789026699351617,0.678902669911428,7.558385554033733e-05
955,0.7063534075684176,0.7063533331575664,0.0456193120805679,0.006979839655355533,0.5317622202818999,4.892002865117594e-08,0.03263311045790431,0.03263311045795267,0.9989345124699991
956,0.018848713882104844,0.01759114678119304,0.6951560276994331,0.7183963910635068,0.5048900129221415,0.025766828004299556,0.7068717272418524,0.7068717272363119,0.0008905249484290588
957,0.7070766060401392,0.7070766032723442,0.008771884221858543,0.002899024456256947,0.5061757883522893,1.98323985583909e-09,0.006532621816695577,0.006532621816675121,0.9999573239415764
958,0.07111608468098543,0.07079620735319586,0.6590979854672214,0.7453323051344953,0.41593125658494,0.00022621823708140592,0.7035376320944999,0.7035376320787073,0.10034714396164453
959,0.7070455560935751,0.7070455504780165,0.009481770788768667,0.00912508521995243,0.49326917271586596,0.9999134106723615,0.009305137225376195,0.009305137225160054,3.9521149477725265e-09
960,0.03070918378265167,0.029954665207152655,0.9831598304625666,0.17764124476835588,0.7169543903647508,0.04289581903082958,0.7064558245482496,0.7064558245494809,0.0005335088036009412
961,0.006775952631007375,0.0002424125067756071,0.8130902882789829,0.5820981109817395,0.5797274882711726,0.004861022589435577,0.7070905273357901,0.7070905273401022,0.0047268125905406974
962,0.7070636469382167,0.707063642983317,0.003780209367768742,0.01037853393913335,0.4972845601502264,2.7673271907418006e-09,0.007810376098102272,0.007810376098249185,0.9999389961644716
963,0.04864841248038382,0.04817703891302377,0.6846887837625427,0.7256125510728665,0.5185790582278357,0.06846593593128851,0.7054474838273777,0.7054474838330104,0.000332764693544212
964,0.7068755116243354,0.7068754904063479,0.007122253854604016,0.02456299096070527,0.4948438591580797,1.5309286818955354e-08,0.01808406791755187,0.018084067917879587,0.9996729129945923
965,0.7070579052093339,0.7070579007264192,0.009781465837948667,0.006524310492086656,0.5068870650640196,3.177126551350718e-09,0.008313955175994892,0.008313955175947043,0.9999308757602511
966,0.7070951275461489,0.707095126477354,0.004628222694677007,0.0033973912284648235,0.5032624304552202,0.9999835185079453,0.004059723664892113,0.004059723664917107,7.59144077666064e-10
967,0.7040977070838946,0.7040974304960663,0.0661270429331077,0.06419078032483268,0.4512570509904605,1.95294114965024e-07,0.06516610348173656,0.0651661034802266,0.9957443235661333
968,0.00893040827091044,0.005822478704330387,0.9742773279493185,0.22510005507283426,0.6826009835369214,0.010431888270472487,0.7070665974937675,0.7070665974704532,0.0021975343592092215
969,0.054053524855747034,0.053630155477129904,0.947967840931905,0.3091261804394307,0.6320035116052816,0.0002988117123077983,0.7050539067694332,0.7050539067499227,0.07614386276905433
970,0.7063340212938162,0.7063339451115335,0.025628232893239504,0.03908720337005,0.5176054629786297,5.022257712110431e-08,0.033050081607316484,0.03305008160763741,0.9989070948849426
971,0.7071064201990281,0.7071064201659139,0.000880277388373712,0.0004961705282395238,0.49937618438481773,0.9999994894631391,0.0007145185349412764,0.0007145185349596633,2.31970564050948e-11
972,0.7071043064630764,0.7071043009672382,0.0025437199582394286,0.0007377495017131885,0.4981958406172433,0.9999964926010695,0.0018728034538438526,0.0018728034537810415,1.5843644311613644e-10
973,0.7026425642070151,0.702642153434087,0.06016762357875336,0.09469576682735328,0.5393015471335729,2.9457078768768553e-07,0.07933294139970734,0.07933294139892724,0.993686353341845
974,0.06421883583590411,0.06386375304320766,0.966349207544579,0.24076247890624425,0.7288096196468249,0.09056806708555412,0.7042007391978041,0.7042007391961344,0.0002511041003031392
975,0.010160861372286901,0.0075759160830225335,0.5340089319255003,0.8453838317684156,0.3848022157011843,0.0018353460423160095,0.7070499849379486,0.7070499849309874,0.012540698275167399
976,0.7070984716056246,0.707098470843573,0.00026168167153720425,0.004841023277515807,0.4999550591347345,0.9999882479391096,0.0034281178269592993,0.003428117826906224,5.442626477221863e-10
977,0.7068229406882667,0.706822914653876,0.0016879616790688255,0.028281858452809384,0.4990903355940239,0.999598563058106,0.02003388045521104,0.020033880454895996,1.8338451852622663e-08
978,0.707077256251271,0.707077253543196,0.0027311140457451813,0.008720792971565377,0.5019119813794074,0.9999582435212058,0.006461857859192147,0.006461857859111991,1.922119398923136e-09
979,0.7071063333759734,0.7071063333349072,0.00015438713503483162,0.0011148192060437035,0.49989042125715877,2.9120138144875554e-11,0.0007958194674828524,0.0007958194674695302,0.9999993666711747
980,0.2875631054630317,0.28749654637769195,0.6186109853473285,0.6722898530544329,0.2343821409040065,0.4066285775577962,0.6460082034095218,0.6460082033844043,4.691462094354913e-05
981,0.04643155011450157,0.045937220889501855,0.019938736654948466,0.9976654397499767,0.02156337044915098,0.06531458384711751,0.7055968689366433,0.7055968689256745,0.00034963690339427373
982,0.007575161050683178,0.0033956975197817697,0.26594666093647534,0.9639520007293619,0.19350195885616425,0.0029543048549984306,0.7070824160452274,0.7070824160542001,0.007757957812038697
983,0.7070661587216341,0.7070661497271701,0.00975661232603913,0.004441065941896482,0.506853971555828,0.9999425410738458,0.007580057743197247,0.007580057743229073,2.6410905174621986e-09
984,0.6847518766309811,0.6847497929100655,0.22995752847321924,0.09670637858207425,0.3216885285460508,0.9683839173787688,0.17639811303078648,0.17639811302604347,1.4759170095781153e-06
985,0.7071059085662412,0.7071059137545456,0.0003208797641618195,0.0015379501970603587,0.499776490710526,5.687094631299159e-11,0.001110912830002728,0.0011109128299834653,0.9999987658719232
986,0.7070530939708871,0.7070530837780666,0.010783936401739146,0.005964326602483296,0.5075941141603656,3.4830055059491104e-09,0.008713967986474091,0.008713967986431287,0.9999240638787844
987,0.038403321238576114,0.03780332969096663,0.9874451691118248,0.14848613127105992,0.7253900146027915,0.00042444566936803514,0.7060793486512662,0.7060793486502283,0.053886238166631614
988,0.02090994139002253,0.019784018499067618,0.7089402301089864,0.704680861877287,0.5160601230878166,0.028774986372417547,0.7068137544485936,0.7068137544540162,0.000795736245757277
989,0.00810925719777882,0.004461568092163604,0.5211610670871719,0.8534081535293693,0.37425470487810075,0.002590651920321494,0.7070764931631641,0.7070764931561008,0.008885615609988682
990,0.06662795859757957,0.06628600181852001,0.30362454944396794,0.9481450385204648,0.2615662275712513,0.00024204630444443659,0.7039768750137585,0.7039768750050599,0.09398436209046761
991,0.05754470155956351,0.05714751128084244,0.4921606144492028,0.866718350366368,0.3889324726048539,0.08109964089237338,0.7047775426567496,0.7047775426640162,0.0002810165499163709
992,0.6524823242405663,0.6524771042488701,0.3577418495292133,0.14339182012952925,0.7148024528273221,0.9227456610582478,0.2725256363941645,0.27252563639517896,3.679642549707299e-06
993,0.010137959344660096,0.007545171001050966,0.04037076303020163,0.9991048461838846,0.02275308685727692,0.0018304308752562471,0.7070503136946857,0.7070503136835535,0.012504293144421103
994,0.691060205240438,0.6910587164845747,0.08256578340720047,0.1950808409713528,0.42978891258232416,1.0456446726868337e-06,0.14978925713248423,0.149789257129587,0.9773056619580034
995,0.006901009323167381,0.0013308580995922141,0.9749869824231897,0.22215082487621315,0.6845384551344498,0.003938582300902542,0.7070893171716154,0.7070893171514037,0.00582088323091427
996,0.7065812540732882,0.7065812058560185,0.03677556783028875,0.011554368183278362,0.47356966206280976,3.380116888834927e-08,0.027257529357924373,0.027257529357166906,0.9992567508836951
997,0.033218911526698654,0.03252289971798307,0.10238856530437711,0.9936575600305335,0.04877201367875958,0.04648647777032402,0.7063422559057235,0.7063422558738333,0.0004924160779134067
998,0.09612593796169086,0.09589152897479705,0.8843239366236577,0.4466942957284066,0.6932446942687588,0.00016579197538759403,0.7005585695451819,0.7005585695419543,0.13577685292847264
999,0.7068183812626029,0.706818349537108,0.028095638289158082,0.005122423607902419,0.5197056844962096,1.84979061096652e-08,0.020194109469009115,0.02019410946904266,0.9995921147575675
1000,0.7071063812767853,0.7071063812400983,0.0001734459576616683,0.0010493253458559806,0.5001072760798257,2.5907751349891665e-11,0.000752052917563373,0.0007520529175991314,0.9999994344162492
