traj,F_phi_plus,F_phi_minus,F_psi_plus,F_psi_minus,F_plusplus,F_ee,F_eg,F_ge,F_gg
1,0.35458119558948004,0.35453278612044353,0.6118059361968324,0.611777881043718,0.5246699547094698,0.5014193051023733,0.6117919087810921,0.6117919087810921,3.42146521419788e-05
2,0.058067852239436835,0.05767430889796542,0.7047507886431514,0.7047184718285032,0.504778221029164,0.00027742912994928407,0.7047346304210703,0.7047346304210703,0.08184206988851675
3,0.7067688705337662,0.7067688448044127,0.021858807397761013,0.02185780511444251,0.5017926722702525,0.999522100253276,0.02185830626184656,0.02185830626184656,2.2175460731900268e-08
4,0.009139881260267503,0.006139037425140489,0.7070801313991896,0.7070477088372858,0.5007741749937423,0.010802571178559135,0.7070639203040808,0.7070639203040808,0.002128300821423874
5,0.7070689888054613,0.7070689853387248,0.0073114582846596455,0.007311123019381955,0.5006010334677702,2.4527518970517596e-09,0.007311290653942535,0.007311290653942535,0.9999465436001802
6,0.7071066620078256,0.7071066619968936,0.0004105601193329771,0.0004105412909288363,0.5000337718882598,7.764368324792347e-12,0.00041055070523884375,0.00041055070523884375,0.9999998314481052
7,0.011594995344215648,0.009412647743615539,0.7070441302086127,0.7070117085897282,0.5009787567595068,0.014854777352705528,0.7070279195850122,0.7070279195850122,0.0015418963581642715
8,0.014113846146639533,0.012383878304034018,0.7069983306635377,0.7069659110241666,0.5011837905849206,0.018736667440546806,0.7069821210296832,0.7069821210296832,0.0012240841282391897
9,0.00948358620492958,0.006639995983142669,0.7070756044818237,0.7070431822687255,0.5008024332293098,0.0020106712598367297,0.7070593935611149,0.7070593935611149,0.011401103238167265
10,0.7070264578835682,0.7070264452470354,0.010658598469810474,0.010658109698675422,0.5008761931151603,5.16865603615288e-09,0.010658354087044712,0.010658354087044712,0.9998863930348839
11,0.7070806309616247,0.7070806285628862,0.006081505661723784,0.00608122676033357,0.5005001632741782,1.6932314654584944e-09,0.0060813662126275375,0.0060813662126275375,0.9999630163010911
12,0.7070941640465674,0.7070941628895657,0.0042243114827598535,0.004224117811448212,0.5003467883388315,0.9999821558513983,0.004224214648213961,0.004224214648213961,8.313028266556602e-10
13,0.70598347916902,0.7059833760642793,0.039843101295975174,0.03984127433208949,0.5032624362311919,7.377838145955068e-08,0.03984218782450427,0.03984218782450427,0.9984113381461104
14,0.7054464635740983,0.7054463111179459,0.04843038436852932,0.04842816361167824,0.50395918871703,0.9976518485118484,0.048429274002833075,0.048429274002833075,1.0826149742106136e-07
15,0.013159333382281571,0.011283890509581257,0.7070167422451609,0.7069843222766163,0.5011038168013706,0.001326589326654632,0.7070005324467187,0.7070005324467187,0.017283934761987915
16,0.01444882402415263,0.012764374094380936,0.7069915634248926,0.7069591441408154,0.5012094649203193,0.0011908779946932576,0.7069753539686827,0.7069753539686827,0.019242649799442613
17,0.008100837297395127,0.004446503233040266,0.7070928005636898,0.7070603767961295,0.500688652506815,0.008871658164844068,0.7070765888657632,0.7070765888657632,0.002586239997846515
18,0.7067066011206355,0.7067065644087417,0.023787219711278812,0.023786128993986046,0.5019538831694071,0.9994340339641671,0.02378667435888417,0.02378667435888417,2.573703903553963e-08
19,0.7049151268689481,0.7049149202584122,0.05563232151434444,0.05562977025677474,0.504540116650075,0.9969003829190161,0.05563104590018479,0.05563104590018479,1.4392973139250495e-07
20,0.023512075809319986,0.022516888215157738,0.7067481798668489,0.706715771927537,0.5019534533603339,0.0325474021801442,0.7067319760829557,0.7067319760829557,0.00070326032240166
21,0.6894822174337577,0.6894805801153405,0.15689655714455542,0.156889361789223,0.5124143338273037,1.174349789981299e-06,0.15689295950813803,0.15689295950813803,0.97507394515092
22,0.7066179867283513,0.7066179418853197,0.026288480476246233,0.026287275095881146,0.502155867336077,0.9993087085391946,0.026287877792972494,0.026287877792972494,3.180723103061068e-08
23,0.7070763223135943,0.7070763247886226,0.006563411740431132,0.006563110808342837,0.5005395573253141,0.9999569226735942,0.00656326127611174,0.00656326127611174,1.984030753754286e-09
24,0.7070540924895427,0.7070540876566156,0.008632330396259174,0.008631934533385562,0.5007105496071543,0.9999254835127167,0.008632132467091614,0.008632132467091614,3.3907800071199627e-09
25,0.011872589736429495,0.009752594818783511,0.7070395228658037,0.7070071015293646,0.5009998321952261,0.015291409477141658,0.7070233123834239,0.7070233123834239,0.0014980951075670573
26,0.6948676131785148,0.6948664861718673,0.13099837295466918,0.13099236678369588,0.5104712543685528,0.9826904019715358,0.1309953699036056,0.1309953699036056,8.109307076914632e-07
27,0.2903329015360875,0.29026722470419797,0.6447828613280745,0.644753292209594,0.5213789480277115,4.602170261925787e-05,0.6447680769383397,0.6447680769383397,0.41054628460657955
28,0.3230795891281434,0.3230234326918484,0.6290118151782047,0.6289829720181562,0.5231221295263183,0.4568638262131078,0.6289973937635087,0.6289973937635087,3.9690703775853825e-05
29,0.008538410610594564,0.005201232356319736,0.7070876516970236,0.7070552280722154,0.5007252726483937,0.009715157642701443,0.7070714400704728,0.7070714400704728,0.0023607171217334797
30,0.7071010741228183,0.707101073599401,0.0028410763057012626,0.002840946032027878,0.500233327529038,3.755365719248191e-10,0.002841011169611278,0.002841011169611278,0.999991928622961
31,0.2778703152280681,0.2778005313822289,0.6502513858222431,0.6502215683250213,0.5206357060100788,4.9249668872942706e-05,0.6502364772445477,0.6502364772445477,0.39291862375772524
32,0.02066423123400946,0.019524111924625817,0.7068371870947237,0.7068047747062164,0.50171957878921,0.0008059998332351787,0.7068209810862603,0.7068209810862603,0.028417455142535283
33,0.008274282875915149,0.004755172618468449,0.7070907921429646,0.7070583683423072,0.5007026411501089,0.0024922880851486855,0.7070745804284904,0.7070745804284904,0.00921216173559283
34,0.6860315898394234,0.6860296271493638,0.1713573981531035,0.17134954032885596,0.513517808160221,1.39925909677009e-06,0.1713534692860222,0.1713534692860222,0.9701937832852415
35,0.17345849418968326,0.17333421703411547,0.6855328217246534,0.6855013867603553,0.5136647812216121,8.801319447824785e-05,0.6855171044226891,0.6855171044226891,0.2452194758610052
36,0.10681038381936052,0.1066004044470012,0.6990252883635364,0.6989932345225884,0.5086389618576715,0.15090421510319202,0.6990092616267956,0.6990092616267956,0.00014894291828965024
37,0.7070800587072772,0.7070800562556783,0.006147686188021227,0.0061474042093340835,0.5005053846390674,1.7510188317447722e-09,0.006147545200294399,0.006147545200294399,0.9999622069738536
38,0.01043819301175149,0.007944135766468595,0.707062154769246,0.7070297335520301,0.5008827820950805,0.012997791061365296,0.7070459443464704,0.7070459443464704,0.001767086288712492
39,0.7071055773518178,0.7071055772413934,0.0013048502272535619,0.0013047903863433648,0.5001076583536634,7.650950025026502e-11,0.0013048203071415122,0.0013048203071415122,0.9999982974425168
40,0.008186944793992042,0.004601504719720794,0.7070918088581649,0.7070593850129828,0.5006967880392734,0.009043167630368797,0.7070755971214285,0.7070755971214285,0.0025339751290287317
41,0.16788023048586925,0.16775129970182576,0.6869203021081459,0.6868888033823304,0.5132601479744613,9.057652140282746e-05,0.6869045529257892,0.6869045529257892,0.2373273312021482
42,0.012341474223179945,0.01031831994133813,0.7070314931271358,0.7069990721450753,0.5010379046897824,0.0014320725012001605,0.7070152828219433,0.7070152828219433,0.01602276133394421
43,0.05456033026880244,0.05414096814638089,0.7050310316349018,0.7049987023824658,0.5044820989862102,0.00029658780721480315,0.7050148671939958,0.7050148671939958,0.07686342502478566
44,0.7071065657506282,0.707106560462027,0.0005587052548007985,0.0005586796314180798,0.5000459494959291,1.4525044208416347e-11,0.0005586924432563352,0.0005586924432563352,0.9999996878627053
45,0.009268256353237875,0.006328533660151431,0.7070784607536171,0.7070460376978028,0.5007852560166349,0.01102781337271134,0.7070622494115592,0.7070622494115592,0.0020828457296816053
46,0.007852058487790395,0.003975180287312411,0.7070956073556671,0.7070631832994141,0.5006680742248509,0.0027413504829657165,0.7070793955133967,0.7070793955133967,0.00836312611060374
47,0.7070013845737553,0.7070013801758501,0.012208844290067794,0.012208284514177574,0.501004291654326,6.78677481131489e-09,0.012208564405330977,0.012208564405330977,0.9998509398456823
48,0.020500643088135012,0.019350874499726247,0.7068419509735475,0.7068095384422652,0.5017079618410991,0.02817928757491027,0.706825744893697,0.706825744893697,0.0008126885638186252
49,0.07976623769355107,0.07948193301536771,0.7026255206894639,0.7025933015082165,0.5065012630362383,0.11260546088888639,0.7026094112835226,0.7026094112835226,0.00020131975802287628
50,0.7040846535776915,0.7040843758044927,0.06530843550412954,0.06530544078697666,0.5053326829885082,1.9589993004506105e-07,0.06530693816271885,0.06530693816271885,0.9957258697330214
51,0.013835339521132873,0.012065445516226646,0.7070038366405754,0.7069714162422372,0.5011602558580591,0.0012487714997140307,0.7069876266272447,0.7069876266272447,0.01831480717043633
52,0.7070198192877716,0.7070198113122546,0.011089923894353763,0.011089415416756941,0.5009138801710135,5.51683032215471e-09,0.011089669658469659,0.011089669658469659,0.9998770116637994
53,0.028008982727869787,0.027179344176217167,0.7065842364857523,0.7065518359608128,0.502324894117626,0.039024036079932614,0.7065680364090033,0.7065680364090033,0.0005869056898665133
54,0.12110967348745275,0.1209257584173376,0.6966900034815958,0.696658055998606,0.5097371338635476,0.00012974036602149874,0.6966740299232286,0.6966740299232286,0.17114489542046865
55,0.7071058962095261,0.707105896128355,0.001118776350178737,0.0011187250459781819,0.500092167405156,0.9999987483960975,0.0011187506983725511,0.0011187506983725511,5.6995621418736794e-11
56,0.7069191598546415,0.7069191479127769,0.016288823250219516,0.01628807632618819,0.501337165921786,0.9997346511983645,0.01628844979248523,0.01628844979248523,1.2295660004503384e-08
57,0.7071016686147442,0.7071016681458234,0.0026890342864535773,0.002688910977408509,0.5002211807879782,3.321477872972045e-10,0.0026889726326378713,0.0026889726326378713,0.9999927694000403
58,0.012524278238336234,0.010536300377455761,0.7070282783413664,0.7069958574522268,0.5010547261861006,0.0014039880946726164,0.7070120680826342,0.7070120680826342,0.016306440091732304
59,0.006774388288829893,0.0001938124982160585,0.7071067546252942,0.7070743296594161,0.5005800382864678,0.0048538545264678115,0.7070905423282188,0.7070905423282188,0.00472969303530243
60,0.021186555920453917,0.02007617693325718,0.7068217223079335,0.7067893107908663,0.5017625927164314,0.02917732123004356,0.7068055167351842,0.7068055167351842,0.0007790707633394526
61,0.7071005764760255,0.7071005811754021,0.0029623558063307577,0.002962219990453379,0.5002436326511596,4.023143719698344e-10,0.002962287899170435,0.002962287899170435,0.9999912248119003
62,0.014942310193427911,0.013320474226615945,0.7069813045380899,0.7069488859642434,0.501251032329909,0.0011463363177293194,0.70696509543699,0.70696509543699,0.0199848337642627
63,0.7071066889065458,0.7071066888975994,0.0003714388953028579,0.00037142186365862176,0.5000305252038432,0.9999998620394637,0.0003714303795783615,0.0003714303795783615,6.383857314405401e-12
64,0.006769264148767502,0.0,0.7071068035099966,0.7070743787345707,0.5005796438799278,0.004740183099509833,0.707090591308145,0.707090591308145,0.004829288888534947
65,0.7071029207800964,0.7071029204260266,0.002336648237143535,0.002336541088174766,0.5001923980638477,0.9999945403104756,0.0023365946632733403,0.0023365946632733403,2.496560017029288e-10
66,0.052651679755356104,0.05221679092274511,0.7051761529899649,0.7051438155922317,0.5043137308694877,0.00030598055867612925,0.7051599844764654,0.7051599844764654,0.07415321275704963
67,0.7070120437394342,0.7070120350494448,0.011575072148474825,0.011574541346770047,0.5009510100546419,0.9998660148726775,0.011574806750665152,0.011574806750665152,6.158311040027906e-09
68,0.7043906314747184,0.7043903871312307,0.06192083606568441,0.06191799650059041,0.5050541728475876,0.9961586077378682,0.061919416299414894,0.061919416299414894,1.7632758770091767e-07
69,0.7070904151697521,0.707090413668804,0.004811122288902894,0.004810901689571617,0.500395592895784,0.9999768538957555,0.00481101199050165,0.00481101199050165,1.0625896462839393e-09
70,0.010360880637114194,0.00784214927846155,0.707063293273444,0.7070308707209448,0.5008737318430162,0.0017787073694943449,0.7070470821830418,0.7070470821830418,0.012871804573404205
71,0.7005590498187099,0.7005584517411428,0.0960097030285436,0.09600530046356848,0.5077575838220123,0.9907396828668324,0.09600750177129182,0.09600750177129182,4.3207911383894887e-07
72,0.007780753847161752,0.003832381010777935,0.7070963957310104,0.707063971553895,0.5006627697989771,0.002793587539653932,0.70708018382831,0.70708018382831,0.008211159680592264
73,0.7071067311743261,0.7071067311697391,0.00026595947880319617,0.00026594728295676804,0.5000219270720281,0.9999999292687949,0.0002659533809498904,0.0002659533809498904,3.19067196184028e-12
74,0.7070912082409259,0.7070912068125574,0.004693106472236966,0.004692891260866175,0.5003867247101506,0.999977975519087,0.004692998867785216,0.004692998867785216,9.975986763275562e-10
75,0.6967007102099542,0.6966997486373507,0.12086960018405134,0.12086405748999857,0.5096985666744313,6.814420571164341e-07,0.12086682886879699,0.12086682886879699,0.9852829133593753
76,0.03044026580460032,0.029678846979410672,0.7064836629689157,0.7064512652914735,0.5025205448315855,0.0005387201849297159,0.7064674643159091,0.7064674643159091,0.04251062816131385
77,0.01734884866644758,0.015973461840375413,0.7069263388195629,0.706893922346165,0.5014455583728121,0.0009733374429647316,0.7069101307686776,0.7069101307686776,0.023562399017064296
78,0.7070986094577433,0.7070986087080567,0.0033996416179553164,0.0033994856855090374,0.5002793421574243,5.347174361051605e-10,0.003399563652626224,0.003399563652626224,0.9999884429001887
79,0.7070684203288435,0.7070684115421898,0.007366233719036038,0.00736589599772001,0.5006055158885975,2.5007929941170614e-09,0.007366064860313518,0.007366064860313518,0.9999457396163782
80,0.7071020142187738,0.7071020137815381,0.0025965565838395573,0.002596437511787252,0.5002133481506078,3.119349246314649e-10,0.002596497048495967,0.002596497048495967,0.9999932581803509
81,0.7070988580955778,0.7070988573688565,0.003347522614968292,0.0033473691057488942,0.5002755937245028,5.109593467678585e-10,0.0033474458612385584,0.0033474458612385584,0.9999887945434253
82,0.7071061025824226,0.7071061025201874,0.000979682963364479,0.000979638042792198,0.5000805349922353,4.43455822524957e-11,0.0009796605033358077,0.0009796605033358077,0.9999990402648362
83,0.7071067060438966,0.7071067007681643,0.00033723695246490613,0.00033722148588075475,0.5000277737808212,5.187839808738755e-12,0.00033722921926149994,0.00033722921926149994,0.9999998862764478
84,0.007253079259804001,0.0025987759669523535,0.7071020056282371,0.7070695813293433,0.500618846684135,0.0032996387769924323,0.7070857936646474,0.7070857936646474,0.006962268252285028
85,0.012753967603662226,0.010808341807799122,0.7070241719694895,0.7069917512321922,0.5010700814961705,0.016661037613401933,0.7070079617866777,0.7070079617866777,0.0013761417568137885
86,0.7053787165234572,0.7053785578318774,0.04940746485493189,0.04940519920102194,0.5040424998448935,1.1204463176505323e-07,0.04940633204096409,0.04940633204096409,0.9975560278543274
87,0.7071025140342344,0.7071025189110842,0.0024566644326978323,0.002456551742710133,0.5002024440786824,2.7384641900047886e-10,0.0024566080883501504,0.0024566080883501504,0.9999939650584896
88,0.008757715907868018,0.005553937388697774,0.7070849692784297,0.7070525457230986,0.5007430588300805,0.010119953912724806,0.7070687576866174,0.7070687576866174,0.002265025342681418
89,0.043023200383875734,0.042488906016222766,0.7058290819069045,0.7057967159379023,0.5035427795948474,0.06046618934122231,0.7058128991079266,0.7058128991079266,0.00037795803734195745
90,0.7071067391424631,0.707106739138607,0.00024385398240336882,0.0002438428003984672,0.5000201104752875,2.6894877660560252e-12,0.00024384839146501385,0.00024384839146501385,0.9999999405379593
91,0.5443906719375098,0.5443735176602789,0.4512842488611518,0.45126355526169687,0.5278306087440947,0.7698725415773328,0.4512739021800401,0.4512739021800401,1.2151440345668308e-05
92,0.7070789472810408,0.707078944728082,0.006274226822663676,0.006273939108357745,0.5005154925659053,1.8132584328238085e-09,0.006274082967159947,0.006274082967159947,0.9999606351081243
93,0.0067735822770740245,0.0001650214061532741,0.7071067619305669,0.7070743373812485,0.5005800011618285,0.004814199778522045,0.7070905498417666,0.7070905498417666,0.004767822293380747
94,0.01420848716841548,0.01249164612111482,0.7069964347697824,0.7069640152740331,0.5011918853668271,0.018879777204748958,0.7069802252077376,0.7069802252077376,0.0012150486118801698
95,0.013923511121874926,0.012166486289127655,0.7070021050968486,0.7069696852327105,0.5011682049560119,0.01844842092132475,0.7069858953506122,0.7069858953506122,0.0012423027385196593
96,0.020695560673349978,0.01955727663116688,0.706836270242813,0.7068038580647599,0.5017236115775259,0.028463073498149014,0.7068200643395746,0.7068200643395746,0.0008042021119036936
97,0.007280919018014209,0.0026754160253130974,0.7071017198035215,0.7070692952025703,0.5006217063576899,0.007033129065034791,0.7070855076889068,0.7070855076889068,0.0032718080949141865
98,0.7040516331334871,0.7040513523021226,0.06566348545083893,0.06566047427539426,0.5053495871050884,0.9956791696105421,0.0656619798803777,0.0656619798803777,1.981437530965087e-07
99,0.015049395243360913,0.013440493333709638,0.7069790330264019,0.7069466144669715,0.501257261831424,0.001139676633971623,0.7069628239325104,0.7069628239325104,0.020145279643390565
100,0.00835868391287954,0.0049005131033289405,0.7070897997930107,0.7070573756091088,0.5007102899822599,0.0024401796268090897,0.7070735878869188,0.7070735878869188,0.009377001056853717
101,0.7071066455960008,0.7071066455830798,0.00044634384012392337,0.00044632336974519387,0.5000367196864605,9.15101247445038e-12,0.0004463336050519139,0.0004463336050519139,0.999999800786293
102,0.7054348758629915,0.7054347170699498,0.04859897069321645,0.0485967421658089,0.5039784239779134,0.9976354528074967,0.04859785644228674,0.04859785644228674,1.0700034253789992e-07
103,0.7032070151003825,0.7032066564590393,0.07416467023928186,0.07416126963323326,0.5060267640075858,0.9944846443131365,0.07416296995574863,0.07416296995574863,2.562424317569315e-07
104,0.0871104627815684,0.08685086575375106,0.7017527536335032,0.7017205764324594,0.5071003332991703,0.00018340589043578813,0.7017366652174118,0.7017366652174118,0.12300923437430179
105,0.7034150301195047,0.7034146853910004,0.07216495254816477,0.07216164364575459,0.5058861555445433,0.9947788280869309,0.07216329811592506,0.07216329811592506,2.3448896952149195e-07
106,0.7069426928237101,0.7069426777700699,0.015233198852623241,0.015232500226878406,0.5012530409819607,0.999767933367317,0.01523284954375597,0.01523284954375597,1.0578046827234423e-08
107,0.7071035351700603,0.70710353487228,0.002142655158435317,0.002142556884860322,0.5001758711862295,0.9999954092288977,0.0021426060222112515,0.0021426060222112515,2.1533482610616222e-10
108,0.007192524870409571,0.0024245086941052573,0.7071026246292595,0.707070199899546,0.5006142101917292,0.00679762779640116,0.7070864124502647,0.7070864124502647,0.003376819918332415
109,0.7070973226157604,0.7070973217482155,0.0036575369445511945,0.0036573692216249304,0.5003011572867636,0.9999866229474655,0.0036574530840494898,0.0036574530840494898,6.084375332748876e-10
110,0.018143795801153842,0.016833576651341338,0.706906380433172,0.7068739652016514,0.5015140898359098,0.0009257966752531519,0.7068901730032163,0.7068901730032163,0.024732762148461988
111,0.7071065910063375,0.7071065962572444,0.0005186328877134066,0.0005186090967526114,0.5000426478897897,0.9999997310322295,0.0005186209923694309,0.0005186209923694309,1.2458799941647749e-11
112,0.009061806579883437,0.006022057776454068,0.7070811373669471,0.7070487137825138,0.500768083376168,0.0021516725578266385,0.707064925760585,0.707064925760585,0.01066544999322886
113,0.7069797117422671,0.7069797053563642,0.013405359505339682,0.013404744862107649,0.5011029728393345,8.126533327774388e-09,0.013405052187246465,0.013405052187246465,0.9998202884277302
114,0.6740499514462307,0.6740468446889045,0.21368399838299287,0.213674198150701,0.516452784325435,0.9532483862429192,0.213679098323032,0.213679098323032,2.237205902217941e-06
115,0.006783906019283175,0.00040722607619779575,0.7071066639248487,0.7070742384072041,0.5005808803053738,0.004489719377173654,0.7070904513518963,0.7070904513518963,0.0051019245260816425
116,0.7062721004976801,0.7062720239034995,0.034348628084019825,0.034347053128247026,0.5028146346888959,5.385286091292481e-08,0.03434784061516051,0.03434784061516051,0.9988195290892885
117,0.7071066930262412,0.7071066930181537,0.00035311319835927454,0.000353097002672162,0.5000290274668039,0.9999998753167805,0.00035310510060857327,0.00035310510060857327,5.7744433961252e-12
118,0.6954320319498548,0.6954309522794857,0.1279679280587375,0.12796206054176654,0.5102569205244438,7.615942997679193e-07,0.1279649943338821,0.1279649943338821,0.9834886478499264
119,0.007095615032610258,0.002119895916491414,0.7071036034707386,0.7070711790529363,0.5006064692104287,0.0065164233530088,0.7070873914476956,0.7070873914476956,0.003518229394471489
120,0.007306049305597927,0.0027430874392142092,0.7071014605213404,0.7070690359813129,0.5006240315722904,0.0032275915545564525,0.7070852484371868,0.7070852484371868,0.007105317572005898
121,0.019219003024558996,0.01798739131789053,0.706877962418962,0.706845548845537,0.5015997032517958,0.026308932210801723,0.7068617558180426,0.7068617558180426,0.0008697181200660039
122,0.7071067801191119,0.7071067801185308,9.466248326156996e-05,9.465814252362825e-05,0.5000077897390218,4.1409148502268293e-13,9.466031291748021e-05,9.466031291748021e-05,0.9999999910394267
123,0.018532809874822604,0.01725214866714096,0.706896288974814,0.7068638730039474,0.5015450272240988,0.025303778356000423,0.7068800811751965,0.7068800811751965,0.0009058015234368325
124,0.7071066024448508,0.7071065971596205,0.0005101503132107693,0.0005101269236977958,0.5000419830696786,0.999999739758556,0.0005101386185883319,0.0005101386185883319,1.190358202329803e-11
125,0.6516962619061715,0.6516909633689812,0.27440642897570927,0.2743938450795036,0.520393761936672,3.7931660449358143e-06,0.27440013709974315,0.27440013709974315,0.9216339455037886
126,0.021048125452438685,0.019930021712325784,0.7068258584977681,0.7067934467875797,0.5017473680250488,0.028975968360732088,0.7068096528284594,0.7068096528284594,0.000789046627431372
127,0.00783224387079349,0.003935836894344559,0.7070958274434472,0.7070634030664723,0.5006666153593007,0.0027512832598131005,0.7070796154408195,0.7070796154408195,0.008322577517496503
128,0.01371330042149543,0.011925366424445407,0.7070062132935199,0.7069737939920752,0.5011494982917422,0.01812890483074101,0.7069900038286226,0.7069900038286226,0.0012695599416380537
129,0.7071067788154747,0.7071067788152572,5.7909498628705414e-05,5.7906843236135794e-05,0.5000047758513438,0.999999996646643,5.7908170947641075e-05,5.7908170947641075e-05,1.5217221451063543e-13
130,0.6993626885542706,0.6993619690327346,0.10436875140891118,0.10436396517536224,0.5084294160124826,5.042989435272339e-07,0.10436635831957376,0.10436635831957376,0.9890476866673136
131,0.012733972538979867,0.010784739484961363,0.7070245323850103,0.7069921116556941,0.5010730114263238,0.016630684998528166,0.7070083222061888,0.7070083222061888,0.0013729453236412425
132,0.0073842482537373015,0.00294516892652629,0.7071006477015794,0.7070682236373843,0.5006300007366413,0.003139181866818464,0.7070844358553368,0.7070844358553368,0.0073038811248292215
133,0.012402691485767108,0.010391481869212047,0.7070304216271535,0.7069980008768812,0.5010419903023761,0.01611803154923354,0.7070142114378527,0.7070142114378527,0.0014208127238949197
134,0.10133288279361574,0.10111101039033114,0.6998403843576391,0.6998082929379567,0.5082075016457808,0.14314944939523483,0.6998243388317477,0.6998243388317477,0.00015714725395864348
135,0.007341148058653621,0.0028350528269582014,0.7071010977756017,0.7070686724393704,0.5006264619951233,0.003193747327266709,0.7070848852933554,0.7070848852933554,0.0071923540903027225
136,0.010385866350245814,0.007875140423816847,0.7070629265937407,0.7070305041369539,0.500877826803089,0.012911985367658448,0.7070467155511936,0.7070467155511936,0.0017789576738575588
137,0.7067695737745907,0.7067695375650184,0.02183622609639837,0.021835224604155032,0.5017950695800834,0.9995230873753537,0.021835725356018368,0.021835725356018368,2.1703732063620437e-08
138,0.2425809938663079,0.24249758158891657,0.6642250544232189,0.6641945960445896,0.518430455894529,5.880165495237108e-05,0.664209825408494,0.664209825408494,0.3430023501435586
139,0.020653305124968824,0.019512550278794564,0.7068375063489596,0.7068050940587602,0.501716589000012,0.0008055421826841571,0.706821300389649,0.706821300389649,0.028401579758166026
140,0.7070875981016144,0.7070875963420057,0.005208752180831693,0.005208513308657884,0.5004290011990822,1.2328167668431847e-09,0.005208632746114149,0.005208632746114149,0.9999728697768884
141,0.7071067802093425,0.7071067802092528,3.717664239600251e-05,3.717493759843485e-05,0.5000030600433104,6.395634771450172e-14,3.717579000699096e-05,3.717579000699096e-05,0.9999999986179602
142,0.013837174055457476,0.01206760069378535,0.7070037998578834,0.7069713803359721,0.501159693593569,0.0012493063864888368,0.706987590282756,0.706987590282756,0.018317576419885698
143,0.008830098717430866,0.005667395392526543,0.7070840689970795,0.7070516454663283,0.5007487813945198,0.010251024796044917,0.7070678574175571,0.7070678574175571,0.00223752196093751
144,0.007186392454393713,0.0024063937516716587,0.7071026865096208,0.7070702622536904,0.5006140426621869,0.006781200490220229,0.7070864745675122,0.7070864745675122,0.0033838273165290597
145,0.7071037102226723,0.7071037099409706,0.0020840795848214955,0.0020839840045285404,0.5001714788406001,0.9999956568020452,0.00208403179522297,0.00208403179522297,1.9913012109962737e-10
146,0.7044058324488155,0.7044055789595888,0.06174771518530007,0.06174488346584677,0.5050348226181894,1.7662791943089488e-07,0.06174629934180646,0.06174629934180646,0.9961800986945835
147,0.7071020889314792,0.7071020885011527,0.002576128356138238,0.0025760102363637395,0.5002121458242109,0.9999933638449576,0.0025760692969280033,0.0025760692969280033,3.0152348745463383e-10
148,0.01679600612904045,0.015371212583218323,0.7069396903723261,0.7069072741018528,0.5014023433147868,0.022745714089142,0.7069234824228973,0.7069234824228973,0.0010062249948500942
149,0.07586881566515818,0.0755694809210115,0.7030570770238599,0.7030248379748549,0.506194275620015,0.00021186366890291433,0.7030409576841541,0.7030409576841541,0.107083046047872
150,0.043087876887414896,0.04255439759830741,0.7058251364701219,0.7057927704824781,0.5035543672510012,0.00037757946850114365,0.7058089536618244,0.7058089536618244,0.0605582306160018
151,0.012664269832010834,0.010702358494230775,0.7070257841993177,0.7069933636673129,0.5010639927976785,0.0013892058086336831,0.7070095741191494,0.7070095741191494,0.01652253960316851
152,0.007260149108870986,0.002618539887496888,0.7071019327146932,0.7070695087724821,0.5006203958240646,0.003303497625302413,0.7070857209294408,0.7070857209294408,0.006975200270951448
153,0.017703985126147775,0.016358523445653955,0.7069175331753198,0.7068851171941977,0.5014758064805775,0.0009516955342382461,0.706901325370569,0.706901325370569,0.024085818530392173
154,0.007110957366713652,0.0021707315712779698,0.7071034492381205,0.7070710249227659,0.5006075390370823,0.0034730372960896216,0.7070872372663002,0.7070872372663002,0.006573872691628018
155,0.01986380618792196,0.018674811058198907,0.7068601356930105,0.706827722435764,0.5016538878829739,0.0008414259282287897,0.7068439292501815,0.7068439292501815,0.027250896622644544
156,0.7071067811064919,0.7071067811064845,1.0640792193350811e-05,1.0640304282592129e-05,0.5000008804419276,5.128462258477441e-15,1.064054824076805e-05,1.064054824076805e-05,0.9999999998867792
157,0.023051787684656835,0.0220357739229827,0.706763344173717,0.706730935431071,0.501917719353435,0.03188171911646418,0.7067471399881619,0.7067471399881619,0.0007184868042341276
158,0.027871999666946208,0.027038146803755134,0.706589653639232,0.706557252906349,0.502306129665881,0.03882735456775163,0.7065734534585122,0.7065734534585122,0.0005884493989653294
159,0.009031218229828785,0.005976095813493613,0.707081527321168,0.7070491051527418,0.5007649933871545,0.010609685668373508,0.7070653164227931,0.7070653164227931,0.002170528485221404
160,0.02174129313319729,0.02066080697730049,0.7068048748099031,0.7067724642152468,0.5018067473557094,0.0007651737267925782,0.7067886696983532,0.7067886696983532,0.029982783080039568
161,0.7070907144528074,0.7070907129792756,0.004766929668193094,0.004766711090518042,0.5003924468917921,1.0401606179874401e-09,0.0047668203806084004,0.0047668203806084004,0.9999772771652975
162,0.7061017524584047,0.7061016602253724,0.03768879710168802,0.037687069071093995,0.5030888411953661,6.494373692312697e-08,0.037687933096295013,0.037687933096295013,0.9985786095234834
163,0.029201535143781265,0.02840686042551419,0.7065359511687983,0.7065035529601049,0.5024182091906537,0.0005609731410503373,0.7065197522501585,0.7065197522501585,0.040735300046706203
164,0.7070793573808853,0.7070793548650003,0.006227834591158681,0.0062275489427280825,0.5005112847082999,0.9999612151031015,0.006227691768581129,0.006227691768581129,1.8171521712570298e-09
165,0.7071054520906859,0.7071054466999355,0.0013737711908379969,0.001373708190801133,0.500112718491653,8.903019405295123e-11,0.0013737396911807148,0.0013737396911807148,0.9999981128374805
166,0.04555859173902028,0.04505460480220192,0.7056699530135284,0.7056375944624516,0.5037499357931309,0.0640732059793877,0.7056537739234698,0.7056537739234698,0.0003563294097894302
167,0.027264684858143658,0.026411610270881476,0.7066133503146483,0.7065809486338243,0.5022612462821178,0.03795487119929383,0.7065971496599627,0.7065971496599627,0.000603271964977503
168,0.7071037192476042,0.7071037189667485,0.0020810149907083673,0.0020809195571457467,0.5001710536397665,1.9951923455860968e-10,0.0020809672744741326,0.0020809672744741326,0.9999956695658244
169,0.7068036162900581,0.7068035832092471,0.02070494536503197,0.02070399591099765,0.5016995965937898,0.9995712329747932,0.020704470643457255,0.020704470643457255,1.9739016822818238e-08
170,0.7071016430921728,0.7071016426208965,0.0026957379007099863,0.0026956142803881062,0.5002219448449734,3.3385723401909336e-10,0.002695676091257681,0.002695676091257681,0.9999927333040081
171,0.11385730529565043,0.11366098914397028,0.6979120141871771,0.6978800142165393,0.5091957042316135,0.16087972784355745,0.6978960143852665,0.6978960143852665,0.00013920948176810629
172,0.6684568321270147,0.6684531848362123,0.23058694603624902,0.23057637255953956,0.5176490574834973,2.5843469077151203e-06,0.23058165935850108,0.23058165935850108,0.9453381388309058
173,0.006795937456285685,0.000575004117296727,0.707106547395979,0.7070741228717666,0.5005818481681011,0.004444543598653691,0.7070903353197314,0.7070903353197314,0.00517314479336991
174,0.007308046258620256,0.002748252205086399,0.7071014404665874,0.7070690153442408,0.500624197370575,0.0070952760803526275,0.7070852280912809,0.7070852280912809,0.0032584486387476253
175,0.7070865633847261,0.707086566798685,0.005347382837962536,0.005347137624659398,0.5004395472933978,1.3150340945622867e-09,0.005347260232716584,0.005347260232716584,0.9999714063992061
176,0.7013356109558786,0.7013350794593588,0.09016155677298192,0.09015742235189074,0.5073043828247021,0.99183795696423,0.09015948958613523,0.09015948958613523,3.783448210815273e-07
177,0.006776148738953326,0.00024934465368805136,0.7071067372237694,0.7070743127905784,0.5005802564488314,0.004749692793473335,0.7070905251930314,0.7070905251930314,0.004839295698381022
178,0.7063799110349491,0.7063798390722583,0.0320549988652475,0.032053529122074875,0.5026282760699027,0.9989719957629286,0.03205426400208498,0.03205426400208498,4.70666693301749e-08
179,0.7064274419074218,0.706427384831367,0.03098963381095172,0.03098821259988137,0.5025432213275287,0.9990392250938522,0.030988923213563984,0.030988923213563984,4.377407292129872e-08
180,0.6168553643320174,0.6168464823857993,0.34568832373724256,0.3456724743088651,0.5242162950268076,6.357529991919791e-06,0.34568039911389087,0.34568039911389087,0.872358941775977
181,0.0231480450628083,0.022136468591960695,0.7067601974915363,0.7067277891874413,0.5019234376583062,0.0007136464160513707,0.7067439935252525,0.7067439935252525,0.032021023418147075
182,0.03708090311318408,0.03645901521385832,0.7061662270383892,0.7061338446954011,0.5030573395687324,0.05200058415153169,0.7061500360525172,0.7061500360525172,0.0004386501489446491
183,0.01691147230012032,0.015497283876210187,0.7069369379177038,0.7069045212082332,0.5014096066590811,0.022916447972086758,0.7069207297487822,0.7069207297487822,0.0010000576184511127
184,0.007157691579631809,0.0023191848800076416,0.7071029779186985,0.7070705533758636,0.500611078958093,0.003443749555456564,0.7070867658331408,0.7070867658331408,0.006689675347584582
185,0.7060165791411277,0.7060164790813329,0.039252149821461725,0.039250350034979606,0.5032259153770617,6.894670052986115e-08,0.039251249938536376,0.039251249938536376,0.9984581507286814
186,0.011330635824955602,0.00908497648736873,0.7070484164484204,0.7070159946506142,0.5009549385365762,0.014435793353058148,0.70703220573536,0.70703220573536,0.001589961081791733
187,0.7071067396565933,0.7071067396527849,0.0002423584287042689,0.00024234731702267812,0.5000199521352804,2.6834125094493123e-12,0.00024235287292715625,0.00024235287292715625,0.9999999412650827
188,0.006777984454570617,0.00029451418281711996,0.7071067198530908,0.707074295196426,0.5005803534649299,0.004836152381328544,0.7070905077106185,0.7070905077106185,0.004758092183246893
189,0.024938576811768507,0.02400276044009311,0.7066992765605877,0.7066668715785438,0.5020739669350802,0.0006601337132152114,0.7066830742553074,0.7066830742553074,0.0346067817865466
190,0.707106238337143,0.7071062330185139,0.0008804694014774455,0.000880429026227222,0.5000724703002513,3.5677231388443386e-11,0.0008804492140837728,0.0008804492140837728,0.9999992248088811
191,0.7032085379149843,0.703208179366508,0.07415022907611174,0.0741468286811305,0.5060414522557233,0.9944867979638667,0.07414852889811357,0.07414852889811357,2.543962471176021e-07
192,0.010903369265519675,0.008546027376481134,0.7070551360519738,0.7070227128886614,0.5009202458723796,0.0016666771614402454,0.7070389246561741,0.7070389246561741,0.01375282622944478
193,0.7071067433521979,0.7071067433487283,0.00023132391914024343,0.000231313312405664,0.5000190648142406,0.9999999464916964,0.00023131861583374806,0.00023131861583374806,2.422179040006216e-12
194,0.006835493442730469,0.000932480296152816,0.7071061663431466,0.7070737415782026,0.5005850419262383,0.0054964279586656355,0.7070899541465361,0.7070899541465361,0.004169264899658358
195,0.008966410724697038,0.005877521885352107,0.7070823535745207,0.7070499299757496,0.5007612364615516,0.0021911521030091546,0.7070661419609894,0.7070661419609894,0.010494790958291339
196,0.01774364674745487,0.016401593087349398,0.7069165352035531,0.7068841227528745,0.501480076837004,0.0009500137489225856,0.7069003291639839,0.7069003291639839,0.024144289792377652
197,0.2183272380603389,0.21823220714563912,0.6725880639472709,0.6725572221907511,0.5167926396019101,6.71388374502955e-05,0.6725726432457976,0.6725726432457976,0.30869414410884055
198,0.006795557323051446,0.0005705329592061171,0.7071065510176954,0.7070741265252593,0.5005817490451313,0.004405271397779147,0.7070903389573355,0.7070903389573355,0.005205640240087728
199,0.00949902418194622,0.006662144087514463,0.707075396146797,0.7070429750302194,0.5008039317677656,0.01142951981833215,0.707059185774336,0.707059185774336,0.001995419999487745
200,0.11786975692326036,0.11768048567765471,0.6972455114883677,0.6972135401886607,0.5095017813025865,0.00013435894742057632,0.6972295260217689,0.6972295260217689,0.1665591727723241
201,0.7069645798318571,0.7069645720547152,0.014181019306656007,0.01418036893616851,0.5011659410321962,0.9997988876910492,0.014180694125140763,0.014180694125140763,9.194714937402497e-09
202,0.06364074640879927,0.06328236373062893,0.7042693678136671,0.7042370732903296,0.5052092765779139,0.08974819220400414,0.7042532207371124,0.7042532207371124,0.0002532961070601429
203,0.7071048086103877,0.7071048084294521,0.0016702981612883904,0.001670221562161504,0.5001373834184328,0.9999972102281014,0.0016702598621640577,0.0016702598621640577,1.2812499394657705e-10
204,0.012566025724163718,0.010585916235313166,0.7070275372129813,0.7069951166716035,0.5010547973342186,0.001396694275372488,0.7070113271281261,0.7070113271281261,0.016371190248193716
205,0.7070828263905521,0.7070828189246401,0.005821269757046268,0.005821002823925187,0.500478591794001,1.5605713360401244e-09,0.005821136292015784,0.005821136292015784,0.9999661137981324
206,0.02226599941961192,0.021212319427734966,0.7067885380447818,0.7067561285690032,0.5018494762436259,0.000744129475279154,0.7067723334926622,0.7067723334926622,0.030743836618057508
207,0.7051959704317672,0.7051958002029349,0.05195084991207278,0.05194846760778693,0.504247515628038,1.2340057122698205e-07,0.05194965877358581,0.05194965877358581,0.9972975814202096
208,0.7071058129552871,0.7071058128664831,0.0011702181121254795,0.001170164451032242,0.5000963557052917,6.248856659270002e-11,0.001170191281886451,0.001170191281886451,0.9999986306514262
209,0.7071053145296319,0.7071053143951179,0.0014402618446381194,0.0014401958026996915,0.5001185195205733,9.511239575203157e-11,0.0014402288240474514,0.0014402288240474514,0.999997925738783
210,0.7071032426201149,0.7071032475639208,0.002237126527296123,0.0022370239422527423,0.500183947157824,0.9999949954818683,0.0022370752353624603,0.0022370752353624603,2.3050879700634875e-10
211,0.7070655962619588,0.7070655977515587,0.007632032912521684,0.007631682823661235,0.5006272687658212,2.6864544620773706e-09,0.007631857870098872,0.007631857870098872,0.9999417530490975
212,0.0363259723779758,0.03569088245424391,0.7062054664965708,0.7061730834085906,0.5030013946703589,0.05092360335255745,0.7061892751382012,0.7061892751382012,0.0004494231408333844
213,0.018530816104504588,0.017249998828295667,0.7068963414394106,0.7068639252745191,0.5015441980967962,0.0009086292969521976,0.7068801335427829,0.7068801335427829,0.025300750935019475
214,0.6959430658031431,0.6959420338082912,0.1251586416464524,0.12515290312464925,0.5100336727077562,0.9842113925677608,0.1251557724184405,0.1251557724184405,7.268131241630866e-07
215,0.7070468042347685,0.7070467987341567,0.009210016274668909,0.009209593986679815,0.5007573482530344,0.9999151758918446,0.009209805133094707,0.009209805133094707,3.9020643059500175e-09
216,0.707105736698524,0.7071057366027168,0.0012154273032003841,0.0012153715636456816,0.5000999615958036,0.9999985228031257,0.001215399433742568,0.001215399433742568,6.804415576360809e-11
217,0.00841364103745214,0.00499377675373341,0.7070891472747532,0.7070567237814068,0.5007142770663159,0.009482015006636696,0.7070729357139314,0.7070729357139314,0.0024121677361127764
218,0.024203486227111822,0.023237988614231143,0.7067248374616305,0.7066924304493838,0.5020083509782329,0.03354616505115163,0.7067086341412654,0.7067086341412654,0.000683864564092722
219,0.01743317844653158,0.016065032542630538,0.7069242637860156,0.706891847660763,0.5014548942016599,0.023686806467347478,0.7069080559091996,0.7069080559091996,0.0009675643248990897
220,0.7070953982040517,0.7070953971601086,0.004012395168526774,0.004012211192573418,0.5003308031324231,7.230760698931333e-10,0.004012303181604577,0.004012303181604577,0.9999839012935952
221,0.0745385862273878,0.07423376573326719,0.7031993657740732,0.7031671203655803,0.5060801744240453,0.00021567146954543594,0.7031832432546589,0.7031832432546589,0.10519793865630898
222,0.011167040291503557,0.008880082739129297,0.7070510194678665,0.7070185975001867,0.5009410630806596,0.001616140192888185,0.7070348086698706,0.7070348086698706,0.014175568743538206
223,0.007324085413010111,0.002790685815704598,0.7071012742688824,0.70706884938658,0.5006253122502318,0.003198282003634371,0.7070850620135952,0.7070850620135952,0.007155497654550022
224,0.007392514555246303,0.0029657832126879767,0.7071005615399506,0.7070681372601625,0.5006312511149417,0.007321286601104567,0.7070843495859139,0.7070843495859139,0.0031374996168996943
225,0.024273407460940567,0.023310807571109208,0.7067224393284661,0.7066900322561723,0.50201463031699,0.03364713219447021,0.7067062359780787,0.7067062359780787,0.0006801135713796784
226,0.7047296761974388,0.7047294525641419,0.05793443439455928,0.057931778085601716,0.5047283209145546,0.9966381040273068,0.05793310625530492,0.05793310625530492,1.5439480120119906e-07
227,0.006939263885160544,0.0015161421830832257,0.7071051557674329,0.7070727307828644,0.5005935307154983,0.005965461126351064,0.7070889434610129,0.7070889434610129,0.003855560132744929
228,0.00695434126358845,0.0015839696887006269,0.7071050070817096,0.7070725826521621,0.5005949791072742,0.006040493618386179,0.7070887950527939,0.7070887950527939,0.0037926584900061003
229,0.7070610139695074,0.7070610097715828,0.008045399977116688,0.008045031038735896,0.5006624509098601,0.9999352724125691,0.008045215510041144,0.008045215510041144,2.9715646905244317e-09
230,0.04039545292026349,0.039825690893244385,0.7059843584279188,0.70595198659921,0.5033285410906709,0.00040318854403422036,0.7059681726991138,0.7059681726991138,0.05672491261126309
231,0.7070872960628211,0.7070872942751306,0.005249597572626074,0.005249356776601412,0.5004320767291552,0.9999724426096737,0.005249477175994423,0.005249477175994423,1.2611151462364686e-09
232,0.7069293603774993,0.706929344103693,0.015839900413891727,0.01583917410281821,0.5013016273040535,1.1557971309859218e-08,0.015839537262518036,0.015839537262518036,0.9997490775782782
233,0.7071055032987454,0.7071055031815275,0.001344384765915177,0.0013443231114585554,0.5001104599952456,0.9999981927108538,0.0013443539390403144,0.0013443539390403144,8.383382247517092e-11
234,0.2844633329466691,0.28439576664997696,0.6473940449292613,0.6473643581545657,0.5209915942533455,0.4022441250129983,0.6473792017120814,0.6473792017120814,4.768422128367361e-05
235,0.7045486223621599,0.7045483926009177,0.060096338549750744,0.06009358308157547,0.5049149721790527,1.6197296581572917e-07,0.06009496083145605,0.06009496083145605,0.9963820509048249
236,0.7070056599457801,0.7070056506712525,0.011958675466722867,0.011958127137289864,0.5009822667118002,6.589707596464658e-09,0.011958401305149191,0.011958401305149191,0.9998569864117817
237,0.7070969408211442,0.7070969399185396,0.0037306243230051197,0.0037304532407825618,0.5003065032924415,0.9999860829835502,0.003730538782874569,0.003730538782874569,6.409091327533148e-10
238,0.01033785682636274,0.007811695163730384,0.7070636303888569,0.7070312077385543,0.5008747586211365,0.01283427279180329,0.707047419249554,0.707047419249554,0.0017819391120353048
239,0.3522282636780115,0.3521793158333231,0.6131637053015866,0.6131355888108042,0.5245381466337794,0.4980913761985455,0.6131496472173588,0.6131496472173588,3.451222334487506e-05
240,0.7071063407134656,0.707106335404225,0.0007939969819355606,0.000793960570850338,0.5000652519799141,2.9258749596703646e-11,0.0007939787766016715,0.0007939787766016715,0.9999993695975035
241,0.7071067741090145,0.707106774107882,0.00013214131326901035,0.00013213525379710656,0.5000108790395021,8.004603204428674e-13,0.00013213828356779217,0.00013213828356779217,0.9999999825394756
242,0.7066496934453468,0.7066496515090503,0.02542198788255986,0.025420822161392524,0.5020878078455995,0.9993535432131794,0.025421405028658094,0.025421405028658094,2.9596065239022785e-08
243,0.7071067714740324,0.7071067714731415,0.0001172042245253818,0.0001171988488644589,0.5000096463900828,0.9999999862637997,0.00011720153672574094,0.00011720153672574094,6.333469534773729e-13
244,0.7071041065624485,0.7071041115854746,0.0019449497345194276,0.0019448605405033746,0.5001599598400195,1.7511409216275793e-10,0.00194490513802271,0.00194490513802271,0.9999962173368506
245,0.7069967503427667,0.7069967402510071,0.01247434465010325,0.012473772675791162,0.5010258189085115,7.056390317239232e-09,0.012474058666225559,0.012474058666225559,0.9998443857524943
246,0.7070105780683957,0.7070105639746581,0.011664580071097186,0.011664045137046278,0.5009594275970236,0.9998639345544996,0.011664312607138294,0.011664312607138294,6.200655296786359e-09
247,0.007912743425424416,0.004093671652948638,0.7070949312876846,0.7070625067782084,0.5006730734918826,0.0084921043439749,0.707078719218808,0.707078719218808,0.0026932915907513853
248,0.7064868679492838,0.7064868058111938,0.0296039391753233,0.02960258196947819,0.5024281727648294,3.983338908861755e-08,0.029603260580178647,0.029603260580178647,0.9991232626288122
249,0.707106783689431,0.7071067836891775,6.254060658860121e-05,6.253773907210811e-05,0.5000051430438051,1.821571161194953e-13,6.253917284678968e-05,6.253917284678968e-05,0.999999996088852
250,0.7071067815775525,0.7071067815771049,8.305569585492903e-05,8.305188614681317e-05,0.5000068459943935,3.14857510412305e-13,8.305379102271522e-05,8.305379102271522e-05,0.9999999931020677
251,0.7071061556150506,0.7071061555576763,0.0009406234331878001,0.0009405803014980993,0.500077593455891,0.9999991152677353,0.0009406018675901777,0.0009406018675901777,4.0002893594592204e-11
252,0.007875029461053838,0.004020342874567022,0.7070953520163815,0.7070629278296148,0.5006706167463977,0.008413168701827107,0.7070791401088559,0.7070791401088559,0.002719896732625071
253,0.7070999360189562,0.7070999353906952,0.0031126870998481044,0.003112544376387868,0.5002559261730133,0.9999903115763277,0.0031126157389360283,0.0031126157389360283,4.465370707385113e-10
254,0.007248958222335682,0.0025872374459325795,0.7071020479410272,0.7070696235906951,0.5006189876743051,0.0032914472251029973,0.7070858359517189,0.7070858359517189,0.006957554748269368
255,0.018232964883997862,0.016929608352382657,0.7069040871016642,0.7068716708084581,0.5015194136577344,0.000926853760571154,0.7068878791408786,0.7068878791408786,0.024863499140963224
256,0.05360768815383556,0.053180713474045106,0.705104114095483,0.7050717805803786,0.5043984409787813,0.07551080138320464,0.7050879475232724,0.7050879475232724,0.00030230658872532935
257,0.3873848121088387,0.3873433850695338,0.591578483417773,0.5915513564749871,0.526029560433536,2.9346615533241388e-05,0.5915649201018726,0.5915649201018726,0.5478155617984046
258,0.7071022485523103,0.7071022534049222,0.0025319321108674877,0.002531816001752665,0.5002081357836529,0.9999935895932132,0.0025318740569756576,0.0025318740569756576,2.934593560770655e-10
259,0.014876510787890115,0.013246592213977575,0.7069826927122883,0.7069502736616224,0.5012440010167348,0.001155967509642921,0.7069664833727838,0.7069664833727838,0.019885837024338826
260,0.03499446162913943,0.03433457587490855,0.7062727071744326,0.7062403186276598,0.5028874872955376,0.00047103540061086416,0.7062565130867116,0.7062565130867116,0.049022990227795535
261,0.014610008230064734,0.012946587505197137,0.7069882501654254,0.7069558314771279,0.5012258778498054,0.01948539109586435,0.7069720410070994,0.7069720410070994,0.0011772860117645052
262,0.7066598566828385,0.7066598104158704,0.025137866715515194,0.025136714162010385,0.5020619906529654,2.914508580839651e-08,0.025137290445368415,0.025137290445368415,0.9993679168645209
263,0.7070761719611263,0.7070761638845786,0.00658015700930075,0.006579855245844005,0.500541213404923,0.9999567025820039,0.006580006129302263,0.006580006129302263,1.985930614658212e-09
264,0.006894097218520147,0.001294202393700688,0.7071055968100977,0.7070731726091308,0.5005900987711199,0.003970993072533274,0.7070893848954694,0.7070893848954694,0.005782278989478163
265,0.09086659475859821,0.09061808394891543,0.7012762387463378,0.7012440815842731,0.5073705522876459,0.12832904610647158,0.7012601603496316,0.7012601603496316,0.00017589260858798264
266,0.6920292459445857,0.6920278478713732,0.14524963948495484,0.1452429783409921,0.511562260633654,0.9786761565866032,0.14524630895115934,0.14524630895115934,9.956636176152279e-07
267,0.7071063619100253,0.7071063671399237,0.0007700654300172697,0.0007700301158202552,0.5000634064528152,2.710441270799785e-11,0.0007700477731212001,0.0007700477731212001,0.9999994070262624
268,0.7070666793873112,0.7070666809775549,0.007531009330915271,0.007530663994693932,0.5006194545607566,0.9999432848908264,0.007530836664784084,0.007530836664784084,2.5959535852764517e-09
269,0.02413784989304868,0.023169601444483098,0.7067270828041748,0.7066946753744051,0.5020039057561182,0.03345140699912836,0.7067108792750524,0.7067108792750524,0.0006852724525400697
270,0.38409037248496514,0.3840482865516265,0.5937229266221447,0.5936957013187526,0.5258697929258193,0.5431560547018768,0.5937093141265051,0.5937093141265051,2.9657570485910154e-05
271,0.009762764983225166,0.007032917626353818,0.7070718054551868,0.707039382509828,0.5008273417754829,0.011876738373320381,0.7070555941683571,0.7070555941683571,0.0019278475220994345
272,0.008845631824288278,0.0056915369130001,0.7070838750866574,0.7070514513096492,0.5007497789766643,0.0022356614338842344,0.7070676633840093,0.7070676633840093,0.010278161863856612
273,0.010331621533941612,0.0078034485718678406,0.7070637214497606,0.7070312988803804,0.5008727999599308,0.012823914730466346,0.707047510350918,0.707047510350918,0.0017842152673151843
274,0.7070749622399597,0.7070749593219622,0.00670834553712992,0.006708037966467032,0.5005513104465463,0.9999549991508595,0.006708191753561242,0.006708191753561242,2.0725520851477468e-09
275,0.7070953345784096,0.7070953387966256,0.004023593238074885,0.00402340868507758,0.5003310264120718,7.437055937086573e-10,0.0040235009626343856,0.0040235009626343856,0.9999838113089672
276,0.006955164401742374,0.0015874765289941362,0.7071049992174545,0.7070725745552185,0.500595493973662,0.0038216649638423174,0.7070887870721971,0.7070887870721971,0.006024057639441219
277,0.029954536300402047,0.029180445582189355,0.7065044243380322,0.7064720275814387,0.5024859227846227,0.0005479501553076095,0.7064882261454339,0.7064882261454339,0.04181473886545645
278,0.01865349083053724,0.017381771862870602,0.7068931135659086,0.7068606986385878,0.501554017913315,0.025480755975897697,0.7068769062880529,0.7068769062880529,0.0008998823003988242
279,0.7067255183302752,0.7067254833468799,0.023218337324573107,0.023217272466903714,0.501906697194176,2.4599813953322e-08,0.023217804901843223,0.023217804901843223,0.9994607881608347
280,0.7071037834816775,0.7071037832067536,0.002059071318438973,0.0020589769048956104,0.5001692976537389,1.9494263148812706e-10,0.0020590241122084418,0.0020590241122084418,0.9999957604107165
281,0.30503406444290965,0.3049728738091603,0.6379588907136442,0.6379296352494062,0.5221755520013459,4.279045272714548e-05,0.6379442631492286,0.6379442631492286,0.43134004265655235
282,0.006939716025547642,0.001518431057329347,0.7071051508560272,0.7070727263453779,0.5005933836671005,0.005973451550119492,0.7070889387865614,0.7070889387865614,0.0038448885509829987
283,0.7061384104907639,0.7061383163489513,0.03699565087773374,0.03699395450547636,0.5030254223073448,6.357585005124077e-08,0.03699480270132831,0.03699480270132831,0.9986304467350139
284,0.707106150056399,0.7071061499985041,0.0009447932541726686,0.0009447499232666103,0.5000775791216933,4.171660107712371e-11,0.0009447715889680552,0.0009447715889680552,0.9999991074062466
285,0.6699954893183553,0.669991991549285,0.22607682601235973,0.2260664599029624,0.5173590177450225,0.9475142344266989,0.22607164301707602,0.22607164301707602,2.430344430350708e-06
286,0.00921546664681329,0.006251000623810275,0.707079150443004,0.7070467277164081,0.5007815000356756,0.01093688522855116,0.7070629392655512,0.7070629392655512,0.002093890115288808
287,0.12565832021756201,0.12548148526297825,0.6958838961035053,0.6958519861005628,0.5101006647496763,0.00012504024211314597,0.6958679412849439,0.6958679412849439,0.17758265948183186
288,0.024444802559197662,0.023489247955690653,0.7067165310295722,0.7066841243638051,0.5020269600802667,0.033894555807962204,0.7067003278824451,0.7067003278824451,0.0006724791915072219
289,0.33795226147118623,0.3378999098405409,0.6211470445311239,0.6211185627289741,0.5238929000292866,0.4778996534121374,0.6211328037933019,0.6211328037933019,3.704448382105664e-05
290,0.043231729750274325,0.04270007752586004,0.7058163382773806,0.7057839737078219,0.5035611746837134,0.060762970741255785,0.7058001561781115,0.7058001561781115,0.00037478608899773545
291,0.6974592587491897,0.6974583677475121,0.11641230716284377,0.11640696879925579,0.5093602862404673,0.9863557128924606,0.11640963801165093,0.11640963801165093,6.319329272128872e-07
292,0.7068064467545949,0.7068064192013527,0.020607905661687357,0.020606960623614393,0.5016941653055774,0.9995752434900008,0.020607433148068205,0.020607433148068205,1.9340726236451133e-08
293,0.7071060438138738,0.7071060437462585,0.001021223537437957,0.0010211767188972691,0.5000841534237445,4.7322673311623464e-11,0.001021200128435922,0.001021200128435922,0.9999989571497533
294,0.7055428274447735,0.7055426838473879,0.04700554509228035,0.047003389678110234,0.5038429376783855,1.019774740739401e-07,0.04700446739755001,0.04700446739755001,0.9977881338687742
295,0.7070786315139826,0.7070786289324109,0.006309715291517183,0.0063094259890735934,0.5005198486935214,1.8035166927232512e-09,0.006309570641953504,0.006309570641953504,0.9999601885258357
296,0.699642329233008,0.6996416410258759,0.10247718840118826,0.1024724897004291,0.5082647737953352,4.914993864260815e-07,0.10247483907773944,0.10247483907773944,0.9894431841756899
297,0.010400084266196824,0.007893834608723997,0.7070627181340896,0.707030295141059,0.5008778216805234,0.0017736746983362877,0.7070465068234268,0.7070465068234268,0.01293555007096201
298,0.14807114613634823,0.14792300978136685,0.6914613388883203,0.6914296317644154,0.5117945179184343,0.2092994748384609,0.6914454855081144,0.6914454855081144,0.00010475330368926719
299,0.7059516503284053,0.70595154429251,0.04040318194158602,0.04040132916854764,0.5033038798082605,0.9983663232953991,0.04040225556568743,0.04040225556568743,7.589775316169905e-08
300,0.02727750346050426,0.026424804893424938,0.7066128570061138,0.7065804538797832,0.5022659958421538,0.03797325565725613,0.7065966556286916,0.7065966556286916,0.0006036252828225821
301,0.7071064623944926,0.7071064623652608,0.0006714769439096658,0.0006714461602866368,0.5000552649928723,2.0616403116839565e-11,0.0006714615522745636,0.0006714615522745636,0.9999995491392825
302,0.7071022904696704,0.7071022953261886,0.002520197406713861,0.002520081853010348,0.5002074997397808,0.9999936488760746,0.002520139630524403,0.002520139630524403,2.876676378094118e-10
303,0.6867495538649931,0.6867476540357136,0.16845669970778837,0.1684489759610052,0.5132917876454709,0.9712091859221041,0.16845283787866458,0.16845283787866458,1.3285337295697081e-06
304,0.7070527703629623,0.707052765408359,0.00873996157841851,0.008739560747562769,0.5007181349829986,3.52811620014172e-09,0.008739761165288549,0.008739761165288549,0.9999236136573376
305,0.014396868261198794,0.012705569074234375,0.7069926226754167,0.7069602041022364,0.5012039729156302,0.001194735230886511,0.7069764135746469,0.7069764135746469,0.019164391615709774
306,0.2314378076248592,0.23134933315027195,0.6681897087749593,0.6681590687866144,0.5177443642430943,6.265436705556356e-05,0.6681743889564165,0.6681743889564165,0.32723992415330955
307,0.07055956643003591,0.07023710043141825,0.7036097993369537,0.703577534944188,0.5057493951461625,0.00022854750998943635,0.7035936673255128,0.7035936673255128,0.09955827622508454
308,0.016235918830101722,0.01475706283927913,0.7069527771332095,0.7069203596868194,0.5013581535939194,0.0010462757953449901,0.7069365685958324,0.7069365685958324,0.02191532045990111
309,0.007989348162350637,0.004239924101932595,0.7070940694445186,0.7070616453435589,0.5006794543950389,0.0026461438949968515,0.7070778575798958,0.7070778575798958,0.008648963113366558
310,0.7028557606311343,0.702855369494766,0.0774230558193194,0.07741950495614859,0.5062931749119233,0.9939878725014296,0.0774212804080912,0.0774212804080912,2.768863705051727e-07
311,0.1389088419094697,0.1387500602706348,0.6933602388188177,0.6933284457162872,0.5110788823036485,0.0001124665289269325,0.6933443424497855,0.6933443424497855,0.19633449247907184
312,0.2381314308712046,0.23804604618358455,0.6658333724711911,0.6658028405754504,0.5181583948929842,5.9932621072758396e-05,0.6658181066983305,0.6658181066983305,0.3367083218356458
313,0.6655916182271985,0.6655876915954424,0.23873211932339566,0.23872117154892017,0.5181747833151458,2.759467878363348e-06,0.23872664549891479,0.23872664549891479,0.9412859169508679
314,0.7070886600036246,0.7070886530727021,0.005063269282946909,0.005063037099211628,0.5004172032565528,0.9999743641511517,0.005063153192410191,0.005063153192410191,1.1565582535631961e-09
315,0.7071063741511794,0.7071063793821964,0.000758740783527935,0.0007587059847987538,0.5000624761555243,2.620166402032614e-11,0.0007587233843628493,0.0007587233843628493,0.9999994243386596
316,0.7067641167340414,0.706764080030389,0.022012159794008574,0.022011150449701724,0.5018101536948505,0.9995153696052311,0.022011655127640587,0.022011655127640587,2.2099339286983243e-08
317,0.7045106979213517,0.7045104593735674,0.06053934780979592,0.06053657170967194,0.5049445164030693,1.6732873790288635e-07,0.06053795977564696,0.06053795977564696,0.9963284151585547
318,0.05906749959255945,0.05868075477016759,0.7046677011326703,0.7046353883334855,0.5048466057850333,0.0002731443730055729,0.7046515449182967,0.7046515449182967,0.08326059020127743
319,0.7071063827190943,0.7071063826825414,0.0007507127362642727,0.0007506783058900893,0.5000617107093229,2.605906989599597e-11,0.0007506955212745732,0.0007506955212745732,0.9999994364560769
320,0.03303009793111758,0.032330004325619464,0.7063673058829227,0.7063349153416203,0.5027338234319851,0.0004952504757324128,0.7063511107979349,0.7063511107979349,0.04621656927985979
321,0.7070964646791552,0.7070964690012586,0.0038198136636361907,0.003819638496106971,0.5003147946577278,6.586734157259464e-10,0.0038197260808757,0.0038197260808757,0.999985409586228
322,0.7071065536867818,0.7071065536659167,0.0005672413142833812,0.0005672153038725541,0.5000467549208243,1.4597206595724937e-11,0.0005672283092270571,0.0005672283092270571,0.9999996782519922
323,0.043471951701187554,0.04294328450479629,0.7058015828433747,0.7057692182604104,0.5035815256788537,0.00037396953455105396,0.705785400737407,0.705785400737407,0.06110479816388572
324,0.03291036374245619,0.03220763257497317,0.7063728961419122,0.7063405042600464,0.5027164424836165,0.0004993551951728616,0.7063567003866565,0.7063567003866565,0.046045350277029086
325,0.007212495224691329,0.002483268644507831,0.7071024207120503,0.7070699964738114,0.5006157497490576,0.003345685946111996,0.7070862087787873,0.7070862087787873,0.006855151000330682
326,0.08947988355672735,0.0892273863514277,0.7014545413103379,0.7014223766309983,0.5072735204014486,0.1263651229073367,0.7014384591550334,0.7014384591550334,0.00017818262017475
327,0.7070904969057741,0.7070904954120091,0.004799093455895667,0.004798873361997289,0.5003946197622063,1.0587814483728265e-09,0.0047989834102082395,0.0047989834102082395,0.9999769694930256
328,0.018555036242545172,0.017276068457799335,0.7068957047957279,0.7068632899154159,0.5015462851134264,0.025336554333770384,0.7068794975413755,0.7068794975413755,0.0009005141934668732
329,0.10130410593352973,0.10108216645717254,0.6998445510428248,0.6998124592496313,0.5082170822387436,0.00015589030521578995,0.699828505330181,0.699828505330181,0.14310870676824697
330,0.007041151276953216,0.0019297645168148386,0.7071041479222915,0.7070717235109146,0.50060184675259,0.003615422292905109,0.707087935902461,0.707087935902461,0.00634275366376957
331,0.7057647372546644,0.7057646140508651,0.04354663653640018,0.04354463971437215,0.50355744545392,0.9981019761519886,0.04354563813683192,0.04354563813683192,8.819617006194108e-08
332,0.06989983478114124,0.06957425504971651,0.7036756519348352,0.7036433848886607,0.505718330062486,0.09862307350161725,0.7036595185967031,0.7036595185967031,0.00023054199826128748
333,0.07184265309088961,0.07152610507895027,0.7034799331126896,0.7034476762324696,0.5058654494650751,0.10137702339121721,0.7034638048574696,0.7034638048574696,0.00022279865248290423
334,0.7067393426884991,0.7067393037091442,0.022793784080714984,0.022792738820539775,0.5018722051777204,0.9994803322048657,0.022793261456619116,0.022793261456619116,2.385240648653703e-08
335,0.014526032148554795,0.012851714959789859,0.7069899811331096,0.7069575619441534,0.501216777441415,0.01935914222441959,0.7069737717244596,0.7069737717244596,0.001181439682433541
336,0.2825844156338034,0.28251622926891495,0.6482164620619171,0.6481867385567994,0.5209020050876514,4.809521652428787e-05,0.6482016004797312,0.6482016004797312,0.3995864962156233
337,0.010262780309078342,0.007712069106275645,0.7070647240458925,0.7070323014829816,0.5008667462030566,0.012709658350225025,0.7070485129502841,0.7070485129502841,0.0018070014368928248
338,0.7071021514236955,0.7071021562674381,0.002558916268987164,0.0025587989333867816,0.5002106609977548,0.9999934522263373,0.0025588576018595217,0.0025588576018595217,3.011833627550792e-10
339,0.007947761129188085,0.004161060118951601,0.7070945379358344,0.7070621140284258,0.5006771370036133,0.008565721738999233,0.7070783261679848,0.7070783261679848,0.0026664092074754654
340,0.7070975135082048,0.70709751265816,0.0036204409458600465,0.003620274922346273,0.5002986753931458,0.9999868929225239,0.0036203579350548554,0.0036203579350548554,5.948831698327202e-10
341,0.7070881551929498,0.7070881534843635,0.00513256291463301,0.005132327525627788,0.5004217088747467,1.2211088234322237e-09,0.005132445221479854,0.005132445221479854,0.9999736576590886
342,0.012518465367093098,0.010529387215631143,0.7070283813291116,0.7069959604020756,0.5010512328949668,0.016297379205384085,0.7070121710514315,0.7070121710514315,0.0014054897081517287
343,0.7071022178835225,0.70710221746447,0.0025419495199955787,0.002541832948121562,0.5002092391884172,2.9612615603942376e-10,0.0025418912347268236,0.0025418912347268236,0.9999935387680775
344,0.7071067624295452,0.7071067624273415,0.00018433692992546422,0.000184328476846265,0.5000151729457367,0.9999999660214542,0.00018433270343431952,0.00018433270343431952,1.5580923864010106e-12
345,0.020863492467697985,0.01973491731575052,0.706831332807578,0.7067989209683663,0.5017359746218869,0.0007976299665097287,0.7068151270737577,0.7068151270737577,0.028707421790291905
346,0.7070812109506865,0.7070812086053231,0.006013687490684857,0.00601341171970568,0.5004941051139238,0.9999638365672301,0.006013549606776067,0.006013549606776067,1.6748308810356809e-09
347,0.0067727403540206255,0.00012591628489468912,0.7071067699754328,0.7070743454467047,0.5005799173300571,0.004747358710648569,0.7070905578969273,0.7070905578969273,0.00483202351999238
348,0.012680571998310748,0.010721622693457302,0.7070254923316552,0.7069930714609557,0.5010661794417057,0.01654809835156156,0.7070092820821435,0.7070092820821435,0.0013822229676311295
349,0.7021230359876357,0.7021225772351078,0.08380863044298174,0.08380478706794477,0.5067998445229406,0.9929515955612642,0.08380670877749542,0.08380670877749542,3.2364637950418515e-07
350,0.7070227975575382,0.7070227845848034,0.01089871909678139,0.010898219286104608,0.5008970782493564,0.9998812163144389,0.010898469194308206,0.010898469194308206,5.396342678017269e-09
351,0.7070924703533783,0.7070924637718178,0.004499741892861769,0.004499535530284122,0.5003707185498399,0.9999797530464871,0.004499638712755972,0.004499638712755972,9.180259607113984e-10
352,0.7061976432409452,0.7061975597991946,0.03584698779065601,0.035845343922680246,0.50293501226427,5.9514723658514265e-08,0.03584616586609139,0.03584616586609139,0.9987142257850337
353,0.7026434308069877,0.7026430148139657,0.07932713112887566,0.07932349303538125,0.5064452841319705,2.9054919991424816e-07,0.07932531210298518,0.07932531210298518,0.9936875714828266
354,0.01741366342884086,0.016043885671656162,0.7069247440375482,0.7068923286653953,0.501454115135427,0.0009670692594772655,0.7069085365372733,0.7069085365372733,0.0236581216182836
355,0.025808355776993648,0.02490534903696609,0.7066680434187846,0.7066356407456919,0.5021368033780754,0.03586003420060033,0.7066518422679616,0.7066518422679616,0.0006368561036566404
356,0.7071067480684119,0.7071067480653745,0.00021642646403955383,0.00021641653998033736,0.5000178266672979,2.1331174943346992e-12,0.00021642150206682942,0.00021642150206682942,0.999999953161736
357,0.01944326086649524,0.01822683107661187,0.7068718289965348,0.7068394157139788,0.5016171232994178,0.0008615025395519294,0.7068556225410483,0.7068556225410483,0.026636733613419557
358,0.6961629955402843,0.6961619787294953,0.12392941285841798,0.12392373047824856,0.5099376507441348,7.215887474382422e-07,0.12392657170090243,0.12392657170090243,0.9845224271962517
359,0.26772523701679773,0.2676518604481439,0.6544940653654877,0.6544640536074502,0.5200081110275379,5.1831893432373594e-05,0.6544790596584963,0.6544790596584963,0.3785687761167158
360,0.7071035998344293,0.7071035995426525,0.0021212057474319303,0.002121108481477058,0.5001743324497273,0.9999955006823705,0.0021211571150120123,0.0021211571150120123,2.0805897847942075e-10
361,0.007167497166571027,0.0023489353309719837,0.7071028797161046,0.7070704540456801,0.5006127609682189,0.003382705366081848,0.7070866670667652,0.7070866670667652,0.006741499627543805
362,0.7071045665838387,0.7071045611118744,0.001771907103669815,0.0017718258490886172,0.5001461863368362,0.9999968604842607,0.00177186647684499,0.00177186647684499,1.41019159536095e-10
363,0.018793249318567934,0.017531688959799372,0.7068894113524535,0.7068569966973882,0.5015661205969559,0.0008925775067189262,0.7068732042107234,0.7068732042107234,0.02568559213114436
364,0.20676348961208946,0.2066620504415889,0.6762327978642214,0.6762017889383509,0.5160479684240308,7.177039605700274e-05,0.6762172935790313,0.6762172935790313,0.292336002877341
365,0.6980317776701248,0.6980309398791483,0.11292832670079953,0.11292314803748207,0.5091092712864188,0.9871654145408159,0.11292573739882689,0.11292573739882689,5.8411574378343e-07
366,0.7071066195307641,0.7071066195159372,0.0004781597460714042,0.000478137819549061,0.500039402908314,0.9999997713737148,0.00047814878293591853,0.00047814878293591853,1.0365743591617112e-11
367,0.7070955710552779,0.7070955700269625,0.0039818146925514305,0.003981632078847601,0.5003270909347002,0.9999841457531939,0.003981723386746418,0.003981723386746418,7.378596187635848e-10
368,0.012460158031181673,0.010459984044250189,0.707029411505485,0.7069969904192213,0.5010438713602313,0.0014136759804108197,0.7070132011481927,0.7070132011481927,0.016207045523179087
369,0.7070945027492106,0.707094501623338,0.0041672261809347945,0.004167035138608554,0.5003427405380638,7.958842230489069e-10,0.004167130660866468,0.004167130660866468,0.9999826348712815
370,0.7070946837782497,0.7070946879369715,0.004136392361630351,0.004136202671096238,0.5003404331930887,7.786823244059916e-10,0.004136297517450696,0.004136297517450696,0.999982890896486
371,0.14060540060382232,0.14044869002363208,0.6930181566673753,0.6929863788856457,0.5112409782145634,0.0001100539045108335,0.6930022679586579,0.6930022679586579,0.198735253783655
372,0.7066443453618915,0.7066443029361565,0.025570082672391845,0.02556891018528919,0.5020974036096848,2.9961566657435555e-08,0.025569496435561057,0.025569496435561057,0.9993459869855196
373,0.018532731020947695,0.01725210532043308,0.7068962900327174,0.7068638750713693,0.5015411839305373,0.02530371904769982,0.7068800827378476,0.7068800827378476,0.0009050190258696101
374,0.7071065886764489,0.7071065886587927,0.0005218000804404677,0.0005217761534448549,0.5000429573476072,0.9999997277371231,0.0005217881170798103,0.0005217881170798103,1.2465711327879712e-11
375,0.7071045049659556,0.7071045047572011,0.0017942552975681856,0.001794173026864465,0.5001477472136595,1.4644497570992559e-10,0.001794214162687874,0.001794214162687874,0.9999967807903564
376,0.013350534604736326,0.011506291204740341,0.7070131577719854,0.7069807375210235,0.5011201941416608,0.0013062640639698827,0.7069969478323387,0.7069969478323387,0.017576267684458156
377,0.00793609977565575,0.004138779707883886,0.7070946686989945,0.7070622450112592,0.500675421624758,0.008546319048511643,0.707078457040979,0.707078457040979,0.0026592494882206404
378,0.017605721644639683,0.016252118316773558,0.706919987445689,0.7068875713756516,0.5014692983987701,0.0009593070746284543,0.706903779596481,0.706903779596481,0.023941021581116974
379,0.7062964300685539,0.7062963504325979,0.033844724339120474,0.03384317234622851,0.5027751915858348,5.249312915574782e-08,0.03384394835157078,0.03384394835157078,0.9988539304222346
380,0.020885438420913394,0.019758113378232266,0.7068306847864846,0.7067982728204448,0.5017364887982472,0.028739313725675116,0.7068144789892519,0.7068144789892519,0.000797764926571995
381,0.7070565490189527,0.707056544410888,0.008428701307664455,0.008428314743127049,0.5006923811008662,3.2672453653459544e-09,0.008428508027611924,0.008428508027611924,0.9999289577289264
382,0.010118758552769747,0.007519321049913764,0.707066800105157,0.7070343773292416,0.5008551530327997,0.0018376379171889954,0.7070505889030483,0.7070505889030483,0.012472070821889863
383,0.026627293530812068,0.025753056336011725,0.7066376582728662,0.7066052555983643,0.5022076315745966,0.037038468580662884,0.7066214571213466,0.7066214571213466,0.0006200940421168115
384,0.7070027185396893,0.7070027089961285,0.01213134255293212,0.01213078635084219,0.500998763153545,6.660229347265255e-09,0.01213106445507485,0.01213106445507485,0.9998528264451603
385,0.7045450418165763,0.7045448117362404,0.060138304591427785,0.060135547321685634,0.5049074330301223,1.655716439029921e-07,0.06013692597235928,0.06013692597235928,0.9963769870230659
386,0.7069532756547741,0.706953261575104,0.014733836850058359,0.014733161269275855,0.5012114925361575,9.804426406193574e-09,0.014733499063539318,0.014733499063539318,0.9997829004392367
387,0.021945227619500452,0.020875350558381838,0.7067985708383001,0.7067661614649878,0.5018270693742777,0.0007635548620006146,0.7067823663374099,0.7067823663374099,0.030278544432547932
388,0.7070985769206417,0.7070985761682207,0.0034064029232432173,0.0034062467326519386,0.5002806191454631,0.999988396883845,0.003406324828842807,0.003406324828842807,5.246874381985644e-10
389,0.010221876558184215,0.00765753610546655,0.7070653167429383,0.7070328940294273,0.5008638717404357,0.012642587798731324,0.7070491055720315,0.7070491055720315,0.001813723608670767
390,0.7070187610088859,0.7070187529356731,0.011157194866331413,0.01115668326427861,0.5009183594036786,0.9998755149623652,0.011156939068237457,0.011156939068237457,5.656761745308084e-09
391,0.7023426119947896,0.7023421735702793,0.08194797877053799,0.08194422112838223,0.5066387102509955,0.9932621373026294,0.08194609997099848,0.08194609997099848,3.1803078870154884e-07
392,0.26561272582521706,0.2655385660790137,0.6553543086946952,0.6553242555252313,0.5199002236504913,0.37558068042367243,0.6553392822822394,0.6553392822822394,5.184681223426065e-05
393,0.7065466583478919,0.7065466122056518,0.028140579691866032,0.028139288857881015,0.5023102719385792,3.642039328124846e-08,0.028139934282275167,0.028139934282275167,0.9992078303321974
394,0.6375519708463663,0.6375452429119707,0.3058366610468982,0.30582263564019124,0.5222057859452591,4.718837883511884e-06,0.3058296484239458,0.3058296484239458,0.9016298865207955
395,0.007389194858266202,0.0029577055312225782,0.7071005953738007,0.7070681719603417,0.5006302777895922,0.007315230990497206,0.7070843838529186,0.7070843838529186,0.0031361789200429254
396,0.6879553985889513,0.6879536175344587,0.1634620058913429,0.1634545098830425,0.5129235149677858,0.9729145881459964,0.16345825793016255,0.16345825793016255,1.2571382322890758e-06
397,0.7055351249669556,0.7055349806548117,0.04712102579966466,0.04711886498909402,0.5038592502231272,1.007322289701737e-07,0.04711994540676556,0.04711994540676556,0.9977772404147699
398,0.01894403558233134,0.017693237095459873,0.7068853862975839,0.7068529716396869,0.501579751953394,0.025906538073978125,0.706869179154439,0.706869179154439,0.0008822743804028667
399,0.08069680172434844,0.08041587489024594,0.7025192431995324,0.7024870292736753,0.5065747050690366,0.11392386560124963,0.702503136421254,0.702503136421254,0.0001987035129084181
400,0.707106604359113,0.7071066096112495,0.0005000946543071176,0.0005000717203050923,0.500041158491844,0.9999997499167752,0.0005000831874375752,0.0005000831874375752,1.1500014661962026e-11
401,0.7065477386947092,0.7065476873971871,0.028113438667028416,0.028112149426734623,0.5023060729964623,3.644872852149902e-08,0.028112794054272028,0.028112794054272028,0.9992093582532738
402,0.010415742025677674,0.007914526172338777,0.7070624868252192,0.7070300646493404,0.5008798033492302,0.012961819850466691,0.7070462759231231,0.7070462759231231,0.0017659650738763924
403,0.006864392367114778,0.0011251553290918311,0.7071058860068201,0.7070734616130314,0.5005874610891263,0.004045235771292441,0.707089673995783,0.707089673995783,0.0056587918002824105
404,0.7045104074229619,0.7045101635854455,0.06054278986640769,0.060540013676532944,0.5049375648238726,1.6828913349581432e-07,0.06054140178738347,0.06054140178738347,0.9963279968660962
405,0.025946620601342178,0.025048564000710764,0.7066629815134655,0.7066305773736147,0.5021501529102055,0.0006347892947945024,0.7066467796292816,0.7066467796292816,0.03605904493575658
406,0.013247638714326887,0.011386682465168033,0.7070150942252987,0.7069826731034258,0.501114116892982,0.01741923668502164,0.7069988838502059,0.7069988838502059,0.0013140252581644155
407,0.011677406011784103,0.009514001107831705,0.70704277365865,0.7070103522501157,0.5009811246779884,0.001527294466734679,0.7070265631402225,0.7070265631402225,0.014984838999994499
408,0.04014646591806971,0.03957307438476213,0.70599856360321,0.7059661898945915,0.5033041327510728,0.00040446378194330094,0.7059823769344681,0.7059823769344681,0.05637023438802713
409,0.7054677572596889,0.7054676120348277,0.048119183317961646,0.04811697691028809,0.5039334485365594,1.0721354140476813e-07,0.048118080126771455,0.048118080126771455,0.9976819637188081
410,0.05853842757359753,0.058148117967966026,0.7047118534385349,0.7046795388665704,0.5047916966885406,0.08250984606153079,0.7046956963377803,0.7046956963377803,0.0002764577875763652
411,0.5724505027111607,0.5724366988779123,0.4151098960248441,0.41509085986773775,0.5269606288002056,9.798342661109778e-06,0.4151003780554138,0.4151003780554138,0.8095575039368698
412,0.7070652107139501,0.7070652069010089,0.007667671747844166,0.0076673201339496596,0.5006300910211564,0.9999412077777021,0.007667495942912441,0.007667495942912441,2.721586594761684e-09
413,0.009852261965546415,0.007156596570478653,0.7070705644598213,0.707038141074557,0.5008328705563553,0.012027831962760577,0.7070543529530442,0.7070543529530442,0.0019013675567691876
414,0.7071048855763022,0.7071048854024784,0.001637388148281813,0.0016373130808366592,0.5001348228522422,1.2237810870605455e-10,0.0016373506149894375,0.0016373506149894375,0.9999973190793704
415,0.7070159452112758,0.7070159421465579,0.01133424017030173,0.011333720351494495,0.5009314032841752,0.9998715326394465,0.01133398026387822,0.01133398026387822,5.913604188061003e-09
416,0.010377482222392096,0.007864064489889964,0.7070630498687489,0.7070306272451866,0.5008755789297257,0.012898358507139907,0.707046838742816,0.707046838742816,0.0017798863442658266
417,0.034427953691989,0.03375698069375397,0.7063005495215504,0.7062681615396412,0.5028421054475072,0.04821402749464418,0.7062843557162474,0.7062843557162474,0.00047465115812946236
418,0.7070962095497922,0.7070962085801077,0.003866757250910288,0.003866579925048663,0.5003179111452503,0.9999850487622539,0.0038666685889959993,0.0038666685889959993,6.891660831515209e-10
419,0.7067390218787525,0.7067389881466639,0.022803566243661717,0.022802520778715897,0.5018708745601365,0.999479885947039,0.022803043517180318,0.022803043517180318,2.3968415565934744e-08
420,0.700830851066934,0.7008302728741075,0.09400493935535952,0.09400062868299298,0.5076060530705891,0.9911240856642682,0.0940027840438855,0.0940027840438855,4.0948866746147263e-07
421,0.7071025456710645,0.7071025505508423,0.0024475406082370326,0.0024474283441186743,0.5002012155040279,0.9999940098017941,0.002447484476821537,0.002447484476821537,2.7781526407977395e-10
422,0.007448267079484726,0.0031021013607923386,0.7070999766420215,0.7070675521599847,0.5006355069525347,0.007459339829291258,0.707083764586863,0.707083764586863,0.0030753804075454956
423,0.7071067562341795,0.7071067562318907,0.0001878595591529246,0.00018785094335375604,0.5000154663900701,1.6167548760607048e-12,0.00018785525130273476,0.00018785525130273476,0.9999999647104045
424,0.006778831379599135,0.0003169095944818541,0.7071067101706113,0.7070742870767691,0.5005804366798312,0.004740018001112005,0.7070904988095325,0.7070904988095325,0.004856461254001341
425,0.7063867547482263,0.7063866886724195,0.0319036998859754,0.031902236853693096,0.5026155626405564,0.9989816821230082,0.03190296837822087,0.03190296837822087,4.672992737169385e-08
426,0.060328453503423946,0.059949956741853994,0.7045608580432567,0.7045285499522965,0.504944604422856,0.08504967790782005,0.7045447041829697,0.7045447041829697,0.00026814779697027633
427,0.0174890935478045,0.016125692527050022,0.706922882668623,0.7068904664846378,0.5014596979894952,0.02376921509677502,0.7069066747624417,0.7069066747624417,0.000964762294068686
428,0.0216659436463146,0.02058147637436432,0.7068071892887389,0.7067747780538326,0.5017992447450166,0.0007655549079131006,0.7067909838570706,0.7067909838570706,0.0298734698751714
429,0.7070972162930774,0.7070972154157223,0.003678036340515173,0.003677867666386323,0.5003018333512733,6.323341745355252e-10,0.003677952004417692,0.003677952004417692,0.9999864725775485
430,0.7071065726418745,0.7071065726227446,0.0005430964118585913,0.0005430715042134715,0.5000447959689484,1.3289364941401926e-11,0.000543083958178825,0.000543083958178825,0.9999997050597683
431,0.010986714011878418,0.008652229467286422,0.7070538444314172,0.7070214226706447,0.5009244304824098,0.0016540350240811432,0.7070376337368717,0.7070376337368717,0.013886436824200009
432,0.00677506766506572,0.00021793406550495013,0.7071067476023304,0.7070743231500749,0.5005800797911637,0.004970194335188847,0.7070905355620604,0.7070905355620604,0.0046093606274171355
433,0.018552975503031005,0.017273853950794425,0.7068957589133523,0.7068633440064506,0.5015478386797613,0.025333396001021042,0.7068795516457053,0.7068795516457053,0.0009044210219228249
434,0.6476130969667268,0.6476073828471016,0.2839096294280943,0.28389660699090424,0.5209119822787008,4.139137044239315e-06,0.28390311828416553,0.28390311828416553,0.9158591806823048
435,0.6968453683289977,0.6968444202252383,0.1200327205429788,0.12002721624040469,0.5096564025530037,6.631616723682655e-07,0.12002996842324362,0.12002996842324362,0.9854875003571509
436,0.7069909970827241,0.7069909811944954,0.012796581951572858,0.012795995206901068,0.5010521897749609,0.9998362415901013,0.012796288582599945,0.012796288582599945,7.463960166487349e-09
437,0.007873131814769554,0.0040167216700542005,0.7070953725962493,0.7070629489624178,0.5006697445694085,0.002736963925592879,0.7070791609651849,0.7070791609651849,0.00840412315577436
438,0.7014625494364102,0.7014620296518136,0.08916849755810198,0.08916440847211879,0.5072224590018242,3.7054411922834255e-07,0.08916645303855059,0.08916645303855059,0.992017483366565
439,0.006951397581612091,0.001571166913345823,0.707105035645036,0.7070726115977438,0.5005945335632355,0.003766763339298957,0.7070888238072435,0.7070888238072435,0.006049957661605698
440,0.7052421440052249,0.7052419780099993,0.05132017033756,0.051317816778527814,0.5041838619675671,0.9973628837076284,0.051318993571536096,0.051318993571536096,1.230278008304281e-07
441,0.030027661175511536,0.029255485488735803,0.7065013210054444,0.7064689232827762,0.5024884702550819,0.0005456777640349632,0.7064851223298207,0.7064851223298207,0.0419195191886506
442,0.7071013621301303,0.7071013616331052,0.002768461053990201,0.0027683341043518686,0.5002279364431607,3.4995831828782315e-10,0.002768397579898722,0.002768397579898722,0.99999233594547
443,0.707105819458938,0.7071058141018953,0.0011694713746035188,0.0011694177501279854,0.5000963925105391,0.9999986323984801,0.0011694445626731188,0.0011694445626731188,6.163821680539218e-11
444,0.006785440743119383,0.00043421170887250566,0.7071066478687574,0.7070742236808811,0.5005809132827218,0.00514066188668719,0.707090435960674,0.707090435960674,0.004450206877580886
445,0.7071048102774868,0.707104815365068,0.0016695921939889195,0.0016695156304815857,0.5001373608570236,0.9999972125858492,0.0016695539126741403,0.0016695539126741403,1.2792626977160155e-10
446,0.7067938374470545,0.7067938087343142,0.021035967646932066,0.02103500289678791,0.5017259409209391,2.044124063859719e-08,0.021035485277390784,0.021035485277390784,0.999557410416376
447,0.707083132787387,0.7070831306178166,0.005783285892029721,0.005783020627286362,0.5004749770433428,0.999966554579061,0.005783153261178955,0.005783153261178955,1.5583699599099673e-09
448,0.6710511443888537,0.6710477484260383,0.22292357285030392,0.22291335001387938,0.5171149559234881,2.3930784188614938e-06,0.22291846149069294,0.22291846149069294,0.9490072281323886
449,0.7071012614439641,0.7071012609376646,0.0027940616250006468,0.0027939334913656146,0.5002296892839172,0.9999921935471702,0.0027939975589176625,0.0027939975589176625,3.6132691127735957e-10
450,0.007156294509319236,0.002315116729078669,0.7071029912498842,0.7070705675170611,0.5006116486741753,0.006698942546685247,0.7070867795693231,0.7070867795693231,0.0034200124750624456
451,0.006768812696967742,0.0,0.7071068074591428,0.7070743830564549,0.5005795716556081,0.004743620691066675,0.707090595443656,0.707090595443656,0.004824700301327879
452,0.70708775376344,0.707087752018275,0.005187576095052849,0.005187338216507632,0.5004269628358475,0.9999730899261666,0.005187457157143776,0.005187457157143776,1.2216652776222113e-09
453,0.007443114550149449,0.0030897399072419636,0.7071000307646094,0.7070676064180846,0.5006353169278297,0.0030847782910575308,0.7070838187772053,0.7070838187772053,0.007445172247575621
454,0.018689475369060203,0.017420425924918312,0.7068921620449564,0.706859748118697,0.50155273698707,0.02553352600395749,0.7068759552676201,0.7068759552676201,0.0008982086514283991
455,0.7063691151185594,0.7063690474250037,0.032291931498321984,0.032290450703308646,0.5026460795330707,4.7793238687469535e-08,0.03229119110930353,0.03229119110930353,0.9989567347755767
456,0.7071055230292539,0.7071055229138532,0.0013339657883733817,0.0013339046155892553,0.5001098219458378,0.9999982206152913,0.0013339352023319833,0.0013339352023319833,8.11810539405441e-11
457,0.013955802761220647,0.012203434134107958,0.7070014683120117,0.7069690485228445,0.5011696954094428,0.0012375706269925658,0.70698525860326,0.70698525860326,0.01849747697170645
458,0.010684657461012912,0.008265240031184925,0.7070584741074973,0.7070260519209575,0.5009009546666128,0.013399847649485763,0.7070422632000719,0.7070422632000719,0.001708853651677511
459,0.03563551065620325,0.03498782189701952,0.7062406475974713,0.7062082627527554,0.5029461013545321,0.04993822454750893,0.7062244553607446,0.7062244553607446,0.0004593798738639694
460,0.007030113590823226,0.0018889606389078943,0.7071042581032612,0.7070718333406601,0.5006009958165671,0.0036452827051596105,0.7070880459078226,0.7070880459078226,0.006300998533668778
461,0.6613667344420571,0.6613623941308779,0.2501994876682939,0.2501880144480406,0.5188981017522338,0.9353107364868403,0.2501937511239337,0.2501937511239337,3.085755510424341e-06
462,0.6984930528364354,0.6984922578220918,0.11003892839623038,0.11003388177843666,0.5088695852777619,0.9878177863846399,0.11003640511626528,0.11003640511626528,5.633196952915779e-07
463,0.011409675036963303,0.00918336492929888,0.7070471453931333,0.7070147235493431,0.5009609485776749,0.014561574282749866,0.7070309346570817,0.7070309346570817,0.0015733500188254462
464,0.029469584059453893,0.028682370077418425,0.7065248202623478,0.7064924229001777,0.5024358876788859,0.0005575159334387076,0.7065086217669628,0.7065086217669628,0.04111962930133453
465,0.017496583530144945,0.016133815019645836,0.7069226973389038,0.706890281136169,0.5014603561337699,0.0009650768538007624,0.706906489423348,0.706906489423348,0.023780223905206344
466,0.008420767288003488,0.00500573234116393,0.7070890627380145,0.7070566389474487,0.5007159306669475,0.009495746073031828,0.7070728510285865,0.7070728510285865,0.0024077963203357334
467,0.706214235810146,0.7062141538965893,0.03551857029955743,0.03551694157851296,0.5029091483622419,0.9987376923020284,0.03551775594837114,0.03551775594837114,5.8562394866559987e-08
468,0.7070656993541019,0.7070656955863361,0.0076224749924386805,0.007622125484030965,0.5006258793686122,0.9999418988511758,0.007622300240238093,0.007622300240238093,2.7008243502349014e-09
469,0.027765916027647837,0.02692876734143589,0.706593830633599,0.7065614296769518,0.5022992199995228,0.000590467968565369,0.7065776303409986,0.7065776303409986,0.038675004214113205
470,0.16776706527265076,0.1676380248949653,0.6869479548039339,0.6869164518409752,0.5132595679074172,9.093080228495577e-05,0.6869322035030468,0.6869322035030468,0.23716721382280495
471,0.7070770370388415,0.7070770290424581,0.006486524530918093,0.006486227149841012,0.500533216841455,1.938527306574765e-09,0.006486375842083809,0.006486375842083809,0.9999579260433259
472,0.008088752456283798,0.004424418086267302,0.7070929390996638,0.707060515149661,0.5006891197546252,0.002590756135118739,0.707076727310518,0.707076727310518,0.008848241313926234
473,0.01793077590830353,0.016603718112036564,0.7069118166680041,0.7068794007999724,0.5014959694494721,0.024419567310389054,0.7068956089197987,0.7068956089197987,0.000938569225549129
474,0.014974568134305713,0.013356703638501659,0.7069806209988388,0.7069482034132215,0.5012525397976944,0.001142107037950619,0.7069644123918424,0.7069644123918424,0.020033342567070313
475,0.7070922149535934,0.7070922188860016,0.004538881061626485,0.00453867293542587,0.5003734723615118,0.999979399291146,0.004538776999719135,0.004538776999719135,9.43587158790254e-10
476,0.7067046312796846,0.7067045996510103,0.023845676305110544,0.023844582777749566,0.5019591111416659,0.9994312480574672,0.023845129547698646,0.023845129547698646,2.587190065445591e-08
477,0.04032323490384774,0.039752409397582615,0.7059884885372333,0.7059561152981745,0.5033177088337245,0.000404193768691609,0.7059723021032684,0.7059723021032684,0.056622027104486924
478,0.07373298872773418,0.07342474959583367,0.7032842996589574,0.7032520503868275,0.506015953571671,0.00021802851195105966,0.7032681752077466,0.7032681752077466,0.10405623452490981
479,0.0569778618928415,0.05657662479629053,0.7048397587584426,0.7048074370025618,0.5046774668757559,0.08029514562863763,0.7048235980657784,0.7048235980657784,0.00028426694467591554
480,0.7039308142637181,0.7039305223212109,0.06694639456002893,0.06694332476071618,0.5054559257691674,2.0703570080656433e-07,0.06694485967796852,0.06694485967796852,0.9955082980695599
481,0.6962641619384453,0.6962631545978419,0.12335971607239123,0.12335406007298161,0.5098967664061331,7.123418132774644e-07,0.12335688810510288,0.12335688810510288,0.9846655047850219
482,0.7070768769188068,0.7070768741757807,0.006503384181147646,0.006503085940302302,0.5005346019307344,0.9999577070393761,0.006503235062434654,0.006503235062434654,1.952629381925284e-09
483,0.010697644151693976,0.00828198538069116,0.707058278162524,0.7070258555465734,0.500902822573074,0.013421092902585844,0.7070420670403981,0.7070420670403981,0.0017044458868487667
484,0.7070266491748726,0.7070266418226608,0.010645550853483106,0.01064506254350272,0.5008739733148376,5.237786308389435e-09,0.01064530670129282,0.01064530670129282,0.9998866710235105
485,0.707030011774444,0.7070300047323111,0.010420165929516988,0.010419688095144444,0.5008580707287537,0.9998914192261076,0.010419927015069769,0.010419927015069769,4.929102106731771e-09
486,0.2560044551993069,0.2559266213548342,0.6591673266188827,0.6591371017611521,0.5192383909875669,0.3619899355353249,0.6591522143632594,0.6591522143632594,5.6312751896296356e-05
487,0.015322552155150809,0.0137456943194391,0.7069731648992591,0.7069407467358569,0.5012818278394698,0.0011127021346579548,0.7069569560033787,0.7069569560033787,0.020554479094112427
488,0.010082027239779792,0.0074698365650112475,0.7070673246174636,0.7070349020569932,0.5008507322972272,0.0018460810819355764,0.7070511135230747,0.7070511135230747,0.012411193182388243
489,0.7070734028599293,0.7070733945298953,0.0068712988561608545,0.0068709837948140295,0.5005657828514233,0.9999527863022936,0.006871141327293251,0.006871141327293251,2.1410823955635638e-09
490,0.1283965984861686,0.12822380748296267,0.6953838186171566,0.6953519349920498,0.5103036930585109,0.0001221197326818577,0.6953678769873421,0.6953678769873421,0.18145802929332494
491,0.1023065221495581,0.10208685624817601,0.699698702279425,0.6996666174155071,0.5082959312179811,0.1445279430340933,0.6996826600313778,0.6996826600313778,0.0001555157743735756
492,0.707061677714985,0.7070616735786707,0.007986848948786778,0.00798648275976419,0.5006580696979892,0.9999362111339904,0.007986665856374208,0.007986665856374208,2.91539121306093e-09
493,0.7070970543301304,0.70709705343816,0.003709045574246817,0.0037088755240191713,0.5003045461915162,0.9999862435170175,0.0037089605501075635,0.0037089605501075635,6.385514376607285e-10
494,0.7071067808712251,0.7071067808711963,2.1118127069796112e-05,2.1117158575724425e-05,0.5000017466552095,0.9999999995540466,2.1117642828312388e-05,2.1117642828312388e-05,2.0284154827925127e-14
495,0.2661801050871862,0.2661061598888756,0.655124042963771,0.6550940021521913,0.51996234775868,5.257628167881582e-05,0.655109022730176,0.655109022730176,0.3763832274567558
496,0.05342263108858596,0.05299416028550457,0.7051181595843607,0.7050858263625276,0.5043951993930754,0.07524803120145963,0.7051019931587788,0.7051019931587788,0.00030378831998364075
497,0.707033686006584,0.7070336793032822,0.010167415151545497,0.010166948998765996,0.5008347066376108,4.76553763728482e-09,0.010167182077827316,0.010167182077827316,0.9998966230652016
498,0.016210223401420216,0.014728777464632054,0.7069533670036887,0.7069209493693772,0.5013534072072099,0.0010577894151266938,0.7069371583723528,0.7069371583723528,0.021876684082614988
499,0.7071052396817863,0.7071052448087535,0.0014765549597976011,0.0014764872487368094,0.5001214246608896,1.008357500616805e-10,0.0014765211046553466,0.0014765211046553466,0.9999978198830833
500,0.7071022323558294,0.7071022372069373,0.0025364517494925413,0.002536335428002027,0.5002093510260819,0.9999935666868667,0.0025363935894141118,0.0025363935894141118,2.8683205913619623e-10
501,0.7070990695034055,0.7070990687963234,0.003302560729563006,0.0033024093353661555,0.5002713452817256,5.044375177493927e-10,0.0033024850333321174,0.0033024850333321174,0.9999890935331295
502,0.7071062192738999,0.7071062192218736,0.0008956496635054671,0.0008956085881433029,0.5000735738464066,0.9999991978481443,0.0008956291260598601,0.0008956291260598601,3.737037228311228e-11
503,0.1372844946060211,0.13712367771468545,0.6936837153991727,0.693651906607897,0.5109769120380762,0.00011323489527494509,0.6936678111858627,0.6936678111858627,0.194035879741583
504,0.707096147601466,0.7070961518946869,0.0038780699058356374,0.0038778921034350426,0.5003197132039956,6.734800962370382e-10,0.0038779810056543537,0.0038779810056543537,0.9999849611502365
505,0.7070827611945654,0.7070827642602188,0.0058285449690486475,0.005828277744741011,0.5004805947984783,0.999966029044025,0.0058284113584263116,0.0058284113584263116,1.5224952506759358e-09
506,0.7071067797170034,0.7071067797168687,4.55899081750573e-05,4.558781768874172e-05,0.5000037471637208,0.9999999979216558,4.558886294388197e-05,4.558886294388197e-05,9.717026368557305e-14
507,0.7071021080889878,0.7071021023914998,0.0025723128738855505,0.002572194907278796,0.5002117844919866,3.024388978239757e-10,0.002572253891258435,0.002572253891258435,0.9999933834880302
508,0.02070705777908068,0.01956941015414325,0.7068359344191673,0.7068035213303273,0.5017240279773921,0.028479825825093362,0.7068197280605459,0.7068197280605459,0.0008022280232930123
509,0.7070385261830118,0.7070385146540276,0.009825415809310815,0.009824965283159971,0.5008081693181263,4.3983178914025224e-09,0.00982519054881771,0.00982519054881771,0.999903460970787
510,0.07760006914168595,0.07730760242081769,0.7028680776703006,0.7028358480251305,0.5063298971704843,0.1095362615146511,0.7028519630324542,0.7028519630324542,0.00020865340550576834
511,0.009577509693498876,0.006773394223813252,0.7070743391827268,0.7070419162313306,0.5008096571793678,0.0019794256283702538,0.7070581278928778,0.7070581278928778,0.011562414774691433
512,0.04914030572641014,0.04867369760349166,0.7054295649897319,0.7053972145912638,0.5040442503833038,0.06916493482285657,0.7054133899759475,0.7054133899759475,0.0003320786521474395
513,0.7071047112171451,0.7071047110272543,0.001711035669830062,0.0017109571935083141,0.5001408332823042,0.9999970724869246,0.0017109964321191115,0.0017109964321191115,1.3425664743725798e-10
514,0.058779737554154304,0.058391046806653094,0.7046917664148113,0.7046594514040585,0.5048149122422892,0.00027571842094528833,0.7046756090946728,0.7046756090946728,0.08285225327934277
515,0.7066698054409984,0.7066697653471864,0.024856442709174042,0.02485530281415611,0.5020392737155689,2.860406750554887e-08,0.024855872768199554,0.024855872768199554,0.9993819946236102
516,0.7067566477708167,0.7067566209173638,0.02225053339499807,0.022249513067906772,0.5018273801468416,0.9995048138612848,0.02225002323730111,0.02225002323730111,2.2850676257331286e-08
517,0.008259354613560319,0.004729198532209444,0.7070909663411378,0.7070585428812585,0.500702356036402,0.0024978354189051223,0.7070747547970486,0.7070747547970486,0.009183848627326954
518,0.7071043738707455,0.70710437365,0.0018452005417954834,0.0018451159473773882,0.5001519540503234,0.9999965953852534,0.0018451582450712332,0.0018451582450712332,1.5502149608010007e-10
519,0.04876933414180503,0.04829914675654479,0.7054553085933867,0.7054229596826046,0.5040021491298221,0.0686377800970992,0.7054391343234214,0.7054391343234214,0.0003326761000374494
520,0.44012524673544073,0.44009332812401564,0.5534599014750128,0.5534345222926189,0.5275922767105847,2.2574663858725615e-05,0.5534472120292911,0.5534472120292911,0.622408520575033
521,0.7040315523182518,0.7040312644211779,0.06587851483989536,0.06587549437024005,0.5053758209154662,1.9820819725018002e-07,0.06587700462237885,0.06587700462237885,0.9956507623277919
522,0.7069806560729063,0.7069806445033824,0.01335545946726853,0.01335484701233404,0.5010997349459518,8.111990260625586e-09,0.013355153243312113,0.013355153243312113,0.9998216239728441
523,0.7069633179224858,0.7069633047634242,0.01424379577108941,0.014243142631483243,0.5011721069727187,0.9997971030014001,0.014243469205030074,0.014243469205030074,9.259393779278221e-09
524,0.020651177011942152,0.019510354807367857,0.7068375669524625,0.706805156240394,0.5017175093720591,0.0008086807873012702,0.7068213617821992,0.7068213617821992,0.028398434676443
525,0.7070976492783191,0.7070976484406779,0.003593823821780251,0.0035936590091154353,0.5002955156143429,0.9999870849392315,0.0035937414163926536,0.0035937414163926536,5.974845625942272e-10
526,0.7068667685320025,0.7068667412475,0.018423086553022744,0.018422241806477946,0.5015157048137895,1.536666879276635e-08,0.018422664184592187,0.018422664184592187,0.9996605478304544
527,0.705346162893342,0.7053460012228984,0.04987009114584813,0.04986780448013528,0.5040767200864377,0.9975099879627393,0.049868947826098166,0.049868947826098166,1.1308719947635752e-07
528,0.7071010296094264,0.7071010290815031,0.0028534404499201333,0.0028533096240860273,0.5002351527866621,0.9999918582177517,0.002853375037752868,0.002853375037752868,3.6826191787429425e-10
529,0.016583891583692764,0.015139089131683506,0.7069446993791405,0.7069122820689572,0.5013881679775356,0.022431528112842717,0.7069284909098673,0.7069284909098673,0.001021776061316993
530,0.7069237559064506,0.7069237391160087,0.016088103500484924,0.01608736569852384,0.5013232614070617,0.9997411512939948,0.01608773460373394,0.01608773460373394,1.1790727609334618e-08
531,0.1669038191122494,0.16677404128642706,0.687158219883159,0.6871267100072581,0.5131952322600458,0.23594587689126031,0.6871424651258249,0.6871424651258249,9.175849412417281e-05
532,0.16778328007052482,0.1676542643727993,0.6869439916307697,0.6869124914636328,0.5132778343980277,9.114732599224954e-05,0.6869282417277626,0.6869282417277626,0.23719016237140536
533,0.014314685432279477,0.01261232172204525,0.7069942922971689,0.7069618729330246,0.5011992400783639,0.0012051209862823959,0.7069780828009258,0.7069780828009258,0.0190401828156641
534,0.017956342798928278,0.016631340559313895,0.7069111673408456,0.7068787518049218,0.5014977481046935,0.0009361235970563294,0.7068949597586907,0.7068949597586907,0.024457215870240367
535,0.6844514991878057,0.6844493866509408,0.17756417744902478,0.17755603414010765,0.5139422796126388,1.4907148082344417e-06,0.1775601058412501,0.1775601058412501,0.9679590991488546
536,0.7045174113246419,0.704517173400946,0.06046116425558903,0.06045839181143754,0.5049373069387615,0.9963379097858345,0.06045977804940495,0.06045977804940495,1.6717109468326114e-07
537,0.010644093311574107,0.008212656988699284,0.7070590868273903,0.7070266637670545,0.5008979514599505,0.001722547882455589,0.7070428754830766,0.7070428754830766,0.013333314892860503
538,0.1075692053759032,0.10736078237797245,0.698908908662061,0.6988768604373916,0.50870535299737,0.00014674681384278633,0.6988928847334257,0.6988928847334257,0.15197845177330632
539,0.0221581422796278,0.021099044496608838,0.706791928590962,0.7067595183163202,0.5018419167024095,0.030587456849104286,0.706775723639419,0.706775723639419,0.0007486197020467793
540,0.008656884520950696,0.005393354099552689,0.7070862123755186,0.7070537874521224,0.5007343060346173,0.002303795707974453,0.7070700000996891,0.7070700000996891,0.00993591683681763
541,0.03715709639769287,0.036536513819388716,0.7061622215595545,0.7061298394681338,0.5030693699318557,0.05210924335841566,0.7061460306994646,0.7061460306994646,0.000439785624183122
542,0.35621729829269755,0.35616926032074925,0.6108546946717942,0.6108266827808456,0.5247181415144456,0.5037333664206689,0.6108406888868909,0.6108406888868909,3.398350297946147e-05
543,0.7070971838604608,0.7070971829801086,0.0036842667674533676,0.003684097803329094,0.500302636886454,0.9999864267087828,0.003684182286359862,0.003684182286359862,6.307425385236974e-10
544,0.7071003196415503,0.707100313780043,0.003024277130771732,0.003024138444092068,0.5002487608589051,4.1971564523994856e-10,0.003024207788226902,0.003024207788226902,0.9999908541254293
545,0.009917420294015156,0.007246100154606817,0.7070696528861616,0.7070372301192629,0.5008396802039315,0.0018707841420213362,0.7070534416885604,0.7070534416885604,0.012139248717803674
546,0.707106405466799,0.7071064054323261,0.0007289695287429482,0.0007289360888785586,0.5000600170050953,0.9999994686276602,0.0007289528090025054,0.0007289528090025054,2.4350145898029454e-11
547,0.22019360695152762,0.22009955200656411,0.6719793062486734,0.6719484916700684,0.5169486276384979,6.714703130468287e-05,0.671963899136006,0.671963899136006,0.3113342769551011
548,0.7070661196546932,0.7070661159252306,0.007583383836399256,0.007583036097554898,0.5006233206704102,2.651907870467317e-09,0.007583209968970336,0.007583209968970336,0.9999424932730567
549,0.028325023465292167,0.02750494356633208,0.7065716369146283,0.7065392367347245,0.5023495083472665,0.03947773886084339,0.7065554370103966,0.7065554370103966,0.0005805140166556829
550,0.006775566318643546,0.000231781746805759,0.7071067431988046,0.707074318371881,0.5005801139320951,0.004762223436667405,0.7070905309712048,0.7070905309712048,0.004825271977385823
551,0.7069446321141912,0.7069446119735248,0.015143170130517363,0.015142475814809188,0.5012441156157641,0.9997706686158556,0.015142822976642675,0.015142822976642675,1.0483897421067495e-08
552,0.0383726268006984,0.03777213197440458,0.7060972072391882,0.7060648281230362,0.503168254946059,0.00042614368996644506,0.7060810178667156,0.7060810178667156,0.05384246296519492
553,0.7070690343340916,0.7070690308715732,0.0073065438022191734,0.007306208719622861,0.5006002914842281,0.99994661544095,0.0073063762628419494,0.0073063762628419494,2.4700692989733168e-09
554,0.7070488040499593,0.7070487934634618,0.009055587328432632,0.00905517208515633,0.5007461591464599,3.707642327838401e-09,0.009055379709174655,0.009055379709174655,0.9999179967360552
555,0.7070755961877033,0.7070755933270325,0.006641183721653345,0.006640879143878933,0.5005467656884054,2.0052833960012333e-09,0.006641031434512247,0.006641031434512247,0.9999558957288924
556,0.7071066596714051,0.7071066596602588,0.00041456496636244804,0.0004145459540998921,0.5000340710477216,7.964083120765242e-12,0.0004145554603401622,0.0004145554603401622,0.9999998281437561
557,0.7071065873728338,0.7071065820862193,0.0005306320227036713,0.0005306076913811432,0.500043577160234,1.3115295851697838e-11,0.0005306198571818699,0.0005306198571818699,0.9999997184425264
558,0.011315675271487136,0.009066319782567275,0.7070486559251781,0.7070162342500707,0.500955163586854,0.014412139930429519,0.7070324452734655,0.7070324452734655,0.0015915036522846147
559,0.7069662379197081,0.7069662197599936,0.014098372894200932,0.014097726439180065,0.5011591806453854,0.9998012252397881,0.014098049670395837,0.014098049670395837,9.101181682861711e-09
560,0.009342993054185204,0.006437649872162772,0.7070774757154435,0.7070450540671293,0.500791561124763,0.01115980330439266,0.7070612650771197,0.7070612650771197,0.00204783917688305
561,0.7071061554009973,0.7071061553435939,0.0009407843542325794,0.0009407412081061311,0.5000772298006922,0.9999991149649976,0.0009407627814167064,0.0009407627814167064,4.1243492939853705e-11
562,0.006781411449166925,0.00036496436293952664,0.7071066870006373,0.707074262336537,0.5005805819074011,0.005094916177358453,0.7070904748544473,0.7070904748544473,0.00449027497734201
563,0.7068731623158745,0.7068731356157969,0.018176087166676992,0.018175253661880133,0.5014966658285688,0.9996695904195719,0.01817567041905645,0.01817567041905645,1.4805521268482329e-08
564,0.5517811705705175,0.5517649195566323,0.4422165459892457,0.44219626841915477,0.5276393690983125,1.150643027731402e-05,0.44220640732043,0.44220640732043,0.7803249236805843
565,0.017277477540016385,0.01589592977318686,0.7069280864533858,0.7068956703572699,0.5014415259304751,0.0009762540735784857,0.7069118785911367,0.7069118785911367,0.023457168232412045
566,0.009273279893429699,0.006335843491340898,0.7070783952909676,0.7070459718292826,0.5007850853527639,0.002069759383468015,0.707062183745979,0.707062183745979,0.011038692351143794
567,0.7071022983547011,0.7071022979435253,0.00251798391291905,0.0025178684435628942,0.5002071860884463,0.99999366002766,0.0025179261789028853,0.0025179261789028853,2.903229085519354e-10
568,0.009530849405610584,0.006707264588193762,0.7070749695765961,0.7070425467463807,0.5008055530567294,0.001997414022583709,0.7070587583473359,0.7070587583473359,0.011481934761652832
569,0.707099968021564,0.7070999726650673,0.0031042080422270316,0.003104065705244714,0.5002552418483326,0.9999903642878403,0.0031041368745517123,0.0031041368745517123,4.4307630117031e-10
570,0.7017318605108998,0.7017313604104228,0.08702354748304493,0.08701955721476844,0.507057871232616,3.4993623766560196e-07,0.08702155237177782,0.08702155237177782,0.9923983569340907
571,0.7061427315873114,0.70614264310759,0.03691297312635461,0.036911280476440114,0.5030291900323816,0.9986365654173494,0.03691212681109968,0.03691212681109968,6.114300090071739e-08
572,0.05265344981094937,0.052218590756002436,0.7051760197138406,0.7051436833887145,0.504323572917881,0.07415573001650538,0.7051598517366324,0.7051598517366324,0.0003077389416258709
573,0.7071067529683155,0.7071067529657272,0.0001997755408862453,0.00019976637932941425,0.500016436270341,0.9999999600915636,0.00019977096016034876,0.00019977096016034876,1.8320879125792806e-12
574,0.7071050235080865,0.7071050286152277,0.0015766919862288849,0.001576619683914335,0.5001299356210166,1.1243583746177178e-10,0.0015766558354860653,0.0015766558354860653,0.9999975141532862
575,0.14406342041773362,0.1439107825992056,0.6923075087355984,0.692275762176858,0.5115076937612405,0.00010817955655795685,0.6922916356382045,0.6922916356382045,0.20362851162829837
576,0.70701077219076,0.7070107686524393,0.011652487247634586,0.011651952893213031,0.5009578839418622,0.9998642165487868,0.011652220073486904,0.011652220073486904,6.226496553245596e-09
577,0.7069044062120706,0.7069043876481069,0.016917054230935164,0.016916278490179928,0.5013907373598719,1.3086205780273794e-08,0.016916666365004152,0.016916666365004152,0.9997137854397055
578,0.707106775121589,0.7071067751210329,9.261713228166571e-05,9.261288587255709e-05,0.5000076342964628,3.912035539317089e-13,9.261500910144871e-05,9.261500910144871e-05,0.9999999914224604
579,0.7065567802821822,0.7065567350827112,0.027885256929755915,0.02788397814642797,0.5022926863975263,3.527456118383857e-08,0.027884617545422548,0.027884617545422548,0.9992221455755865
580,0.009362465660948128,0.006465743867832337,0.7070772193735181,0.7070447964851629,0.5007931551926181,0.011191790022559127,0.707061008115188,0.707061008115188,0.00205071752200997
581,0.008031402492399057,0.004318627196766526,0.7070935931396434,0.7070611689054924,0.5006832057718135,0.002619493583653656,0.7070773812084267,0.7070773812084267,0.008734541786766073
582,0.7071067296365765,0.7071067296313662,0.0002834794762791327,0.0002834664797664174,0.500023313476928,0.9999999196430672,0.00028347297809725727,0.00028347297809725727,3.7045090873555736e-12
583,0.00825628656221519,0.004723780246403577,0.7070910025592047,0.7070585787133906,0.5007021956195721,0.009176246439172378,0.7070747908221525,0.7070747908221525,0.0025053680171392007
584,0.7071067033526247,0.7071067033450038,0.00034283398452127284,0.00034281826570270663,0.5000282193892792,0.9999998824702416,0.0003428261252020797,0.0003428261252020797,5.387210687631065e-12
585,0.17360754676422055,0.17348338915209313,0.685495086552999,0.685463653089286,0.5136955598916164,0.2454303544360418,0.68547937000132,0.68547937000132,8.790100416608029e-05
586,0.7071007582102798,0.7071007629261512,0.002918650333974053,0.0029185164805605856,0.5002396951086702,3.9784958954234553e-10,0.0029185834080346757,0.0029185834080346757,0.999991481834611
587,0.6481587763206171,0.6481531231872807,0.2826615094111172,0.2826485462169539,0.5209100308727161,0.9166309346749902,0.2826550278883508,0.2826550278883508,3.964870748311522e-06
588,0.7070995317465295,0.7070995310816779,0.003202053102454683,0.0032019062819347893,0.5002634452358333,4.688770490383751e-10,0.003201979693036258,0.003201979693036258,0.9999897472734861
589,0.032547287711334805,0.03183653043146135,0.7063897191565652,0.7063573274643932,0.5026917668654988,0.0005032389949124301,0.7063735234961499,0.7063735234961499,0.045526227142074605
590,0.3031063093957992,0.30304456024880727,0.6388771369364887,0.638847841981539,0.5220856093052559,0.42861338850918135,0.6388624896269286,0.6388624896269286,4.3428860201765997e-05
591,0.05366873647535031,0.0532422766553512,0.7050994681437184,0.7050671363247183,0.5044203873210853,0.07559750461453099,0.7050833024195416,0.7050833024195416,0.0003009889724237518
592,0.17660296702804532,0.17648118949574396,0.6847294281350579,0.6846980298181726,0.5139234590305863,0.24966820136960083,0.684713729156591,0.684713729156591,8.621954550744963e-05
593,0.7071042019714223,0.7071042017348612,0.001909944738592439,0.0019098571563945022,0.5001572271970882,0.9999963522717159,0.0019099009479955024,0.0019099009479955024,1.6668536844994953e-10
594,0.707087862387584,0.7070878553832776,0.005173467838544292,0.005173230570681508,0.5004256712834122,0.9999732360998392,0.005173349205973143,0.005173349205973143,1.2250518437247775e-09
595,0.7070195293111531,0.7070195213093399,0.011108397162202781,0.011107887856694127,0.5009121274036437,5.727063006782071e-09,0.011108142512367398,0.011108142512367398,0.9998766015563385
596,0.007768530269156736,0.0038075716885063765,0.7070965297594354,0.7070641059603128,0.5006626116972782,0.0028071857360962345,0.707080318045727,0.707080318045727,0.008183359514831156
597,0.23721137098555126,0.23712557004389218,0.6661617401437512,0.6661311930534615,0.5180998303432048,0.3354068662350487,0.666146466773704,0.666146466773704,6.076338231569606e-05
598,0.691714585781081,0.691713163651134,0.14674095038577603,0.14673422169932393,0.5116748203281233,1.0045444781944759e-06,0.1467375860811182,0.1467375860811182,0.978231139179878
599,0.13020089909881502,0.1300306522742656,0.6950482209668082,0.6950163493572336,0.510457686278599,0.18401149458593627,0.6950322853447103,0.6950322853447103,0.00012048759577853115
600,0.009970616778729598,0.007318736883134906,0.7070689047684359,0.7070364819460826,0.500842158553609,0.012225320379240958,0.7070526935431083,0.7070526935431083,0.0018758060923868194
601,0.7069711412879089,0.7069711288467533,0.01385001722555071,0.013849382154886108,0.5011389358129659,8.779305090648437e-09,0.013849699693858516,0.013849699693858516,0.9998081674185211
602,0.017379614552955985,0.016006914403904598,0.7069255821451536,0.7068931666086388,0.501449629618146,0.0009719476874739707,0.7069093745626993,0.7069093745626993,0.023607787453212598
603,0.7071062805499513,0.7071062805040372,0.0008414699910101149,0.0008414314074904654,0.5000692621260103,0.9999992919604699,0.0008414506994714393,0.0008414506994714393,3.246158860963861e-11
604,0.7062646705921715,0.7062645985895095,0.03450107564853924,0.03449949381269143,0.50282946363954,5.43462929093268e-08,0.034500284739681225,0.034500284739681225,0.9988090211375547
605,0.7071041660942801,0.707104165854401,0.0019231826100253365,0.0019230944106605244,0.5001585565129673,1.668448247089393e-10,0.001923138510848558,0.001923138510848558,0.9999963015314286
606,0.01606846958036783,0.014572626110490145,0.7069566030303706,0.7069241856701056,0.5013429146111918,0.0010536043245459364,0.706940394536054,0.706940394536054,0.021666727125679217
607,0.008418835662436222,0.005002480274158691,0.7070890857530643,0.7070566619487342,0.5007156545241108,0.002418427103836736,0.7070728740367541,0.7070728740367541,0.009489616069572184
608,0.01458786532651452,0.012921558765856253,0.7069887080562628,0.7069562887373013,0.5012231145769451,0.01945216133300125,0.7069724985826119,0.7069724985826119,0.0011772489961313986
609,0.7070936514166408,0.7070936502123004,0.004309272495951638,0.004309074875349411,0.5003544838651386,0.9999814308497301,0.004309173686783397,0.004309173686783397,8.522625574465724e-10
610,0.6414167054211051,0.6414103712373329,0.2976453185742894,0.2976316683532497,0.5217826891325754,0.9070957249950992,0.2976384935420225,0.2976384935420225,4.43775900332905e-06
611,0.007708353501017153,0.0036831920084791025,0.7070971885792118,0.7070647645634716,0.5006574712013955,0.002856525372802868,0.7070809767571969,0.7070809767571969,0.008051389877849088
612,0.707106090145514,0.7071060848132905,0.000992380985792101,0.0009923354769955297,0.5000816290562917,0.9999990152246567,0.0009923582316546903,0.0009923582316546903,4.535238564844533e-11
613,0.7016736912587392,0.7016731962612309,0.08749133123843891,0.08748731905443902,0.5071002798776347,3.52805622775651e-07,0.08748932516943839,0.08748932516943839,0.9923160967971163
614,0.18432568387251363,0.18420970494347916,0.6826908411606499,0.6826595361268526,0.514444153329112,8.203931415821452e-05,0.6826751888231934,0.6826751888231934,0.2605938725296212
615,0.012295578007611916,0.01026336991998085,0.7070322929243684,0.7069998718256342,0.5010335924288195,0.0014381503314295563,0.7070160825608401,0.7070160825608401,0.015951480316254246
616,0.7070499831336001,0.7070499831924438,0.00896262894180062,0.00896221796081446,0.5007367427569227,3.7079907401638886e-09,0.008962423453663286,0.008962423453663286,0.9999196717395241
617,0.0070060434483304596,0.0017975487794418107,0.7071044963924228,0.7070720722494959,0.500599378782124,0.006227973089351463,0.7070882845068142,0.7070882845068142,0.0036780671027974612
618,0.7071005684313582,0.707100567861525,0.002964275612891133,0.0029641396813474053,0.5002435337033793,4.0830305954675885e-10,0.002964207647898457,0.002964207647898457,0.9999912134344188
619,0.017439595322246374,0.0160719613372059,0.7069241062971793,0.7068916893803424,0.5014562116488128,0.0009661926152882257,0.7069078980245802,0.7069078980245802,0.023696284366256044
620,0.70705718812687,0.707057183578348,0.00837491195504202,0.008374527934417134,0.5006881408065743,0.999929861606114,0.008374719946930724,0.008374719946930724,3.240296342171798e-09
621,0.19476938080817835,0.1946605398702689,0.6797847263784486,0.6797535502115293,0.5151780926477056,0.2753685361485126,0.6797691384737177,0.6797691384737177,7.78256938007271e-05
622,0.010775200708412935,0.00838195544291561,0.7070571001149416,0.7070246778222744,0.5009092920958084,0.0016900634004988844,0.7070408891544541,0.7070408891544541,0.013546431746253309
623,0.7071064632445865,0.7071064632154233,0.0006705810725218663,0.0006705503201496319,0.500055357016835,2.013846294418864e-11,0.0006705656965120385,0.0006705656965120385,0.9999995503415453
624,0.05969370425894591,0.05931111456485762,0.7046149244405192,0.7045826152605854,0.5048947558456853,0.08414911452237452,0.7045987700357436,0.7045987700357436,0.000270283829688601
625,0.70707875747684,0.7070787549062942,0.0062955825914064924,0.006295293877856414,0.5005178156182285,0.9999603666720136,0.0062954382362865316,0.0062954382362865316,1.8154152715544938e-09
626,0.1159719440841701,0.11577938978233016,0.6975637124317988,0.6975317255762208,0.5093382333552672,0.00013588130374099104,0.6975477191873592,0.6975477191873592,0.16387293995441077
627,0.024605088494335167,0.023656026185885484,0.70671096810231,0.7066785617380661,0.5020409487341287,0.0006709387457008127,0.7066947651059424,0.7066947651059424,0.034125764239137366
628,0.08695060142054609,0.08669051658879552,0.7017725802092618,0.7017404027933709,0.5070768717848252,0.0001839783562654181,0.7017564916857442,0.7017564916857442,0.12278281193143988
629,0.7070940824765476,0.7070940760430301,0.004238823522766069,0.004238629153363283,0.5003493520003018,0.9999820330376195,0.004238726339178793,0.004238726339178793,8.122906073618797e-10
630,0.020050070434659818,0.018872871432888103,0.7068548752918669,0.706822463335432,0.501669331329493,0.027522582613768366,0.7068386694994301,0.7068386694994301,0.0008354919661128964
631,0.4051603407155553,0.4051223231208163,0.579548019000655,0.5795214390436728,0.5266217647593309,2.7084083710196757e-05,0.579534729174548,0.579534729174548,0.5729563636330501
632,0.03535795773981244,0.03470502597509844,0.7062546008147842,0.7062222134883978,0.5029207695280433,0.049542039300238094,0.7062384073372471,0.7062384073372471,0.0004586343165157061
633,0.7070930866915405,0.7070930801669025,0.004401815543867476,0.00440161373427758,0.500362003092818,0.9999806247205254,0.004401714640229098,0.004401714640229098,8.8996074500774e-10
634,0.4004491749371856,0.4004102786840341,0.5828135282611154,0.5827868034642885,0.5264475914343426,0.5662931504367575,0.5828001660158881,0.5828001660158881,2.742463559229487e-05
635,0.7071052405666067,0.707105240425302,0.001476131117508293,0.001476063427354317,0.5001214819308928,9.969856461741353e-11,0.001476097272819318,0.001476097272819318,0.9999978211344679
636,0.7071067490446745,0.7071067490417263,0.00021321266413516085,0.00021320288632348914,0.5000175472098392,0.9999999545424428,0.00021320777528537697,0.00021320777528537697,2.097135461559214e-12
637,0.7056427822064836,0.7056426478137521,0.045480254906908574,0.04547816970694311,0.5037272025426482,0.9979294977570816,0.04547921231887653,0.04547921231887653,9.411506125424384e-08
638,0.7006902840301911,0.7006896928446236,0.09504711642815258,0.09504275809176502,0.507707960859735,4.108318845755699e-07,0.09504493728494055,0.09504493728494055,0.9909252846672318
639,0.02141183183082114,0.020313799173052365,0.7068149330410658,0.7067825220374718,0.501781780696004,0.0007762321957489382,0.706798727725049,0.706798727725049,0.02950448162710169
640,0.010249663120753297,0.00769463612597223,0.7070649139752928,0.7070324917611004,0.500864826342829,0.012688776601214279,0.7070487030540397,0.7070487030540397,0.0018049840898258023
641,0.010821853107573793,0.00844164623610472,0.7070563899780746,0.7070239652906546,0.5009133058576839,0.0016841334714049754,0.7070401778202383,0.7070401778202383,0.013621218385590148
642,0.009685932380926668,0.006925871764569598,0.707072862087282,0.7070404392363329,0.5008188772071339,0.011746448823957978,0.7070566508476558,0.7070566508476558,0.0019508778072006632
643,0.006806003500213009,0.000683154925213392,0.7071064511792666,0.707074026051264,0.5005826760406664,0.005306642025932531,0.7070902388011309,0.7070902388011309,0.0043160091178497
644,0.3219627217019471,0.32190626226778923,0.6295842741943206,0.6295554033079874,0.5230356025645617,0.4552841247549388,0.6295698389166497,0.6295698389166497,3.9988418265639535e-05
645,0.7066892231494137,0.7066891901133013,0.024298066243768394,0.024296952164375493,0.5019902032306993,0.9994094566754583,0.024297509210457237,0.024297509210457237,2.739889190989356e-08
646,0.023526095826177276,0.022531529818691567,0.7067477132357985,0.7067153053494587,0.5019563102015777,0.0007081984940785365,0.7067315094783908,0.7067315094783908,0.0325675524976325
647,0.006790586005908633,0.0005075617964675615,0.7071065990223996,0.7070741742856248,0.5005813229374586,0.005173119918268196,0.7070903868398732,0.7070903868398732,0.0044281494545794645
648,0.014103602574496943,0.012372145025741665,0.7069985360857989,0.7069661154499707,0.5011835581028311,0.018721232334639983,0.7069823259537272,0.7069823259537272,0.0012235350382279648
649,0.023019603909198823,0.022002109837942232,0.7067643929646394,0.7067319844437916,0.5019128545126739,0.0007170284877216827,0.7067481888899806,0.7067481888899806,0.03183521433263913
650,0.037018502386856805,0.03639554882920897,0.7061695009170381,0.7061371187531726,0.5030512163742545,0.051911579535778955,0.7061533100207247,0.7061533100207247,0.00043977681334313564
651,0.01664179516437515,0.015202408956435032,0.7069433405598546,0.7069109213003519,0.5013904639034378,0.0010161738958419546,0.7069271311159444,0.7069271311159444,0.022517326106470233
652,0.7070426278120436,0.7070426219280724,0.009525270446535101,0.009524833680591158,0.5007838077483077,4.114067116598582e-09,0.009525052066066589,0.009525052066066589,0.9999092692671089
653,0.01711830027517318,0.015722739331288624,0.7069319595745519,0.7068995429307368,0.5014257202432684,0.02322208176314226,0.7069157514384585,0.7069157514384585,0.0009877524875090663
654,0.7053768040978383,0.705376640000458,0.04943476248213211,0.049432496124233644,0.5040413879447906,0.9975533231788922,0.04943362931617095,0.04943362931617095,1.1302213486913173e-07
655,0.707106475148846,0.7071064751207785,0.0006579074918311054,0.0006578773247513563,0.5000540673836251,1.99357364598351e-11,0.0006578924084641416,0.0006578924084641416,0.9999995671774854
656,0.7070428040747113,0.7070427982060751,0.009512176665820436,0.009511740438409032,0.5007827184463127,0.9999095185510075,0.00951195855461546,0.00951195855461546,4.089544968018355e-09
657,0.029958016607739394,0.029184006226771447,0.706504277255672,0.706471880017092,0.5024751442439218,0.0418196868465571,0.7064880788220862,0.7064880788220862,0.000550233240940256
658,0.026160372330979828,0.025269941323633183,0.7066550997944434,0.7066226962952004,0.5021760208918742,0.0006271149438628333,0.7066388982305581,0.7066388982305581,0.03636676699739122
659,0.5009960321184076,0.5009732392373968,0.4990248626751849,0.49900197975720356,0.528331359014846,1.603774760555962e-05,0.49901342134736015,0.49901342134736015,0.7084992663180318
660,0.021934443725263136,0.02086398667317806,0.7067989063800971,0.7067664962195528,0.501827189436823,0.0007558815794897798,0.7067827014855997,0.7067827014855997,0.03026308649944806
661,0.7071063721453926,0.7071063721078815,0.000760607934701437,0.0007605730613244068,0.5000626657027816,0.999999421501927,0.0007605904982127918,0.0007605904982127918,2.6304767563135728e-11
662,0.7071016655089011,0.7071016650395302,0.0026898509853842457,0.0026897275954309774,0.5002214906547581,0.9999927650073966,0.002689789291115153,0.002689789291115153,3.3163626927339326e-10
663,0.011314319570754903,0.009064616826788935,0.7070486777597317,0.7070162559465322,0.5009518806522967,0.01441011310926366,0.7070324670389746,0.7070324670389746,0.0015905174453303642
664,0.7059580015979195,0.7059579013856982,0.0402920452394129,0.04029019706914906,0.5032998386140687,0.9983753057395536,0.040291121164878034,0.040291121164878034,7.495735292727556e-08
665,0.7070848062422956,0.707084809495142,0.005574910902266417,0.005574655262489072,0.5004582012294071,0.9999689213106262,0.005574783083843087,0.005574783083843087,1.4305960543439905e-09
666,0.01181407027075225,0.009681247088050439,0.707040503404733,0.7070080818092789,0.5009928675879064,0.015199191284080602,0.7070242927928483,0.7070242927928483,0.0015110876387839514
667,0.7006786992486885,0.7006781069412199,0.09513248894709035,0.09512812633057466,0.5077036221755129,4.13760564358587e-07,0.09513030766384088,0.09513030766384088,0.990908900518809
668,0.7071043391555013,0.7071043389315047,0.0018584574894294854,0.0018583722614328793,0.500152741291732,1.6028604444750144e-10,0.0018584148759197585,0.0018584148759197585,0.9999965462881854
669,0.7070590158396163,0.7070590114583792,0.008219143233859237,0.00821876632545026,0.5006779372449901,0.9999324465005562,0.008218954781815304,0.008218954781815304,3.0293503134571278e-09
670,0.6895810408068845,0.689579413184665,0.15646160203671527,0.15645442837994783,0.5123962420321669,1.1552620779428956e-06,0.15645801524944594,0.15645801524944594,0.9752137093617372
671,0.7071067152583319,0.7071067152522836,0.0003053606489479388,0.0003053466429006076,0.5000251008634634,4.329476110547122e-12,0.0003053536460045775,0.0003053536460045775,0.9999999067591467
672,0.7071067686226084,0.7071067686209724,0.00015881116331710105,0.00015880387964744265,0.5000130896442702,0.9999999747801697,0.00015880752152402987,0.00015880752152402987,1.151478072065762e-12
673,0.5673615848696306,0.5673471850161329,0.42203930107777615,0.4220199426735292,0.5271622872498586,1.0137370979908529e-05,0.42202962198664845,0.42202962198664845,0.8023602658586374
674,0.7070676906787794,0.7070676870939544,0.007435446698338658,0.007435105794544722,0.5006104315700307,0.9999447151389004,0.007435276248395475,0.007435276248395475,2.540570240316369e-09
675,0.07519911177417876,0.07489704000980292,0.7031290304046367,0.7030967882079743,0.5061480472858237,0.10613400678679878,0.7031129094911194,0.7031129094911194,0.00021358191685019528
676,0.007414946847388464,0.003021222653570558,0.7071003268374851,0.7070679023715576,0.5006328475708186,0.007379380223436919,0.7070841147903809,0.7070841147903809,0.0031070837978366063
677,0.7006864138087634,0.7006858222107567,0.09507568530261014,0.09507132526027841,0.507690987543027,4.207594585565399e-07,0.09507350530643807,0.09507350530643807,0.9909198036053762
678,0.7071067667134794,0.7071067667121516,0.00014307301311479383,0.00014306645076227054,0.5000117627249069,0.999999979531052,0.00014306973197615765,0.00014306973197615765,9.47296985993161e-13
679,0.011851919989286445,0.009727406530003795,0.7070398698533182,0.7070074483289159,0.5009974819790786,0.015258905121677754,0.7070236592769589,0.7070236592769589,0.0015020851241006879
680,0.7071061514293,0.7071061461027021,0.0009477044812298675,0.0009476610245587462,0.5000779381937764,0.9999991018969959,0.0009476827531433992,0.0009476827531433992,4.140482435294233e-11
681,0.01196371691131122,0.009863338316351103,0.7070379866449006,0.7070055653795517,0.5010051031338577,0.0014825195542401916,0.7070217761980654,0.7070217761980654,0.015434315638350397
682,0.6408260879086056,0.6408197011428356,0.2989148998952149,0.298901196143105,0.5217884333907944,4.569031022282222e-06,0.2989080480976929,0.2989080480976929,0.9062604247919208
683,0.7071063990237278,0.7071063989886757,0.0007351933540805201,0.0007351596403033988,0.5000604359695616,0.999999459515372,0.0007351764973852157,0.0007351764973852157,2.5003627790280403e-11
684,0.7071061543646964,0.7071061543072132,0.000941562989538505,0.0009415198191093483,0.5000776548208767,4.0051949069122366e-11,0.0009415414045713517,0.0009415414045713517,0.9999991134993904
685,0.704575566803938,0.7045753341824208,0.059779582314765926,0.059776840522959375,0.5048721774984767,1.6629945003938353e-07,0.05977821143458207,0.05977821143458207,0.9964201578025874
686,0.7059737750616285,0.7059736710674094,0.040014694296005966,0.04001285949830009,0.5032636778441717,7.57425817397708e-08,0.040013776907669676,0.040013776907669676,0.9983976138368703
687,0.7028363417623472,0.7028359435625585,0.0775992038395239,0.07759564487588934,0.5063001830668497,2.8123643588244547e-07,0.07759742437811039,0.07759742437811039,0.9939604013539413
688,0.01170891125522565,0.009552638860402361,0.7070422526924232,0.7070098311885191,0.5009863139059186,0.015033842667013207,0.707026042126312,0.707026042126312,0.0015280985147571784
689,0.7070729045057473,0.7070728961298606,0.006922395432989683,0.0069220780138008085,0.5005693813301005,2.1997984173412188e-09,0.006922236725214655,0.006922236725214655,0.9999520814906278
690,0.014106585043470496,0.012375612689557716,0.7069984753947898,0.706966055944987,0.5011823227356135,0.0012239633832028653,0.7069822658557172,0.7069822658557172,0.018725742833521616
691,0.7070881188719244,0.7070881171602429,0.0051375646743277836,0.0051373290885023395,0.5004223234259665,0.9999736062912133,0.005137446882765458,0.005137446882765458,1.2195385150381078e-09
692,0.03236315536750082,0.03164825360278315,0.7063981795304229,0.706365787800245,0.5026789282958,0.045262907818545896,0.7063819838510028,0.7063819838510028,0.0005049329231601767
693,0.7070641227685771,0.7070641188554735,0.007767356508846428,0.007767000290020764,0.5006382470058511,2.7776825701133125e-09,0.007767178401475713,0.007767178401475713,0.9999396691197749
694,0.7071067810509276,0.7071067810509153,1.384964396145646e-05,1.3849008672244745e-05,0.5000011447923136,0.999999999808196,1.3849326320493314e-05,1.3849326320493314e-05,8.862203648212805e-15
695,0.013142750051667353,0.011264525336482267,0.707017051045407,0.7069846307530874,0.5011016964313235,0.017258780729107467,0.7070008410850808,0.7070008410850808,0.001325102909755291
696,0.006924391229833092,0.00144679746098648,0.707105301052896,0.7070728765883346,0.5005923575109291,0.0038673666623830374,0.7070890890064736,0.7070890890064736,0.005923165630766157
697,0.706712988399603,0.706712946996778,0.023596833413230343,0.023595751179745068,0.5019332548574411,2.603622196707311e-08,0.02359629230269223,0.02359629230269223,0.9994430598984299
698,0.7068550769178574,0.7068550590944909,0.018866183515766296,0.01886531832353495,0.5015507766392518,1.6309660026462682e-08,0.018865750924610392,0.018865750924610392,0.9996440200811978
699,0.7069907733482352,0.7069907679761439,0.012808647308003239,0.012808059980526193,0.5010551569926714,7.4070571415586944e-09,0.012808353647631209,0.012808353647631209,0.9998359326177849
700,0.006853596473165809,0.0010564595269802377,0.7071059919794732,0.7070735663390267,0.5005865660912358,0.0040609942134035865,0.7070897793451215,0.7070897793451215,0.005621051267142183
701,0.06053180782341612,0.060154612592003276,0.7045434142648029,0.7045111072921443,0.5049621934847641,0.08533818609456988,0.7045272609636583,0.7045272609636583,0.0002666686687741977
702,0.07979172706513364,0.07950751235711528,0.7026226266487431,0.7025904072765666,0.5064961005987724,0.11264157335332722,0.7026065171473402,0.7026065171473402,0.00020019152784846457
703,0.7071066375203806,0.7071066427755601,0.00045076962529947724,0.00045074895532477594,0.5000371292501883,0.9999997968160413,0.00045075929043060677,0.00045075929043060677,9.20757766141239e-12
704,0.00896424310732943,0.005874233603359267,0.7070823809002563,0.7070499574609383,0.5007596388978455,0.0021859504701149395,0.7070661693664498,0.7070661693664498,0.010492182587829031
705,0.11126449867094529,0.1110633402818808,0.6983301042096279,0.6982980821560003,0.5089967699962692,0.15720952170167798,0.6983140933663656,0.6983140933663656,0.00014247157263514614
706,0.0267948477007455,0.025926267774723972,0.7066313244113009,0.7065989217011069,0.5022196148437559,0.0006144987526685312,0.7066151232419373,0.7066151232419373,0.03727945282375377
707,0.7071064795588681,0.707106484799559,0.0006531500500436452,0.0006531200987587544,0.5000538606377614,1.9242145215938873e-11,0.0006531350745728871,0.0006531350745728871,0.9999995734144829
708,0.7068770130651643,0.706876991985658,0.018025487547033352,0.018024660886459674,0.5014818693457571,1.4767594112783851e-08,0.018025074221485523,0.018025074221485523,0.9996750439010772
709,0.0071330709882054776,0.0022420756828709643,0.7071032266201505,0.7070708021825701,0.5006095252571453,0.006631816046743156,0.7070870145872188,0.7070870145872188,0.003453493909399759
710,0.7070962932438731,0.7070962922820307,0.0038514206475793677,0.003851244055388752,0.5003179379710273,6.611006302807133e-10,0.003851332352496204,0.003851332352496204,0.9999851671291033
711,0.03235040305652002,0.03163523131498766,0.706398762838413,0.7063663719501897,0.5026707200278469,0.0005053653626440918,0.7063825675799604,0.7063825675799604,0.045244679732785335
712,0.13438849480265244,0.1342239424314279,0.6942506271355925,0.6942187929353946,0.5107674596847428,0.18993767568892422,0.6942347102179637,0.6942347102179637,0.00011666639135885641
713,0.6772919541760933,0.6772891543378563,0.20317332850626746,0.20316401242533874,0.5157588481590569,1.9838938898844747e-06,0.20316867051920048,0.20316867051920048,0.9578334837720981
714,0.7034503839010634,0.7034500476855324,0.07181942920421384,0.07181613599633102,0.5058420177311935,2.3920532733595934e-07,0.07181778261914873,0.07181778261914873,0.9948288356291622
715,0.015749691436739422,0.014220310512329968,0.7069637775531676,0.7069313596238664,0.5013182146773003,0.021191976463554155,0.7069475687743376,0.7069475687743376,0.001081730870793741
716,0.7071058288244447,0.7071058234682288,0.0011637943625018886,0.0011637409788458333,0.5000956292458949,6.323909354318266e-11,0.001163767670979959,0.001163767670979959,0.9999986456438912
717,0.01383245065814446,0.012062293578269224,0.7070038904232517,0.7069714727687191,0.5011575806192068,0.001258871736875989,0.7069876817817923,0.7069876817817923,0.018309856895356965
718,0.7071064659561946,0.7071064606584422,0.0006732719365533096,0.0006732410622531783,0.5000554071868831,2.0820550194748818e-11,0.000673256499580224,0.000673256499580224,0.9999995467255929
719,0.007123089607464622,0.002210173526510304,0.7071033270555181,0.7070709028062699,0.5006086891076467,0.003473704284022732,0.7070871151167504,0.7070871151167504,0.006599746229301765
720,0.006790639958933255,0.000508591884512759,0.7071065982822463,0.707074173767465,0.5005813777449132,0.005173843367872482,0.7070903862107142,0.7070903862107142,0.004427505117058052
721,0.7071055573974133,0.7071055572851782,0.0013156201644697926,0.0013155598401474243,0.5001082344727451,7.956006212510783e-11,0.0013155900026543684,0.0013155900026543684,0.999998269221447
722,0.5802397046739791,0.5802267964938075,0.4041495572563878,0.4041310246935442,0.5266022654884731,9.138886046346892e-06,0.4041402910811965,0.4041402910811965,0.8205737323154415
723,0.08090291972546253,0.08062272882012689,0.70249553421897,0.7024633211633866,0.5066004517912269,0.0001981541585651803,0.7024794278758246,0.7024794278758246,0.11421588137136536
724,0.009452358346583619,0.006595225421692457,0.7070760234950954,0.7070436004389598,0.5007997098828325,0.0020192210624776596,0.7070598121528774,0.7070598121528774,0.011347547002591094
725,0.7060707749438865,0.7060706798588925,0.03826480162761886,0.03826304705769553,0.5031328117230478,6.65026519543307e-08,0.03826392435271405,0.03826392435271405,0.9985347986856818
726,0.7068147828006814,0.7068147507412639,0.020320141105892624,0.02031920918558603,0.5016679847030763,0.9995870255277954,0.02031967515108191,0.02031967515108191,1.9013561256921213e-08
727,0.7071062931816934,0.7071062984052906,0.000830786461682516,0.0008307483652475588,0.5000682791480145,3.184913805563957e-11,0.0008307674136834107,0.0008307674136834107,0.9999993098252676
728,0.5519519280096282,0.5519356968993069,0.44200337836748793,0.4419831095940778,0.5276282085447987,0.7805664252402099,0.4419932440969678,0.4419932440969678,1.1532105159731902e-05
729,0.057367019126539645,0.056968557354176025,0.7048081891358658,0.7047758687104219,0.50470387988794,0.00028267123579140763,0.7047920291084132,0.7047920291084132,0.08084745826216967
730,0.6344446543310422,0.6344376139958104,0.31223215822875544,0.3122178415638051,0.5225688031887239,4.967758461397878e-06,0.31222499997833936,0.31222499997833936,0.8972352527360747
731,0.021325471513381915,0.02022273283447849,0.7068175444082856,0.7067851330246885,0.5017764286925293,0.0007782919876547224,0.706801338902271,0.706801338902271,0.029379055694251408
732,0.006883514901782283,0.0012363639075953668,0.7071057003053296,0.7070732757095262,0.5005891862571736,0.005742387518340529,0.7070894881932875,0.7070894881932875,0.003992036911686834
733,0.7071059161652004,0.7071059160858588,0.001106090583088748,0.0011060398601104267,0.500090897895817,0.9999987766189764,0.00110606522189035,0.00110606522189035,5.667112844225278e-11
734,0.015347090545487756,0.013773029845172131,0.7069726328853808,0.706940214456191,0.5012860718797201,0.02059105253369244,0.70695642385661,0.70695642385661,0.0011126955148859903
735,0.14137522924973508,0.14121943797869504,0.6928615087713946,0.6928297370599624,0.5112690459993277,0.19982460520258075,0.6928456230977975,0.6928456230977975,0.00011074324540439205
736,0.6884256498339769,0.6884239131299578,0.1614698604409543,0.16146245585476351,0.5127946601968068,0.9735796626455584,0.1614661581903043,0.1614661581903043,1.2075411371267169e-06
737,0.08178841847190144,0.0815113511216489,0.7023929809147605,0.7023607723982491,0.5066628356892975,0.00019621543448556533,0.702376876841126,0.702376876841126,0.1154703739377113
738,0.019250170117847708,0.018020675549516734,0.7068771146760473,0.7068447007302443,0.5016042291129741,0.026354472251677648,0.7068609078889435,0.7068609078889435,0.000869246318703837
739,0.03533100664483567,0.034677587071858654,0.7062559486155688,0.7062235623154087,0.5029256296419125,0.04950356174912738,0.7062397556511327,0.7062397556511327,0.00046092278539205944
740,0.4173495451707322,0.4173137431976321,0.570832059136818,0.570805883944605,0.5269698462735429,0.5901960712170096,0.5708189716907461,0.5708189716907461,2.5215927815529926e-05
741,0.7070801464288518,0.7070801439859239,0.006137587542837218,0.006137306099130144,0.5005048948912124,0.9999623310370255,0.006137446822596946,0.006137446822596946,1.730168184835902e-09
742,0.7071021004559686,0.7071021000266238,0.002572962871572675,0.002572844876260973,0.5002120641610337,0.9999933801437411,0.002572903874593244,0.002572903874593244,2.9875844240840453e-10
743,0.7069114978166536,0.7069114799018237,0.016618049916079312,0.01661728782368108,0.5013624965826421,0.9997238149420926,0.01661766887424893,0.01661766887424893,1.2900569457802472e-08
744,0.7051144103350271,0.7051142273321069,0.05304645524298891,0.05304402264051724,0.5043349547180723,1.2934541549385594e-07,0.053045238955697675,0.053045238955697675,0.9971822327178973
745,0.7071064472735645,0.7071064419740951,0.000692617308023087,0.0006925855429752156,0.5000570384155811,2.1997427911323724e-11,0.000692601425681258,0.000692601425681258,0.99999952030315
746,0.7068203930439519,0.7068203667739011,0.020123844404302902,0.02012292168632768,0.5016510714469767,0.9995949674289076,0.02012338305060397,0.02012338305060397,1.8688600288285587e-08
747,0.7071067704495173,0.7071067704485325,0.00012323086500937128,0.00012322521450629725,0.5000101555690099,0.9999999848148501,0.0001232280397902216,0.0001232280397902216,6.927803696452363e-13
748,0.7070951827911424,0.7070951817268721,0.004051102208273041,0.004050916442132065,0.5003334986242814,0.9999835891887832,0.004051009326267383,0.004051009326267383,7.471235005726531e-10
749,0.006940679982245114,0.0015228415830442679,0.7071051413711483,0.7070727168837606,0.500593780471204,0.0038193235348861726,0.707088929313313,0.707088929313313,0.005992065823975185
750,0.7070805661880549,0.7070805690518912,0.006089032727910898,0.006088753499952124,0.500500495634718,0.9999629246933421,0.006088893115532136,0.006088893115532136,1.7185933357711226e-09
751,0.09402187838085908,0.09378201404116199,0.700860138574295,0.7008280005719888,0.5076357537190477,0.13279740564416542,0.7008440697573577,0.7008440697573577,0.000169782392337408
752,0.7071067001200201,0.7071067001125853,0.00033860875637871775,0.00033859322999708696,0.500027884106767,5.263574444158599e-12,0.00033860099327689676,0.00033860099327689676,0.9999998853493605
753,0.7071067777445906,0.707106777744275,6.977183223543845e-05,6.976863319220685e-05,0.5000057509491652,2.2204922307035346e-13,6.977023273215762e-05,6.977023273215762e-05,0.9999999951321149
754,0.7070651603337907,0.7070651512474332,0.007672802059501353,0.007672450214414782,0.5006301751676651,0.9999411290752386,0.007672626138974898,0.007672626138974898,2.7174378903591535e-09
755,0.7071067773554365,0.7071067773546019,0.00011344500908652055,0.00011343980793389106,0.5000093260386267,0.9999999871308204,0.0001134424085400139,0.0001134424085400139,5.929766387200833e-13
756,0.017354009911116325,0.015979081960936354,0.7069262118069236,0.7068937956581645,0.501449864687939,0.023570092445920066,0.706910003918354,0.706910003918354,0.0009713199268147167
757,0.043031913266634705,0.04249774404878674,0.705828549826909,0.7057961847733426,0.5035440021305512,0.00037796148439124007,0.7058123674856386,0.7058123674856386,0.060478599138370254
758,0.04918407110969681,0.048717926874094215,0.7054265118359905,0.7053941643854722,0.5040513676095696,0.06922716749112541,0.705410338296148,0.705410338296148,0.00032944041794314154
759,0.01895502032190314,0.01770500068900647,0.7068850917586279,0.70685267715741,0.501577559693185,0.0008855339887050338,0.706868884643822,0.706868884643822,0.025922493598346762
760,0.7070997534318323,0.7070997580557183,0.003152714394109782,0.003152569847227961,0.5002592358260559,4.563186404619429e-10,0.0031526421214972964,0.0031526421214972964,0.9999900607982598
761,0.3515789753359489,0.351529871910148,0.6135362655579757,0.6135081303079523,0.5245063590312348,3.463926902093995e-05,0.6135221980942445,0.6135221980942445,0.497173031942923
762,0.08339127281755115,0.08311968401185467,0.7022044703145698,0.7021722691888828,0.5067826291685091,0.0001920965853842714,0.7021883699363123,0.7021883699363123,0.11774102662735579
763,0.706649151580019,0.7066491043295876,0.025437046805618556,0.025435880503683575,0.5020888276551658,0.9993527768675133,0.025436463661335666,0.025436463661335666,2.9561416387929995e-08
764,0.011814868079969336,0.009682221735460598,0.7070404900585691,0.7070080684774744,0.5009927538852712,0.015200810087606417,0.707024279453864,0.707024279453864,0.0015072817129611184
765,0.016512479805239188,0.015060808712664698,0.7069463714062243,0.7069139537529879,0.5013804593026603,0.001025375985811314,0.7069301627654281,0.7069301627654281,0.022325737366972066
766,0.7067293734050981,0.7067293387789558,0.023100686333067038,0.023099626976126775,0.5018983739305352,2.432599713183113e-08,0.02310015666066958,0.02310015666066958,0.9994662403125493
767,0.01884917630960405,0.01759164560833504,0.706887921812777,0.7068555075490645,0.5015731599704923,0.02576758923173896,0.7068717148667192,0.7068717148667192,0.0008881373453260493
768,0.006859075755254001,0.001092240804680698,0.7071059376147383,0.7070735132076277,0.5005868846283219,0.005618006610600831,0.7070897255970404,0.7070897255970404,0.004083859928421659
769,0.02036251634231997,0.019204462191171067,0.7068459440584969,0.7068135312288586,0.5016974910492739,0.0008174221068762063,0.7068297378294708,0.7068297378294708,0.02797812111172867
770,0.704803078516791,0.7048028616318909,0.057034430263632814,0.05703181515225371,0.5046544732454835,1.4854273028952566e-07,0.057033122722931956,0.057033122722931956,0.9967419153546817
771,0.7068194175576092,0.7068193911943131,0.020158081051748076,0.02015715663257881,0.501655051193735,1.8640732926919555e-08,0.02015761884746263,0.02015761884746263,0.9995935878169575
772,0.7071067204040722,0.707106720398497,0.0002932017758883635,0.00029318832986875774,0.5000241806307133,3.8678706926459756e-12,0.0002931950529556405,0.0002931950529556405,0.999999914036657
773,0.7071033632372306,0.7071033629237928,0.002198668201476242,0.002198567395960665,0.5001810020979206,2.201293668192271e-10,0.002198617799296189,0.002198617799296189,0.9999951660680867
774,0.007086941921546693,0.0020906632625857405,0.707103690505944,0.7070712660363198,0.500605893309463,0.00353265472136042,0.7070874784569906,0.7070874784569906,0.006489681756184316
775,0.7070880860136725,0.7070880842989866,0.005142085412643442,0.005141849620819103,0.5004233902360969,0.9999735598205034,0.005141967518082843,0.005141967518082843,1.2058386965482022e-09
776,0.6158746478774014,0.6158656610162904,0.3474327094286971,0.3474167786706403,0.524345935239525,0.8709719250794894,0.34742474414097957,0.34742474414097957,6.361939176540121e-06
777,0.026236324676864837,0.025348563324770847,0.7066522838973688,0.7066198803228279,0.5021795888021832,0.0006287246877009573,0.7066360822958362,0.7066360822958362,0.03647600718892982
778,0.0070172414295321655,0.0018406877041071076,0.7071043854119253,0.7070719612053079,0.5006002470711236,0.003647009786529225,0.7070881734944722,0.7070881734944722,0.00627129397503847
779,0.025612513279674055,0.02470227989988969,0.7066751710423582,0.7066427662995619,0.5021252251422683,0.03557792378026712,0.7066589688567053,0.7066589688567053,0.0006440560841089131
780,0.7055238835283447,0.7055237434795927,0.04728905603239595,0.04728688794026806,0.5038645024986568,1.032353731814456e-07,0.04728797199875754,0.04728797199875754,0.9977613419092086
781,0.7026982705270475,0.7026978596748809,0.07883982501465103,0.07883620996994391,0.506404947619708,2.859643636080007e-07,0.07883801751301805,0.07883801751301805,0.9937651301938258
782,0.008586079091335923,0.0052792044675304935,0.7070870738460658,0.7070546508197503,0.500727871633121,0.002342417699943225,0.7070708625187546,0.7070708625187546,0.009803256259614077
783,0.008273801878054784,0.004754387617751751,0.7070907974216483,0.707058373970979,0.5007024973675265,0.0024918109946596807,0.7070745858821641,0.7070745858821641,0.00921145358258007
784,0.0132574917465967,0.011398211287742061,0.7070149084562782,0.7069824884058928,0.5011115789049652,0.017434144857567797,0.706998698616917,0.706998698616917,0.0013156371294672075
785,0.0287110339855887,0.027902353439100133,0.7065560548693622,0.7065236560282153,0.5023752345074973,0.04003171344090968,0.7065398556344976,0.7065398556344976,0.0005715933405703775
786,0.7065160394873606,0.7065159852820482,0.028899178896778437,0.02889785367575761,0.5023732839766784,3.83802682579178e-08,0.028898516293864487,0.028898516293864487,0.9991645267482068
787,0.7070320056509507,0.7070319987926404,0.010283612365391999,0.010283140823307124,0.5008451084317345,4.85752327405211e-09,0.010283376597052371,0.010283376597052371,0.9998942465738677
788,0.7071056459699555,0.7071056405969884,0.001270053511462218,0.0012699952676564275,0.5001045663617208,7.400946547201093e-11,0.0012700243898932085,0.0012700243898932085,0.9999983870367478
789,0.7069880037023082,0.7069879875393611,0.012960921072456909,0.012960326784324022,0.5010638813103752,0.9998320081166646,0.012960623931796731,0.012960623931796731,7.790644889361438e-09
790,0.017107481481315908,0.01571093462048162,0.7069322220222739,0.7068998048361345,0.5014303977044244,0.023206015254939982,0.7069160136150245,0.7069160136150245,0.0009900733660227659
791,0.026876452382642867,0.026010604735554086,0.7066282250528139,0.7065958224524985,0.5022310618153516,0.03739680412879251,0.7066120239383892,0.7066120239383892,0.0006117943595898071
792,0.15659633263292624,0.15645703322788848,0.6895804498051886,0.6895488297473333,0.5124174748934714,9.86112741137105e-05,0.6895646399575037,0.6895646399575037,0.22136215782371504
793,0.7071029265348605,0.7071029209124108,0.0023365010434545637,0.002336393880441395,0.5001924398879747,2.4855697774815687e-10,0.0023364474625623692,0.0023364474625623692,0.9999945409983436
794,0.7071043533727076,0.707104353150033,0.00185303973886978,0.0018529547661995933,0.5001521355720052,0.9999965663952861,0.0018529972530217597,0.0018529972530217597,1.5958213736866266e-10
795,0.008801664965189247,0.005623017338127773,0.7070844233017853,0.707051999992818,0.5007465348092055,0.010199475909544953,0.7070682118331522,0.7070682118331522,0.002249071211619938
796,0.007809372511941475,0.00389018582567587,0.7070960800727436,0.7070636560465239,0.5006650098562684,0.0027645142663534853,0.7070798682454894,0.7070798682454894,0.008275101494879325
797,0.7059492551092109,0.7059491488462463,0.04044501506070009,0.04044316024682009,0.503310714157977,7.550607142995958e-08,0.04044408766439309,0.04044408766439309,0.9983629357833673
798,0.7070596335493277,0.7070596292253222,0.00816582633603584,0.0081654519220218,0.5006726913250548,3.001561845008371e-09,0.008165639131174794,0.008165639131174794,0.9999333201144764
799,0.7070946100672577,0.7070946089508847,0.004148974884724793,0.004148784620988383,0.5003416123686911,0.9999827866486364,0.004148879753947254,0.004148879753947254,7.860734313497814e-10
800,0.6885688188509654,0.6885670905684755,0.1608582039750013,0.16085082828955558,0.5127405067077002,1.2044376873656079e-06,0.1608545161745533,0.1608545161745533,0.973782136440717
801,0.015323752899121168,0.013747014536434454,0.7069731392290223,0.7069407207093747,0.5012834975787843,0.0011138079009062258,0.7069569301550234,0.7069569301550234,0.02055619720517741
802,0.553866216033367,0.553850215832337,0.4396020227688409,0.439581863521304,0.5275560090995715,0.7832738006026444,0.43959194326063294,0.43959194326063294,1.1407706669834592e-05
803,0.7070692516571794,0.7070692534832855,0.007285480682495265,0.007285146598179603,0.5005987214746193,2.4453906219516924e-09,0.0072853136422524585,0.0072853136422524585,0.9999469227965401
804,0.09506144467488677,0.09482430556121693,0.7007198806048188,0.7006877490982143,0.5077211469873893,0.00016753549836993895,0.7007038150356947,0.7007038150356947,0.13426950182636557
805,0.019614920318460335,0.018409828386008048,0.7068670866710364,0.7068346729617198,0.5016328314071168,0.0008531133453336449,0.7068508800021757,0.7068508800021757,0.02688752643739899
806,0.7071067441579274,0.7071067441545307,0.00022884750094520658,0.00022883700511236256,0.5000188471335076,2.3826496434721228e-12,0.00022884225308895844,0.00022884225308895844,0.9999999476312216
807,0.020993520488685247,0.01987235568421197,0.7068274821196171,0.7067950707931463,0.5017459380688902,0.028896512253381034,0.7068112766421624,0.7068112766421624,0.0007937269926612852
808,0.7071066744007929,0.7071066743905166,0.0003980991857757572,0.00039808093270753754,0.5000328147608176,7.1807988723664036e-12,0.000398090059346264,0.000398090059346264,0.9999998415242907
809,0.007276716808891354,0.00266410781873269,0.7071017624992394,0.7070693384615712,0.5006208902411059,0.007027034772427383,0.7070855506662596,0.7070855506662596,0.0032663221356337598
810,0.7039195853519301,0.7039192922969946,0.06706437155522428,0.06706129552853611,0.505454254247833,0.9954924172036124,0.06706283355951653,0.06706283355951653,2.106819537740673e-07
811,0.7071067805088996,0.7071067805088375,3.095846731537173e-05,3.0957047456324205e-05,0.5000025506784511,4.454217540707088e-14,3.09577573939881e-05,3.09577573939881e-05,0.9999999990416174
812,0.007764076731512484,0.0037985155661340547,0.7070965784669787,0.707064154877406,0.5006608660558306,0.002798795699803332,0.7070803668580429,0.7070803668580429,0.008177796182874454
813,0.7071067295793083,0.7071067295745754,0.00027016725914143355,0.00027015487134470834,0.5000222076750243,0.999999927012996,0.0002701610653140738,0.0002701610653140738,3.3728938238694525e-12
814,0.7016039134301748,0.701603406811393,0.08804918824524685,0.0880451512547032,0.5071388904624008,3.5569348234554403e-07,0.08804716977311221,0.08804716977311221,0.9922174115534171
815,0.7071065136225788,0.7071065188663989,0.0006151643847130365,0.0006151361808874118,0.5000507186474071,0.9999996215900573,0.0006151502829618628,0.0006151502829618628,1.7027714247505587e-11
816,0.7070940058648717,0.7070940046929942,0.00425070902592136,0.00425051408280041,0.5003496109087637,8.328057682877282e-10,0.004250611555478455,0.004250611555478455,0.9999819321381801
817,0.01846833486306918,0.0171829154440119,0.7068979752530377,0.7068655604903847,0.5015363476815093,0.0009052518569263159,0.7068817680575127,0.7068817680575127,0.025209373154563976
818,0.0119338543309663,0.009827093423540734,0.7070384913389409,0.7070060700735235,0.5010038495676012,0.0014901257447863582,0.7070222808920713,0.7070222808920713,0.015387272975171581
819,0.0067940468961917725,0.0005521511520767293,0.707106565610236,0.7070741410400758,0.5005817821689174,0.005215444731124498,0.707090353511015,0.707090353511015,0.004388972497982562
820,0.011389307895601894,0.009158049851238134,0.7070474737405706,0.7070150519371281,0.5009594188192262,0.0015763093523218801,0.7070312630246923,0.7070312630246923,0.014529331032238378
821,0.7069704377108234,0.7069704252057452,0.013885887958914829,0.013885251274876538,0.5011399761474108,8.898348216467955e-09,0.013885569620544859,0.013885569620544859,0.9998071723650644
822,0.7070257132085009,0.7070257057738945,0.010707538228997145,0.01070704730584024,0.5008809647414361,5.1943901407095e-09,0.010707292770232262,0.010707292770232262,0.9998853473089119
823,0.01696949380272486,0.015560584566884833,0.7069355474239197,0.7069031307612639,0.5014170744330473,0.000995319773769107,0.7069193392784052,0.7069193392784052,0.023002279167701086
824,0.007628736258471093,0.0035135143325202072,0.7070980520529259,0.7070656280600789,0.5006501607610147,0.007879787517417011,0.7070818402423571,0.7070818402423571,0.0029071201657987493
825,0.15683043374586175,0.15669135678072876,0.6895272429064792,0.6894956236634727,0.5124365158211248,9.834143393014598e-05,0.6895114334662233,0.6895114334662233,0.22169338413146922
826,0.7060351563102757,0.7060350579371971,0.03891653843312436,0.03891475367932774,0.503181210195106,0.9984844240059293,0.038915646066457636,0.038915646066457636,7.024256089278749e-08
827,0.017320075792709982,0.01594222351734522,0.7069270439793094,0.7068946279186448,0.501446831900005,0.023519947044418173,0.7069108361347859,0.7069108361347859,0.0009755006237609956
828,0.013143389841949321,0.011265238808313345,0.7070170396776783,0.706984618859179,0.5011044129860018,0.01725950798608959,0.7070008294542682,0.7070008294542682,0.001328038412055709
829,0.007464778851672434,0.0031415989250708405,0.7070998022600464,0.7070673780317533,0.500636730325977,0.0030548841362363585,0.7070835903317569,0.7070835903317569,0.0075006833038433075
830,0.007988029461719125,0.004237480964190805,0.7070940840900023,0.7070616602428107,0.5006798809643167,0.002650623814856884,0.7070778723522606,0.7070778723522606,0.008645175128086517
831,0.010832560931522045,0.008455632463427004,0.7070562228561794,0.7070238013134131,0.5009138483400781,0.0016864113667538411,0.707040012270634,0.707040012270634,0.0136381125304707
832,0.70710677625139,0.7071067762509373,8.354643323818342e-05,8.354260233776839e-05,0.5000068851576475,3.181832607841333e-13,8.354451780993397e-05,8.354451780993397e-05,0.9999999930203134
833,0.7055210507383729,0.7055209104160146,0.04733130464744401,0.047329134420807946,0.50387604300038,1.0167538356171186e-07,0.04733021954656488,0.04733021954656488,0.9977573355457425
834,0.00694419843528643,0.0015386956760822736,0.7071051070495912,0.7070726823381717,0.5005938304355638,0.0038232712940197222,0.7070888948797426,0.7070888948797426,0.005997672223133112
835,0.6636505066129579,0.6636463851269404,0.2440767819927671,0.24406558967838712,0.5184792698108137,2.9203281132476725e-06,0.2440711858997326,0.2440711858997326,0.9385406290717887
836,0.7070141193151419,0.7070141055475353,0.011447906219863737,0.011447381300492714,0.5009430409242657,5.888753930255807e-09,0.011447643763186929,0.011447643763186929,0.9998689428642852
837,0.008688245925818277,0.005443724731588729,0.7070858263757597,0.7070534027799658,0.5007373202479664,0.009992322918234842,0.7070696147637161,0.7070696147637161,0.0022963532982558615
838,0.0296356702811256,0.028853005335498887,0.7065178724442238,0.7064854754678196,0.5024562252184308,0.0005543912344974474,0.7065016741417193,0.7065016741417193,0.04135772624626542
839,0.07864161408829584,0.07835312628803198,0.7027522946251308,0.7027200698240961,0.5064125875731322,0.00020370223080628386,0.7027361824093269,0.7027361824093269,0.11101204606222656
840,0.7071067573276665,0.7071067573254778,0.00018369716472851032,0.0001836887398123675,0.5000151357630405,1.5418435896890136e-12,0.00018369295231873911,0.00018369295231873911,0.9999999662568994
841,0.03651347088023646,0.03588169496114366,0.7061957971885139,0.7061634134138383,0.5030185442882241,0.00044687841656079324,0.7061796054868069,0.7061796054868069,0.051191111422660585
842,0.013517627710795637,0.011699777462916793,0.7070099823958097,0.7069775624028511,0.5011349255002226,0.0012819612280001317,0.7069937725851625,0.7069937725851625,0.01783164678371996
843,0.010264005059002079,0.007713721636246401,0.7070647060195557,0.7070322837055186,0.5008656527431014,0.0018019822194099487,0.7070484950483815,0.7070484950483815,0.012712362476102565
844,0.0356480944570512,0.03500064036288282,0.7062400124583981,0.7062076276574629,0.5029443693387123,0.0004578462161230422,0.7062238202435615,0.7062238202435615,0.04995619899495567
845,0.7071061736092134,0.7071061735535005,0.0009269965067438382,0.0009269540083334733,0.5000762155294494,3.961802160669892e-11,0.0009269752577822055,0.0009269752577822055,0.9999991407164991
846,0.7071053352592338,0.7071053351266425,0.0014300473551179405,0.001429981792119698,0.5001178554530785,9.245805926185128e-11,0.0014300145739945594,0.0014300145739945594,0.9999979550562268
847,0.02241529431178328,0.021368965422332256,0.706783819365423,0.7067514093236121,0.5018620359716418,0.0007415032021861063,0.706767614530295,0.706767614530295,0.03096010780513924
848,0.0068206070367922925,0.0008165852072910567,0.7071063096795246,0.7070738853328173,0.5005838535141379,0.004233654799449612,0.7070900976920276,0.7070900976920276,0.005409589521415133
849,0.0072196853535797115,0.002503953613514386,0.7071023477660837,0.7070699230934672,0.5006167075363966,0.006876811004689573,0.7070861356156368,0.7070861356156368,0.0033321330569329867
850,0.7070866232832934,0.7070866214344487,0.005339455816924473,0.0053392109748724124,0.5004399799618813,1.2875132742818718e-09,0.0053393333973018875,0.0053393333973018875,0.9999714911124985
851,0.7071048369016745,0.7071048419916945,0.001658276955056679,0.0016582009091709302,0.5001362385337523,0.9999972502398611,0.0016582389325497323,0.0016582389325497323,1.2717666519973855e-10
852,0.707038138953879,0.7070381273879931,0.009853244119507503,0.009852792217997263,0.5008097294477875,4.475468470674159e-09,0.009853018171343153,0.009853018171343153,0.9999029133200021
853,0.0067766457146353695,0.00026241571161145114,0.7071067324937522,0.7070743080277019,0.5005802830104994,0.004650918672541501,0.7070905204465849,0.7070905204465849,0.0049356605077174
854,0.24118684044604388,0.2411028182721243,0.6647326011421695,0.6647021197466201,0.5183121406618814,0.3410302881833775,0.664717360619115,0.664717360619115,5.9368922654086127e-05
855,0.007550871875114356,0.003340970399488706,0.7070988883577617,0.7070664638730352,0.5006438009492805,0.002978540358841511,0.7070826763012587,0.7070826763012587,0.007701041917520318
856,0.7066686001741351,0.7066685652414333,0.024890687928939455,0.024889546559286314,0.5020470040125676,0.9993802900430316,0.024890117250655267,0.024890117250655267,2.801965140004471e-08
857,0.7068928878925924,0.7068928630007321,0.01739195902178339,0.01739116140988687,0.5014249645570467,1.4073620037247657e-08,0.017391560220407644,0.017391560220407644,0.9996974878762946
858,0.00778187179446284,0.0038346843614666744,0.7070963832433603,0.7070639592507653,0.5006628710507847,0.00278786145973003,0.707080171432918,0.707080171432918,0.008215239574040757
859,0.7070324451557136,0.7070324383371605,0.010253347697643956,0.010252877504979895,0.5008427722065235,0.9998948681555768,0.010253112604007221,0.010253112604007221,4.842702138128136e-09
860,0.00735979384552092,0.0028832438277614273,0.7071009029162879,0.7070684786034174,0.5006276507230991,0.007239323346341925,0.7070846909457102,0.7070846909457102,0.0031736190549592987
861,0.012981169687602396,0.011075559578915043,0.7070200364770499,0.7069876160397272,0.5010914694582461,0.001347242308751037,0.707003826444223,0.707003826444223,0.0170106944186866
862,0.7063105569787222,0.7063104839089107,0.03354847716903588,0.03354693876359078,0.5027499633076163,5.1713731455656423e-08,0.03354770797513172,0.03354770797513172,0.9988739172584448
863,0.019131540843095245,0.017893880318512564,0.7068803357338128,0.7068479215113886,0.5015930061396467,0.0008752537959025326,0.7068641288084008,0.7068641288084008,0.02618092318229117
864,0.7070546451832629,0.7070546351320112,0.00858737086300427,0.008586977046762171,0.5007076664608575,0.9999262577244686,0.008587173957140821,0.008587173957140821,3.3336511244885632e-09
865,0.016033624366696055,0.014534145554185316,0.7069573951894237,0.7069249768466757,0.5013403831978266,0.001055315468265666,0.7069411862038767,0.7069411862038767,0.0216149209247916
866,0.7070914816450772,0.7070914802418488,0.004651727570822471,0.004651514266505926,0.5003829594071707,9.859999134039247e-10,0.004651620919886857,0.004651620919886857,0.9999783621887225
867,0.023922727630227205,0.022945480380619214,0.7067343948967708,0.7067019903061913,0.5019888937051289,0.03314077028680511,0.706718192787209,0.706718192787209,0.000693766505846052
868,0.006845874376288735,0.0010060041780609328,0.7071060655627219,0.7070736411469597,0.5005859507805357,0.004125154717062703,0.7070898535406983,0.7070898535406983,0.005555280204052124
869,0.7070959472704673,0.7070959410080438,0.003915381201251142,0.003915201674114487,0.5003228829775409,6.863983941568509e-10,0.003915291438711794,0.003915291438711794,0.9999846703754536
870,0.7068885372843633,0.7068885172655529,0.017567702129382606,0.017566896594783492,0.5014434952121377,0.9996913423581895,0.017567299366700196,0.017567299366700196,1.4132057419763792e-08
871,0.021629584509318612,0.020543200265596043,0.7068083028111821,0.7067758916948516,0.5017992231450461,0.0007701440375554696,0.7067920974388001,0.7067920974388001,0.029820611567128147
872,0.01572443223936711,0.014192318118161034,0.706964340055236,0.706931921920879,0.5013137761449776,0.021154524451353775,0.7069481311738802,0.7069481311738802,0.0010797012319149193
873,0.7071055102866185,0.7071055101700522,0.001340703975379238,0.0013406424952999523,0.5001101584818034,8.312810970878417e-11,0.0013406732356920118,0.0013406732356920118,0.9999982025936593
874,0.7071067806128563,0.7071067806128037,2.8485044206928204e-05,2.8483738204013103e-05,0.5000023509452642,0.9999999991886411,2.8484391212955653e-05,2.8484391212955653e-05,3.7488524622850114e-14
875,0.6824297745589046,0.6824274701029787,0.18518301231172443,0.18517451983326075,0.5145249470412175,0.9650998130520525,0.18517876612117679,0.18517876612117679,1.6008928187814952e-06
876,0.7070885603702063,0.7070885586991107,0.00507643150385843,0.005076198734106806,0.5004177217277099,1.17124087798524e-09,0.0050763151203168,0.0050763151203168,0.9999742306927699
877,0.7070756470038141,0.7070756388793087,0.006636332075393872,0.006636027756691699,0.5005451560985771,2.0431612126153255e-09,0.0066361799177871985,0.0066361799177871985,0.999955960146342
878,0.007907226341230473,0.004083074409463515,0.7070949925599624,0.7070625684984286,0.5006730303574825,0.0027016994286237057,0.7070787807150519,0.7070787807150519,0.00847918305274979
879,0.007450830936747935,0.0031083195367397937,0.7070999493350703,0.707067525147601,0.500635434379852,0.0030628846803654195,0.7070837374271921,0.7070837374271921,0.007469623111326385
880,0.7071038567031137,0.7071038511660093,0.00203559971489022,0.002035506357944106,0.5001674969914203,1.906491278049398e-10,0.0020355530369523694,0.0020355530369523694,0.9999958565152507
881,0.041582790409534345,0.04102960015758492,0.7059154141332443,0.7058830438317257,0.5034292710382197,0.00038854476901083125,0.7058992291680352,0.7058992291680352,0.058415798829707974
882,0.707106483162394,0.7071064831350604,0.0006492367563846569,0.0006492069857193724,0.5000534675309267,1.9271065836470125e-11,0.0006492218712226599,0.0006492218712226599,0.9999995785108726
883,0.4849625413429914,0.48493749856385854,0.514621828238657,0.5145982253118948,0.5282304260760146,0.6858228926558971,0.5146100269105964,0.5146100269105964,1.7755480262422823e-05
884,0.7062047570324806,0.7062046742246291,0.03570655546654529,0.03570491765422505,0.5029277147190245,5.9318567577805e-08,0.03570573656977593,0.03570573656977593,0.9987242866537372
885,0.7071056464520294,0.7071056463479596,0.0012668475968280553,0.0012667895077111777,0.5001043074555886,0.9999983951694665,0.0012668185526025716,0.0012668185526025716,7.320962997052478e-11
886,0.6781458672899113,0.6781431544704911,0.2003044234279702,0.20029523877919309,0.5155921779766904,1.916788843566064e-06,0.20029983115622635,0.20029983115622635,0.9590411645356527
887,0.7028231800072845,0.702822780671442,0.07771833097321347,0.07771476725754009,0.5063212491149545,2.7750606517023395e-07,0.07771654913580371,0.07771654913580371,0.9939417870181169
888,0.7071000045264016,0.7071000039044789,0.0030970839179285045,0.00309694192254538,0.5002545452664445,4.4320707476093897e-10,0.003097012921050739,0.003097012921050739,0.9999904084649679
889,0.7071043988797042,0.7071043933923675,0.00183761944149612,0.0018375351772191844,0.5001509801926861,0.9999966233039295,0.0018375773098406574,0.0018375773098406574,1.564952207993403e-10
890,0.7068771771986248,0.7068771561381044,0.018019049089946462,0.018018222878632334,0.501477895454624,0.9996752760342682,0.01801863598902495,0.01801863598902495,1.513651590725057e-08
891,0.7058755537286845,0.7058754459824986,0.04171165540485381,0.04170974284530331,0.5034115176918178,0.9982587015173752,0.04171069913604064,0.04171069913604064,8.045586923969537e-08
892,0.6786363645356912,0.6786336928071447,0.1986361270941451,0.19862701699517046,0.5154594460177023,1.878106687514415e-06,0.19863157209688637,0.19863157209688637,0.9597348577232978
893,0.08894209712297693,0.08868801150075636,0.7015229409050251,0.7014907721127631,0.5072319548661202,0.00017991742478116627,0.7015068566932886,0.7015068566932886,0.1256034539903725
894,0.007466496582283375,0.003145683525115912,0.707099784100631,0.7070673598949296,0.5006367548614998,0.003050010109557678,0.707083572183637,0.707083572183637,0.007506086489311922
895,0.7068996066486373,0.7068995876479569,0.017116453579869215,0.01711566884481115,0.5014074037021646,1.3320076316745716e-08,0.01711606121683749,0.01711606121683749,0.9997069975231991
896,0.01900394880922364,0.017757415139613396,0.706883777015397,0.7068513633923686,0.5015807365165157,0.0008849156821542979,0.7068675703896751,0.7068675703896751,0.02599409138669096
897,0.7070078239629048,0.7070078148865989,0.01183003335907752,0.011829490912053283,0.5009736641778721,0.9998600469343125,0.011829762138674604,0.011829762138674604,6.338446038609763e-09
898,0.01128978118539528,0.009033974665889302,0.7070490699390879,0.707016648206235,0.5009500684765126,0.0015922063962248059,0.7070328592585032,0.7070328592585032,0.014371386024662198
899,0.007148597897421373,0.0022916512657459778,0.7071030676884914,0.7070706453735244,0.5006103172737405,0.006659822927153587,0.707086856716842,0.707086856716842,0.0034642279326807506
900,0.013220052566055747,0.01135464343533607,0.7070156094970317,0.7069831894820086,0.5011077016102138,0.017376700730439006,0.706999399675351,0.706999399675351,0.0013221153949857208
901,0.7071064846942569,0.7071064793982296,0.000653293992513725,0.0006532640413124237,0.5000538488185207,1.9371171728477006e-11,0.000653279017084723,0.000653279017084723,0.9999995732264345
902,0.7071038847470901,0.7071038897497025,0.0020239939206014193,0.0020239010780945836,0.5001668392196377,1.8524335126074349e-10,0.0020239474998803605,0.0020239474998803605,0.9999959036281277
903,0.706874803892589,0.7068747773448104,0.01811212725563565,0.018111296749535093,0.501487017069268,1.5109154936953296e-08,0.018111712007345696,0.018111712007345696,0.999671912067317
904,0.007014097420515907,0.001828715092964471,0.7071044164769187,0.7070719924006164,0.5006001025875856,0.006246722663064697,0.7070882046246215,0.7070882046246215,0.00367698482907603
905,0.7060222902344478,0.7060221959705976,0.039149281423876664,0.03914748640849504,0.5032071037043939,7.009972666274212e-08,0.0391483839264739,0.0391483839264739,0.9984662278073718
906,0.7070939957508061,0.7070939945780023,0.004252391294470637,0.004252196274424604,0.5003506303101418,0.9999819178340763,0.00425229378556563,0.00425229378556563,8.19998565815407e-10
907,0.036991669415476824,0.03636826270548018,0.7061709066987876,0.7061385249325083,0.5030622284655126,0.051873302905132264,0.7061547160012623,0.7061547160012623,0.00044111684522579026
908,0.6549478809579421,0.6549429063725951,0.2665516636455723,0.2665394402873721,0.5199266375433549,0.9262326583352336,0.26654555203654023,0.26654555203654023,3.5110587352027522e-06
909,0.008559603957153376,0.005235958822472446,0.7070873954011674,0.707054971823333,0.5007266909632391,0.0023535822286387975,0.707071183798103,0.707071183798103,0.009754113767379302
910,0.05090991850568195,0.050459877249758554,0.7053040484698349,0.7052717066476896,0.504180346485803,0.07167927183602069,0.7052878777441465,0.7052878777441465,0.00031781027946271086
911,0.17550673119557472,0.17538409613834594,0.6850112545219446,0.6849798444516723,0.5138187027878902,0.24811728358845248,0.6849955496668448,0.6849955496668448,8.635917888550419e-05
912,0.006783506491545733,0.0004026280957509572,0.7071066665578929,0.7070742422402881,0.5005807745001907,0.004496094732751644,0.7070904545849468,0.7070904545849468,0.005095409881300432
913,0.6798826099576979,0.6798800684784744,0.1943273003193444,0.19431838996118733,0.5151543767437098,1.7908670399800326e-06,0.19432284519133716,0.19432284519133716,0.9614974070013288
914,0.7070651563573038,0.7070651472711019,0.00767316847818769,0.007672816664242974,0.5006303483961253,0.999941123451747,0.007672992573231709,0.007672992573231709,2.7088829325831365e-09
915,0.14299026437891132,0.1428363769494758,0.6925299772717021,0.6924982197037375,0.5114239031254557,0.00010805367177752584,0.6925140986697638,0.6925140986697638,0.20210995673545556
916,0.006790205469309959,0.0005028343933847871,0.7071066023999348,0.7070741779401163,0.5005814226218086,0.0044498731376289,0.7070903903558835,0.7070903903558835,0.005153480552173092
917,0.7070416216481203,0.7070416104037454,0.009600060295537997,0.009599620153413186,0.5007900588003945,4.171961934372064e-09,0.009599840226998098,0.009599840226998098,0.9999078388207744
918,0.006804720277433439,0.0006713136831090282,0.7071064625202773,0.707074038401878,0.5005826885283574,0.0053100595476475035,0.7070902506469317,0.7070902506469317,0.004307916864190068
919,0.00969681980584509,0.006941087027824861,0.707072712888622,0.707040290002801,0.5008200363923233,0.011764704876790131,0.7070565016315602,0.7070565016315602,0.0019490305878572044
920,0.007524254563705419,0.003280411022049043,0.7070991719013208,0.7070667476229834,0.5006420843742104,0.007639224832409366,0.7070829599480098,0.7070829599480098,0.003002956259585591
921,0.7064725037063777,0.7064724455048923,0.029944678030285644,0.029943304875091385,0.5024592455542859,0.9991029550305712,0.029943991460559698,0.029943991460559698,4.082884290858309e-08
922,0.0068041069617474975,0.0006645175113233809,0.7071064689397736,0.7070740443040254,0.5005824919727441,0.005277497451537541,0.7070902568077594,0.7070902568077594,0.0043457422517644735
923,0.7068973413844414,0.7068973221730663,0.017209761896877607,0.01720897276445422,0.5014152713960627,1.3371443447520021e-08,0.017209367335189105,0.017209367335189105,0.9997037938068675
924,0.021968149093708523,0.020899392883859638,0.7067978603370915,0.7067654493715727,0.5018221081907571,0.030311877381878523,0.7067816550401164,0.7067816550401164,0.0007578173284447305
925,0.06433818953086311,0.06398377157364078,0.7042059904425819,0.7041736982931814,0.5052519168608198,0.0002518664784826306,0.7041898445529852,0.7041898445529852,0.09073732539685157
926,0.08100374531280814,0.08072390666246307,0.702483915042299,0.7024517017171386,0.5065983479152237,0.11435872050305998,0.7024678085643712,0.7024678085643712,0.0001972471935197067
927,0.7071067680040295,0.7071067680028204,0.0001365452490417151,0.00013653898713726734,0.5000112425604756,0.9999999813562495,0.0001365421181253881,0.0001365421181253881,8.547413096010667e-13
928,0.7063864163405127,0.7063863502392959,0.03191119232508031,0.03190972907452069,0.502614994325376,4.7005824885317335e-08,0.031910460708187656,0.031910460708187656,0.9989812035242623
929,0.7066542662544364,0.7066542247383252,0.025294546947694077,0.025293387084710968,0.5020779511016125,2.9058851299091484e-08,0.025293967022850763,0.025293967022850763,0.999360010438928
930,0.483155779159646,0.4831304777339279,0.5163186433633628,0.5162949671114684,0.5282787582107543,1.7837217936782762e-05,0.5163068053731308,0.5163068053731308,0.6832675648182138
931,0.012986223743360845,0.011081311204666947,0.7070199463537017,0.7069875232229301,0.5010903727113086,0.01701811350115772,0.7070037349741813,0.7070037349741813,0.0013495473274470926
932,0.32808605691784937,0.32803120724172136,0.6264148202872751,0.6263860943987327,0.523406854650802,3.888956556384215e-05,0.6264004575076705,0.6264004575076705,0.46394496673200936
933,0.008274275698694983,0.004755194313719596,0.7070907919970647,0.7070583684262987,0.50070269773654,0.009214284836927976,0.7070745803975336,0.7070745803975336,0.0024844448561408524
934,0.706844526869249,0.7068445080790285,0.019257436130796904,0.01925655304009089,0.5015816009732563,1.6931366641182622e-08,0.01925699459050602,0.01925699459050602,0.9996290993757032
935,0.7071066944666046,0.7071066944581681,0.00036069796623030447,0.0003606814272823909,0.5000296367335683,6.002627089241504e-12,0.0003606896968511442,0.0003606896968511442,0.9999998699029347
936,0.7071012113168557,0.7071012055371519,0.002808046991448689,0.0028079182247775967,0.5002310107035958,0.9999921152025834,0.002807982608851256,0.002807982608851256,3.621112374703771e-10
937,0.7071065944734118,0.7071065997246425,0.0005138836750540826,0.000513860109785365,0.5000423487153098,0.999999735935642,0.0005138718925548067,0.0005138718925548067,1.200104900451745e-11
938,0.7025101123331493,0.7025096947145362,0.08049929337720962,0.08049560279707478,0.5065356107467912,2.9999109653307323e-07,0.08049744810829255,0.08049744810829255,0.9934990295395426
939,0.09711256433199293,0.09688063059406131,0.7004385365010269,0.7004064176239878,0.5078919975181285,0.0001642031618723077,0.7004224772466147,0.7004224772466147,0.13717390339550767
940,0.7065473576699125,0.7065473063448966,0.028123013650204722,0.028121724158798822,0.5023039942228373,3.6671533743264475e-08,0.028122368911892643,0.028122368911892643,0.9992088193833977
941,0.08708264076364158,0.08682294079272096,0.7017562090584618,0.7017240296529156,0.5071025896459123,0.0001835630712273778,0.7017401195401436,0.7017401195401436,0.12296981564664183
942,0.707105807897571,0.7071058078082955,0.0011732705476323608,0.0011732167418296066,0.5000965633721134,6.299391862853226e-11,0.0011732436450394305,0.0011732436450394305,0.9999986234984023
943,0.6767776102848324,0.6767747661943321,0.20488024756575826,0.20487085253190787,0.5158970750786562,1.9980006720692717e-06,0.20487555010268693,0.20487555010268693,0.9571060640996116
944,0.6981268049047856,0.6981259759718859,0.11233934764477396,0.11233419617104884,0.5090460155579752,5.845965799116834e-07,0.11233677193744059,0.11233677193744059,0.9872998021578897
945,0.7070823229969254,0.707082315485065,0.0058821023687988345,0.00588183267294394,0.5004840385317755,1.5794903256765835e-09,0.005881967522417127,0.005881967522417127,0.9999654018595479
946,0.7070496380152614,0.7070496327743145,0.008989816110851314,0.008989403900583,0.5007389782207757,0.9999191836462613,0.00898961000807985,0.00898961000807985,3.7008836423725466e-09
947,0.009770548928072572,0.007043799247435765,0.7070716971369718,0.7070392749866445,0.500827009292587,0.011890731414653476,0.7070554862476487,0.7070554862476487,0.0019207396019788182
948,0.7071056631959667,0.7071056683617711,0.0012574661910307132,0.001257408522349074,0.500103315220578,7.298100712643326e-11,0.0012574373570204947,0.0012574373570204947,0.9999984188500433
949,0.7070524019305803,0.7070523969416236,0.008770144189920458,0.008769741969096146,0.5007197653547422,0.9999230851403939,0.008769943081814214,0.008769943081814214,3.5799846653727283e-09
950,0.007204604172517625,0.0024602575499805867,0.7071025011501418,0.7070700769227578,0.5006152915694664,0.006832050541738765,0.7070862892223061,0.7070862892223061,0.0033589095032905596
951,0.0072642874380036025,0.002629914679427934,0.7071018905000772,0.707069466267652,0.5006201825561172,0.0069975974248019605,0.707085678569721,0.707085678569721,0.00327413400510921
952,0.7071035693251144,0.7071035742988765,0.0021313526926286103,0.0021312549550729382,0.5001752006759318,2.0983108056011358e-10,0.002131303824411032,0.002131303824411032,0.9999954575336917
953,0.691946609838908,0.6919451989674539,0.145642856419037,0.14563617827754827,0.5116234667091629,9.701300064013992e-07,0.14563951738657002,0.14563951738657002,0.9785592787102294
954,0.006809105933178249,0.0007139859753514589,0.7071064207204037,0.7070739961817181,0.5005829804693376,0.005334139081820496,0.7070902086369197,0.7070902086369197,0.004291929617087986
955,0.06510015126701264,0.06474997706338761,0.7041359531157969,0.704103664459299,0.5053300212492767,0.00024761306622960084,0.7041198089726297,0.7041198089726297,0.09181790627359451
956,0.03442629922796719,0.033755326908643295,0.706300628560732,0.7062682421866786,0.5028460784107684,0.048211693446383375,0.7062844355593384,0.7062844355593384,0.00047411841861226604
957,0.007152390393362045,0.002302623687045228,0.7071030320428896,0.707070607020019,0.5006111095824498,0.0066788138330858525,0.7070868197173196,0.7070868197173196,0.0034427038605443177
958,0.7061250045726131,0.7061249197253388,0.03725057292334207,0.037248864644785454,0.5030532751641821,6.358299597801728e-08,0.037249718793856516,0.037249718793856516,0.9986114944759801
959,0.698736787808316,0.6987360155611746,0.10848032336642992,0.1084753491043359,0.5087537927476733,5.404722398269948e-07,0.10847783626389484,0.10847783626389484,0.988162495786345
960,0.7071056850924383,0.7071056849919067,0.0012450912121007224,0.0012450341174291245,0.5001023220195756,0.9999984498177589,0.0012450626650921965,0.0012450626650921965,7.123066093618503e-11
961,0.03058588061896384,0.029828229806979946,0.7064773716974037,0.7064449758521623,0.5025298078685905,0.0005375311247297737,0.7064611739604781,0.7064611739604781,0.0427192044993304
962,0.013404290275161771,0.011568633879111643,0.7070121404262937,0.7069797203613534,0.5011254270867169,0.01765849876002293,0.7069959305796558,0.7069959305796558,0.001298348624982845
963,0.7064360722645122,0.7064360054427069,0.030792372661964024,0.030790960475498712,0.5025243799160926,0.9990514233706113,0.030791666576827196,0.030791666576827196,4.346959108399031e-08
964,0.7071064729069443,0.70710647287867,0.0006603128703173371,0.0006602825917930294,0.5000542669361354,2.0183557923567274e-11,0.0006602977312287395,0.0006602977312287395,0.9999995640068114
965,0.008135688233874082,0.0045096794924991334,0.7070924004618311,0.7070599766476396,0.5006914846373502,0.008940074932932116,0.7070761887405896,0.7070761887405896,0.002569375869238146
966,0.7069373956542095,0.7069373801159891,0.015477099041538113,0.015476389296072892,0.5012721386001084,0.999760441695717,0.015476744172874018,0.015476744172874018,1.0875761417653668e-08
967,0.5730694809238653,0.5730557550336289,0.4142548824829484,0.41423588694565316,0.5269351232721528,9.697499949874545e-06,0.41424538482318274,0.41424538482318274,0.8104329227094282
968,0.7071046437805306,0.7071046488528449,0.0017386837703896006,0.0017386040403962646,0.5001429247409636,0.9999969771128003,0.0017386439058499612,0.0017386439058499612,1.3917455496885822e-10
969,0.02146388915508879,0.020368650300889062,0.7068133544896578,0.7067809430526127,0.5017866688187896,0.0007739926852204927,0.7067971489569209,0.7067971489569209,0.029580084314705254
970,0.021199596212967124,0.02008992232826635,0.7068213317528302,0.7067889197776147,0.5017630690444583,0.029196151377927526,0.7068051259510122,0.7068051259510122,0.0007826898911867799
971,0.008102490287638812,0.004449522529080259,0.7070927815706114,0.7070603578557773,0.5006882036906597,0.008875186345636894,0.7070765698990473,0.7070765698990473,0.002584505161204857
972,0.7071056204195599,0.7071056203130869,0.0012812968604814683,0.0012812381002039802,0.5001052874775498,0.9999983583522958,0.0012812674806795758,0.0012812674806795758,7.55368192109377e-11
973,0.7071063665321148,0.7071063717624397,0.0007658090718621418,0.0007657739551668276,0.5000631463751117,0.9999994135631858,0.0007657915137157769,0.0007657915137157769,2.6477854775668907e-11
974,0.01318982636901481,0.011319414672284629,0.7070161743916986,0.70698375404273,0.5011083063421755,0.017330696163253716,0.7069999644030488,0.7069999644030488,0.001321982853472018
975,0.6992842265844185,0.6992835103251231,0.10489318164458095,0.10488837137753858,0.5084574507763141,5.158457150909322e-07,0.1048907765386345,0.1048907765386345,0.9889367269921672
976,0.03506599329522825,0.034407529723865966,0.7062691568363317,0.7062367705927759,0.5028989209668189,0.00046551294673110834,0.7062529639001937,0.7062529639001937,0.049125199868129
977,0.01145999365946723,0.009245811779763734,0.7070463315543998,0.7070139097254919,0.5009648907397968,0.0015659916987980907,0.7070301208257894,0.7070301208257894,0.014641180285111667
978,0.0072007867903964625,0.0024490647404864455,0.7071025400052678,0.7070701158086118,0.5006151190858379,0.006829511059064573,0.7070863280927957,0.7070863280927957,0.003347689830010668
979,0.011986399412731006,0.009890823515670522,0.7070376026847425,0.707005181189731,0.5010085057406214,0.015469356454753063,0.7070213921230787,0.7070213921230787,0.0014836345828569027
980,0.006790220718945468,0.0005025196166368077,0.7071066026237162,0.7070741777936754,0.5005812464392779,0.005222410931657114,0.7070903903945579,0.7070903903945579,0.004368758111046961
981,0.7071053464153761,0.7071053515521549,0.0014245198732510717,0.0014244545592183014,0.5001171429383979,0.9999979708341116,0.0014244872166090253,0.0014244872166090253,9.330821471941214e-11
982,0.31710390932689353,0.3170461403839247,0.6320456825797051,0.6320167012742541,0.522791311225185,4.117429823335492e-05,0.6320311920930942,0.6320311920930942,0.448411800410537
983,0.021421324323276425,0.020323796290609146,0.7068146456492945,0.7067822344005521,0.5017812647613333,0.029518256544642435,0.7067984402107065,0.7067984402107065,0.0007761198295668334
984,0.08422408318569545,0.0839552943844117,0.7021050552052789,0.7020728621813479,0.5068555855560914,0.0001890441675875129,0.7020889588778327,0.7020889588778327,0.11892077995853746
985,0.006892336622187404,0.001284461530014383,0.7071056145715288,0.7070731897730871,0.5005897669703785,0.0039955179379381495,0.7070894023581699,0.7070894023581699,0.005761074721199775
986,0.706783156916918,0.7067831272329748,0.02139184561402401,0.021390864838827395,0.5017566121003845,0.9995423051790595,0.02139135523204667,0.02139135523204667,2.096514875350526e-08
987,0.008616683984313315,0.005328795546995299,0.7070867018534678,0.7070542785084545,0.5007309391778428,0.0023258033685604296,0.7070704903668115,0.7070704903668115,0.009860727334126601
988,0.010873709072110693,0.00850823294138213,0.7070555918541461,0.707023169670568,0.5009166703503591,0.013704892643781358,0.7070393809482022,0.7070393809482022,0.0016743638768649152
989,0.006944602374112806,0.0015406038790039304,0.7071051028946765,0.7070726783703841,0.5005941202948431,0.0038232488656684744,0.7070888908183893,0.7070888908183893,0.005998644059927204
990,0.707106238840198,0.7071062387904656,0.0008758216717701529,0.0008757815187706822,0.5000719631316245,0.9999992329712711,0.0008758015955005302,0.0008758015955005302,3.5572679215167043e-11
991,0.7070671178822948,0.7070671142446604,0.007489723207671561,0.007489379789015252,0.5006163439808752,2.5647799847204495e-09,0.007489551500311757,0.007489551500311757,0.9999439050450016
992,0.7070095093775997,0.7070095004551982,0.011728864655150988,0.011728326805367964,0.5009649088532133,6.255427332066308e-09,0.011728595733342567,0.011728595733342567,0.999862430579459
993,0.6243098478292407,0.6243017504785194,0.3320351251742135,0.3320198998605799,0.5235749863900964,5.717745600103252e-06,0.3320275126046675,0.3320275126046675,0.8829017282316425
994,0.26955585233056656,0.26948314171115145,0.6537421787933579,0.6537122015645273,0.5201057241608602,0.38115812802975346,0.6537271903507718,0.6537271903507718,5.1274017210486777e-05
995,0.7071063573715684,0.7071063573326898,0.0007742219929412823,0.000774186483848088,0.5000636591697624,0.9999994006076174,0.0007742042385982645,0.0007742042385982645,2.7673322287901018e-11
996,0.7071065996793587,0.70710659966271,0.0005066689657372523,0.000506645730130056,0.5000417376581959,0.9999997432982997,0.0005066573480668541,0.0005066573480668541,1.1674078992509934e-11
997,0.7070973035013274,0.7070973079003426,0.003661230745074094,0.003661062844530648,0.5003009089284147,6.252731073962946e-10,0.003661146795764864,0.003661146795764864,0.9999865959143052
998,0.7064137415031884,0.7064136831630367,0.031300410273834,0.03129897467116569,0.5025685490116364,4.483124822150309e-08,0.031299692480730584,0.031299692480730584,0.9990198489025237
999,0.012076814639156969,0.010000213591004909,0.7070360639515714,0.7070036425282176,0.501017315557104,0.015610806893899173,0.7070198534257361,0.7070198534257361,0.0014684794229629385
1000,0.06084535180693472,0.06047013759409316,0.7045164032578329,0.7044840971686248,0.5049943161617942,0.08578300541845839,0.7045002503984106,0.7045002503984106,0.0002652518330825752
