traj,F_phi_plus,F_phi_minus,F_psi_plus,F_psi_minus,F_plusplus,F_ee,F_eg,F_ge,F_gg
1,0.707103298401093,0.7071032980816854,0.002219729154184019,0.002219016623247039,0.5003028826509791,2.238409212720136e-10,0.0022193729173155363,0.0022193729173051384,0.9999950743717203
2,0.7069106342224496,0.7069106214977583,0.016650400515382555,0.016658332691501396,0.49931067124515655,0.9997225935801488,0.016654367075535595,0.016654367075836653,1.2609953999289333e-08
3,0.7009846623922442,0.7009841036639343,0.09286469020750737,0.09283289395487603,0.5125722886146843,0.9913416177647727,0.09284879344207099,0.09284879344248485,3.924630504260955e-07
4,0.7070741352024135,0.7070741322081865,0.006795259944735,0.006794360314540191,0.5008189994375821,0.9999538294892426,0.006794810144504294,0.006794810144548571,2.148874489252291e-09
5,0.011526751481238549,0.009328461180991348,0.7069750155398654,0.70708305114371,0.5010389734478115,0.014746580945678493,0.7070290354084989,0.7070290354020967,0.001557092845031957
6,0.707051220076346,0.7070512097119134,0.008863863791273716,0.008865573989162621,0.5007782977037317,3.5975764383515285e-09,0.008864718931418275,0.008864718931501698,0.9999214136703617
7,0.014263025713164573,0.012553570979761347,0.7071755812774744,0.706782619481653,0.502333311204151,0.018962123066838574,0.7069791276822813,0.7069791276820566,0.0012099307068998938
8,0.007161226369069351,0.0023304561474778193,0.7072210599306326,0.7069523733616105,0.5011147646221227,0.0067143420817080395,0.7070867294098517,0.707086729407009,0.003410542387095628
9,0.7071060153217545,0.7071060152510205,0.00104460312463303,0.0010440292899478209,0.5001600422387465,4.967597088804138e-11,0.0010443162467049533,0.0010443162467040914,0.9999989094030258
10,0.7070913051453435,0.7070913037257511,0.004678681775569875,0.004678067989495182,0.5005639180554701,0.9999781125688342,0.004678374892583025,0.004678374892613669,1.0078501875371616e-09
11,0.011148650393700532,0.00885703314855647,0.7070526382531024,0.7070175579839202,0.5012873842130906,0.001626327395417004,0.7070350983335141,0.7070350983386446,0.014145476343994335
12,0.7064099964308597,0.7064099324888808,0.03137984652579829,0.03138836497211001,0.5024303202042255,0.9990145523346448,0.03138410603812942,0.03138410603780977,4.605730018048889e-08
13,0.6734516628803396,0.6734484991224607,0.21559982135032227,0.21551495035639232,0.4699990469711648,0.9524022381334567,0.21555739002746757,0.21555739003327018,2.2298905841181625e-06
14,0.7070987597422039,0.7070987537376805,0.003369976009382544,0.00336855248532554,0.5004845818270546,5.278062197792173e-10,0.003369264322528592,0.0033692643225402674,0.9999886479934901
15,0.7071067489129079,0.7071067489099482,0.00021366446845121645,0.0002136242413618326,0.5000268720559322,0.9999999543560886,0.00021364435585395996,0.0002136443558526786,2.072656427555986e-12
16,0.0067749621287425225,0.00021451269886855331,0.7069339824722093,0.7072470560549896,0.5002344874899454,0.004571755087173903,0.7070905365864711,0.7070905365950843,0.005004516257019339
17,0.7071028183511678,0.7071028179877249,0.0023669356866452126,0.002367844824081435,0.5001438754801109,0.9999943954474678,0.002367390298991278,0.002367390299018284,2.5733030329095024e-10
18,0.707106558321147,0.7071065583007038,0.0005615721735584029,0.0005612700332985991,0.5000853384810866,0.9999996848062728,0.0005614211237542144,0.0005614211237535285,1.4736365973403372e-11
19,0.7071049445818332,0.7071049391445399,0.001614395041837246,0.0016135564843898717,0.5002437130422029,0.9999973950786673,0.0016139758175751613,0.0016139758175722078,1.1999251465865666e-10
20,0.7071064563555008,0.7071064563257035,0.0006776146061783121,0.0006779685234406869,0.5000184897738914,2.1232319981125356e-11,0.0006777915879144031,0.0006777915879051661,0.9999995405984586
21,0.00975765711510885,0.007025808024643299,0.7068586837417368,0.7072525909235814,0.49988411584875914,0.0118670907812803,0.7070556647692292,0.7070556647584144,0.0019354604527162921
22,0.7070929826359527,0.707092981370467,0.004418399167867638,0.004416712851103683,0.49937571914956524,0.9999804850077744,0.004417556089891414,0.004417556090009629,8.861648600977948e-10
23,0.7068104075086944,0.7068103803225474,0.020473877211332203,0.020468377013775827,0.5027031960177494,0.9995808451017411,0.02047112729733239,0.020471127297224934,1.8942088336394318e-08
24,0.7070056645696814,0.7070056552943493,0.011959363265661408,0.011956892508785169,0.5015163846139185,0.9998569929503967,0.01195812795100108,0.01195812795107082,6.574430612913276e-09
25,0.006989984950369926,0.0017340769103151954,0.707226865983949,0.706949993365156,0.5010988019674056,0.003712039234273672,0.7070884432276975,0.7070884432249648,0.006171521388341611
26,0.7022893627562328,0.7022889193497683,0.08238898798409582,0.08241346599265631,0.5060079271844429,3.206860242507083e-07,0.08240122789773244,0.0824012278968716,0.9931868279845029
27,0.049457577236586364,0.04899406230624725,0.7052163750095568,0.7055660099033848,0.5016671672564684,0.00032743812872067376,0.7053912141236264,0.705391214114409,0.06961582342868038
28,0.7053946999806736,0.7053945374872934,0.04916757008006606,0.04918761233509803,0.5027485882164947,0.9975786329133077,0.04917759222831901,0.04917759222889298,1.1205927806937925e-07
29,0.009718859266974989,0.006971830480149659,0.7070141254266502,0.7070982702577452,0.49904606227775716,0.011801770072251092,0.7070561990861384,0.7070561991017191,0.0019444456425747637
30,0.7071066029615425,0.7071066029451928,0.0005021602183719848,0.0005019508048435959,0.5000721152352934,0.99999974794022,0.0005020555225273065,0.0005020555225255137,1.1622291633961206e-11
31,0.018145247476858053,0.01683514330891547,0.7066938400897709,0.7070863768514625,0.4999958454604479,0.0009267943853522538,0.7068901357228963,0.7068901357123473,0.024734856021830773
32,0.7071062987434239,0.707106293430333,0.0008306879835342331,0.0008303473036554469,0.5001191659954064,0.9999993102401789,0.0008305176610617835,0.0008305176610647761,3.1220040251820694e-11
33,0.016007189452639684,0.014504970181375199,0.706750481449316,0.707133037483316,0.4995769691777117,0.0010562709985043831,0.7069417853376145,0.7069417853493223,0.02157564743723349
34,0.008284206250471389,0.004772470782498102,0.7072138553470282,0.7069350452867718,0.5012836692568016,0.009232425445530806,0.7070744640579134,0.7070744640606336,0.002483318538339895
35,0.04729237232422045,0.04680721333590677,0.7053930692918589,0.7056862858910281,0.49731486621968873,0.00034329138412439133,0.7055396928170597,0.7055396928304406,0.06653845392967414
36,0.6989802439417686,0.6989794889009808,0.10691474762822856,0.10688094675558801,0.5141945741250872,5.256990613326545e-07,0.10689784852813147,0.10689784852762618,0.9885068031935548
37,0.7064247972110173,0.7064247346362131,0.031048456629470884,0.031049855401533363,0.5032147490222286,4.5273747881775996e-08,0.031049156023504266,0.03104915602325375,0.9990354847654159
38,0.006780900346418423,0.0003558722277504197,0.7069077980079527,0.7072731140521308,0.5000817203743088,0.0050191321520742975,0.7070904796272371,0.70709047961769,0.004573354019814733
39,0.7070301291204603,0.7070301273576697,0.010413434886493779,0.010409771762278485,0.501444241304781,4.941371004871434e-09,0.010411603485463593,0.010411603485508784,0.9998915926367842
40,0.006776540573947732,0.0002596547562747191,0.7072557393084365,0.7069252649980302,0.4991293296926761,0.0046624332196837145,0.7070905214719111,0.7070905214481663,0.004924493802900529
41,0.7071067806318312,0.7071067806317803,2.8005242131448196e-05,2.8013422379698987e-05,0.5000020974317996,0.9999999992154769,2.80093325543538e-05,2.800933255406273e-05,3.6138266828221115e-14
42,0.008287869688985173,0.004778742526675596,0.7072004372405996,0.7069483831246675,0.5012513494058138,0.009239822454653882,0.7070744214155177,0.7070744214124763,0.002480089741184987
43,0.7067852832187845,0.7067852484589252,0.021315648377142327,0.021326663302876726,0.4993906204218205,0.9995453049094919,0.021321156551508944,0.021321156551141567,2.06367894518599e-08
44,0.7071067156972028,0.7071067156911961,0.0003044200480900637,0.0003042511450568874,0.5000467351861619,0.9999999073798334,0.0003043356082909607,0.0003043356082908388,4.2426224734870816e-12
45,0.01077253299751638,0.008378492600080513,0.7069400727701876,0.7071417728477452,0.5007559709218259,0.0016912770341270397,0.7070409299977763,0.7070409300050812,0.013542015633797566
46,0.07775371219275243,0.07746181141179416,0.7026432881727599,0.7030266265219279,0.49866228023706866,0.10975394912411168,0.702834983488022,0.7028349834765076,0.00020649119025910084
47,0.04730985107206962,0.04682488438593365,0.7057348168471929,0.705342169789565,0.5073393793199931,0.00034278077993287034,0.7055385206329958,0.7055385206328543,0.06656331052129522
48,0.13419056814400457,0.13402574777709178,0.6942454531357358,0.6943005409434415,0.513062565932044,0.1896575755627875,0.6942729975888821,0.6942729975830453,0.00011695154944578652
49,0.7071059166385373,0.7071059218276028,0.0011056895828832607,0.0011058355345300137,0.5001048026572896,5.7186680788708553e-11,0.0011057625611098,0.001105762561119582,0.9999987772884119
50,0.7070099057518867,0.7070098968651115,0.01170173789957877,0.011708250626796306,0.5000479682393,6.273847611848625e-09,0.011704994716241071,0.011704994716063863,0.9998629837119626
51,0.7070956596138993,0.7070956585938392,0.003966847238666331,0.003965082081718304,0.5005777094579089,0.9999842709998348,0.003965964758389772,0.003965964758402252,7.163033807821291e-10
52,0.7070737633466166,0.707073755048819,0.0068342223233510664,0.006833663986772624,0.5007950748191411,0.9999532961302504,0.006833943160740048,0.00683394316078774,2.123024808342076e-09
53,0.6659219116487041,0.6659180229592043,0.23780267395598811,0.23780472989452622,0.5235814710221898,2.766410222405166e-06,0.23780370192655495,0.23780370192840317,0.941753045490972
54,0.7069760142428396,0.7069760022482051,0.013594899713818677,0.0136024347903209,0.49987748119597214,8.396088106156533e-09,0.013598667773863097,0.013598667774080557,0.999815059133211
55,0.006770783283482138,0.0,0.7069054118286344,0.7072756931619603,0.5000615611806178,0.004892560592510311,0.7070905767382375,0.7070905767285616,0.004679256405406513
56,0.00773238919175411,0.003733179651536303,0.7071443865815913,0.7070170366074756,0.5010203983464564,0.0028272583295186416,0.7070807144637582,0.7070807144594549,0.00810759417222939
57,0.05327156775764714,0.05284184874118325,0.7052590904793107,0.7049677257765422,0.5076746272808907,0.0003039691784307152,0.7051134231788001,0.70511342317625,0.07503351592776554
58,0.7069613045063677,0.706961296428746,0.014339410618983901,0.014346708144730968,0.500452088807388,9.47623703498234e-09,0.014343059845870169,0.014343059846061618,0.9997942554688496
59,0.008719407078737772,0.005493284498427739,0.7071041210223009,0.7070343399007513,0.5010630294319848,0.0022720766611029138,0.7070692313199655,0.7070692313247731,0.010051960108928027
60,0.04895130661601441,0.048482865580967385,0.7052393990718042,0.7056136133341793,0.5010514669040553,0.0003324505575738845,0.7054265310219999,0.7054265310122266,0.06889635803860737
61,0.007598162934243407,0.0034464103499768817,0.7072761118612124,0.7068881748665806,0.501308989625387,0.002923522273264435,0.7070821699691546,0.7070821699685489,0.007814271673896738
62,0.022978051908634896,0.021958608856977698,0.7066936983164437,0.7068053801347124,0.5020781425263204,0.0007212347571576667,0.7067495414283838,0.7067495414348125,0.031775008935871714
63,0.7071016944972207,0.7071016940307071,0.0026825181368176753,0.002681796880671677,0.5003540526104666,3.309009228996954e-10,0.0026821575329817006,0.0026821575329957098,0.9999928060050917
64,0.02242785741074,0.021382151615960635,0.7069629308446443,0.7065714466462594,0.5035752278000569,0.0007405964568292394,0.7067672158510476,0.7067672158514402,0.030978326498578738
65,0.036703928438867564,0.0360755293156358,0.7062997428987068,0.7060396950618137,0.505203722439412,0.0514628438470375,0.7061697309520901,0.7061697309491616,0.00044483864967543733
66,0.6525129260133934,0.6525077141707686,0.27250659695723767,0.272398101724565,0.5345475645859761,3.7543227890198466e-06,0.2724523547409659,0.27245235474200585,0.922788940537077
67,0.7071067452056778,0.7071067452023777,0.0002256063141115677,0.0002255564738203168,0.5000290228590238,2.3018393498371644e-12,0.0002255813953417756,0.00022558139534305612,0.9999999491130328
68,0.007087949388415419,0.0020941575831728352,0.7069771921389966,0.707197727141118,0.5004442891520197,0.00352735888855816,0.7070874682341988,0.707087468241698,0.006494787214533103
69,0.006823510594420416,0.0008403890742302102,0.7071331173823759,0.7070470194764032,0.5008594454301206,0.004214165408912091,0.7070900697375044,0.7070900697421751,0.005432067794344316
70,0.02171312394097626,0.020631156480708103,0.7067327131169091,0.7068463537775155,0.4979737480222338,0.029941990925343883,0.7067895357235162,0.7067895357388172,0.0007625885422402532
71,0.017166226616741963,0.01577492182016415,0.7068569057889221,0.7069722676624814,0.5015365073154108,0.00098249085066889,0.7069145890757177,0.7069145890821819,0.02329296474083931
72,0.7068217662745152,0.7068217348568846,0.020072598063420974,0.020077950817722692,0.5015743119891428,0.9995969021050155,0.020075274618873637,0.02007527461907685,1.869116700301697e-08
73,0.7067934392679419,0.7067934105277337,0.021051502481653845,0.021046217846693364,0.5027402754354328,2.034602692994627e-08,0.02104886032996528,0.021048860330078835,0.999556847286652
74,0.7070860921341567,0.7070860902366748,0.005410665089035364,0.005407772883006157,0.5008226396398954,0.9999707399197941,0.005409219179317931,0.005409219179325409,1.3399696608992167e-09
75,0.017488908088184634,0.016125417785166005,0.7069248269004383,0.7068885330179101,0.49803532834472497,0.02376870699423255,0.7069066802004088,0.7069066801837885,0.000969312836903638
76,0.03940150467240601,0.03881696692848288,0.7061748149430301,0.7058738522202237,0.5057671119496292,0.05530881109062356,0.7060243496195621,0.7060243496171473,0.0004134098671839413
77,0.007087993675280391,0.0020942034695652623,0.7069031753696995,0.7072717125049727,0.4996858036885885,0.0035244432923479435,0.707087467953797,0.7070874679416751,0.006496433020648918
78,0.7067129114311812,0.7067128805591888,0.023604471812670218,0.02359240608922497,0.5035360673741879,0.9994429584950671,0.02359843972206484,0.02359843972211119,2.574455527058021e-08
79,0.7071067356538858,0.7071067356497094,0.00025369245457274514,0.00025383431022741633,0.5000002505029931,2.9288833973309243e-12,0.0002537633923143234,0.00025376339231043447,0.9999999356041394
80,0.025362658912744983,0.024443086489594153,0.7064883732823888,0.7068475433106839,0.500696385766994,0.03521800925571863,0.7066679811201505,0.7066679811107306,0.0006486574718074893
81,0.010740112040984505,0.008336779389857328,0.707235948937248,0.7068468438308102,0.5017886691880588,0.0016971954280597902,0.707041423150711,0.7070414231512643,0.01348967845899313
82,0.019524873842554604,0.018313856056928878,0.7068079967793884,0.7068987464032347,0.5018356572666638,0.02675600112063425,0.7068533730507965,0.7068533730445575,0.0008569867409723492
83,0.7070776115778813,0.7070776089024327,0.0064245208550781675,0.006421193497406729,0.5009683400962485,1.901726868502342e-09,0.006422857391703498,0.0064228573917153526,0.9999587460519874
84,0.007773734717358121,0.0038180456578376064,0.7072771638720022,0.7068833036944524,0.5013437933452878,0.008197970742204588,0.7070802612068615,0.707080261206918,0.002793152145187816
85,0.7071012816207641,0.7071012811163369,0.0027886159243581867,0.0027891567070172036,0.49975507027995103,3.526772591029489e-10,0.002788886328825086,0.002788886328765598,0.9999922220827983
86,0.00970004651465376,0.0069455775400733884,0.706996289822191,0.7071166199630011,0.5008461343980447,0.011769912498266795,0.7070564574556428,0.7070564574491347,0.001949643437852576
87,0.5519021982084853,0.5518859619790963,0.44216382732294335,0.441946827559868,0.44562421363143795,0.7804960930633356,0.4420553407504666,0.44205534076300274,1.1393860253413821e-05
88,0.007192101199273588,0.002423445928817627,0.707096041329453,0.7070767913929014,0.500818097468763,0.003367685084737294,0.707086416429331,0.7070864164240401,0.006801331259451096
89,0.016683278976639657,0.015247917844813158,0.7070385160975861,0.7068137703540175,0.5023517618481055,0.001014920709351634,0.7069261521588585,0.7069261521555199,0.022578767203239977
90,0.7071065655513006,0.7071065655315245,0.000552308243712448,0.000552170316720236,0.5000721294000509,0.9999996950317257,0.0005522392845209115,0.0005522392845239159,1.4210581397682626e-11
91,0.006771956238006632,7.175141393452186e-05,0.7072808885923165,0.7069001910400791,0.5011762450373299,0.004707963894906878,0.707090565436695,0.7070905654375913,0.004868225089201589
92,0.707106769916172,0.7071067699151383,0.00012622165651285939,0.00012628140242732143,0.5000052956159834,0.9999999840605514,0.00012625153300507854,0.00012625153300348057,7.345374780167845e-13
93,0.49371380363508527,0.4936900000854016,0.5063564839598902,0.5060829725130442,0.5513193937759848,1.681166930657871e-05,0.5062197467084969,0.5062197467091211,0.6981999253806286
94,0.01091638710389214,0.008562837301675726,0.7071963011545074,0.7068811087752342,0.5017097190304536,0.0016672260887648615,0.7070387225297742,0.707038722527548,0.013773527043787068
95,0.05221362411112788,0.05177503721883948,0.7051075520671684,0.7052775503620085,0.49567823035971115,0.00031044415870920555,0.70519255634456,0.7051925563298402,0.07353108592715714
96,0.008300283040612444,0.0048002756572017805,0.7071851454160106,0.7069633885555817,0.5012145227114257,0.0024762022541012707,0.7070742756777003,0.7070742756810704,0.009263140252429861
97,0.45975742236636824,0.4597286336069481,0.5372063170263088,0.5372914190343594,0.5311348855716943,2.0377957410273547e-05,0.5372488697129422,0.5372488697178366,0.6501748253845405
98,0.009127793015380133,0.006120965380111223,0.7068981089962053,0.7072300054968467,0.5002875793912697,0.002122545702394003,0.7070640767161279,0.7070640767250523,0.01078321020185507
99,0.7051291265499964,0.7051289396519326,0.05286126415760226,0.05283736876099164,0.5076550086246869,1.2619985118877862e-07,0.05284931780973056,0.052849317809891536,0.9972030381091213
100,0.03414341690393322,0.03346672925027892,0.7061091499207739,0.7064871361274613,0.5006204363694097,0.04780759235217108,0.7062981683146916,0.7062981683048116,0.0004785374341694991
101,0.703295943398122,0.7032955928850847,0.0733217572883864,0.07330797880966221,0.5090819177954382,0.994610406214879,0.07331486837248749,0.07331486837292804,2.4739971581441204e-07
102,0.18313993196446757,0.1830230955290273,0.6830899900208338,0.682898511754391,0.5230884176093592,8.282190233602164e-05,0.6829942575994978,0.6829942575960182,0.2589163596946122
103,0.7062359456956672,0.7062358605067577,0.035082540140510654,0.03508448603471214,0.5036001598374863,0.9987683886752555,0.035083513100959265,0.03508351310124562,5.6190749987877195e-08
104,0.5864532393407089,0.5864410362699407,0.3951761029303372,0.3949624750760388,0.4472492643524914,0.829361495900203,0.39506930344901053,0.3950693034363881,8.529395607390738e-06
105,0.7071067538258313,0.7071067538233217,0.00019667328821238174,0.00019675100046563372,0.5000115061391822,1.7903875634454814e-12,0.00019671214817545664,0.0001967121481777259,0.9999999613043297
106,0.7070654388160965,0.7070654350246391,0.007648521251269111,0.00764434090604435,0.5011671770972188,0.9999415303780425,0.007646431364330103,0.007646431364337686,2.6686306444831143e-09
107,0.015694283553959333,0.014158906970922756,0.706848662770611,0.7070489252919567,0.5011315579977129,0.02110934394349196,0.7069488011261531,0.7069488011188697,0.0010866375470610405
108,0.01637214852462188,0.01490682827814165,0.706794120457179,0.7070727052506932,0.5008742912045303,0.022117592583600153,0.7069334265809252,0.7069334265727736,0.001035796761994204
109,0.09802247384801947,0.0977927765122587,0.7001445242105437,0.700446866566536,0.5048791725587201,0.1384622906923927,0.7002957117092365,0.7002957117008083,0.00016245406844969383
110,0.009095213737996323,0.006072225576286046,0.7072292379153854,0.7068997172168291,0.5014639680088459,0.002140054214798948,0.7070644967613487,0.7070644967633652,0.010724504853225661
111,0.7044428684334817,0.7044426183749014,0.06133806766740911,0.06130653641872781,0.5091281800693395,1.7097759617527063e-07,0.061322304069755196,0.06132230406963641,0.9962324779122281
112,0.007442900731700554,0.0030892445069011557,0.7072175106402073,0.7069501060483662,0.5011522750882733,0.0030731242848679088,0.7070838209865762,0.7070838209837302,0.007449571074139441
113,0.6964977424542889,0.6964967621599677,0.12206461437488572,0.12199747937669936,0.5181050174996145,6.886048898284554e-07,0.12203105149251155,0.12203105149260066,0.9849958603683396
114,0.006938163112349696,0.0015113890611981205,0.7069128253371328,0.7072650387016188,0.5001322028197478,0.005967673903969059,0.7070889539451916,0.707088953954469,0.0038482817521286127
115,0.7071021419715331,0.707102136277191,0.002562770556336698,0.0025630741524220193,0.49975248283014284,0.9999934314074098,0.0025629223589029694,0.0025629223588465194,2.9442878620579426e-10
116,0.011955523378302272,0.009853311710023632,0.7072091476117943,0.7068346335906823,0.5019529373551257,0.0014908679706538957,0.7070219153996017,0.707021915398493,0.015420752368094736
117,0.11167696087754478,0.11147657087736705,0.6984301776498824,0.6980662701366894,0.5165576560254249,0.1577933758566735,0.698248247599985,0.6982482476011996,0.00014135478728100572
118,0.7071067752769322,0.7071067752763903,9.142734847846137e-05,9.141511439578273e-05,0.49998893839793823,0.9999999916421589,9.142123164287772e-05,9.142123164066077e-05,3.8744239579400765e-13
119,0.7037066829370896,0.7037063755901525,0.0692708250538161,0.06925172600422444,0.49076164852158854,2.208603825465894e-07,0.06926127618646255,0.06926127618823617,0.9951913138898221
120,0.6618493428511814,0.6618450445103533,0.24898348559779945,0.24884496237181802,0.5346040072564434,0.9359932737966286,0.24891423362101447,0.24891423362098886,3.034165696024916e-06
121,0.7071036112606084,0.7071036057010586,0.0021195197486259484,0.0021186867044458734,0.5003001482923906,0.9999955093912597,0.0021191032674748823,0.002119103267466784,2.0675166343671786e-10
122,0.009473938737946493,0.006626108501709827,0.706867160494155,0.7072518339218642,0.49971799595264593,0.011384449835454197,0.7070595233738645,0.7070595233622369,0.00201373559108971
123,0.6981936119553606,0.6981927945482188,0.11188982334492915,0.1119516710646639,0.5010162666475958,0.9873942934701032,0.11192075147777883,0.1119207514761201,5.862220831060412e-07
124,0.7051366128616132,0.7051364319113681,0.05275583044346119,0.05274269567981891,0.5068239640126235,0.9972136332835749,0.05274926347060887,0.05274926347032256,1.2731765796053015e-07
125,0.008053213930817359,0.0043592396361017745,0.7071377865750537,0.7070164733391344,0.5010536636920568,0.0026192237356629927,0.7070771325609867,0.7070771325566302,0.00877478728192377
126,0.7070658420270615,0.7070658435405214,0.0076087308632719645,0.0076093759069398486,0.500761024541231,0.9999421006303104,0.0076090533919733715,0.007609053391909046,2.6342492275558035e-09
127,0.02222036636632927,0.02116440175947834,0.7066445106489121,0.706903005359625,0.4985051875518265,0.030677629267430877,0.7067737698288841,0.7067737698150509,0.0007480947938434647
128,0.7071060382223446,0.7071060328853579,0.0010288900864720916,0.0010284952091549405,0.500145142811554,0.9999989417908384,0.0010286926667588353,0.0010286926667629206,4.8674053561254155e-11
129,0.013332066284463307,0.011484870879959903,0.7071805829220122,0.706813962006651,0.5021487295652607,0.001308375241786709,0.7069972962280837,0.7069972962293677,0.017548059857698056
130,0.7035065020772989,0.7035061763300761,0.07126427961618809,0.07126760318566941,0.5073472738702215,2.3245892860361975e-07,0.07126594142001423,0.07126594142059291,0.9949082023920122
131,0.7070412732227699,0.7070412672152112,0.009627420604583704,0.009622743202109827,0.5014292228988588,0.999907353501197,0.009625082187463295,0.009625082187487576,4.225295067988366e-09
132,0.707086047008129,0.707086045106502,0.005413606706524441,0.005416622978146227,0.5000010331787482,0.9999706760990227,0.005415115052305373,0.005415115052388444,1.360154009287069e-09
133,0.007256791376884448,0.0026090457401609334,0.7069323906750982,0.7072390874899596,0.49953194026896497,0.0069756438597264134,0.7070857557045468,0.7070857557177705,0.003287633419975167
134,0.00826371689824584,0.004736742118821493,0.7069673794144752,0.707182012427456,0.5005421901880344,0.009193138122898965,0.707074704068682,0.7070747040612494,0.002492379250409756
135,0.7059858847372353,0.7059857818512429,0.039804148713776445,0.039794925817802175,0.5051170707112069,0.9984147402879843,0.03979953753283509,0.039799537533057615,7.223202216687532e-08
136,0.041543336210463876,0.04098961810497084,0.7058090206224616,0.7059940713859314,0.5032232494286307,0.05835961644204062,0.7059015520715926,0.705901552064478,0.00039082556837576776
137,0.013850441684524624,0.012082794703588752,0.7070957280538265,0.7068789165800047,0.5019569015111871,0.018337505334984308,0.7069873306263924,0.7069873306298075,0.0012508240463438073
138,0.00691627526353367,0.001407579184334166,0.7072498925758958,0.7069284074845922,0.5011359685122214,0.005880919621102209,0.7070891683021078,0.7070891682999759,0.0039026820381980443
139,0.19617785466612986,0.19606994953025622,0.6795410492985875,0.6791868568722073,0.5278704192216306,7.57394839372439e-05,0.6793639761686591,0.6793639761674765,0.27736108240654994
140,0.7069079113127468,0.7069078930701342,0.016774047306699312,0.0167650522085154,0.5025457314927189,1.297261776035227e-08,0.016769550360734367,0.016769550360711153,0.9997187426278488
141,0.08761371581543614,0.08735565716849536,0.7014952677895153,0.7018527019472105,0.5026489370730131,0.0001815739291576009,0.7016740076234022,0.7016740076327453,0.12372203146261364
142,0.021214124484708156,0.02010530102438902,0.7070012568025708,0.7066080672286633,0.503399038143298,0.0007842686232127559,0.7068046893567212,0.7068046893565371,0.029217240281392713
143,0.30504119970842986,0.3049800144502938,0.6381181794000187,0.6377634721317579,0.5406514878958864,0.43135013721268917,0.6379408504187799,0.6379408504189981,4.313066090101948e-05
144,0.707105689872033,0.7071056897714647,0.0012451056929100278,0.0012455747135532926,0.5000766457965092,7.083734023948417e-11,0.0012453402253190713,0.001245340225304946,0.9999984491265198
145,0.007492114638634868,0.003206010946642854,0.7068866442633441,0.7072799034859089,0.49990947643762496,0.003029972284213256,0.7070833012092214,0.7070833012198762,0.007565021813130699
146,0.05105779171970055,0.05060906133159308,0.7050977960316832,0.7054565350850925,0.5015218546939794,0.0003159292442062209,0.7052771883721553,0.7052771883627524,0.07188932692504896
147,0.016229728106644876,0.014750262038951568,0.7071179539052537,0.7067554208919677,0.5025730266662073,0.001047047549600553,0.7069367106386881,0.7069367106373011,0.02190611777705557
148,0.05595695759271257,0.05554826733926713,0.7050987608723153,0.704711959816845,0.5086011060876942,0.07884610212296726,0.7049053868753311,0.7049053868759361,0.00028859563743082985
149,0.7070974235046082,0.7070974226463517,0.003638806122635969,0.0036369836447632184,0.5005458806122157,5.940986400861984e-10,0.0036378949978295117,0.0036378949978215685,0.9999867656324103
150,0.6431990199678579,0.6431928672304379,0.2936981356059066,0.29383560267250214,0.4882487932138522,0.9096164267011303,0.2937668771827729,0.29376687717743083,4.3808968404545605e-06
151,0.7071066330540784,0.7071066330404884,0.0004576299613328395,0.0004577945880372223,0.49997050954518296,0.9999997904994438,0.0004577122820909999,0.0004577122820820033,9.685892975867322e-12
152,0.014321606066290288,0.012620190583814785,0.7071509696858881,0.7068048729776512,0.5022573527307013,0.019050648216694794,0.7069779425095953,0.7069779425113242,0.0012043296388634455
153,0.006776237908569104,0.0002480999943148223,0.7072304998062519,0.7069505224483592,0.5010722374714948,0.005144107898050241,0.7070905249860269,0.7070905249833249,0.0044178170779158735
154,0.6482060693275385,0.6482004218661535,0.282603778847218,0.2824893076927962,0.5357317684320495,0.9166978210973783,0.28254654906764987,0.28254654906660026,3.979494073002374e-06
155,0.3341688508026204,0.33411556134625703,0.6232632979991559,0.6230897479071604,0.5377990676563081,3.789251898404698e-05,0.6231765289931072,0.6231765289963164,0.4725484377123532
156,0.3605021600472632,0.3604550862447771,0.6084730825464084,0.6081700676767088,0.5444968149654801,3.3252407704128426e-05,0.6083215939793283,0.6083215939779472,0.5097937578008873
157,0.029202677370685697,0.028408031903508053,0.7063451344398061,0.7066942326243872,0.4988233422799464,0.04073691271512575,0.7065197050999564,0.7065197050874308,0.000562646504263908
158,0.008311481074279353,0.004819589607877645,0.7071212498912846,0.7070270354028523,0.5010493166426145,0.009284618889206942,0.7070741442185801,0.7070741442139726,0.002470832596241143
159,0.006800939975716013,0.000630415359392256,0.7069143928839463,0.7072661386815049,0.4996448375518396,0.005334523107934049,0.7070902876612027,0.7070902876487005,0.0042653336668504
160,0.13280686027371855,0.13264019604831928,0.6943795219419917,0.6946984927032025,0.5058010993931239,0.0001181739823935878,0.694539025629402,0.69453902563805,0.18769941336724916
161,0.7027388150167587,0.7027384078668368,0.07845476070756124,0.07849678913513478,0.49832446094227845,0.9938224713789362,0.0784757777355948,0.0784757777342795,2.8686396077844793e-07
162,0.06319225462360752,0.06283128623105143,0.7041700263659648,0.7044171650335417,0.5040589079899288,0.08911209576361798,0.7042936065438545,0.7042936065360712,0.0002568316159282962
163,0.7063361071528428,0.70633603643373,0.033003217477789934,0.033007499198928814,0.5031290763310161,0.9989100523234019,0.03300535840764593,0.03300535840793768,5.012500047373684e-08
164,0.7070774466639883,0.7070774492415852,0.006441935732958654,0.0064400393966534564,0.5008643078692345,1.907536183136188e-09,0.0064409876345793695,0.006440987634611159,0.9999585128176972
165,0.18589356744131488,0.18577871136195442,0.6823673831213761,0.6821323965629518,0.5242856354036578,0.26281198876349077,0.6822498999576684,0.6822498999606983,8.107740670915416e-05
166,0.01196172526932949,0.009860883903889221,0.7070703188768322,0.7069732981253619,0.4985905240858748,0.015431333205969724,0.7070218101738887,0.7070218101567132,0.0014811673260559655
167,0.036270953610345304,0.03563487403664354,0.706222433320045,0.7061617720834954,0.5042468382631902,0.0004494014602670108,0.7061921033555613,0.7061921033506652,0.05084510164940949
168,0.660308832140914,0.660304388110099,0.2529178588734214,0.2530275042404114,0.5119338211577639,3.140688889409565e-06,0.25297268749885976,0.25297268749580776,0.933814563364101
169,0.7071065961009304,0.7071066013523132,0.0005116446302318993,0.0005116101011371407,0.5000589784694688,1.2028494093535996e-11,0.0005116273659739944,0.0005116273659776273,0.9999997382374083
170,0.707095507149592,0.707095511383539,0.00399385731870952,0.003992255539406322,0.500568382338335,0.9999840553725974,0.003993056509382915,0.00399305650936783,7.318286184451893e-10
171,0.7071066246717813,0.707106624657424,0.0004704922141660231,0.00047047629184384987,0.500052562902347,1.0163774051874974e-11,0.00047048425307403565,0.00047048425307055,0.9999997786445429
172,0.7069899680325233,0.706989952046549,0.012855628698300847,0.012850411149485317,0.5018342881188355,0.9998347862242344,0.01285302018862048,0.012853020188668005,7.60580962094323e-09
173,0.006848170941937575,0.0010214100601296393,0.7070392349397534,0.7071404241959601,0.5006170928653003,0.004134181874360014,0.707089831381134,0.7070898313747938,0.005554211374321772
174,0.7048755562480156,0.7048753565461522,0.05611701437736448,0.05614329935464842,0.502424584668646,0.9968444264953916,0.05613015840497053,0.05613015840426533,1.4239983225343785e-07
175,0.018911857458372514,0.017658725471278853,0.7068122062196611,0.7069278719933811,0.5016926291818751,0.025859352395205374,0.7068700414690976,0.7068700414755683,0.0008847776536390178
176,0.08025038604260858,0.07996787055109479,0.7026648748546633,0.7024436552955629,0.5108272551174576,0.00019815589129805057,0.7025542737839555,0.7025542737806172,0.11329141853956597
177,0.7049131147124694,0.7049129131962883,0.05567113599061974,0.05564180202873147,0.5083393966587924,1.4299419039823992e-07,0.055656470942204175,0.05565647094229213,0.9968975446275776
178,0.707008057221697,0.7070080481672538,0.011813472057836451,0.01181815248957216,0.5006859078121993,0.9998603768275193,0.011815812505521875,0.011815812505385158,6.334332637307796e-09
179,0.008131543560630224,0.004502117818596046,0.7070998196698078,0.7070526528890124,0.5009632223407775,0.002553991556169505,0.7070762366701954,0.7070762366752112,0.00893690061833306
180,0.008911536411887784,0.005793504480366198,0.7070902878195471,0.7070433824708995,0.5010501749930204,0.0022089988577953436,0.7070668355366908,0.707066835531657,0.01039713900218151
181,0.023081901655402966,0.022067296124743792,0.7068136898472934,0.7066786172668342,0.5029594020020852,0.000714855834770007,0.7067461567860406,0.7067461567818197,0.03192536175867585
182,0.7070739573084256,0.7070739542984856,0.006812178222149577,0.006814416833183976,0.5004733811858457,0.9999535778980416,0.006813297619571259,0.0068132976196446,2.1139314190725226e-09
183,0.06949002242898596,0.06916247706012962,0.7038030269762532,0.7035971772035362,0.5092692106987391,0.0980421220628303,0.7037001096151627,0.7037001096186708,0.0002318441092974763
184,0.7069527304632468,0.7069527163326152,0.014763750294885506,0.014755522279009725,0.5022630919342411,9.932552780039455e-09,0.014759636860302084,0.014759636860305759,0.9997821293859496
185,0.7070704347263477,0.7070704313923089,0.007168721503079777,0.007170412721777496,0.5005946795512514,0.9999485959855199,0.0071695671623313514,0.007169567162260701,2.3588123353639535e-09
186,0.0238573520224297,0.022877219552523923,0.7067446062174525,0.7066962014632323,0.5027734851722938,0.03304635311892491,0.7067204042572666,0.7067204042522541,0.0006920733457051458
187,0.7039740424131248,0.7039737544482181,0.06650698423457704,0.06647045738239953,0.5100417777073669,0.9955694347173153,0.06648872331685547,0.0664887233168025,2.04243770929029e-07
188,0.707065489123442,0.7070654853360826,0.007641640812438732,0.007641914862814654,0.5008006391219176,0.9999416015262705,0.0076417778388246415,0.007641777838885754,2.7058731121594918e-09
189,0.012414455696780263,0.01040549876843966,0.7072048266082738,0.7068231321250702,0.5020331120800821,0.016136124866336764,0.7070140051252062,0.7070140051243315,0.0014207706237488273
190,0.011901960417674141,0.009788334703714072,0.7068272459221273,0.7072183370530456,0.4999840805274423,0.001494218844766306,0.7070228185344238,0.707022818523967,0.01533738791645307
191,0.00686737402840403,0.0011433422339464233,0.7071863049060124,0.7069929717443265,0.5009895718299568,0.005653223988627963,0.7070896449346729,0.7070896449310033,0.004063141154860996
192,0.7071056940850712,0.7071056939853895,0.0012397680845341321,0.0012401213707246258,0.5000940683155759,6.961901686679405e-11,0.0012399447402181108,0.0012399447402053044,0.9999984625358631
193,0.7070852005253141,0.7070851932772074,0.005524086212376897,0.005526352149582289,0.5003077496891862,1.395928071120877e-09,0.0055252192971069845,0.00552521929717201,0.9999694714857232
194,0.0207743924407228,0.01964071791068357,0.7069623803239692,0.7066730924775694,0.5030712259191954,0.028577749097722156,0.7068177511995283,0.7068177512020944,0.0008033874337481671
195,0.023870482950684623,0.022890887407515763,0.706601780577011,0.7068381222053686,0.5015633298225057,0.03306519671277859,0.7067199612747048,0.7067199612670453,0.0006967416649988111
196,0.7071062167438966,0.7071062166921288,0.0008932180502569904,0.0008937107976613323,0.49998956463277683,3.6096029469453566e-11,0.0008934644579208562,0.0008934644579352587,0.9999992017209428
197,0.7069504333749991,0.7069504190322482,0.014867228594819192,0.014871290964154843,0.501154541880745,0.9997788806626047,0.014869259918295696,0.014869259918144154,1.000978860547121e-08
198,0.7069338048038052,0.7069337889375596,0.01564424881185967,0.015635573641334406,0.502393215872705,1.1241264923302314e-08,0.015639911828095827,0.015639911828087535,0.9997553632344259
199,0.030848809794524427,0.03009778170960419,0.7066398204077466,0.7062596114127577,0.5048240725230817,0.0005325296594546577,0.7064497414882034,0.7064497414891189,0.04309572964179937
200,0.009781457592560721,0.007058873075401697,0.7070764858602822,0.7070341848472308,0.5011428201127723,0.0019264017871074594,0.707055335667565,0.7070553356726342,0.011907710823771421
201,0.006775902809554517,0.0002458871344327906,0.7072872081914896,0.7068937910388868,0.5011897338676479,0.00464079669556179,0.7070905269768593,0.7070905269767294,0.004943311177527787
202,0.01144141417460957,0.009222820708683957,0.7069049615479637,0.7071558590287804,0.5006714567698491,0.014612156770057913,0.7070304214214991,0.7070304214136746,0.001565648321538802
203,0.007898878697001089,0.00406690540513293,0.7070168838895269,0.7071408585924694,0.5006775260626787,0.0027088909658006346,0.7070788739548397,0.7070788739613905,0.008461318690348498
204,0.7071028006104532,0.7071028002453412,0.0023732644112249694,0.0023721024609413056,0.5003530383799024,0.9999943703571283,0.002372683507209019,0.0023726835072147975,2.610717850600724e-10
205,0.7069402186029228,0.7069402033184677,0.015349697334399899,0.0153448051612739,0.5020791685826571,0.9997644341275124,0.015347251442732605,0.015347251442805115,1.1075549948401072e-08
206,0.7071066629578998,0.7071066629470558,0.00040900228779246103,0.00040881970297252176,0.5000595328656505,7.776137140633793e-12,0.0004089110055739871,0.00040891100557270265,0.9999998327917753
207,0.7036781648817734,0.7036778443809416,0.06953266177199086,0.0695682970710764,0.49784682202590586,0.9951509739680136,0.06955048170321744,0.06955048170442844,2.21408009404297e-07
208,0.707031359102277,0.707031352184006,0.010324854884567535,0.01033061694449627,0.500018001254771,0.999893332173566,0.01032773631645747,0.01032773631629977,4.842503785275902e-09
209,0.24119798567190376,0.2411139672154808,0.6646035795320165,0.6648230362230747,0.5154404130444756,0.3410460512717192,0.6647133169379017,0.6647133169307279,5.909585647225934e-05
210,0.7070974385702294,0.7070974377133338,0.00363595609852477,0.003633974395375934,0.5005545910509906,0.9999867869393785,0.0036349653819998354,0.003634965381996114,6.064461274276015e-10
211,0.08530416700552516,0.08503886980821358,0.701881042861914,0.7020360329045147,0.49274834515478727,0.00018715387239324384,0.7019585421682728,0.7019585421534739,0.12045071667777292
212,0.7071066304080527,0.7071066303937392,0.0004698909155139097,0.00046966995429580257,0.5000693055897123,0.9999997793063061,0.00046978044789535204,0.0004697804478966363,1.02016415264903e-11
213,0.007889750083245519,0.004049150905471031,0.7069678874307637,0.7071900468489687,0.5004990278150813,0.008442143068609,0.7070789758687522,0.7070789758612261,0.00271551097226408
214,0.7070906774931213,0.7070906760162001,0.004773575970570275,0.004771023550897096,0.500725788817546,1.041376170913396e-09,0.004772299931379163,0.004772299931372622,0.9999772248940115
215,0.012398934977962118,0.010386949169226788,0.7069729714237731,0.7070555815313269,0.501176543806102,0.016112319204563432,0.707014277681023,0.7070142776871933,0.0014196730194274093
216,0.03632695552867292,0.03569188540376757,0.7060907125615684,0.7062877227112447,0.5027216005440857,0.050925021241468534,0.7061892245029304,0.7061892245101801,0.000447876337660858
217,0.7069880716528225,0.706988060763926,0.012954389979464312,0.012958867934540808,0.5008651437126223,0.9998321116678107,0.012956629150385385,0.012956629150527506,7.739156487620945e-09
218,0.06506613962886765,0.06471578200304023,0.704206107193968,0.7040397883814938,0.5083906009013685,0.0002478567463034478,0.7041229527003913,0.7041229526964904,0.09176967654678556
219,0.011667210034802365,0.009501468668087026,0.7068422312924002,0.7072111837101657,0.500200835206841,0.014968458209090275,0.7070267315630699,0.707026731572715,0.0015319777053046497
220,0.7071046534866215,0.7071046532914868,0.0017350758576952442,0.0017343076023826043,0.4997476362044525,1.389524011618613e-10,0.001734691772593198,0.0017346917725453294,0.9999969908399271
221,0.05818714362663164,0.05779442667064032,0.7046429284840203,0.7048066429169376,0.5047356212672411,0.08201135627785533,0.7047247904510829,0.7047247904579897,0.0002772707719227263
222,0.006860348503654277,0.0011008454955496409,0.7071145929220894,0.7070648317051563,0.5008188946947394,0.003985946020818692,0.7070897127488645,0.7070897127538641,0.005691087480946244
223,0.706779649536187,0.7067796195275696,0.021501543804362817,0.021512322887069016,0.5007326477315236,0.999537344764082,0.021506934020871612,0.02150693402115518,2.1144254501290707e-08
224,0.7057397264767306,0.7057396062291859,0.04393903451287146,0.04395924651615063,0.5019799320803622,8.898707925047856e-08,0.043949141676710615,0.04394914167616281,0.9980666039357264
225,0.01666913266516405,0.015232424137185833,0.7070386296053647,0.7068143246404031,0.5023534196926727,0.022557776519194776,0.7069264860209401,0.7069264860175966,0.001016586156715597
226,0.7071064733043324,0.7071064785444489,0.0006596961542234535,0.0006600478327611879,0.499984759935813,2.0063630008291692e-11,0.0006598720169262486,0.0006598720169151293,0.9999995645688277
227,0.008024640436101701,0.004306054867958686,0.7070300383152834,0.7071248743733927,0.500735923362489,0.008717883571563879,0.70707745793117,0.7070774579374542,0.0026335277353352034
228,0.7034158613038778,0.7034155166091492,0.07213579286651166,0.07217459288750461,0.5014369915537881,0.9947800035830241,0.07215519548449252,0.07215519548550872,2.472142729894739e-07
229,0.027701189194872737,0.02686201740917478,0.7063903238799707,0.7067699671601368,0.5004487003850879,0.03858200809873711,0.7065801710226656,0.7065801710127253,0.0005937173322014243
230,0.025712444351474854,0.024805871401613198,0.7067212843573903,0.7065893893809404,0.503270350985759,0.0006426555393332751,0.7066553399442629,0.7066553399485129,0.03572181468485087
231,0.027762471010880866,0.026925214062862735,0.7064101745509195,0.7067453171790419,0.5010600890619678,0.03867002675061167,0.7065777657310336,0.7065777657399829,0.0005924251260119183
232,0.06101990578434487,0.06064579133833326,0.7045121552914575,0.7044581479367175,0.5070339486748461,0.00026447872577875704,0.7044851521341003,0.704485152129155,0.08603063932784286
233,0.0346020414556052,0.03393453386202225,0.70635975823658,0.706191927228447,0.5045348679505225,0.00047134852038790883,0.7062758477196396,0.7062758477157299,0.04846268349875484
234,0.7071065033133958,0.7071065085562629,0.0006267152908151199,0.0006270628358413128,0.5000062679876123,0.9999996070099969,0.0006268890874083152,0.0006268890874175428,1.78024782215502e-11
235,0.008667079272334085,0.005409899464529138,0.7070130140531914,0.7071267302853809,0.5007650972313535,0.002311476526083174,0.7070698744521442,0.7070698744586008,0.009952002391408591
236,0.007475610449074744,0.0031672970021647453,0.7072435739531205,0.7069233413745347,0.5012171973629754,0.003041498917635839,0.7070834757937592,0.7070834757916048,0.007527669375062732
237,0.7070782927134116,0.7070782848313691,0.006348129050437038,0.006347897388475157,0.5007113407823879,0.9999597019161841,0.006348013220489514,0.00634801322053623,1.8508042754859475e-09
238,0.5681536415437911,0.5681393348099724,0.4209579209973379,0.4209674222291758,0.5347900211960249,0.8034804652680293,0.420962671641725,0.42096267163840023,1.0197477749090716e-05
239,0.0161703011517085,0.014684842153197753,0.7067491432382145,0.7071269513345084,0.5002303992895168,0.021817905095783945,0.7069380725203659,0.7069380725302442,0.0010498788657002712
240,0.008311893990067494,0.004820282143699508,0.7069662037693774,0.7071820586147983,0.4993267656878214,0.0024730368808972844,0.7070741394219232,0.7070741394362376,0.009284761162028565
241,0.4323141980286311,0.4322809802235066,0.5595483358054057,0.5595920373068749,0.5333767958285075,2.360053449114994e-05,0.5595701869851145,0.5595701869804202,0.6113611135189652
242,0.7070904913150586,0.7070904898210463,0.0048004372819106704,0.004799176842357805,0.5006301402959422,1.0731270007284199e-09,0.004799807103495786,0.004799807103521218,0.999976961586385
243,0.009337810412128306,0.006429946232455293,0.7069174376226697,0.7072052018142635,0.49938239008417884,0.0020583866452590495,0.7070613343647093,0.7070613343512367,0.011149078718160396
244,0.7071014638591211,0.707101458102563,0.0027428863289000014,0.0027444093402803627,0.4999785284772764,0.9999924723676465,0.002743647940247201,0.0027436479402907945,3.452292823621284e-10
245,0.7071058474553977,0.707105842100916,0.001152416650797207,0.0011523660749735046,0.5001303211023014,6.056945301060525e-11,0.0011523913631585972,0.0011523913631670292,0.9999986719932639
246,0.04817982843700224,0.04770377973413133,0.7056615169259276,0.7052977222851793,0.5073244179025217,0.00033727593104040054,0.7054796430559704,0.705479643054627,0.06779994626906301
247,0.7070938450783404,0.7070938491604278,0.004276185467781582,0.004278366523554854,0.49986546244649416,8.187431087057693e-10,0.0042772761346506726,0.004277276134725118,0.9999817047415108
248,0.007702764197901201,0.0036716594112057312,0.7071543077560144,0.7070077590544469,0.5010419716051115,0.008043580038012749,0.7070810371998574,0.7070810372039779,0.002848592473262593
249,0.7071026774679593,0.7071026770915473,0.0024096463668077366,0.002408562225879111,0.5003516974517505,2.662426081165329e-10,0.0024091043573325212,0.0024091043573251304,0.999994196199353
250,0.70707966205163,0.7070796595642395,0.006191846070194413,0.006194157385449852,0.5003861592845531,1.7377653776366372e-09,0.0061930018356840385,0.006193001835614059,0.9999616459927493
251,0.025439569705901013,0.02452287590832848,0.7066764566560342,0.7066539764763563,0.5028534915716621,0.03532874867575022,0.7066652166582007,0.706665216652973,0.0006501193913410696
252,0.02469196739212493,0.023746338497456096,0.7067039093319831,0.706679561533496,0.5027703081476855,0.034251070352069805,0.7066917355349883,0.7066917355402059,0.0006678513809909716
253,0.7063232941508623,0.7063232222462644,0.03327473917406815,0.03328215119900853,0.5027912615802399,0.9988919311639619,0.03327844539305772,0.03327844539273442,5.02922079111074e-08
254,0.007391128069356432,0.0029619827839050734,0.7071493030003048,0.7070194206320533,0.5009822710358379,0.003172589198083771,0.7070843647962607,0.7070843648005308,0.007303204301506308
255,0.7048343130389901,0.704834109559787,0.056655092042542175,0.05663635878297619,0.5077013052224539,1.447573187080152e-07,0.05664572618729603,0.05664572618703743,0.9967860971188495
256,0.006776426856177172,0.00025625956830980747,0.7072868319844029,0.7068941587476609,0.501189146696697,0.004947621644425295,0.7070905226244062,0.7070905226241126,0.004637528433021616
257,0.020423260516692434,0.01926888837021033,0.7070213178321382,0.7066345989984867,0.5032690723616436,0.02806655294763232,0.7068279848632781,0.7068279848626278,0.0008174562948971051
258,0.3495205986111452,0.34947101719728135,0.6148344885691506,0.6145599327580066,0.5426440458118614,3.4952990750009655e-05,0.6146972259934074,0.6146972259914834,0.4942617115382137
259,0.7071063820757033,0.7071063820390999,0.0007511296935121973,0.0007514729315148605,0.5000348212662568,0.999999435546149,0.0007513013321195608,0.0007513013321102523,2.6001404627897652e-11
260,0.36017676558732575,0.3601296192532138,0.6084272101485286,0.6086014170361769,0.5228868099692606,0.5093335292692976,0.6085143198295428,0.6085143198232507,3.308313366184738e-05
261,0.7070606509041957,0.7070606414031586,0.0080797398045858,0.008075306575051929,0.4987658536798317,0.999934751485524,0.00807752349407876,0.008077523493837129,3.0611217504484994e-09
262,0.008773461033110677,0.005578715928018575,0.7072629821575099,0.7068740894811166,0.5014893533652136,0.010147750408024889,0.7070685625563069,0.7070685625557469,0.002262487914104819
263,0.6626282855333842,0.6626240694564055,0.2467911482378593,0.24687492164972447,0.5154554556273595,3.0099341967210403e-06,0.24683303849645685,0.24683303849915503,0.9370949269966304
264,0.00986126166844047,0.0071688886375813055,0.7069834346101006,0.7071250142237225,0.4991044845079825,0.001913281396819234,0.7070542279681464,0.7070542279531061,0.012040631224652683
265,0.7071067517997569,0.7071067517970608,0.00020384886545487415,0.00020388194490332236,0.4999813326159808,1.9084188446645415e-12,0.00020386540585224364,0.0002038654058478308,0.999999958438896
266,0.7071056862665679,0.707105686166145,0.0012445528946270102,0.0012442383542642223,0.5001631951265844,0.9999984514783056,0.0012443956343870756,0.0012443956343804006,7.09896744595533e-11
267,0.7070864636930936,0.707086461829555,0.005361200500577215,0.005359653771331249,0.5007169082370566,0.9999712654074835,0.005360427191728528,0.005360427191755532,1.3187700575329769e-09
268,0.7071067637046315,0.7071067637030282,0.0001572830545942783,0.00015719615585239302,0.5000240837968405,1.1423139857609375e-12,0.00015723961122638146,0.000157239611226475,0.9999999752757038
269,0.018561884006810518,0.017283427897110744,0.7070063501265097,0.7067522624392742,0.5026814117080008,0.025346452586645588,0.7068793176978615,0.7068793177008702,0.0009043002984858265
270,0.7070861727969939,0.7070861709061751,0.005399427394827078,0.005399281163106859,0.5006001979938125,0.9999708465484034,0.0053993542794419265,0.005399354279482118,1.3369738242837689e-09
271,0.01755457976439233,0.016196694829835014,0.7070969488922352,0.7067131020953046,0.5028206773349491,0.0009610323069556002,0.7069050515467983,0.7069050515475862,0.023865720416953784
272,0.6268311290922265,0.6268232950232567,0.32731687550597394,0.3271680843635966,0.54085528129104,0.8864675445566944,0.3272424883908701,0.32724248839185,5.520291405816164e-06
273,0.7071064802130289,0.7071064801854252,0.0006522867811556688,0.0006525660689901882,0.5000342740121564,2.0134866863905778e-11,0.0006524264400135645,0.0006524264400213694,0.9999995743396496
274,0.00684121959025597,0.0009734024695873488,0.7069380824157253,0.7072416827595315,0.5002592506656802,0.005522055237540175,0.7070898988863255,0.7070898988778466,0.004154118896162693
275,0.014056797229087535,0.012318815551686867,0.7068531590897991,0.7071133323024151,0.49902856726305184,0.0012245607696671032,0.7069832576711356,0.7069832576573251,0.01865066261175612
276,0.7050350799374592,0.7050348896627777,0.054089500060744956,0.05408942964160866,0.5058330398134966,0.9970700374518364,0.05408946485139614,0.05408946485098042,1.3588575074731824e-07
277,0.008604432639332051,0.005308926748304142,0.7071558425906607,0.7069854265301783,0.5011903896126684,0.0023304584419194573,0.7070706396926247,0.7070706396965074,0.00983818719465775
278,0.7070030056959541,0.7070029961780896,0.012112992207949518,0.012115640794562751,0.5010262303062778,0.9998532325636145,0.012114316573581094,0.012114316573698141,6.663276742805636e-09
279,0.00940890376508946,0.006532754521629419,0.7071218991403002,0.7069988793527536,0.5012256580534491,0.011272364597864223,0.7070603919241881,0.7070603919198475,0.0020342434771570923
280,0.028021209783798174,0.027191949579574454,0.7067376395723539,0.7063974224932221,0.4959551632600219,0.03904158193273436,0.7065675514999431,0.706567551519843,0.0005875260223550023
281,0.7070728538700077,0.7070728454893476,0.006929330542757027,0.006925483389038386,0.5010634621502467,2.1819488804997563e-09,0.0069274072329620455,0.006927407232965102,0.9999520098775029
282,0.011266564997566298,0.009004937449471949,0.7072244086692154,0.7068419988916609,0.5018603766144738,0.0015996221573677141,0.7070332296348855,0.707033229634042,0.014334071098852092
283,0.044297194110151865,0.04377857743478403,0.7056264939321227,0.705841657748266,0.4966847869204312,0.0622789672130825,0.7057340840472188,0.7057340840329266,0.00036809118116448166
284,0.0081163392593085,0.004474486472153163,0.7072253843632362,0.7069274076735905,0.5012836256079871,0.008903220785354906,0.70707641171388,0.7070764117163393,0.002574616827587852
285,0.05407124773011897,0.053648019804631256,0.7051827804646793,0.7049222909484858,0.5076027966137459,0.07616902069206172,0.7050525477352186,0.7050525477381352,0.0003002446706901541
286,0.007525001598785903,0.0032821495051826096,0.7072309013095073,0.7069349716058637,0.5011972989425503,0.007644259469574246,0.7070829519405636,0.7070829519380738,0.002993902256570822
287,0.7070944917295691,0.7070944906019709,0.004168735691568284,0.0041710513874543475,0.4999832809241356,0.9999826118353541,0.00416989370029285,0.00416989370022764,7.903454266067421e-10
288,0.7070767109632438,0.7070767029364067,0.00652252018989396,0.00652113169753104,0.5008336765886553,0.9999574648812593,0.0065218259806448155,0.00652182598068246,1.9317171671247678e-09
289,0.00977830109402504,0.007054473542590396,0.7072323263452885,0.7068783882698423,0.5015962283321969,0.011902298700172939,0.7070553794551648,0.7070553794535842,0.0019277071614694863
290,0.7069702916892672,0.7069702791695711,0.013894957597102138,0.013891047227319849,0.5018511063172814,0.9998069658490628,0.013893002549824542,0.013893002549753808,8.659000396916494e-09
291,0.7070808978796104,0.7070808902369603,0.006052289932426866,0.0060494423173528345,0.5008920101080347,1.6702553273815681e-09,0.006050866292396913,0.006050866292413815,0.9999633863468306
292,0.026145863920223954,0.025254920827289033,0.7068362509957165,0.7064425645812841,0.504150693809328,0.0006294539105694945,0.7066394352050938,0.7066394352050328,0.03634585277444973
293,0.7069066134331745,0.7069065950745744,0.016826879242749494,0.016821470193218342,0.5022867154386057,0.9997169070669397,0.01682417493532392,0.016824174935402496,1.3109505238312178e-08
294,0.04464726622311341,0.04413278769358866,0.7055154302644864,0.7059085608830055,0.4998719591425077,0.06277697271798123,0.7057120229434484,0.7057120229543106,0.000364728900384898
295,0.7069942152971032,0.7069942049713349,0.012615822487224268,0.012618030605238122,0.5011304902240792,0.9998408004910666,0.012616926594478729,0.01261692659459565,7.3293102035451e-09
296,0.6994875549050443,0.6994868522636043,0.10353125796002241,0.10352092864994547,0.5119678496161034,0.9892242900153874,0.10352609343345692,0.1035260934341626,4.859610071412893e-07
297,0.7069576459598189,0.7069576322797306,0.014522436742217234,0.014522114565308945,0.5016063735396474,9.627982760574591e-09,0.014522275654710854,0.014522275654602207,0.9997890812664498
298,0.04329648571823446,0.042765591863437265,0.7059802523674453,0.7056120759626671,0.5066290646773485,0.06085505571353406,0.7057961881729304,0.7057961881717044,0.0003791003587961404
299,0.7071066851175303,0.7071066798398775,0.00037861875588995013,0.00037853182235841757,0.5000490140337729,6.522400909224647e-12,0.00037857529161847695,0.00037857529162060155,0.9999998566807388
300,0.028451164775001203,0.027634845581990287,0.7065545383424005,0.7065461986879337,0.5031297901567608,0.0005771960074374187,0.7065503685301519,0.7065503685247915,0.039658798672724774
301,0.5416625038110428,0.541645011756924,0.45466539263901945,0.4544246845632367,0.5503465155610009,0.7660140903679046,0.45454505453438976,0.45454505453510297,1.2403154221388974e-05
302,0.7071054975220596,0.707105497404312,0.0013471839834890613,0.0013475941511682298,0.499901762813583,0.9999981845410117,0.0013473890829227288,0.0013473890829500314,8.480783934785582e-11
303,0.016542197202651716,0.015093408184577214,0.7067752891289361,0.7070836127512108,0.5007407373765989,0.022369824172106267,0.7069294677450155,0.7069294677535692,0.0010228498973570436
304,0.014185777462864512,0.012465816857741046,0.707129595627337,0.7068317353626343,0.502155853590144,0.01884550525938375,0.7069806811827789,0.7069806811803053,0.0012164718143858493
305,0.6685127747086673,0.6685091327492627,0.2304561670866407,0.23038264807463593,0.5288465403893048,0.9454172573583756,0.23041941051227605,0.23041941051335602,2.61156951879514e-06
306,0.007113415692097238,0.002178520625206102,0.7072395647382035,0.7069348282790926,0.5011479025092485,0.003481105596068671,0.7070872129265379,0.7070872129241591,0.006574841348051146
307,0.017417330746161263,0.016047823689760817,0.7067409897458506,0.7070758639336806,0.5006268789950308,0.0009668051016028168,0.7069084466647159,0.7069084466736725,0.023663502348433927
308,0.006849017132105854,0.0010271233578818453,0.7072213292174384,0.7069582926041967,0.5010639967878109,0.00409348221166724,0.7070898231434338,0.7070898231405324,0.005586360304433457
309,0.7070430151308574,0.7070430145505818,0.009497497201598116,0.00949501588733074,0.5012481458072144,0.9999098170436171,0.009496256625533743,0.009496256625483208,4.150150299945916e-09
310,0.013961476528234953,0.012209936790147506,0.706952048741069,0.7070182426200425,0.5013679407967632,0.01850587862609205,0.7069851464582705,0.7069851464522479,0.001240096586642635
311,0.7067127752486753,0.7067127390952957,0.02360784172975281,0.02359719283257859,0.5034382342632491,0.9994427658947058,0.023602517881768363,0.023602517881695626,2.5422087001402027e-08
312,0.007792516602341583,0.003856251857455909,0.7070619386190928,0.7070981692543155,0.5008054335852521,0.002787890192287969,0.7070800541716424,0.7070800541658788,0.00823539080199877
313,0.7071035471567984,0.7071035468602191,0.0021392395667681695,0.002138052863165715,0.5003280063473514,0.9999954261815547,0.002138646297277996,0.0021386462972770182,2.101389262826737e-10
314,0.038508367479713236,0.037910047372479855,0.7061858786186485,0.7059613578531453,0.5052908442773514,0.0004233202609070099,0.7060736271618453,0.7060736271585033,0.05403597743811996
315,0.7071066704987733,0.7071066652197835,0.0004049297608582726,0.0004049942789920466,0.499962787858635,7.492450039523829e-12,0.00040496202121441453,0.0004049620212056455,0.9999998360057489
316,0.7071066688837246,0.707106668873425,0.0003986015860260284,0.00039846162817218063,0.5000552771843971,0.999999841172542,0.0003985316132438403,0.00039853161324210237,7.261342130418935e-12
317,0.7071063826953455,0.7071063826587956,0.0007505291091574821,0.0007509066199631362,0.500025550387215,2.5996650218765797e-11,0.00075071788829496,0.0007507178882850348,0.9999994364224931
318,0.5821644914146468,0.5821518084012594,0.4014290125456313,0.4012960639374242,0.45246072857865793,0.8232959473200584,0.40136254374106073,0.4013625437515751,9.018465238934331e-06
319,0.00817637107254643,0.004582680300249017,0.7070010542565998,0.70715037670739,0.5006574007992324,0.002535364396961893,0.7070757194204074,0.7070757194271777,0.009023631753616864
320,0.7069302598316669,0.706930238368668,0.015797561141371666,0.015801592484653845,0.501265744329054,1.1447252926143552e-08,0.01579957694166916,0.01579957694151085,0.9997503422039572
321,0.706175472220119,0.7061753867400705,0.036276723124615884,0.03628394902077642,0.49684126833233383,6.152101798590426e-08,0.03628033625220598,0.03628033625297886,0.9986828697853952
322,0.6647494975378573,0.6647454887949373,0.24111284488894874,0.24101065677580155,0.5316439299737563,0.9400949203894283,0.2410617562467564,0.24106175624759504,2.837016987841701e-06
323,0.010229819524381156,0.007668133184910259,0.7071337762221029,0.7069641950293609,0.5013996356733671,0.01265587530014919,0.7070489907079067,0.7070489907117995,0.0018106056295636747
324,0.37464571990236645,0.3746016954632883,0.599649519964799,0.5997787988257434,0.5263030823045359,3.113210204707261e-05,0.5997141628817011,0.5997141628759206,0.5297979281914237
325,0.03453741072997885,0.03386863375276529,0.7064662756641722,0.7060916967766832,0.5053559587727706,0.048370389768589116,0.7062790110523759,0.7062790110534645,0.0004716840520735352
326,0.7071066832082896,0.7071066831993019,0.0003723338467467287,0.0003721620056441693,0.5000546009216555,6.427158421914846e-12,0.0003722479361107949,0.0003722479361118887,0.9999998614314639
327,0.7071050098130672,0.7071050149189751,0.0015829630553370873,0.001582609309459023,0.500203776721743,1.139078769014807e-10,0.0015827861922761367,0.0015827861922851432,0.9999974947847321
328,0.007717723293659884,0.0037027106244165208,0.7072297519200191,0.7069319660903437,0.5012270828142377,0.0028331527934091646,0.7070808746804373,0.7070808746829169,0.008077534528237265
329,0.03700571714284931,0.03638254976358635,0.7062052259535053,0.7061027303667368,0.5045360541251969,0.05189334821185356,0.7061539800219896,0.7061539800174648,0.00043979081413274745
330,0.7070960621017477,0.7070960663870182,0.0038928823495105523,0.003894197951660561,0.49973416415592475,7.050026426049551e-10,0.0038935402061135616,0.0038935402061909268,0.9999848402297535
331,0.02287105604783455,0.02184663068509049,0.7069435497810297,0.7065624225453397,0.5036174494918106,0.031620211763385433,0.7067530118547075,0.7067530118538176,0.0007229646458157269
332,0.7071057270673976,0.7071057269706753,0.0012206896102699108,0.0012212905613564686,0.50004553978671,0.999998509182009,0.0012209901227775394,0.001220990122793381,7.067798430822075e-11
333,0.7064689279041342,0.7064688693817706,0.030036594412958823,0.030019885017966264,0.5045844428445886,4.154650610583805e-08,0.03002824087771263,0.03002824087772332,0.999097897855647
334,0.7069946760164522,0.7069946604640177,0.012591119789494953,0.012591636573674665,0.5013172071085261,0.999841444625517,0.01259137818418518,0.012591378184287,7.182572346688612e-09
335,0.23793512324966024,0.23784965170185146,0.6658275118586099,0.6659490556804243,0.5195207059286152,6.0718034336138625e-05,0.6658882865395624,0.6658882865457856,0.33643064070301837
336,0.009520172070157928,0.006692052866183122,0.7071111526829827,0.7070066481330354,0.5012108356201819,0.01146408566300053,0.7070589023410105,0.7070589023364972,0.0019979957311098352
337,0.7071034185035733,0.707103418195138,0.002180201341372636,0.0021813389067714645,0.5000608396020061,0.9999952442300354,0.0021807701982610966,0.002180770198231402,2.2054685305226108e-10
338,0.7070342114181611,0.7070342047601056,0.010133382694419766,0.010127770668299126,0.5015514414949677,0.9998973661413737,0.01013057706997347,0.01013057706996763,4.691070643357483e-09
339,0.010874729712567902,0.008509575715306411,0.7072188612844859,0.7068598231757676,0.5017696279696099,0.01370633208742461,0.7070393650195577,0.7070393650210314,0.001676032247542102
340,0.707106783401736,0.7071067834014559,6.572856070989031e-05,6.569485271043137e-05,0.5000098761470619,0.9999999956819712,6.571170887148681e-05,6.571170887161566e-05,2.0194519300861506e-13
341,0.7066874032890301,0.7066873595465283,0.024346985990444655,0.024354088139510788,0.5018304164094386,0.9994068754336616,0.024350537324033403,0.024350537323780456,2.7140574321729257e-08
342,0.7071056642373797,0.7071056694032868,0.0012566008037106621,0.0012571022760791166,0.5000723722017754,0.9999984203228962,0.001256851564912535,0.001256851564897976,7.196453152887275e-11
343,0.7070263614211529,0.7070263540438337,0.010663792312553306,0.010665011793533444,0.5010318487236674,0.9998862640605439,0.010664402070520784,0.010664402070428073,5.204316067512283e-09
344,0.7061899487918561,0.7061898593800731,0.03600318871060667,0.035991896000243044,0.5048588204233203,0.9987033362440362,0.03599754279816557,0.03599754279833703,6.050061080876627e-08
345,0.6008440306668209,0.6008334221967123,0.3729097610479265,0.3727250457087822,0.5453257976976077,0.8497142757187193,0.37281741481862396,0.3728174148177545,7.508459443549836e-06
346,0.023332638955718545,0.022329436499647536,0.7067722539744103,0.7067035907910075,0.5027809668332928,0.03228796341579263,0.7067379232141625,0.7067379232189999,0.00070936132551981
347,0.7068612388216634,0.7068612162995282,0.018628404707201767,0.0186384677781993,0.5003520700976329,0.9996527347318894,0.018633436921894248,0.01863343692215848,1.6161099751446927e-08
348,0.7062083626941027,0.7062082749828374,0.03564360063673066,0.03562529973777408,0.5053423627358782,5.735044684418947e-08,0.03563445136214388,0.03563445136207369,0.9987293786367772
349,0.027912573260387145,0.02707999035599641,0.7066155657571709,0.7065281343432707,0.5033776117419195,0.0388856156224617,0.7065718514048993,0.7065718514002398,0.0005886499379072178
350,0.009742250848643564,0.007004421974261665,0.706952762958079,0.7071589761624608,0.4992061741338515,0.0019355821844746213,0.707055877085245,0.7070558770708415,0.011841743976229196
351,0.7069723607526848,0.7069723484204162,0.013784000483550732,0.013790613886434941,0.500558402286487,0.9998098920791407,0.013787307581439099,0.013787307581614736,8.935734549003125e-09
352,0.6956067397573279,0.6956056816139002,0.12698073221230927,0.12704290726703152,0.5046763018828316,0.9837357334972623,0.12701182354335389,0.12701182354499804,7.513383944842162e-07
353,0.7057573401779783,0.7057572162786998,0.043675415422409915,0.04365531517611553,0.5063588565759866,8.769310321265231e-08,0.04366536645577886,0.043665366455906546,0.9980915146140392
354,0.014882337720605703,0.013253143410197617,0.7071357153210153,0.7067969654229979,0.5023261802142119,0.01989486247494754,0.7069663606623535,0.7069663606604984,0.0011507533985838539
355,0.021614404018706734,0.020527226131554468,0.7066439904226346,0.7069411017375075,0.5010661655216105,0.029798631538283146,0.7067925616961904,0.7067925616878,0.0007687861767070748
356,0.008610637169293344,0.005318969319305945,0.7069112681152064,0.7072298243885567,0.4994895113180454,0.009850850538400329,0.7070705641852407,0.707070564198287,0.002322767907267538
357,0.011236110579293093,0.008966797423257839,0.706840291797367,0.7072270839386071,0.49970981912892654,0.014285505077696136,0.7070337143121864,0.7070337143237276,0.001605608974409635
358,0.7071067797478133,0.7071067797476812,4.5117534225864686e-05,4.50993340235881e-05,0.5000064456350756,9.314218580266665e-14,4.510843504273043e-05,4.5108435042561765e-05,0.9999999979652293
359,0.011831739346951392,0.009702711680258085,0.7072091889470067,0.7068387584159485,0.5019296950704575,0.015226040708788571,0.7070239979407988,0.7070239979420021,0.0015166918799571008
360,0.022975868007736485,0.021956331848239124,0.7065847365319573,0.7069144496196991,0.4988887918321468,0.03177184753943699,0.7067496122966238,0.706749612309501,0.0007216113009792096
361,0.7067750321598285,0.7067749964570501,0.02166222777577088,0.021654413718401305,0.5030096110747457,0.9995308070561431,0.021658321099442306,0.02165832109953398,2.140495789736994e-08
362,0.7071050019906515,0.7071050018274753,0.0015859105034236988,0.0015866437035314852,0.5000707213332879,1.1534489497843766e-10,0.0015862771458494593,0.0015862771458296345,0.999997483721651
363,0.7066360615549424,0.7066360183678408,0.025802204874780903,0.025792640015486375,0.5036008270972536,0.9993342713750166,0.025797422888373157,0.025797422888480113,3.043838155522259e-08
364,0.36675967230694073,0.3667139698706173,0.6044026256148313,0.6047360359867286,0.5032453680308329,0.5186441861970745,0.6045693537890405,0.6045693537801483,3.244899060484812e-05
365,0.006824385085839372,0.0008474383052295569,0.7069155975562751,0.7072644820349467,0.4996371127432424,0.005429556436940663,0.7070900613197192,0.707090061307174,0.004220225157390708
366,0.6995073826196377,0.6995066818225765,0.10337128418863922,0.10341277170341635,0.505857360316324,4.898368673306139e-07,0.10339203002635734,0.10339203002756137,0.9892523319424463
367,0.7071058419480291,0.7071058418619011,0.0011528577032442323,0.0011522182330520269,0.5001768201893535,0.9999986716552475,0.0011525380124985506,0.0011525380124980664,6.11126869354038e-11
368,0.1812469616699188,0.18112874227007708,0.6833119027123458,0.6836861569615407,0.4972102196643288,0.256238317703567,0.6834990554581968,0.6834990554470137,8.325480722876182e-05
369,0.7070812373812557,0.7070812350387408,0.006011984630113654,0.0060088967609700766,0.500903998869026,0.9999638739477138,0.006010440893847175,0.006010440893835417,1.6564087402993937e-09
370,0.7070065374839496,0.7070065282877047,0.011904742968663791,0.01190869041587303,0.5008259697039993,0.999858220042936,0.011906716855920608,0.011906716855791623,6.540209049466399e-09
371,0.7057407016455324,0.7057405709616823,0.043925825927050334,0.04394129939317441,0.502886271533976,8.868486130776605e-08,0.043933563341092316,0.043933563341576894,0.9980679756530894
372,0.7071039692347546,0.7071039689768642,0.0019940346009361086,0.0019943860288244636,0.5001797736958776,0.9999960231172819,0.001994210322612327,0.0019942103226307604,1.8033126665775873e-10
373,0.7070634636015957,0.707063454360162,0.007827601083756052,0.007827263850583749,0.5008798345708936,2.8384929900544182e-09,0.007827432468957372,0.00782743246901473,0.9999387294239014
374,0.013498489180815547,0.011677610262659423,0.7071658943226165,0.7068223412700125,0.5021359951270054,0.001287885975129319,0.7069941386652449,0.7069941386634808,0.017802166671036602
375,0.7071062399024853,0.7071062398528454,0.000875039025335049,0.0008748478962361083,0.5001120675916513,0.9999992344736377,0.0008749434660020273,0.0008749434660070427,3.491914558107238e-11
376,0.006773406866048309,0.0001595010792976729,0.7068940342375284,0.7072870137915941,0.49983282179247074,0.004660056563272706,0.7070905513097612,0.7070905513209019,0.004918165714412894
377,0.7071065855747628,0.7071065802879805,0.0005329126707747002,0.0005331087163997647,0.5000337327018783,1.3095208509692003e-11,0.0005330107026036156,0.0005330107025976392,0.9999997158995514
378,0.04138707472665479,0.040831171401343125,0.7057819250586375,0.7060395171485526,0.5025504503802264,0.0003989262931899312,0.7059107328493067,0.7059107328572023,0.058137039338041124
379,0.00744256081574086,0.003088439161101421,0.7068915313418053,0.7072760654435379,0.5000007559427064,0.0030786604391058016,0.7070838245379302,0.7070838245278054,0.00744661116539
380,0.00710040472464013,0.002135974980200236,0.7069020173120785,0.7072726205529427,0.4996926563705048,0.0035090634655361957,0.7070873432189219,0.7070873432068489,0.0065318152053359365
381,0.7070814683802161,0.7070814713268052,0.0059847432219273565,0.005981661849017755,0.5009019144272242,0.9999642006442475,0.005983202733843025,0.005983202733831883,1.6335667713324416e-09
382,0.015546610150777159,0.013995053048758914,0.7068556624712414,0.7070484522543835,0.5011486498258959,0.001098759088663767,0.7069520639382755,0.7069520639310629,0.020889024043332004
383,0.7069721988450915,0.7069721864995434,0.01379218466117738,0.013799029620364741,0.49950446993722997,0.9998096630978365,0.013795607565425605,0.013795607565181466,8.834611650614386e-09
384,0.010781969648198924,0.008390669459643918,0.7068949164581024,0.707186625214453,0.5005025171608963,0.0016970304607418951,0.7070407858844767,0.7070407858761592,0.013556337672505737
385,0.707106634427763,0.7071066344143048,0.0004557116011943135,0.0004554585041396277,0.500070222567658,9.203124566793996e-12,0.00045558507024282474,0.0004555850702426858,0.9999997924422204
386,0.7005463067541549,0.7005457022585937,0.09611257675264065,0.09608831214093622,0.5123129030312242,0.9907216606391966,0.09610044521287535,0.09610044521235778,4.307353465724309e-07
387,0.01898309073159468,0.01773505001650674,0.7066711884917292,0.7070650193787812,0.4998684670232867,0.0008819279703056468,0.7068681313685053,0.7068681313576297,0.02596366556587377
388,0.06910261478512535,0.06877318488491282,0.7035942188884754,0.7038822719868496,0.5037336200477703,0.09749291298881381,0.7037382601717195,0.7037382601799727,0.00023290837556640394
389,0.5794142128511319,0.5794012109054505,0.4054027484603054,0.40524315945889494,0.5451975381947708,0.8194062442815337,0.4053229618132525,0.4053229618148098,9.221218089489478e-06
390,0.7071067648226727,0.707106764821172,0.00015216944178205287,0.00015208751284544232,0.49997682237414737,1.0545675994606181e-12,0.00015212848282667468,0.00015212848283154717,0.9999999768569253
391,0.7070658036125796,0.7070657945852132,0.007614735827976797,0.007611487219707354,0.5010966510765348,0.9999420388505394,0.007613111697132725,0.007613111697106694,2.7047005474423093e-09
392,0.00876765332744667,0.0055695999246878555,0.706930090595924,0.7072071512801948,0.5004321029259735,0.010137884721747405,0.7070686345127052,0.7070686345045641,0.0022617430357868354
393,0.7071047795941277,0.7071047794105475,0.0016829524215514573,0.0016820466841154262,0.5002555777887017,0.999997169191043,0.0016824996137825546,0.0016824996137803927,1.3210379558621053e-10
394,0.27753680619230003,0.27746689478495196,0.6504300781543446,0.6503277304091376,0.5305603476254948,0.3924468805899432,0.6503789062929585,0.6503789062970466,4.907391195765582e-05
395,0.7067973352995465,0.7067973069092176,0.020923277958389604,0.020911963055007084,0.5031801693351368,0.9995623573547886,0.02091762127177738,0.020917621271753166,1.9984552610896258e-08
396,0.7071019141779499,0.7071019137309705,0.0026256370549573747,0.0026244037400097245,0.5003865836369766,3.1918157040052674e-10,0.0026250204699110563,0.002625020469918322,0.9999931092437905
397,0.7071054183264914,0.7071054182015171,0.0013887144691840801,0.0013879465039364491,0.5002126958585176,8.881910048790373e-11,0.0013883305396605672,0.0013883305396613708,0.9999980725364551
398,0.05399753332048672,0.05357372265913147,0.7052384950224901,0.7048778530881458,0.5081745633652147,0.00029820077802166157,0.7050581971134539,0.7050581971148672,0.07606437037503563
399,0.006836168246070591,0.000938681499652332,0.7070678413999734,0.7071120514732935,0.5006943325284576,0.004162870133955697,0.707089946785071,0.7070899467792436,0.005503165587235542
400,0.014176888262375651,0.0124557095875279,0.7068449511267945,0.7071167415670699,0.5007725547020545,0.0012187676313276511,0.7069808594118039,0.706980859403717,0.01883197991698024
401,0.7069910147905398,0.7069909989040071,0.012791779811666527,0.01279883950857497,0.49983972439804886,0.9998362666339337,0.012795310147114632,0.012795310146907903,7.59677888574209e-09
402,0.02493632951544729,0.024000409767767805,0.7068560764478123,0.7065101888791654,0.5038274131816374,0.0006649585659487532,0.7066831538245542,0.7066831538262757,0.03460343955200557
403,0.7070489811674204,0.7070489758652241,0.0090436410660752,0.009038612411011497,0.5013879373702675,3.7184567559413627e-09,0.009041127088161013,0.009041127088157434,0.9999182546798263
404,0.7070695815083566,0.7070695780963008,0.007255184395873446,0.0072512713159695475,0.4988941047336954,2.444799533507506e-09,0.007253228119914461,0.007253228119700253,0.999947389297899
405,0.6750422199330638,0.6750392095190062,0.21052198250470355,0.2105244921667342,0.5211611915231987,2.1427794991582384e-06,0.21052323734027764,0.21052323733863965,0.9546517339195549
406,0.7071003686045405,0.7071003732846729,0.0030118796307807547,0.003011121319676861,0.5003934523448625,4.202756239704605e-10,0.003011500499088996,0.0030115004991052665,0.9999909308236192
407,0.0166103736863022,0.0151681199794304,0.7071162196742566,0.7067394679058684,0.5026613919184761,0.022470799323322195,0.7069278688889542,0.706927868887911,0.001019585935553853
408,0.006854676754451237,0.001063718382614496,0.7071974195982446,0.7069821013458448,0.5010126197426124,0.0056007985307155025,0.7070897686662385,0.7070897686696702,0.004092572054816046
409,0.7069635681816608,0.7069635550458047,0.014228809151959818,0.014233274077700553,0.5010197588830531,0.9997974569377283,0.01423104178986096,0.014231041790012045,9.388546672727665e-09
410,0.7071064591206646,0.7071064538222828,0.0006805869800772781,0.0006802092757860289,0.500104386800949,2.1301965098436774e-11,0.0006803981541408319,0.0006803981541405094,0.9999995370582486
411,0.7071067804467932,0.7071067804467254,3.233709918711554e-05,3.235353663496063e-05,0.5000010251999052,4.783763136014226e-14,3.234531895541461e-05,3.234531895498304e-05,0.9999999989537817
412,0.7071017500290915,0.7071017495675798,0.002667836975607583,0.0026671164459074184,0.5003524050668458,3.308977945707438e-10,0.002667476735078928,0.0026674767350928297,0.9999928845425533
413,0.7046883805843951,0.7046881636743754,0.05844909312433087,0.05841737057264083,0.508817294351948,1.5696348328537194e-07,0.05843323400123275,0.05843323400116688,0.9965797079653488
414,0.008561822112474195,0.005239404143831161,0.7072054892598988,0.7069368004333904,0.49890083544615976,0.00975778891297138,0.7070711576189125,0.7070711575999854,0.0023540835154981397
415,0.7070683853275614,0.7070683818061805,0.007367042874945346,0.007370793685322364,0.5002373651395128,2.5054572845027866e-09,0.0073689185187320125,0.007368918518830254,0.9999456975654908
416,0.1090557919213192,0.10885036350111658,0.6985035482222782,0.6988213117349439,0.49486228159072465,0.00014525072813364502,0.698662448037718,0.6986624480505614,0.1540829201700736
417,0.7071067463073335,0.7071067463041347,0.00022214600343015533,0.00022205627756224152,0.5000316743639897,2.281864792324509e-12,0.00022210114502679187,0.00022210114502761543,0.9999999506710808
418,0.015599966049569468,0.014054286890067923,0.7071142147233779,0.7067875249432467,0.50240849374365,0.00109138036202197,0.7069508887052067,0.7069508887031537,0.020968805632211106
419,0.7070940214729823,0.7070940203028743,0.0042491953630871375,0.0042468326844554965,0.4993470469499296,0.999981954212633,0.0042480141880982284,0.004248014187965581,8.22878273916941e-10
420,0.7062071405016588,0.7062070526632126,0.03566835273844043,0.03564897652436045,0.5054077601308766,0.9987276501057167,0.03565866594746327,0.035658665947500584,5.8464631797134785e-08
421,0.034958028200891646,0.03429748276128716,0.7064549116693117,0.7060616663711836,0.5054827586145624,0.0004664995685021658,0.7062583163901259,0.7062583163902092,0.048971046931913904
422,0.6648450230518075,0.6648410237638773,0.24079895084405792,0.2407973706589091,0.47465305122127077,0.9402300205525045,0.24079816075556348,0.24079816074999605,2.8277808933170867e-06
423,0.299867492560298,0.29980477414399964,0.6405280823614569,0.640250232340766,0.537976031400067,0.42403232623959897,0.6403891724212584,0.6403891724191364,4.4696413205840285e-05
424,0.03732128233434915,0.03670353053311849,0.7062803261803535,0.7059943863671344,0.505404108450374,0.0004386257530541411,0.7061373707458166,0.7061373707484392,0.05234343202470127
425,0.7070957434928068,0.7070957372116212,0.003952215499279325,0.0039516318931018075,0.5004834035144793,0.9999843821770557,0.003951923706951103,0.003951923706976257,7.080430913743242e-10
426,0.7056548362432693,0.7056547081972746,0.045279165632474326,0.04530440906154505,0.5000830182391872,9.532381208688055e-08,0.04529178910534491,0.04529178910603788,0.9979465455019156
427,0.007223702573838735,0.0025157034181689008,0.706960516231384,0.7072116499664307,0.5003948721864204,0.006887083229161161,0.707086094252125,0.7070860942443019,0.0033284720538986935
428,0.01168561716618115,0.009524057690049556,0.7069219684054991,0.7071308713825508,0.5008073592919449,0.014997843621399934,0.7070264276132041,0.7070264276058302,0.0015251262721404507
429,0.08108508864992801,0.08080554526697196,0.702419706488004,0.7024971375719872,0.5077443273188795,0.11447396381585818,0.7024584230938418,0.7024584230999318,0.00019811296943432014
430,0.012475606928131664,0.010478383201749965,0.7068205922984623,0.7072052128060858,0.4996662465187936,0.001411052530991849,0.7070129287010224,0.7070129287126606,0.016231026261538245
431,0.7070995982968762,0.7070995976381651,0.003186362711755793,0.003188134408722094,0.49999282437624076,4.538534515083406e-10,0.003187248683318475,0.003187248683367861,0.9999898413942309
432,0.029595874032337266,0.028812102483693633,0.7063082127808183,0.7066984191028836,0.49957400757959025,0.04130067053982364,0.7065033428867007,0.7065033428753653,0.0005546249301135371
433,0.014662798028301595,0.013006090148966754,0.7067970645525398,0.7071447896430935,0.500434130205323,0.0011700991224324155,0.7069709484810727,0.7069709484718838,0.019564940290819528
434,0.7069596731929514,0.7069596596999144,0.014424398281915307,0.014422609617501869,0.5017313172556888,9.483551363875875e-09,0.014423503977387727,0.0144235039774827,0.9997919408887245
435,0.007059029270429631,0.001993772778980452,0.706908608347938,0.707266862237622,0.5001158944766969,0.0035689181716123714,0.7070877579772519,0.7070877579866404,0.006408420025195036
436,0.7071067830323343,0.7071067830320203,6.955576680601598e-05,6.959113473544465e-05,0.49999777829206093,2.2534333659206725e-13,6.957345301876397e-05,6.957345301755211e-05,0.9999999951595343
437,0.7025318074149831,0.7025313811639085,0.08033016375247987,0.08028567894739884,0.5120985409134287,0.9935297049144383,0.08030792443013234,0.08030792443009091,2.9354219488956897e-07
438,0.1718546854472366,0.17172909745502352,0.6858366967996578,0.6860051818317771,0.5133208568133907,0.24295042275067003,0.685920944492317,0.6859209444855023,8.892781530677836e-05
439,0.7071067778865961,0.7071067778862936,6.829749733201354e-05,6.833412385391572e-05,0.5000013965014302,0.9999999953329503,6.831581304708078e-05,6.831581304804183e-05,2.1108177620139672e-13
440,0.7070999059501685,0.7070999000507682,0.0031185733274383385,0.0031203051715774813,0.49998432147809957,0.9999902690506722,0.003119439369717628,0.003119439369668643,4.4508382407794876e-10
441,0.011977271606949443,0.00987977321536415,0.7069712664766258,0.7070718233832404,0.5010964878460012,0.015455525631189333,0.7070215467208286,0.7070215467144917,0.001480432841203501
442,0.7071067715771436,0.7071067715762623,0.00011658946927799394,0.000116566030554655,0.5000148090503691,0.9999999864096277,0.00011657775050572989,0.00011657775050504647,6.172207840264158e-13
443,0.7071061964816195,0.70710619115914,0.0009132303506986702,0.000913664388376876,0.5000381183908,3.855621005828947e-11,0.0009134473953234843,0.0009134473953118756,0.9999991656135094
444,0.7063883633689978,0.7063882974415179,0.031870710547594355,0.03186394739745185,0.5040615958290121,0.9989839571612028,0.031867329152031484,0.03186732915184776,4.536070899518104e-08
445,0.020217860479922585,0.01905102432851729,0.7066369779274311,0.707030747574134,0.4998683564337253,0.027767281980382134,0.7068338901659497,0.706833890176838,0.0008255069795701807
446,0.7070760092085768,0.7070760063859444,0.006595294628253082,0.006598521329980389,0.5002502221643732,0.9999564798555104,0.00659690817644131,0.0065969081763559475,2.0156249932456944e-09
447,0.012892815310257023,0.010971838108417087,0.7071199113814307,0.7068909569444377,0.5018502330299133,0.001363932352330098,0.7070054434292746,0.7070054434325669,0.01687440685298238
448,0.08616459910566461,0.08590204091725635,0.7020159527549155,0.701690888795275,0.5125430284780533,0.000185771085702896,0.7018534395932825,0.7018534395953144,0.12166948733518672
449,0.006954747473044605,0.0015857358157433399,0.7070932824708704,0.7070842996517996,0.49925006838258773,0.006037760493117132,0.7070887910673971,0.7070887910838026,0.00379848900471036
450,0.7056419579840676,0.705641823485052,0.04547993165715869,0.0455040646267929,0.5011037405560156,0.9979283320554083,0.045491999742572564,0.04549199974194309,9.484007910465904e-08
451,0.7071058393400936,0.7071058392537144,0.0011539396121199679,0.0011543343595544387,0.4999226513674541,6.180735316513833e-11,0.0011541370027254817,0.001154137002702617,0.9999986679668922
452,0.7068529988470875,0.7068529755690782,0.018948731916256317,0.018938175962510732,0.5029038685356741,0.9996410811136068,0.01894345467464938,0.018943454674654116,1.6399762038758016e-08
453,0.007639323641979163,0.0035364047769939947,0.707277950993922,0.7068854465990893,0.5013191281452076,0.007898366815640113,0.7070817260317858,0.7070817260314861,0.002912254434866049
454,0.007667128507870917,0.003596085657914512,0.7071874269584271,0.7069754072528234,0.501116437509921,0.007961713905004835,0.7070814250507012,0.7070814250541774,0.00288579335887344
455,0.7012215707119911,0.7012210286871511,0.09106392953978601,0.09102053851699962,0.5131901270452058,0.991676672260023,0.09104223661330964,0.09104223661355136,3.8164413307244935e-07
456,0.6314300424390635,0.6314226855957301,0.31832660684912195,0.31822895058810796,0.5371031610455673,0.8929717276332984,0.31827778246329325,0.3182777824648346,5.2081276628561164e-06
457,0.0075582911044198295,0.003357757332524805,0.7070218411821757,0.7071433474145374,0.5006512122958895,0.0029718299254716473,0.7070825969050711,0.7070825969115999,0.007718194453196112
458,0.13153346591154796,0.13136506762740457,0.6949749592108209,0.6945876276053798,0.5195966954410475,0.18589733567409575,0.6947813203996612,0.6947813203996317,0.00011931776695802008
459,0.012430942653700087,0.010425280531029894,0.7071966865642919,0.7068306952184902,0.5020123663578174,0.0014167237926645442,0.7070137145743448,0.7070137145730306,0.01616192139275369
460,0.020024318203138814,0.018845475959435823,0.707013912119243,0.7066648447363229,0.5031138998898224,0.0008339277037506887,0.7068393999766647,0.7068393999749851,0.02748508410434917
461,0.7065173738060546,0.7065173197291023,0.028869381837090483,0.028862366939404898,0.5037477658972311,3.760874567222906e-08,0.0288658746014194,0.02886587460126081,0.9991664138505647
462,0.7064691094786286,0.7064690509667206,0.03001560467141388,0.030032330160352214,0.500067255351096,4.1435969761512664e-08,0.030023968580772928,0.030023968580315377,0.9990981546481528
463,0.7064528752744748,0.7064528152661588,0.030396386232809647,0.03041100804489524,0.50121885878806,4.1245009238756534e-08,0.03040369801804119,0.0304036980176521,0.9990751875077633
464,0.7071067414860962,0.7071067414824556,0.00023691680537064316,0.00023699241321390236,0.4999831973103198,0.9999999438525092,0.00023695461231028719,0.00023695461230552532,2.561368290991799e-12
465,0.006788355417829093,0.00047665898503257116,0.7068967552984272,0.7072840082848515,0.49977650965049797,0.0045167582197757575,0.7070904083083162,0.7070904082967818,0.005089977234808622
466,0.7069593826036767,0.7069593743518475,0.014436021788570116,0.014438943473074787,0.4987495174302544,0.9997915373648151,0.01443748270457601,0.014437482704882763,9.514458609509218e-09
467,0.010252214461460869,0.007697882630506682,0.7069448648547827,0.7071524536881181,0.49917123677437125,0.012691090911967217,0.7070486668971324,0.707048666882741,0.0018170057294975691
468,0.022185546416867378,0.02112781156144739,0.706964406909188,0.7065852704892367,0.5035074151267905,0.03062716470677117,0.7067748641222833,0.7067748641213383,0.000748113103292344
469,0.006947405303337549,0.0015530308404894633,0.7070776172598527,0.7071001094793363,0.5007360589926751,0.00381739784952031,0.7070888634618494,0.7070888634562071,0.006008811703660501
470,0.23570195922585999,0.23561547588701667,0.6667605984847628,0.6666035096859178,0.5280712571803389,0.3332717532555436,0.6666820587140028,0.6666820587102985,6.053605841373882e-05
471,0.706082932919155,0.7060828389298309,0.03802951733168772,0.03804828801135457,0.5013946227755146,0.9985519934339532,0.03803890382959132,0.038038903829096186,6.72435910322447e-08
472,0.703275796576458,0.7032754442839395,0.07352826364147767,0.073487399347399,0.5111135133023806,2.474717787928972e-07,0.07350783433409801,0.07350783433407321,0.9945819204987407
473,0.7071066872473156,0.7071066872387006,0.00036459375454215177,0.0003643951579792021,0.5000557527035825,0.9999998671437728,0.00036449446978628034,0.00036449446978664707,6.0824740213318546e-12
474,0.6965078485565028,0.6965068689412467,0.1219880329906321,0.12195867424634364,0.5154163037256863,6.952976205908345e-07,0.12197335450214714,0.12197335450147653,0.9850101530353198
475,0.044907389651145796,0.044395950732829904,0.7057797227050329,0.7056113015900958,0.5058457904462597,0.06314700657589159,0.7056955171739326,0.7056955171700314,0.00036006562735507557
476,0.7070368580533123,0.7070368569073777,0.00994173557804729,0.0099465407144985,0.5003952574775672,4.577403217013083e-09,0.009944138436447257,0.009944138436574585,0.999901109221067
477,0.018721489926021507,0.017454745277746,0.7070719964598993,0.7066781654363232,0.5030125048903119,0.025580354690972806,0.7068751083757114,0.7068751083756322,0.000898761172473979
478,0.008460039550494883,0.005071590846997318,0.7071781386830546,0.7069666094419507,0.5012240075396934,0.002403049255989287,0.707072381974427,0.7070723819709605,0.009566538412015812
479,0.7071067403021121,0.7071067402983617,0.0002403954882571522,0.00024052849093121926,0.49999755914059846,2.6947661854346387e-12,0.00024046199879180165,0.00024046199878794956,0.9999999421780252
480,0.006769394866623372,0.0,0.7068985873172479,0.7072825408426296,0.499758533670221,0.004666592852271541,0.7070905901468415,0.7070905901351809,0.004900773329296679
481,0.7069748978340844,0.706974891005483,0.013660080499551726,0.013653093796162592,0.5020514411058843,0.999813480220455,0.013656587594642802,0.013656587594670028,8.497475785120277e-09
482,0.7067723098863814,0.706772279204327,0.021742619301937813,0.021750996117040036,0.5013103220537093,0.999526964455592,0.021746808112705737,0.02174680811295409,2.1624378971534317e-08
483,0.19612767661459715,0.1960197313618044,0.6793991429190436,0.6793577879022773,0.5211488561411833,0.2772900913840572,0.6793784657277643,0.6793784657228958,7.64042877403945e-05
484,0.11454872459665569,0.11435364583498482,0.6979664249336623,0.6975992425854838,0.5169778199721496,0.00013802904958507359,0.6977828579121388,0.6977828579110315,0.1618584176292813
485,0.010697903831592095,0.00828231603934519,0.706865544048252,0.7072185381717413,0.5002618386176451,0.013420843300077142,0.7070420631438846,0.7070420631346097,0.0017096399384374827
486,0.008336142513061688,0.0048620281322315165,0.7068792094996148,0.7072684445015384,0.49997393327351747,0.002455493643422402,0.7070738537790148,0.7070738537893471,0.009332799179442219
487,0.6450110151172413,0.6450050457782289,0.28970909841512854,0.28982394585944793,0.51513791469368,4.198066325823406e-06,0.28976652782886547,0.2897665278255069,0.9121791044988512
488,0.7071062471418682,0.7071062470928886,0.0008688886626403456,0.0008692569506973894,0.5000458327770787,3.449308657921382e-11,0.0008690728261827925,0.0008690728261724138,0.999999244712138
489,0.014409203072708276,0.01271951447227201,0.7070166114847122,0.7069357112942166,0.501757493491972,0.00119609155306557,0.7069761625442925,0.7069761625490147,0.01918281904719867
490,0.7070501407271388,0.707050135532539,0.008952175180638526,0.008947787474370602,0.5013310754009017,0.9999198946209886,0.00894998159637651,0.00894998159639816,3.6879210052488826e-09
491,0.06508124022324581,0.06473096644000116,0.7039293015430069,0.7043137601629645,0.5008638080447303,0.0917910939824445,0.7041215570877796,0.7041215570979208,0.00024645442621221787
492,0.37555042706512637,0.37550658960123157,0.5992049051465773,0.5990911112222709,0.5385907021273576,0.531077509542438,0.5991480108841899,0.5991480108877714,3.0999166490006676e-05
493,0.7066113965223962,0.706611356345536,0.02646458563576046,0.026464288025185398,0.5028939060896521,0.9992993881547452,0.026464436830791013,0.02646443683099156,3.220082314044677e-08
494,0.006913463460065292,0.001393519400172043,0.7071687220334498,0.70700966096953,0.5009558697114607,0.00587698213646887,0.7070891959721313,0.7070891959761213,0.003898583627413888
495,0.03188273857847531,0.03115676315741883,0.7063456366388239,0.7064620221258138,0.5028656644021118,0.044575654183706334,0.7064038317760081,0.7064038317824818,0.0005137599605024399
496,0.7070497854141644,0.7070497801853071,0.008978067812745096,0.008977949879728138,0.5009834334831782,0.9999193921083377,0.008978008846396145,0.008978008846464377,3.710018871343536e-09
497,0.707105987438782,0.7071059873659807,0.001059772814229945,0.001059264361184851,0.5001569422537925,5.138404547816063e-11,0.0010595186182090143,0.0010595186182062446,0.9999988774196668
498,0.018906406181003643,0.01765295521843648,0.7070359506182248,0.7067043833957394,0.5029124892650855,0.0008881005813083299,0.7068701864467682,0.7068701864487429,0.02585131137839426
499,0.7071041743980893,0.7071041794273485,0.0019200492468208323,0.0019201163030164218,0.5002013785689287,0.9999963132753413,0.0019200827752190507,0.0019200827752036652,1.7248473320922995e-10
500,0.009729396827715248,0.006986561398889727,0.7068625642544595,0.7072494906698711,0.49973255336566025,0.0019380007027541377,0.7070560539239011,0.7070560539354315,0.011820209646522183
501,0.13553254819037344,0.13536948656520167,0.6938224348569952,0.6942020306634038,0.5018602922841245,0.1915566659471716,0.6940122587180979,0.6940122587080774,0.00011507869457247126
502,0.707081433320273,0.7070814309954566,0.005987977706168909,0.00598671179824492,0.5007635725429124,1.6316485447742768e-09,0.005987344785646071,0.005987344785680681,0.9999641510598442
503,0.06372970435398231,0.06337185381027842,0.7044225642499459,0.7040677409902413,0.4905249249408574,0.08987437587963644,0.7042451749550351,0.7042451749782336,0.0002522551151492563
504,0.7070676809687987,0.7070676773830402,0.007434849551173588,0.007437549442454359,0.49952344361789225,2.529339859494626e-09,0.007436199619419373,0.007436199619273711,0.9999447014062539
505,0.017319797394382528,0.015941898847783232,0.7067381489032283,0.7070834953272264,0.5005514240616507,0.0009718950451382948,0.7069108431996283,0.7069108432087603,0.023519671355625868
506,0.7070595582673228,0.7070595592044874,0.008169899973215034,0.008174410369250656,0.5000961661526983,0.9999332136445629,0.00817215548234665,0.008172155482466258,3.056841329241475e-09
507,0.05216919420725321,0.0517302239529446,0.7052324323378648,0.7051592554057228,0.506162790780804,0.0734679833858791,0.7051958448233558,0.7051958448185924,0.0003103412123763541
508,0.7068608622508382,0.7068608396929916,0.01865207883984964,0.01864375438180951,0.5027076439424013,1.594953510687759e-08,0.01864791707530682,0.018647917075364975,0.999652194704489
509,0.02354308801351472,0.022549299781058133,0.7069268450805002,0.7065349869544383,0.5037474862968049,0.032592227058451016,0.7067309431766384,0.706730943176282,0.0007033130160196676
510,0.7071067691127499,0.7071067691116424,0.00013070980546143202,0.00013063831262612505,0.5000199750381495,0.9999999829242887,0.00013067406393313033,0.0001306740639330038,7.907159351789792e-13
511,0.7068704104181145,0.7068703939997241,0.01828630620486625,0.018278058306936493,0.5026677029847973,1.5128265206165943e-08,0.018282182720997176,0.0182821827210531,0.9996657059186882
512,0.26763305792005465,0.26755965162221024,0.6544317542235893,0.6546017554177468,0.5192169168602664,5.234648890177201e-05,0.6545167603367937,0.6545167603433762,0.37843839409827723
513,0.6451898620918985,0.6451839165706755,0.2894480948189434,0.28928802750227495,0.5390095632506265,0.9124320454324794,0.28936807222859096,0.2893680722284027,4.174276291908493e-06
514,0.7071031507551196,0.7071031556905167,0.0022661486913542273,0.0022657063680647034,0.5002861277453967,2.3437117498002964e-10,0.0022659275405092303,0.0022659275404957723,0.9999948655592001
515,0.7071067612148588,0.707106761212544,0.000188885017568956,0.00018898504236701278,0.4999954718655389,0.9999999643035499,0.00018893503658569752,0.00018893503658889637,1.6621837769062047e-12
516,0.00873046882965503,0.005510848780206655,0.7071431336582159,0.7069950480592018,0.50117322030847,0.010068459416205247,0.7070690947334642,0.7070690947375612,0.0022840019252331626
517,0.019946247157448072,0.018762480464888612,0.7069576068564751,0.7067255893618828,0.5028167898730317,0.0008365582062679578,0.7068416076273841,0.7068416076306421,0.027371218811533735
518,0.7070905855592722,0.7070905893421818,0.004784571891349043,0.00478723295827449,0.49998602546070986,0.9999770948738871,0.004785902609800456,0.004785902609725994,1.045764029296186e-09
519,0.007655937523002549,0.0035720637621182954,0.7071350152449027,0.7070280738384548,0.4991112783755327,0.002888856854531177,0.7070815465548164,0.7070815465720866,0.007938987652766905
520,0.013272235363885236,0.011415343359778512,0.7068330367964268,0.7071637687270216,0.500471558264014,0.017456731612614886,0.7069984221056017,0.706998422096721,0.0013133218658408878
521,0.6971406592916988,0.6971397387096968,0.1182698707635668,0.11833563936397637,0.5005362280193157,6.490101597979369e-07,0.1183027596332589,0.11830275963504508,0.9859051243022667
522,0.02479173907514668,0.02385003580341532,0.7064929284755869,0.7068835034794524,0.500135658691887,0.0006587802013289133,0.7066882429657617,0.7066882429553789,0.03439506550794942
523,0.7070889130316984,0.7070889166613296,0.005027664704343389,0.005026235208388818,0.5006704086539024,0.9999747294543245,0.005026950007165947,0.005026950007191437,1.1538253918522746e-09
524,0.007188215844944226,0.0024115043733118112,0.7072354172236001,0.7069374645781419,0.5011507882895405,0.0033697698792043737,0.7070864565960465,0.707086456593576,0.006791940174737715
525,0.7066852142988175,0.7066851756211402,0.024410650182744895,0.02441701469068578,0.5019253832081354,0.999403787040677,0.024413832643990007,0.024413832644235873,2.7809102341328702e-08
526,0.7070529543856555,0.7070529441794128,0.008727714322323894,0.00872285930533283,0.5013399757963398,0.9999238664659658,0.008725287151514105,0.008725287151512672,3.4440183219332516e-09
527,0.006788380273905056,0.0004774322842163185,0.7070287228234031,0.7071520876405315,0.5005784111766078,0.004463776093479505,0.7070904079256408,0.7070904079191046,0.005136608931623679
528,0.1865580267488665,0.18644364045474554,0.6818795903584826,0.6822573530876003,0.49835500375524766,8.066528670440176e-05,0.6820684978813987,0.6820684978705316,0.2637520083403362
529,0.007011557741207477,0.0018187451004728987,0.7072241941770702,0.7069522398259254,0.4991165129155524,0.006250111565524256,0.707088230066627,0.7070882300855702,0.0036614042548291
530,0.7070891444901437,0.7070891428726042,0.004995629971263494,0.0049929407238000776,0.500761060443584,0.9999750568009773,0.004994285528536699,0.004994285528543224,1.1326701614823036e-09
531,0.00677279707907364,0.00012899741554910573,0.7069089682163523,0.7072720998559727,0.5000887751780239,0.0048680631106139466,0.707090557342532,0.7070905573520359,0.004710560705330784
532,0.010885134583583476,0.008522826737056807,0.7072189261988073,0.7068594384309425,0.501772134056478,0.013723443335205768,0.7070392051614376,0.7070392051628993,0.0016708771118069433
533,0.011995665660289522,0.009902022223150545,0.7069947296409348,0.7070477397044652,0.5012040527962459,0.0014749292526462273,0.7070212351724643,0.7070212351665649,0.015484528486231186
534,0.7019456747764803,0.701945199589275,0.08529627774756408,0.0852628373828941,0.5118724196333466,0.9927007573099373,0.08527955920449957,0.08527955920417095,3.359516948186774e-07
535,0.7071067336627301,0.7071067336583714,0.00025919595560779953,0.0002593092151176533,0.5000130739713159,0.999999932788091,0.00025925259154611045,0.0002592525915492446,3.041867813910105e-12
536,0.008760687319239714,0.005558645308616414,0.7072506136944817,0.706886781068087,0.5014572941156646,0.0022598880357086373,0.7070687207838977,0.7070687207825315,0.010126257257178082
537,0.03396252788746431,0.033282133590014897,0.7064572596394461,0.7061564887373825,0.5049911098648904,0.0004804218435744972,0.7063068901970891,0.7063068901995097,0.0475491631016005
538,0.7071059871115377,0.7071059923070634,0.0010595701707301196,0.0010599038098915547,0.49992412866911745,5.1411935230781173e-11,0.0010597370034301893,0.0010597370034515598,0.999998876956853
539,0.7070928294742165,0.707092822925712,0.0044421283252348955,0.004443559324195318,0.5003140873571059,0.9999802609434211,0.004442843882305254,0.004442843882352848,8.999624152225453e-10
540,0.7071012134264563,0.707101207646996,0.002806894132936049,0.0028080083408098104,0.5001645733244859,0.9999921181861813,0.0028074512921643677,0.002807451292131871,3.5809536379733333e-10
541,0.3984878144130134,0.3984485452996173,0.584050564931428,0.584235531370901,0.4758755956165673,2.771722783344755e-05,0.5841430554663924,0.584143055478148,0.5635191041293958
542,0.7071026701785891,0.707102664532787,0.0024134575520457615,0.0024121173514474272,0.5003708342295573,2.6333823490554217e-10,0.0024127875447992417,0.002412787544800023,0.9999941784393152
543,0.044373775296632494,0.04385606084719276,0.7056743117349454,0.7057842303071742,0.5040406792626294,0.00036683528114345924,0.7057292731642636,0.705729273157859,0.062387911000330955
544,0.06022206411894464,0.05984287955953267,0.7047145855371497,0.704392990943613,0.5088443810395539,0.08489873514298055,0.7045538065883667,0.7045538065904747,0.0002683502283495773
545,0.7071063022869962,0.7071063022430698,0.0008230728153270408,0.0008228883789077341,0.499893993051637,0.9999993227026991,0.0008229806022944131,0.0008229806022737748,3.072763324080318e-11
546,0.7071067229777919,0.7071067229724534,0.0002870003515175569,0.0002868406592945457,0.5000441148468886,0.9999999176766137,0.0002869205165161178,0.0002869205165160817,3.730756121689026e-12
547,0.006839793803967467,0.0009636838568846672,0.7069644560336934,0.7072153465806162,0.5003701959895975,0.004155667357028836,0.7070899124309062,0.70708991243873,0.005517417390456645
548,0.7071053332290328,0.7071053330962233,0.0014309650762965992,0.0014310712384449124,0.5001446715604633,9.33629478889036e-11,0.0014310181583612098,0.0014310181583492506,0.9999979521849346
549,0.6990231427373591,0.6990223970586366,0.10659772698367855,0.10663617425946938,0.506741503013478,0.9885674741467775,0.10661695235404554,0.10661695235523279,5.235674478966252e-07
550,0.01857387209376601,0.01729629773035446,0.7068861232037255,0.7068718824426152,0.5020667163737946,0.0009038844464976665,0.7068790028616774,0.706879002856387,0.025364022294281984
551,0.7069487046653342,0.706948690167049,0.01494964500379203,0.014952811018826609,0.5012786586593816,1.0335585778925853e-08,0.014951228095040398,0.014951228095184064,0.9997764357879718
552,0.707102041580857,0.7071020464144416,0.0025896771044620647,0.002588391723996082,0.5003863147588039,3.1108818096714616e-10,0.0025890344940012874,0.0025890344939953846,0.9999932968779225
553,0.7071067745541701,0.7071067745535619,9.6866831896525e-05,9.683425899548347e-05,0.5000133327421062,4.308175529100948e-13,9.685054681559192e-05,9.685054681515665e-05,0.9999999906199721
554,0.006806753025813525,0.0006912369085050798,0.706911742350873,0.7072686751378395,0.5001122076115124,0.004312294843021358,0.707090231271096,0.7070902312617323,0.005311667196366191
555,0.010141442331493986,0.007549836818157494,0.7068726373319121,0.7072278456783785,0.49954073072777994,0.012510071174278947,0.7070502638051566,0.707050263817582,0.001829482921018856
556,0.17634322300361513,0.17622124154612848,0.6848027955022425,0.6847585508782921,0.5191966338550147,8.644327476174385e-05,0.6847806735451645,0.684780673550047,0.24930072362294092
557,0.028677949868018266,0.027868293630961962,0.7067092872458274,0.70637307191169,0.5043566383168056,0.0005724481515895337,0.7065411995786766,0.7065411995767749,0.03998423316318354
558,0.05320111946353259,0.05277084379798854,0.7052704234036988,0.7049670267499423,0.5077191806362673,0.0749335006509796,0.7051187413960935,0.7051187413937285,0.00030256819795393007
559,0.7071052078813241,0.7071052130053933,0.0014914086309251763,0.0014919378566413829,0.5000973839852431,0.9999977749083894,0.0014916732672452975,0.0014916732672618134,1.0155566293020918e-10
560,0.023069061110025556,0.022053848584135685,0.7069088944998454,0.7065842207827296,0.5034903109753289,0.03190674240256279,0.7067465762843184,0.7067465762863838,0.0007166638867554373
561,0.6831736557635617,0.6831714222453026,0.18244692973118212,0.18238333731355555,0.5238809219022714,1.5483035207530124e-06,0.1824151362939168,0.18241513629311812,0.9661518701009807
562,0.7070906578744289,0.7070906616639059,0.004776318973055614,0.004774092781381536,0.5007018729795042,1.0532482405662143e-09,0.004775206006942619,0.004775206006956083,0.9999771971476062
563,0.007076307717816072,0.002054348076580577,0.7071343896614882,0.7070407770992688,0.5008990205682236,0.006453453422310088,0.7070875849318766,0.7070875849272635,0.003556320551222549
564,0.7070638082614608,0.7070638043203684,0.007794921340033318,0.0077965933656975,0.5006624179231938,2.8110875770894e-09,0.007795757397654676,0.007795757397729712,0.9999392243197546
565,0.011000591227852399,0.00866980918260716,0.7069248821360106,0.7071499363065532,0.5007126901909454,0.013908925775943931,0.7070374181795627,0.7070374181720182,0.0016493581734739243
566,0.021275842559258205,0.020170385068512785,0.7066063915466134,0.706999223136106,0.49977638585023515,0.0007799237289081539,0.7068028346382189,0.7068028346271416,0.02930695530749506
567,0.3404529792691188,0.34040124075531425,0.6196030681072509,0.6199280635561362,0.5076967273442606,3.684357371111402e-05,0.6197655871302697,0.61976558713876,0.4814366340965057
568,0.7069298092795111,0.7069297983112587,0.01582383539180437,0.015815141284465244,0.5024148662665086,0.9997497124478943,0.015819488935393665,0.01581948893540734,1.1534124742247781e-08
569,0.7069152555393944,0.706915237969629,0.016457174676842844,0.016457342154647787,0.5017704833256035,1.2590893592167084e-08,0.01645725841589435,0.01645725841602237,0.9997291219579731
570,0.018973996512284184,0.017725330344819688,0.7068899235514408,0.7068468264779522,0.49785481067980225,0.025950345333281544,0.7068683753514969,0.7068683753347929,0.0008828683733100142
571,0.7071058853156534,0.7071058799646462,0.0011286524452173929,0.0011291880349040136,0.4999526173076755,0.9999987255382079,0.0011289202718127412,0.001128920271833151,5.811734889986355e-11
572,0.7071067491260569,0.7071067491231157,0.0002129638447631141,0.0002129115248017841,0.5000278158649245,0.9999999546575398,0.00021293768638878352,0.00021293768638994042,2.0656694731496007e-12
573,0.015407374924190696,0.013840179091912824,0.7071268745356302,0.7067833087684757,0.5024171111665721,0.02068114080600977,0.7069551125219163,0.7069551125236797,0.0011082286431463126
574,0.015992846192117192,0.01448916755443725,0.7071265776474696,0.7067575935794398,0.5025508387310242,0.021553996886382314,0.7069421096876936,0.7069421096864558,0.001064105536859077
575,0.013551763211210351,0.011739200835268658,0.7071561270788431,0.7068300735059806,0.5021124061258924,0.0012821292721579987,0.7069931190876948,0.706993119089763,0.01788337962782657
576,0.014412424889395987,0.012723159494875947,0.7070419941380907,0.7069101935511338,0.5018654818983999,0.019187847459942693,0.7069760969181648,0.7069760969139108,0.0011930165876901436
577,0.027003555003807553,0.026141938662920642,0.7064935709648112,0.7067207661146401,0.5018366276502287,0.03757955455655982,0.7066071776671848,0.7066071776747606,0.000608282053673031
578,0.031837769576986065,0.03111073237887702,0.7062102075414642,0.7066014587714473,0.5001443834677048,0.04451131789739625,0.7064058602490899,0.7064058602386017,0.0005136198372684699
579,0.7071006103493004,0.7071006097833831,0.0029537427661514696,0.002954638942718589,0.5002171408328806,3.972321339485961e-10,0.0029541908884022842,0.0029541908884332924,0.9999912727181101
580,0.04873915582487555,0.04826867406823555,0.705390007980095,0.7054924283328714,0.5044977364637894,0.06859489275417292,0.7054412200120644,0.7054412200184087,0.0003330088145545394
581,0.707068542352348,0.7070685335766327,0.007355614048416047,0.007353069676436451,0.501016420103644,2.4818760063313158e-09,0.007354341972444135,0.007354341972476622,0.9999459121914078
582,0.7018337118448014,0.7018332211687197,0.08618885748570594,0.08620358938243973,0.5076787353515142,0.9925424031358945,0.08619622374920126,0.08619622374840585,3.418143082008505e-07
583,0.7071004209604405,0.707100420377032,0.002999412606652974,0.0029989505177187297,0.5003695172194712,0.9999910048694478,0.002999181571094666,0.002999181571075743,4.0684636058422775e-10
584,0.7034951399055657,0.7034948078422226,0.07137856044258892,0.07137747948356007,0.507763226786489,0.9948921331137678,0.07137801996539007,0.07137801996485149,2.336252743521334e-07
585,0.07655261214905783,0.07625603255525454,0.7029405445300012,0.7029931051781039,0.507622816744156,0.10805202985437148,0.7029668253482284,0.7029668253423635,0.000209218216547928
586,0.011728357562211892,0.009576420739220996,0.7072208713514353,0.706830514990949,0.5019400972738006,0.001526387348639435,0.7070257201114136,0.7070257201109383,0.015064273769845909
587,0.7071008560574823,0.7071008502451915,0.0028964475682795054,0.0028956842554750577,0.5003810650714006,0.9999916127669168,0.0028960659370178086,0.002896065937033128,3.907850994110932e-10
588,0.01989702554434025,0.018710143280749672,0.7068553384049028,0.7068306512039377,0.5022425748804065,0.0008383461613670637,0.7068429949095906,0.7068429949148065,0.027299418726632843
589,0.7071061222483177,0.7071061221878957,0.0009656143915059342,0.0009651073461463569,0.5001461260930066,4.27165520450869e-11,0.0009653609021169625,0.0009653609021153512,0.9999990680778941
590,0.7071051872616301,0.707105187114941,0.0015043024675182872,0.0015034886276696635,0.500229297096898,0.9999977382954591,0.001503895602644742,0.0015038956026464825,1.0396055195781228e-10
591,0.11252330147697066,0.11232451427185437,0.6979212455387503,0.6983034047918873,0.49820512987499654,0.0001410275613936789,0.698112351309711,0.6981123513211394,0.15899141484027426
592,0.7059144100322344,0.7059143005624239,0.041040431698029387,0.04105519378039178,0.5026455654012069,7.752875940631341e-08,0.04104781340305263,0.04104781340259563,0.9983136551353428
593,0.007893659166257326,0.004056697457001907,0.7072489192233152,0.7069089047452671,0.5013018497011826,0.008447903838061705,0.7070789324213042,0.7070789324231417,0.002720215071193158
594,0.03236628157871078,0.03165146963910503,0.7062683869761469,0.7064952751749709,0.502216531680046,0.0005056732173399772,0.706381840188838,0.7063818401812701,0.04526738349126053
595,0.00678669671115756,0.00045334388394844237,0.7072196540677455,0.7069611701694627,0.5010504980455976,0.0045105837365725585,0.7070904239314963,0.7070904239285487,0.005091110613453508
596,0.7034010276743445,0.7034006869593381,0.0722932659503375,0.07230595791524283,0.4934869578935884,0.9947590322023394,0.0722996122105165,0.07229961221207228,2.4138295629579506e-07
597,0.7071067290117364,0.7071067290069507,0.0002715682404407938,0.00027171695594015204,0.4999960963746433,0.9999999262102908,0.00027164260836980055,0.0002716426083653714,3.3797447393639225e-12
598,0.009424705781737245,0.006555522261899754,0.7072460470265819,0.7068742667646586,0.5015691836013274,0.011299322071214455,0.7070601813319876,0.7070601813308236,0.0020310765444809414
599,0.7070274834751797,0.7070274762018268,0.010592084615876242,0.010587409972186285,0.5015355720263127,5.190506740020745e-09,0.010589747551955844,0.010589747551989947,0.9998878509580815
600,0.007779130663640883,0.0038291509698809047,0.7068873664439236,0.7072729839970318,0.4999995182996828,0.008202845539082501,0.7070802015134032,0.707080201503236,0.002809020285721723
601,0.16327711000308598,0.16314410583484326,0.6878220055678834,0.6882045300396432,0.49900045852069347,0.2308146542799618,0.6880132943830374,0.6880132943938745,9.412295758630183e-05
602,0.011051345560446998,0.008734193454862399,0.7068498424045122,0.7072233606992238,0.49960559566867235,0.0016374172595584008,0.7070366262114757,0.7070366262234811,0.01399061252131132
603,0.7071055296797941,0.707105524296164,0.0013335627553462957,0.001332841718933481,0.49979662184181023,8.152479457040769e-11,0.0013332022858650037,0.0013332022859043901,0.9999982225700845
604,0.015243532314738557,0.01365754639216579,0.7067619070802644,0.7071553668416436,0.4999368102780797,0.001121555249667888,0.7069586643389364,0.7069586643282473,0.020436143500118135
605,0.007327295337695599,0.002799224435347442,0.7069760325437334,0.7071940076770447,0.5004654046680602,0.0031962146744221806,0.7070850285061315,0.7070850285136021,0.007163038891439179
606,0.007803975959842005,0.003879350622373375,0.7072754426858372,0.7068843588392112,0.5013439944261597,0.00277794333226187,0.7070799278011466,0.707079927800737,0.008260413601984012
607,0.09199869435492024,0.09175335592075587,0.7009429871020313,0.7012820336688645,0.4962733576985913,0.00017303367722179701,0.7011125308738293,0.7011125308864128,0.12993232140263444
608,0.6986272207381481,0.6986264331245143,0.10920924560787944,0.10915338482336788,0.5159855873446163,0.9880075299586827,0.10918131878804237,0.10918131878826272,5.476807188389194e-07
609,0.7070234952178076,0.7070234875792953,0.010850186646522916,0.010855352179409685,0.499552045192958,0.999882210452209,0.010852769720390468,0.01085276972019469,5.420438723229903e-09
610,0.01802963566438516,0.016710463443987834,0.707076435810682,0.7067097045962777,0.5028485834278592,0.024565080565000043,0.7068930939850374,0.7068930939863233,0.0009296061200210422
611,0.015629777602095007,0.014087324649247,0.7071126325735834,0.7067877914842574,0.5024135305452337,0.021012928393289384,0.7069502306878783,0.7069502306857915,0.0010952187008656145
612,0.007127516339018487,0.0022242556139701057,0.7072427198387485,0.7069313873587003,0.5011557049265885,0.006616237122676144,0.7070870707349458,0.7070870707326513,0.003460376935505026
613,0.010626293375736328,0.00818963809889451,0.7072313387289334,0.7068548968765254,0.5017527606526181,0.00172601920755207,0.707043142856257,0.7070431428552219,0.013304478157514179
614,0.707076789376156,0.7070767866256743,0.00651134122183791,0.006514151987233552,0.49966478973473766,0.9999575832301002,0.0065127467561082505,0.00651274675623012,1.929978647657414e-09
615,0.2081787519281197,0.20807813245883247,0.6756659803087361,0.6758998306639257,0.5130686183480057,0.29433806564542636,0.6757829155979272,0.6757829156053399,7.123211170808896e-05
616,0.7070932026878117,0.7070932014425153,0.004381251452685358,0.004383129267382881,0.5002269827998974,8.684098696525349e-10,0.004382190460643322,0.004382190460590758,0.9999807962223738
617,0.7035540434341201,0.7035537167906869,0.07078741155346459,0.07080266889792614,0.49397802861738405,2.32477710119343e-07,0.07079504063596963,0.07079504063746515,0.9949754391151754
618,0.007018198582270415,0.001844263015984889,0.706912273135463,0.707264011294968,0.49963663919411117,0.00625934910480842,0.7070881640928067,0.707088164080308,0.0036710987723631455
619,0.031199669804076475,0.030457365731754404,0.7063462429577289,0.7065224090929307,0.4974227503908025,0.0435981520159967,0.7064343315240824,0.7064343315093773,0.0005212003534885573
620,0.016261746607687498,0.01478545212583981,0.7071199365054746,0.7067519659676914,0.5025922839749902,0.0010434458794362509,0.7069359751789709,0.706935975177711,0.021953706247347497
621,0.7070945498150616,0.70709455396166,0.0041596808563028114,0.004158591735374852,0.5005473972895151,0.9999827014353558,0.004159136331499776,0.004159136331477812,7.948697037409246e-10
622,0.011267213323766479,0.009005822715340828,0.7071617894235064,0.7069046248543738,0.5016732322246424,0.014335344051737843,0.707033218832532,0.7070332188295455,0.0015977639943728526
623,0.006772674921121359,0.00012237701309640974,0.7068988764762347,0.7072821886170461,0.49975479020396846,0.004603193015554254,0.7070905585265569,0.7070905585148795,0.004969377806332817
624,0.023232307385868116,0.02222457010501466,0.7069143582993601,0.70656805645838,0.5035802845629571,0.0007117771613866735,0.7067412285889166,0.7067412285906332,0.03214288406625489
625,0.7071045679731541,0.7071045730385261,0.001769353137463957,0.0017690617661966965,0.5002187486411194,1.430703876981034e-10,0.0017692074578230781,0.0017692074578340797,0.9999968699000715
626,0.0074580875165808636,0.0031256482511308773,0.7070665720681686,0.7071007494815599,0.5007737277108627,0.00748449757996082,0.707083660984233,0.7070836609784934,0.0030618690975182912
627,0.7070977847133646,0.7070977786194331,0.003567159379428475,0.00356891431143422,0.5001335056631802,5.857987817668067e-10,0.0035680369533494694,0.0035680369533032004,0.9999872690312609
628,0.7071033438733709,0.7071033488265013,0.002204696348253701,0.0022049775512041165,0.5002101632239437,0.9999951386821896,0.0022048369542022185,0.002204836954221694,2.224198858032966e-10
629,0.008399478914948699,0.0049698533675751385,0.7071560740170706,0.70699012460758,0.5011564888636839,0.009452589233384894,0.7070731041828058,0.7070731041788888,0.002428836123260081
630,0.7059603677611946,0.7059602625234221,0.040260004014460705,0.04023927142846591,0.5060211926224856,0.9983786521714371,0.04024963905642188,0.04024963905634316,7.399358135187362e-08
631,0.050267441861724896,0.04981153529037626,0.7051493027893825,0.7055185724106331,0.49854091788494437,0.07076652671235747,0.7053339617719101,0.7053339617598404,0.0003216463515867756
632,0.7069425005915775,0.7069424802548436,0.015238359811436388,0.015245665205681692,0.5006152416524796,1.0677267138975296e-08,0.015242012946334687,0.015242012946139988,0.9997676540490261
633,0.7071067573884864,0.7071067573858205,0.0002028071240456815,0.00020269504380865107,0.500031120495836,0.9999999588919937,0.00020275109167180576,0.00020275109167193763,1.870491303418012e-12
634,0.7071067598376242,0.7071067598356656,0.000173782933671733,0.00017374157187970062,0.5000225275424114,0.9999999698066784,0.00017376225400593856,0.0001737622540069012,1.4030789914780466e-12
635,0.021359017886935717,0.020258113838102394,0.7068857953078034,0.7067148460098157,0.5028373513035347,0.029427753826231716,0.7068003258251699,0.7068003258290543,0.0007785410166848854
636,0.026787323730430856,0.02591847375427927,0.7068074269359182,0.7064233385398806,0.5042149196684625,0.03726862024796383,0.706615408835209,0.7066154088344346,0.000614767600990846
637,0.4273920118295431,0.42735796028899964,0.5634940008674972,0.5631835872859444,0.4449165578422609,2.386346092956121e-05,0.5633388154489607,0.5633388154658668,0.6043995015125458
638,0.007479600126472181,0.0031765839849506273,0.7072623787161797,0.706904443718433,0.5012593903791529,0.0030347912935258727,0.7070834338654852,0.7070834338669876,0.007538245529969627
639,0.027848734630716594,0.02701415683943676,0.706426891716714,0.7067218193760254,0.5014190210882424,0.03879393621392579,0.7065743709385901,0.7065743709302181,0.0005892285970165564
640,0.006813752561774007,0.0007575112928364742,0.7072635801021951,0.7069167045796021,0.5011474841477852,0.004389950823452737,0.7070901636124938,0.7070901636107774,0.005265869263428716
641,0.016085928772377737,0.014591864685613267,0.7067958702283517,0.7070840955704418,0.5008127111955982,0.021692441548025302,0.7069399975925202,0.7069399975842438,0.0010571656250386635
642,0.006850013856213308,0.001034565408043748,0.7072850623981272,0.7068945094523477,0.501198471528196,0.004105408576159951,0.707089812889687,0.7070898128901489,0.005580200268734162
643,0.7042807987422133,0.7042805443243209,0.06314599261936978,0.06316694108646267,0.5043397285906418,1.8211692616682892e-07,0.06315646772181156,0.06315646772112835,0.9960032736742874
644,0.7071060151991082,0.7071060151288568,0.0010405488563115036,0.0010411032150542045,0.5000236016967361,0.9999989166804997,0.001040826072597516,0.0010408260725830278,4.935230390164441e-11
645,0.7070998777545228,0.7070998718523546,0.0031253489500918104,0.0031262997887998656,0.49977085329088783,0.9999902291740504,0.0031258244056317475,0.003125824405568394,4.546213847435553e-10
646,0.7070823495299453,0.7070823472888251,0.00587679421412665,0.005879491942485294,0.4997285240113054,0.9999654468351707,0.005878143233122593,0.005878143233014748,1.6209982173145799e-09
647,0.7066295218990949,0.7066294833769797,0.02597827736838492,0.025973612639774792,0.5032341083066365,0.999325022478377,0.025975945108869664,0.02597594510871163,3.100595511658788e-08
648,0.013763609212788243,0.011983151268394669,0.7070306918009445,0.7069473587181597,0.5016800556072651,0.0012599277050815568,0.706989026489719,0.7069890264850115,0.018205642945568996
649,0.7069859826031653,0.706985971522024,0.013068456778873269,0.013071798312181316,0.49895247633511974,7.70002093746734e-09,0.013070127652450766,0.01307012765217949,0.9998291571695154
650,0.01067712963369802,0.008255455236453574,0.707238351994138,0.7068463481056158,0.5017826273699907,0.0017127272065622413,0.7070423772169284,0.7070423772172817,0.013387315036697342
651,0.02587461558089682,0.024973975389877893,0.706452818864631,0.7068459659218379,0.49975735158602647,0.035955378018610394,0.7066494197398672,0.7066494197288132,0.0006371575725392026
652,0.08842694873289432,0.0881713654470878,0.701612995754634,0.7015309610824788,0.5104311127656949,0.12487386737928644,0.7015719796199242,0.7015719796152634,0.00017909948264045942
653,0.28767684578903363,0.28761032545494075,0.6461354266471103,0.6457796400632012,0.5389132727269879,4.632370483344547e-05,0.6459575578508239,0.6459575578503597,0.4067894599980914
654,0.7071001747581018,0.7071001794203639,0.003057496188165142,0.003055861305751305,0.5004641738209467,4.340320561529243e-10,0.003056678856263657,0.00305667885625938,0.9999906566707203
655,0.7071062107300433,0.7071062106777194,0.0008982617350112956,0.0008981613727751229,0.5001070722851575,3.702394039894236e-11,0.0008982115552979755,0.0008982115552919529,0.9999991932156767
656,0.7066128839277468,0.7066128386110786,0.026422861851371025,0.02642651980289104,0.5024726298925446,3.2566975280375024e-08,0.0264246908905447,0.026424690890309292,0.9993014917544619
657,0.7070929248020293,0.707092923531146,0.004425634416080119,0.004427973250069061,0.5001070824778632,8.973762797293159e-10,0.004426803987504819,0.004426803987566134,0.9999804032144389
658,0.7071067804460212,0.7071067804459532,3.2353377699221915e-05,3.237098024269657e-05,0.5000005645397152,4.884820434991553e-14,3.236218016799427e-05,3.23621801675326e-05,0.9999999989526898
659,0.008330926474238233,0.0048532488794432276,0.7072669249154123,0.7068808517424244,0.5014182909909145,0.009323706024259347,0.7070739146788104,0.7070739146794921,0.0024549677346495657
660,0.006931095321272619,0.001478566056618706,0.7072766690235709,0.7069013277784861,0.49909101697248354,0.005947255685629068,0.7070890232958037,0.7070890233164784,0.0038543987528672895
661,0.7071057534743778,0.7071057533801196,0.0012054755943367776,0.0012057233332647493,0.5001041695316149,6.670680255495758e-11,0.0012055994701699955,0.0012055994701585151,0.9999985465288609
662,0.010418836526195257,0.007918561501550512,0.7069560855851622,0.7071363639944442,0.49911383270799353,0.0017704848072183062,0.7070462305429306,0.7070462305282532,0.01296615418544865
663,0.029388402958675213,0.028598942148536546,0.7066738334034853,0.7063501365911496,0.5044123271933376,0.04100324546913866,0.7065120035365532,0.7065120035344612,0.0005581948354928217
664,0.7071066420383788,0.7071066420256179,0.0004436109008429118,0.00044361901689678125,0.4999526974346009,8.98798237026936e-12,0.0004436149588934883,0.0004436149588833263,0.9999998032057495
665,0.7070797353323429,0.7070797328521987,0.006185653616758634,0.00618360423517492,0.5008477603124795,0.9999617496324513,0.006184629010839799,0.006184629010868084,1.743524054466369e-09
666,0.20606689061346406,0.20596504388436526,0.6766130448678953,0.6762467188868103,0.5293229998777133,7.247669692255211e-05,0.6764299066752898,0.6764299066761021,0.29135057483471405
667,0.7071067685918205,0.7071067685901821,0.00015894407401433375,0.00015894503945146888,0.5000172240358777,0.9999999747366273,0.00015894455673301885,0.00015894455673424988,1.1406848213077435e-12
668,0.01217746520104378,0.010121572248330445,0.7072033351330645,0.7068328698449005,0.5019840261637698,0.015767750364023107,0.7070181267542602,0.7070181267530592,0.0014542805639403168
669,0.006874872842871671,0.0011872926627020356,0.7072469484544466,0.7069321610744563,0.5011233485117729,0.00571843072359777,0.7070895722807586,0.7070895722829901,0.003996634901010297
670,0.0067707647484751875,0.0,0.7070039591769398,0.707177183893871,0.5005003184489337,0.004813277733970379,0.7070905768435346,0.7070905768365264,0.004760740018475174
671,0.007068517337002599,0.002027791932437241,0.7071133452198091,0.7070619782837859,0.5008453706482289,0.0035452504980514566,0.7070876622207392,0.707087662215754,0.006442598572845416
672,0.707106731287693,0.7071067312831174,0.00026560758147210143,0.0002656959738446102,0.49998164272288786,0.999999929429128,0.000265651781337439,0.00026565178133214226,3.183345114938317e-12
673,0.04956815746523072,0.049105701963916684,0.7055454054195234,0.7052214607423202,0.5073290337955939,0.00032651559484787103,0.7053834516761683,0.7053834516782674,0.0697729574221506
674,0.7069273070678859,0.7069272906013467,0.015935320838806458,0.015926514827558795,0.5024347160965595,0.9997461736236924,0.01593091844164143,0.015930918441631626,1.1794389712147546e-08
675,0.02402718311465369,0.02305431925663382,0.706645072446618,0.706784220552573,0.5020569533103272,0.0006897557654399085,0.706714649927622,0.7067146499209375,0.03329161158303904
676,0.705236973763744,0.7052367967763289,0.05140440023363517,0.05137573723771261,0.5078045622472237,0.9973555641093538,0.051390070734040554,0.05139007073402947,1.2236397423108174e-07
677,0.5755443335097593,0.5755308827824305,0.41079641885235535,0.4108031541394424,0.5345942615819657,0.8139330873696115,0.4107997865113092,0.41079978650809584,9.599195070401171e-06
678,0.016202042594194742,0.01471976975743063,0.7071256739639257,0.7067489677520276,0.5026037852881833,0.0010484493356052729,0.7069373459494263,0.7069373459504558,0.021865007580591542
679,0.6989286028894418,0.6989278484737748,0.10720514517122297,0.10726475441477905,0.5001653379696757,0.9884337758842928,0.10723495393573212,0.10723495393409403,5.356868762942472e-07
680,0.7070521856867537,0.7070521859467893,0.008789182614379748,0.008784690229400788,0.5013182449829733,3.5727808873449874e-09,0.008786936708977011,0.00878693670899462,0.9999227867623299
681,0.5934711648452373,0.5934597427996477,0.38434498961169444,0.384547057112507,0.5084972023834766,0.8392868935958624,0.38444603663548266,0.38444603664073906,8.049515368186683e-06
682,0.06531934328457475,0.06497037563902468,0.7041620327058585,0.7040369772801355,0.5081172498648251,0.0002460264698517794,0.7040995077672383,0.7040995077715435,0.09212874572455781
683,0.007265710811373299,0.0026337702311148106,0.7072578930829927,0.7069133931201054,0.5012117016060391,0.006996574993029579,0.7070856640829515,0.7070856640811964,0.0032825657025757423
684,0.00771943243079053,0.003706270495299789,0.7070636803544298,0.7070980312839265,0.5007997482911657,0.008079186973557704,0.7070808560306432,0.7070808560249169,0.002837748382814423
685,0.15722027001412384,0.15708157750215235,0.6892490461277759,0.6895961985960085,0.49468352257844134,0.22224496761862386,0.6894226442065176,0.6894226442186306,9.829585730458277e-05
686,0.697971976173222,0.6979711381447243,0.11332533723332266,0.11326423128719337,0.5167895223743518,5.993253015384616e-07,0.11329478837990033,0.11329478838004313,0.9870808385595958
687,0.707102798714523,0.7071027983486778,0.0023742536629508056,0.0023753816911647858,0.5000986764972926,0.9999943602247792,0.002374817744018796,0.0023748177440489357,2.5682547090652865e-10
688,0.006769697268377499,0.0,0.7072059675544563,0.7069751874950703,0.5010183390209195,0.004714906853099103,0.7070905869383718,0.7070905869416407,0.004855242015709884
689,0.006773492800478208,0.00016181943603775994,0.7069189825430954,0.7072620771185033,0.500154760424739,0.004815117402428557,0.7070905506449016,0.7070905506357974,0.004766658646141906
690,0.7070530368657223,0.7070530372043367,0.00872032662411274,0.008716019313031453,0.5012988380415125,3.4966871708696926e-09,0.008718173234591757,0.008718173234571261,0.9999239905667349
691,0.7071067828430748,0.7071067828427435,7.148848128544462e-05,7.145389597544531e-05,0.5000106375694551,0.9999999948918687,7.147119072253875e-05,7.147119072235763e-05,2.346525899903871e-13
692,0.7071046451135693,0.707104639648845,0.0017406384885303872,0.0017398488727350275,0.5002544339313661,1.3894783730377314e-10,0.0017402437254202547,0.0017402437254149586,0.9999969715471904
693,0.010697358066911957,0.008281639528035525,0.7071015980857517,0.7069825393612541,0.5013781689123485,0.0017103951850418438,0.7070420712273492,0.7070420712317278,0.01341989460446812
694,0.7071059453350625,0.7071059452584088,0.0010874209115838557,0.0010870914312478463,0.5001469625410289,5.3785370371635265e-11,0.0010872561838938441,0.0010872561838991541,0.9999988178732916
695,0.7071063550032133,0.7071063549641184,0.000776560503358087,0.0007761682882687335,0.5001164461395546,2.7674897766169285e-11,0.0007763644205823565,0.0007763644205806984,0.9999993972581047
696,0.008175069457629766,0.0045803512541972196,0.7071372975220279,0.7070141661063091,0.5010714775125363,0.009019881164958507,0.7070757344922955,0.7070757344966222,0.0025402995923559605
697,0.009182709852129899,0.006202547247334291,0.7070937413539325,0.7070329887533617,0.5011042327663626,0.010879709609199961,0.7070633657085985,0.7070633657036989,0.0021037279774960885
698,0.7012672536324963,0.7012667158420283,0.09068100559274737,0.0906983321762899,0.49202604481789863,3.7946143535667446e-07,0.09068966929733854,0.09068966929927512,0.9917412806599231
699,0.7069611841001402,0.706961165479434,0.014346071953802024,0.01435243352980679,0.4992955350202862,9.35087203711332e-09,0.014349253094479243,0.014349253094212441,0.9997940777336429
700,0.6103254619785264,0.6103158818935517,0.3570006043498025,0.357166520355855,0.48609676891548304,0.863123771648679,0.35708357198601387,0.357083571992528,6.764960650197578e-06
701,0.7070947621083268,0.7070947662743999,0.0041238865076671785,0.004121882682337748,0.5006122851863654,0.9999830016771415,0.004122884716746297,0.004122884716735971,7.749409242964203e-10
702,0.019383354286400655,0.018162878443850474,0.7068721954837003,0.706842340748835,0.5022025105242416,0.0008618663199651943,0.7068572682764747,0.7068572682712961,0.026549232817630056
703,0.707091850057372,0.7070918434187963,0.004595705266732902,0.0045964656613876765,0.5004166829968392,0.9999788757751464,0.004596085479764573,0.004596085479806685,9.799734769479964e-10
704,0.025930595161943352,0.0250319602461422,0.7065773338726212,0.706717395044329,0.5022130946531039,0.03603594772164705,0.7066473679252351,0.706647367931928,0.0006366090006936645
705,0.06122276935862325,0.060849921826832146,0.7042721505554008,0.7046628963798661,0.49943510695858917,0.08631842734144149,0.7044675505538499,0.7044675505649998,0.00026366437026314934
706,0.7071054318449954,0.7071054317212324,0.0013815213708450035,0.0013813342583127504,0.500167297938193,0.9999980916553632,0.0013814278177424083,0.0013814278177513813,8.804167874718805e-11
707,0.06392811334194509,0.06357137724380492,0.7041266690716688,0.7043277008764427,0.5047445850749918,0.00025280638731008657,0.7042271921511192,0.7042271921438493,0.09015575283399986
708,0.007910133568917174,0.004088728769154431,0.7068873312595244,0.7072701131737154,0.4997312939378556,0.008486023718510706,0.7070787481251749,0.7070787481134676,0.0026972796433991056
709,0.006830706962487798,0.0008968379050337421,0.7072863905980706,0.7068935554939739,0.5011976959246296,0.0041879494562118555,0.7070900003266191,0.7070900003268755,0.0054702792604673705
710,0.007687293233751679,0.0036388402912691706,0.7072745512677086,0.7068878082787479,0.501320258385311,0.008008262237302147,0.7070812062143703,0.7070812062150301,0.0028641529054239927
711,0.00721138698738729,0.0024799616895115556,0.7069473936408182,0.7072250195745224,0.500338896563878,0.00685011657086755,0.707086220237412,0.707086220229259,0.003351151328846488
712,0.7070680909703471,0.7070680926904155,0.00739877279173395,0.007395447385849826,0.5010793735358003,2.4852743242019475e-09,0.007397110275649416,0.0073971102756723505,0.9999452812625002
713,0.7071006352598413,0.7071006346962521,0.0029480153768408307,0.0029484288397833547,0.4997225793834041,0.9999913079485813,0.0029482221155923438,0.0029482221155280033,3.9538983990358913e-10
714,0.707106779524948,0.7071067795247955,4.848406659542757e-05,4.846886259378687e-05,0.5000065757378406,1.0834399063330018e-13,4.847646519078981e-05,4.847646519055813e-05,0.9999999976500358
715,0.13041876611629763,0.13024882033150073,0.6951576657133848,0.694825165093252,0.5187558518039156,0.18431981815605603,0.6949914352869484,0.694991435288763,0.00011994983768467788
716,0.05840862995491703,0.058017436572313556,0.7046615739128359,0.7047513570792755,0.5054989307389608,0.08232565938388386,0.7047064669227973,0.7047064669290218,0.000277042611608555
717,0.7068898053172935,0.7068897854114405,0.017513894790520988,0.017518501896888677,0.5013798560442353,1.4118696981683624e-08,0.01751619849526309,0.01751619849508659,0.9996931357074299
718,0.22849230785509067,0.2284024262850854,0.6692050654221232,0.6691697671978417,0.5240599043688239,6.276273147732944e-05,0.6691874165403052,0.6691874165451368,0.3230733649539977
719,0.007927171365730542,0.004121501745268435,0.7072623576851654,0.7068947096839268,0.5013364016885158,0.002697309538735839,0.7070785575788929,0.7070785575801707,0.00851770765817621
720,0.010304383309623792,0.0077673809344760624,0.7068524188045149,0.707243342499534,0.4999718617476689,0.012778227063151968,0.7070479076747503,0.7070479076643,0.0017970624360251354
721,0.1473085680314921,0.14715959365722883,0.691779582825852,0.6914370893757744,0.5211767338496779,0.2082204341421678,0.6916083573009061,0.6916083573025236,0.00010500712652110123
722,0.007484049698966297,0.003187156133932483,0.7071377597763722,0.7070290091179605,0.5009667748223874,0.007543708033056079,0.7070833865356894,0.707083386540154,0.003043260296239244
723,0.7070879343910587,0.7070879326625205,0.005162486761191248,0.0051630661497734055,0.499497582169784,1.2183593559994464e-09,0.005162776463667037,0.005162776463552977,0.9999733453839516
724,0.006794377217635566,0.0005564652326518998,0.7069727032664611,0.7072079776280644,0.5003966642436615,0.004435109319708954,0.707090350228962,0.707090350236622,0.0051771633790046005
725,0.70710617434387,0.7071061795565462,0.0009264735670406613,0.0009263557786431536,0.5001115525766621,3.917083874726066e-11,0.0009264146747169663,0.0009264146747108814,0.9999991417554839
726,0.014527838941582013,0.012853757382171063,0.7071444827746313,0.7068029451680525,0.4979717915993633,0.01936172772474017,0.7069737345858856,0.7069737346058339,0.0011835044001996472
727,0.7070366254026453,0.7070366136972098,0.009962393517728353,0.009959688552373745,0.5013203470811979,0.9999007727366437,0.009961041126843368,0.009961041126895102,4.544004283353806e-09
728,0.007332318852698192,0.0028123828868428557,0.7071819275726927,0.7069880118631156,0.5010519195559461,0.003193012879606936,0.7070849763673247,0.707084976363669,0.00717475192302214
729,0.01105406351438106,0.008737567936237063,0.7071998657546952,0.7068732647825559,0.5017467302067831,0.013994897186569207,0.7070365841259253,0.7070365841279728,0.001637151464943484
730,0.6262691526117571,0.6262612648747006,0.32840627103502484,0.32822721451483766,0.5426444479509339,5.595192284564924e-06,0.32831675498176616,0.32831675498143936,0.8856727481217133
731,0.015219448580671549,0.013630620244768524,0.7067998658579789,0.7071184654637283,0.5006241128194381,0.0011244280711830658,0.706959183612795,0.7069591836040929,0.02040002658992224
732,0.035450397190444294,0.03479925237738547,0.7063116236364848,0.7061559117588198,0.5045985452116956,0.0004602483571081394,0.7062337719911284,0.7062337719870955,0.0496740050279636
733,0.707090911115404,0.7070909149280795,0.004738425686281437,0.00473668835680416,0.500662391538732,0.9999775553008317,0.0047375571011905515,0.004737557101170897,1.031956347574743e-09
734,0.7071065430194304,0.7071065429975892,0.0005802476101777474,0.0005805013513638877,0.500029148153063,0.9999996631653891,0.0005803744946343353,0.0005803744946413714,1.5426597719569416e-11
735,0.7037253498862049,0.7037250390221846,0.06909026463055058,0.06905242004480185,0.5104223563099675,2.1855617676465067e-07,0.06907134492955494,0.06907134492961398,0.9952177141807663
736,0.7063449456731342,0.7063448757586958,0.03282406969203006,0.032807234877462656,0.5049009219740102,4.978778268143122e-08,0.03281565336427112,0.032815653364335916,0.9989225524476602
737,0.010693992156532476,0.008277328406040006,0.7072299876825264,0.7068542062477667,0.501765547585067,0.0017062951600763955,0.7070421219308929,0.7070421219298377,0.01341507321073454
738,0.007200172320337009,0.00244733498307181,0.7072833274635847,0.7068892860710767,0.5012553659402098,0.0033567945693131723,0.7070863342159934,0.7070863342160035,0.0068237716976276355
739,0.013267116279287188,0.01140936462302855,0.7071830372283274,0.7068139513910549,0.5021388590104636,0.017448166473114063,0.7069985183940537,0.7069985183952875,0.0013234281982189076
740,0.7070556312255003,0.707055626533759,0.008507164358800187,0.008504022219976693,0.5011881996450595,0.9999276522632298,0.008505593434467025,0.008505593434502322,3.371517674072655e-09
741,0.7062030680413187,0.7062029850917291,0.03573193076220506,0.03574632373498417,0.5020375421513994,5.886742919956735e-08,0.035739127972934104,0.03573912797335085,0.9987218979593054
742,0.00777704207553268,0.0038249452997124625,0.7070187637121651,0.7071416796999931,0.5006686978719707,0.0027977237857691444,0.7070802243802489,0.7070802243737151,0.008202763656776886
743,0.7071064328693888,0.7071064328374366,0.0007018149897780215,0.0007019190602473147,0.49993471445103316,0.9999995073825567,0.0007018670269492061,0.0007018670269339347,2.258935286461758e-11
744,0.006793873866516893,0.0005494556076259236,0.7069366056438907,0.7072440717163442,0.49955599971489273,0.004477251399627527,0.7070903553987699,0.7070903553855484,0.005139342632332965
745,0.031212588002858543,0.030470586850444025,0.7062414468103771,0.7066260230803416,0.5003908803300597,0.0005235044814101302,0.7064337611102846,0.7064337611204126,0.04361660527717151
746,0.7046557601821893,0.7046555349712943,0.05880997498709633,0.0588406621172671,0.49837663497298573,1.5868968385320132e-07,0.058825320552729314,0.05882532055373717,0.9965335736058245
747,0.00991198457280296,0.007238661126633428,0.7068590712118582,0.7072479111268334,0.49975046400611123,0.0018866778476357535,0.7070535179050895,0.7070535178936583,0.01212790579342812
748,0.7070983197738548,0.7070983189971406,0.0034605162725534467,0.0034602272354164075,0.5004034362121044,5.424629417635911e-10,0.00346037175701485,0.0034603717569906627,0.999988025755613
749,0.02222610114372169,0.021170427211212327,0.7065824940347032,0.706964633182113,0.4994568773087726,0.030686015741471086,0.7067735894294777,0.7067735894411968,0.0007449773818987739
750,0.01716586221783934,0.015774525583315147,0.7070560163575086,0.7067731511946301,0.5025487815100403,0.02329241721547458,0.7069145979256298,0.7069145979229616,0.0009827427541182316
751,0.7071067791669637,0.7071067791667784,5.342952368502984e-05,5.345833628906722e-05,0.4999989595288795,1.2776716031386966e-13,5.3443931928279395e-05,5.3443931929168604e-05,0.9999999971437463
752,0.5310106878738844,0.5309918587470439,0.4670113461350559,0.46687867577047554,0.5448655376982844,0.7509492023555577,0.4669450156658047,0.46694501566344127,1.3171495524896836e-05
753,0.20145441249242768,0.20134979439678863,0.6778019365693599,0.6778339876153513,0.5196546573232455,7.435437536473673e-05,0.677817962284544,0.677817962279056,0.28482558608335234
754,0.7070908401246804,0.707090838662538,0.004749079648201858,0.004747202731990683,0.500675167216364,0.9999774549002183,0.00474814128284718,0.004748141282829235,1.0161576130953984e-09
755,0.008449772574526698,0.005054390627999212,0.7072535983313926,0.7068913651517583,0.5014090796474998,0.0024034635342897984,0.7070725049387813,0.7070725049373769,0.009548239849363286
756,0.006768774916513396,0.0,0.7069779180452254,0.7072032556660722,0.5004120093828686,0.004779939255820255,0.7070905958358286,0.7070905958282763,0.004788606526071019
757,0.007637800999080851,0.0035331963646777873,0.7069190437372556,0.7072444033867186,0.5002417516128173,0.007896960103870863,0.7070817422804404,0.7070817422716335,0.002908178275423918
758,0.016008449528924308,0.014506405296511257,0.7068320604590982,0.7070514352267395,0.5010908887522698,0.021577216341658594,0.7069417563486008,0.7069417563560683,0.001063007945421035
759,0.4936068440121234,0.49358303486492616,0.50636374749948,0.5062843372391561,0.5417906570474813,1.6798632946683527e-05,0.5063240439245367,0.506324043927713,0.6980486550394648
760,0.11571070341357242,0.11551769008974233,0.6976336002364779,0.6975486050650008,0.5135634509110599,0.00013620303738974627,0.6975911039475221,0.6975911039429302,0.16350316462288314
761,0.011397128491042558,0.009167772636737358,0.7069297910325559,0.7071324684652142,0.500802445679292,0.0015749387582188689,0.707031137014974,0.7070311370076666,0.014541738577904102
762,0.0221660519479522,0.021107339747260007,0.7066615852693583,0.7068893479565538,0.4983630541084218,0.0007480058952606662,0.7067754757806031,0.7067754757947866,0.030598923793921793
763,0.01716975839169862,0.015778779592120536,0.7067402435320911,0.7070887198107055,0.5005163177807059,0.0009933763774635869,0.706914503148843,0.7069145031396418,0.023297718601157546
764,0.0070415756678148585,0.0019314230735606652,0.7069832304912487,0.7071926170578925,0.500461647156059,0.0036044457602044063,0.7070879315288332,0.707087931521469,0.006349972735090231
765,0.7071043093089178,0.7071043090821709,0.0018695166881576015,0.0018699576290648343,0.5001542493253085,1.6048144054095314e-10,0.0018697371716188305,0.0018697371716004264,0.9999965040767974
766,0.05806938448788278,0.057675856601771686,0.704649591354491,0.7048194063787566,0.5046628395352467,0.08184424315723954,0.7047345039849983,0.704734503978039,0.0002786715872072028
767,0.008660736490629352,0.005399582943061605,0.7072566440349207,0.7068832121484842,0.5014534734811568,0.002305656191327168,0.707069952745306,0.7070699527441741,0.009942223122654473
768,0.7055200133805104,0.7055198676888179,0.04733246291452347,0.0473588953667828,0.5000362347792751,1.0202458574790455e-07,0.047345680985625985,0.04734568098490037,0.997755868428782
769,0.010090523318946176,0.007481292036412616,0.7072292278747588,0.7068727119143604,0.5016457109892435,0.0018470239903857185,0.7070509923660516,0.7070509923645338,0.012424849813671392
770,0.013075668921723948,0.01118616020858851,0.7068686406677374,0.7071355043713827,0.5007223940757883,0.017155948841938898,0.7070020851067829,0.7070020851148081,0.001332935593163453
771,0.7071054654190627,0.7071054600295408,0.0013671872374880615,0.0013665359576357354,0.5002020747190011,8.631822296337546e-11,0.0013668616363501523,0.0013668616363538188,0.9999981316875205
772,0.7070113744295716,0.7070113709477124,0.01161238285650939,0.011618855013054234,0.5000381117171901,6.149820514929383e-09,0.011615619385651019,0.011615619385474762,0.9998650682830063
773,0.7070142543321648,0.7070142405753388,0.01143713097812855,0.01144147190694401,0.5007028235142542,0.9998691338148132,0.011439301648510437,0.011439301648380607,5.966786978081499e-09
774,0.023282271906690084,0.02227679266986739,0.7069024200455443,0.7065767112330733,0.5035420991547372,0.0322151813598618,0.7067395844015966,0.7067395844036557,0.0007083549565866977
775,0.010000732462408785,0.0073597160452462665,0.7071966748897698,0.7069078320083889,0.5015443171057384,0.012277219645102354,0.7070522682000274,0.7070522681974397,0.001857403520306002
776,0.011389786765897606,0.009158646016891876,0.7069077597582177,0.7071547292889298,0.5006793679395882,0.0015774620250589145,0.7070312553031464,0.7070312553109227,0.014529957036653577
777,0.7071067775088793,0.707106777508542,7.213758701816497e-05,7.21017130233894e-05,0.5000107816316919,2.389791094097151e-13,7.211965225126503e-05,7.211965225142958e-05,0.9999999947987533
778,0.7071066419816697,0.7071066419689007,0.0004438250590190642,0.0004435856035506476,0.5000676103304547,9.077088177758592e-12,0.0004437053474385555,0.0004437053474380257,0.999999803125545
779,0.006859151243555581,0.001092473764708681,0.7072812037844234,0.7068981944513221,0.499099363202112,0.005609867281439842,0.7070897250404965,0.7070897250614223,0.004095222068847745
780,0.021321950991164736,0.02021901988099595,0.7066933613568478,0.7069095123529909,0.5014875988944915,0.029373907517006533,0.706801445121436,0.7068014451139966,0.0007796898101732058
781,0.6969313298275936,0.6969303843941479,0.11950763883545543,0.11955204898419207,0.4925795191332533,6.666519047305735e-07,0.1195298459735072,0.11952984597117983,0.9856090664372077
782,0.7071007082150296,0.7071007023891368,0.002931138955938027,0.0029327457322241915,0.500042486220617,3.9346222356819714e-10,0.0029319424541714243,0.0029319424541289904,0.999991403676497
783,0.6873484698792022,0.6873466262734995,0.16594816919120495,0.16603586567251888,0.50398866586718,1.308556663087136e-06,0.16599202322216983,0.16599202322444948,0.9720562208281666
784,0.030161467952692318,0.029392810510689534,0.7066166636307416,0.7063421545077301,0.5043540445041031,0.000544903667514587,0.706479422403494,0.7064794224007437,0.0421112161392507
785,0.7071066839676813,0.7071066786899254,0.00038079409823752505,0.0003806399444865072,0.5000544805622942,6.4869047743974644e-12,0.00038071702916490046,0.0003807170291634899,0.9999998550545337
786,0.7071066098145583,0.7071066097988397,0.0004921823584342427,0.0004924346433426497,0.5000154220614946,1.1042161569345259e-11,0.000492308517045673,0.0004923085170522511,0.9999997576322941
787,0.7071058874630131,0.7071058873810544,0.0011240365589164922,0.0011244945579915455,0.5000636806658428,5.7479713079181425e-11,0.001124265581769679,0.0011242655817828438,0.9999987360261032
788,0.7068235641366896,0.7068235381512937,0.020006992267120247,0.020016749285905792,0.5007670362155613,0.9995994447819656,0.020011871371027026,0.020011871371285815,1.8112159229470587e-08
789,0.7068415293097209,0.7068415102465777,0.019370343102347847,0.01936308579007595,0.5027148751709734,0.999624859993379,0.019366714786194297,0.01936671478611485,1.714604043350615e-08
790,0.007186779557287461,0.002408004186223424,0.7072819349730355,0.706890950696246,0.5012490684418203,0.006787882059798888,0.7070864698588243,0.7070864698592599,0.003372379235521254
791,0.7071049667777476,0.7071049666113359,0.0016015890578908478,0.0016022060768980464,0.4999025705516687,0.9999974339207969,0.0016018975970868675,0.0016018975971178817,1.167339442117456e-10
792,0.7053760868792694,0.7053759279180697,0.049451453210680965,0.049436121895076436,0.5066505781828783,0.9975523162357834,0.0494437881472309,0.0494437881469935,1.1132941201540479e-07
793,0.707106565328276,0.7071065653084734,0.0005526079431204425,0.0005524416382371977,0.5000744361323283,1.396072378704406e-11,0.0005525247969345011,0.0005525247969371996,0.9999996947163025
794,0.022657506049721936,0.02162293324657142,0.7069558318554521,0.7065638951878184,0.5036122969610933,0.0007314072390263307,0.7067598906905702,0.7067598906902333,0.0313110023159523
795,0.011911340001228246,0.009799784884045287,0.7068721542429558,0.7071731342122202,0.5005345751652414,0.015352207002966687,0.7070226602477312,0.7070226602392837,0.0014918259068950692
796,0.006806748906487434,0.0006911168501845238,0.7072834151833737,0.7068969947123609,0.5011871170195568,0.005249192839943626,0.7070902313445785,0.7070902313452613,0.004388102973456919
797,0.7067733229455129,0.7067732923564221,0.021720080735217823,0.021707974832132042,0.5033232183978902,0.9995283897527097,0.021714028627326097,0.02171402862733034,2.175738824733645e-08
798,0.03550049247122074,0.034850275810950355,0.7060795515531597,0.7063829274633087,0.501739883492517,0.00045956995131642386,0.7062312558026278,0.7062312557941547,0.049745506955984495
799,0.7071060601192607,0.7071060547842907,0.0010135974493889108,0.0010134598140586872,0.5001225608743185,0.99999897275918,0.0010135286340634084,0.0010135286340568466,4.725586643142515e-11
800,0.7070573362398118,0.7070573317043205,0.008360504963891105,0.008363905150820217,0.5004729521289033,3.1801942609788147e-09,0.008362205230127049,0.0083622052302249,0.999930071078659
801,0.0493306415241144,0.04886591417361083,0.7052050636448687,0.7055950881691563,0.49938067545719605,0.000327250024647992,0.7054001028688446,0.7054001028575392,0.06943545685472768
802,0.705781337023847,0.7057812153421084,0.04326662898874138,0.04328486103705208,0.5023095620156949,0.9981254528469583,0.04327574597329797,0.04327574597278355,8.681379873810292e-08
803,0.7071021741251756,0.707102173702641,0.00255285398601691,0.002552298763330361,0.5003271968294564,0.9999934843325483,0.0025525763897770513,0.002552576389762484,2.989545206070137e-10
804,0.7071066303966427,0.7071066356511704,0.00046190442337555734,0.00046169478068548665,0.5000676939779064,0.9999997867410936,0.00046179961392763317,0.0004617996139262298,9.630120671903512e-12
805,0.015478307407096874,0.013919112152435388,0.7070099594619937,0.7068971619277458,0.5019520983728623,0.0207869372017541,0.7069535629423195,0.7069535629467553,0.0011058579611325449
806,0.7069483684327547,0.7069483591704261,0.014963711820901353,0.014970524839182387,0.500691650634342,1.0323176652275397e-08,0.014967118717609109,0.014967118717794518,0.9997759602603878
807,0.01884173159591448,0.01758365801742556,0.706967542986132,0.7067762710259478,0.502568558461305,0.025756715662398372,0.7068719134774019,0.7068719134737136,0.0008873990605240387
808,0.7071066712919758,0.7071066712818926,0.0003943425538409617,0.00039412811666143094,0.5000602326215365,0.9999998445784766,0.0003942353498313098,0.0003942353498308887,7.122379478465447e-12
809,0.024881101855218656,0.023942982089859538,0.7065059409284145,0.7068642159651066,0.4990657849720162,0.0006614259933273872,0.7066851011453589,0.7066851011577104,0.034523877773802454
810,0.029596003682006,0.02881224663570962,0.7065430619469263,0.7064636102620641,0.5035437312865595,0.04130086323453591,0.7065033372237218,0.7065033372190056,0.0005546947128230293
811,0.7071050967597673,0.7071050966052744,0.0015430393821328184,0.00154386549624411,0.49996632179870365,1.0884088528297462e-10,0.0015434524944464405,0.0015434524944723644,0.9999976177515598
812,0.48931343293999763,0.48928900771967765,0.5103422388043886,0.5106069273002115,0.5099505540553039,0.6919764192408983,0.5104746002113631,0.5104746002044452,1.7312075102998567e-05
813,0.7071054626553708,0.7071054625344187,0.0013658526555905175,0.001365277788303693,0.5001964828707558,0.9999981352298016,0.0013655652521952408,0.0013655652521999972,8.537611503421985e-11
814,0.00916432920118273,0.0061753164241831245,0.7070234460807926,0.7071037598750215,0.5008706979168646,0.002111281724831097,0.7070636041151693,0.7070636041213118,0.010847209416473467
815,0.7070979356792184,0.7070979348672908,0.0035381920297551037,0.0035377906577375422,0.500420981305645,5.795090235477406e-10,0.0035379913494262413,0.0035379913494499485,0.9999874825388692
816,0.7070979217490453,0.7070979209364228,0.0035388178419623164,0.0035406261945755465,0.5001120317635543,0.9999874702887187,0.003539722133725401,0.0035397221337726287,5.72949700877944e-10
817,0.006803583840598995,0.0006592769922579376,0.7068937235211842,0.7072867454202222,0.4998355558061703,0.005254371757789654,0.7070902617829345,0.7070902617718025,0.00437206777769274
818,0.20572002316856158,0.20561798016005997,0.6763521655321102,0.6767187499120019,0.4962942904393459,7.18429087982698e-05,0.6765354825459275,0.6765354825571138,0.2908598915907327
819,0.7070932910672174,0.7070932898299784,0.004369122319592667,0.004366689284108288,0.5006709588961966,8.680981938781893e-10,0.004367905971258996,0.004367905971257736,0.9999809212154255
820,0.008906931749538743,0.00578643011576197,0.7068796213341586,0.7072541160977802,0.5000938424577599,0.010392199388651954,0.7070668935047554,0.7070668935145465,0.0021950847536342695
821,0.049698866547493115,0.049237636943549476,0.7053433764555164,0.705405131156871,0.5049073145303434,0.00032561104627504967,0.7053742544790238,0.7053742544850021,0.06995867498271292
822,0.011299333710813328,0.00904587559690746,0.7072084222935207,0.7068569477832695,0.4984467258520084,0.014385851277042264,0.7070327068686165,0.7070327068887322,0.001596900328095014
823,0.03119860772290178,0.030456265768323623,0.7064415425103068,0.7064272147696921,0.503449557036776,0.04359658430672054,0.7064343786789794,0.7064343786736679,0.0005244856387713081
824,0.7070808343852498,0.7070808372741665,0.0060559992331425845,0.006059333983032522,0.4999298283881305,1.6645198499810502e-09,0.006057666837609133,0.0060576668375115295,0.9999633039991871
825,0.6839450972909829,0.6839429318978125,0.1794755714320147,0.17952631078574438,0.513082523692077,1.5221930161271308e-06,0.17950094290260968,0.17950094290076024,0.9672428976180175
826,0.018122963547135648,0.016811116923789143,0.706961687142958,0.7068197206162476,0.5023589828619447,0.0009251670896316723,0.7068907074456264,0.7068907074414477,0.024702217022210374
827,0.7071060468689193,0.7071060468015657,0.0010191388240032675,0.0010190260695296406,0.5001210991993762,4.778461998796233e-11,0.0010190824483224854,0.0010190824483293005,0.9999989614704251
828,0.021678405258483004,0.02059462959594356,0.7067649835123062,0.7068162180214194,0.5021839225399981,0.0007679755673362868,0.7067906012281651,0.7067906012340447,0.02989150776178935
829,0.012753841174479105,0.010808191726710801,0.7068205228509352,0.7071953556151466,0.500185099759938,0.0013763665081714161,0.7070079640686735,0.7070079640784627,0.01666082495977803
830,0.7061075733572759,0.7061074763675489,0.037568466927389584,0.03758915266595359,0.49954011855029373,0.9985868344288309,0.03757881122031655,0.037578811219709206,6.518117037124436e-08
831,0.7051140795688176,0.705113901843532,0.053064031973712456,0.05303523509031854,0.5080107229023922,0.9971817649503989,0.05304963548595917,0.05304963548601815,1.2829480790528903e-07
832,0.7070572052237974,0.7070571954078992,0.008375645136555568,0.008371796798484451,0.5012274114061256,0.9999298783349329,0.00837372118858193,0.008373721188606386,3.227108365158943e-09
833,0.7070846157159658,0.7070846189511711,0.005600432565514241,0.005597362406504989,0.5008556542691742,0.9999686518532326,0.005598897696447575,0.005598897696452563,1.4460322480175104e-09
834,0.7070946355393265,0.7070946344253962,0.004144019139986957,0.004145052917207615,0.5003334686367461,0.9999828226733087,0.0041445360608499725,0.004144536060808712,8.06744687664884e-10
835,0.7064891562734982,0.7064890996017976,0.02955227140329689,0.02954466900658868,0.503863648197716,0.9991265063985625,0.029548470449519987,0.029548470449362447,4.029646212927923e-08
836,0.7071041848877536,0.707104179380807,0.0019176589868425678,0.0019186586418101044,0.5000534692681645,1.689317784066652e-10,0.001918158879461084,0.0019181588794349802,0.9999963206597443
837,0.7071047454167767,0.7071047452300515,0.0016971852058777557,0.0016964211138191224,0.5002478154444704,1.323575895580955e-10,0.0016968032028558833,0.001696803202861089,0.9999971208547458
838,0.7071067200342895,0.7071067200286812,0.0002940693744696179,0.00029410173792800186,0.5000285639255682,4.014104405714474e-12,0.00029408555664272624,0.00029408555664527526,0.9999999135136819
839,0.013910418200583894,0.012151501669895145,0.7070977983339092,0.7068744901776998,0.5019788764221378,0.018428656882524323,0.7069861530742301,0.706986153070869,0.0012423094843029957
840,0.7051274613071848,0.7051272847667859,0.0528853313082271,0.05285758933237313,0.5079104798934163,1.2977009241431205e-07,0.052871462139803656,0.052871462139892265,0.9972006904241272
841,0.7070405511930254,0.7070405451187278,0.00967701571089665,0.00967894073829212,0.5008413405853137,4.265004204116358e-09,0.009677978272503177,0.009677978272411441,0.9999063323497484
842,0.018254184318369306,0.016952495748859733,0.7070687523231286,0.7067058632351738,0.5028842848290489,0.0009193289911476561,0.7068873310665169,0.7068873310651527,0.024894923005507424
843,0.7071042677016339,0.7071042727394969,0.0018849324740716027,0.001885882235467891,0.5000638497262452,1.61341742860522e-10,0.0018854074145617762,0.0018854074145867109,0.9999964452325634
844,0.7071032129966419,0.7071032126694035,0.00224675361186497,0.0022460856268332126,0.5003022688620277,0.9999949535860502,0.002246419644172191,0.002246419644183233,2.3137124789597679e-10
845,0.11452635924160381,0.11433123927725146,0.6979404887904179,0.6976325357028424,0.516300547010323,0.0001384872556827734,0.6977865292363075,0.6977865292340727,0.16182675939747743
846,0.007543416978767764,0.003324176911191622,0.7072754769352436,0.7068899818459502,0.5012981317448407,0.007685068117118471,0.7070827556612863,0.7070827556620133,0.002982116679090617
847,0.7055553094934726,0.7055551670156778,0.0468125742972258,0.04682087601397927,0.5041543512650337,0.9978057869430007,0.0468167253398311,0.04681672533939686,1.0173439532859459e-07
848,0.6063761020632416,0.6063660902113855,0.36384832416584406,0.36365174395190697,0.4499478359745904,0.8575382242634002,0.36375004734390454,0.36375004733314303,7.043940217678482e-06
849,0.7071049890152126,0.7071049835819901,0.0015941318209619433,0.0015946465463604266,0.5001123922155443,0.9999974579198335,0.001594389204441177,0.0015943892044240988,1.1759035649884435e-10
850,0.7070756762057225,0.7070756733528598,0.006632737152448128,0.006632274773821944,0.5007633634313187,2.0303102254180193e-09,0.0066325059671408755,0.006632505967187766,0.9999560088969817
851,0.7069564374275114,0.706956428901499,0.014584838690199676,0.014577144576978576,0.5022064116692346,0.9997873720628616,0.014580992141105528,0.014580992141082182,9.69505365659197e-09
852,0.7031472995925305,0.7031469406655124,0.07474637515753106,0.07470770855893548,0.5110954279464781,0.994400189904756,0.07472704435910811,0.07472704435924862,2.5767557029686063e-07
853,0.7064575862032358,0.7064575266300369,0.030286082069449497,0.03030173586688441,0.4991277919250341,4.175281128312612e-08,0.030293909979528078,0.030293909979005836,0.9990818575253634
854,0.007440481537107383,0.0030833884867159426,0.7072340363705921,0.7069336247124414,0.5011898382411257,0.007445609409253168,0.7070838464968511,0.707083846494409,0.0030709852506015335
855,0.7071067450384179,0.7071067450346186,0.00024204363587737045,0.00024199950290236484,0.5000302703213722,0.9999999414255579,0.0002420215703965658,0.00024202157039509718,2.6702515637995362e-12
856,0.7071065173156178,0.7071065120225796,0.0006168086933388311,0.0006171082960953951,0.4999762388948274,0.9999996193621192,0.00061695851290898,0.0006169585128979568,1.7148362627997022e-11
857,0.012287281861589434,0.010253405529355776,0.7072088535841717,0.70682354784745,0.502021095559068,0.0014377054178656512,0.7070162269638958,0.707016226963167,0.015938714616524387
858,0.671532660530062,0.6715293113342597,0.22142183094126702,0.22150540093397147,0.5128501941072497,0.9496882278591248,0.22146361987828858,0.22146361988079993,2.333283230910979e-06
859,0.030531770158341277,0.029772757281673782,0.706658776087735,0.7062681984396848,0.5048076427335204,0.04264177900867431,0.7064635142554895,0.7064635142559295,0.0005336046412451241
860,0.01955088313310067,0.018341555309292792,0.7067953690257908,0.7069099353154452,0.501755122474512,0.0008550332301435698,0.7068526544949479,0.7068526544884987,0.026794002951888208
861,0.01743591678630794,0.016068024762538262,0.7067517304662485,0.7070642112771837,0.49904054353964067,0.023690760243446168,0.7069079881443654,0.7069079881312339,0.0009697902021305823
862,0.707106771530556,0.7071067715296704,0.00011686449688184373,0.00011685550670860948,0.5000135062509741,6.300118942062642e-13,0.00011686000188208981,0.00011686000188126953,0.9999999863437399
863,0.01772491661207082,0.01638119088057384,0.7070947371145831,0.7067068109628524,0.5028546085679366,0.024116629456577016,0.7069008006487015,0.7069008006493211,0.0009509296634461215
864,0.006934366593579369,0.0014938050728199176,0.7069785640652126,0.7071994012007002,0.5004323444782918,0.0038419460354355596,0.7070889912581544,0.7070889912506524,0.005962914078748165
865,0.7070427104060302,0.7070427045296714,0.009517280505231002,0.00952055696088493,0.500640842907295,4.186790801695365e-09,0.009518918874081524,0.00951891887397719,0.9999093860780277
866,0.706545187809131,0.7065451362870702,0.02817072301669061,0.028182944089661856,0.501433344856637,3.6311010284918044e-08,0.028176834215923634,0.028176834215583268,0.9992057505975203
867,0.010178544215010781,0.007599582400393936,0.7071392169445516,0.7069602332833466,0.5014081211693246,0.0125707008535627,0.7070497307793725,0.7070497307755762,0.0018258956836426155
868,0.7051454396853233,0.7051452595165019,0.05264372174514849,0.05261853697337465,0.5077097262067394,1.2807003061498357e-07,0.05263113086574141,0.052631130865602914,0.9972261168499282
869,0.7071019982397825,0.7071019978011212,0.0026003624989923437,0.0026013277074799475,0.499835951203763,3.074158475996724e-10,0.0026008451480367288,0.002600845147986015,0.9999932355816367
870,0.7069447467514017,0.7069447318907969,0.015141667259418016,0.015133271384459713,0.5023178603348214,1.044280963495058e-08,0.015137469904023138,0.015137469904030613,0.9997708307456306
871,0.006780561640612792,0.0003492926069918746,0.7072643185171258,0.7069166045093507,0.501143842350349,0.004507658148440088,0.7070904828860806,0.707090482887766,0.005077306323657312
872,0.006983272680883707,0.0017065708416850267,0.706895986226209,0.7072809810647381,0.4997611239722861,0.006144548196477418,0.7070885098423677,0.707088509853981,0.003731354825587131
873,0.5292304629345456,0.5292114074710786,0.46903092857463535,0.4688927290385304,0.5451421265218038,1.3517466940413652e-05,0.46896183389620705,0.46896183389855073,0.7484314240548106
874,0.7071026175265975,0.7071026171447652,0.00242725922791079,0.0024260104488297053,0.5003653725169881,0.9999941114256335,0.0024266349186977325,0.0024266349187024093,2.7137189973449157e-10
875,0.046315996505100834,0.04582040978369286,0.7055280281174048,0.705680891094379,0.5038719535846339,0.06515027749248681,0.7056044637420401,0.7056044637488477,0.00035046777029986364
876,0.7071061385643126,0.7071061385053758,0.0009534037143996868,0.0009532649375538722,0.5001162656027336,4.1649404737600324e-11,0.0009533343285050523,0.0009533343284989424,0.9999990911532456
877,0.013427156604803848,0.011595116177560752,0.7071921988710722,0.7067987398156031,0.502208380187767,0.0012955429782045144,0.706995496714366,0.7069954967145364,0.017693411749941993
878,0.020177579281012784,0.019008251337615373,0.7066411989807664,0.7070288307972055,0.4995968401786833,0.027708535323727995,0.7068350414556392,0.7068350414671329,0.0008278857223260258
879,0.5770543371599841,0.5770410645009528,0.4087565485083829,0.4085951368971155,0.5453197056864292,9.409033078473098e-06,0.4086758506709074,0.40867585067247225,0.8160686846503864
880,0.017494368517195807,0.016131414690643928,0.7071023705582934,0.7067106636248663,0.5028224961217682,0.0009644685739496067,0.706906544223059,0.7069065442226926,0.023776990350059833
881,0.6815681387763008,0.6815657472648531,0.18827497878303784,0.18837607041777982,0.49617722951862986,1.6872297612912669e-06,0.18832553138513003,0.18832553138198266,0.9638812107595806
882,0.006910827095503669,0.0013807554976728675,0.7072221906256744,0.7069562271242427,0.5010766357831368,0.005875482312057369,0.7070892213812894,0.7070892213784085,0.003891622346657307
883,0.7071004385677255,0.7071004379860891,0.0029955488379232206,0.0029945056964841292,0.5004139754737771,0.9999910297711622,0.002995027312611701,0.0029950273126248773,4.150410846583956e-10
884,0.034118319178812515,0.033441112531504905,0.7061740956062657,0.7064246449595367,0.4976860435020483,0.04777172122669645,0.7062993813996958,0.7062993813857846,0.0004799369776013674
885,0.006807058153866337,0.0006928371201245882,0.7070468880660392,0.7071335673068747,0.4993268701640023,0.004330938791110993,0.707090229022427,0.7070902290068989,0.005297077795614369
886,0.7070990191297107,0.7070990184178173,0.0033123840551471974,0.0033141228444149478,0.5000879489228897,5.088576516009983e-10,0.00331325356386787,0.0033132535638226183,0.9999890222905651
887,0.7070410487861043,0.7070410480253212,0.009640916575910138,0.00964219457199158,0.5009142150102616,4.199902785160379e-09,0.00964155559516871,0.00964155559508287,0.9999070360845609
888,0.0627566381020951,0.06239309212287331,0.7041370987673746,0.7045279643626207,0.5002986021324584,0.08849422413939939,0.7043325586838697,0.7043325586733211,0.00025664079261937436
889,0.03475696449153312,0.03409247964020708,0.7060718512655737,0.7064645759708764,0.499707488716795,0.00047350698021187543,0.7062682409208895,0.7062682409097958,0.04868387350882549
890,0.7071063630354628,0.7071063682654679,0.0007692275065211309,0.0007687995833875621,0.5001180570391577,2.7210756697755122e-11,0.0007690135747193957,0.000769013574719525,0.9999994086179469
891,0.04014640315525688,0.03957300488385798,0.705786955821949,0.7061777514123179,0.5002178057709521,0.00040510591142528405,0.7059823806524445,0.7059823806629161,0.056370136517865536
892,0.704070562958327,0.7040702838835377,0.06547682590482126,0.06544053023261306,0.5099041711053471,1.9672290219646706e-07,0.06545868058439246,0.0654586805843679,0.9957059416676506
893,0.7039579507153778,0.7039576612707196,0.06665720637366508,0.0666605700644939,0.5068187532459779,2.0442171954881495e-07,0.0666588882405675,0.06665888824002551,0.9955466765737778
894,0.008229155883822234,0.00467664753750357,0.7072559590962143,0.7068942058640063,0.5013747498864287,0.0024834298308158975,0.7070751056158074,0.7070751056143932,0.00913359814233679
895,0.014153353899712538,0.01242890278861374,0.7067912384575128,0.7071713725765865,0.5001667830594216,0.018796405140268892,0.7069813310611819,0.7069813310711379,0.0012207381565500777
896,0.7071018782927775,0.7071018778431217,0.0026339759413104204,0.002632534196677485,0.5004031889859963,0.999993065943181,0.0026332551676647165,0.0026332551676671134,3.1457583920315876e-10
897,0.7071056894942961,0.7071056893936848,0.0012455042910536334,0.0012456051036534642,0.50012511830699,0.9999984485922887,0.0012455546983682572,0.0012455546983787316,7.127989934513466e-11
898,0.018708063908963908,0.01744031119086233,0.7066786266214293,0.707072247063052,0.49982487925078584,0.025560599551245258,0.7068754642349703,0.7068754642459583,0.0009010328722508688
899,0.7063035228879966,0.7063034491897712,0.0337031270264297,0.033687838269591694,0.5048952388048435,5.258396660899944e-08,0.03369548351518881,0.03369548351508645,0.9988639691075857
900,0.7071063775606227,0.7071063775236021,0.0007556840760819001,0.0007553940157516465,0.5001067141895221,0.9999994291605656,0.0007555390598349718,0.0007555390598379684,2.6127150725688557e-11
901,0.013826612603459633,0.0120554419368859,0.7068472657872629,0.7071283009153926,0.4991087161086151,0.0012543385731097647,0.7069877973088463,0.7069877973224187,0.01830124390080928
902,0.7071040737499364,0.7071040735016456,0.0019570599356341454,0.0019565377662919495,0.50025836070948,1.7414095394303636e-10,0.0019567988683754354,0.0019567988683857206,0.9999961709308574
903,0.010016583357675019,0.007381274378974756,0.7068553740109005,0.7072486585906677,0.49991896572382993,0.01230226276809416,0.7070520436401109,0.7070520436507712,0.0018626552025873184
904,0.7071065701271294,0.7071065701077689,0.0005463501119368231,0.0005463469838736606,0.499940316080677,0.9999997015032187,0.0005463485479137994,0.0005463485479011619,1.3658610027417097e-11
905,0.0689939365349594,0.06866397549490942,0.7036731576901439,0.7038246815344186,0.494071144658181,0.09733884335557386,0.7037489236977816,0.7037489236829128,0.00023320281856415923
906,0.4740291885569576,0.47400255481599285,0.5248218594569947,0.5245759451786159,0.4452342854220301,1.878272036458323e-05,0.5246989167172591,0.5246989167319395,0.670359674520526
907,0.7071062975562783,0.7071062975119218,0.0008271874246582967,0.0008268834245955854,0.5001156745211374,0.9999993160121495,0.0008270354385931819,0.0008270354385966373,3.1449769767750834e-11
908,0.013648060596103169,0.011850269487803997,0.7068593101457451,0.7071231980463648,0.5007698837897399,0.018030235980879102,0.7069912664122214,0.706991266404247,0.0012684776081173536
909,0.7071067749137376,0.707106774912679,0.0001277749506564242,0.00012774353465580364,0.5000166619612895,0.9999999836775783,0.00012775924362141581,0.0001277592436221109,7.49275480913155e-13
910,0.017162533889228046,0.015770917401637965,0.7067286735921713,0.7071006346504801,0.5003207462826745,0.023287610359159362,0.7069146785810629,0.7069146785907721,0.0009806137348700955
911,0.7071049930885255,0.7071049876557067,0.0015921466157030916,0.0015930164450835011,0.5000244484840758,0.9999974636806533,0.0015925815897667945,0.001592581589789721,1.1796522809603315e-10
912,0.12273001540839744,0.12254868381287308,0.6965837297304299,0.696197005966487,0.5183746628159224,0.00012845521531791367,0.6963903946930456,0.6963903946933229,0.1734382306684601
913,0.05104453866176134,0.05059573258387455,0.7054292369469458,0.7051270230090293,0.5074194877885844,0.07187053208808936,0.7052781461666314,0.7052781461642537,0.00031575348915371525
914,0.7070488146715515,0.7070488146243803,0.00905601699330147,0.00905226026988168,0.5012970011346265,3.789063820819851e-09,0.00905413882641679,0.009054138826449227,0.9999180192096839
915,0.69766722042653,0.6976663487472944,0.11515401349336635,0.11515938193015841,0.5116729218194732,0.9866498213294564,0.11515669774257896,0.11515669774351302,6.211040739690069e-07
916,0.7070753489807027,0.7070753460975168,0.0066693809964861826,0.006666338014082366,0.5009758552005348,2.039324648313898e-09,0.006667859678883438,0.006667859678863311,0.9999555386588983
917,0.7070978554279336,0.7070978493405642,0.0035549099179612003,0.0035530793868651126,0.5005350485684015,5.819067892115352e-10,0.0035539947702714013,0.003553994770264612,0.9999873690414034
918,0.687019674557074,0.6870178052684004,0.1673931267839716,0.16730225079528374,0.5242729364866056,0.9715912195890792,0.1673476949583472,0.16734769495816432,1.312849415287564e-06
919,0.7071059593170274,0.7071059645099954,0.0010782176152814322,0.0010780306495834426,0.5001342129579646,5.3573858271117144e-11,0.001078124136488647,0.0010781241364820136,0.999998837647671
920,0.7071065844734018,0.7071065791865213,0.0005344418623388953,0.0005344978668245261,0.5000525033334806,0.9999997143419224,0.0005344698653175701,0.0005344698653129606,1.2892477922766554e-11
921,0.009878820193807362,0.007193167737879269,0.7072445020753394,0.7068634108041555,0.5016471764972387,0.012071462561291157,0.7070539821154904,0.7070539821145958,0.001900668871263295
922,0.7071061805477644,0.7071061857610301,0.0009218440608149843,0.0009214899580829692,0.500129877763421,3.989971741944629e-11,0.0009216670264528459,0.0009216670264565087,0.9999991505295323
923,0.7039391489525614,0.7039388577604022,0.06686675873201497,0.0668475555543937,0.5088232630485836,0.9955200856301368,0.06685715783249477,0.06685715783283148,2.0382376195445646e-07
924,0.7015539257507415,0.7015534197298756,0.08846717786164263,0.088422024192514,0.5130397876517429,3.597891106736672e-07,0.0884446039085298,0.08844460390870842,0.9921467149967108
925,0.7071067375801012,0.7071067375761015,0.00024832329506745647,0.00024835226783159915,0.4999760408775075,2.8267002700334535e-12,0.00024833778187478324,0.00024833778186931214,0.9999999383283442
926,0.707088557245283,0.7070885608420318,0.005075685963492188,0.005077814641303885,0.49972828780803114,1.204503116023873e-09,0.005076750413919257,0.005076750414015091,0.9999742262730992
927,0.007685132429744489,0.0036341784912004307,0.7072005985784624,0.7069618411607504,0.5011515952611157,0.008005362918969132,0.7070812299455506,0.707081229948739,0.002860537958066834
928,0.7071047948658958,0.7071047894149058,0.0016782400642770684,0.0016783399556477801,0.5001723800128942,1.265687981922069e-10,0.0016782900106987193,0.0016782900107125064,0.9999971833386732
929,0.7071067811712869,0.7071067811712856,4.645477521511198e-06,4.645972812019506e-06,0.5000004579626,1.004255174974919e-15,4.645725173345757e-06,4.645725173385938e-06,0.9999999999784175
930,0.7071066799571604,0.70710668521623,0.0003783044136388001,0.0003784426332546122,0.5000239591094945,0.9999998568334615,0.000378373529756035,0.0003783735297602626,6.534074076289514e-12
931,0.707105953164595,0.7071059478197987,0.0010858845151760694,0.0010852937133376183,0.5001656520584651,5.4452673888494996e-11,0.0010855891544483444,0.0010855891544472307,0.999998821495493
932,0.707106599279368,0.7071066045310405,0.0005070740006641306,0.0005073565676503715,0.5000014115891829,0.9999997427326028,0.0005072153038304658,0.000507215303838184,1.1916838326980673e-11
933,0.7071002239237888,0.7071002233224356,0.003046125938780959,0.0030444410080047455,0.500467155339618,4.212949457060213e-10,0.003045283589926164,0.0030452835899241882,0.999990726204854
934,0.011174052636435623,0.00888893261771517,0.7072244343464912,0.7068449100671795,0.5018440813403954,0.001616550508601666,0.7070346976725836,0.7070346976716435,0.014186590142005738
935,0.7071066437951642,0.7071066437825648,0.0004409284331895286,0.0004406828971694211,0.5000678731606175,8.770855950457273e-12,0.0004408056822753961,0.0004408056822754556,0.9999998056903334
936,0.007448953543183082,0.0031037962798362412,0.7071250767835205,0.7070424353067694,0.5009312685314529,0.003066925258899431,0.7070837572501519,0.7070837572548501,0.007464209859347301
937,0.006983039946435221,0.0017054637837742577,0.7070417083534544,0.7071353132145353,0.5006405388237027,0.0037012223674072237,0.7070885123298012,0.7070885123360576,0.006162175476102584
938,0.007237673198054837,0.0025553493765129525,0.7069807294328486,0.7071911583771594,0.4993995921921597,0.006921092454586029,0.7070859517257869,0.7070859517401471,0.0033184639508300885
939,0.007185627719062272,0.002404064312582332,0.7069539553717674,0.7072189846244802,0.500364611210025,0.0033756535624584333,0.7070864824113632,0.7070864824193666,0.006783637222187649
940,0.1744961297216868,0.17437267258769384,0.6850838400076632,0.6854235219093142,0.5059356247901418,8.84898747162674e-05,0.6852537020106073,0.6852537020016541,0.24668749450151756
941,0.7071048206546104,0.7071048204747794,0.0016647766356222041,0.0016655290733983415,0.5000790878708634,1.2605370418886957e-10,0.001665152897021323,0.0016651528970008191,0.9999972272619856
942,0.015390074920460732,0.013820921271061798,0.7068059477932991,0.7071049991996731,0.5007249974672742,0.0011093081557520753,0.7069554893051083,0.7069554893135271,0.02065530697554178
943,0.7070858502228489,0.707085848303186,0.00544223061107189,0.005439271088264245,0.5008322339429659,0.9999703977898574,0.005440751050896135,0.0054407510509016915,1.332000549103177e-09
944,0.04643356204669952,0.0459392513075855,0.7056295218172378,0.705563949932903,0.5054386232752511,0.06531744093244723,0.7055967366343624,0.7055967366391955,0.00034986437723446217
945,0.01164194416601901,0.009470478185574843,0.7070020059336756,0.7070522885789511,0.49881012650914547,0.001532917291891908,0.7070271477112499,0.7070271476953826,0.014928998144697184
946,0.7070207494234607,0.7070207467999093,0.011027140808403422,0.011033272155447225,0.5000613041034503,5.591213942451836e-09,0.011030206908036355,0.011030206907870328,0.9998783271334267
947,0.007766609991802537,0.0038034750380382017,0.7071737442465997,0.7069869226480378,0.501101115400725,0.008188632206522129,0.7070803396156023,0.7070803396193268,0.0027808192128694516
948,0.028252392893587053,0.027430150298395066,0.7067278063747816,0.7063888425366299,0.5042866693506479,0.039373519554538765,0.7065583447815719,0.7065583447834131,0.0005803398473824922
949,0.7070925472606645,0.707092551223399,0.004485977215243197,0.004487434864723565,0.49968503001850734,9.295205373266848e-10,0.004486706099223811,0.004486706099133927,0.9999798692657568
950,0.013886397215711327,0.012124015921047022,0.706980562508732,0.7069926876886011,0.501489286000897,0.018392287113211826,0.7069866251218848,0.7069866251274368,0.0012440114273990152
951,0.033162672173745016,0.03246544838197449,0.7062505934990158,0.7064391913094427,0.49734518306968,0.000492502302427561,0.7063448987060814,0.7063448986915297,0.046406094490142526
952,0.7071049134141938,0.7071049079740127,0.0016278989641140015,0.0016272492405170922,0.500231850575453,0.9999973509989268,0.0016275741347334765,0.0016275741347396345,1.2052991827875776e-10
953,0.7060043700306717,0.7060042688560068,0.039478624284331264,0.03946188134523037,0.4942791502105027,0.9984408836507577,0.03947025370201763,0.03947025370309641,7.098939392346838e-08
954,0.07770494350887902,0.0774128528692794,0.7030316226931108,0.7026490798815256,0.5118135421603844,0.10968484778741161,0.7028403773133065,0.7028403773140472,0.00020542865217054162
955,0.007205064936553872,0.0024615824142531586,0.7069561440301033,0.7072164011597646,0.4994640056544674,0.003353782661363304,0.7070862845759437,0.7070862845621242,0.0068355314776875516
956,0.7070439324285749,0.7070439213951317,0.009426543714355676,0.009429663708255464,0.4993474074912029,0.9999111069069843,0.009428103840271866,0.009428103840460162,4.06866429476835e-09
957,0.7031458353340624,0.703145471030501,0.07476165228370216,0.07472008422876115,0.5112941645075085,0.9943981116034913,0.07474087114604674,0.07474087114606298,2.56274481123248e-07
958,0.7071067806802932,0.7071067806802467,2.675141529473666e-05,2.676432174994396e-05,0.5000010821753131,0.9999999992840155,2.6757869300335456e-05,2.6757869300677884e-05,3.2834665782440344e-14
959,0.7070986763888041,0.7070986703765686,0.0033865446367888075,0.0033868815757395285,0.5003334965517684,0.9999885301085284,0.0033867131104689196,0.0033867131104398053,5.293269583847011e-10
960,0.04428140143233267,0.043762594620907216,0.7056953921733463,0.7057747560408703,0.5042597936435705,0.0003663833905452575,0.7057350752196563,0.7057350752257886,0.06225650941047358
961,0.018783151684528248,0.017520864108528218,0.7067678535878168,0.7069790758350274,0.5013222942850669,0.0008940733074144738,0.7068734726045909,0.706873472597187,0.02567076351093745
962,0.707102712772533,0.7071027123993693,0.002399268287125537,0.0023981698995872327,0.5003513051567857,0.9999942461298569,0.002398719156229706,0.002398719156222587,2.6495702873745555e-10
963,0.7071063898083996,0.7071063897725088,0.0007437977364047196,0.0007441773642308662,0.5000237351270375,0.9999994464823367,0.0007439875745264809,0.0007439875745364224,2.5253630879959426e-11
964,0.7071005139891632,0.7071005134137471,0.0029788752886428568,0.002977960597553035,0.5004026303435121,4.0761493273860273e-10,0.0029784179782041745,0.0029784179782185805,0.999991128987
965,0.6999388927139009,0.6999382319688658,0.10044707935655471,0.10041116543247772,0.5136648665550806,0.9898626076911136,0.10042912399967398,0.10042912400010529,4.611667130834224e-07
966,0.1480823570488322,0.14793423500586486,0.6912979169565024,0.6915882211660925,0.49203572686877817,0.20931533935133356,0.69144308429039,0.6914430843034532,0.00010520524873692635
967,0.7070393460027102,0.7070393398163912,0.009767236137940125,0.009764028588976853,0.501335387554599,4.346196755557669e-09,0.00976563249517196,0.009765632495127104,0.9999046278740483
968,0.7070900333332728,0.7070900317974136,0.0048660172974200125,0.004867604045808536,0.5003405008166408,1.0743454684603621e-09,0.004866810736307287,0.00486681073625496,0.999976313872742
969,0.7067354112294563,0.7067353771562984,0.02291975081452092,0.022909609614255356,0.4966560109361907,0.9994747794766629,0.02291468077501456,0.02291468077579289,2.423806153997011e-08
970,0.06556382904775462,0.06521619041412242,0.7038822460335675,0.7042712663080993,0.5005168409966041,0.09247543871230893,0.7040767830335856,0.704076783043974,0.0002457773387900249
971,0.021313392878476126,0.020210000145713763,0.7069959502704268,0.7066074026546524,0.5033997774905077,0.000781318094493846,0.7068017031621902,0.706801703161619,0.029361443372207283
972,0.0076536883836426555,0.0035675332680845965,0.7072552899307546,0.7069078077272054,0.501272464234838,0.002885029689593783,0.7070815701735996,0.7070815701752922,0.007936173068633368
973,0.7070713737551108,0.7070713705066008,0.007076894842705964,0.007075802806827651,0.5008683929282757,2.2952880328261676e-09,0.007076348845810159,0.007076348845854733,0.9999499240332101
974,0.7069921413938187,0.7069921308781048,0.012729622957473105,0.012735602976654202,0.500547892707384,7.407206651503601e-09,0.01273261331821712,0.012732613318056503,0.9998378674146029
975,0.7071014937028163,0.7071014932173579,0.0027358945819123824,0.002735996146510873,0.500286935966339,0.9999925145749451,0.002735945364693881,0.0027359453646719537,3.469473376553027e-10
976,0.007854596409204018,0.003980120341003537,0.7071549432192568,0.7070037837507624,0.5010679054535425,0.008367912297349707,0.7070793675264153,0.7070793675223241,0.002741183405796543
977,0.018655176625064374,0.017383590251168184,0.7069065187580498,0.7068472033703036,0.502197897045322,0.0008988947455741628,0.7068768616838743,0.7068768616887963,0.025483265355311847
978,0.06521501071993167,0.06486547447356802,0.7039989796322361,0.7042193616160335,0.5045808084847818,0.09198079242847317,0.7041091792501569,0.7041091792426757,0.0002474391077527196
979,0.09640086220729,0.09616714636161867,0.7006997327768087,0.7003418009892436,0.5143236443597626,0.13616614517587772,0.7005207897444334,0.7005207897430198,0.00016486839508880012
980,0.12315197766077704,0.12297130739240035,0.6962250813048815,0.6964066946458128,0.509492796885892,0.00012729239921729972,0.696315893899911,0.6963158938928966,0.17403544354857706
981,0.010938078042492524,0.008590349135832393,0.7068743702182806,0.7072023678403258,0.49940820843400263,0.013808750585070438,0.7070383880427565,0.7070383880556664,0.0016595351211921778
982,0.7071067754113357,0.7071067754108061,9.035060052756961e-05,9.04006571686414e-05,0.49999929457369796,3.7462391402047016e-13,9.037563231301708e-05,9.037563231445216e-05,0.9999999918322429
983,0.010394971296768163,0.00788714638683884,0.7071805220314363,0.7069126160657814,0.5015686993850917,0.012927071451494427,0.7070465817390185,0.7070465817361623,0.001775761829755553
984,0.009195850652293641,0.006221939688082756,0.7072236459693848,0.7069027078594768,0.49877698105084084,0.0021002363938713406,0.7070631951139728,0.707063195133583,0.010902532265088102
985,0.49278385824982285,0.49275992639353516,0.507240857080952,0.5070093065189653,0.5494086521694416,1.681335330704923e-05,0.5071250950163023,0.5071250950147975,0.696884693280212
986,0.7070980259823754,0.7070980251792551,0.0035180367622995945,0.003519638725961707,0.500165587238424,0.9999876177036268,0.0035188378352713837,0.0035188378353148606,5.620234608354024e-10
987,0.7071066395702028,0.7071066395572149,0.0004474448713354239,0.0004476191831117411,0.4999732941729918,0.999999799715061,0.00044753203571460494,0.0004475320357059796,9.069623406335265e-12
988,0.017737007944605282,0.016394266779697485,0.7069212470092853,0.7068797472645336,0.5020474068208473,0.0009480795909237093,0.7069004974439813,0.7069004974389154,0.024134510128862315
989,0.0975062685432165,0.09727530495044555,0.7003511530722685,0.7003843980500442,0.509940276687587,0.1377313712658269,0.7003677757612533,0.7003677757555767,0.00016348595961226703
990,0.6994243598397035,0.6994236567471452,0.1039775665883525,0.10392683128654841,0.515062913044603,0.9891349146526224,0.10395220203258038,0.1039522020328361,5.015892294403484e-07
991,0.7034374865099541,0.7034371490675891,0.0719634268625555,0.07192457909795896,0.510800943907632,0.9948105950962342,0.07194400560239107,0.07194400560230195,2.3747848187562928e-07
992,0.6800853522623329,0.68008281960113,0.19366216655747232,0.19356199144389907,0.5273384310140925,0.9617841341534493,0.1936120854797044,0.19361208547934677,1.8003485454149908e-06
993,0.7071046574867113,0.7071046625602838,0.0017332563911492916,0.0017328643763682202,0.5002226305936619,0.9999969964971566,0.0017330603948477487,0.001733060394838003,1.4131489578910083e-10
994,0.010007102720368151,0.0073684159014720555,0.7069374953149834,0.7071668417424763,0.4992304635209572,0.012286161303864557,0.7070521778207801,0.7070521778349481,0.0018670560164299073
995,0.027182816878822538,0.026327080710295603,0.7067457946680682,0.7064547834217492,0.5039868956023879,0.0378372277736351,0.7066003040277049,0.7066003040251435,0.0006040645181513569
996,0.7053330458741816,0.7053328882443682,0.0500583443643139,0.050049782717809375,0.5061556999235147,0.9974914442787919,0.050054063723964114,0.05005406372427227,1.1579530532146382e-07
997,0.7071059291152926,0.7071059290371312,0.0010976542683366907,0.0010978550185269543,0.5000978746385395,5.447836357437264e-11,0.0010977546480156974,0.0010977546480259186,0.9999987949340069
998,0.368570373872292,0.36852506089103765,0.6036320720308795,0.6033021470329688,0.5460516918203918,3.2124279575328694e-05,0.6034671320791234,0.6034671320785259,0.5212051802976778
999,0.7067686573115864,0.7067686262910808,0.02187081048989176,0.021859587853080963,0.5032839167307612,2.1751265767155394e-08,0.021865199891487972,0.021865199891530813,0.9995217986954582
1000,0.008581829727637772,0.00527198702628331,0.7072663559994711,0.706875420440527,0.5014627383365744,0.009793118741885837,0.7070709152380349,0.7070709152384862,0.002352971218015976
