traj,F_phi_plus,F_phi_minus,F_psi_plus,F_psi_minus,F_plusplus,F_ee,F_eg,F_ge,F_gg
1,0.0024618477827323725,0.008921411120625436,0.7070764992760006,0.70707649649858,0.4981892023643636,0.00654416804823254,0.9999571729474772,1.970074654029073e-09,0.006544168048350825
2,0.6544635506900321,0.7479585691740213,0.07836049368165932,0.07807094624337078,0.4074263541544771,0.7027675861705714,0.0002070697717891612,0.11061372762672035,0.7027675861980562
3,0.9450851956274924,0.321617077299899,0.04136503046058409,0.040808878252144354,0.6975675730192975,0.7059120234517944,0.0581057306397861,0.0003928816870435642,0.7059120234540458
4,0.05868073063637907,0.9980706676581776,0.015122036782980165,0.01352177024399817,0.052207042670229124,0.7069612739458284,0.0011313695411371203,0.02025424078949065,0.7069612739562903
5,0.1837497763247249,0.981170548836861,0.04234422847144794,0.041801197482120835,0.15975269506795356,0.705853960185013,0.05949980210118612,0.00038385635482111364,0.7058539601754373
6,0.001494924341352629,0.01527074283053989,0.7070235428932864,0.7070235352583678,0.49881901055831124,0.01084966325253251,0.9998822778780588,5.4483288494014885e-09,0.010849663252354877
7,0.01657428811435543,0.004337875326207233,0.7070030018575254,0.7070029923385059,0.4882163804410428,0.012114540619305303,0.9998532271344399,6.732552821077556e-09,0.012114540619709159
8,0.0006016032826350857,0.0003128620681379518,0.7071066186268893,0.7071066186119777,0.5004255668590761,0.0004794836711094042,0.9999997700953828,1.0576637189490875e-11,0.00047948367113664946
9,0.38325971757642496,0.6054790053321997,0.4932193778766263,0.4931955071492215,0.619326505916502,0.5067015082914933,0.6975006542677682,1.6769603939433757e-05,0.5067015082965087
10,0.8468873942825086,0.2055275231256998,0.34682488537571654,0.3467746794286756,0.35362169814678673,0.6162222896863975,0.4904489557384661,3.498268033238781e-05,0.6162222896689202
11,0.000998864762871868,0.0013078041023185493,0.7071058237780914,0.7071058236902887,0.499295547595895,0.001163632756605226,0.9999986459578909,6.165365452935411e-11,0.0011636327566305548
12,0.9956809039970197,0.09030955470543905,0.015961778593712502,0.014454873527978845,0.6927808797166198,0.7069428117907596,0.0010680467297012363,0.021507696779705095,0.7069428117696595
13,0.00019146749184721233,0.0011160371925931288,0.707106327881461,0.7071063278398796,0.5001342256468728,0.0008006868278969928,2.9441879927285936e-11,0.9999993589003965,0.0008006868278860102
14,0.9657533984144218,0.2588388272733946,0.013577131191731338,0.011768451696643374,0.6732754878832468,0.7069926325947836,0.017922124972535636,0.0012776475267173692,0.7069926325712091
15,0.05532969432838408,0.14189293357686883,0.6988583849187207,0.6988576239328318,0.4549064056142637,0.10769164150525617,5.364636703630632e-07,0.9883344680319304,0.1076916415032024
16,0.9975290979960181,0.059698542773137596,0.02662307240653939,0.025748682638955484,0.7241419659818313,0.706621616340228,0.0370324166412506,0.0006186757747906148,0.7066216163398269
17,0.004980855916940326,0.003709953399421223,0.7070931441787305,0.7070931429278204,0.5035294749540522,0.004391621562215741,0.9999807134740683,8.762158150768835e-10,0.004391621562188428
18,0.025097342509108587,0.009969644726534851,0.7068489099598256,0.7068488863056994,0.5175239590771821,0.019095423758004954,1.6874499358220262e-08,0.9996352982878313,0.019095423757933556
19,0.00045104594521221895,0.0005190694569803915,0.707106614007442,0.7071066139921077,0.5003194740039608,0.0004862486739654161,1.0803707883037e-11,0.9999997635621989,0.0004862486739613561
20,0.07429559457096549,0.0273430994873989,0.7048875112434965,0.704887307396409,0.44619495101561407,0.05597981941980355,0.9968613342063125,1.4449648456052141e-07,0.055979819418280966
21,0.0019040764300231438,0.00043384853317722196,0.7071054328893411,0.7071054327657014,0.4986505774177939,0.0013808931169688693,8.582832448892933e-11,0.9999980931323783,0.0013808931170143873
22,0.41719372707109137,0.9087034092994956,0.01125514036719866,0.008990541435783237,0.30296135622832776,0.7070334122200941,0.0015935148832381268,0.014316729036717109,0.7070334122121852
23,0.5880135632079934,0.8087739843694012,0.009234236333763995,0.0062785802542698445,0.42231610469769537,0.7070626946389232,0.010969088018844202,0.0020906455251818606,0.7070626946454341
24,0.8269681458610191,0.5556712071411015,0.06082234101046317,0.060446986025326783,0.5417942502447687,0.7045022372846549,0.0857503663108242,0.0002645053848084468,0.7045022373104126
25,0.0,0.04258385989681517,0.7064666894412781,0.7064666306987463,0.49790893775463596,0.030080861183406127,4.153617647157026e-08,0.9990947320354346,0.030080861182927954
26,0.2703815205742772,0.9536808865366168,0.0933586024215551,0.09311697665072344,0.2574845087875488,0.7009327357263948,0.1318581470630437,0.00017041061621164396,0.7009327357175138
27,0.0,0.023856717903941737,0.7069059661105654,0.7069059476912845,0.49993768850184134,0.016851353000876607,1.2828704565089215e-08,0.9997159915716188,0.016851353001134155
28,0.0008647510097131569,0.0008371715589252363,0.7071062690345399,0.7071062689875705,0.5006109648559947,0.0008510730074036857,0.9999992756744727,3.337293263552659e-11,0.0008510730074101056
29,0.997634503113423,0.06221452602835381,0.021219896709507132,0.02011136470466473,0.6904478309797076,0.7068045164548765,0.02922560601591281,0.0007841936296777913,0.7068045164770428
30,0.5368040738482056,0.8334411271868183,0.09290409176776462,0.09266123000664048,0.44529870226618695,0.7009931262628781,0.1312144968788007,0.00017211153349705376,0.7009931262991536
31,0.28724819346551683,0.9575363989574441,0.0181433554751538,0.016833090712235724,0.19023253245825683,0.7068901844314106,0.0009273277328799352,0.024732051150278295,0.7068901844443132
32,0.6807782263099592,0.7088639723874163,0.13057023167008708,0.1304004978326829,0.3891397411346523,0.6949629935430731,0.00011970718617679185,0.18453417272576192,0.6949629935271753
33,0.6357405605115052,0.771245180297861,0.023028474650251766,0.022011382126559977,0.4658879476635278,0.7067479000335252,0.0007184687306405346,0.03184800449826997,0.7067479000395868
34,0.0014885251576544252,0.006497255985812243,0.7070910733403517,0.7070910718999748,0.5010625305640861,0.004713281326970928,1.0238778619741157e-09,0.9999777847323741,0.004713281326909118
35,0.251659593837026,0.9676831825425614,0.012299420012025658,0.010267975527832644,0.16936532816099995,0.7070160157180851,0.015957722965700385,0.0014346190512975593,0.7070160157054731
36,0.89617558131965,0.44364770353088673,0.0067785074086412775,0.0003073035405663674,0.6384856517076983,0.7070905024840696,0.004651721297571699,0.004940049303880195,0.7070905024808838
37,0.6445978260025227,0.7644420851428878,0.009159505852229294,0.0061680327304718344,0.4622714213346968,0.7070636671532025,0.010838071023338105,0.0021159848095564124,0.7070636671592245
38,0.5426197192876655,0.839866118258607,0.010830295666479377,0.008452711823428735,0.3913624452932619,0.7070400470865629,0.013634508677349768,0.001686361325626243,0.7070400470796805
39,0.009771109841828452,0.020195110461440433,0.7069288174966416,0.7069288011712067,0.4930349144980281,0.01586374904400281,1.1489590839546523e-08,0.9997483097922996,0.015863749043339922
40,0.005129688090365886,0.017456299562296884,0.7069897379333165,0.7069897271974083,0.4963158230122105,0.012865381734084842,7.553174581851584e-09,0.9998344682524631,0.012865381733526766
41,0.9693237822563234,0.244873164778048,0.01572240950071071,0.014190088351060098,0.6965302785738251,0.7069481760677957,0.021151393123303736,0.001082283171073767,0.7069481760260004
42,0.06910720388232092,0.010727176870386303,0.705375554695037,0.7053753957196323,0.5475625701451455,0.04945137992024649,1.1288383782408905e-07,0.9975515636035797,0.04945137992032848
43,0.0048866520299212625,0.004067689146203043,0.7070924891380256,0.7070924878271221,0.5034554460418476,0.004495857151389297,0.9999797870641977,9.294917668343102e-10,0.00449585715141989
44,0.15733434815085576,0.9838903051216064,0.06021336694552089,0.05983411430936758,0.15404504193526214,0.7045545504854792,0.08488638674691275,0.0002685873339775409,0.7045545504757602
45,0.02752026411478046,0.38435089568527636,0.6525043425839262,0.6524991241051896,0.45439623561810566,0.2724729123723516,3.709962325670088e-06,0.9227768007677468,0.2724729123680927
46,0.004836236423150431,0.005066901909651035,0.7070894354931881,0.7070894339022636,0.5034097517501525,0.004952912158670912,1.110247164844141e-09,0.9999754683602492,0.004952912158631733
47,0.7292722130900369,0.6795271998358605,0.05679078530885113,0.05638821332506734,0.5557932277849184,0.704838696474132,0.08002963400102543,0.0002856215174673737,0.7048386964793097
48,0.23561912916063843,0.9717602025344051,0.010285530270935282,0.007742318042468472,0.1739066694594693,0.707048182362892,0.0017960509330377105,0.012747934055014298,0.7070481823721119
49,0.3460627014868432,0.935675970633997,0.04897306976814523,0.04850487661299965,0.2100375230082993,0.7054250191909117,0.00033133498687389486,0.06892731559319873,0.7054250191776207
50,0.4216264686714365,0.9066326093077671,0.012130101017025831,0.010064457499643265,0.28962781397106124,0.7070189415160406,0.015693838699082877,0.00146153423926553,0.707018941529924
51,0.029280388957688305,0.999450165211163,0.011997324613561792,0.00990405391708548,0.015419335070580294,0.7070212068720916,0.001477693432878715,0.015486849388889242,0.7070212068610573
52,0.6320162818700691,0.6099236905419104,0.3380709144733187,0.33801859113683685,0.20828820524793584,0.6210682284785889,0.478067474094633,3.714479137886014e-05,0.6210682284641507
53,0.000557118728915771,0.0031946349137558713,0.7071030633538616,0.7071030630127932,0.4995823582433996,0.0022930409405543077,2.3942583217782227e-10,0.9999947419494215,0.002293040940593632
54,0.010408453085785627,0.023117054648319833,0.7068795142626748,0.7068794934118706,0.4924636443661805,0.01792671344009024,0.9996785812902357,1.4594812356489783e-08,0.017926713440440965
55,0.07260831369059335,0.8506334146011487,0.3682283597085406,0.3681829733343974,0.31443526228113244,0.6036758953542756,3.201996558668606e-05,0.5207214473417836,0.6036758953455202
56,0.07731236178679227,0.9969087309723919,0.010991544630458282,0.008658335440674448,0.06220600117967535,0.7070375588286294,0.0016519416585205134,0.013894312315600224,0.7070375588182636
57,0.8589998955023769,0.5088834485895746,0.04001578887634354,0.03944048578672149,0.6357518664684587,0.7059897962175956,0.05618407029682117,0.00040684563477915277,0.7059897962139048
58,0.22685608356239936,0.9736370332648079,0.017508432580135205,0.016146669874695076,0.14812985063188291,0.706906195977561,0.0009622393030886386,0.023797778362257202,0.7069061959900157
59,0.9839924866811315,0.17738387120633559,0.013030887674066885,0.011133688516834453,0.7050118276868536,0.7070029126347729,0.01708680368178708,0.001343202704027701,0.7070029126335903
60,0.0002936071746038788,0.008272706628031392,0.7070825550323446,0.7070825528103517,0.49954154723073946,0.0058533699749614004,0.999965737472976,1.5724594897423994e-09,0.00585336997486694
61,0.30947013252729394,0.9436097774230837,0.08328879677010377,0.0830168739333007,0.2772960255263291,0.7022005322423085,0.00019189651614040832,0.11759586812807792,0.702200532250953
62,0.7010879940038105,0.7128837060954967,0.012615247208753098,0.010644331126142175,0.5047028272999812,0.7070104503276415,0.0013885546162907205,0.016447436375876024,0.7070104503331216
63,0.06798901439620154,0.9976631262967872,0.0067688545681760665,0.0,0.052856733149719524,0.7070905951984333,0.004631008252417463,0.0049329617589118835,0.707090595208826
64,0.3652369700069581,0.9307009111016936,0.014893311971817447,0.01326547932230954,0.26884839241343317,0.7069661294321595,0.019911299062033205,0.0011505880247849871,0.7069661294238739
65,0.9652885736895236,0.25905127353230073,0.02404399042085619,0.02307180301366701,0.6995980032205986,0.706714078829948,0.000688586437888871,0.03331587336957016,0.706714078828121
66,0.09730616941465585,0.12658761141333827,0.6980359070486005,0.6980350696787048,0.5623512347506509,0.11290020808054203,0.9871712546616026,5.953237093213949e-07,0.11290020808155474
67,0.16346512416061498,0.012196534810981726,0.6975426975038568,0.6975418144317971,0.37767815432241025,0.11590858958117348,0.9864737187180257,6.249309569215517e-07,0.11590858958482697
68,0.03927867289474894,0.05798976497477365,0.7053703275492893,0.7053701681250883,0.5264867088211269,0.04952588682773982,1.1157818601875704e-07,0.997544170985824,0.049525886828212407
69,0.012702667920429862,0.01823049235616667,0.7069322152849098,0.7069321992726909,0.5088473835420165,0.01571159800657338,1.1278332974448456e-08,0.9997531152120277,0.015711598006721304
70,0.22692632525244175,0.9738471088383419,0.009276375508515023,0.006340376333951681,0.1539492944480386,0.7070621431203086,0.0020750937782017436,0.011042893662567813,0.7070621431327596
71,0.3603090935751691,0.9323211513877241,0.02236560540711671,0.021316835057942077,0.23906431569436268,0.7067691887231805,0.030888187763613913,0.0007400126985996988,0.7067691887097718
72,0.6583441959568928,0.7321518298200697,0.12365490928659081,0.12347502237422256,0.3782478416426784,0.6962267526536275,0.17474725034455577,0.0001274284384630858,0.6962267526807547
73,0.05578409275719161,0.04042394371173558,0.7054269123910913,0.705426758119536,0.4594513906626543,0.04871324359533147,1.0919400383487799e-07,0.9976241976799958,0.048713243597131334
74,0.00026285620001041324,0.002329093586197651,0.7071048389318464,0.7071048387537383,0.5001808836843006,0.0016573729542877708,0.9999972531111189,1.259621115114983e-10,0.0016573729543114732
75,0.0026960083046249535,0.006522358289226141,0.7070891714153916,0.7070891698001466,0.4980754277783458,0.004990471843052564,1.1459828162725897e-09,0.9999750948806506,0.00499047184295666
76,0.006468214201482975,0.0070935822520511865,0.7070741996147232,0.7070741966265447,0.4954021705474392,0.006788103716243835,0.9999539205862815,2.1215622046612138e-09,0.006788103716090254
77,0.003621801506137308,0.003273872749070054,0.7070983543341868,0.7070983535613475,0.5025472931851213,0.0034522231038447873,0.9999880820846236,5.511222087337541e-10,0.0034522231036573617
78,0.5804927270856624,0.8141744067294838,0.009851246644502942,0.007155019151439918,0.41743822660670593,0.7070543680054724,0.012027853174627873,0.001890001988860528,0.7070543680120324
79,0.6564604342316863,0.7478946895100327,0.06985213735579204,0.06952633024880657,0.5135379627182057,0.7036642552740328,0.0002308397392364048,0.09855545851982704,0.7036642552798911
80,0.9634111049855784,0.26305649886501487,0.0366473480623703,0.03601795490234028,0.7071190602162457,0.7061726696804759,0.05138212568001504,0.000445371703945077,0.7061726696786012
81,0.7564943486066366,0.5884134526763389,0.20190100193915478,0.20179666660207202,0.3917809973236838,0.6776850635590034,0.28545735915222104,7.308612932515743e-05,0.677685063575478
82,0.8107860931468749,0.46215958337807256,0.2540417011443107,0.2539630774957924,0.7532677258668202,0.659911194537931,0.3592136238767122,5.543274401929049e-05,0.6599111945346039
83,0.005028457359767973,0.0015056502597941906,0.707097040333647,0.7070970394403268,0.4964397365355844,0.003711628087830818,0.9999862237220464,6.282968515972593e-10,0.003711628087706037
84,0.00907910765006513,0.0019600679800564364,0.7070762801473034,0.7070762773497956,0.4935729511672142,0.006567802608588095,1.987946859472038e-09,0.9999568630384981,0.00656780260837193
85,0.5406447184101147,0.826811259717587,0.10984348021458808,0.10963958734786731,0.45975221984754283,0.6985390364002607,0.00014467364655369836,0.15519796496410393,0.6985390363934795
86,0.00034893035509294074,0.004467094803562021,0.7070996832951959,0.7070996826441499,0.49979570954172886,0.0031683346079916055,4.6175882707168693e-10,0.9999899616054274,0.0031683346080423357
87,0.0003006845849842143,0.0004684051818988722,0.707106671655549,0.7071066716455029,0.5002113504515009,0.0003935826664576289,7.057743509651252e-12,0.9999998450926729,0.0003935826664537597
88,0.9709922124029937,0.23894979948381986,0.007841687791594148,0.003954640422085309,0.6921400932149016,0.7070795106454972,0.008341606216105593,0.002747517793255638,0.707079510647163
89,0.12231988110727873,0.9923563196523224,0.012502805397709038,0.010510764788688719,0.09528232394334599,0.707012448155943,0.001408712963789942,0.016273040497761047,0.7070124481459151
90,0.5623746391311589,0.8226061988456966,0.05957915716980368,0.05919580366426667,0.44002918937693397,0.704608466053627,0.0002716129747326869,0.08398657849272428,0.704608466046949
91,0.755364677126116,0.6552674482968885,0.0068788330954773266,0.0012100877040204878,0.5389791567431518,0.7070895337048867,0.00571111820617902,0.004020669825029941,0.7070895336999401
92,0.9803024212724544,0.17062677713422694,0.07049491787995545,0.07017216203912259,0.6432289788018583,0.7036001471713205,0.09946664829384878,0.00022726489903077997,0.7036001471918168
93,0.0006415567944316885,0.0006731017611750378,0.7071064754966402,0.7071064754685985,0.49954695824689627,0.0006575184768493908,0.9999995676693589,1.9444899331203806e-11,0.0006575184768343737
94,0.416285050962578,0.9092086414215941,0.006791785179056609,0.0005237971561770647,0.29916887044707036,0.707090375157042,0.005159836784920663,0.004447335576752873,0.7070903751649368
95,0.4209105634986486,0.9070023790136883,0.010649765246191085,0.008219762706770658,0.2900323160390847,0.7070427914849287,0.013344815491722782,0.0017023214286593805,0.7070427914988175
96,0.9483932489685195,0.3166658857410101,0.012625800614895108,0.010656785542338804,0.6795490763494414,0.7070102623291878,0.01646325220681598,0.0013925681445645377,0.7070102623314225
97,0.05633092854061622,0.9983693783999212,0.00810132955412748,0.004447383787906176,0.03451925712531345,0.7070765832824681,0.0025835550806151356,0.008873331180956665,0.7070765832712074
98,0.002628013524697421,0.0010895631336084216,0.7071039197912785,0.7071039195287349,0.4981377030962342,0.002011666337682469,0.9999959531903572,1.8648275522313368e-10,0.0020116663376281794
99,0.9941439197731989,0.10326131276111598,0.023030172297527823,0.02201316035400736,0.7192646696863947,0.7067478446858554,0.03185044401560539,0.0007192223813583255,0.706747844685124
100,0.3396670691464267,0.9358314820413699,0.06667527274593045,0.06633356093985616,0.19296983517230237,0.7039723952879581,0.09405144853887944,0.00024151696492146475,0.703972395318048
101,0.09319705519710486,0.07828667297807386,0.7018497649015638,0.7018492810028616,0.5621148712972207,0.08606536545930214,3.417250246884385e-07,0.9925651141041064,0.08606536545989249
102,0.5882007632360068,0.8084283671910988,0.015957320845005684,0.01444995365937292,0.4046347003515447,0.7069429123801791,0.0010659887476770474,0.021501184090610078,0.7069429123954195
103,0.007412559591934204,0.0022585262456187045,0.7070855520282306,0.7070855500809554,0.5052226948883324,0.005479369472987526,0.9999699760594593,1.3860275617813445e-09,0.005479369473003369
104,0.6887451417789686,0.1258602261022969,0.5048820722539528,0.5048598085385496,0.13176098298477354,0.49508113822525945,1.5950654933249707e-05,0.7139953311518243,0.4950811382109347
105,0.9149320401128569,0.3806270434122431,0.09504589869293324,0.09480871763627338,0.7140806795715106,0.7007059241242404,0.00016769553779882803,0.13424748666693376,0.7007059241215353
106,0.14665053333915185,0.10579489362802076,0.6954504156807922,0.695449337672626,0.38841374343340407,0.12786504225417764,0.9835146475468928,7.697781588975343e-07,0.127865042249458
107,0.6646681888872511,0.7470933253274109,0.007537683208908874,0.0033111025926840913,0.4753222559129628,0.7070828169103321,0.007670337818490878,0.002990984167021736,0.7070828169044995
108,0.599106865278578,0.799095996674253,0.03579310642788149,0.035148337194021446,0.39832027070499004,0.7062164851881879,0.05016317045161117,0.00045651451771881784,0.7062164852034993
109,0.00031960330416883016,0.0005913130348366494,0.7071066214593601,0.7071066214447083,0.4997734530619212,0.00047528800595666114,1.0384523838528404e-11,0.999999774101285,0.00047528800594702925
110,0.006086108633855239,0.0032395061823324582,0.7070899755551784,0.7070899740137522,0.4956846335015407,0.0048751983862273494,0.9999762321582408,1.0824518276193481e-09,0.0048751983860540245
111,0.0003811486596140181,0.00016332464822497065,0.7071067203960949,0.7071067203905206,0.5002693993567486,0.0002932142911102355,0.999999914025376,3.937633609957953e-12,0.0002932142911113856
112,0.006696834718902098,0.013325945347807924,0.7070281400992345,0.7070281328866334,0.50466293263769,0.01054581468314886,0.9998887796076832,5.148921160681445e-09,0.010545814683263604
113,0.6748610909930691,0.7373427291581959,0.021610448971537213,0.020523063037339535,0.4618886723751101,0.7067926826168537,0.0007684216005648536,0.029792904347005374,0.7067926826008346
114,0.99313824885839,0.11497832740470774,0.015846744897097205,0.01432771991163115,0.7134857359055269,0.7069453999848186,0.0010724764158751429,0.02133665100331399,0.706945399984043
115,0.37469627158830593,0.9270957812862316,0.008425201571598857,0.005013218283940677,0.27094582469764567,0.7070727981023239,0.009503232575347232,0.0024093463228370086,0.7070727980941259
116,0.8398890951563749,0.5426643234525012,0.008590446382361139,0.005286219840873604,0.5878070307919046,0.7070708097976939,0.002334154315565238,0.009812828995014412,0.7070708097798895
117,0.04677256293134231,0.08028849018880702,0.7040477546718985,0.7040474735039093,0.46488740039251253,0.06570355467568005,0.9956736843995334,1.961998331929711e-07,0.06570355467702929
118,0.0005404879790531383,0.00011089189471113186,0.707106673561242,0.7071066735513717,0.4996169693037162,0.00039014373493774355,6.900263344345508e-12,0.9999998477878541,0.0003901437349264989
119,0.9949596018137316,0.0990788932246479,0.01192914543651481,0.009821362695328626,0.6951376064181093,0.7070223604286531,0.01537970400959734,0.0014927761439313464,0.7070223604511081
120,6.047657220903432e-05,0.00018284735324628227,0.7071067680736524,0.7071067680724495,0.5000427536751527,0.0001361810749973548,0.9999999814547155,8.568584444273513e-13,0.00013618107499902517
121,0.7250233291101746,0.6885167034616806,0.01287952552899293,0.010956236689854048,0.5035657007931553,0.7070056855062852,0.016854697236297584,0.0013566434051832995,0.7070056855227748
122,0.5932202314743519,0.8050005490841835,0.00740699066047504,0.0030015717589583356,0.42470991646821477,0.7070841983486396,0.007360989203883705,0.0031126807752881232,0.7070841983116175
123,0.743364881326663,0.6664376692909493,0.04071358312867206,0.04014835375297147,0.4968886051901891,0.7059498968989472,0.057178027166757406,0.00039921118043149213,0.7059498968822949
124,0.08690710450491408,0.012231804537068663,0.704378410856829,0.7043781601264693,0.436645045859735,0.06205828653728497,1.7685213271147314e-07,0.9961413243833983,0.062058286535460756
125,0.00011293615861232189,0.00033388606587070986,0.707106737265038,0.7071067372610095,0.4999212036809359,0.0002492333050547115,0.9999999378827572,2.852366353135406e-12,0.00024923330505934195
126,0.314355263489695,0.8892753046114502,0.2349585001217659,0.23487167591057492,0.04926658352540772,0.6669444501281722,6.151425972874516e-05,0.33222010345628983,0.6669444500996269
127,0.0016421685398578263,0.00010684887039029906,0.7071058237597777,0.7071058236719668,0.5011609026317164,0.0011636438876223005,6.21908499614547e-11,0.9999986459319857,0.0011636438876227242
128,0.011269385703870554,0.0078106429567418745,0.7070403112357652,0.7070403051389633,0.5079091624445874,0.009695493711826758,4.366835296201655e-09,0.9999059929830235,0.009695493711769032
129,0.39926320353819655,0.9153632557812061,0.03704549164324147,0.03642301216219385,0.30861383619127264,0.7061518943267922,0.0004400438920893913,0.05195007822351984,0.7061518943348072
130,0.00011607090387952215,0.0006902350871184806,0.7071066079897502,0.7071066079738669,0.5000849812668162,0.0004949226824151224,0.9999997550515093,1.1236914022120946e-11,0.0004949226823914356
131,0.0003271455569512423,0.001699738798368049,0.7071057219402346,0.707105721843087,0.49977356406489637,0.0012239559115854786,6.867153658168832e-11,0.9999985019308048,0.0012239559115644345
132,0.14571321033806703,0.02011168346981998,0.6994155319410909,0.6994148226914743,0.5975478240720052,0.10401158464096032,0.9891224294902723,4.971871240851783e-07,0.10401158464080981
133,0.03543693342439922,0.011888920361286658,0.7066126737446005,0.7066126284079732,0.5247222793727556,0.026430310988312132,3.1691444247845134e-08,0.9993011944964927,0.026430310988397897
134,0.0032428606362093575,0.013628179094944645,0.707037398441196,0.7070373920769366,0.4976606050443624,0.009905640073874556,4.595282428473961e-09,0.9999018734803183,0.00990564007404938
135,0.16595574651011616,0.9861023606885769,0.007303317270488854,0.0027360558329312373,0.1225102412061879,0.7070852761660293,0.003225602484325905,0.00710069949282804,0.7070852761757415
136,0.00047415411156763617,0.0011612301955754376,0.707106224974174,0.7071062249231597,0.4996590858290558,0.0008869266284665517,3.560290465204328e-11,0.9999992133608454,0.0008869266285040828
137,0.0033350988202946233,0.006027667977051391,0.7070900036456382,0.7070900021065455,0.49762027428233224,0.0048711223236369275,0.9999762718858002,1.1052976372522668e-09,0.004871122323537708
138,0.8834307915054456,0.4665002133673988,0.031411531693501214,0.03067436045041733,0.6468720642386786,0.7064249426806952,0.0005207021050273533,0.04390136195713954,0.7064249426840753
139,0.0015731730576161388,0.003529559755288798,0.7071015019144403,0.7071015014302074,0.5011056023662913,0.0027324591021102443,3.521950666294354e-10,0.9999925336393823,0.002732459102140991
140,0.11916423078160282,0.0054056891172949125,0.7020581590416661,0.7020576943334709,0.41218539718975544,0.08434848887394751,3.313270480273664e-07,0.9928598414930948,0.08434848887134752
141,0.12390232187912571,0.20040395929215069,0.6872004851782738,0.6871986329544951,0.5735737087672015,0.16660361946198562,1.298774363429733e-06,0.9718469364885067,0.16660361946364885
142,0.01932458971391878,0.030554695259979482,0.7066445467054837,0.7066445042987225,0.5132247732066944,0.02556393119051036,2.98241116189804e-08,0.9993462717417749,0.02556393119025753
143,0.00684495424083955,0.01911556150958322,0.7069610176031264,0.7069610042325258,0.5047030601588897,0.014357194783393203,0.9997938497089837,9.308231921507666e-09,0.014357194783220362
144,0.5280432424684386,0.8491446441980909,0.009207546034099456,0.006239263508724939,0.37988638579173784,0.707063042697334,0.0021039529696689745,0.010921570171124132,0.7070630426903056
145,0.0003817693561487508,0.00037543934190658354,0.7071066798265342,0.7071066798172353,0.5002695218568813,0.0003786175780014002,0.9999998566487194,6.602224086823582e-12,0.0003786175780042892
146,0.009925530577791917,0.004398919219246747,0.7070651097167353,0.7070651058945778,0.5069857444428976,0.007676804268334127,0.9999410649395544,2.6734465262589753e-09,0.007676804268302515
147,0.21849890374883685,0.9755851159117521,0.016397322063834215,0.014934473581203414,0.14293345209926767,0.7069328431136563,0.02215486642237643,0.001035647536290497,0.7069328431012618
148,0.00015983449766485534,0.002234650683122882,0.7071050067067062,0.7071050065439819,0.5000828728680268,0.0015841734030955627,0.999997490391479,1.1285994313025243e-10,0.0015841734031191044
149,0.9624620695704471,0.2712634523658853,0.008024047455725644,0.004305003244538108,0.6748822877849067,0.7070774644888767,0.008718002831444735,0.00262960398884365,0.7070774645125288
150,0.9500767284576904,0.3107109857289449,0.020721081626964885,0.019584287680154782,0.6571814262982342,0.7068193165441676,0.028500166175721663,0.0008050314817789482,0.7068193165246055
151,0.0009626194690055228,0.0143262122130692,0.7070338897337458,0.7070338830461759,0.5006593400091756,0.010153004299689319,4.799866190038955e-09,0.9998969111900409,0.010153004299540698
152,0.021879486398839694,0.09014856875365518,0.7040578521088072,0.704057571872135,0.4821270997681808,0.06559526039875992,1.9472025942141258e-07,0.9956879649902957,0.06559526039759572
153,0.0006332463733568291,0.0012673596080167774,0.7071060715658971,0.7071060715008025,0.5004454240230388,0.0010017987186506825,0.9999989963988234,4.617482954060345e-11,0.0010017987186615224
154,0.9894405020284193,0.14474091569285288,0.007190770396246281,0.002419316277050953,0.704717927878434,0.7070864302655119,0.006783265384541112,0.0033981731655143683,0.707086430264527
155,0.9073500566015331,0.4202818783647054,0.007901699061665463,0.004072319573814528,0.6471775322124761,0.7070788426197482,0.00846684334428603,0.0027079879164643933,0.7070788426227618
156,0.0011900547689557986,0.012668779956008732,0.7070495361743868,0.7070495309238672,0.4993701987964707,0.008997616793470452,0.9999190396147464,3.664283157152159e-09,0.008997616793614943
157,0.6799036971968642,0.7332560676805763,0.007495771666203674,0.0032145365284353107,0.47545604698920607,0.7070832624731369,0.003028055142729085,0.007573025816481727,0.707083262489204
158,0.972907119446165,0.23003319069195904,0.01706333696470854,0.015662885975343523,0.6759455849597047,0.7069170802037511,0.0009955659419990848,0.02314070685832508,0.7069170801803951
159,0.6953411912013919,0.11699388332961584,0.5014159233734409,0.5013931898915625,0.8458751710818474,0.4985914865492422,0.7090931242248274,1.609815052638081e-05,0.4985914865483881
160,0.225453808923114,0.9715253169775443,0.051743364941523824,0.051300708555215215,0.19594334202410385,0.7052272192255455,0.0728631660506566,0.00031232485218910466,0.70522721923481
161,0.0025271811592854454,0.002624930592293382,0.7071020872913906,0.7071020868608278,0.49820489320886996,0.0025765194765323663,0.999993361525355,3.080776870239824e-10,0.0025765194765913183
162,0.0666365481850373,0.06710801882918457,0.7039376728130277,0.7039373814831665,0.45060075975028,0.06687269900710259,0.995517997956218,2.0575979179156078e-07,0.06687269900864219
163,0.0003475469728630612,0.00034893053474948195,0.7071066954391341,0.7071066954312698,0.5002451614485007,0.0003482394409202916,0.9999998787292843,5.5772799269431565e-12,0.0003482394409229943
164,0.0006980276948150427,0.027761632356922524,0.7068340823344753,0.706834057321469,0.4995347245557956,0.01963664254514551,1.7773409275825772e-08,0.9996143278980897,0.01963664254424164
165,0.0008492887797694759,0.0020325411852655235,0.707105065639972,0.7071050654826356,0.5005916970882663,0.00155764487108391,0.9999975737395126,1.0988589739936072e-10,0.0015576448711019204
166,0.010921470768322145,0.0026433325432449304,0.7070621401477759,0.70706213605239,0.5076929825717863,0.00794561925457006,2.9028273861853666e-09,0.9999368651416558,0.007945619254589184
167,0.8318491556309352,0.5546329661832383,0.015084840566745526,0.013480173570342788,0.5775493390182799,0.7069620684770115,0.02019851113914011,0.001134743218852957,0.706962068459337
168,0.061904912914983345,0.07967370347494722,0.7034985251198574,0.7034981933101953,0.5410807575800337,0.0713446464830363,2.331412586904568e-07,0.9948969207091103,0.07134464648240055
169,0.0015799111000517165,0.003623376708110363,0.7071012571544008,0.7071012566477706,0.4988749899982607,0.002795082986895432,0.9999921874805776,3.6045147083268076e-10,0.0027950829868412796
170,0.9530868916472535,0.3023366544844909,0.011484171207190315,0.009275760335746189,0.665826940821834,0.707029728531307,0.014679057472130856,0.0015656276224379447,0.7070297285509483
171,0.00399184157236752,0.007083227055119679,0.7070834095517307,0.70708340740824,0.5028215091345196,0.005749213191991762,1.491568554628492e-09,0.9999669460013907,0.0057492131919323446
172,0.27504225702460333,0.9596113615291384,0.042092085934834586,0.04154573355544929,0.16470578260814564,0.7058690417999085,0.00038555054265498965,0.05914087440835607,0.7058690417871251
173,0.35937484451106266,0.9293969937385531,0.059650989567903774,0.05926810783170038,0.2962532655085551,0.7046023881769412,0.08408850731834133,0.00026851322777196195,0.7046023881686481
174,0.2740256091663283,0.9616840869734684,0.007730942218638364,0.0037302701565338635,0.19924026771282388,0.7070807300330388,0.0028295919014579523,0.008104060260132315,0.70708073006759
175,0.5617617260885668,0.6426069647829745,0.3684518052582741,0.36840646714662034,0.6584608656492936,0.6035395356397097,0.521037481181956,3.220400396295584e-05,0.6035395356447457
176,0.6592038631644458,0.7505643948944011,0.03278044957245571,0.03207488163199778,0.4892751168713408,0.7063627411261395,0.045859630750410066,0.0005001732849965972,0.7063627411202369
177,0.0004288110582080873,0.0005938451298110336,0.707106591502879,0.7071065914854837,0.5003033498474222,0.0005179435113199377,0.9999997317344833,1.2227032823197347e-11,0.0005179435113247359
178,0.00016876194614569225,0.00013741918361650718,0.707106764441391,0.7071067644398553,0.500119130307357,0.00015389058855730088,0.9999999763176869,1.0897880687737655e-12,0.00015389058855627398
179,0.3448935142544889,0.9386163090620407,0.006846236066279909,0.0010085829927833818,0.2487328160024095,0.7070898499350918,0.005531108144843016,0.004158729447633611,0.7070898499701643
180,0.2781084373573678,0.9364453873073999,0.1512770525546748,0.15113234938853493,0.09121740490001,0.6907511369357392,0.00010237395850593267,0.2138357387830684,0.6907511369231667
181,0.011933729397310966,0.009925687143089394,0.7070215972254216,0.7070215894128385,0.508377166484282,0.010975726877028559,5.508712562536007e-09,0.9998795261625488,0.010975726876953544
182,0.9687984726493342,0.2430039659905867,0.03481622636093436,0.03415292501594803,0.7096484262310316,0.7062653212841721,0.00046878248718511945,0.04876855696184272,0.7062653212824501
183,0.9987840049325678,0.023202391441570273,0.031128321230890734,0.03038425616398493,0.7282937088285975,0.7064374793973299,0.04349594773618393,0.0005271961905553447,0.706437479397472
184,3.976980200232454e-06,9.867286873612834e-06,0.7071067811465342,0.7071067811465307,0.5000027865598404,7.522623271191127e-06,2.5671174138885868e-15,0.9999999999434104,7.522623271103431e-06
185,0.00029869419166810176,0.0006243688612933714,0.7071066118228848,0.7071066118073515,0.4997837069730586,0.0004894153119179778,1.0917172675467764e-11,0.9999997604726277,0.0004894153119276826
186,0.0020006466371417743,0.00018375448373998617,0.7071053541843768,0.7071053540534913,0.5014124760497859,0.0014206253336116294,0.9999979818216269,9.404522410245304e-11,0.0014206253336126622
187,0.0006337277716507843,0.013254239850491855,0.7070445288626548,0.7070445231528762,0.4995278810469516,0.009382869627681478,0.9999119578818387,4.021742915403202e-09,0.009382869627830302
188,0.5256297261298719,0.8504891033691502,0.014620530561001089,0.012958459920022532,0.382001410484776,0.7069718234812021,0.001173217304107732,0.019501414270286645,0.7069718234882352
189,0.0013120948883112648,0.005358592125374771,0.7070960208108141,0.707096019824006,0.4990652768181109,0.003901032078919679,7.024243894457421e-10,0.9999847818329232,0.003901032078988928
190,0.00015627224262693162,0.0005872845288965827,0.7071066506167226,0.7071066506047459,0.5001102431523746,0.0004297232430877277,8.373173182139386e-12,0.9999998153379142,0.0004297232430822151
191,0.005731574495836707,0.008313220603187278,0.7070707334111608,0.7070707301044244,0.4959670952601693,0.0071400484242319226,2.3340327455750247e-09,0.9999490184089392,0.007140048424079948
192,0.7091735834757257,0.7038972965496008,0.028698496293803145,0.02788943744213767,0.521778308921774,0.7065403652948603,0.04001374864391011,0.0005694996280298462,0.7065403653002739
193,0.028300165784433357,0.001945500361138766,0.7068222381014085,0.7068222119955153,0.5197978331645068,0.020058468973006834,0.9995975768502631,1.856762057647383e-08,0.02005846897299308
194,0.008294755367101865,0.026890221237105355,0.7068267642611729,0.7068267385712698,0.4937975880392676,0.019898328633268424,1.830428202862093e-08,0.9996039781009366,0.019898328632902498
195,0.7808993530306554,0.6156976456162331,0.07469258172487186,0.07438840192952206,0.4993538341041915,0.7031669019267488,0.10541617532502705,0.00021467696184320146,0.7031669019005221
196,0.0037520798941629,0.002275414181509796,0.707099973578717,0.7070999729542953,0.5026471001982262,0.00310287068787116,0.9999903721471461,4.467626596910832e-10,0.0031028706878546424
197,0.9630491036273108,0.2687693655906284,0.013139538371696445,0.011260757257835142,0.6716742706148322,0.707000900934344,0.0013273349341618907,0.01725370408386917,0.7070009009579705
198,0.028623307990668853,0.9958884134757634,0.06096102071960492,0.0605865339594903,0.04223392863243039,0.7044902504190365,0.08594709651831005,0.00026597833158382853,0.7044902504081412
199,0.07335953610363638,0.9969512520962057,0.019395958125913926,0.018176254148350737,0.06624241001390349,0.7068569235029558,0.026567680461393118,0.000858930374916692,0.706856923492633
200,0.3368078944442851,0.9398732003086034,0.040277296481765035,0.03970580239995045,0.2667673538331279,0.7059749247076559,0.05655660336197559,0.0004024577742888379,0.7059749247161156
201,0.0012698245684966921,0.002527388111657723,0.7071039528321745,0.7071039525727553,0.49908951335453894,0.0020000181376111266,1.842738269758455e-10,0.9999959999194497,0.0020000181376510382
202,0.02923600437549665,0.030108373054888785,0.7064838365738847,0.7064837794174696,0.5202348724107118,0.029675394520294406,3.959293809470229e-08,0.9991189828644766,0.02967539452006146
203,0.020122866059842655,0.03559142150728329,0.7065155333174415,0.7065154790645393,0.5138249031415884,0.028910889154037753,3.785009868003172e-08,0.9991638108821913,0.02891088915433799
204,0.25336963081275726,0.9671483924587073,0.015389180019744821,0.013819923468085919,0.16840204854589,0.7069555088092533,0.020653803183005342,0.0011124569301971708,0.7069555087966319
205,0.008761420707537092,0.014335901230630055,0.7070069774732844,0.7070069683182201,0.5061577775467048,0.011880247336941785,0.9998588497615204,6.615426314084869e-09,0.01188024733682303
206,0.019586224997673374,0.30473055096205204,0.6733349636143705,0.6733317888494048,0.4894621803003699,0.21592166275980593,2.2413402694376788e-06,0.95223719266561,0.21592166276299365
207,0.016958449427699997,0.053895079517891194,0.705977293466799,0.7059771897916104,0.487311995328138,0.03995164954848695,7.273076430835166e-08,0.9984025898387692,0.039951649547754056
208,0.08334396698497513,0.996450397618747,0.009649830692916353,0.00687525490476331,0.06560729462667463,0.7070571446576946,0.001960115874496839,0.011685303084043992,0.7070571446680165
209,0.004376706819332817,0.004617772215298113,0.7070924700751967,0.7070924687624116,0.4968839833128982,0.004498854433837745,9.246309277451996e-10,0.999979760103956,0.004498854433940492
210,0.8648046115239227,0.4683533448311702,0.12806732641175217,0.12789406423930233,0.5208406745236867,0.6954285974358335,0.18099203585557555,0.00012132087672741038,0.6954285974178179
211,0.010321394563007142,0.03152653132789617,0.7067176229248479,0.7067175872186574,0.5068502081935266,0.023456911170063575,2.5736290020309527e-08,0.9994496218603055,0.023456911170353173
212,0.00011204462533951036,0.00033013841980402645,0.7071067382157381,0.7071067382117964,0.4999182950237212,0.00024652116977645264,2.8173757695714025e-12,0.9999999392273115,0.00024652116978105616
213,0.0003380832573766117,4.723028652705886e-05,0.7071067399885093,0.7071067399847306,0.50023887677306,0.00024138246506733078,0.9999999417345039,2.6861242957539962e-12,0.00024138246506701192
214,0.2617828244660801,0.9651000819053498,0.006979910822163564,0.00169279820178751,0.19006907169133735,0.707088543002898,0.0037552925647006585,0.006122295206116335,0.7070885429938677
215,0.9718105111776584,0.23550692946249785,0.00912873711694846,0.006122311524580058,0.6936419736824403,0.7070640647998487,0.010784459415477161,0.0021241409723190092,0.7070640647981987
216,0.0011483068650329443,0.0003823473421401516,0.7071062633257543,0.7071062632782584,0.4991871729271617,0.0008558031743233581,0.9999992676006584,3.324671807696652e-11,0.0008558031742997287
217,0.36001865538088645,0.8533842508664389,0.26660947783516664,0.2665356908170363,0.0633726217044995,0.6549343905559147,0.3769905641478604,5.190696440476507e-05,0.6549343905432723
218,0.8954683085677754,0.44448675385193226,0.01751971204518507,0.0161589091832926,0.6208122411070212,0.7069059164309368,0.0009651643902950754,0.023814262823774482,0.7069059164123588
219,0.9982658363261497,0.052817686718232434,0.018992605726277974,0.017745222498470187,0.7193022174756886,0.7068678759169666,0.025977547281726993,0.0008826273390839052,0.706867875916602
220,0.9497815907963904,0.3126639791475194,0.010050232751809992,0.007426893667769636,0.6787060705812874,0.7070515660363754,0.012356852759259618,0.001863898549784561,0.7070515660385682
221,0.0017282536472741767,4.209534807323907e-05,0.7071057245929776,0.7071057244960987,0.5012220220931577,0.001222422326294542,6.815044373139684e-11,0.99999850568254,0.001222422326294208
222,0.9987872660291998,0.024615090305961197,0.030527576431326642,0.02976846694692459,0.7278967262450668,0.7064636952643443,0.04263575091032481,0.0005359957587236754,0.7064636952641672
223,0.4921633756788831,0.8591133124727557,0.09935918085706147,0.09913270879805931,0.4185188715303357,0.7001072986391694,0.14035496110913126,0.00016020699527535348,0.7001072986463741
224,0.13873278190105948,0.990293494106577,0.00767672813429235,0.0036164854169894746,0.10364096307544222,0.7070813209470225,0.007982505812299786,0.0028793614875061097,0.707081320956923
225,0.009169207999653357,0.03437425893966779,0.7066591802242727,0.7066591391553388,0.5062027039099569,0.025156152855475296,0.9993669676084983,2.8740114443873972e-08,0.02515615285579655
226,0.042299262499771215,0.9989320143936213,0.01399005062599186,0.012242609809939188,0.018745362792638654,0.7069845815053857,0.0012382906763203038,0.01854911447150976,0.7069845815165828
227,0.08937122276633862,0.10555167991242814,0.700311539465978,0.7003109131662199,0.43215662893635504,0.09779665789665655,0.9903896341383619,4.415150050782686e-07,0.09779665789448298
228,0.02068815166350642,0.02039926538953012,0.7068082869720724,0.7068082595914752,0.5143659245832772,0.020544216228250724,1.9278708280273372e-08,0.9995778460725937,0.020544216228407703
229,0.0005862677409107874,0.0012842501087432104,0.707106076583707,0.7071060765190879,0.5004084772123354,0.0009982505144777284,0.9999990034954145,4.567010771325321e-11,0.0009982505145279374
230,0.0010018765589479633,0.008920581192288394,0.7070782924013771,0.7070782897878463,0.4993032500248192,0.006347461124296199,0.9999597089255913,1.8757098412929747e-09,0.0063474611241918855
231,0.8459566405965553,0.5331735725074793,0.00803642748507448,0.004328076849316273,0.6038618472588998,0.7070773237735494,0.0026259039940113964,0.008741913071558366,0.707077323769683
232,0.00270462561167022,0.002474709549456666,0.707102029918339,0.7071020294825282,0.49808144708953545,0.0025922178778956598,0.9999932803838966,3.0745056247813305e-10,0.0025922178779941817
233,0.4072567149367065,0.007863105150430098,0.6457893419810666,0.6457834509338347,0.7446479541448391,0.28802765516841417,4.1633578104351554e-06,0.9132798802661857,0.28802765516843987
234,0.00378941222205593,0.014066419155877695,0.7070317482049376,0.7070317413224196,0.5026050361504218,0.01030106287852834,4.84688439528157e-09,0.9998938824731072,0.010301062878660403
235,0.8797088034055972,0.4746967383716671,0.02026389712354067,0.019099890055255267,0.6363375211437086,0.7068325716421022,0.027834428932888084,0.0008221269587368491,0.706832571645544
236,0.9269381775667432,0.37378493149993364,0.023624622093856833,0.022634424750150584,0.6721930545425464,0.7067282221771855,0.0006977418406290314,0.03271013771251374,0.706728222179814
237,0.8879843546563908,0.39363898676215503,0.16818947359400208,0.16806080732431675,0.7467504346741897,0.686828896475631,0.2377648538152217,9.097557321471716e-05,0.6868288964361724
238,0.997668826512173,0.06741665016223877,0.008881409846939834,0.005747038007346581,0.699178840822328,0.7070672146556751,0.0022143412879526182,0.010344301783478399,0.7070672146778834
239,0.8824169728278928,0.3667277414100745,0.20843814832571747,0.2083376779847751,0.4762187356716013,0.6757029488724611,0.29470501305490787,7.08932173747255e-05,0.6757029488906624
240,0.7066671147558585,0.7050688053538938,0.042102634488962336,0.04155642920858123,0.46996366964964753,0.7058684124479271,0.00038611883682146945,0.059155891944275826,0.7058684124316517
241,0.0022541715424628825,0.014778278033265032,0.7070277687099215,0.7070277614649239,0.5014748025667068,0.010570685667464991,5.0818312112379935e-09,0.9998882543609721,0.010570685667967976
242,0.09565228529385207,0.1785739173696728,0.6924463437324984,0.6924449851105916,0.5580649278156583,0.1432445525136031,0.9792660498314076,9.509026884280237e-07,0.14324455250327958
243,0.1074317801032751,0.9929957594832115,0.0350968579611859,0.03443900163274964,0.10089566948939366,0.7062514303396151,0.00046234642744796416,0.04916930453025767,0.7062514303497349
244,0.9946914124959793,0.10209318125744318,0.010291373522751623,0.0077500889351370915,0.6960774703274861,0.707048097275118,0.0018006402804041442,0.012756721446669348,0.7070480972975933
245,0.0005266166959851127,0.005279983540515153,0.7070968270823181,0.7070968261693618,0.5004113445033286,0.003752036202717395,6.476835498811936e-10,0.9999859221252401,0.003752036202663728
246,0.11356525830383736,0.993498035158404,0.007430981678477984,0.00306051532378776,0.07502059762297858,0.7070839461385461,0.007431007606146405,0.0030604523702239647,0.7070839461268856
247,0.028780377904132865,0.02772193540413876,0.7065420218882639,0.7065419700658927,0.5200002393369981,0.02825611297969053,3.651605219899712e-08,0.9992012730969411,0.02825611297990222
248,0.024601390611792517,0.9984294270645706,0.035910937609267654,0.03526833298430282,0.011122104038652056,0.7062105030488163,0.00045437446268275757,0.05033134505768785,0.7062105030598589
249,0.8765279080954876,0.47915364772069646,0.03283571001094431,0.03213136090753912,0.6430086735692271,0.7063601743442132,0.0459386650855674,0.000497248277456202,0.7063601743407638
250,0.8362592828414624,0.5480635869308225,0.0130873807549697,0.011199866382324336,0.6005549178120457,0.707001868262141,0.001333456426222268,0.017173771745508812,0.7070018682661587
251,0.12107419205889153,0.9926147597310898,0.007170532023469091,0.0023584426608504183,0.09077388162047256,0.7070866358532566,0.003411251792249504,0.006733657438123022,0.7070866358632774
252,0.4185229018441681,0.9081664541380862,0.007685236088406353,0.0036344678376837216,0.2905023589465776,0.7070812286468326,0.008001294216216651,0.0028725426129543744,0.7070812286329583
253,0.7353118519438067,0.5656258284549155,0.26402970218191396,0.2639549562735681,0.33201113030099455,0.6559786953066274,0.3733415323339242,5.301140346104202e-05,0.6559786953309958
254,0.0008484445863862809,0.0003081638423240121,0.7071064931162058,0.7071064930897824,0.5006027385848362,0.0006382880109642312,1.826043237191802e-11,0.9999995925883318,0.0006382880109663754
255,0.9977070415620404,0.0668099185427167,0.009026217210254043,0.005968374376685591,0.7118688121271299,0.7070653809623451,0.0021622848518552534,0.010602764453028312,0.7070653809618621
256,0.884150183459592,0.4661098358576215,0.023085536393260327,0.022071067363833092,0.6415444152218902,0.7067460385421858,0.031930655918970034,0.0007121921986020759,0.7067460385455138
257,0.0010504496803836042,0.006642712875907295,0.7070907908448946,0.7070907893781812,0.5007042824747188,0.004755474681006692,1.0366094526696103e-09,0.9999773852048447,0.004755474680940579
258,0.14701643628231736,0.9890478182178046,0.01040260526350632,0.007897249215654935,0.09668776754511961,0.707046469208972,0.0017736529075127489,0.012939663705296344,0.7070464692208561
259,0.00013573645635650363,0.001381851305610682,0.707106099588669,0.7071060995261471,0.5000971174793483,0.0009818190811891926,0.9999990360308267,4.3955069227552824e-11,0.0009818190812033436
260,0.006579776150736023,0.0031861717678610497,0.7070878860888001,0.7070878843552116,0.5046286646103325,0.005169387997742774,0.9999732770706713,1.2508130995754238e-09,0.005169387997765571
261,0.8970031487614658,0.44190395264353755,0.00872063699406249,0.005495292571363454,0.6281148061371894,0.7070692159457281,0.010052065224156075,0.0022811696027270224,0.707069215927168
262,3.0196970635884574e-05,0.002023223755618278,0.7071053336814628,0.7071053335486897,0.5000075033058289,0.0014307945733746067,0.999997952824793,9.500927820675566e-11,0.001430794573352685
263,7.080700685674843e-05,0.0003531002039072837,0.7071067353351123,0.7071067353309071,0.4999537041848095,0.00025465013855340343,3.0044742901664176e-12,0.9999999351533051,0.00025465013854902196
264,0.19055344993715895,0.980413213647761,0.03553217148446688,0.034882554677100934,0.15932516289492,0.7062296624265714,0.04979072453935026,0.0004599794006710689,0.7062296624170071
265,0.18636183001018428,0.9821954265030635,0.01742474176221042,0.01605586641186237,0.14389604919802984,0.7069082640541852,0.02367432257496031,0.0009689800472739402,0.7069082640202888
266,0.21273344825973087,0.07839946091220223,0.6886945482391008,0.6886928370078684,0.6376052164905552,0.16031530725413803,1.2105979712692079e-06,0.9739599604289391,0.16031530725358342
267,0.06179308829804837,0.022970332036385908,0.7055686279138061,0.7055684866823728,0.5426186292125358,0.046615565557874605,0.9978246229149765,1.0047023530869879e-07,0.04661556555803352
268,0.005934212150479046,0.010700608766960561,0.7070538483619055,0.7070538435059638,0.4957401125166871,0.008652106681776977,3.3735321930489965e-09,0.9999251382478275,0.008652106681952657
269,0.004013673855992662,0.004488708833753596,0.707093962489411,0.7070939613136343,0.5028499780395809,0.004257821321767631,8.322929099731737e-10,0.9999818707932582,0.004257821321802681
270,0.007009150633722304,0.05536182747332825,0.7060049867637689,0.7060048856282051,0.5040026349275639,0.039459220302411634,0.9984417558707166,7.177049955744127e-08,0.039459220302972525
271,0.13831860165900822,0.9903151427255444,0.009739941175721474,0.007001147725143474,0.09106232246776684,0.7070559091966111,0.01183811966368095,0.0019342818833269233,0.7070559092084394
272,0.00021391022265324018,0.0001314340577405301,0.7071067589022176,0.7071067589001742,0.49984911998790604,0.00017752815957957185,1.4551927234582332e-12,0.9999999684837537,0.00017752815958599325
273,0.004308201155195433,0.005239693376295376,0.7070905129919502,0.7070905114997017,0.5030538264905586,0.004796612547977195,1.0613291270864717e-09,0.9999769922433864,0.004796612548018513
274,0.7847250580393755,0.6196015087850231,0.013160474009135982,0.011285190307853837,0.5455949026389921,0.7070005114447332,0.0013234271297334224,0.017285894164373088,0.7070005114711477
275,0.8894021283190653,0.45600205420894335,0.023149400389697088,0.022137885182224554,0.6452769977735234,0.7067439491449021,0.0007137409653985095,0.03202298038250309,0.7067439491416446
276,0.12064607804064784,0.9925303012730518,0.013674175012264369,0.011880322835875399,0.09500309807950592,0.7069907619202778,0.0012699067104896251,0.018069656053652797,0.7069907619102457
277,0.012971165238619518,0.29204489241918213,0.6762194349686731,0.6762165374034353,0.4701047034862844,0.20671051051096945,2.045131397994641e-06,0.9563166471849485,0.20671051051422995
278,0.9988786393303127,0.0,0.036026017127451876,0.035385512719060055,0.7318258152808421,0.7062046415804714,0.0004552510544068427,0.050495555912730375,0.7062046415804232
279,0.6312598532379706,0.7755267579553741,0.007586181324382201,0.0034198301291575627,0.45173675960090853,0.7070822988250651,0.0029385283513208757,0.007785270472320314,0.7070822988189278
280,0.1528855192956701,0.9882121423117762,0.007369968563815631,0.0029091821237475415,0.10292352901654266,0.7070845848290924,0.003157764406998799,0.007266932035642995,0.7070845848410269
281,0.8494440828205984,0.526676168260535,0.023481605395749686,0.022485065165780974,0.6172566953731302,0.7067329892038178,0.03250338279660015,0.000702889926514563,0.7067329891999975
282,0.9823968723317668,0.1726590941830754,0.05065000291678586,0.05019760585102161,0.7304317048334406,0.7053065920469097,0.00031969644163425804,0.07131002890779209,0.7053065920481194
283,0.002466822446641375,0.004336309304197334,0.7070979820186541,0.7070979812117805,0.5017253420216411,0.0035276615034027592,0.9999875555268819,5.705589581929689e-10,0.0035276615033662598
284,0.002463212348364324,0.0005274926093256253,0.7071045377550017,0.7071045375492645,0.49825438302234715,0.0017812444422116102,1.4453617367756016e-10,0.9999968271632037,0.0017812444422700376
285,0.5819152377552692,0.8130131834319918,0.014663869632626312,0.013007327219977879,0.42179526023293207,0.7069709259847039,0.019566356290404138,0.0011735993895704638,0.7069709259780941
286,0.00017680616053442194,0.0005942025904819879,0.7071066453090691,0.7071066452966056,0.500126623907293,0.0004383703553695325,8.820935697066083e-12,0.9999998078314144,0.000438370355375017
287,0.10303408868083525,0.9946478311439633,0.007263691846140774,0.002628183989586718,0.06723085131413553,0.7070856848406717,0.006991583116103085,0.003284255752744331,0.7070856848523233
288,0.0003530725065754919,0.007183209851766975,0.7070884948887199,0.7070884932114473,0.49966351959116895,0.005085428397479282,1.1728208117040628e-09,0.9999741380835959,0.005085428397247666
289,0.15584398847428044,0.9876960378173453,0.010369178229584166,0.007852915330654424,0.11766294390959417,0.7070469616121116,0.01288557956629286,0.0017748170576275008,0.7070469616218827
290,0.6614740883444536,0.7347349223275866,0.10644586277292094,0.10623512912249168,0.3925710069710592,0.6990648666829447,0.00014864623495233873,0.15038817195990128,0.6990648666671844
291,0.0008147490161997056,0.00013811606167893177,0.7071065397587981,0.7071065397366559,0.5005763463097207,0.0005843338061565808,1.5682387906841937e-11,0.9999996585539458,0.0005843338061574837
292,0.3750033591884376,0.9239382761906176,0.05364763333282522,0.053220990455680794,0.3031016530666589,0.7050849089298274,0.07556752690973258,0.00030209939386021165,0.7050849089380085
293,0.13825749160524256,0.9903577459050796,0.007818844735546384,0.003909164273648448,0.09217519751025895,0.7070797635763637,0.0082926533025478,0.0027654655160919877,0.7070797635645343
294,0.9598989407239713,0.2775937403972002,0.028120499187794152,0.02729425607562081,0.6986695049511001,0.7065636068725546,0.0005841391191338061,0.03918415075999215,0.7065636068705753
295,0.9979408594341141,0.06165119605612647,0.01339799673405067,0.011561348548843737,0.6961681007019841,0.706996049802211,0.017649023803057773,0.00129732630921594,0.7069960498244098
296,0.8518926901922074,0.5233759045894114,0.01418355474136057,0.01246329279143241,0.6124071389613774,0.7069807257281805,0.01884189902194084,0.0012205464158023087,0.706980725732008
297,0.8901711198784105,0.17054226143441406,0.29878787008884283,0.29872482837414,0.8411372185885408,0.6408936283043617,0.42250528106922375,4.322039933517784e-05,0.6408936283031831
298,0.0023428509617837517,0.0013275624069934646,0.7071042175521202,0.7071042173169599,0.5016543219081883,0.0019041234956741694,0.9999963743071406,1.6637078469052255e-10,0.0019041234956837531
299,0.6218277106249889,0.7298766729524938,0.20081396902274332,0.20070896946576666,0.29799468702007287,0.6780079864519435,7.433865174240967e-05,0.2839195925829041,0.6780079864785503
300,0.0003021350637893379,0.006029059519159522,0.7070938978760032,0.7070938966942368,0.49967428250620444,0.004268538642307955,0.9999817794118652,8.248866002283526e-10,0.004268538642376663
301,0.002291284848605309,0.003803027263589983,0.7070998118729431,0.7070998112336215,0.4983688687164397,0.003139506539621171,4.541318710471684e-10,0.9999901434501118,0.0031395065396862725
302,0.9511200542015282,0.15882642350614268,0.18733319031721563,0.18721935129028383,0.804925164486497,0.6818559929741577,8.154058362019481e-05,0.2648486417618827,0.6818559929730739
303,0.8015290428871454,0.5977699076857435,0.011579626896467427,0.009393780642137521,0.5585816757946398,0.7070281709957663,0.014831054968552883,0.0015397020275859804,0.7070281709695786
304,0.6092339986079749,0.7929381223832936,0.008028748112586718,0.004313724045893708,0.43646114590053336,0.7070774112427928,0.002627949752153848,0.008727135354722129,0.7070774112491475
305,0.774032139461074,0.6330951776191135,0.007436309959812323,0.003073182537741134,0.5525733744154826,0.7070838906558328,0.0031034819077569694,0.00742371583352341,0.7070838906510847
306,0.8488495539069498,0.5264499919721238,0.034282585669438426,0.033608705782024816,0.6245401148228574,0.7062914268278002,0.0004765093841909541,0.04800639252570299,0.7062914268239617
307,0.8089834207223504,0.5877620415602279,0.007983311401768252,0.004228525683131414,0.5663789479824328,0.7070779257921151,0.008634961959192835,0.0026553949525066245,0.7070779258095415
308,0.20120990500793534,0.9793500701152553,0.014728436159755252,0.013080040529044911,0.15280457534840647,0.7069695841128631,0.0011679641238313153,0.019663421669660817,0.7069695841034065
309,0.0020602978994023226,0.003394314897379446,0.7071012072263605,0.7071012067151128,0.5014529687248569,0.002807685973955702,0.9999921168684008,3.5797112543288497e-10,0.0028076859739839303
310,0.8884522516903939,0.3079300047086691,0.24069924358256733,0.24061500951757198,0.7985321927194239,0.6648940860508277,0.34034057231431525,5.918720923823216e-05,0.6648940860529945
311,0.09932485983667642,0.4125496191733721,0.6402912000267527,0.6402847515806146,0.3832375515680219,0.3000521755116023,4.468394513701132e-06,0.9055039392064411,0.3000521755168998
312,0.030981609634497045,0.9994652179230061,0.008811047171779078,0.005637683416497535,0.014284820310030992,0.7070680950084262,0.00223973036335388,0.01021771180193678,0.7070680950195548
313,0.8326229606029206,0.5088614662936705,0.1546652476354814,0.15452402652059918,0.4795712593358758,0.6900003574005976,0.00010016201510013433,0.21862983228702892,0.6900003573830704
314,0.0014169807160111145,0.001232122543344832,0.7071055346273927,0.7071055345130559,0.501002926820507,0.0013277726295080215,8.127341396103712e-11,0.9999982370182888,0.001327772629517292
315,0.8908946827349581,0.453984896820022,0.011185351789755082,0.008903125250821587,0.637879353782467,0.7070345190517621,0.0016140830034575562,0.014204663669032919,0.7070345190550117
316,0.044171771411771525,0.9977580687604461,0.035870818358954525,0.035227478252659074,3.7105465598671044e-10,0.7062125420799454,0.05027408637919615,0.00045505221656676946,0.7062125420687533
317,1.0001851567982898,2.328306436538697e-10,0.006778316924264804,0.0003031224874873067,0.7120298852710697,0.7070905042979349,0.004928632946282025,0.004663265041686839,0.7070905042978111
318,0.010623053618366775,0.002108834313318734,0.7070653113144897,0.707065307510842,0.492469815189153,0.007658212922840047,0.999941350054921,2.6963689594074386e-09,0.007658212922619198
319,0.0033990649090503036,0.0005563766940729747,0.7071025870929394,0.7071025867081729,0.5023925002065691,0.002435487331501743,2.7971971226953833e-10,0.9999940683838667,0.002435487331498078
320,0.0008614199077334235,0.010956597204505434,0.7070640764710473,0.7070640725546625,0.5006553234770756,0.007771391978193327,2.76241978617682e-09,0.9999396036428603,0.007771391978306602
321,0.006800990377409838,0.0004926458802048787,0.7070903428706831,0.7070903413630801,0.5048038025632116,0.004821626804146457,1.0541556074524941e-09,0.9999767516447259,0.004821626804144065
322,0.013165578397884008,0.019496534674971706,0.7069110899051086,0.7069110719533852,0.5091608702449623,0.0166350130581328,1.2816887166511787e-08,0.9997232380419658,0.016635013057973703
323,0.707502817753198,0.6939363078482785,0.09470269305548272,0.09446461479944004,0.43334410746658,0.7007523943791,0.00016711505577031484,0.1337614877075076,0.7007523943953202
324,0.0016094136521322792,0.0032272196797452786,0.7071021833643022,0.70710218294266,0.5011377077582565,0.0025500156043506464,0.9999934973992775,2.9423285164284414e-10,0.0025500156043783717
325,3.216700316646055e-05,9.037143142849794e-06,0.7071067807918632,0.707106780791827,0.5000227669529922,2.3626108941648756e-05,2.539433315834674e-14,0.9999999994418066,2.3626108941588668e-05
326,0.14703810702019388,0.9889575161438842,0.013940606748955331,0.012186080851212696,0.1142263580201958,0.7069855581731581,0.01847430124841605,0.0012414815439969406,0.7069855581633447
327,0.5568902226174697,0.8305247047097701,0.008598057007361874,0.005298500098877967,0.3998624141306886,0.7070707175745535,0.009825976221294158,0.0023347117377133073,0.7070707175813464
328,0.32634564649453035,0.9452222768922018,0.007043439619574487,0.0019381019344293462,0.22575169228263825,0.7070879131204572,0.003605463446095975,0.006353496212456266,0.7070879130901393
329,0.003637718584246078,0.0024046347614737865,0.7071000585515289,0.707100057934934,0.4974204011647191,0.003083444894491755,4.3522580699365157e-10,0.9999904923223836,0.0030834448944143823
330,0.012044661380741506,0.0020502487003274806,0.7070540041109497,0.7070539992696175,0.49144911726427526,0.00863936882863189,3.4774885449654588e-09,0.9999253585205686,0.008639368828380005
331,0.012815278684088523,0.018956820241852433,0.7069216475705411,0.7069216305890725,0.5090095515139353,0.016180117450713193,1.1967614915526127e-08,0.9997381695216812,0.016180117450559077
332,0.5024608912882187,0.8625740240514189,0.04209989175209933,0.04155363849354816,0.38505180585518745,0.7058685763767341,0.00038714201306039997,0.0591519727367794,0.7058685763839413
333,0.00010658978691882572,0.0016563449980043301,0.7071058072474887,0.7071058071581582,0.4999992073400641,0.0011736353963062638,6.317807350942639e-11,0.9999986225790081,0.0011736353962881409
334,0.8770596924751143,0.47946035738663434,0.021562436435291942,0.020472490447170977,0.6354254147351005,0.7067941491215719,0.0007712378340113163,0.02972316810736874,0.7067941491250298
335,0.0013318069332342501,0.012434175372937416,0.7070514920229646,0.7070514869521088,0.5009088264657239,0.008842579570312568,3.5786887503562603e-09,0.9999218057293725,0.008842579570185673
336,0.35550983025760047,0.9346405718875093,0.0072668961490287886,0.002637080271226467,0.2462516780015867,0.7070856518163392,0.003279625153655716,0.007000430761686744,0.707085651829721
337,0.9796385269796183,0.20043194046881152,0.009519544252630772,0.006691186316547974,0.6994512656706448,0.7070589106647743,0.011462288241469247,0.0020024098906143836,0.7070589106661712
338,0.9107468550897927,0.412443162773948,0.015437594659296556,0.013873863780826471,0.6330500977061679,0.7069544527795969,0.0011018280711783835,0.020726538543018553,0.7069544527549327
339,0.06086603842584266,0.9980991794779697,0.008343250071060352,0.004874258869164529,0.03680985959071716,0.70707376975911,0.009347190226784118,0.0024491337522048805,0.7070737697704331
340,0.00015971341116631076,0.00028598521516158613,0.7071067432534514,0.7071067432499715,0.49988733105904226,0.00023162028948214535,0.9999999463520405,2.511060613415456e-12,0.00023162028947742246
341,0.0051468422568902925,0.003206402765947025,0.7070937811501807,0.7070937799576692,0.503627616120423,0.00428783184808976,8.507194944778079e-10,0.9999816143290259,0.004287831848066277
342,0.3680700195057599,0.9296920886536476,0.011021074901115984,0.008695800358193957,0.2524562111078776,0.7070370990914202,0.01394186744778407,0.0016448002656839105,0.7070370990779352
343,0.9945359925765159,0.055078714766155536,0.06288876672938941,0.06252597595258852,0.7477127683908361,0.7043207739910573,0.08868161508949055,0.00025650474981828424,0.7043207739908612
344,0.40725651368525734,0.3378881533650733,0.5999944031140767,0.5999837032021946,0.7119879714038161,0.37418329206782336,0.8485126562520318,7.52050316042637e-06,0.3741832920652866
345,0.010320141698511549,0.007436594544615269,0.7070495736361084,0.7070495683893699,0.5072462589926982,0.008994672350850315,0.9999190925962947,3.70620276935589e-09,0.00899467235090524
346,0.9027386224487153,0.38523619858335734,0.1354625897073353,0.13529943691760093,0.7340980002152138,0.6940259177998271,0.1914576651412358,0.00011532174201994443,0.6940259178025472
347,0.48413051835743026,0.841583979538172,0.1694067240396202,0.16927908444289835,0.22220901255869532,0.6865296619162483,8.997242843061826e-05,0.23948703197589655,0.6865296619444076
348,0.9902052891095348,0.1393948719864853,0.0073624738709676205,0.002889537859510627,0.7053887273881693,0.7070846641495268,0.0032006491053579215,0.007232654827004933,0.7070846641484925
349,0.054190364330693755,0.020951981460796618,0.7059123790126365,0.7059122694030526,0.5374498328697721,0.041082727897319815,7.766330847467215e-08,0.9983107827410472,0.04108272789717066
350,0.005101388551683633,0.00352874590502852,0.7070931782840686,0.7070931770363195,0.5035992418594938,0.004386126583745394,0.999980761708535,8.800130826754306e-10,0.004386126583771422
351,0.004203804079068363,0.0289428740408701,0.7068043142597458,0.7068042865113404,0.496750188866599,0.020680448653470733,0.9995722275488623,2.0010646744337997e-08,0.020680448653122813
352,0.9716987286481279,0.23612571782449449,0.0067858723092336,0.00043879600606908754,0.6918910104788631,0.7070904324740674,0.0044754561696664485,0.005119657899270231,0.7070904324757324
353,0.045069272065978216,0.009415274811889283,0.7063569248349999,0.7063568560248425,0.4676731174479569,0.032556771064401344,4.915953829086045e-08,0.998939494321681,0.032556771065336346
354,0.013423557182878826,0.0032442179766439317,0.7070393524795449,0.7070393462939484,0.5094481635427823,0.009765163529934322,0.9999046370341866,4.3538301267720935e-09,0.00976516352995687
355,0.0007770601869450389,0.0033288146007476147,0.7071026501529626,0.7071026497740452,0.5005531601443632,0.00241710872532994,2.720910329333702e-10,0.9999941575683428,0.002417108725361654
356,0.2311462817134686,0.9728806206171604,0.007763613509411889,0.0037974705893947976,0.16894334254576873,0.7070803722122034,0.008175945754759892,0.002801497566671259,0.7070803722029383
357,0.7346754156975575,0.1873880197420339,0.46106622332504044,0.4610376354871412,0.8457826260877835,0.5361260282675134,0.6520258915285899,2.0078293622549543e-05,0.5361260282688404
358,0.99764364251662,0.06825727210124288,0.0068542568714590945,0.0010613737347398963,0.7102875264474483,0.7070897724649988,0.005588941619267707,0.00410744239657201,0.7070897724645219
359,0.4934139341997558,0.8697620533364586,0.007159380115358685,0.0023245192694949265,0.3438314639957015,0.7070867485347784,0.006701548811664926,0.003427733507044998,0.7070867485203278
360,0.7157950186762563,0.6957912403530937,0.042176631134860365,0.04163139286978961,0.4763461290648816,0.7058639950056641,0.00038564074806669835,0.059261221446897924,0.7058639950220459
361,0.7761578417515432,0.6301875230781723,0.015628935827482898,0.014086405116012947,0.5598461639429592,0.7069502491509255,0.0010921821380317845,0.021011843859342256,0.7069502491556674
362,0.029329517450180465,0.017585324895130212,0.7066932111580079,0.7066931732071979,0.5204759448416257,0.02418123493056034,0.9994150968213734,2.7007340549291374e-08,0.024181234930432647
363,0.0009109332022788598,0.0004729148867476535,0.7071064087534926,0.7071064087193311,0.5006417450451058,0.0007257574626300856,0.999999473275967,2.4449893662375348e-11,0.0007257574626266715
364,0.17874085807544843,0.9830961405270182,0.028455834691050477,0.027639638336329063,0.10663395390707783,0.7065501807542,0.0005779752664562389,0.03966547718002178,0.7065501807662881
365,0.059757162179055856,0.07325490337024881,0.7039400580124353,0.7039397669019491,0.5399149489783654,0.06684758521966408,2.0622615021069386e-07,0.9955213712926907,0.0668475852202473
366,0.7899933831908309,0.6105192605870968,0.04013973146820043,0.03956625992564443,0.587019831542031,0.7059827593643822,0.05636065735454113,0.00040406609225045637,0.7059827593598612
367,0.0026354345222780132,0.003322851967037506,0.7071004221341252,0.7071004215508774,0.5018544205967991,0.0029989048264506546,4.1602305596277804e-10,0.9999910065294022,0.002998904826424263
368,0.7976612594917329,0.6005135131094367,0.03978535612012875,0.039206646342421825,0.5922114922873143,0.7060028202191274,0.00040949654385022773,0.05585577849789385,0.7060028202235555
369,0.005276404530290033,0.003975104953207283,0.7070913519825137,0.7070913505675104,0.503739468096522,0.0046712901941541604,0.9999781788098405,9.807752862763668e-10,0.004671290194183773
370,0.004813893549721756,0.08129243931086051,0.7047583521652705,0.7047581363797589,0.4998854502827888,0.05758313233804575,0.9966786672444411,1.5300897081397072e-07,0.05758313233891358
371,0.0005931814647825513,0.0001395010853377511,0.7071066499094119,0.707106649897372,0.49958008171176327,0.0004308856013837873,8.461425767409185e-12,0.9999998143375811,0.0004308856013979997
372,0.050556360144502266,0.6288685260279351,0.5486286014056652,0.5486119659104162,0.35995012035875307,0.4461118517665847,1.1786102369068902e-05,0.7758662457418262,0.4461118517737422
373,0.4980552548294138,0.8670913654575327,0.008348053449123077,0.004882324182426133,0.3580554814359695,0.7070737135914157,0.009354132598895082,0.002455053794524077,0.7070737135986926
374,0.009743591447231626,0.0031418787777216664,0.7070697263457986,0.7070697229472723,0.506864661745817,0.007239094437294692,0.9999475941385405,2.4129985817666486e-09,0.007239094437316879
375,0.3717768691149985,0.9056190792719907,0.1443606331526538,0.14420835775140187,0.15933875709997986,0.6922297151711885,0.20404909022879072,0.00010782575869905995,0.6922297151845006
376,0.9602560776404052,0.27822394943360845,0.016515844202567947,0.015064544979378211,0.6906808205221409,0.7069300836637263,0.02233057072530982,0.0010291920331710644,0.7069300836617706
377,0.09307016323544062,0.9941738496163111,0.03874288369717179,0.03814826886297256,0.03663212134964073,0.7060607971447297,0.00041948205219896406,0.05437026291293896,0.706060797156262
378,0.9490990540588465,0.3148875538187606,0.007164839912449541,0.0023407485275922244,0.6761814704927941,0.7070866941055499,0.006732749236296081,0.0033888231528968397,0.7070866941077629
379,0.07943192511010755,0.07207275165249658,0.7030279565141506,0.7030275813238576,0.440865829930006,0.0758416516736997,0.9942314055301539,2.65979528725864e-07,0.07584165167548362
380,0.7592479506315253,0.643305984106451,0.0698046258326072,0.06947859013415228,0.4873724613526424,0.7036689703623724,0.00022827568214512102,0.0984881117946362,0.7036689703791831
381,0.5356898536059767,0.8441349782310296,0.01609896197676684,0.01460625529585147,0.39021897019888835,0.7069397006602872,0.00105180670297513,0.021712046728868062,0.7069397006533424
382,0.009323417596071757,0.005424573297968663,0.7070656451931315,0.707065641419865,0.5065698983161285,0.007627322962100367,2.6074173629248617e-09,0.9999418222521074,0.007627322962061565
383,0.1666733030223222,0.9859169612030922,0.010807482704169074,0.008423419096951894,0.11027862131091669,0.7070403964100335,0.0016862193755005008,0.013598247530527392,0.7070403964220527
384,0.00019065391098318054,0.002464637751480647,0.7071046207924494,0.7071046205942995,0.4998739666123921,0.0017479685580546079,0.9999969446012534,1.3803172178459251e-10,0.0017479685580265053
385,0.007121982834717735,0.0021843211601058586,0.7070871617584172,0.707087159958438,0.5050213239248587,0.00526753729642384,0.9999722526658749,1.2870224078311061e-09,0.00526753729643935
386,0.002721973805830374,0.0014865742503341844,0.7071033804885656,0.7071033801766481,0.4980723230703249,0.0021930622883356743,2.2018672012173326e-10,0.9999951904662336,0.002193062288413905
387,0.0005590316683607566,0.00012846388658983152,0.7071066648659551,0.7071066648552871,0.4996050223869659,0.00040559793908412524,0.9999998354902975,7.626495391975143e-12,0.000405597939095709
388,0.9155829461794787,0.3987883724374077,0.03688789276245817,0.036262777235153455,0.6734751012775024,0.7061601427264059,0.00044676201753724684,0.05172529409254881,0.7061601427292454
389,0.10961497448496874,0.12597731338101203,0.6971784393180271,0.6971775223227213,0.41534489060581165,0.11807990116318429,0.985958555864063,6.484652402704555e-07,0.11807990116582376
390,0.9754391882757169,0.2159985342328104,0.03089331303506743,0.030143430378468734,0.6678461158900526,0.7064477959634885,0.0005286701349748006,0.043159514514793204,0.7064477959432258
391,0.0,0.00601994544558675,0.7070939751046329,0.7070939739300444,0.5000645805844569,0.004255725704659883,0.9999818886347162,8.223066439035879e-10,0.004255725704724572
392,0.3152234509965869,0.9489347862901184,0.010069640816664392,0.0074531633659907425,0.23008587316265888,0.7070512897597587,0.0018568411109956143,0.01238948955467079,0.7070512897511272
393,0.00823910700516542,0.012961761338343394,0.7070233803326201,0.7070233726852012,0.505748467333871,0.010860251835952387,0.9998820479737208,5.367848265579495e-09,0.010860251835845137
394,0.9301996581320796,0.34803979353426157,0.08258974742878594,0.08231545165304395,0.5994398504879456,0.702283098210989,0.0001933529584914098,0.1166055855258603,0.7022830981918805
395,0.804978313135373,0.5522505518888534,0.15341600822596763,0.1532735193704096,0.46087990800208567,0.6902792031693042,0.00010081220316907386,0.21686224465563667,0.6902792031864823
396,0.21725274690869248,0.9402580906074844,0.1854166731325859,0.18530147960328686,0.2846383867933611,0.6823796666698829,8.136153519888163e-05,0.2621373197372403,0.6823796666788714
397,0.9991576772282282,0.03890867709597709,0.010390241511943987,0.007880904292889401,0.7138613575152736,0.7070466513000324,0.0017723201377474098,0.012919932371322294,0.7070466512998054
398,0.0034044961110496117,0.0005938068629893411,0.7071025588085652,0.7071025584213492,0.5024074392687266,0.0024436857777408506,0.999994028381989,2.7251061817825334e-10,0.002443685777744813
399,0.3546739797939217,0.9347743426351905,0.014985564281945037,0.013368966723102092,0.2402247972756217,0.7069641800016512,0.0011436977491897417,0.02004964746698097,0.7069641799882828
400,0.036286726273832816,0.004695973126173809,0.7066333146455305,0.7066332711992805,0.5253324828091847,0.025872559472075545,3.0674142853129466e-08,0.9993303864752261,0.025872559472107315
401,0.027154882647112456,0.02415604840220894,0.7066396387996503,0.7066395959406152,0.5189252637851548,0.02569924440503011,0.9993393305949765,3.065462048898327e-08,0.025699244405212374
402,0.9393788098840784,0.33643519485344986,0.04703439277748645,0.04654650471117025,0.6975291286997185,0.7055569391617753,0.06617169201119653,0.0003440656175988778,0.7055569391593947
403,0.4192355943405089,0.9078464646275808,0.007147675195502748,0.002288529746301196,0.30151952849138647,0.707086866439339,0.006687137472840054,0.0034071720707133405,0.7070868664314641
404,0.5274512339543672,0.8472748731127874,0.04453185684702409,0.04401603733703597,0.40446289422958864,0.7057193146686602,0.000365372996669173,0.06261281274365893,0.7057193146616381
405,0.000699802118125519,0.005287361429837996,0.7070967244268929,0.7070967235045462,0.5004508435817238,0.0037713335767251403,6.532179887081341e-10,0.9999857769419055,0.0037713335767785156
406,0.3433169106060594,0.9391930689403598,0.006918525854143205,0.0014185014289962016,0.2476592062350748,0.7070891463831354,0.005892949455293899,0.0038924661868619476,0.7070891463746773
407,0.6843005184310964,0.7291675955848603,0.006829047500302663,0.0008843834912439105,0.4790381410411908,0.7070900161766187,0.004219148393222891,0.005442132923490526,0.7070900161927216
408,0.6574293384288554,0.20478659342468622,0.5127723017540556,0.5127510990797591,0.1032401803062963,0.4869039314538101,0.7251545509961929,1.4938659186951236e-05,0.4869039314702339
409,0.013420552891029332,0.031405786988232876,0.7066942828400655,0.7066942449920706,0.4902174855908153,0.02414989333546438,2.7021035879959962e-08,0.999416612481375,0.02414989333593146
410,0.003990950988912432,0.012438173055351692,0.7070464525002963,0.7070464469667588,0.5027783514423957,0.009236769955573113,0.9999146784409016,3.861820295803433e-09,0.009236769955459136
411,0.0017257735586986662,0.0038185719285690834,0.7071005731220544,0.7071005725528103,0.49878546914511224,0.002963088418348472,4.0131058282619965e-10,0.9999912200684817,0.00296308841829069
412,0.6727942043130938,0.7397837364672943,0.007544739559873739,0.0033271353768289827,0.4810644128650472,0.7070827416459097,0.007690405289777279,0.002974994339664598,0.707082741651688
413,0.003308685761946915,0.010405912645393596,0.7070646275443377,0.7070646236774477,0.5022854652281284,0.007721088636207584,0.9999403830131796,2.7271569676595788e-09,0.007721088636112058
414,0.8049550395477411,0.5913698213147565,0.03445925702271429,0.03378890860987659,0.5447906690965544,0.706282829072356,0.0004727326628635475,0.04825875323123816,0.7062828290550021
415,0.0016948619253121958,0.0034715234851428896,0.7071015049666013,0.7071015044827114,0.5011951015061589,0.002731669110080363,0.9999925379560324,3.4051081711314936e-10,0.0027316691100505493
416,0.7435648586301548,0.6679323682494032,0.02262157445767942,0.021585269558708032,0.5417568235679953,0.7067610418360295,0.03125900977934125,0.0007306165078001746,0.7067610418309557
417,0.030776003162003133,0.03504674401129453,0.7063372647369316,0.7063371941272311,0.4777498314500899,0.032980574862103755,4.99273083333477e-08,0.9989116894718861,0.03298057486136357
418,0.020793919886926384,0.03935349552721713,0.7064060468871995,0.7064059825903869,0.48476440485452826,0.031472882626729586,4.5595210596403984e-08,0.9990089665855301,0.03147288262736393
419,0.40871535801025477,0.9126292603660111,0.007260921739348646,0.0026207376481934865,0.283879797616332,0.7070857128980712,0.0032935715638256983,0.006981521086379619,0.707085712884294
420,0.0031854815017807485,0.00037960410641411967,0.707103142787639,0.7071031424538994,0.5022511582219806,0.002268412625139332,0.9999948542909288,2.3733380583388014e-10,0.0022684126251417054
421,0.056024583094200255,0.9983626306613318,0.009464514269183549,0.006612621095800724,0.033506204354397995,0.7070596496039077,0.0020162326534344556,0.01136831535432724,0.7070596496151463
422,0.00022158460124244855,0.0010418911172917634,0.7071063800501347,0.7071063800133331,0.5001522777505911,0.0007532054287558058,2.5882505138863285e-11,0.9999994326814222,0.000753205428745729
423,0.67246223514729,0.7397982157008182,0.016416081116149193,0.01495508700700166,0.48709702073377686,0.7069324075403473,0.0010299569266795047,0.02218291088491691,0.7069324075345621
424,0.9761989391756632,0.2164032146385313,0.011205507597266995,0.008928406683155535,0.6981968730267484,0.7070342000750316,0.0016090283472550053,0.014236954526511443,0.7070342000765175
425,0.9683960979860302,0.24899548614786507,0.011315798988217357,0.009066361136181592,0.6927563369248952,0.7070324440174397,0.0015924551818429775,0.014412157974683266,0.7070324440191742
426,0.7903004085088844,0.6124887359537091,0.01281905864417264,0.01088505287049978,0.549740036795717,0.7070067847394415,0.0013640478159818075,0.016761623252896127,0.7070067847566102
427,0.8037809192833295,0.5877891946270699,0.06513664774750341,0.06478667761133461,0.522205588879452,0.7041164333758648,0.0918696650275063,0.00024723153345615164,0.7041164333931893
428,0.000908434962518762,0.00025539193852578866,0.7071064663690009,0.7071064663401271,0.4993586832300401,0.0006672627381195101,0.9999995547603392,2.0503270707050323e-11,0.0006672627381381933
429,0.7811394117641324,0.5425182199257601,0.2185596899872054,0.2184647851486447,0.3982133884880374,0.6724971373694386,0.3090229698602383,6.735061329797952e-05,0.6724971373861311
430,0.8971292067986385,0.44165994860005575,0.008412527290963026,0.004991879836212066,0.6403011782062803,0.7070729490356031,0.0024216254083089753,0.009477616266879069,0.707072949038773
431,0.33692883083485464,0.09866915283232075,0.6620985626232265,0.6620942943447489,0.7067036095325098,0.2482505173899186,3.003597335558305e-06,0.9363457487608903,0.2482505173892448
432,0.10688433935267609,0.09741023419346778,0.6996741896684666,0.6996735042770068,0.5702599180732861,0.1022570675389948,0.9894882436266029,4.827388921293388e-07,0.10225706754454543
433,0.611034846627398,0.7889235469526718,0.04626940141421043,0.04577330841677366,0.46482589157645193,0.7056075207650812,0.06508402768036682,0.0003501593175514241,0.7056075207713622
434,0.8830144448910067,0.4688641758256609,0.015775149143438406,0.014248488012660761,0.6355327091821993,0.7069470012858335,0.021229605707855946,0.0010856254573440042,0.7069470012892175
435,0.0015447630524090792,0.0008992365693142377,0.7071056516628997,0.7071056515592987,0.4989083930316757,0.001263906500235779,7.470765940576922e-11,0.9999984025390815,0.0012639065002033923
436,0.8222736079025026,0.5407092106012266,0.1255867749803713,0.12540982923215577,0.6700719160545544,0.6958808578616335,0.00012571569915020516,0.17748140047219563,0.6958808578655958
437,0.7666643751723736,0.641968639987412,0.008598048309225594,0.005298554475994024,0.5360256904046716,0.7070707174355614,0.009826394939962728,0.0023330402368429825,0.7070707174186288
438,0.05314766281181328,0.9967143539103602,0.04348280181014123,0.04295426164451816,0.06658978986682598,0.7057847325382477,0.00037221581894383886,0.06112024298110958,0.7057847325277159
439,0.0021875813774710415,0.0008127269066861302,0.7071048558072747,0.7071048556306685,0.49844668202055636,0.0016501571603578919,0.9999972769776404,1.2372004432617535e-10,0.0016501571604029981
440,0.4679204564870749,0.8836931142318912,0.009559814528090137,0.0067483103469552315,0.32413288782439753,0.7070583675601999,0.0019928104497473095,0.011530761157082575,0.7070583675459599
441,0.0033807423692052327,0.007109365875952909,0.707084871263961,0.7070848692542758,0.4975715170877752,0.005566529497752135,1.4428477849566702e-09,0.9999690132692659,0.0055665294976420775
442,0.6812487490002285,0.7316763760785265,0.01725766503205389,0.01587437154234085,0.49392686855333,0.7069123627854231,0.0009752763492353456,0.02342800696315158,0.7069123627911118
443,0.0006161557281353073,2.1985087905878103e-05,0.7071066467960149,0.7071066467836881,0.4995657511865361,0.0004359651507950942,0.99999980993437,8.914026905122498e-12,0.00043596515078202165
444,0.6747040537898348,0.7380555813985927,0.006864903123844836,0.0011276839358267349,0.4722152338875812,0.707089669510421,0.005675542588978348,0.004023280039916339,0.7070896694943967
445,0.0004941765411333918,0.001427197752958784,0.7071059747310545,0.7071059746570983,0.5003543541650813,0.0010679662634851207,0.9999988594474096,5.1521001847478025e-11,0.0010679662634722107
446,0.036914501870433054,0.034823077606515505,0.7061957203692155,0.7061956367556869,0.47327299713140236,0.035884029590744444,0.9987115063122893,5.977565654338834e-08,0.035884029591583474
447,0.9655876791472069,0.25977589802405254,0.010068905487524574,0.007452102199200274,0.6898760264136713,0.7070513005849359,0.0018530332130780296,0.0123888237058753,0.707051300583093
448,0.2595544776199002,0.9657046507746027,0.006776960909681177,0.0002709623417961012,0.1883285118060315,0.7070905173198853,0.004602704341314026,0.004981539170624616,0.7070905173289583
449,0.02187540702352863,0.025480119724913184,0.7067079601154286,0.7067079235320995,0.5151853276917863,0.023746262089511173,0.9994359559639436,2.581945836120103e-08,0.02374626208931073
450,0.055136891999123694,0.04298800995088098,0.7053765584349108,0.7053763995423441,0.45993135295676085,0.04943705987929659,1.1275688001416018e-07,0.9975529831646976,0.049437059881137425
451,0.00038937873855294917,0.0022377786721878624,0.7071049571907619,0.7071049570234624,0.49973417549704935,0.0016061240760603891,1.1913942233433478e-10,0.9999974203621239,0.001606124076131828
452,0.31110686996684456,0.4900482952706664,0.5757953777637168,0.5757819610822208,0.6268626108020507,0.41044781412192444,0.8142881453590266,9.460783141371347e-06,0.41044781412597103
453,0.4122294383450479,0.9108533019986795,0.01514908729748814,0.013552031356216647,0.30225520779697623,0.7069606946602389,0.02029455551759909,0.0011328795919620929,0.7069606946681579
454,0.20664490445028555,0.0,0.6918985083304813,0.6918970981881132,0.6352074100593058,0.1458678506198733,0.9784912571454423,1.0044843513254974e-06,0.1458678506198652
455,0.012057924911291294,0.012906080752901143,0.7069964829590341,0.706996472841265,0.491407678672845,0.01248920481003161,0.9998440075964019,7.138517848652464e-09,0.012489204809747812
456,0.017418647631385446,0.011163485151955869,0.7069554395221388,0.7069554256415436,0.48758614973123154,0.01462929742039487,9.791443261756443e-09,0.9997859607505782,0.014629297420926859
457,0.9495677578972651,0.30906719938295796,0.037711187597723156,0.03709994282346665,0.6981119480102664,0.7061166548699405,0.0004315675710276301,0.05289946291756469,0.7061166548720899
458,0.018278511430255773,0.034073821927022116,0.7065779996790903,0.7065779511481094,0.48677601317279706,0.027341628707509252,0.9992521557040364,3.49689524355339e-08,0.027341628708639702
459,0.0,0.0026248640675175855,0.7071043478448844,0.70710434762165,0.5000398041616025,0.0018551055794219173,1.5548236128862294e-10,0.9999965585773678,0.001855105579507841
460,0.8673999089045699,0.49650922028361905,0.023893501180177263,0.022914903601002932,0.6302125949057509,0.7067191831977615,0.0006948000710370489,0.03309848121215952,0.7067191831941402
461,0.6409122683941827,0.767571671645663,0.007451418336746194,0.0031095777309708196,0.4584203169433984,0.7070837315631335,0.0030973825650976923,0.007456495835147762,0.7070837315692177
462,0.0012896136949044925,0.00043053106572216404,0.7071061276867442,0.7071061276268057,0.5009122016548688,0.0009613689407899527,4.190399648071949e-11,0.9999990757693324,0.0009613689407930156
463,0.004438597355930243,0.015369531983621162,0.7070162968705336,0.7070162885699107,0.4968001544935825,0.011312021400036627,0.9998720299836845,5.992296025126118e-09,0.011312021399831255
464,0.008786926877660398,0.005839639500571657,0.7070674273470001,0.707067423737967,0.5061972151499756,0.007460277255214625,2.50787798756511e-09,0.999944342714409,0.00746027725525767
465,0.7263617323331268,0.6872648754217334,0.007465861101195077,0.00314415832348365,0.518880545152431,0.7070835789331764,0.0030624806691157513,0.0074997350417705866,0.7070835789278964
466,0.9711409874535062,0.23804362716820318,0.011538214114726022,0.009342572850708702,0.6785424807437188,0.7070288487463442,0.014765125313581845,0.0015508471563267761,0.7070288487664312
467,0.9126371694809109,0.3992283473880653,0.062272090573741425,0.0619056561167372,0.6893417292027623,0.7043755661862326,0.08780692710424003,0.0002589906922288351,0.7043755661833815
468,0.6478716936637581,0.7416161020539059,0.12311030560713064,0.12292956673209403,0.5450408183726961,0.6963232633871432,0.1739764626269277,0.00012718271384177997,0.6963232633929843
469,0.5576459618429638,0.8299350364415894,0.011930230337441939,0.009822735414438807,0.40278243514511564,0.7070223417554162,0.015381760356183861,0.0014892868331590507,0.7070223417486567
470,0.5339994416198595,0.8454148110693559,0.009062115479943315,0.006022593899110148,0.38398322469914625,0.7070649214944311,0.002143291187694742,0.01066770252351354,0.7070649215014352
471,0.004066265047089063,0.006866004541847138,0.7070842688076627,0.7070842667426104,0.4970906011967261,0.005642540642322782,1.458638924106667e-09,0.9999681612282475,0.0056425406424393055
472,0.1990064346090199,0.9799327437918096,0.009330207325222927,0.006419023302380549,0.13424276721707404,0.7070614341726112,0.0020578200641380023,0.011136516756678417,0.7070614341603627
473,0.46539936110891456,0.8849026723705367,0.0140807569239596,0.012346149008551695,0.33902271961264224,0.7069827808722571,0.01868666694518072,0.001226209351166655,0.7069827808647349
474,0.3772002585438629,0.9252825020485892,0.02844328118237846,0.027626728230529012,0.24656812034597658,0.7065506859467726,0.039647469835386195,0.0005783535212100418,0.7065506859603209
475,0.11034321954116665,0.04503337843672839,0.7020673116250615,0.7020668477256378,0.5743882839548552,0.08427227085855514,0.9928727857725522,3.271471250077023e-07,0.08427227086342232
476,0.00015063258082495987,0.001361540471963765,0.7071061177798649,0.707106117719016,0.49987375071556023,0.0009686285746436892,0.9999990617582456,4.3612971424278786e-11,0.000968628574627569
477,0.00015850683553216805,0.0005713347353825927,0.7071066569013196,0.7071066568899221,0.49988710878562703,0.0004192539783779385,8.024966282372792e-12,0.999999824226086,0.0004192539783703788
478,0.0006272567529184046,0.003419741731771101,0.7071025075864126,0.7071025071944379,0.5004374134514153,0.0024584633765025003,0.9999939559395613,2.7667241954004236e-10,0.0024584633764689924
479,0.9887025796328002,0.14310346185795347,0.03189336825408814,0.03116763818574513,0.7216777125549473,0.7064033519855161,0.0005125207442748361,0.04459087273372303,0.7064033519845102
480,0.0003494154962258016,0.00037036121446688044,0.7071066895289808,0.7071066895205756,0.4997526322754028,0.00036004070476697026,0.9999998703706829,5.946439943662863e-12,0.00036004070477518125
481,0.9585968158135917,0.1124059390871797,0.18506725897859252,0.1849518140174064,0.8084875194545557,0.6824745182594284,8.156819830188312e-05,0.2616429957037027,0.6824745182586553
482,0.0023136638903185824,0.005908920227243321,0.7070925446743348,0.7070925433683514,0.5016344963628747,0.0044871137075418,9.238734695837944e-10,0.9999798656078783,0.004487113707594211
483,0.0010579540719093021,0.00036845364406941844,0.7071063374884474,0.7071063374477475,0.4992544112386317,0.0007921568361325322,0.9999993724873503,2.954669937981607e-11,0.0007921568361543084
484,0.0009081508036065737,0.000681869676516011,0.7071063252351085,0.7071063251932921,0.5006449774191271,0.0008030205905988526,0.9999993551577228,2.925526290225428e-11,0.0008030205905937814
485,8.602360914163154e-05,0.000506905044967474,0.7071066877280036,0.7071066877194322,0.5000641298161748,0.0003635607142116741,0.999999867823599,6.014454874033939e-12,0.0003635607142066938
486,0.6676215276945741,0.7388221142536436,0.06507247759329353,0.06472216732265108,0.42610970450094443,0.7041223663876048,0.0002481430970096557,0.09177867240309343,0.7041223664034862
487,0.033340201367960565,0.11284710091272891,0.7021946303293659,0.7021941782192018,0.4732143565004254,0.08320467898926326,3.2078025705312175e-07,0.9930528499471882,0.08320467899077215
488,0.0013896223472642146,0.006899229616067085,0.707089270125074,0.7070892685187831,0.5009897864855006,0.004976465591289078,0.9999752344835537,1.1642244511632493e-09,0.004976465591355893
489,0.0006643426962038278,0.0014062472940326823,0.7071059260210747,0.7071059259426512,0.5004621658548051,0.0010997460304794978,5.5379866245886805e-11,0.9999987905579366,0.001099746030491711
490,0.017328644345505267,0.01810971194996729,0.7068846388292723,0.7068846184530011,0.4876342074949303,0.017723481341844826,1.4163781192890027e-08,0.9996858288573646,0.017723481342249842
491,0.006917413035255703,0.005975137857454941,0.707077241521897,0.70707723881268,0.4950791361416454,0.0064634694562391674,1.9346786491961957e-09,0.9999582226899177,0.006463469455995173
492,0.16930366429762017,0.037700095320756584,0.6963893852161408,0.6963883946667105,0.612123656417083,0.12264792687171602,0.9848426128411061,7.04435929802807e-07,0.12264792687145434
493,0.9617261113948474,0.18612032208160453,0.14227809978156974,0.1421233784151137,0.7808089036988268,0.6926607710965744,0.00010990975424008806,0.20110221353686253,0.6926607710952846
494,0.9519268974097843,0.3039643778912372,0.027263813804968853,0.026410698952869533,0.6538308727245528,0.7065971834821996,0.037953630348999526,0.0006020844646864617,0.7065971835017852
495,0.006214001866844472,0.034439480760555606,0.7066736745144949,0.706673634780496,0.5041651944143338,0.02474562238330774,0.9993874665742492,2.816325123198067e-08,0.0247456223829704
496,0.0004487950384770598,0.0013215387529073182,0.7071060925376291,0.7071060924744629,0.5003178552261711,0.000986884405276451,4.50175382350064e-11,0.9999990260586948,0.0009868844052644606
497,0.43867769530446493,0.8984183688126376,0.015035822565149574,0.013425284436287984,0.29963786819344745,0.7069631128274606,0.020124986184865024,0.001139804134441326,0.7069631128134659
498,1.9360744273542503e-05,0.00040260209480968815,0.7071067237497336,0.7071067237444658,0.5000123430490514,0.00028501165341649664,3.727549991325266e-12,0.9999999187683541,0.0002850116534122237
499,0.7730043569043406,0.6335604321823853,0.023571825052014897,0.022579272843918977,0.5299729191143139,0.7067299857532499,0.03263374343011348,0.0007023447732131872,0.7067299857362593
500,0.3138045425207861,0.879137324583965,0.2536574764123893,0.2535787023327536,0.04556605726713934,0.6600589846368411,5.5710917988903304e-05,0.35867014165240846,0.6600589846244914
501,0.0005909809381226852,0.029331947687734512,0.7068024218499606,0.7068023939313309,0.5008187624651245,0.02074502831980863,0.9995695511569117,1.9754641212740565e-08,0.020745028319498728
502,0.686276790098015,0.7270751933965087,0.014691436353535871,0.01303838368670778,0.47489713011803525,0.706970353788424,0.001169290994222894,0.019607919569975606,0.7069703537723314
503,0.12713226576564937,0.37606698056001814,0.6490062549751171,0.6490006888570492,0.5505379291426755,0.2807035686131563,0.9178295120111952,3.878513469931729e-06,0.2807035686165672
504,0.8502345271744176,0.5263605113423426,0.006771830541049991,5.666606893769166e-05,0.605996209803646,0.7070905667220709,0.004616493048987303,0.0049546838293394865,0.7070905667258889
505,0.6895194605006814,0.7220608338448781,0.04022919208114842,0.03965700344945062,0.516023921306774,0.7059776675610293,0.05648807296468354,0.0004042657891324001,0.7059776675554267
506,0.0014417774842223558,0.002446339809541581,0.7071039305042464,0.7071039302427667,0.49897564939750544,0.0020078969939844216,0.9999959683415339,1.8391113241121803e-10,0.002007896994025798
507,4.071227291788599e-05,0.0003408377315876451,0.7071067395300209,0.7071067395262006,0.49997187463093057,0.00024272190717145614,2.661273366056647e-12,0.9999999410860739,0.00024272190716744774
508,0.015422384220691965,0.02630717993428277,0.7067779442609229,0.7067779140968954,0.5107007473806026,0.02156290392264976,2.0871346086139283e-08,0.9995349330307843,0.021562903922430172
509,0.03135360264699969,0.10138765481726172,0.7031137929027023,0.703113425616156,0.4751546543706575,0.07504167158254048,0.9943528021037813,2.6205842726655213e-07,0.07504167158578161
510,0.9998951625442192,0.0,0.01780470488102968,0.016467490180673443,0.6944489257035268,0.7068987955436461,0.02423417780397648,0.0009435967975741607,0.7068987955218188
511,0.06390273220704465,0.07023418711224363,0.7039119309953363,0.7039116373377947,0.45281532963667664,0.06714313152902016,2.0959120688050943e-07,0.9954815918825997,0.06714313152750337
512,0.002760514014344153,0.0022134350250880563,0.7071023549819235,0.7071023545759808,0.4980430753177535,0.0025019724339533653,2.876568140169343e-10,0.9999937401143463,0.0025019724338598195
513,0.0028140144538755887,0.03393593280006422,0.706696712517583,0.7066966748927596,0.5010769407980638,0.024078685723833402,2.6430314078825928e-08,0.9994200487220786,0.024078685723476625
514,0.7624843479916513,0.646845655027219,0.011273085376583536,0.00901305643192488,0.5471370679667935,0.7070331259448799,0.0015954659826892489,0.014344759616350688,0.7070331259399787
515,0.9913065243537547,0.13137207340754928,0.007022167979102784,0.0018593092211443823,0.6959926325332916,0.7070881246910373,0.003653426570838122,0.006278562590120691,0.7070881246683571
516,0.42245375866912216,0.9061225024760347,0.01613504446955295,0.014646027965054195,0.31011288787838515,0.7069388779151757,0.02176546994517614,0.0010536191215212486,0.7069388779073166
517,0.6053172107181426,0.7931991256376976,0.04728573286226422,0.0468005057848949,0.4613898825558795,0.7055401378146134,0.06652901942387615,0.00034270766099910683,0.7055401378082494
518,0.9746055641940897,0.22345943596592266,0.011307552743776168,0.009056156506297198,0.6811659159567517,0.7070325753857626,0.0015921482537688551,0.01439929802656539,0.7070325753624542
519,0.008128510368858036,0.0014972891023297226,0.7070826290389539,0.7070826268236889,0.505733771985253,0.005844422788980624,1.56424197714983e-09,0.999965842138884,0.005844422788970007
520,0.0010555766742598954,0.0020854549948682143,0.7071048496813847,0.7071048495042418,0.5007429797760121,0.001652780180605313,1.2373799307836826e-10,0.9999972683139442,0.0016527801806231327
521,0.22815944023239182,0.9731948395685908,0.020986803978488667,0.019865249272985875,0.176203117884955,0.7068114762498448,0.02888676125676613,0.0007931544641300118,0.7068114762591289
522,0.6287865030374187,0.7774983266809348,0.009212386780916725,0.006246401853711694,0.45110246539021315,0.7070629796568476,0.0020975900696731673,0.010930952484521679,0.7070629796506532
523,0.003834114973637573,0.018057538393105796,0.70698629424486,0.7069862831946709,0.4972563026247978,0.013053258683137111,7.833353434257639e-09,0.9998295979193133,0.013053258683364127
524,0.00036797297930909366,0.001762876504358773,0.7071056346158707,0.7071056345107167,0.5002505278942495,0.0012734083561774666,0.9999983784298437,7.450306170203828e-11,0.0012734083561604353
525,0.9655831630264211,0.25990680206996064,0.00846941510589061,0.005087094005342784,0.6767792977448167,0.7070722701802379,0.00958599229794628,0.0023912903041657593,0.70707227015667
526,0.0020878649731997903,0.0053495170000403425,0.7070951226674134,0.7070951215979903,0.49851622609239193,0.004060573375684454,7.647256336215812e-10,0.9999835116079272,0.0040605733758568826
527,0.9983737933195318,0.03773855947819641,0.03058874911290885,0.02983116439213162,0.7276440781448571,0.7064610498807055,0.0005359666239719674,0.04272332713004516,0.7064610499243199
528,0.006645175681629358,0.0010088463722131207,0.7070908095644579,0.7070908080993809,0.5047006445542327,0.004752690335083337,0.9999774116794621,1.035128982146987e-09,0.004752690335089298
529,0.645074223768596,0.7640882830864045,0.006862766125289275,0.001115311846295379,0.4609723022429275,0.7070896896830189,0.005637665274942851,0.004069178006994575,0.7070896896890511
530,0.24925940763848697,0.9680553358984623,0.01980469311727958,0.018611902049364294,0.19027973713619784,0.7068455882459543,0.027164614342489225,0.0008440941822930731,0.7068455882368204
531,0.00019600688857507307,6.822289856197244e-05,0.7071067659586172,0.7071067659572207,0.49986151729297806,0.00014675330364006183,0.9999999784634671,9.887959350531673e-13,0.00014675330363506683
532,0.036778858960926614,0.0300220216448784,0.7063094566514194,0.7063093834819567,0.47343019605038705,0.03357086720802586,0.998872361090186,5.196050330818216e-08,0.03357086720676685
533,0.7852995507872023,0.6190270445747955,0.008831356525400411,0.005669282171129026,0.5615315352947396,0.7070678420024965,0.002239883105132035,0.010252635860594972,0.707067841997867
534,0.006305265944853642,0.013280524533063465,0.7070303675240759,0.707030360515979,0.5043921015193443,0.010395400603491275,0.9998919298067094,4.993869793085047e-09,0.010395400603606
535,0.0036992374562218318,0.0018654340544345318,0.7071007129769646,0.7071007124204438,0.5026192784687226,0.0029295223133675224,3.960056512236934e-10,0.9999914178621891,0.002929522313354249
536,0.027253319237851382,0.9995892683366926,0.007887295254693668,0.004044341470220314,0.020941781246341128,0.7070790033158671,0.00843863270477197,0.0027121213904266954,0.7070790033266959
537,0.052726846314561766,0.05708658390534485,0.7049685377892254,0.7049683414141552,0.5357968079723459,0.054949969658983265,0.9969759283297086,1.3998181359640757e-07,0.054949969659429214
538,0.002179238549653448,0.0001716613258744366,0.707105091790076,0.7071050916350985,0.5015385354294724,0.0015457277035578875,0.9999976107230123,1.1043617841843698e-10,0.0015457277035591667
539,0.7927635295186544,0.5805144812044987,0.1314785297182798,0.13131005830938355,0.4674411517575452,0.69479171871366,0.18581959309953283,0.00011836561306552205,0.6947917187307462
540,0.8946867834155305,0.4459031621939362,0.019387717052785754,0.018167533855160695,0.6463575300923038,0.7068571486324577,0.026555633527014157,0.0008609221080977868,0.7068571486292691
541,0.0,1.0000476380421344,0.010150725067955998,0.007562283323481487,1.8172735348099482e-10,0.7070501307074779,0.001833732556071666,0.01252448695087505,0.7070501306965911
542,0.492975047647211,0.8667908154590762,0.053361427838905906,0.05293243478254666,0.38624194342773893,0.7051066285950097,0.00030318508588453167,0.0751611116989299,0.7051066285877333
543,0.004393334609992864,0.005747983040117246,0.707088276561894,0.7070882748643942,0.4968837005463528,0.0051156963369465075,0.999973829308535,1.202474113543099e-09,0.005115696337058012
544,0.0015817721219889439,0.004749351737523195,0.7070979220744552,0.7070979212619818,0.5010970780486791,0.00353965711420664,5.699256317655486e-10,0.9999874707490232,0.003539657114250239
545,0.0010989894542399186,0.0008488166890121353,0.7071060994719415,0.707106099409406,0.4992228119849639,0.0009819031500176458,0.9999990358657395,4.4892792358593e-11,0.0009819031500415425
546,0.003039629709594591,0.0007146379921850851,0.7071033341707481,0.7071033338546656,0.502155724436419,0.0022079465835188206,2.2029995511064992e-10,0.9999951249600029,0.002207946583514193
547,0.9870851179455976,0.14625140505510553,0.046471339736422486,0.04597745237398704,0.7308247008889143,0.7055942490049624,0.00034979905027345074,0.06537116477717583,0.7055942490039326
548,0.5194348111605845,0.8544465108244598,0.008788870278660094,0.005602932598713539,0.37351963816677514,0.7070683711337807,0.0022516686539853096,0.010176791378106443,0.7070683711266884
549,0.9042181072098736,0.33687002834476043,0.18567565143563586,0.18556063984787832,0.7707110815026154,0.6823092412559185,0.2625036989694641,8.138888573500232e-05,0.6823092412535384
550,0.01391857448959819,0.015844963729472045,0.7069495140409827,0.7069494996149344,0.4899860832693275,0.014912907017090592,1.0070008107473542e-08,0.9997775804690702,0.014912907017425831
551,0.1552196270444011,0.9877938136313704,0.010394662653018203,0.007886731198231654,0.10233249558824783,0.7070465863160633,0.0017733484879588436,0.012926901245212096,0.7070465863280405
552,0.001180370056593334,0.0008967494722042939,0.7071060043118311,0.7071060042405729,0.4991631224547664,0.0010481968055862211,0.9999989012828528,5.00717192914035e-11,0.0010481968055473519
553,0.1560002745672567,0.9874973682024161,0.01671391051945136,0.015281427886309113,0.12209164986602121,0.7069254285887434,0.0010137623340309902,0.022624082943332593,0.7069254285789429
554,0.0005051328316820226,0.0003099876253507409,0.707106657006072,0.7071066569946816,0.5003565682821584,0.0004190772634809783,8.118742878090049e-12,0.9999998243742333,0.00041907726345744955
555,0.9203291635078292,0.3904050340052604,0.017663109058034036,0.01631425139969649,0.6382710825562281,0.7069023481871458,0.0009531248636329977,0.024025648239388415,0.706902348211667
556,0.045652570712814595,0.025927893165871997,0.7061316143374509,0.7061315248425577,0.531643395155249,0.037124202730129716,0.9986208425339852,6.372198024182824e-08,0.037124202730316504
557,0.994075296174896,0.1073039959371982,0.01315296315821049,0.011276415692087146,0.7122275252902543,0.7070006513245701,0.001327936648954152,0.017274101277877128,0.7070006513688168
558,0.9704082848663717,0.2413743268999766,0.00678409748304929,0.0004135185945582421,0.6813832991616431,0.7070904486191477,0.005011858647259598,0.004590887625225687,0.7070904485957102
559,0.4590759696723685,0.8882268411390298,0.013194471007603995,0.011324836421919102,0.33398336569767767,0.7069998776610641,0.017338249270332697,0.001315711744089713,0.7069998776535072
560,0.0011081575656089052,0.0011437278032698478,0.7071058845709957,0.7071058844887299,0.5007875734715977,0.0011260831403703219,5.830286415890025e-11,0.9999987319359559,0.0011260831404307774
561,0.9378964711443288,0.33520021729356303,0.06338973293261765,0.06302987783649172,0.6184246433692803,0.7042758608072007,0.00025339483567341056,0.08939216706406058,0.7042758608265043
562,0.03207772100840944,0.0015595149538817081,0.7067420445349958,0.7067420110722926,0.4770143201606911,0.022709164141556718,2.3524051082998048e-08,0.9994841608189768,0.022709164140861025
563,0.9128416881028829,0.40690520046749723,0.024433761885615607,0.023477747033469207,0.6281785612930064,0.7067007098651256,0.0006744775504856694,0.033878583289217175,0.7067007098839388
564,0.738521546189236,0.6736989306572546,0.019512815772494096,0.01830100178016712,0.5084447770865118,0.706853706002152,0.0008573913027227317,0.026738390484151997,0.7068537059855399
565,0.004318921379100423,0.000461540065824579,0.7071001112869383,0.7071001106752057,0.4969416075548574,0.0030713271652344025,0.9999905669049529,4.316365925882063e-10,0.003071327165136478
566,0.9172737917075335,0.3979581727898707,0.011914900112013068,0.009804025273208642,0.6570515931927786,0.7070226008550705,0.0014939096065033762,0.015357473435580471,0.7070226008579218
567,0.24885706170568375,0.9663538191885089,0.04623916735702717,0.04574274129441512,0.14327960186217753,0.7056095028424918,0.06504103126398562,0.00035104289795356245,0.7056095028550677
568,0.7759626646885054,0.6303092754436517,0.01786051999136423,0.016527817951359165,0.5613096050416849,0.7068973875509514,0.024316151052566598,0.0009443191112945746,0.7068973875556765
569,0.06962615964911646,0.007819434683575616,0.7053691514129754,0.705368991847804,0.44960682484220166,0.04954263605418457,0.9975425075782164,1.131390599972759e-07,0.04954263605576232
570,0.12868717228554333,0.13080404948903504,0.6951012358730502,0.6951001253158984,0.5824697372619704,0.1297499280795897,7.824151392527667e-07,0.9830208097114769,0.12974992808059796
571,0.9914372609294018,0.12546617183310188,0.026040282500282962,0.025145597102838556,0.7194955621927195,0.706643333879414,0.0006316818253647748,0.03619389927079328,0.7066433338802791
572,0.09372973043638082,0.32982796117688545,0.664241539967524,0.6642374816113921,0.5362811408586199,0.24245798048593825,0.9393765248225737,2.8525842089224433e-06,0.24245798048900555
573,0.00026550388200013997,0.00028491957294208555,0.7071067275650396,0.7071067275601217,0.5001878105380776,0.00027538289198988204,0.9999999241642591,3.4662713467097052e-12,0.0002753828919921019
574,0.00022680339758634872,0.0,0.7071067630738009,0.7071067630721399,0.4998397376025795,0.00016005144810066484,1.1689489545824947e-12,0.9999999743835338,0.00016005144810560097
575,0.03156844369309476,0.06433161326996356,0.7052889877134888,0.7052888207727027,0.5210998971935006,0.050671111607424595,0.9974291337718454,1.185891205816375e-07,0.05067111160797805
576,0.2167478425167724,0.9762019008627236,0.006930921307103626,0.0014777842069455087,0.15816551115133676,0.7070890249809075,0.0059465029723920594,0.003854947305332853,0.7070890249715521
577,0.009324530595564252,0.004602000443638004,0.7070685538472741,0.7070685503410646,0.5065733888856706,0.0073527300681575265,2.4774780048444993e-09,0.9999459358990818,0.007352730068190349
578,0.002142258821821608,0.0007721321665064143,0.7071049479309394,0.7071049477628053,0.5015125444257349,0.0016101957865806205,0.9999974072661671,1.204772898038275e-10,0.0016101957865751644
579,0.005237525958793712,0.0011015906610876384,0.7070966539780211,0.7070966530488833,0.496293447922908,0.0037845197948068805,6.706363025862047e-10,0.9999856773073535,0.0037845197946831236
580,0.3535893117550596,0.9332910947016083,0.044654263935900544,0.044139867190552955,0.2816279477766866,0.7057115801970825,0.000363232134861251,0.06278693515113576,0.7057115801887343
581,0.9085264839354436,0.41776912260477433,0.00687176452430266,0.00116920411235105,0.6375640287141205,0.7070896024505996,0.005699744375010739,0.0040126175986924814,0.7070896024693873
582,0.8729024031453851,0.4877584268138204,0.00945943818343162,0.00660535270642369,0.6239378969622054,0.7070597175450822,0.0020158411252181726,0.011359931323749368,0.70705971754156
583,0.8116733112058584,0.5814924991082665,0.03936131024190756,0.03877623773628413,0.6018720066713888,0.7060265896681954,0.05525159377721963,0.00041320941135021636,0.7060265896724837
584,0.9461193818052418,0.32365586020899034,0.008684797682302783,0.005438181134145974,0.662864095124717,0.7070696572619911,0.002307622259742948,0.00998370694364833,0.7070696572860169
585,0.9689347939416868,0.23483732647902897,0.05505623134011913,0.05464070435101215,0.724116745930563,0.7049763133667392,0.07756745205849988,0.00029251068999021547,0.7049763133683846
586,0.6377972711263687,0.7701719816727859,0.006914302745008596,0.0013971426257439537,0.45588273267158474,0.7070891882929075,0.003929301973187981,0.00585834242510671,0.7070891882989773
587,0.4286090622889734,0.9034429880763127,0.008089849709048358,0.004426437754438422,0.29735028759659704,0.7070767147206212,0.0025903899306607024,0.008850361547193387,0.7070767147066741
588,0.007712678698527828,0.005393725142874337,0.7070754649893229,0.7070754621166021,0.494520394775058,0.006654986203138396,2.058206621860696e-09,0.9999557101778428,0.006654986202973178
589,0.00700826967338094,0.006883367735196066,0.7070726652296943,0.7070726621015703,0.5049383017771314,0.006946099393771371,2.21908060668005e-09,0.9999517505392073,0.006946099393718667
590,0.3825475411890983,0.9237480846774072,0.014012656027278164,0.012268415585672578,0.2804540574130554,0.7069841339940396,0.0012303836075465073,0.018583721535254175,0.7069841340021589
591,0.5500135232634219,0.8345898287124685,0.0222570802587407,0.021202934122700103,0.4046707257491828,0.7067726147613866,0.03073088051649665,0.0007449964673690498,0.7067726147682174
592,0.2774876595225894,0.9544812973253145,0.07749631694041666,0.07720345024363882,0.25102134268677656,0.7028634106793435,0.0002076981228080264,0.10938925326713458,0.7028634106704807
593,0.2050426455089443,0.049769688334784914,0.6911883004452138,0.6911868234952085,0.34389297712687245,0.14919703139726792,1.0549221615272853e-06,0.9774868242818556,0.14919703139302368
594,0.7141217555964583,0.6999541210998966,0.008372535495155802,0.004924143426276388,0.5108808972899633,0.7070734238582571,0.009400845950494154,0.0024434881860288336,0.7070734238636455
595,0.723843859873646,0.6899299224856789,0.006805515547804258,0.0006788297639816425,0.5070148497641217,0.7070902432239249,0.004322498288754614,0.005300175493659273,0.7070902432404308
596,0.43754949108210384,0.8983377520552104,0.028155961524238146,0.027330773439944306,0.3292820282479313,0.7065621949498606,0.0005870995259491715,0.039234992803957223,0.70656219494214
597,0.8382838327874682,0.5450240572262612,0.011722711813858233,0.00956956123660749,0.5844459046473577,0.7070258133548935,0.015056081398420356,0.0015208180220173226,0.7070258133726893
598,0.01762650149745298,0.004497687010477557,0.7069897780138286,0.706989767281309,0.5123370231853179,0.01286317891278752,0.999834524937263,7.7691428498514e-09,0.012863178912755171
599,0.007958912249932261,0.000770813364696689,0.7070841762105996,0.7070841741370912,0.4943686112662803,0.005654132888578827,0.9999680302702457,1.490148319599264e-09,0.005654132888746789
600,0.1432894657434524,0.731306114943735,0.47153205628477773,0.4715050531529067,0.4356250038135808,0.526944259269724,0.6668279349935288,1.9108703856394603e-05,0.5269442592626146
601,0.00020610261934335053,1.2897185334681965e-05,0.7071067661100859,0.7071067661087029,0.5001454060454312,0.00014602162012828648,9.920454444069658e-13,0.9999999786776859,0.00014602162012817692
602,0.0005848981373162424,2.1554645180541395e-05,0.7071066600751542,0.7071066600640431,0.5004135769298957,0.0004138661823373137,0.9999998287147686,7.88328344176108e-12,0.00041386618233724603
603,0.006404505677586623,0.010521627956682001,0.7070531396616045,0.7070531347408299,0.5044801525212269,0.0087098320256922,0.9999241359484063,3.4692570910858997e-09,0.008709832025779723
604,0.4966951975045229,0.8675006345506469,0.019778177898921494,0.01858368933131966,0.36519550035980514,0.70684633059796,0.02712591736493332,0.0008452439146189287,0.7068463306051974
605,0.015087174453270739,0.008115912415673287,0.707003013639983,0.7070030041213848,0.48925549117157047,0.012113852964929374,6.717234658941063e-09,0.9998532437976492,0.012113852965360649
606,0.030698761465621793,0.018179973720771393,0.7066566114325545,0.7066565701376074,0.5214112340125011,0.02522821238234829,2.896278240025128e-08,0.9993633346285961,0.025228212382216317
607,0.5578604481745283,0.8287393912038872,0.03184739205472417,0.03112059329209857,0.41690980905588404,0.7064054261902418,0.0445250758700578,0.0005150983450917856,0.7064054261834654
608,0.5571121209989218,0.8290813723804377,0.03388161059599278,0.03319956965919793,0.3700255049224051,0.7063107761451736,0.0004824228451287445,0.04743355595285815,0.7063107761736862
609,0.6623420011760801,0.7488392943956853,0.017155507384808685,0.015763254496304835,0.45621329324457377,0.7069148493323274,0.023277057532759493,0.0009849967320274481,0.7069148493047156
610,0.9592274762951951,0.28254360150540064,0.006986269421804677,0.0017187228589794965,0.6832148214740997,0.7070884803291876,0.006149662019782133,0.003734116460753583,0.7070884803311762
611,0.2414568572914914,0.9700678372861065,0.018878595217536768,0.01762316011916542,0.1574771237012411,0.7068709298210952,0.0008872857205914656,0.02581065388600954,0.7068709298336494
612,0.014222824969835547,0.011422283042316574,0.7069891293223449,0.7069891185324766,0.4898727934923612,0.012898784762873861,7.628811254455374e-09,0.9998336075084173,0.012898784762562484
613,0.005023676188294765,0.031002628146255092,0.7067579659809132,0.7067579339831208,0.5031063069897119,0.02220810971732551,2.2499295667207604e-08,0.9995066781795743,0.02220810971701646
614,0.0015613764912914255,0.00045997058074309806,0.7071058444999697,0.70710584441405,0.49889751537806165,0.0011509712158153645,6.202702350694017e-11,0.9999986752643838,0.001150971215854003
615,6.621568765756655e-05,0.000698076213407661,0.7071066073540928,0.7071066073381479,0.5000542784474055,0.0004958300701977307,0.9999997541525104,1.1350543101583902e-11,0.0004958300701906414
616,0.9935705521155545,0.02462177011919117,0.07828353384380089,0.0779936839360594,0.6472043754272282,0.7027761640680487,0.11050468232308985,0.00020393544186761433,0.7027761640898257
617,0.003436157930840135,0.0008436336161609829,0.7071023552764868,0.7071023548705242,0.49756919655703175,0.00250188918655258,0.9999937405309076,2.8867674670644905e-10,0.0025018891866355093
618,0.9212661912664131,0.38878234428405584,0.009020674975171622,0.005959951800242054,0.6450581129435498,0.7070654518369783,0.010593051637052998,0.0021635294043818483,0.7070654518614945
619,0.12121405454001577,0.9926029055589244,0.006800489653931272,0.0006268886281516013,0.08063638615495318,0.7070902913941575,0.005278683190343122,0.004333030424693674,0.7070902913823941
620,0.9989769674549934,0.03599503832896312,0.01993989178742506,0.018755703814852163,0.6922943264255341,0.7068417871980299,0.0008401111260113729,0.02736183333369008,0.7068417872201487
621,0.07733728677073876,0.9967753932671938,0.015868174507226225,0.014351323624687043,0.06512247237065402,0.706944920238206,0.02136838054292362,0.0010732031238718082,0.7069449202713216
622,0.05208029804764741,0.029739631852533355,0.7058340321132933,0.7058339152924579,0.5359421754237571,0.04240756497151019,8.21746661850697e-08,0.9981999783943014,0.04240756497129436
623,0.0017789322803654513,0.0038689846067324553,0.7071003702408631,0.7071003696529136,0.49873856538747685,0.0030111162336336514,0.9999909331379226,4.1198887632908454e-10,0.0030111162336925517
624,7.40523873605733e-05,0.00028238287729202415,0.707106751056749,0.7071067510539857,0.4999445592734367,0.00020642655529637792,0.9999999573880766,1.957787705921592e-12,0.0002064265552926615
625,0.07327223255144745,0.085962489173081,0.7025817445038717,0.7025813281620786,0.4449028098473353,0.07986979907451225,2.964784080074609e-07,0.9936003373550185,0.07986979907137937
626,0.6310346110635753,0.7756167129770715,0.01139928731713819,0.009170446454315601,0.4542982449912451,0.7070311022752697,0.001578198669252911,0.014544762922457884,0.7070311022691309
627,0.0009013810475283338,0.006711479676540104,0.7070905690420162,0.7070905675550972,0.5005932414618827,0.004788342429608096,0.9999770715139183,1.0443010996471416e-09,0.004788342429675754
628,0.666528058107746,0.7445947763045432,0.0261224634410657,0.025230611543574165,0.45293697113358766,0.7066403021224443,0.03631204816597265,0.0006340450178294275,0.706640302106522
629,0.9594086125057515,0.2786892825998228,0.030928699856684158,0.03017968752259306,0.7003479472507351,0.70644624777438,0.043210172428200425,0.0005282163490488013,0.7064462477724082
630,0.006626841204619959,0.001023233324149943,0.7070908852585964,0.7070908838008014,0.5046795812938191,0.0047414148740309615,1.0160177273044853e-09,0.9999775187322885,0.004741414874038337
631,9.366225183632342e-06,8.875062678504542e-05,0.7071067783708355,0.7071067783705772,0.5000064263981322,6.310467466457353e-05,0.9999999960177994,1.8200123577013824e-13,6.310467466366707e-05
632,0.00020062420288346783,0.00015898565924862292,0.7071067580204896,0.7071067580183645,0.5001416074073696,0.0001810062300487843,0.9999999672367442,1.5111561093709611e-12,0.00018100623003883788
633,0.010710718102440394,0.0012149785528428726,0.7070657005096533,0.7070656967421116,0.49238768579847764,0.00762219303701351,2.634482223363051e-09,0.9999419004855307,0.007622193037239623
634,0.019883524684453008,0.05252142848197035,0.7059908957033277,0.705990793268826,0.48476545480209376,0.03971054648153227,7.090326839210084e-08,0.9984218271834447,0.03971054648077818
635,0.1936715401820903,0.2359161039823979,0.6733643882109318,0.6733612159120692,0.6135521361172611,0.2158298792979556,2.2357163939393745e-06,0.9522788070729417,0.2158298792960941
636,0.9121565433529106,0.4096254406542591,0.010566472084422674,0.008111846100316811,0.6524686652800642,0.7070440395140395,0.013207332513712262,0.001737454269426307,0.7070440395111216
637,0.0064949828715920995,0.00675707910283876,0.7070757247666444,0.7070757219175464,0.5045875952534824,0.006627326780218557,0.9999560775751579,2.0046511212825226e-09,0.006627326780270683
638,0.6795927177520299,0.7325664703293626,0.027801901090548316,0.026965882580496314,0.5002140881367994,0.7065762150908984,0.0005912391979077199,0.03872666992919226,0.7065762150965967
639,0.48785523069380177,0.8728924147509068,0.007140158197324602,0.0022644934862672255,0.3399206131475764,0.7070869430872787,0.0034442177720680617,0.00665185340869287,0.7070869431163718
640,0.051787554066536366,0.018604512566143715,0.7060354311953962,0.7060353328685746,0.5358785181522093,0.038910658166382076,6.966924422411373e-08,0.9984848127849034,0.03891065816651322
641,0.04383875400619679,0.041178173319925654,0.7058267094440145,0.7058265919647908,0.468055890364994,0.042529274099531805,8.378092252085382e-08,0.9981896221105436,0.04252927409853789
642,0.999596645473101,0.026099580847158407,0.009252248762263743,0.00630508773703003,0.7133650476515065,0.7070624589673019,0.0020757562323459496,0.011002248615366517,0.7070624589670892
643,0.007788780734387704,0.02530842470151976,0.7068588440031547,0.7068588212566378,0.5052555511910471,0.018724068283448594,1.605947718426866e-08,0.9996493477884132,0.018724068284366492
644,0.015126500333069504,0.005117021312064459,0.7070166252553652,0.707016616985116,0.4892358243666744,0.011291477304308642,0.9998724944114444,5.872184742892171e-09,0.011291477304620358
645,0.003205086069467213,0.003391244899203583,0.7070990835377904,0.7070990828316338,0.49772966459216667,0.0032994786466625254,5.037966289783921e-10,0.9999891133814014,0.0032994786465872375
646,0.9571233357181994,0.28350351628719506,0.04234601887449432,0.04180300422147905,0.6469020893322716,0.7058538529646297,0.0003845254161381493,0.05950234127044389,0.7058538529883679
647,0.08811296129497409,0.027201462562160786,0.7040939484312557,0.7040936715159378,0.5602783158564107,0.06520664656963676,1.9540783276896562e-07,0.9957390152476057,0.06520664656944658
648,0.5169758760505323,0.8559727726392492,0.006797431592786991,0.0005924574313408505,0.3607430195314069,0.707090320926977,0.0052217531740039935,0.004391967196638531,0.7070903209416208
649,0.9538568898885227,0.07683688093178484,0.20529870979566864,0.20519641102393762,0.5294917207867443,0.6766634587025551,0.2902638835220085,7.25506226985662e-05,0.6766634586822512
650,0.00037274962558665325,0.0009345267374357952,0.707106423306958,0.7071064232741308,0.5002651440569694,0.0007114360499613249,2.3733918870511847e-11,0.9999994938586186,0.0007114360499530577
651,0.008941218425178142,0.004724164083102115,0.7070706264499967,0.7070706231335004,0.49366588877341827,0.007150633300909744,2.3487582094645814e-09,0.9999488671361091,0.007150633301095632
652,0.0675571147410261,0.9966963095207807,0.032235699376062237,0.03151788973257474,0.07203095863107338,0.7063878121463889,0.04508059174086534,0.0005078737559908916,0.7063878121567374
653,0.03266648144805468,0.006333993013641692,0.7067152298832472,0.7067151939596131,0.4766139287868742,0.023528902202662114,0.9994462374346629,2.5108145677673645e-08,0.023528902201983934
654,0.8460476076835084,0.5324857071526801,0.018818117202997465,0.017558350607876208,0.6115779880755112,0.7068725425401496,0.025722044630693927,0.0008908597821463659,0.706872542536278
655,0.07872752240399877,0.9959897609438636,0.030431434557667496,0.02966986858546527,0.07664787701966755,0.7064678431123075,0.04249802517540523,0.0005395992096015883,0.706467843101957
656,0.014129129054640449,0.10936380747433129,0.7027945941016581,0.7027941973496793,0.4869403568105106,0.07797459417441044,0.9939013659950459,2.7683025748926995e-07,0.07797459417311056
657,0.00027534447729927553,9.852994364550785e-05,0.7071067509510818,0.7071067509483088,0.4998054312710394,0.00020678821409466283,1.9761048436981936e-12,0.9999999572386337,0.00020678821408759768
658,0.00030188709035951385,0.0006376369031257312,0.7071066052251928,0.7071066052090504,0.4997837236675595,0.0004988570113487759,1.1350139755688513e-11,0.9999997511416515,0.0004988570113586396
659,5.326681034485879e-05,0.00029171883320448143,0.7071067500974667,0.7071067500946149,0.4999625948717035,0.00020968694610586075,0.9999999560313839,2.0018751520274338e-12,0.00020968694609654908
660,0.8742156147461247,0.4854704319775134,0.007462319945456103,0.0031356643076791793,0.6128870205198197,0.7070836164679042,0.0030559260372340392,0.007495326922407068,0.7070836164931618
661,0.01027721529334327,0.001168810362788257,0.7070689561976354,0.7070689527276869,0.4927287436854753,0.0073139343092849,0.99994650493406,2.483628883423487e-09,0.0073139343090674784
662,0.0070507405186365215,0.003577479501064853,0.7070846807720443,0.7070846787450958,0.5049714029295361,0.005590675336727868,0.9999687438608067,1.4245991961364865e-09,0.005590675336753585
663,0.9986699953705261,0.04101341423700966,0.022604772657295234,0.02156767146371253,0.7221845476247182,0.7067615792476215,0.031234635238559644,0.0007333217361912647,0.7067615792473101
664,0.3794611930336038,0.25137287955304505,0.6296151122504897,0.6296075673246958,0.7131918804843193,0.3218533218676332,0.8904048957512503,5.3780892594847725e-06,0.3218533218657925
665,0.39290994488542985,0.9195418467688734,0.007430357555336801,0.0030589275263133895,0.2830732772206803,0.7070839528515745,0.007416374204084479,0.0030926759733891896,0.7070839528434898
666,0.0002624266222473577,0.004777088256963055,0.7070986888722137,0.7070986881300594,0.5002002929821463,0.0033830045777784204,0.999988555214536,5.285276222018179e-10,0.003383004577828522
667,0.118179933961855,0.9929681921300257,0.00683837653055665,0.0009535372202767923,0.07881322163512813,0.7070899261726623,0.005515054226324348,0.004154130918113097,0.7070899261609795
668,0.06374022869836997,0.0,0.7056711573337334,0.7056710255211441,0.45406366915027635,0.04503677079461362,0.9979696280713083,9.484212504529937e-08,0.045036770793220306
669,0.04807682825138599,0.03433080778562666,0.7058718631108797,0.7058717497466863,0.5330816895370618,0.041773112033374235,8.048049168154738e-08,0.9982534819483811,0.04177311203362848
670,0.026719381209771104,0.02038295755038514,0.7067073869323552,0.7067073502975009,0.5186002358129291,0.02376331511728369,0.9994351453242337,2.568580384476405e-08,0.02376331511743571
671,0.8753953279412285,0.48081922018158163,0.035648557150575536,0.03500110992132525,0.6442071289858555,0.7062237969200869,0.0004574569524106444,0.049956861948877794,0.7062237969235615
672,0.37258542023290575,0.9277839273615084,0.014881648934111447,0.01325236901572177,0.252911275332223,0.7069663751626946,0.01989357856719222,0.0011551152834039413,0.7069663751762146
673,0.03111209617587108,0.0685961845415002,0.7050981708512064,0.7050979863821587,0.47640771218820915,0.053260675277342774,1.2974472237005943e-07,0.9971592655829236,0.05326067527838576
674,0.4013528965617428,0.9056131883881448,0.09701958276140438,0.09678742686805195,0.2147431687327577,0.7004353626781524,0.13704225128441527,0.00016371265889508185,0.700435362664513
675,0.025077690406164307,0.05543629404457738,0.7057967471212205,0.7057966268689579,0.5167511343097597,0.04302367518905115,0.9981472470264537,8.39241350236515e-08,0.043023675188566785
676,0.0001744475690726497,0.0004419979065296788,0.7071067013599328,0.7071067013526102,0.5001213598982155,0.00033600156526475384,5.096870153989842e-12,0.9999998871029412,0.0003360015652814895
677,0.014706904038157217,0.9997536695049126,0.012691543406079276,0.010734617414600911,0.016023896917004548,0.7070090850546361,0.0013838037772075252,0.016564793152117348,0.7070090850654837
678,0.9871527020685451,0.15962122197051062,0.00694485311283937,0.0015418529916852765,0.7029326406154355,0.7070888882251596,0.0060298797561451675,0.0037747643016901385,0.7070888882262943
679,0.4187466127812967,0.9080408809799841,0.008913021469283848,0.005795757204904264,0.28979652679155465,0.7070668169509585,0.002205787759475186,0.010400348727339097,0.7070668169370948
680,0.9783551402321586,0.15847224195413165,0.09421467539335268,0.0939753321454647,0.6251705404761729,0.7008181760841984,0.1330704330923372,0.00016717638301211923,0.7008181761046681
681,0.5978134851736315,0.7763103462688341,0.14143073711322238,0.14127501484745392,0.5224419721093205,0.6928342935979906,0.19990315435716643,0.00010999360274003107,0.6928342936042171
682,0.9945475898302867,0.10403928433450343,0.006956002655200398,0.0015915102871361592,0.7081696040370011,0.7070887784150865,0.006036128752214754,0.003805788698798395,0.7070887784157862
683,0.9952917150747072,0.0964509658197212,0.008290491314404253,0.004783393130312743,0.7096375027151753,0.7070743903235992,0.002484653573852464,0.009243353974141513,0.7070743903242571
684,0.7316579234690642,0.6801578611394309,0.03246327171917226,0.03175063691441342,0.5402648352441517,0.7063773895914808,0.04540606898637023,0.0005058205103687864,0.7063773895862991
685,0.022879489920307625,0.7355846119875413,0.4787570599046913,0.47873111987784706,0.3482247642756915,0.5203884090081673,0.677046384833649,1.8214512730904225e-05,0.520388409000262
686,0.2588988167362959,0.9658099930773004,0.01068428474871653,0.008264745850608284,0.1754561916501991,0.7070422689109179,0.0017120012418047445,0.013398843842468743,0.7070422688982116
687,0.000281978543764036,0.0003695238630699802,0.7071067048013768,0.7071067047943705,0.5001982869890653,0.0003286790109844301,4.9676148133628205e-12,0.9999998919701016,0.00032867901098145106
688,0.003620865930987653,0.004035140298702378,0.7070963895822368,0.7070963886291947,0.4974395486494839,0.003833603221496507,0.9999853033783466,6.72453103566976e-10,0.0038336032215828776
689,0.05133570035983346,0.017533231070588826,0.7060656366816735,0.7060655411320479,0.5354831274460341,0.038358625647954156,6.824831805169267e-08,0.9985275317570289,0.03835862564807792
690,0.002270145316223323,0.003386280649677504,0.7071009052128828,0.7071009046739557,0.5015987898773901,0.002882746641225266,3.8117213933531324e-10,0.9999916897372724,0.002882746641252999
691,0.0016956325779448156,0.0016200794851101536,0.7071048367904367,0.7071048366120799,0.5011956849947025,0.0016582863711406296,0.9999972500825324,1.2733894831902553e-10,0.001658286371153006
692,0.047287539331507526,0.03110962407206591,0.7059731676337154,0.7059730635762833,0.5326595825794324,0.040024493038340755,7.355668578190782e-08,0.9983967547593792,0.0400244930381129
693,0.000543457571076735,3.112336093941351e-05,0.7071066764282435,0.7071066764186356,0.49961570666905425,0.00038491219462865575,6.842390864785129e-12,0.9999998518425921,0.0003849121946404678
694,0.9882992947185314,0.15169243624567222,0.012242718731728011,0.01019997105716701,0.7074929892362013,0.7070169999466115,0.001444464642267184,0.01586937596153323,0.7070169999476538
695,0.021645056351654177,0.020957164850815748,0.706785798673251,0.7067857692242372,0.48442417263705406,0.021303887155736008,0.9995460413528143,2.052976682017432e-08,0.02130388715655202
696,0.05368697268223062,0.22563119105868448,0.6878265558792547,0.6878247628963962,0.5239310063437903,0.16399958014352797,1.2691152192335711e-06,0.9727323760544783,0.16399958014137736
697,0.8167835809355564,0.5756747988709998,0.02746727932816315,0.026620601518663363,0.5969791654516868,0.7065893050899821,0.0006025099957789044,0.03824584736427979,0.7065893050942204
698,0.7764158504630113,0.629775677736311,0.01741914993964944,0.01604980052659256,0.5367027280128124,0.7069084018253452,0.02366608938902036,0.0009690689316546383,0.7069084018083021
699,0.5392538170703529,0.8421109131619975,0.0070846409011707315,0.0020829238621196703,0.37630831371514784,0.7070875013994105,0.006483707075721412,0.003534437871878481,0.7070875014142296
700,0.012620679198806748,0.00035886217548779616,0.7070504214641418,0.7070504162942545,0.5088679017545104,0.008927774792753517,3.7142338055954073e-09,0.99992029166054,0.008927774792750101
701,0.0,0.20763785618968394,0.6917227004382063,0.6917212737213363,0.48652034611942874,0.1466993271635539,1.0158671933779332e-06,0.9782426155198722,0.1466993271612703
702,0.0021805868968984214,0.0019482655098397993,0.7071037581905841,0.707103757913292,0.5015390673637105,0.002067691666511163,0.9999957246420348,1.9990740939839296e-10,0.0020676916663987218
703,0.39515360979566966,0.35937452203600767,0.5977945545252429,0.5977836131551308,0.7022525975104953,0.3776879812922434,0.8454014298056395,7.708273692457103e-06,0.3776879812895128
704,0.38077574130835706,0.9194972065293102,0.06921033321000826,0.06888143285978317,0.31831432278204036,0.7037276738893943,0.00023263725910046965,0.09764562404820233,0.7037276738812797
705,0.0018026982800471015,0.0011037576552124072,0.7071052015799398,0.707105201435075,0.4987225233159851,0.0014946574942459473,1.0217777049889898e-10,0.9999977659964776,0.001494657494283957
706,0.005028222606305834,0.002489552138628072,0.707095651433125,0.7070956504122529,0.49644069797807744,0.003967423120155333,7.258674660005682e-10,0.9999842594298987,0.0039674231202594945
707,0.8645475491186898,0.44866620102213434,0.16015567921420842,0.16001979186547022,0.49800502243240846,0.6887466241666913,9.630683961934128e-05,0.22639824667657105,0.6887466241846522
708,0.49486951438083115,0.8689011178551392,0.008968335324972578,0.005880483659274287,0.34353615237103113,0.707066117450804,0.0021843093327775062,0.010499519956021037,0.7070661174363232
709,0.0013041914780493585,0.0011125925964349237,0.7071057422186107,0.7071057421233146,0.5009232873832794,0.0012121835044740666,0.9999985306100685,6.713909171932934e-11,0.0012121835044824473
710,0.9981327916215094,0.06051647386977591,0.0075676847782108515,0.003378879595435355,0.7004336165193111,0.7070824963715047,0.007739427879273129,0.0029644453653834618,0.7070824963501927
711,0.12754518069667348,0.012093610032440824,0.7012798029678518,0.7012792663602739,0.5861449924212991,0.09059257288149196,0.9917590289366122,3.7622648572106187e-07,0.09059257288142014
712,0.02048409942537694,0.009346291236838961,0.7069275322687408,0.706927515825544,0.4853789648253319,0.015920921599675345,1.1564059431364716e-08,0.9997464921223014,0.015920921599252097
713,0.8310265822501234,0.556066026529818,0.01075270782028778,0.008353023856424726,0.5952345513166369,0.7070412315674266,0.013509579391052837,0.001698528095534231,0.7070412315633355
714,0.0016461506664644892,0.012496356813782711,0.7070506129479919,0.7070506077956767,0.49882679679292297,0.00891259630050156,3.6293685506183467e-09,0.9999205624720232,0.008912596300650055
715,0.011092377640739374,0.007426520940718808,0.7070437801567965,0.7070437743779227,0.5077784708951287,0.00943912217869674,0.999910899003002,4.167466683041382e-09,0.009439122178642734
716,0.9808288697234486,0.1876497061488219,0.03747029192232522,0.03685503116994017,0.7200784488658005,0.706129479593707,0.00043487131512296616,0.05255594149304925,0.7061294795924031
717,0.007422369292055025,0.0021014006730674024,0.7070857427773861,0.7070857408477786,0.5052303333337651,0.0054546975487302805,0.9999702458319949,1.3712698823620592e-09,0.005454697548745066
718,0.5313929362610109,0.8470983346201973,0.006775432065205655,0.00022868300766228122,0.3709577045381113,0.7070905321115358,0.004978209330043117,0.004601761342625464,0.7070905321262874
719,0.005351300122303921,0.004308561417171058,0.7070900939947102,0.7070900924638251,0.49619500244490167,0.004857988989580006,0.9999763996644868,1.083422695264981e-09,0.004857988989398374
720,0.00798250065772868,0.01688181553123687,0.7069834863616254,0.706983475054107,0.49424721891024914,0.013204469174761658,0.999825626790802,8.049864191022059e-09,0.013204469175022463
721,0.0008403166409379031,0.0007775507369066851,0.7071063177991329,0.7071063177566336,0.50059391045672,0.0008095422180191901,3.0409254011227714e-11,0.9999993446411823,0.0008095422180132797
722,0.007647959768493221,0.003477675322079792,0.7070818261428901,0.7070818238542557,0.4945916729524367,0.005940770714877251,1.650492534395283e-09,0.9999647066205013,0.005940770715084941
723,0.0013425293313239451,0.0012016732589052658,0.7071056334612521,0.7071056333559972,0.5009520079331845,0.0012740493660564618,7.389010840599954e-11,0.9999983767968951,0.0012740493660474046
724,0.5636982385371666,0.8259431575652252,0.007350157661097442,0.002858587699775829,0.40381065036379243,0.7070847911139105,0.0031725438792944986,0.007220201286269665,0.7070847911206383
725,0.6761443842732456,0.732571687378701,0.05573628478739832,0.0553259525445552,0.438598196761376,0.7049228700913558,0.07853285954478159,0.00029058317906029374,0.7049228700753649
726,0.0027131531479811497,0.03229195163830137,0.7067354231980235,0.7067353891355708,0.5017021655382635,0.02291431147217721,0.9994747964103426,2.3623048909083978e-08,0.02291431147250932
727,0.9919662482478507,0.0948455522860314,0.05938357927679221,0.05899893270990684,0.7435062225520879,0.7046249770098587,0.08370907730588081,0.00027189194407725156,0.7046249770091999
728,0.1429136803327703,0.4688533948648584,0.6163453539620146,0.6163364168592289,0.3369709587512369,0.3465889683133072,6.336248275726497e-06,0.8716376391926216,0.3465889682982964
729,0.0026401673329881363,0.0026649076305038325,0.7071018061174711,0.7071018056611752,0.49813589661294577,0.00265256631556613,0.9999929638671887,3.270552013845402e-10,0.0026525663155051262
730,0.4109624675799472,0.9112572072718308,0.019570073505210315,0.018362043969785025,0.30443724465729777,0.7068521229907361,0.026822056482252127,0.0008542375609454784,0.706852122998683
731,0.004752239296812533,0.008972034439300062,0.7070703372175479,0.7070703338754544,0.5033163981181951,0.0071791775403961845,0.9999484580815572,2.362055308214935e-09,0.007179177540472633
732,0.0,0.002477435207713967,0.7071046152531222,0.7071046150544323,0.5000140823742669,0.0017502080530188645,0.99999693676708,1.4093150972675637e-10,0.0017502080530456998
733,5.276998044488707e-05,7.387469413795351e-05,0.7071067782726431,0.7071067782723759,0.5000369989028319,6.419556554080262e-05,1.8715182938912624e-13,0.9999999958789281,6.419556554020275e-05
734,0.0047063852538752615,0.005712963827532003,0.70708741132018,0.7070874095433125,0.49667138112876863,0.005233928632032784,0.9999726056158469,1.2791527767275104e-09,0.005233928632238987
735,0.00969435676161767,0.17019309367036964,0.6967573692139064,0.6967564127871404,0.4867684889506279,0.12053976457097429,0.9853630449298523,6.770058778563791e-07,0.12053976457288623
736,0.00043256675671518455,0.00038061529422309473,0.7071066638185587,0.7071066638077935,0.49969430446490143,0.00040741992983294156,0.9999998340089865,7.45830881910672e-12,0.0004074199298232807
737,0.01040981238083348,0.01888453187080813,0.7069423709131394,0.706942355832443,0.4925289521391247,0.015247782425070036,1.0427578510660028e-08,0.9997674780978903,0.015247782425698747
738,0.8248293773939757,0.5653083729798022,0.008025161274785772,0.0043070528462690535,0.5889160139492063,0.7070774519415033,0.008720193456166274,0.0026290956228160415,0.7070774519373395
739,0.0006412091564053967,1.9843300887178687e-05,0.7071066356908038,0.7071066356774564,0.5004519863546958,0.00045362040234555575,9.677446829196261e-12,0.999999794228508,0.0004536204023454808
740,0.48125922795931636,0.8760844571170621,0.02134708435634113,0.02024553015817121,0.32527615679072586,0.7068006863817059,0.02941044542301356,0.0007779472489220166,0.7068006863525563
741,0.010998644411090936,0.0054009007911931615,0.7070536991555023,0.707053694286434,0.4922054333646376,0.008664291847093176,3.472429017902147e-09,0.9999249272288265,0.008664291847321013
742,4.2664720904143113e-05,2.0883659926492267e-05,0.7071067803888237,0.7071067803887505,0.4999698048424765,3.3588730712942944e-05,5.17757766806976e-14,0.9999999988717967,3.358873071205891e-05
743,0.03253171983566746,0.03194556999106551,0.7063714543841394,0.7063713868887486,0.47655937966825207,0.032239976861165795,4.8782140863887915e-08,0.9989600431368095,0.03223997686240384
744,0.9792256940567302,0.2024665918456827,0.009224153350288462,0.006263727362793067,0.6858973968315233,0.7070628263053206,0.010952090525570547,0.0020906933358932345,0.7070628263256553
745,0.1728868320892068,0.9849177254075662,0.006822253129999948,0.0008300643268612616,0.12712220441826347,0.7070900819093375,0.004226264263335565,0.005419486593116958,0.7070900818996718
746,0.056813805443738555,0.9980318690184868,0.01937030135175099,0.018149002307368583,0.027396937189095843,0.7068576253832454,0.026530281542002626,0.0008596630226962456,0.7068576253944973
747,0.5972466422861674,0.8020119529634017,0.007717798397620988,0.0037028596530635496,0.41684702411852986,0.707080873873917,0.0028411351233760002,0.008074870458857297,0.7070808738892385
748,0.9134530515334464,0.40679405581197875,0.009164320150545005,0.006175276224598554,0.6394351782927749,0.7070636043618566,0.0021158265034256453,0.010846293305972279,0.7070636043430215
749,0.008565766562528386,0.026597483665013792,0.7068306859886258,0.7068306606611897,0.4937099847906497,0.019758523402937052,0.9996095245173914,1.804514276232631e-08,0.019758523402572215
750,0.004219608736817986,0.015501689470719678,0.7070155247095664,0.7070155163398538,0.5028283868328378,0.011360182092183521,0.9998709379343186,5.910625047273977e-09,0.011360182092329548
751,0.5152082394073679,0.8570377552227895,0.006804784551895809,0.0006716223928550881,0.3594974256295052,0.7070902501837599,0.004327169142509289,0.0052945043817546975,0.707090250198393
752,0.13770262391120344,0.9901170750279581,0.019390579834247017,0.018170594919827938,0.11110605610378935,0.7068570700318313,0.0008626820831105296,0.026559760647872264,0.7068570700219139
753,0.28810691367456004,0.9575710246797257,0.006999741786395504,0.0017727384655781464,0.19876053057433601,0.7070883470242701,0.003688463232030144,0.0062075941981989645,0.7070883470371618
754,0.036059721303582655,0.08386546089988178,0.7041543378791821,0.7041540665319501,0.5231523595700228,0.06455121622536031,0.9958244227611187,1.909950239591695e-07,0.06455121622609784
755,0.0004646595035066014,0.0008060913972894764,0.707106475132245,0.7071064751041781,0.5003308175992348,0.0006579102503350665,1.981468042035641e-11,0.9999995671540085,0.0006579102503283805
756,0.0054331910596359285,0.05410028902698156,0.7060608241222702,0.7060607281263674,0.5036366046162104,0.03844711196828743,0.9985207254546855,6.800783342557515e-08,0.038447111968835455
757,0.0011247251472637672,0.0023555929204516473,0.707104372242067,0.7071043720211945,0.49920068451961774,0.0018457823088916625,1.5281301986434644e-10,0.9999965930818644,0.0018457823089281114
758,0.5329820154445543,0.8460893228222867,0.00737862299032082,0.002930965273484112,0.371643089456079,0.7070844947408846,0.003147736566216219,0.0072887851647147695,0.7070844947121702
759,0.9310596984292466,0.3638186877786863,0.020119897564413885,0.0189470342228289,0.6726201623114529,0.7068366853851445,0.000828452004271065,0.027624519020612415,0.7068366853877264
760,0.00723349284783945,0.0038328636680133327,0.7070830887564178,0.7070830865833442,0.494869847716253,0.005788534462910195,1.5384253267625999e-09,0.9999664923073901,0.005788534462704708
761,0.9812170787406866,0.19237584464362892,0.011190223243450767,0.008909113888486137,0.6859192867918705,0.7070344428040042,0.014211208875237686,0.001623252543706051,0.7070344427835993
762,0.9698982439696051,0.2432935689385686,0.008703101311598408,0.005467411793599595,0.6796715324210094,0.7070694320230151,0.0022904875125543058,0.01001949255778808,0.7070694320464588
763,0.03302595723522163,0.999406531866479,0.008418338428462756,0.005001667894962252,0.015732941020607488,0.7070728798759504,0.009489907112804567,0.002413869635661839,0.7070728798647977
764,0.5273691045466461,0.5644166200621982,0.4490785391432115,0.44904807342669967,0.6901858431028759,0.5462070548006375,0.6350714181118696,2.1554827304744676e-05,0.5462070548050261
765,0.7168998468218019,0.6967246588430874,0.018373714878785318,0.01708115887189351,0.5199243570287352,0.7068842340177058,0.0009145707353271896,0.025070359934070488,0.7068842340230409
766,0.004826538296314433,0.006281722133852822,0.7070845944344791,0.7070845923993356,0.49657729946196405,0.005601584815661229,0.9999686217552564,1.4311581940003044e-09,0.005601584815539248
767,0.9539774066054426,0.2997925924369163,0.00697721733719848,0.001681560148348096,0.6696350593600793,0.7070885696876783,0.0037338359621444162,0.0061292475321863635,0.7070885697073082
768,0.17670836702255352,0.2005251398314191,0.6813835551201403,0.681381150956353,0.35696161683264493,0.18899229870018985,0.9636201648283865,1.6968305701141933e-06,0.18899229869280798
769,0.0003462091732383022,0.00042478076983825026,0.7071066750195045,0.7071066750097657,0.5002458113270104,0.0003874916089776136,0.9999998498502417,6.9979839544548445e-12,0.000387491608980976
770,0.0005796205688854612,0.0015688857050594931,0.7071057922142588,0.7071057921235597,0.49958730772173515,0.0011826585220092868,6.3716749067267e-11,0.9999986013178428,0.0011826585220315875
771,0.0021595170587364733,0.005156430334123464,0.7070957322545779,0.7070957312413461,0.5015417198866057,0.003952991754931717,7.181897332959643e-10,0.999984373734096,0.003952991754886505
772,0.19070415663044474,0.9812987041773017,0.019112847360129494,0.017873916460230826,0.12155404125815462,0.7068646342099065,0.0008718443735666912,0.026153732261900972,0.7068646341977198
773,0.1738659057985708,0.25591395863203037,0.6724147091408503,0.6724114451057104,0.3523864051933383,0.21877077892823088,2.292029180256879e-06,0.950935693184808,0.21877077891941882
774,0.9385872957625823,0.34291098708909074,0.027493042795299523,0.02664728074495506,0.6830971554905146,0.7065883012865916,0.03828299982337137,0.000597409213497789,0.7065883012841947
775,0.9919511890048209,0.12376951170205071,0.0194906476723434,0.018277342757501112,0.7152065588845056,0.7068543178747267,0.000855010905279392,0.02670609595793547,0.7068543178738439
776,0.23044861231661243,0.9730137574665478,0.009579388069805187,0.006776037590496863,0.15602101971656493,0.7070581025122644,0.011565070407832466,0.0019820463369029295,0.707058102499748
777,3.141252786109935e-05,2.6537354982080345e-05,0.7071067805887232,0.7071067805886685,0.5000222719179693,2.907729454472052e-05,3.888733863262871e-14,0.9999999991545102,2.9077294544521412e-05
778,0.34080630211475377,0.9401067519904562,0.006936395971650277,0.0015032366489993907,0.24587874006106625,0.7070889713121338,0.005974104399492095,0.0038318906720299743,0.7070889713036436
779,0.018583301503307448,0.018435392608971923,0.70686449501089,0.7068644727934729,0.4866186800250627,0.01850949479839251,1.5495644140772036e-08,0.9996573398943236,0.018509494799103684
780,3.452292713045483e-05,0.00030305795828468264,0.7071067482948766,0.7071067482918598,0.5000230231219314,0.00021568027097844505,0.99999995348202,2.110446071046155e-12,0.00021568027097534833
781,0.021557688736736757,0.02370229415975828,0.706743770537656,0.7067437372302005,0.5149369247073137,0.02265538227549229,2.39046047329462e-08,0.9994866018651243,0.022655382275676757
782,0.04622609724185178,0.005658227172389315,0.7063395896630922,0.7063395192636659,0.5321698743255492,0.032930742482897055,0.9989149775626802,4.99376231238299e-08,0.03293074248286276
783,0.707845048422708,0.706243639854488,0.010515624972635968,0.008045509304802894,0.5079601944998203,0.7070447975212747,0.013124677420643006,0.0017468346066124496,0.7070447975266927
784,0.43932273322379056,0.8978758994986871,0.020739139359779255,0.019603399470905458,0.3253030284589846,0.7068187868247745,0.0008048434586802277,0.02852643334185439,0.7068187868324898
785,0.7158595700456167,0.6979582949129337,0.014918776623003085,0.013294058619960575,0.49564409787484714,0.7069655925618543,0.001146593402787702,0.019949616890724876,0.7069655925454548
786,0.7908169604199157,0.6120139262823382,0.006831691998568592,0.0009039541530480929,0.5543639986251232,0.7070899910290916,0.004249363975878294,0.005425131747213783,0.707089991046258
787,0.8313188979610724,0.5556294005744006,0.010740558017037523,0.008337380357596543,0.5802259604690991,0.7070414162334493,0.0016984096730363986,0.01349025212244464,0.707041416207609
788,0.932533750168842,0.3608771286800032,0.009857796967642043,0.007164260649546829,0.6524392293849671,0.7070542755620505,0.00190562871037152,0.012036252362263997,0.7070542755812401
789,0.2465811094163974,0.7081531311919388,0.4678368750332572,0.46780931758692357,0.5049869660917767,0.5302278287419381,1.9456938719192152e-05,0.6616017675939616,0.5302278287355152
790,0.2358148355223143,0.9248003235761301,0.21116049321013647,0.2110615662524052,0.31537253453205144,0.6748571187185274,0.29855608137760054,7.010077132736077e-05,0.6748571187097758
791,0.0003793454184618421,0.0015530835784514654,0.7071058775550082,0.7071058774721177,0.5002780810038158,0.0011304803289156364,0.9999987220134096,5.903791765551602e-11,0.0011304803289303154
792,0.003418668867586305,0.0333270900455762,0.7067098659427441,0.7067098295279709,0.501824958372854,0.023689472638161575,0.9994386513299677,2.6026764886824447e-08,0.02368947263781831
793,0.00028957552256737216,0.0001721997877045013,0.7071067410576902,0.7071067410540096,0.5002047376316364,0.00023822966876004906,0.9999999432466233,2.5971118390968397e-12,0.00023822966876130134
794,0.0004670186140895154,0.005769408206479729,0.7070949361150974,0.7070949350284935,0.49968339982348275,0.004092931555643279,7.632710122026026e-10,0.9999832477709633,0.0040929315557093355
795,0.31715639135900314,0.08900337040238691,0.667643318171593,0.6676395907808207,0.24865369419280114,0.23292678733864777,2.672317635661644e-06,0.9441875997226482,0.23292678734517863
796,0.0006246194995362644,0.0025469510011823485,0.7071043498687108,0.7071043496456704,0.4995622031285931,0.0018543339669200055,1.5901277188455069e-10,0.9999965614396277,0.0018543339668871464
797,0.9169033174772984,0.39903385079222736,0.00728510970339247,0.0026869122910817052,0.6534969128964225,0.7070854643092824,0.007053419057026583,0.0032467831243252615,0.7070854643121127
798,0.004230576153018839,0.0032316744872488046,0.7070967613435585,0.7070967604245352,0.49698326768739565,0.0037644053035451788,6.391579138994172e-10,0.9999858291523046,0.0037644053034533156
799,0.11253389610474498,0.9903096199433887,0.057743101842257685,0.05734730215714138,0.038668343153863076,0.7047613146098873,0.08138120479791068,0.0002799655484838987,0.7047613145982663
800,0.06556351287299284,0.9977974235759584,0.008590058645084353,0.005285657707989016,0.039844098390687865,0.7070708142509998,0.0023386194198947996,0.009811123490248357,0.707070814239632
801,0.8139730425371292,0.2821078992201397,0.3590940333719904,0.3590466465754813,0.32228904282468995,0.6091539135575055,3.3574607786814944e-05,0.5078021446323445,0.6091539135367409
802,0.140182253167825,0.9900383667012408,0.01045984068568651,0.007972458163050627,0.0916860038072636,0.7070456249989855,0.013033834078076876,0.001757135611356557,0.7070456249871453
803,0.00326238125788508,0.00403160260850672,0.7070972720506474,0.7070972711782996,0.5023013168934264,0.0036672162966668673,6.22801089628438e-10,0.9999865514342008,0.0036672162966349922
804,0.4213787760295436,0.9068557493359,0.007015371208437866,0.0018334598651409172,0.2930069274039436,0.7070881921696115,0.0036586964583388993,0.0062602674459642646,0.7070881921557196
805,0.07557659956039998,0.0478191916088926,0.7042733380098251,0.7042730776348473,0.5515089679532641,0.06323961372148484,1.8213214558483266e-07,0.9959927221183537,0.06323961372113546
806,0.0009783683787808006,0.004130854651115126,0.7071004100060562,0.7071004094217678,0.5006863316659801,0.003001763217927219,0.9999909893769867,4.04432683774501e-10,0.003001763217966546
807,0.17012859817431666,0.053735830568603836,0.6957622367744453,0.6957611878187462,0.6122225526744061,0.1261572023419947,0.9839556497097774,7.361981802933712e-07,0.12615720233461433
808,0.43859576552593454,0.8870613905832464,0.10198224316349956,0.1017618255849327,0.23792540435032938,0.6997300025415134,0.14406881088474235,0.00015747156495353888,0.6997300025554316
809,0.0322128758633192,0.01468094723829604,0.7066635896537293,0.7066635489947984,0.4769422916523072,0.025031975349683672,2.8789245636263207e-08,0.999373203773354,0.025031975349019107
810,0.35117512374528936,0.9297330477679396,0.07847861373322684,0.07818951040338544,0.30335257437992025,0.7027544050595209,0.00020350534204575515,0.11078109466955952,0.7027544050511676
811,0.0009662343934263379,0.001598913205520548,0.7071055472939602,0.7071055471807439,0.5006819847832913,0.001321009524517572,8.077380703590119e-11,0.9999982549323128,0.0013210095245308631
812,0.020319085228960757,0.0400282687877802,0.7063939994373304,0.7063939340284876,0.4849868610385507,0.03174214490806288,4.6131129094554416e-08,0.998991928132209,0.03174214490742692
813,0.408299788142943,0.9125924507574605,0.01600213101085085,0.014499435369865876,0.30006004014934323,0.7069418993765765,0.021567798073871956,0.0010639122041021388,0.706941899368625
814,0.8929562666787717,0.44304773319007207,0.056495031685314716,0.05609031386177664,0.6713316112595769,0.7048624646305923,0.00028654349028699844,0.07960985998647092,0.7048624646274183
815,0.04604921180149337,0.06697166928726413,0.7047675391710565,0.704767324253981,0.46590283015927775,0.05747057679541626,1.5490378619306773e-07,0.996691660246698,0.05747057679772875
816,0.8255377428797546,0.5626346824972998,0.03142783248872168,0.030691048812632828,0.5615198361328948,0.7064242177660454,0.0005217808891156655,0.04392467275760077,0.706424217748421
817,0.50446991531566,0.8615122416095008,0.04094181891727901,0.040379816271831445,0.3279207856676719,0.7059366961428208,0.000397381746995803,0.057503079797079436,0.705936696128325
818,1.4275539827321197e-05,3.095322543244026e-05,0.7071067807757748,0.7071067807757372,0.5000101310408229,2.4102833879234974e-05,0.9999999994190533,2.6807126879375435e-14,2.410283387950271e-05
819,0.0002752202349832516,0.0011277744322403355,0.7071063047521408,0.7071063047084407,0.5001962806423641,0.0008208597163163067,3.1064213744991937e-11,0.9999993261891,0.0008208597163269496
820,0.6157276648396918,0.7838332689457168,0.05714196368780034,0.056741917757884515,0.47587451058980046,0.7048103116251488,0.08052806354091405,0.00028324422489334005,0.7048103116313845
821,0.0059030036048194024,0.014085672739237887,0.7070243132552766,0.7070243056909913,0.4957556025488719,0.010799343222412168,5.379113076186185e-09,0.9998833673843787,0.010799343222620562
822,0.9993478072315731,0.03532608618913159,0.0071372793166662235,0.002255456320120506,0.7016027023520106,0.7070869720873187,0.003458588902940979,0.00663822280859392,0.7070869720657561
823,0.07998972981878655,0.015375219910738805,0.704757245436991,0.7047570295810178,0.44175054727909785,0.057596676379759564,1.5245478534666894e-07,0.9966771020444746,0.05759667638164096
824,0.0041817601189349735,0.005846059312267409,0.7070885159730772,0.7070885142977594,0.4970299787110879,0.005082495802937498,1.1750016668087483e-09,0.9999741679027623,0.0050824958030465965
825,0.9717757275802732,0.23548097476233115,0.011101643393739298,0.008797688604153659,0.6792968896782626,0.7070358386327787,0.014071342835503417,0.0016257680102454055,0.7070358386093527
826,0.7501729176221024,0.6608457761854203,0.016871374415204816,0.015453494413162787,0.5424048070492193,0.7069216881057959,0.001004393672633998,0.022857054875597034,0.706921688110798
827,0.0022860280452431042,0.0027033089534432156,0.7071023500071443,0.7071023496007157,0.5016128899061273,0.0025033780698585817,2.8636210820263385e-10,0.9999937330786024,0.0025033780698798555
828,0.0018135861144614024,0.00023972854867520852,0.707105598050633,0.707105597942121,0.4987189462407645,0.00129355409077445,7.737083175517874e-11,0.9999983267164142,0.0012935540908125243
829,0.27907563859094925,0.9473994691052211,0.11089581687619414,0.11069395504524403,0.11914226437163886,0.6983727393496738,0.00014253714970043088,0.15668763054995075,0.6983727393369776
830,0.45983289215386397,0.8853653622429202,0.04861855902735681,0.04814688309714501,0.3594827177072967,0.7054495422695991,0.0003349187277191728,0.06842349350415068,0.7054495422620515
831,0.023132477078558162,0.003400712085037521,0.7069134843568863,0.7069134666251106,0.5162374205917513,0.01653294194138703,1.2351753257585978e-08,0.9997266244636707,0.01653294194141094
832,0.9987336973005239,0.04444431498632691,0.01734284904798972,0.01596700382045492,0.6939515961830811,0.7069102773358463,0.023553549028720172,0.000974654941738458,0.7069102773144863
833,0.7811806973023444,0.6237242038429549,0.019629813808386316,0.018425691643284652,0.5663110486722384,0.7068504666089914,0.0008526194258110437,0.026909268715445498,0.7068504666136655
834,0.583581998690015,0.8102041096745956,0.039032485074773554,0.03844238000234938,0.3850380646095988,0.7060448457959607,0.054783003444389196,0.00041713902897578343,0.7060448457807728
835,0.37987554838511484,0.9248870152702123,0.012736161783052478,0.01078734938199341,0.2775792376464526,0.7070082825851155,0.0013782692167274247,0.016633613486536886,0.7070082825769297
836,0.7650992349627981,0.6427746945419373,0.027474004707255292,0.026627650689001144,0.521584644621576,0.7065890415440328,0.0005991998293768323,0.038255635864983664,0.7065890415609524
837,0.023777103041702465,0.0011626369839339572,0.70690640244514,0.706906384062456,0.483043123162635,0.016833038255612442,1.2981621774332946e-08,0.99971660866777,0.0168330382550874
838,0.0011387353577438262,0.0018377814131779135,0.7071051286957717,0.7071051285441586,0.49918952122365373,0.0015287509091099633,1.0713003601944264e-10,0.9999976629179268,0.0015287509090781118
839,7.406608939402946e-05,0.0032926397253944272,0.707102946371747,0.7071029460200591,0.5000944762554236,0.002328836849865858,2.414582755194549e-10,0.9999945765042192,0.0023288368499006576
840,0.0005807527407709784,0.002098936185671476,0.7071051044260386,0.707105104272251,0.5004003161438632,0.0015399361627975706,0.9999976285938034,1.0801033867734482e-10,0.0015399361628172267
841,0.0006462777538687344,0.0006860762941915838,0.707106467112671,0.7071064670838704,0.4995405453150131,0.0006664741591232115,0.9999995558120993,2.0077736328437722e-11,0.0006664741591080053
842,0.04764368294092727,0.013687078274383374,0.7062375153045176,0.7062374355276243,0.5330420553610103,0.03505179478898326,0.9987706159895431,5.658742056585489e-08,0.03505179478907905
843,0.005615131914952903,0.0007208959202648409,0.7070954504424644,0.707095449402848,0.5039613749976469,0.004003086143848097,7.452199045541535e-10,0.9999839751729263,0.004003086143853082
844,0.0024752489265006954,0.0021310798420379135,0.707103009515158,0.7071030091691471,0.49825298649089644,0.0023095842203237336,0.9999946658065018,2.465254159814553e-10,0.0023095842202688344
845,0.1521988388006685,0.9883153762501353,0.007552642988394588,0.00334486459838688,0.11304042937060511,0.7070826576330557,0.0029632072899267083,0.007710378580109605,0.7070826576428628
846,0.00283266626124282,0.0005101261745694563,0.7071038523983045,0.7071038521296669,0.5019976425303306,0.0020352182759534134,1.8933129723507374e-10,0.9999958578779902,0.0020352182759570195
847,0.13131010315497224,0.09873173025620798,0.6974994408130808,0.6974985536296683,0.39994556311913243,0.11616862259008161,6.252978296498707e-07,0.9864125416121031,0.11616862259438761
848,0.087341526469042,0.9952927235515697,0.03008012444920333,0.029309355374642167,0.08353942457021465,0.7064828900317078,0.0005483585403066558,0.04199466040186418,0.706482890021471
849,0.014606839909465737,0.013260986524637591,0.7069691663427358,0.7069691537198777,0.4896457326943111,0.013950152853428686,9.043663923347664e-09,0.9998053742957892,0.01395015285310066
850,0.012413896925506034,0.0032021984337179668,0.7070486718134231,0.7070486664828575,0.49118698799656874,0.009065288513901194,3.759086485575022e-09,0.9999178171671476,0.009065288514202132
851,0.7306364768421266,0.6820246384372497,0.023005946997898447,0.021987834393148584,0.5329082957449336,0.7067486333728388,0.03181541553157952,0.0007195784346193618,0.7067486333676667
852,0.9647706689051597,0.2630003788254222,0.006863342605658432,0.0011187878516386084,0.6870449004696066,0.7070896841436296,0.00565284990761235,0.004049993321183071,0.7070896841417553
853,0.26453644205510635,0.19499036653151103,0.6678338792885177,0.6678301711207612,0.6592991179556658,0.2323798315430391,2.6094483797038143e-06,0.944457107431527,0.23237983154158728
854,0.3086545159778208,0.9331024123222157,0.1305690889946253,0.1303993515476796,0.30885043311608296,0.6949632084243627,0.18453255479414138,0.00011876905716716641,0.6949632084157816
855,0.6812920196171189,0.726857808329932,0.06149971305985682,0.061128577179249785,0.4381540792140306,0.7044434265159105,0.0002625258217820071,0.086711295311494,0.7044434265319753
856,6.551720064049542e-06,3.7081149488639e-06,0.7071067811665105,0.7071067811665086,0.5000046210693363,5.323305001189185e-06,1.2993262984051045e-15,0.9999999999716622,5.323305001216021e-06
857,0.010076344107039548,0.012947167603473926,0.7070116160583696,0.7070116073297632,0.5070386715655738,0.011600902109713512,6.184016904046947e-09,0.9998654100130092,0.011600902109610272
858,0.8478809073334752,0.5298122976298154,0.014878628979971326,0.013248973306305697,0.6100717638659607,0.7069664387760802,0.0011507087036875605,0.0198893127954211,0.7069664387722224
859,0.1102891212255302,0.07589495657621961,0.700741424198959,0.7007408377690022,0.4175968812817679,0.09466713974461109,4.167672714565114e-07,0.9909976111502062,0.09466713974225817
860,0.482218369158722,0.8760237004274,0.006847560527541891,0.001017468929470075,0.3458065768488542,0.7070898371785167,0.005560400297647058,0.004123866720774725,0.7070898371711086
861,0.00042029957940205103,0.0005926312180777134,0.7071065945671556,0.7071065945500358,0.49970185697445585,0.0005137428787713149,0.9999997360682196,1.1864176311542092e-11,0.0005137428787823201
862,0.8872134236224698,0.45981131340273884,0.027126476670989382,0.02626889225333033,0.6465438946680592,0.7066024694120859,0.0006061765497944853,0.03775623109884366,0.7066024694153971
863,0.006830387071765417,0.05503589198746056,0.7060186036698891,0.706018503778492,0.49480859925954396,0.039214816042258564,0.9984610139637881,7.059748737687999e-08,0.03921481604161095
864,0.08381764724614248,0.04869359548366012,0.7037769414892315,0.7037766353020367,0.5568697652833975,0.0685436511686292,2.1594520193659314e-07,0.9952906790324859,0.06854365116827657
865,0.23153997926035233,0.19592089146908873,0.6737983606490898,0.6737952296333726,0.6399194348710286,0.21447116089414386,0.9528925659723044,2.1927334195635035e-06,0.2144711608926597
866,0.8668931253184397,0.4982867518124214,0.011235417939057569,0.008965914765649952,0.6050617954501271,0.7070337254267862,0.014284599476340405,0.0016038895381951844,0.7070337254086724
867,0.9023358880311465,0.430166350420817,0.019908264580586418,0.01872210292858655,0.6521015058060098,0.7068426783446732,0.027315654761763633,0.0008432921293127067,0.7068426783477724
868,0.9948794115949743,0.10084074477704333,0.006780625666638667,0.0003516998855164551,0.7082801577608763,0.7070904819836475,0.004596652362270998,0.004997135609624761,0.7070904819829528
869,0.24511764915606274,0.19172801888473576,0.6719978220420599,0.6719945178477711,0.6488770770053022,0.22004805742597158,0.9503460973988676,2.3394389860660412e-06,0.22004805742454675
870,0.02546048294361733,0.03421513741469512,0.706463435569549,0.7064633765335883,0.517485312055339,0.03015718670603495,4.221213864146408e-08,0.9990901301584194,0.03015718670575968
871,0.9812182185039641,0.1927323966555747,0.0074459231403993425,0.0030966407429392734,0.6990927741754814,0.7070837888986752,0.003072465596310553,0.007455931227087195,0.7070837888973194
872,0.00130633592354538,0.000761127568191106,0.7071059730606566,0.7071059729865259,0.49907658232270946,0.0010690717282502197,5.3199851900323534e-11,0.9999988570849868,0.0010690717282117964
873,0.0003983330512476335,0.00026035250556756903,0.7071067011271127,0.7071067011197703,0.5002812932810029,0.000336491193698179,5.1130120390844635e-12,0.9999998867736698,0.00033649119369626233
874,0.025783631913588963,0.009424599545169342,0.706840298725791,0.7068402742812483,0.5180134053900356,0.019411578390806983,0.999623119604962,1.746812852957977e-08,0.019411578390739
875,0.9893620639041232,0.14528883089815567,0.007060995128918211,0.0020011175426622573,0.6945918561420366,0.7070877378040651,0.003576522794510976,0.006408635449961306,0.7070877377833031
876,0.8495217196123539,0.367358823493572,0.26776820660839884,0.26769484537063903,0.4122510471920885,0.6544614798881049,0.37862955512503543,5.190478139906718e-05,0.654461479870576
877,0.06155503360654716,0.9704327276618687,0.16509793690416658,0.1649665730012018,0.16298764512515684,0.6875786140639147,9.274933434218546e-05,0.23339085323836925,0.6875786140538235
878,0.8171949239661149,0.5753918141455723,0.024109342824915385,0.02313992322430379,0.5948714988121085,0.7067118520074918,0.03341026116981561,0.0006862265228659049,0.7067118520117366
879,0.7884988438443484,0.6130580766814558,0.03517896714747691,0.03452257438517567,0.582407861467795,0.7062473476704771,0.0004673196343016848,0.0492864026289467,0.7062473476315905
880,0.7115535223879559,0.6881166612628782,0.10057826744309879,0.10035465802774443,0.5742000687121561,0.69993319492752,0.14208103386475707,0.00015838447777243204,0.6999331949327968
881,0.999136184162106,0.040873425822848475,0.00714499274718888,0.002279838821751932,0.7115518627478938,0.7070868940285288,0.003438374598496894,0.006665295682185471,0.7070868940283659
882,0.01259493837337201,0.01027667993478199,0.7070133554238045,0.7070133468536963,0.5088267255085297,0.011494403488420096,6.0627576488203825e-09,0.9998678699592723,0.011494403488497592
883,0.04399503063212162,0.025578965551050416,0.7061905807064282,0.7061904966243417,0.5303992039582456,0.035985039940206937,5.96862965083798e-08,0.9987042374001491,0.0359850399400203
884,0.9731857572281739,0.22946844206017541,0.012238473553650537,0.010194890473228736,0.6967943279234722,0.7070170733337999,0.0014461354871747535,0.01586268321682267,0.7070170733354372
885,0.9362879117613243,0.3126429193814862,0.11327852090645009,0.11308112973997743,0.5818802320514616,0.6979901986292257,0.00013991747980869712,0.16006044366151656,0.6979901986529019
886,0.0043079379943011895,0.02465316324651883,0.7068853131694613,0.7068852928509481,0.5030385943996663,0.017696564303731333,1.4345992165600778e-08,0.9996867825592466,0.01769656430457983
887,0.9190041103877441,0.3941045483442752,0.00891342544561777,0.005796629329715227,0.6561228901505429,0.707066810802797,0.00221081381539351,0.010400113799106546,0.7070668108434848
888,0.001893469119685461,0.0005252072061200286,0.7071054161541674,0.7071054160289848,0.4986596857607657,0.0013894365614687378,8.703014862410151e-11,0.9999980694641777,0.0013894365614222093
889,9.275395240195019e-05,0.0006532195563848032,0.707106627292122,0.7071066272780098,0.5000636417744302,0.00046652924763736545,1.001710065130235e-11,0.9999997823504376,0.0004665292476439019
890,0.00021740039959636432,0.00021955373209159832,0.707106747435493,0.7071067474323971,0.4998459155708458,0.00021847971693809873,0.999999952266612,2.1697707595140004e-12,0.000218479716946509
891,0.9946358306465514,0.10223135240455583,0.012127653556018645,0.010061560455303561,0.6947189828971556,0.7070189831433841,0.0156899417888967,0.0014631152489032358,0.7070189831223171
892,0.7838090838646017,0.6197993164316868,0.02773008574528363,0.02689181560825552,0.5738997206970166,0.7065790375696872,0.03862349541454671,0.0005941414913027769,0.7065790375215979
893,0.8881036122082827,0.45027833883512935,0.06544790574340861,0.06509964049266649,0.5817054883261891,0.7040875685834419,0.000246096570472052,0.0923110556485545,0.7040875685650052
894,0.0044372888162953,0.0012083593046130824,0.7070993039544168,0.7070993032685944,0.5031305049761046,0.0032518966964072207,0.9999894251119623,4.82924207270986e-10,0.0032518966964158267
895,0.02786054735819232,0.017405735309071885,0.7067251515834716,0.7067251165754336,0.5194197440953723,0.02322896597721943,2.494473844248564e-08,0.9994602694851061,0.023228965977346715
896,0.9324390325063293,0.26063899997469064,0.17701376033394836,0.17689231470934538,0.5344862635248016,0.6846076385868258,8.608100526796504e-05,0.2502493854954596,0.6846076386060242
897,0.34320022010918044,0.9157908696102478,0.1476220943070429,0.1474734653226536,0.3474197674930822,0.6915415006742156,0.20866407133618967,0.0001050489169570346,0.6915415006660055
898,0.21870319692601478,0.9756256021218768,0.013591144017916345,0.011784640752777981,0.16418137340348454,0.7069923631340869,0.017943438912530026,0.0012766962755809317,0.7069923631247234
899,0.0022977287960931373,0.028885853881912515,0.7068098635421634,0.7068098362978604,0.49848849523342104,0.02048990131895499,0.9995800757757729,1.9202595645444744e-08,0.020489901318627258
900,0.007247585598846739,0.0016480706024318032,0.7070872502384612,0.7070872484470972,0.505105011979321,0.005255646188782435,1.2774749536625623e-09,0.9999723778016449,0.005255646188771391
901,0.03792943921223672,0.19101735995739622,0.6935688375743401,0.693567583860238,0.4651781362598928,0.13770670674426086,0.9808535700272321,8.853553214344181e-07,0.13770670674189545
902,7.395551738070485e-05,0.00027292319211502756,0.7071067529189556,0.7071067529163638,0.5000545958155437,0.00019994560178244447,0.9999999600217557,1.832565085873983e-12,0.00019994560178498587
903,0.3783833820957156,0.9255935042867562,0.008617769498374925,0.005330574531311789,0.27364130576758994,0.7070704770432862,0.009864262617617376,0.0023189003798497992,0.7070704770514816
904,0.013977387215528514,0.00101557704725118,0.7070373435176476,0.7070373371480425,0.5098471065289863,0.009909559781134992,0.9999017958029114,4.550412096475507e-09,0.009909559781132322
905,0.0001462252652373805,0.0009629536076482337,0.7071064457993746,0.7071064457686073,0.500097510805101,0.0006887167286732449,2.163039467777539e-11,0.999999525669156,0.0006887167286405172
906,0.0,0.001558400459079641,0.7071059256188714,0.7071059255404042,0.5000234428235933,0.0011000046196270158,5.5338832859210265e-11,0.9999987899891045,0.0011000046196103013
907,0.01547975191611221,0.014459841289459261,0.7069481278176405,0.7069481132650398,0.5107830886637211,0.014978479998957281,1.0174358062732634e-08,0.9997756199637331,0.014978479998146449
908,0.0005770651767212574,0.000669975995622859,0.7071065047656532,0.7071065047403029,0.5004093853567505,0.000625248771650833,1.7799811183187874e-11,0.9999996090638972,0.0006252487716455762
909,0.849844453360932,0.24109178543053317,0.3314173707324471,0.33136337058363285,0.8350457516863997,0.6246442359513165,0.4686567566134788,3.8318258464172057e-05,0.6246442359496188
910,0.0006731895506104459,0.0075434493902861305,0.7070865031304374,0.7070865012703745,0.49935929122317596,0.005355222310379669,1.3091052147966107e-09,0.9999713211827677,0.005355222310620832
911,0.48812527321909915,0.8722583651633599,0.02173569332914323,0.02065491030333899,0.3297371397149141,0.7067888419802238,0.02997468918934248,0.0007639974737236847,0.7067888419946339
912,0.20116767101356464,0.9795114467052365,0.008208569964887173,0.00463981544669694,0.13640045616423013,0.7070753465771418,0.0025159655633128896,0.009087267220241684,0.7070753465894315
913,0.7308919079275031,0.6824541310891519,0.007044129999845429,0.0019404403683863287,0.5118321884770878,0.7070879064681956,0.006354269226281087,0.0036067074843855605,0.7070879064516357
914,0.013449727840924217,0.004750992872012618,0.7070348443405533,0.7070348377408107,0.5094495939353498,0.010086305298126088,0.9998982612700381,4.748080034022897e-09,0.010086305298092638
915,0.7770053851590257,0.629408845809322,0.008746365815748995,0.0055361461462551925,0.543228516177469,0.7070688977066757,0.01009997686076771,0.002266781098287987,0.7070688976802285
916,0.01669029563662728,0.023918594276198565,0.7068059754614492,0.706805947860792,0.48794515915788084,0.020623592322498795,0.9995745769473148,1.939944055913637e-08,0.02062359232293898
917,0.9844107380908792,0.1755156139975194,0.009370662084549355,0.0064775866559433634,0.6894605587479422,0.7070608996156776,0.011205842243618928,0.0020487890079732354,0.7070608996386983
918,0.0013704396698697515,0.00958001325290004,0.7070736699721824,0.7070736669352392,0.49894263042182296,0.0068430533687847276,0.9999531715241353,2.1204632340354325e-09,0.006843053368669365
919,0.017943051268733304,0.04648123635627992,0.7062285945101032,0.7062285139204187,0.5123506674611957,0.03523108302345888,0.998757999506365,5.718940168187252e-08,0.035231083023871096
920,0.988859669301223,0.14722317225408107,0.0162438252874083,0.014765856187764517,0.7107249228855678,0.7069363859746207,0.0010385044359837745,0.021927468560279162,0.7069363859757182
921,0.0031076734794832205,0.0057053079244793236,0.7070918588706574,0.7070918575021715,0.49779483900016064,0.004593918423707304,0.9999788956908208,9.58834108725079e-10,0.004593918423800376
922,0.9975632746864745,0.06926524566569572,0.007605653634289615,0.00346305825202986,0.7107599234411845,0.7070820890324561,0.002935698598022874,0.007824347474601413,0.7070820890319809
923,0.15160681032927426,0.9883756310007685,0.00934979855401671,0.006447353923628401,0.10067941503964484,0.7070611758813837,0.01117034778434183,0.0020519346953714545,0.7070611758933022
924,0.35950359605337073,0.868964882094327,0.24051793125662663,0.24043361423792764,0.08741887965631086,0.6649596987432714,0.34008409923402233,5.966291700932686e-05,0.6649596987305102
925,0.0,0.9999645525063098,0.008647023686257348,0.005377677077749287,2.512936117523798e-10,0.7070701201277846,0.009917372221233851,0.0023100124693916538,0.7070701201388047
926,0.4409268318795474,0.8972846366959606,0.01596315595896984,0.0144563940832836,0.3231083498135497,0.7069427806799687,0.02150991622776546,0.0010645101860028343,0.7069427806876669
927,0.011935461843608969,0.0034171361654870207,0.7070522876702687,0.7070522826718312,0.49151926038395083,0.00877872624017824,0.9999229309957883,3.5353122176281607e-09,0.00877872623988398
928,0.6734553268913731,0.7391808485509179,0.007597662172421239,0.0034454820699639467,0.4708393024053322,0.707082174907523,0.007807591279527774,0.0029389344314777674,0.7070821749350418
929,0.902228995491965,0.43114269766490526,0.008504867807343814,0.005145985558511254,0.6319587082864878,0.707071844331014,0.0023732776929736316,0.009653056344020446,0.7070718443061856
930,0.9993534141588089,3.292722539913597e-10,0.03087563537330504,0.0301252951519271,0.6848245576312375,0.7064485691693513,0.0005298813546004025,0.043134180106338585,0.7064485691477225
931,0.0002453012743875025,0.0009504395136752382,0.7071064405505707,0.7071064405193305,0.5001686235722774,0.0006940850035690332,0.9999995182458918,2.2063892788918837e-11,0.0006940850035780427
932,0.004045068105717202,0.002962915650165683,0.7070978926950808,0.7070978918799351,0.4971280084310094,0.003545521479928428,5.699215305253465e-10,0.9999874291984239,0.0035455214800158
933,0.003921451009017256,0.000384140290357862,0.7071012923797259,0.7071012918763074,0.5027681706310624,0.002786157010903464,0.9999922372989811,3.551608060519643e-10,0.0027861570109008857
934,0.004382472408138381,0.09657987526256819,0.7037945546763092,0.7037942502022356,0.5042851728966801,0.06836255623651873,2.1370489097074305e-07,0.9953155890518877,0.0683625562355308
935,0.02715969541345479,0.041787261733165014,0.7062281110304671,0.7062280303874057,0.4801065810253002,0.035240773867161145,5.6471694301233655e-08,0.9987573157251632,0.035240773866418836
936,0.8607451887600722,0.5079757173461534,0.023708621019522036,0.022722057618102587,0.6254033705178897,0.7067254096824729,0.032831444790782385,0.0006977435040935849,0.7067254096861758
937,0.7358151395781302,0.6763132085190816,0.02472177593722091,0.023777410937126386,0.5028380217077019,0.7066906920641249,0.034294114093713794,0.0006672442509858706,0.7066906920807497
938,0.004338734327676286,0.007397719105058816,0.7070807777436819,0.7070807753587044,0.5030152835708763,0.006064275040050438,0.9999632238919975,1.6694755811612783e-09,0.0060642750401123866
939,0.0006031757531498673,0.0010094155502157576,0.7071062923361293,0.707106292291275,0.5004267190038055,0.0008314868436094762,0.999999308629392,3.189499965197986e-11,0.0008314868436178897
940,0.002741431868370082,0.04212653980046254,0.7064764401348445,0.7064763822876585,0.4988310060792704,0.029850969868362935,0.9991085222316237,4.086576227053491e-08,0.029850969867897485
941,0.0008682290692772376,0.0013995719139193636,0.707105822172722,0.7071058220847711,0.5006118705316174,0.0011646079295189746,0.999998643687451,6.205186571326072e-11,0.0011646079295073758
942,0.005684738139992751,0.001802713226103967,0.7070942071636755,0.7070942060100109,0.4959777438887753,0.004216990789910625,8.306036860120306e-10,0.999982216830557,0.0042169907897933005
943,0.7945123560201656,0.43388556845226955,0.3004421805005381,0.30037963612105256,0.34928980493370504,0.6401197428445239,4.41847668145229e-05,0.42484518082219114,0.6401197428610718
944,0.6968066774039624,0.29447060315265244,0.4624790615328234,0.46245068645127413,0.8197750773075703,0.5349076930867065,2.013021765581813e-05,0.6540240969186918,0.5349076930846282
945,0.0011421209516003603,0.003065007259532839,0.7071029987847695,0.707102998437864,0.5008065576563987,0.002312867243185468,0.9999946506308081,2.4474508852457475e-10,0.002312867243157975
946,0.5933748458704968,0.8048393176316124,0.009639162545732608,0.006860293061620305,0.4264415466389924,0.7070572900817079,0.0019671425365258006,0.011666508720065354,0.7070572900881703
947,0.014868785290175983,0.01673635495437752,0.7069295709735284,0.7069295547177832,0.5103538919578602,0.015830135023572018,0.9997493754188099,1.1587075853299e-08,0.015830135022729293
948,0.00022115731182792571,7.521641467138355e-05,0.7071067618947076,0.7071067618929382,0.500156250015585,0.00016517879042237416,1.2653994943294089e-12,0.9999999727159674,0.00016517879042290303
949,0.50831312286036,0.8585349603260833,0.047859894216485725,0.04738060311370578,0.3933001568344925,0.7055014206166614,0.06734520397548226,0.0003384188712233369,0.7055014206095082
950,0.650771690402985,0.676718420393087,0.24350442101702546,0.24342141116976565,0.6317023163834874,0.6638718300757513,5.8777533519425026e-05,0.34430855786041464,0.6638718300704938
951,0.000777487303224431,0.000284714768588815,0.7071065388194493,0.7071065387972191,0.5005489151906944,0.0005854694675264881,0.9999996572254437,1.573532907923871e-11,0.0005854694675284974
952,0.025421971007724753,0.009821068502822263,0.7068441497468714,0.7068441256544254,0.4818462061029797,0.019270832837221398,1.6855140374500023e-08,0.9996285660201727,0.019270832836558862
953,0.759446016889291,0.6505241215269479,0.007279021673631833,0.0026703157215585112,0.5421686662932955,0.7070855270985047,0.00703810983364416,0.0032526531551282773,0.707085527093609
954,0.006166350472651103,0.001629522120489839,0.7070923994236832,0.7070923981042451,0.5043583315681072,0.004509945700637978,9.370044114621672e-10,0.9999796601829231,0.004509945700626771
955,0.0021068941341588544,0.0017814577440156973,0.70710408984622,0.7071040895993755,0.4985089407721278,0.0019509734219676747,1.7503820512325597e-10,0.9999961936954628,0.0019509734219210243
956,0.0013078515258280522,0.0006099231774530836,0.7071060449514011,0.707106044883857,0.49907437764954204,0.0010204121461640295,0.9999989587585101,4.805662459757068e-11,0.0010204121461282938
957,0.4833757963988758,0.3264783132806762,0.5743584921995787,0.5743449107050416,0.7476493765673293,0.41245620736472777,0.8122559657664583,9.557930947721384e-06,0.41245620736232985
958,0.00014107637493979592,0.00026853703825656914,0.7071067486559346,0.7071067486529511,0.5000986859911074,0.00021449322190077543,2.1065473606312344e-12,0.9999999539926566,0.00021449322189847568
959,0.008884580987633266,0.0156719732011698,0.706992032615057,0.7069920220875803,0.5062157446497046,0.012738652270562966,7.5443615233197e-09,0.9998377135698853,0.012738652270694888
960,0.2585323711995447,0.9655388958063681,0.02169644122020333,0.02061354325023106,0.167477447300094,0.7067900488534726,0.02991764380174866,0.0007670177980822017,0.7067900488226656
961,0.0002965754676923175,0.0005177565449978391,0.7071066553171024,0.7071066553055579,0.5002098727640065,0.000421917555885427,0.9999998219855607,8.141347281094142e-12,0.00042191755588110347
962,0.0026354567906987517,0.004025198298012887,0.7070985975123282,0.7070985967616309,0.498092361828326,0.0034020474595789518,0.999988426006106,5.273653380826187e-10,0.0034020474595070575
963,0.017887721822807342,0.9998147607083908,0.006940011890727543,0.0015198396565851288,0.005774075687701157,0.7070889358159916,0.003818472022753314,0.005991072444614464,0.7070889358270258
964,0.0006356517376308439,0.0018797407744018267,0.7071053891401461,0.7071053890124533,0.4995526667681487,0.001403117691174719,0.9999980312588074,9.264311838953475e-11,0.0014031176911486853
965,0.17813160543798787,0.015012656190734741,0.6957173336585816,0.6957162804945545,0.617878851966223,0.1264046057346039,7.434736712897976e-07,0.9838921441385898,0.12640460573450457
966,0.9702202832278842,0.2415009554484512,0.014066451096345313,0.012329861485131655,0.6960029199206638,0.7069830653812212,0.018665046797678008,0.001227419540702053,0.7069830653795627
967,0.8861308368172385,0.4560953160227536,0.05828701526645995,0.057894991088886905,0.6677438697383344,0.7047165365998743,0.0002770067445995568,0.0821530852075458,0.7047165365597847
968,0.000520609816821972,3.0106217108373966e-05,0.7071066850453003,0.7071066850364829,0.5003683147694874,0.0003687417563010379,6.293800398343952e-12,0.9999998640295096,0.0003687417563010866
969,0.0043816919718632965,0.04483810595357043,0.7063888582438751,0.7063887923649927,0.5023680518987311,0.031856357057975467,0.9989846570543297,4.582779873218901e-08,0.031856357058437756
970,0.09696331022007683,0.04453958696419416,0.7030700049597324,0.7030696336709086,0.42851122410641057,0.07545083941041816,2.627649036020023e-07,0.9942908737709278,0.07545083941242248
971,0.00018594585562310928,0.00033580594508527615,0.7071067290958503,0.7071067290910723,0.5001312865802597,0.00027142355484729443,3.375544403553685e-12,0.9999999263292513,0.0002714235548444581
972,0.00823736073213158,0.011678030958105108,0.7070345744185982,0.7070345677955375,0.5057591336173775,0.010105209520039746,0.9998978795262601,4.654309335101322e-09,0.010105209520134792
973,0.03197734216037077,0.9988803225499313,0.02511340909906565,0.024184341603811145,0.01184951533156845,0.706676883136929,0.0006590225068591394,0.034858734697666774,0.7066768831258705
974,0.002756153155812205,0.0006904253676992935,0.7071039270513619,0.7071039267895042,0.5019443135625015,0.002009112665660774,1.869519714712832e-10,0.9999959634581504,0.002009112665665553
975,0.20346206261284905,0.9790503271595267,0.007399342335308522,0.002982565865305238,0.13839859701370463,0.7070842785875365,0.007348345268650445,0.0031060888507374674,0.7070842785751884
976,0.062308376629468545,0.07308496417552295,0.7038382901360514,0.7038379896722776,0.45349479076131344,0.0679107709890498,2.1019780075669736e-07,0.995377443167922,0.06791077098753488
977,0.39087720504899603,0.9202785281860066,0.013196271354423236,0.011326939358121978,0.2857373113154091,0.7069998440164464,0.017340450276082095,0.001322844323746581,0.7069998440083549
978,0.7164753447094304,0.4196583391265336,0.3940695228675112,0.3940294024208183,0.22736764049466032,0.5871328815522643,2.8338378834145164e-05,0.5572700943187885,0.5871328815311513
979,0.9818570779619263,0.1893515337328755,0.0086175933663095,0.005330310840096634,0.7003669838889096,0.7070704791153467,0.009862373983083258,0.0023256630230787364,0.7070704791140124
980,0.0073338490671262906,0.009335370437629432,0.7070569538516905,0.707056949281045,0.5051458871731076,0.008394476855227677,3.283787183797512e-09,0.999929530275334,0.008394476855302039
981,0.9115496511187411,0.41113235774012963,0.006829546277908628,0.0008881695392593804,0.6397269821712189,0.7070900113909244,0.0054186619527102995,0.004250841109099897,0.7070900114155844
982,0.057550910428866474,0.9970939568121372,0.035617964173095644,0.0349699102901221,0.06707909040835151,0.7062253415225274,0.04991313871379215,0.0004610653672270751,0.7062253415120882
983,0.0046071615772203065,0.0017019704423477883,0.7070982528846923,0.7070982521023736,0.49673957662435386,0.0034729412020576274,0.9999879386066697,5.578484399206124e-10,0.00347294120196285
984,0.8856628528970493,0.4592056135015833,0.0488731431122385,0.0484039730458403,0.660851909409967,0.7054319496876852,0.06878530627174606,0.00033221287433384824,0.7054319496843992
985,0.0029031069049123195,0.0005063191111108896,0.7071037109255863,0.7071037106440042,0.5020516760081969,0.0020837932651345814,0.9999956577962003,1.98704682097875e-10,0.0020837932651310382
986,0.840448353294815,0.3930677240314653,0.2638027849817605,0.2637279524970806,0.780766337574014,0.656069987772371,5.304139908435318e-05,0.3730205617376144,0.6560699877695576
987,0.7086969880084748,0.7048469401746912,0.022194421262235985,0.021137118510315217,0.4854008694081871,0.7067745856738962,0.0007474818259569631,0.030640029128650766,0.7067745856575502
988,0.0016223938925366097,0.005245161639310324,0.7070961241230823,0.7070961231456412,0.49885777409798854,0.003882259813456951,6.873574198267689e-10,0.9999849279451575,0.003882259813386012
989,0.6635464729030939,0.7480741359606508,0.00827725006905026,0.00476020246140698,0.4750423887882163,0.7070745461449218,0.00921604007529381,0.0024973989488578114,0.7070745461390656
990,0.0047981690159624125,0.004414426736631005,0.7070917523068139,0.7070917509279534,0.5033881325761318,0.004610292253162161,9.863903508651725e-10,0.999978744979452,0.0046102922531285765
991,0.0013864597139699416,0.0010802395850731791,0.7071056890428659,0.7071056889426893,0.5009802713316024,0.001242816981626977,0.9999984554047581,7.030953883174385e-11,0.001242816981618894
992,0.0036848012083192045,0.03338069717423232,0.7067079322514727,0.706707895660775,0.5024758227104421,0.023747091438576277,2.5874422853949596e-08,0.9994359165531488,0.023747091438238208
993,0.742825679049569,0.6684654146105145,0.02654995974534831,0.025673073346791843,0.5440734214085748,0.7066243673089648,0.0006189360694384104,0.03692727955985003,0.706624367303901
994,0.3385719312502655,0.9407385727617772,0.014591539148787944,0.012925705264323972,0.22912301552226447,0.7069724227816196,0.0011836283711641425,0.019457283859515416,0.7069724227683636
995,0.2210694430187329,0.9751625973840171,0.010771682186892223,0.008377452659395872,0.16393901009679437,0.7070409426393228,0.0016924917647213468,0.013540543630969206,0.70704094264866
996,0.19169858395637712,0.9768137197653105,0.06757236634480006,0.06723529648879827,0.08601172103085646,0.7038868482204576,0.09532341256940666,0.00023833483833432523,0.7038868482326499
997,0.028889856499899776,0.029295702317199017,0.7065080380460864,0.7065079831066486,0.5199674988626034,0.029093487096166534,3.915086241974696e-08,0.9991532104823332,0.029093487096392093
998,0.8573425816067338,0.5071300982131665,0.06256300961928934,0.06219832053662322,0.6504341589897342,0.7043497848173842,0.08821958097040004,0.00025842524422116446,0.7043497848210787
999,1.8876730866521885e-05,0.00012956849270377705,0.7071067751253911,0.7071067751248352,0.4999877491634233,9.258597338883202e-05,0.9999999914278376,3.8818258074135096e-13,9.258597338728593e-05
1000,0.012176732212821648,0.008516249497395623,0.7070287161111916,0.707028708951251,0.508559131690488,0.010507124080435663,5.0416426243275315e-09,0.9998895942488417,0.01050712408049837
