traj,F_phi_plus,F_phi_minus,F_psi_plus,F_psi_minus,F_plusplus,F_ee,F_eg,F_ge,F_gg
1,0.0006828396289472909,0.013287466803135209,0.7070441941893725,0.7070441884487115,0.49972297277290956,0.009408056228586165,0.9999114845605055,4.9634054155182653e-08,0.009408056228735147
2,0.2569773194105064,0.39350544786169034,0.624149921318602,0.6241418072278923,0.3772003829494636,0.33232806095249023,6.970509073268079e-05,0.8826755434206373,0.3323280609455015
3,0.3944958012982128,0.9141973947830425,0.06580899534395691,0.06546267838857367,0.30687119605507246,0.704053909107351,0.002969139331126341,0.09277591466333887,0.7040539091154024
4,0.3469616260567632,0.9372087134376835,0.025527025549376615,0.02461362011261347,0.257145428407654,0.7066620623119649,0.008058139020542076,0.03453296575697191,0.706662062347028
5,0.7272701019270805,0.5655879953981202,0.2749794063761356,0.27490862178728,0.4420226993316636,0.651464341222022,0.000607913164077007,0.3888290816098233,0.6514643411977431
6,0.7104465999180103,0.7032225560146077,0.019868246969595778,0.01867954895651654,0.49276832982583774,0.7068438042581515,0.011181953873580239,0.02487240829579786,0.706843804241779
7,0.6727662013867177,0.7379532497334531,0.03779131465489669,0.03718139341347135,0.49176193747110736,0.7061123708477918,0.005265799922201996,0.05275330160939767,0.7061123708420558
8,0.008317417324971805,0.005169763721175709,0.7070728740771035,0.70707287096655,0.5031442780053988,0.006924806403952239,0.9999520459064698,2.7231696572071095e-08,0.006924806403990139
9,0.20996179403051282,0.9771275819785794,0.024326299706535666,0.023365888101387025,0.16002992078923148,0.7067044171466369,0.008534927836390259,0.032632630770539295,0.7067044171372141
10,0.010309636560322246,0.007926410908801836,0.7070469896543528,0.7070469841706538,0.49609404457367606,0.009195558599329396,4.741034182381148e-08,0.9999154381266935,0.009195558598987073
11,0.9328734945074078,0.28045092847892766,0.15990283487050877,0.15976671543603407,0.7267422206843918,0.6888053716531559,0.22603749976494886,0.0011698977966690346,0.6888053716550949
12,0.9895726318537321,0.14205693580733394,0.01748804441564649,0.01612456441671485,0.7087555636409247,0.7069067006060505,0.01826429068856505,0.01523971655760065,0.7069067006070596
13,0.3391852881949267,0.9398691826009294,0.028679633561629673,0.027870028488599135,0.252783917748363,0.7065411311872908,0.007066469825880275,0.03936146431961859,0.7065411311957703
14,0.012986699588188943,0.0077802913785688455,0.7070257503121448,0.7070257428802853,0.5049196317641327,0.010704842365541554,0.9998853997833286,6.38290448967793e-08,0.010704842364939635
15,0.007482151823157388,0.0026576280476571152,0.7070844918782093,0.7070844898337575,0.49716758163864644,0.005614516091150806,1.7512116762532747e-08,0.9999684767122065,0.005614516090959469
16,0.17393263467871817,0.9589397445160782,0.1584701245416221,0.15833263911439785,0.20655158841508744,0.6891364143130086,0.0011810365183560023,0.2240102902411175,0.6891364142799677
17,0.3825345937950113,0.3575493796753605,0.6024277131503502,0.6024172773686666,0.6145241818988054,0.37025280171399544,8.965083522876162e-05,0.8519540583896326,0.3702528017167275
18,0.005847617883825995,0.007800769206140404,0.7070731778687818,0.7070731747870359,0.49777547806315686,0.006893715802051932,2.6400208047780214e-08,0.9999524755531514,0.00689371580232675
19,0.8177923237319991,0.2564771691498332,0.36432736745120525,0.364281136316425,0.7487383582068345,0.6060382921285856,0.00039493265163007224,0.5152038635124082,0.6060382921267948
20,0.09972212022563515,0.053702827255032115,0.702556792575669,0.7025563738761865,0.46277222480014885,0.0800889965353084,3.555864420199088e-06,0.9935650483262906,0.08008899653323352
21,0.7004333635528293,0.7132374993827748,0.019120732451055736,0.01788232834608768,0.485940373705784,0.7068644211887196,0.01195619480004392,0.02329011555243017,0.7068644212159754
22,0.06508226294887144,0.11034192013516282,0.7012808682223525,0.7012803316617722,0.5219105321858623,0.09058432615477095,4.634408314816625e-06,0.9917605354564499,0.09058432615384839
23,0.4787648015673018,0.8775886324598222,0.018279565112206856,0.01697982499438668,0.32944090393017195,0.7068866751689206,0.021207849031349903,0.013140932120473037,0.7068866751545881
24,0.00894396738326453,0.011613768327308188,0.7070308110990751,0.7070308041303937,0.49658867428810655,0.010365186136889783,0.9998925571443583,5.969715329470905e-08,0.010365186137301854
25,0.14451031536310757,0.9889124814681235,0.02464422137977373,0.02369673190144886,0.11420159966949947,0.7066934014350629,0.008389190938634885,0.03314353972676376,0.7066934014252065
26,0.0015413988574019385,0.0005255274731734322,0.7071058435736705,0.7071058434876644,0.5005837533486659,0.0011515401779033855,0.9999986739543377,7.407948079737569e-10,0.001151540177907091
27,0.006869170053054263,0.04944962110264552,0.7062250575315823,0.706224976611631,0.49663534748996496,0.035301915844075556,0.9987529972295969,6.94742771227321e-07,0.03530191584249771
28,0.9970152826263737,0.05118837451252995,0.04114596369759664,0.04058677365347796,0.6887023748809581,0.7059248272677141,0.004827830441232206,0.057593129602699196,0.70592482724638
29,0.001996924371749812,0.026800857124825248,0.7068513844807686,0.7068513610516208,0.5002846520674469,0.0190036001468258,2.033019491672058e-07,0.9996387979479724,0.019003600147109646
30,0.08355893117182123,0.9260680807306224,0.2602455196280852,0.2601693379067153,0.22223099110716085,0.6574892337955657,0.3679882954045768,0.0006552240415891192,0.6574892338050837
31,0.9819646248362696,0.17577872066497166,0.049461857813849035,0.048998383168822456,0.6753066332539054,0.7053909139746998,0.06950828278222483,0.003989430563680947,0.7053909139976131
32,0.676718572072711,0.5691129615630394,0.3303015770663504,0.33024730033762617,0.40448979116697503,0.6252349913343718,0.0004670355431847673,0.46707835859800867,0.6252349913578822
33,0.07741283841073097,0.0877995502961179,0.7022460821200658,0.7022456347774699,0.5277942274070402,0.08276928350207062,3.873572016164928e-06,0.9931256171310806,0.08276928350276055
34,0.995399311871401,0.03431233791813791,0.06343643548821394,0.06307687409093715,0.7295990250110016,0.7042716544796974,0.003091333304831531,0.08940535247362269,0.7042716544799296
35,0.7139734531350772,0.378368014913965,0.41659902442490526,0.41656308808710263,0.4272226935233008,0.5713669777246246,0.5891344989794248,0.0003092259825518704,0.5713669777449422
36,0.5709752221387414,0.8191242614993995,0.03916926969523563,0.038581268180654264,0.42036735896896493,0.7060372702862431,0.05474447622346449,0.005078214834388364,0.7060372702796016
37,0.9978920863244186,0.0464046628960079,0.03243265393922262,0.03171930439128173,0.6921642543290643,0.7063787966297854,0.006187493313998737,0.04494114194251609,0.7063787966518035
38,0.6376133612509556,0.7697343255409085,0.022406398865736907,0.02135964414834662,0.46143160155351076,0.706767896448445,0.009449964865022111,0.02947845437475212,0.7067678964423642
39,0.0068039381150998635,0.007388721468595521,0.7070711130599902,0.7070711097888821,0.4974101065653335,0.007102350949517454,2.8175426377653563e-08,0.9999495553386553,0.0071023509496784916
40,0.013911934372191698,0.0055476911769741,0.7070274717053874,0.7070274644301415,0.5052800297018438,0.0105905333995055,6.263882682090644e-08,0.9998878343117412,0.010590533399465942
41,0.5196601841383193,0.8485745448482286,0.07042709645181663,0.07010400549939141,0.3970307899481779,0.7036069401690817,0.00278159881739696,0.0993318187174243,0.703606940162053
42,0.8771130344647514,0.47876637026401364,0.027397778624491137,0.026548996265308,0.6083828124628419,0.7065920012813703,0.037418056542841464,0.007441540217500762,0.7065920012630565
43,0.3715032433874928,0.29063879107373486,0.6235080735908913,0.623499892095227,0.37314577053754944,0.3335307832341944,0.8817677859393365,7.0394779778632e-05,0.3335307832260971
44,0.029237144875170634,0.021880627429285204,0.7066351564488718,0.7066351131760487,0.48890569951715424,0.02582220456427195,3.7582494345441854e-07,0.9993329913010516,0.02582220456490495
45,0.9201700751637297,0.37699418681448493,0.07485906879556657,0.07455558798854613,0.681133015345146,0.7031491961605664,0.1056201163366758,0.0026090048455849595,0.7031491961578913
46,0.8591992632982222,0.08204754846566097,0.35712671885028235,0.35707888838442126,0.7727960942053476,0.6103094191285791,0.5050194606255757,0.0004125967465984078,0.6103094191279579
47,0.2116155753089386,0.02639197561034169,0.690841659604663,0.6908401502986986,0.5824835533831296,0.15079404512447653,0.976996577138892,1.2997810100929687e-05,0.1507940451242929
48,0.03647659094312734,0.04124906329815379,0.7060340332320338,0.706033934761968,0.4858780406536148,0.038936017275298315,0.9984828356645169,8.397781132051671e-07,0.03893601727681796
49,0.0014228367588265565,0.003396234442658996,0.7071019876046437,0.7071019871650275,0.49946475547154107,0.0026037350893966193,3.824184210338453e-09,0.9999932205406039,0.0026037350894467176
50,0.5341462722159754,0.8187634691457416,0.14892610165443437,0.1487788886778326,0.4435453364458223,0.691261838429932,0.0012610361862123594,0.21050546609989704,0.6912618384232297
51,0.2067580133647446,0.041960519881607004,0.6911918979986659,0.691190421554989,0.5803749886849326,0.1491803628021359,1.2663916378777196e-05,0.9774919122673021,0.14918036280241745
52,0.048994287501794666,0.039082319159768016,0.7057167676333423,0.7057166400209309,0.5184110077488526,0.04431629428713891,1.1124184739795285e-06,0.9980341337449578,0.044316294287430946
53,0.050707167191340906,0.0,0.7061990268098136,0.7061989434850178,0.5194371891141737,0.035818896922718224,0.9987161825293368,7.154833245957241e-07,0.03581889692271795
54,0.004938147078727791,0.0013199679052217546,0.7070975440440217,0.7070975431968864,0.5018696364965232,0.003614388734066666,0.9999869361087476,7.296950818498019e-09,0.003614388734075971
55,0.9931679964079697,0.10424454392441336,0.03739074404754224,0.036774151690648654,0.6872141503013035,0.7061336962627158,0.05217188225687251,0.005338602323706512,0.70613369628519
56,0.5914753087593567,0.7979554553063498,0.08206494129688761,0.08178883791487632,0.4525163331956341,0.7023446203294702,0.11583800260144914,0.0023718665295895443,0.7023446203230471
57,0.827731803682201,0.5590047419507269,0.03478151365355034,0.034117531528239084,0.5711594311200666,0.7062670317682609,0.005746832997851506,0.04838112814008477,0.7062670317858815
58,0.36314317106406563,0.12628149421832216,0.6527583013904356,0.6527531091411144,0.3899317151531499,0.27186391675565197,4.48993375873443e-05,0.9231359702186717,0.27186391676490157
59,0.005433045849523294,0.0010124111677448553,0.7070959830309683,0.7070959820405524,0.5020613755034377,0.003907874331119933,8.51658512697706e-09,0.9999847284016017,0.003907874331112855
60,0.003560523223992955,0.003618564840178354,0.7070976700021053,0.7070976691664829,0.4986549411698173,0.0035896613294257094,0.9999871142485185,7.227259739289308e-09,0.003589661329508071
61,0.628408834380929,0.7774812671169897,0.018317256037998848,0.017020407909599862,0.43523279672109416,0.7068856993417885,0.01307856994651961,0.021311198049963526,0.7068856993262127
62,0.015725210168563628,0.0026235808878012604,0.7070169185541277,0.7070169103117024,0.49406823354007107,0.011273096547278594,0.9998729092182043,7.11464035135435e-08,0.011273096546915072
63,0.3333567537379919,0.9399252572263378,0.05224649970857479,0.051808192725409145,0.25834782516497573,0.7051901213228866,0.003772320348421575,0.07348166549868157,0.7051901213313628
64,0.997697087665247,0.05480170834829809,0.028662493658016177,0.02785238739679925,0.7180848540863978,0.7065418267778176,0.03933338016424164,0.0070837300380831875,0.7065418267781973
65,0.6634781683360614,0.7478136463086731,0.01756844270550633,0.016211735158466457,0.4602589990303911,0.706904706974891,0.018658343972027792,0.014944455030760083,0.7069047069590018
66,0.007769540915143797,0.02200072921297953,0.7069142901052439,0.7069142724496821,0.5028094374605806,0.01649845222955045,1.5237359106513647e-07,0.9997277640178057,0.016498452229351288
67,0.96563925972583,0.2302524674355124,0.08535170181366387,0.08508656005892895,0.651887148149349,0.7019527634846301,0.1204966123054681,0.002280817409622464,0.7019527634614283
68,0.014928486183953735,0.0,0.7070281423747862,0.7070281351612854,0.4943715917531482,0.010545662151385344,0.9998887828251611,6.194123947420784e-08,0.010545662151061312
69,0.002874701953397246,0.014846560720939221,0.707025928170894,0.7070259207536365,0.49887082963406454,0.010693088341337038,0.9998856513239092,6.40192448750798e-08,0.010693088341810484
70,0.8134273916031468,0.5810603199724846,0.019372749182166814,0.018151576578675423,0.5847667811794528,0.7068575587948167,0.023830963935221022,0.011699072659183646,0.7068575587991246
71,0.005487451972452601,0.015677639104734194,0.7070092333744449,0.7070092244279633,0.5020509277323377,0.011745222370073303,7.681669723538731e-08,0.9998620402350241,0.011745222370214815
72,0.6319983338665692,0.7723806374732348,0.045010717545062646,0.04450047362001442,0.4657075956457575,0.70568893400175,0.06314215280637954,0.004396064751892121,0.7056889340078633
73,0.4093195566036137,0.761141843208918,0.3557772087979053,0.3557290721860156,0.2632480073260009,0.6110971301407457,0.000413382909010984,0.503110747463143,0.6110971301154937
74,0.15986511436816933,0.056944408409929564,0.6968507015894658,0.6968497540175235,0.4426416444781247,0.11999900003583704,0.9854950430684998,8.211561361502836e-06,0.11999900003912843
75,0.6982056887072818,0.5358217217463991,0.33573756002264543,0.33568465790316604,0.41772523154439867,0.6223327491019953,0.47476698582372845,0.0004559971236672075,0.6223327491251274
76,0.08321351548225886,0.09404397586122122,0.7015097877743417,0.7015092723633021,0.46704980815785047,0.08879402695411806,0.992084291547501,4.425475812747287e-06,0.08879402695212021
77,0.21555032869973123,0.3295268744055309,0.6499835401437315,0.6499780706948307,0.5564292983220412,0.2784330306882916,0.9192116691192801,4.68710967242285e-05,0.27843303069099695
78,0.9700738239026265,0.15080031286532108,0.13464815684198897,0.13448394153268606,0.6397289548477554,0.6941843931192415,0.0014094406703699534,0.19029994784053017,0.6941843931395695
79,0.29881090229309243,0.4156771375137487,0.6074276018668324,0.6074177093290177,0.363268891524378,0.3619913223334452,0.8590253534769781,8.485255024068626e-05,0.36199132232566544
80,0.20210957859940393,0.9787407876019601,0.025139650836162743,0.024211597693643668,0.13241217837646083,0.7066759499717938,0.00820852267020027,0.03392379198462103,0.7066759499405812
81,0.496224532760186,0.0,0.6139344418769468,0.6139252479489753,0.6888633418207233,0.3508420520747877,7.907263451698124e-05,0.8682279094451455,0.3508420520746964
82,0.00402279244245275,0.006122424532834071,0.7070878076729638,0.7070878059329309,0.49847450665903126,0.005180103338565462,0.999973166169375,1.4835326269187691e-08,0.005180103338456331
83,0.4646558944277233,0.8807043490952854,0.0651928600410193,0.06484319746807893,0.3561214137089725,0.7041112308191363,0.0030093823781905085,0.09190045090158182,0.7041112308265928
84,0.7985165324313986,0.6000793971844058,0.034072103328417876,0.0333939557899582,0.5507221111540791,0.7063016124387227,0.04734584389054605,0.005868183263678076,0.7063016124559859
85,0.06608096318112568,0.013071182392388137,0.7055007649153525,0.7055006174340135,0.5253489331224921,0.04763165703651985,0.9977286457220095,1.2834141796167727e-06,0.04763165703642606
86,0.5677620636482477,0.8228361077818988,0.017787734351434745,0.0164491738046167,0.410600340614604,0.7068992223713063,0.01960938122166685,0.014228526990347235,0.7068992223780022
87,0.9657171192794272,0.15574375978398872,0.14693230510753372,0.14678291635871646,0.6330155235849025,0.6916883955976721,0.20768407511681575,0.001285208876479192,0.6916883955774644
88,0.4179416534050796,0.12302359719254112,0.6364741454701395,0.6364673079937422,0.38391770648185647,0.3080665739722061,0.9001055319106509,5.848581093117509e-05,0.3080665739808259
89,0.2257907635701247,0.973802258649902,0.01966614888667563,0.018464417746623333,0.1503677848141474,0.7068494563586741,0.011393362043293066,0.024451655079056736,0.7068494563276383
90,0.015347273189043985,0.008940536977718513,0.7069952413107958,0.706995231078749,0.5058219417672851,0.012559299259661521,0.9998422515598132,8.739135273264088e-08,0.01255929925972648
91,0.03156748788769239,0.9920057832568807,0.08652511470916824,0.08626369003196216,0.07500833045175515,0.7018090838402993,0.002249130999876902,0.12215957229423557,0.7018090838296959
92,0.10607634407036515,0.9938458000107878,0.02306668867286619,0.022051369645875885,0.08665394630588075,0.7067466536831818,0.030580347361173647,0.009120163642169483,0.7067466536730418
93,0.8481414792552069,0.5282451126977064,0.028800351707857434,0.027994238429493147,0.6124173810061212,0.7065362207101578,0.03954363921791786,0.007031233259304301,0.7065362207140298
94,0.7670788237962863,0.6411020533258561,0.01766444082067549,0.01631572355650277,0.533457504239274,0.706902314563829,0.014484670881167625,0.019194520419734924,0.7069023145807524
95,0.29430815042042296,0.9552582387464278,0.0213335455133141,0.02023126228065056,0.19841155591026716,0.706801095020415,0.010059594569141366,0.027626593976486143,0.7068010950333222
96,0.11415249989266081,0.9928036865801932,0.02603692883185322,0.025142100760752358,0.07081441794295312,0.7066434578777351,0.0353249690225543,0.007886282851533605,0.706643457866086
97,0.4292991635186531,0.8767882139146332,0.15327812112860492,0.15313548551659822,0.2617811852617152,0.6903098364647615,0.21666364053776252,0.0012353987383838816,0.6903098364784429
98,0.8735934360012718,0.47748018069550036,0.06668073146760543,0.06633904752800955,0.593131426489279,0.703971878291187,0.09401350312479817,0.0029411572861689286,0.7039718782729819
99,0.12400581157330688,0.5266845676058522,0.5946592936890792,0.5946480047911241,0.4733302203765467,0.38260558988552734,0.8409672500478804,9.756928504969338e-05,0.3826055898905386
100,0.009206124013965993,0.003352085491748348,0.7070728446231622,0.7070728415104879,0.49651464797327616,0.006927813319912193,2.6605541722251014e-08,0.9999520042508069,0.006927813320101854
101,0.2616893961318052,0.1068563309410573,0.6782713501237079,0.6782686489079008,0.599524974673788,0.1998744799997196,2.3273213827149935e-05,0.9592186319856097,0.19987447999896166
102,0.9598184783700848,0.07496066219274901,0.191274550141139,0.19116340777895532,0.6167341276645031,0.6807608236255968,0.0009524482897619187,0.27042280755811554,0.6807608236460367
103,0.40949505951943427,0.9116702188513798,0.024668043912342577,0.02372149833242319,0.3009958499606244,0.7066925703993167,0.03317535087345207,0.008403449768979486,0.706692570407253
104,0.006194693974052327,0.014789171167621382,0.7070158831218274,0.7070158747837293,0.49761544412694814,0.011337852910767698,0.9998714448281514,7.072807738312858e-08,0.011337852910986292
105,0.23939454183165532,0.9704458211584006,0.022033786858784432,0.0209683994159264,0.18004194228271783,0.7067796114948465,0.009648518702338531,0.028845582404499793,0.7067796115040281
106,0.3582171571781208,0.9312851404230807,0.04708569000993755,0.04659836052809995,0.2361418125897344,0.7055535169544187,0.06611229747096517,0.004199229778105821,0.7055535169678011
107,0.0,0.9993085839819323,0.029106956987725245,0.028309617724957572,0.019916364691778824,0.7065236551538402,0.04000424637816639,0.006950515990448586,0.7065236551646675
108,0.06561344043739652,0.14008474500364512,0.6985958194591801,0.6985950341116014,0.5202239518900973,0.1093820354274458,6.7893198963953904e-06,0.9879631271485482,0.10938203542866197
109,0.005704136860166102,0.021315424942047023,0.7069346284536036,0.7069346126590389,0.502011305486829,0.015602636280222234,1.3683470023317156e-07,0.9997565281018181,0.01560263628002137
110,0.08688505068410828,0.9936815236316724,0.0504661105298466,0.050012039107020366,0.08568735062696076,0.7053197741399376,0.003899481156737507,0.07094241618637667,0.7053197741730494
111,0.14668909227084873,0.9888871405094528,0.017753556300711553,0.016412175908220125,0.1130595808237177,0.706900081944644,0.014260618297619905,0.019523909576068123,0.7069000819545131
112,0.9978766378203834,0.04313708639801864,0.03483654202012307,0.03417364053442863,0.7203832167622083,0.7062643193709834,0.005721524730176193,0.04846324919006284,0.7062643193706847
113,0.029570350100371713,0.9854754973872476,0.1183389456450961,0.11815046503469781,0.07427140569239181,0.6971500418026709,0.1672154360895417,0.0016236926103070767,0.6971500417917482
114,0.5600665029248547,0.8269875548335485,0.03509161734028656,0.03443362955611379,0.38191521186528493,0.7062516915268918,0.048835474054531064,0.005673881020430127,0.7062516915119227
115,0.09222855083072434,0.9954577573635505,0.017372293791734682,0.01599893616093431,0.07458007056369836,0.7069095548240544,0.01690277945289488,0.016494198878235635,0.7069095548573282
116,0.8665216953403434,0.447572387148175,0.15630535519940766,0.15616576354307526,0.5612144507919186,0.6896306584896833,0.0012040191200330503,0.2209471884975306,0.6896306584716961
117,0.02141779055366481,0.0072335461001132,0.7069260843577818,0.7069260677850424,0.4919210074636431,0.015985085870247315,1.4122935513451065e-07,0.9997444443753756,0.015985085869704947
118,0.02201512751558904,0.1814512984161984,0.6951950419116678,0.6951939399656659,0.5001676864178517,0.12924635301620283,0.9831534775276716,9.423278291392475e-06,0.1292463530180369
119,0.893307909364892,0.36097236911442204,0.1893970644902995,0.1892846527442048,0.7127089267730116,0.6812855760231693,0.26776668511383905,0.0009644403470652702,0.6812855760257454
120,0.1704783552798988,0.09735284325721814,0.6933474316349785,0.6933461572584364,0.5641044207109206,0.13881722742501962,0.9805404400738925,1.0934315545747792e-05,0.13881722742571956
121,0.9488408701379908,0.3141658418339027,0.022876159116344403,0.02185196386258837,0.6816067045885923,0.7067528468363616,0.009200507000157707,0.030268426644082854,0.7067528468341129
122,0.600041592268305,0.7980606316154488,0.0393384791329435,0.038753062758705804,0.44095959064338003,0.7060278621192209,0.005055033404156293,0.054988748403251436,0.706027862125635
123,0.26740956647623476,0.09663577454032928,0.6779223252407073,0.6779195909370456,0.6021269836611947,0.20105515308459823,2.3608194973657667e-05,0.9587250128575305,0.2010551530852815
124,0.0021741168669777216,0.0009321756849388689,0.707104802883187,0.7071048027017427,0.5008238755736096,0.0016726828239224812,1.55230846207494e-09,0.9999972021282567,0.001672682823915816
125,0.07478809212582276,0.043581071820567946,0.70445289944047,0.7044526555800343,0.5283444236006338,0.06120689714448463,0.9962466720042468,2.076156304155959e-06,0.06120689714480273
126,0.3939641258891286,0.9188222731152177,0.017374250959039605,0.016001041947502247,0.2698022654693195,0.7069095069529423,0.016800229834048715,0.016602717166673497,0.7069095069665914
127,0.7349073197926166,0.6755610527568845,0.0422740427347151,0.04173009254847071,0.5373202485256424,0.705858167302046,0.0046945277383226725,0.05921534195252587,0.7058581672969114
128,0.003119315031909624,0.007118793568652148,0.707085424620746,0.7070854226617574,0.5011583683321885,0.005495786938223314,0.9999697958697837,1.673366668424433e-08,0.00549578693828596
129,0.011879888184516631,0.010409743265566616,0.7070185701041708,0.7070185620133576,0.5044940251466853,0.011169030764116782,0.9998752449698802,6.918997003230929e-08,0.011169030764037701
130,0.14606063326339594,0.9881482399287299,0.03372759631554727,0.033042345304527446,0.09144791392987832,0.7063181481033579,0.005934656469905907,0.04684151138714836,0.7063181480914918
131,0.007673709661856054,0.00632221580255091,0.7070718309694993,0.7070718277634962,0.5028953832377555,0.007030513232657837,0.9999505706620558,2.7536401697383522e-08,0.00703051323261044
132,0.0016955363770051425,0.006128509929051342,0.7070924863043666,0.7070924849935842,0.5006492958770559,0.00449630278714606,0.9999797830568843,1.1208713388876859e-08,0.004496302787089031
133,0.4314649358431276,0.2329746679330777,0.6162677349313703,0.616258789257058,0.6522542502575355,0.3467269700678072,0.8715278598828439,7.682478203618406e-05,0.34672697006949976
134,0.008660596370026162,0.00531851344637722,0.7070702624993148,0.7070702591499559,0.503279524380018,0.007186533057157955,2.891002674753038e-08,0.9999483524088809,0.007186533057196747
135,0.003270391967497261,0.005811907836691456,0.7070910578925558,0.7070910564503431,0.5012204680669786,0.004715598388525481,1.241429842851526e-08,0.9999777628845935,0.004715598388476489
136,0.046658050117482426,0.09073365891854158,0.7034169840140674,0.7034166447412432,0.48054210523341123,0.07214419762511622,0.994781598889873,2.9297204937521926e-06,0.0721441976221229
137,0.872725273581435,0.4865703056241676,0.028685659613983113,0.02787622821272513,0.6297589702693329,0.706540886586933,0.007069171289659985,0.039369759767297056,0.706540886583421
138,0.0007392896110640178,0.008998915865870183,0.707077957760967,0.7070779551171767,0.4996650566577822,0.0063846313868290115,2.2619042049692094e-08,0.9999592356511879,0.006384631386725093
139,0.053668600394499645,0.28354979030899896,0.6770240087882685,0.6770211881999666,0.45895139080761016,0.20405979792240775,2.429481956989987e-05,0.9574545405173001,0.20405979791337617
140,0.9884073682395597,0.1263895765160308,0.05967443921866531,0.059291741932769294,0.7231455525588159,0.7046004011639748,0.0840586182968117,0.003270786987134531,0.7046004011648874
141,0.7980242093125656,0.5990888787288955,0.046344024736440656,0.04584875249824267,0.5834583759250319,0.7056026230364675,0.0650517982764422,0.004259140220515377,0.7056026230320066
142,0.009138985509911192,0.034219458647495975,0.706663132315219,0.706663091610284,0.5030107235959755,0.025044883531917674,0.9993725569664406,3.4655391206852824e-07,0.025044883531593624
143,0.14489625569476336,0.9849690862272431,0.06665742754575187,0.06631562120107047,0.13423348277320482,0.7039740853723001,0.002939649524644755,0.09398049118286883,0.7039740853624702
144,0.07335171237041264,0.04167050127205849,0.7045861984012445,0.7045859668191977,0.52781006060047,0.059652763489934986,0.9964351938847451,1.9830089743229585e-06,0.0596527634896344
145,0.16773124687574156,0.1436581968088829,0.6896487468108817,0.6896471252265952,0.4357040524178479,0.15615929157067224,1.3957095942736007e-05,0.9753094642811206,0.15615929157439365
146,0.0012779682071367884,0.006226846851677389,0.7070924957275663,0.7070924944173214,0.5004514253328752,0.004494820599987949,0.9999797963836812,1.1283423934778172e-08,0.004494820600048573
147,0.006643149124540595,0.007817297052288192,0.7070695734025577,0.7070695699898308,0.49748729114774476,0.007254018290698497,0.9999473778340933,2.9225552241403195e-08,0.0072540182905370095
148,0.33418353662091066,0.8583182541163452,0.2753634362595588,0.27529278638230453,0.3788798577071546,0.6513021033848815,0.3893722805751493,0.0006061208729057183,0.6513021033772439
149,0.03749801895386987,0.25721273363384456,0.6828025359580451,0.6828002673879806,0.4688335332510038,0.1837994719021653,0.9656270024580885,1.9484414038291355e-05,0.18379947190525583
150,0.020329073860276183,0.014038439943024957,0.7068909671762281,0.7068909473777443,0.49230776102816953,0.017469244975603617,1.7200708979087857e-07,0.9996947788999995,0.01746924497603806
151,0.0006176770950609886,0.001215651245421506,0.7071061238429237,0.7071061237826272,0.49976537368303614,0.0009641921344370835,5.187811354500414e-10,0.9999990703330962,0.000964192134456355
152,0.7872995233423176,0.6160310606461449,0.01885495283033385,0.01759782992036307,0.5661552227322798,0.706871560873094,0.022674442020298224,0.012290750311037752,0.7068715608685151
153,0.699359312413116,0.6711868714048638,0.17385026425126823,0.1737263042360903,0.5702155129206647,0.6854178495010389,0.0010623895266025129,0.2457714680190933,0.6854178495061384
154,0.15836743429448755,0.9861855546297984,0.03466666535095092,0.03400043981989037,0.12768574599002325,0.706272678368388,0.005769898654081203,0.04821323328737081,0.7062726783586109
155,0.4382300859628824,0.8979508453562545,0.029021242213168204,0.02822148050451147,0.32275353897098086,0.7065271811924853,0.03987601867193528,0.006970480351981998,0.7065271812002272
156,0.7868928370493863,0.6162632511679136,0.02307678088869696,0.022061968274040795,0.5459123649781872,0.7067463235498502,0.030611906057429084,0.009065289175798462,0.7067463235761825
157,0.009305573470100102,0.008836913107777785,0.7070485566143888,0.7070485512739751,0.4964705243325473,0.009074269416478932,4.586402153848013e-08,0.9999176542441462,0.009074269416267123
158,0.36235046783153935,0.9312678147984602,0.027278064445044003,0.026425419256851112,0.2446664130936008,0.7065966333058158,0.007472542645424032,0.037236496736141156,0.7065966333192663
159,0.9787607579658831,0.2036215521484819,0.017485517285421043,0.01612183105708607,0.6831646938188498,0.7069067630246102,0.0153311476937091,0.018182757265213147,0.70690676304496
160,0.00989530839099828,0.0731311887070495,0.7051787581393885,0.7051785810564298,0.49519909408982227,0.052182793563297865,1.5141374233224434e-06,0.9972732384404375,0.05218279356416404
161,0.536291358326117,0.18645087731412172,0.5820835131408016,0.5820708144746505,0.3819289616979824,0.4014799812304558,0.8231814122185196,0.00010913956567119188,0.4014799812414938
162,0.22047275470490835,0.9751048814195021,0.017436736292949638,0.0160688961143187,0.16503149338198403,0.7069079681231224,0.017861318254827778,0.01559559248898194,0.7069079681324552
163,0.02149373623843649,0.034000321265120044,0.7065345255718343,0.7065344730665051,0.49164617249026576,0.028442947664163123,4.4792412867564017e-07,0.9991906712215545,0.02844294766356909
164,0.1369503237286207,0.19190638600927157,0.6871750492141243,0.6871731947457294,0.5440056448149714,0.1667085063232089,0.971810962883974,1.6062697156074196e-05,0.16670850632165773
165,0.7659785327301696,0.6390376001645088,0.04976677102928399,0.04930620117022274,0.5622109646513945,0.7053694659611798,0.06994380403463943,0.003961975477411993,0.7053694659659707
166,0.9962443589337672,0.05202976680881319,0.0491717267486018,0.048705461162256755,0.7246034608072078,0.7054111989974505,0.06909405036452576,0.00401159104242227,0.7054111989970898
167,0.010901251434809642,0.0032016219583817767,0.7070611424243322,0.7070611382388272,0.5041430830830009,0.00803391766231429,0.9999354540839058,3.5974372124879e-08,0.008033917662291928
168,0.09247167341105898,0.9953049391584545,0.020771212505826517,0.01963732248494714,0.07604727060591855,0.7068178451026584,0.026603655084524506,0.010455297197290382,0.7068178450924193
169,0.08503664233005725,0.1491027932740295,0.6966126893600654,0.6966117197021243,0.5274813031055753,0.12137312922517215,8.374761239408263e-06,0.985158427327137,0.12137312922642146
170,0.04927120745395601,0.08344375490248154,0.7037790557045273,0.7037787497754113,0.5171261584671051,0.06852193851643704,2.633805144011695e-06,0.9952936691634588,0.0685219385171334
171,0.0036494237239434054,0.004540230474673227,0.7070947848660885,0.7070947837658681,0.5013757234550756,0.0041189796236285525,9.49712808058866e-09,0.9999830338629351,0.004118979623664728
172,0.9975759153241378,0.0,0.05046519952305737,0.05001113299158339,0.7260197752170803,0.7053198388940791,0.07094179317137146,0.003887385706896808,0.705319838850734
173,0.00154991980087601,0.01672157521479025,0.7070070719602058,0.7070070628142286,0.5004754494262621,0.011874622710826014,0.9998589833926286,7.82669937283428e-08,0.01187462271099888
174,0.27682296531220185,0.9606214490895607,0.017625369730736737,0.016273406732018887,0.1869522632571256,0.7069032899178238,0.014729681591197764,0.01893446342077901,0.7069032899050093
175,0.0016412431212813087,0.024233415698064798,0.70689818041084,0.706898161276759,0.4991345444607874,0.017174867035421724,1.629447525620026e-07,0.9997049804240213,0.017174867035699315
176,0.2941565675611629,0.8002879114331397,0.3694891817423779,0.3694440670787496,0.4114223982023773,0.60290497836184,0.00038704140229458645,0.5225045687104493,0.6029049783690377
177,0.5158694409876865,0.8266476444980414,0.15902190136422464,0.1588849476426333,0.3184658538293161,0.6890092917802012,0.001175213519448255,0.22479103757507604,0.6890092917658327
178,0.4979068584676016,0.7631861213802441,0.29126773007426715,0.2912023589205385,0.49409991565859274,0.6443462949254932,0.0005618366577505981,0.4118681691549765,0.64434629493176
179,0.07829928533874393,0.9865661084992388,0.10149252178775098,0.10127101412240394,0.061669345831829016,0.6998012038199155,0.001900695362044177,0.1433629576890696,0.69980120380861
180,0.0065661862884083865,0.0011800043085811835,0.7070910460571608,0.70709104461395,0.49751410095100346,0.004717372814588954,0.9999777461461116,1.230924745153058e-08,0.004717372814451871
181,0.9792414330297932,0.20011250548709067,0.02331319105401741,0.022309103709404372,0.6818434058571247,0.706738565164601,0.008976721037811754,0.030993861728532402,0.706738565187754
182,0.8975252657101105,0.4400938899506704,0.02014431093397316,0.018972932748591423,0.6249948034304605,0.7068359903807633,0.02541662997411121,0.010943507703029924,0.7068359903558699
183,0.05225933321972539,0.990300934693937,0.09115407820972532,0.09090637831373112,0.05376682931373915,0.7012228477639981,0.12871863660161695,0.0021326471355582986,0.7012228477319965
184,0.9829672908337103,0.09190233231110487,0.11263652706992089,0.11243795570801504,0.7411359177764054,0.6980940906807409,0.0017083362883702701,0.15914258607078252,0.6980940906800892
185,0.9907660354662583,0.10822501265934245,0.05794635517676712,0.05755197411623633,0.6786664259486282,0.7047446311131014,0.0034000460065704164,0.0815993228532026,0.704744631135503
186,0.9663276194703972,0.25103322639551323,0.04024277412392326,0.03967077293097332,0.7000768382001338,0.7059768937112408,0.004926773179907573,0.05629367637811283,0.705976893709485
187,0.11358901104836182,0.010764262236933175,0.702489239872494,0.7024888149222799,0.5439397307629255,0.08067940496941417,3.6749216505703333e-06,0.9934695099569182,0.08067940496949395
188,0.13016793782665229,0.9911496237041695,0.019033803063699044,0.01778933678481909,0.10170696576813372,0.7068667674287407,0.01207172342409424,0.02308721845271906,0.7068667674622445
189,0.9890037649587797,0.10394737283161898,0.07453806443439964,0.07423323736125258,0.7294769661496858,0.7031832987991518,0.10516498875080281,0.0026118422238529094,0.7031832987999502
190,0.10439881674673764,0.11239560647921921,0.6987378599171176,0.6987370877694252,0.5372441447475301,0.1084709299631469,6.665979496378272e-06,0.9881640120251375,0.10847092996227378
191,0.01602439282376911,0.01942126459215348,0.7068826148646807,0.7068825943003098,0.5059956988429761,0.01780402591224172,0.9996829664061669,1.7805343315310157e-07,0.01780402591129994
192,0.00025429250961347553,2.166042147965691e-05,0.7071067581593078,0.7071067581571964,0.5000963326897713,0.00018046309082487972,0.9999999674330725,1.8170582178071368e-11,0.0001804630908361241
193,0.22063713903569088,0.9746759190472877,0.026190661098522163,0.025301284131251555,0.14515287794071147,0.7066377764845562,0.007819164015458575,0.03556636587518216,0.7066377764721418
194,0.10214995947596217,0.047070726072413895,0.7026202077298436,0.7026197949216532,0.5389799979078916,0.079530709395401,0.9936547350632228,3.5371811880106537e-06,0.07953070939573732
195,0.0639828027767276,0.4933451371929165,0.6134036697220593,0.6133944200336713,0.4119340631339354,0.351769259201928,7.915888103305839e-05,0.8674772448259407,0.35176925920777974
196,0.6675162610428138,0.7437654415216295,0.02530632262268846,0.0243846336827999,0.4608973613093397,0.7066700006555235,0.034185992947154825,0.00814482723850014,0.7066700006714567
197,0.513095693828516,0.8553981764916702,0.050360673400174256,0.04990562297003475,0.34403583199004195,0.7053273110376519,0.07079203614554186,0.0039059246939202757,0.7053273110230714
198,0.5779038122509943,0.3922375692870894,0.5060628653613995,0.5060407614512229,0.6721485219329252,0.49387403457218887,0.7156653127449756,0.0001899514674748187,0.4938740345750804
199,0.721807624259332,0.6911275530999089,0.02628929054302769,0.02540338776565389,0.4989752541710035,0.7066341136223016,0.007781824468118097,0.03571977204819899,0.7066341136387295
200,0.6310544797413407,0.7708293036033069,0.061797795354235026,0.06142850148091445,0.42356988619120023,0.7044173378307854,0.0031864260448757663,0.08707625964575627,0.7044173378463672
201,0.04755260448612876,0.3962684113863558,0.648350754206855,0.6483451206443427,0.4439702243771558,0.28221437247531506,4.856886898379406e-05,0.9169024449661972,0.2822143724625741
202,0.15143150073888711,0.21253409818371707,0.6826056261024123,0.682603338475779,0.43521467840740247,0.18452945769782245,1.9935425897931178e-05,0.9653485163854163,0.18452945769387016
203,0.20047107992116697,0.9793378172024407,0.019424524356131026,0.018206821776614538,0.1325684477399106,0.7068561379487573,0.011606586791381681,0.023960126225073552,0.706856137936495
204,0.7988214074973733,0.2690074091799489,0.3804943839254219,0.3804515692324304,0.7442943565323752,0.5960203969966321,0.0003683084211800089,0.5380699183926864,0.5960203969947423
205,0.2568031850324181,0.9658667897599512,0.024487459923747616,0.02353365467718185,0.1930873046592277,0.7066988507903442,0.03288049404436496,0.008505392841043251,0.7066988507812896
206,0.7434182722996884,0.6683937142591051,0.017676897577733754,0.01632918987244199,0.5167103777481805,0.7069020034183469,0.014552388617736632,0.019166197728874682,0.7069020034016482
207,0.0012614890481261521,0.015337039041545214,0.707023052928447,0.7070230452468532,0.5004338638801878,0.010881546710209355,0.9998815849301314,6.629692686633431e-08,0.010881546710051095
208,0.7272945130747349,0.6849731454072641,0.030824118222696265,0.03007249670463216,0.5276723784904075,0.706450818766009,0.0065315877231671175,0.04256547525955092,0.7064508187712523
209,0.08110413376697985,0.021878366648678742,0.7046076142911198,0.7046073846820622,0.531110826341808,0.05939925645369273,1.9652274865502413e-06,0.9964654819218062,0.05939925645353872
210,0.8982805799046963,0.34888800043117685,0.18895997757946673,0.1888472657847665,0.7159288726990292,0.6814069404824881,0.2671483217488617,0.0009680433778932373,0.681406940484963
211,0.0850664524978625,0.996095759418534,0.017360403014573818,0.015986029369481094,0.05132943073917486,0.7069098468885229,0.01681761203436408,0.016556106223745624,0.706909846900015
212,0.0008510084953946838,0.0021526190006028283,0.7071048869374685,0.7071048867637172,0.4996737693332803,0.0016367626616110062,0.9999973210044014,1.496515457869152e-09,0.0016367626616422737
213,0.8599046386726336,0.5094773566921902,0.02283263646280794,0.021806396606471563,0.6187075686601425,0.7067542542441629,0.009224369432377196,0.03019535112192781,0.7067542542404492
214,0.007456909889242975,0.1865589611149083,0.6946732133889955,0.6946720630070297,0.49241130160903485,0.1320224440727812,0.9824154662996907,9.889236625360366e-06,0.1320224440707698
215,0.5418133518035049,0.8366823735793956,0.05677349732280452,0.05637080406323555,0.40675241689165953,0.7048400891128708,0.003459706353572401,0.07993076992588799,0.7048400891197666
216,0.8914658035637527,0.4519844157851354,0.022854237423287765,0.021829019205731222,0.6410438681087511,0.7067535559683183,0.030239882826824625,0.009185408771748107,0.7067535559715703
217,0.6467604299592336,0.7595092578332981,0.04945840047489785,0.04899489898868178,0.4386602611302844,0.7053911562096912,0.06950322432028452,0.003991906002239798,0.7053911561939911
218,0.2044504642170258,0.9751975101649613,0.06014711288089381,0.05976745486968033,0.126548923493232,0.7045602089719674,0.0032639780667627783,0.08472998463758832,0.704560208984211
219,0.21024741911385364,0.131375101667366,0.6850326357825375,0.6850305783909323,0.42379780326752464,0.17530458433907442,1.7656451169067528e-05,0.968780989236492,0.1753045843435121
220,0.004766286138892593,0.00885742286981167,0.7070710124222156,0.7070710091417768,0.5017925298693259,0.007112363301020204,2.8038556833331006e-08,0.9999494130087517,0.007112363301095039
221,0.012024000299931904,0.03236051744091606,0.7066853171608152,0.7066852784918195,0.5042678225679256,0.0244108548830471,0.9994039325155938,3.3054459946400465e-07,0.0244108548833385
222,0.4670004527986875,0.8824320095987426,0.04043534277842547,0.03986613319267335,0.31464175965157654,0.7059658895649888,0.05657068030683016,0.004907509650235702,0.7059658895792125
223,0.374814503513978,0.586599753805007,0.5076598460597178,0.5076379590713221,0.31192493117476483,0.4922322537168659,0.7179239383386263,0.00018855192959147166,0.4922322537271808
224,0.0005790972619913786,0.01689223085269131,0.7070057744758043,0.7070057652106162,0.49989232841234144,0.011951627855966908,0.999857148388296,7.95061475937124e-08,0.01195162785615157
225,0.016065682994573085,0.018650596016716866,0.7068925225559197,0.7068925029018268,0.49386339380859806,0.017406189929249374,0.9996969786411544,1.692052494854412e-07,0.017406189929638934
226,0.0056237248230802984,0.031446902008807426,0.706745892406775,0.7067458593011449,0.5019468784491085,0.022589089477568054,2.8622354747648005e-07,0.9994896027838813,0.022589089477260713
227,0.00029834661632178,5.774960190423678e-05,0.7071067485389022,0.7071067485359072,0.5001128141644275,0.00021487870996944364,0.9999999538271396,2.6188928461777862e-11,0.0002148787099566195
228,0.05291566253206412,0.16453438779835017,0.6964659854713318,0.6964650022832967,0.5135837505540769,0.12221217549070186,0.984950947130362,8.427862862808828e-06,0.1222121754891967
229,0.24345047419875027,0.6110017764456642,0.5326483509666683,0.5326297306808148,0.4908174608292916,0.4650759637964066,0.7532653382472374,0.00016120764137363057,0.46507596380182625
230,0.004647521513283724,0.0542358466185424,0.7060584286759,0.7060583324567333,0.5005138294734374,0.038491079902876035,8.210086918156443e-07,0.9985173376237342,0.03849107990230775
231,0.04105441316845207,0.9528168688459676,0.21271607585272972,0.21261801587774626,0.13969237245622015,0.6743683898225546,0.0008438453960608004,0.3007554447170016,0.6743683898331647
232,0.0026611072469163635,0.0015638867230820409,0.7071034129473054,0.7071034126383887,0.501009366031945,0.0021825711233265177,0.9999952363719457,2.6327055036764637e-09,0.0021825711233151605
233,0.016190350127984754,0.04713699356004634,0.7062280404925942,0.7062279598449389,0.4932663173304714,0.03524218747008521,0.9987572159660628,6.883131429280922e-07,0.03524218746857537
234,0.6924716990987727,0.7210111046477544,0.018327037981483087,0.01703093070586719,0.4989376903089048,0.7068854458418216,0.013019124720857473,0.021364346781156958,0.7068854458362585
235,0.015075769676786173,0.010325212083737462,0.7069887292154391,0.706988718386946,0.49428104906874265,0.012920697270927158,0.9998330416444886,9.255551019782465e-08,0.012920697270454069
236,0.021844082851339295,0.0439212110945563,0.7062555747057949,0.7062554965855893,0.49127128863137987,0.03468599673987127,0.9987961570109839,6.786473417748102e-07,0.0346859967391798
237,0.0002334222925716288,0.014092960134075547,0.7070365418771674,0.7070365354343926,0.49985408666229275,0.009966594486343159,5.5684922670162085e-08,0.9999006620603318,0.009966594486187662
238,0.19912325443139847,0.3710886229069679,0.6413467456543678,0.6413404051922912,0.39647160417505023,0.29778921782257356,5.437759418470554e-05,0.9069967808855433,0.29778921782858625
239,0.0982955144282953,0.33129451239212565,0.6635463111599283,0.6635421848166702,0.4359322877441626,0.24435431438788044,0.938393274076569,3.539895551666019e-05,0.24435431437729674
240,0.015318407486005825,0.0020902916300421215,0.7070222726461344,0.7070222648936084,0.5058256978647037,0.010932129870392666,6.665364313049199e-08,0.9998804813941458,0.01093212987037805
241,0.04649150760451443,0.004818589343525736,0.7063339936235912,0.7063339227090422,0.4826166623029173,0.033050560374524335,6.063237806498558e-07,0.9989070632032928,0.03305056037551298
242,0.8427644126808501,0.5368102651337773,0.028536534817104806,0.0277227369921393,0.5837455598620064,0.7065469255502818,0.039146398284226884,0.007102356445282275,0.7065469255681037
243,0.9986524187384944,0.024195509184647978,0.03281526817417525,0.032110466657746806,0.6925683709696487,0.7063611244032547,0.0061102245685222805,0.04550372567211982,0.7063611243814687
244,0.050571684111050466,0.06519213452329857,0.7046959636968196,0.7046957422262893,0.5183936241696614,0.058341707370842225,0.996590432604512,1.8979609431072451e-06,0.05834170736777206
245,0.8428762077695272,0.5375548255331652,0.017893251745472,0.016563196069522914,0.6051517897021802,0.7068965596437533,0.01389448995455856,0.02003624393360611,0.7068965596477018
246,0.9219664556142955,0.03788551134832202,0.2725633755091157,0.27249174131148335,0.7728300817372387,0.652478910482202,0.3854116807396601,0.0006157120414181633,0.6524789104822236
247,0.33118982789609275,0.9431744494687416,0.019762060832804847,0.01856654839019768,0.22481921820411066,0.7068467812232009,0.011271866332773427,0.02466172736977523,0.7068467812099792
248,0.7137364297191071,0.6944693914148584,0.06456798527904217,0.06421486242826298,0.48095961703477486,0.7041688102803672,0.09101297242131692,0.0030351492075276778,0.7041688102640122
249,0.9208588748216752,0.38804264407730155,0.02727308639761928,0.026420286142903336,0.6393769538349086,0.7065968253768548,0.03722757392128542,0.0074806752008175015,0.7065968253578766
250,0.00481895695176509,0.0028714986713284448,0.7070956560438587,0.7070956550235503,0.49817695496617,0.003966601235394841,8.740656310896568e-09,0.9999842659508593,0.003966601235537831
251,0.04243393583790036,0.042989923306153276,0.7058156256746565,0.7058155071524923,0.48367507938577475,0.042712834234598734,0.9981739465556054,1.0220473798191068e-06,0.042712834232952475
252,0.017842197431807184,0.9741389465346411,0.15934004567630766,0.15920338777506712,0.11406225801492906,0.6889357847979135,0.0011767005899237474,0.22524116899649563,0.6889357848084967
253,0.20768165472100128,0.42632203491415377,0.622546450862557,0.6225381669884233,0.5334458397850906,0.3353223428012662,7.153102790567185e-05,0.880407773547113,0.33532234279759576
254,0.06651958602766457,0.552595217146495,0.587463989345931,0.5874518975059057,0.4444943675198896,0.39356468930413396,0.8307909844264737,0.00010419796665111686,0.39356468930966654
255,0.9439552833174365,0.3290239883752446,0.019202374463703504,0.01796961284225694,0.6580857059028442,0.7068622078795602,0.011856773240079114,0.023474562809097044,0.7068622078601237
256,0.5286815479867087,0.8367717223300247,0.10088069911494206,0.10065778694820145,0.41689404900304045,0.6998896678842164,0.14249640720034185,0.0019181924364784996,0.6998896679203804
257,0.9275572640270386,0.3669510229424501,0.050150257926894815,0.04969326254166889,0.6764496350408206,0.7053423038795228,0.003928865387791775,0.07049136634321909,0.7053423038821388
258,0.0177659080172062,0.0020103710356396904,0.706993757251699,0.706993746884368,0.5067676601683246,0.012642568440127016,0.9998401526876507,8.859709559826323e-08,0.0126425684401412
259,0.8903678525666021,0.4482104731748353,0.05655980899682217,0.05615555946282295,0.6082132845639122,0.7048572696374986,0.07962661500928889,0.003472900013265978,0.704857269655952
260,0.00493030109431245,0.010438322634700407,0.7070596649728942,0.7070596606514319,0.49809968723991704,0.008162917612699943,0.9999333645559081,3.7204898972198703e-08,0.008162917612538893
261,0.20264848098555285,0.12288060312732176,0.6869630727170213,0.6869611979445369,0.5753364794070103,0.16757990518183224,0.9715111684903013,1.6025432862993086e-05,0.16757990518272622
262,0.0018900289263456406,0.0019189789592388043,0.7071042163794105,0.7071042161441775,0.49928529726383,0.0019045589500272318,0.9999963726486273,2.0263112559155704e-09,0.001904558950071032
263,9.098088054533082e-05,0.0003747010059972546,0.707106728623216,0.7071067286183953,0.5000352040860614,0.00027265212682289503,0.9999999256608152,4.160828586130389e-11,0.0002726521268193417
264,0.30966155738103374,0.8736636922672684,0.2653873315997013,0.2653130922526357,0.3565099238303884,0.6554305940815093,0.3752613303893879,0.0006376587269712301,0.6554305940736087
265,0.12816773239409382,0.1173246779355059,0.696350966443661,0.6963499724074075,0.5462842153794715,0.1228658769979689,8.495791423226702e-06,0.9847882779900661,0.12286587699886402
266,0.013531167939146044,0.0037653870543785575,0.7070370352409662,0.7070370288431497,0.50514528298158,0.00993153166225403,0.9999013598138976,5.483674071778502e-08,0.009931531662227669
267,0.09700107465717957,0.0731171456540459,0.7018708396800698,0.7018703576398921,0.4632294550777334,0.08589332184053469,0.9925949196471902,4.164728796599518e-06,0.08589332183843526
268,0.0019134807498278517,0.0007744425121119359,0.7071052747030077,0.7071052745648257,0.5007255027623057,0.0014596523189691819,0.9999978694128373,1.1838710907846237e-09,0.0014596523189636275
269,0.795238843435084,0.6058229544124091,0.017600579442646903,0.016246519698987914,0.571384172219018,0.706903907970291,0.018860192072739708,0.01476560036117373,0.7069039079657721
270,0.7956226304737575,0.6000441498259128,0.0590643143210256,0.05867755031954247,0.5405375308146683,0.7046518118281818,0.08318988677454632,0.0033302967065285557,0.7046518118542978
271,0.3779893691903438,0.9103610088253435,0.11918771976830507,0.11900066321681116,0.2326781222493627,0.6970054266751062,0.0016096937610161368,0.16841698036600908,0.6970054266617046
272,0.04725394673799279,0.05678529176497169,0.7051747107958746,0.7051745333346132,0.5173330629818079,0.05223746160712273,0.9972675143648252,1.52923933910969e-06,0.05223746160667627
273,0.2422835372532899,0.9695639504496311,0.025399131125177006,0.0244809661294984,0.18326498485864653,0.7066666705202688,0.03433291785825639,0.008104586102066151,0.7066666705111111
274,0.040714011727241095,0.987458321644024,0.10796578634948507,0.10775816091129362,0.09714030592581738,0.6988317278678468,0.0017827742601029815,0.15252951839229162,0.6988317278574285
275,0.020803414340909192,0.012457784905977813,0.706898878379939,0.7068988593088686,0.5078682633188296,0.017146114034527978,1.6596023444788915e-07,0.9997059675459422,0.017146114035492644
276,0.09269830612371019,0.015323700627842433,0.7039789105554133,0.7039786230661316,0.46598300755428207,0.066437157372189,0.9955763196434377,2.470027093247887e-06,0.06643715737025345
277,0.6986291149327878,0.5392885208712861,0.33250637243862285,0.3324526567719457,0.6510901198320352,0.6240651982317164,0.00046098479684772626,0.47019681432357074,0.624065198235722
278,0.7693881799159991,0.6382825098469974,0.018480980409184247,0.017196499413582544,0.5348626592490114,0.7068814376354223,0.021766382540883193,0.012786352883052,0.7068814376523938
279,0.906294407834772,0.4044694311206045,0.08683343581498204,0.08657297523446852,0.6095589429953191,0.7017710005442906,0.12259654984707495,0.002238656288083847,0.7017710005255783
280,0.4868974339988461,0.8290447113920633,0.19449697239841007,0.19438797032235636,0.29433379973642493,0.6798471316188863,0.27498160310859626,0.0009344677734654386,0.6798471316048801
281,0.10483166195026035,0.17558585385683495,0.6921639431567369,0.6921625577650283,0.4540596712062477,0.1446030245581862,0.9788666561068842,1.1842130581140565e-05,0.14460302455520105
282,0.6192004398776754,0.7557383169701525,0.15082139108651788,0.1506762075084598,0.5032950786069977,0.6908507756707865,0.21318738092954484,0.001245845418171364,0.690850775664802
283,0.11200790291540601,0.9913426640897673,0.04868055336508418,0.04820949869014232,0.066269852455202,0.7054452664607438,0.004054584760282819,0.06839234154718879,0.705445266472343
284,0.2477973720824082,0.13368800553084362,0.6785011477302869,0.6784984687491311,0.5923424637362071,0.1990929687785932,0.9595436306029437,2.314204555764694e-05,0.19909296877762528
285,0.005336332347739517,0.012559538017623254,0.7070409429801644,0.7070409369418268,0.5019758906909263,0.009649311844473502,5.2069732243814036e-08,0.99990688644586,0.009649311844362709
286,0.00583129713184842,0.01696904866864348,0.706992949799023,0.7069929393573212,0.5021278149542376,0.012687644252723502,0.9998390107245373,8.944525110131973e-08,0.012687644252878083
287,0.020645949922950397,0.0,0.7069560867642573,0.7069560729406825,0.5078515090843979,0.014597984779705605,0.9997868761294728,1.1952231013195616e-07,0.01459798477970312
288,0.9964478740369666,0.0,0.060378306969247585,0.060000132458783925,0.6818688263488569,0.7045404332335967,0.00324628368688369,0.08505890599912853,0.7045404332552352
289,0.19035555093898632,0.9809834508373819,0.027221534744375865,0.026367052471907168,0.14739259267611343,0.7065988135344652,0.03715077170686283,0.007486893312992307,0.7065988135440009
290,0.0053116310190118475,0.003764775558514041,0.7070917956618926,0.7070917942873837,0.5020115773955726,0.004603637642552785,0.9999788062958693,1.192365079542064e-08,0.004603637642580549
291,0.035035803061502724,0.3460392189393883,0.6629611221293018,0.6629569382733016,0.45978278412826623,0.24593764305042654,0.9375656511345234,3.567003009810292e-05,0.24593764305438762
292,0.2162047641375824,0.9731451632907061,0.05607840700796757,0.05567061968904758,0.17789809433096657,0.7048957349793202,0.078941101875794,0.0035082850154105143,0.70489573496997
293,0.996438466845386,0.07599763030743559,0.026272962215469223,0.025386483312742517,0.7163870124157797,0.7066347210266121,0.0356920814523479,0.007798551157913322,0.7066347210271202
294,0.02600478818317456,0.031291339833757634,0.7065212944296576,0.7065212407086656,0.5097003919635975,0.02876974925959415,4.606488363276814e-07,0.9991719587012334,0.028769749259841357
295,0.8123574888448525,0.5825394048378549,0.01960835821930236,0.018402837193595017,0.5840970397569211,0.7068510620623166,0.011501648233181035,0.024307698713588878,0.7068510620580067
296,0.11463382927012906,0.1802503530230186,0.6907861419183392,0.6907846274748154,0.45000481230623884,0.15104817870304227,1.2960463023602029e-05,0.9769180596416315,0.15104817869987625
297,0.005734315145396193,0.11566965476293804,0.702349010062452,0.702348572204178,0.5001325953302971,0.08189124247088028,0.993271185930005,3.762421032934827e-06,0.08189124247207642
298,0.990009633992503,0.13900061662144866,0.01740091633424345,0.016030012215256358,0.7090412118193747,0.7069088508501282,0.017594594827741554,0.015817187289155397,0.7069088508491488
299,0.0,0.06945631377745923,0.7054004975913127,0.7054003409047152,0.4984462296110572,0.04909428199575095,0.9975868398033068,1.346133036808318e-06,0.049094281996512834
300,0.2426418986858038,0.08215381302152498,0.6835124977555692,0.6835102964989722,0.41706811566139335,0.18114129842419072,1.8890499299755892e-05,0.9666310876706373,0.18114129843033
301,0.011949265067443895,0.9983870372245259,0.039536400895194675,0.03895397246289322,0.019741187668113697,0.7060168060987709,0.00502124674473206,0.05527500382192581,0.7060168061312067
302,0.2932738607288818,0.3858937531702437,0.6185011030241294,0.6184923936317998,0.37025278998596034,0.3427269646325308,0.8746864866174003,7.450749315126511e-05,0.3427269646399908
303,0.37855284943656425,0.784704176119588,0.3471108638352383,0.34706072144726186,0.44980355177732273,0.6160612403991986,0.4908532458913353,0.0004326220980294672,0.6160612403924343
304,0.8119076763422013,0.5823541366186243,0.029286228148273176,0.028493885319833094,0.5616970283151588,0.7065162472666209,0.0069066500197503345,0.04027260663623838,0.7065162472926633
305,0.3598827055703973,0.9326978975917464,0.017391101026590645,0.01601935280661952,0.2635951212666123,0.706909092441339,0.016012626761508025,0.01739729414181033,0.706909092433034
306,0.0029757993671242744,0.013091644033551428,0.7070430544677513,0.7070430486233403,0.501069957723812,0.009493327191350785,5.018506831056441e-08,0.9999098726773692,0.009493327191476332
307,0.06789698818232748,0.032097893701454806,0.7051099144238452,0.7051097310326186,0.5259177078487239,0.05310497050313088,0.9971758742635455,1.5582577747487582e-06,0.053104970503358835
308,0.9471428224349858,0.27199130401268723,0.12038632199205866,0.12020123929727107,0.7193493776386717,0.6967993956481486,0.0015928593406618948,0.17011368919195283,0.6967993956462708
309,0.012954338581872837,0.04801269208579802,0.7062319307072052,0.7062318504288506,0.5042723594604314,0.03516414003853179,6.922574533794355e-07,0.9987627178214585,0.03516414004024522
310,0.10276783440619396,0.049464073596505995,0.7024929445561306,0.7024925200135425,0.46193453651981975,0.08064713936134751,3.6460545710403655e-06,0.9934747494591026,0.08064713935850949
311,0.015036770809697933,0.04490993964265824,0.7063133496204347,0.7063132768087671,0.49379624407540623,0.033488857486841356,0.9988778668325724,6.217817644303397e-07,0.0334888574874629
312,0.18019112328872813,0.9833160351121655,0.01825618748438072,0.016954658661412127,0.1369042761143376,0.7068872792679969,0.013124974504537083,0.021177437900867718,0.7068872792583709
313,0.49268857555307805,0.7247617637845076,0.34059768950147895,0.340545983945937,0.5192490286449357,0.6196860683915837,0.00044630506767533103,0.48164110506396657,0.6196860683974857
314,0.07110256695965475,0.046926574579016,0.7045362497390452,0.7045360135391724,0.526849245911347,0.06023984740157765,0.9963645525438869,2.011882622954208e-06,0.060239847401921426
315,0.028805647459925664,0.008135267826424455,0.7067899593142121,0.7067899302511441,0.48915987172421804,0.02116539520258567,2.49873596699051e-07,0.9995519256605636,0.021165395203292157
316,0.012463968885526276,0.008061203890084306,0.7070288808021659,0.7070288736558795,0.5047127407445682,0.010496035645319599,6.187992973426814e-08,0.9998898271667042,0.010496035645378592
317,0.06374777271151953,0.08957242100091317,0.7028205878309252,0.7028201934763881,0.5225559038492185,0.07773994135229179,3.4193215643070087e-06,0.9939381283689158,0.07773994135156645
318,0.6001369309511518,0.7995413132788743,0.017538276452223996,0.016179039770776855,0.4154772095577718,0.7069054560227611,0.015034134699871186,0.018529092331928818,0.7069054560380951
319,0.0079155094566978,0.002394841702791751,0.7070826021688992,0.7070825999508957,0.4970084077384588,0.005847672902043882,0.9999658041369516,1.911625828411898e-08,0.00584767290220687
320,0.9894556636316427,0.1199704556284055,0.057576617702067345,0.057179651778971614,0.7230749537840104,0.7047749358900347,0.0034222173445800775,0.08107322561746834,0.7047749358891955
321,0.9730886489713008,0.18125751219653186,0.10072020733397063,0.10049694199340148,0.7291674305710786,0.6999127818829367,0.14226914954660555,0.0019195318983352848,0.699912781881683
322,0.004614445486197966,0.0025494407385587827,0.7070969553460471,0.7070969544448116,0.5017441783292829,0.003727784544765049,7.811413485879938e-09,0.9999861035258331,0.003727784544783507
323,0.0002790871608359046,0.00039871392143160314,0.7071066974468655,0.7071066974391849,0.49989497160292296,0.0003441383693311986,6.642538987573233e-11,0.9999998815687752,0.00034413836932384675
324,0.9286129014915312,0.37019254741903157,0.01845803532334337,0.017171831244971333,0.6659395822554132,0.706882037238179,0.012833608968500143,0.021699523892177875,0.7068820372408
325,0.2716878516606595,0.8314950704228028,0.3426636461586406,0.34261244099404087,0.38165896072834377,0.6185460131982086,0.0004397415713165422,0.4845631700304716,0.6185460131906181
326,0.20481649767188825,0.4451002151317165,0.6164199093229518,0.6164109799163257,0.5276638296105044,0.3464563458981508,7.6559783392491e-05,0.8717430784983159,0.34645634590201974
327,0.8607314902724408,0.49950949448382026,0.06955925916551997,0.0692320448798659,0.5831164421619761,0.7036932689000627,0.002812366059513025,0.09810024042300326,0.7036932689253486
328,0.9950895842317854,0.0955460608922294,0.018887763097857994,0.017632980648472657,0.6943299585617301,0.7068706849088331,0.012218968471887642,0.022767661515255215,0.7068706849312163
329,0.1853795339084679,0.9822833809633286,0.019995256862122085,0.01881468127086001,0.14111368342224315,0.7068402214992197,0.025116552997321583,0.01108879136060496,0.7068402215088218
330,0.08718191854116371,0.08294420965737438,0.7019687440466553,0.7019682710389096,0.46622946370604534,0.08508944951272801,0.9927333837176024,4.049039782027536e-06,0.08508944950947502
331,0.786018176743156,0.45191343576493637,0.29831810373314527,0.2982549129555845,0.6922954070533016,0.641112437832513,0.0005415170327621724,0.42184048036714805,0.6411124378292573
332,0.8259454596076414,0.5632486627733748,0.017476750175993684,0.01611225747118553,0.5930627760974684,0.7069069805697995,0.018203940350920215,0.015285882154197324,0.7069069805739384
333,0.9193815257165825,0.39265604383786046,0.017387851775525116,0.01601583419056937,0.6591015995564427,0.7069091722885158,0.016759537098296914,0.016672199927971483,0.7069091722422347
334,0.004796698530285806,0.9993022350316291,0.026625444870306002,0.025751124819205204,0.025178984836842874,0.7066215271526907,0.036232089714414814,0.007698728396468304,0.7066215271419343
335,0.5688733858911078,0.802832046255677,0.12626989540290703,0.12609397227723107,0.4567943928741306,0.6957572219098102,0.0015142143827858647,0.1784418210076191,0.6957572219033261
336,0.0651310123605159,0.027261388872471613,0.7053421143369469,0.7053419522815321,0.524870812112944,0.04992610586828519,0.9975042696167876,1.384664140307323e-06,0.049926105868479016
337,0.9750489105758482,0.22073063544715027,0.017370288178138148,0.015996755230637625,0.6984509867328029,0.7069096041619713,0.01679489147301652,0.016599840653153734,0.7069096041604299
338,0.002239419716207406,0.0002676222654509344,0.7071049828741536,0.7071049827092148,0.500847289728989,0.0015947762135030952,1.4144844575656135e-09,0.999997456685594,0.0015947762135009042
339,0.0016187494044690178,0.0002606004923366322,0.7071058307852767,0.7071058306981072,0.5006136657899954,0.001159366681129462,7.538844584545727e-10,0.9999986558679951,0.0011593666811277549
340,0.19188795809633444,0.9809170050272092,0.022656692928862025,0.02162209637363938,0.12562871199341547,0.7067599165315012,0.009304282899276236,0.029904365998862637,0.7067599165192638
341,0.010445373611195864,0.008065713352926473,0.7070452059185661,0.7070452002706776,0.5039543718712026,0.009331708358278254,4.8795882026922755e-08,0.9999129154272527,0.009331708358338422
342,0.8754024466877199,0.0,0.3422418891350072,0.3421905813487445,0.7761351296510773,0.6187794822703757,0.48396664203903117,0.0004404951244984551,0.6187794822703107
343,0.026999100721041013,0.0076514864256059375,0.7068283170073556,0.7068282914575897,0.5102729802118546,0.019843092900248854,0.9996061741147152,2.2004317318595232e-07,0.019843092900195956
344,0.028493436509103062,0.9797547536654222,0.1402012892846995,0.1400440831624863,0.09046535640698501,0.6930841410929506,0.0013462179826141693,0.19815886163141094,0.6930841410821185
345,0.004594904120141662,0.002570443665475988,0.7070969809533524,0.7070969800544655,0.5017433283327525,0.0037229238852374475,0.9999861397416923,7.63475163774954e-09,0.0037229238852559115
346,0.051014762382691835,0.9788459104630566,0.14018244053554377,0.14002521542311328,0.11782277076029486,0.6930879534466186,0.1981321671852432,0.0013497834157332352,0.6930879534362078
347,0.04415707386294851,0.05822062403859759,0.7052165471011472,0.7052163735047207,0.516000182431161,0.05166956665015712,0.9973266825680431,1.4955384259787939e-06,0.051669566649688387
348,0.962860736585389,0.21902988841204096,0.11173590166608334,0.11153563647243052,0.6415151947528039,0.6982388166120934,0.0017166488959151555,0.15786754904352884,0.6982388166320265
349,0.14151162151755642,0.9742530636886554,0.12419716775179111,0.124018113157562,0.09055027717367216,0.696130221695268,0.001536761040767326,0.17550802612482425,0.6961302217069425
350,0.9064068158124287,0.3293631270497959,0.1870685217405997,0.18695449436303915,0.7208605990767043,0.6819286565353073,0.26447239433014996,0.0009835781771401445,0.6819286565376156
351,0.12173942953921225,0.2265370821789829,0.68332404277979,0.683321823339762,0.5341751855840275,0.18185095312837998,1.9308021806259407e-05,0.9663645592220846,0.18185095312645425
352,0.07705077441957789,0.8783685220031401,0.33359224206702104,0.3335388039614803,0.21324298286203602,0.6234853976927011,0.4717326672558503,0.00045646362185666815,0.6234853977027949
353,0.019558847771228426,0.017018861936828507,0.7068690970183129,0.7068690752177412,0.49258813448410516,0.01833289640698756,0.9996638484103723,1.85843963225349e-07,0.01833289640655274
354,0.03624933977173562,0.01943209096282434,0.706508477221952,0.7065084223280299,0.4863413052489621,0.029082819611709564,4.6567387039809714e-07,0.9991538316028754,0.029082819610673504
355,0.0004721455897720216,0.00010311694653785654,0.7071066986163214,0.7071066986087482,0.5001786480122066,0.00034172691041602283,6.478818554424895e-11,0.9999998832227115,0.00034172691041529186
356,0.07492555674952098,0.9968875408390115,0.01798916745597594,0.01666678493170211,0.06306377811125832,0.7068941250709588,0.020340591509581035,0.013698620469197497,0.7068941250812893
357,0.21051521009085833,0.6841544016201323,0.49378112414181435,0.493757331596651,0.29849297417536763,0.5061540768175102,0.6982951085713515,0.00020593572713098715,0.5061540767956074
358,0.18048819625491705,0.9831106243079107,0.021946825865016353,0.020876994332831023,0.13828354853488206,0.7067823172407696,0.009699976137299409,0.028695339706269935,0.7067823172503973
359,0.06282741962310828,0.07585743567637114,0.7036685333682666,0.7036682172327176,0.5226937937575787,0.06964781117873194,0.995137359759249,2.74040249085077e-06,0.06964781117813125
360,0.9908306390656039,0.13283010814667132,0.018119540801038433,0.016807417997730726,0.6915338279786146,0.7068907953048662,0.02076683144336489,0.013399469034025595,0.7068907952821734
361,0.7390536851701043,0.5691421667028606,0.2548693244734906,0.25479103586996915,0.45222280463670067,0.659591978214707,0.3603836731499084,0.0006727884105649774,0.6595919782392355
362,0.001209399790584578,0.00014623544974696857,0.7071062565256367,0.707106256477511,0.49954223726354,0.0008614036975149688,0.9999992579833945,4.124350092661011e-10,0.0008614036975403927
363,0.5683732836882134,0.05312338360955012,0.5805793053201976,0.5805664361098257,0.3918778023350434,0.40365225349696804,0.8210540203475022,0.00011033834964508261,0.40365225348493877
364,0.0004764436409279696,0.007015703364366724,0.7070892995849773,0.707089297981656,0.49979392887069074,0.004972277759513421,1.3982117886805915e-08,0.9999752761482481,0.004972277759593576
365,0.08606636536193105,0.04317004351855817,0.7038214806373472,0.703821178651139,0.5327609495765697,0.06808477023364337,2.588814934926323e-06,0.99535366986701,0.06808477023395325
366,0.009794531427147243,0.006999278847669336,0.7070555437507006,0.7070555390510312,0.49628423881330136,0.008512424703216184,4.0270575054599e-08,0.9999275360001555,0.008512424703006049
367,0.013409265743642176,0.017921719207456287,0.7069296381351117,0.7069296218853952,0.5050181741979849,0.015827135355616036,0.9997494704038851,1.395301317246292e-07,0.015827135355759497
368,0.007568396956971763,0.0059239785057331054,0.7070741227348077,0.7070741197392025,0.5028520042585749,0.0067961074827463976,0.9999538118564106,2.5831382605979286e-08,0.006796107482790846
369,0.02086581753933312,0.009067567181101363,0.7069237655599181,0.706923748771596,0.5079342912011372,0.016087310360901216,0.9997411649475479,1.4441945640524296e-07,0.016087310360965692
370,0.8865509114433161,0.4583072606985904,0.0448754549697865,0.04436364689568353,0.6454707116011393,0.7056975486604399,0.06294872045132748,0.004404340832730173,0.70569754866374
371,0.21203128763872606,0.9752439827911169,0.04465189109170152,0.04413746383656584,0.13454945730434267,0.7057117304149771,0.06262812537394176,0.004430011753388865,0.7057117304273153
372,0.0033603710697161743,0.0007127348490679297,0.7071026094056139,0.707102609022963,0.49872985088520966,0.0024290002770276436,0.9999940999402496,3.319313137538181e-09,0.002429000276957774
373,0.00042500506337996426,0.0006155085713311017,0.7071065833895043,0.7071065833713596,0.5001600176021735,0.0005289045780128755,0.9999997202599088,1.5575865299443435e-10,0.0005289045780078707
374,0.8879979765988453,0.45555271237531336,0.04459257681723175,0.044077453382063744,0.6105224540646207,0.7057154809915211,0.06254302225656691,0.004437360799314799,0.7057154809730722
375,0.03702272989098734,0.051920822801028464,0.7056676739407849,0.7056675418428034,0.48538245327119844,0.04509132036419468,1.138959275963815e-06,0.9979647016073092,0.04509132036600007
376,0.5202684858636797,0.8514417411576773,0.04697510005208578,0.04648660029059304,0.35012267680472087,0.7055608889348921,0.004208995768025556,0.0659541385062801,0.7055608889202322
377,0.19747936476444336,0.9249403092947311,0.22970453157288542,0.2296152279550966,0.264932224748527,0.6687722614156146,0.0007690809498423478,0.324787212261324,0.6687722614067111
378,0.952258257559636,0.054248174766342715,0.21248889844403704,0.21239071197339845,0.7647262132080737,0.6744400097506712,0.0008439216593164729,0.3004340764473304,0.6744400097510423
379,0.03059415948660682,0.016893122855977508,0.7066748459570954,0.7066748063267834,0.5116028141335746,0.024712144732146422,0.9993891233175222,3.4086874908611e-07,0.024712144732024616
380,0.42273259882629793,0.8642897228727887,0.19279895490288074,0.1926888367664397,0.38945119836593844,0.6803306457833832,0.0009468822462445624,0.27257939804772197,0.6803306457759511
381,0.03872732904232339,0.0016379205892809669,0.7065753958708627,0.7065753471154512,0.5148248407906725,0.027408837977998736,4.140505116277629e-07,0.9992484732043455,0.027408837978013415
382,0.6352397118063217,0.5619104986693335,0.37467324776216343,0.3746292345258803,0.3799530816226459,0.5996969626682073,0.0003769995460933976,0.5298367331748874,0.5996969626540022
383,0.38628141261119114,0.9219513878872261,0.02047105947652612,0.019319533323277772,0.2635501210389449,0.7068266022778522,0.02604348070718884,0.010679220785010168,0.706826602264252
384,0.029121808169889025,0.03986029917688099,0.7062447127495695,0.7062446336445489,0.5107522973918833,0.03490646903925294,0.9987807951888075,6.772686648499067e-07,0.03490646903893248
385,0.014042727912826278,0.5893258847888533,0.5711889991783603,0.5711750491204816,0.39820909927240744,0.41683461377701725,0.00011990480213669615,0.8077733562968018,0.416834613770505
386,0.0002045676795191434,0.0006180795596387495,0.7071066313326272,0.7071066313188807,0.5000786084590368,0.0004603641371524557,1.1886320970778583e-10,0.9999997880648335,0.00046036413714683794
387,0.01326358452508918,0.04470279107064649,0.7063376803989633,0.7063376098188826,0.4944100417378509,0.03297167120362769,0.9989122773275274,6.110891947579978e-07,0.03297167120423115
388,0.9664865018410328,0.24016355415885982,0.06430703308646674,0.06395244642040034,0.7094915357849175,0.7041926902808867,0.09064211278968962,0.0030524247016581554,0.7041926902825822
389,0.0272851309150285,0.019951824260648208,0.7067027305535086,0.7067026934861274,0.48967153969291033,0.023901397947027708,0.999428559904224,3.1901487501243794e-07,0.023901397947614395
390,0.22914296937555248,0.03091084609588627,0.6879463899205696,0.6879446080715005,0.4224269733506886,0.16349614799574605,0.972901854734091,1.5308849635585906e-05,0.1634961480009914
391,0.9205146731884052,0.38977097117830367,0.019712298407251944,0.01851355619715621,0.6605891427066058,0.706848170943504,0.011340114236607284,0.02455052505879468,0.7068481709407316
392,0.03713401119140723,0.020754910178523902,0.7064666948722693,0.7064666361386184,0.48599027671489803,0.030080733529058785,0.9990947397221689,5.050987870426757e-07,0.030080733527982868
393,0.23908034788106766,0.965276231965666,0.0745913259963787,0.07428672388344378,0.1470210529862349,0.7031776506414352,0.002616310763082272,0.10524038282533962,0.7031776506539147
394,0.19044299912637372,0.3627649054069827,0.6450351871028709,0.6450292201815205,0.40048490840150974,0.28971271330771176,0.9122132891375114,5.108561009050561e-05,0.2897127133197105
395,0.548494808078301,0.8355053824736985,0.02376980941959995,0.022785906362913156,0.39885913554290015,0.7067233541569432,0.03173933242028418,0.008764482080433915,0.7067233541638014
396,0.01114891477311507,0.014225198760156333,0.7069912872164325,0.7069912766220438,0.5041636815548605,0.012779956580267605,0.999836659369723,9.112218909282356e-08,0.01277995658015361
397,0.023055332153740282,0.0051559289711184675,0.7069094332551102,0.7069094151520864,0.5087738941309198,0.016705267796017314,1.568628271379769e-07,0.9997208950780723,0.016705267796053323
398,0.018055267084084878,0.05926107381958023,0.7057486480516165,0.7057485233662114,0.49234446110863667,0.04380563627923529,1.0746520216964646e-06,0.9980792215346024,0.04380563628003504
399,0.41840102238581545,0.9076809265787287,0.023470478275427295,0.022473465269251095,0.30686517969645416,0.7067333584871911,0.03125648820985771,0.008885490221285841,0.7067333584950768
400,0.31589003650770825,0.9484986604823004,0.017458611002552308,0.016092631863440298,0.23239416419423303,0.706907428200227,0.015424594009096966,0.01805153173792143,0.7069074282088856
401,0.11828184805391918,0.14739597423917877,0.694364986521741,0.6943638071585337,0.45170259091877474,0.1336341438450129,1.0051787894064762e-05,0.9819795471892441,0.13363414383972944
402,0.9966358080312676,0.07702174180587688,0.020378147682206013,0.01922104409469881,0.694992920523996,0.7068292872149105,0.010759528637215323,0.025864067401572745,0.7068292872371736
403,0.9666123435340582,0.2530179711534544,0.02905407993086321,0.028255237461371888,0.6962407260416306,0.7065258317970001,0.006955621183683165,0.03992639901840135,0.7065258317987574
404,0.0006352304730729352,0.0005214241434107975,0.7071065424071813,0.7071065423852815,0.4997595504723617,0.0005811199924438806,0.9999996622994967,1.8875161354884663e-10,0.000581119992457817
405,0.993288334260435,0.11282077353945057,0.01864919419382791,0.01737715845613231,0.6931193140545981,0.7068770196745986,0.02219722984665462,0.012531602739610796,0.7068770196971089
406,0.10760802422764906,0.02626429657093123,0.7027557407964733,0.7027553405169188,0.5415159485883636,0.0783240070237576,0.9938464166236812,3.423330641268099e-06,0.07832400702394199
407,0.6857910539733859,0.7264049093335163,0.032189294056181886,0.03147041999058763,0.49886385665461414,0.7063899284410169,0.006242540844688036,0.04458215640838526,0.7063899284466456
408,0.6006019429430496,0.7991503603081938,0.018463958837351864,0.017178183151091146,0.4340319990281671,0.7068818827428323,0.012800963693014146,0.021728853647857024,0.7068818827057538
409,0.02058126451354951,0.024619677448105066,0.7067426441974105,0.7067426107899717,0.4921227823709837,0.022690493236183575,2.8692325449313864e-07,0.9994850089087335,0.022690493236686884
410,0.03784784643233348,0.018906343953988432,0.7064736982928922,0.7064736402011667,0.5143577949312137,0.029915792829740103,5.021079200584352e-07,0.9991046445085081,0.029915792829876407
411,0.2275439302627632,0.9734675750593644,0.017755079121456276,0.016413767994891002,0.1522695471180631,0.7069000443589996,0.019469994890773282,0.014337848979276611,0.7069000443279321
412,0.9570147812565228,0.289026879689673,0.017776592669844708,0.016437100932037547,0.6858189044868928,0.7068995029221311,0.01419309670099266,0.01961482959487127,0.7068995029241653
413,0.006552967023716925,0.00124617890385918,0.707091050608579,0.7070910491659321,0.5024865408191326,0.0047166905068295835,1.2271360505146577e-08,0.9999777525831877,0.004716690506820309
414,0.0060737083328978704,0.00536214360966987,0.7070835737357776,0.707083571607166,0.49769921345861745,0.005728984041621941,1.8230376726969897e-08,0.9999671782032173,0.005728984041486318
415,0.22253438942327664,0.44074758459877583,0.6149110469374142,0.6149019568587231,0.37502731685991464,0.3491274751439474,0.8696091110941473,7.807945359720099e-05,0.3491274751509227
416,0.14494287716483364,0.9891142726168088,0.018578815862225942,0.017301608770753242,0.09347040793077124,0.706878872916685,0.02200758674395856,0.01265638931946404,0.7068788729047829
417,0.2880622394936849,0.9421685228250327,0.12120876929018846,0.12102501816873946,0.17299807801706238,0.6966567947139247,0.17127791027507772,0.0015805781816436238,0.6966567947011946
418,0.8858695866898286,0.46328562938944146,0.017990873289139554,0.0166686129596963,0.6173483686885005,0.7068940818060454,0.020345140973294762,0.01369632864978033,0.7068940818311339
419,0.036670687415954854,0.09185711750443068,0.7036398152723308,0.7036394964836273,0.4841861770776111,0.06993736251673531,0.9950967443623295,2.775880237163477e-06,0.06993736251807188
420,0.8119234787038566,0.5824241422331344,0.028356374947070963,0.027537234307000363,0.5620082580151107,0.7065541793414539,0.03887401938771964,0.007154990570274017,0.7065541793675127
421,0.5039610738358801,0.8632907232048618,0.019977464114318392,0.018795666474321533,0.3468081750037927,0.7068407259874107,0.025088548495912296,0.011087871077040477,0.7068407260019354
422,0.023213215911354675,0.026343785980755405,0.7066707890112772,0.7066707490093467,0.5086947622591819,0.02482789210425839,3.445882296645377e-07,0.9993833856669491,0.024827892105579952
423,0.5967307969903238,0.017481579446498398,0.5672843613767761,0.5672699565821342,0.7211415979593848,0.4221334206721623,0.00012348232572284806,0.8022510424146974,0.422133420672032
424,0.005625710341281104,0.03303339552292218,0.7067096991172552,0.7067096626882766,0.5018896201970822,0.023694449103867213,0.9994384153930047,3.1535351006588837e-07,0.02369444910273414
425,0.3703258112927315,0.9285428125576188,0.01887959650318729,0.01762422793236127,0.2526882198420324,0.70687090312986,0.022742518112709862,0.012240524671273248,0.7068709031598652
426,0.6758310988339387,0.7366592451539602,0.017766858260208677,0.016426566979956057,0.4870417884329726,0.7068997477141777,0.014193289084152887,0.019597038045556646,0.7068997477198911
427,0.9461849471404568,0.3127945359139887,0.05890315816622343,0.0585153147919294,0.6468752037957769,0.7046653020638174,0.08296073050802537,0.0033378587040973594,0.7046653020832981
428,0.28968725131635503,0.03981527385562781,0.6762026184278422,0.6761997195726165,0.6127662993279464,0.20676551704905569,0.9562928637733521,2.4797514165988e-05,0.2067655170493494
429,0.00861876750650688,0.018612890305182192,0.7069580243744615,0.7069580107288645,0.5031894310942365,0.014503841540237808,0.9997896164499518,1.173449841101398e-07,0.01450384154007608
430,0.44381225418683395,0.895239223070825,0.028488597540287854,0.027673386481166018,0.30188271824137064,0.7065488601190234,0.007101417200734795,0.03907667312975333,0.7065488601330855
431,0.6172339205531493,0.7863869184931168,0.018217140482200092,0.016912644208934725,0.427346205111854,0.7068882861812075,0.021033313823050005,0.013247696067894995,0.7068882861657187
432,0.08316552504196237,0.9916671208210528,0.06973244993159473,0.06940606856407948,0.09506962541873588,0.7036761268718,0.002806983008193184,0.09834601045988489,0.7036761268820512
433,0.06114603119843266,0.07457572345691063,0.7038110722443067,0.703810769259729,0.4759186753829708,0.068192285709774,0.9953389494704002,2.610133364067129e-06,0.06819228570826665
434,0.9883059675891052,0.1504615834322024,0.01814482676106482,0.01683467634247342,0.6897380212955174,0.7068901466652997,0.02082562443268355,0.013376637572039647,0.7068901466860097
435,0.03853344645852325,0.15599754447859876,0.6979187358693022,0.6979178875364006,0.5085755297856572,0.113622313784881,0.9870055418120531,7.2782303631456145e-06,0.11362231378340405
436,0.0676116957426797,0.05362467291800732,0.7044690889387837,0.7044688465666861,0.4742305099289705,0.061020271002700764,2.0867499932030413e-06,0.9962695684647217,0.06102027100497767
437,0.12967032802445597,0.15963928300971883,0.6919909121591642,0.6919895106425383,0.5439324056567553,0.14542883938452456,1.2088542557048808e-05,0.9786219419183484,0.1454288393857879
438,0.37981039959281576,0.9231486729713949,0.042345573596687926,0.04180256098695785,0.2525010007699099,0.70585387946475,0.05931895298382316,0.004675844865243358,0.7058538794511776
439,0.995763556283849,0.08072454919021349,0.03149805350429683,0.030762960852569247,0.7177045418171559,0.7064210900472968,0.04356260284821368,0.006386451915192055,0.706421090003272
440,0.6290260629264799,0.7698076566447618,0.07670629921015264,0.07641033348179485,0.4766698438957474,0.7029500709830298,0.10823995002586204,0.002551199662012763,0.7029500709891233
441,0.2501036636674033,0.25246331868127003,0.6609524269492861,0.6609480459540213,0.5814457539594966,0.2512862609241085,0.9347247876876247,3.772155732671084e-05,0.2512862609260582
442,0.7797321046472742,0.6171669383370993,0.07472670331208522,0.07442267811659212,0.5819492406257577,0.7031632757715649,0.0026156586988427192,0.10543231732021002,0.7031632757761594
443,0.05802003086600949,0.017220361630742583,0.7058106343673619,0.7058105153875185,0.5222471893103992,0.0427952379496869,0.9981668874575161,1.013489673671845e-06,0.04279523794980653
444,0.01436872221304286,0.01153636547965293,0.7069867281891978,0.7069867171744892,0.5054279501048626,0.0130297333658059,9.424696447908951e-08,0.9998302116343653,0.013029733365892214
445,0.893211045085646,0.4460211669221069,0.04052689743052932,0.03995899776282394,0.6155790501044892,0.7059606395034788,0.05669985778363301,0.0049271741261908775,0.7059606395219729
446,0.12589912135674994,0.1735455169180069,0.6906639822260173,0.6906624562367342,0.44723698547293034,0.15160579672254068,1.3133871331641663e-05,0.9767452915815673,0.1516057967257966
447,0.2540420538216287,0.02224134324512872,0.6837290910017166,0.6837269101466648,0.5991395644014054,0.18032199319439818,1.8801930068125304e-05,0.9669374112046896,0.18032199319455838
448,0.0037414736163515466,0.0026967287542332126,0.707099261067626,0.7070992603778695,0.5014184181741989,0.0032612091840787034,5.889267985481403e-09,0.9999893644580993,0.0032612091840985786
449,0.2111232580289413,0.02086446532853894,0.6910114716396197,0.6910099782696862,0.5824558172156887,0.15001392601062283,0.9772367388942128,1.2697625809190299e-05,0.15001392601048788
450,0.7012212697724344,0.5096927728310803,0.3525169989157208,0.35246811716515225,0.6635934152417025,0.6129836832464866,0.49849958032619585,0.00042018698277179956,0.6129836832502736
451,0.4172636085821318,0.9063630017604402,0.047131966058631417,0.046645125878957576,0.31502639141907635,0.7055504269782213,0.004179470590872268,0.06617946825410292,0.7055504269703393
452,0.017728877314220102,0.041663458116972675,0.7063816026796649,0.7063815361333108,0.5063328901308903,0.03201684560998114,5.718846576461512e-07,0.9989743956648846,0.032016845610347
453,0.4459960579446887,0.8655541750415302,0.16116292190865186,0.16102798472812774,0.3886253441765161,0.6885116196355927,0.0011630165408134212,0.227820426336758,0.6885116196281926
454,0.8667291367236929,0.24914952425034256,0.30556702326017154,0.3055059940752547,0.751110087753752,0.6376891413054262,0.0005229924138410749,0.43209356000631033,0.6376891413072034
455,0.30582930707244754,0.27271563667530735,0.6450202772125264,0.6450143087041132,0.3858911648185403,0.2897459089923461,0.9121922022151302,5.1636043753150854e-05,0.28974590898549507
456,0.057716525579637024,0.0064841511669209255,0.705913207557933,0.7059130979856388,0.5221698420927054,0.041068488452776046,9.38806570443305e-07,0.998311954506972,0.041068488452728286
457,0.7824451659420314,0.6222340355494551,0.01803047232090457,0.016711354393705184,0.5624770614647333,0.7068930727824582,0.013627306151069052,0.020461276227350805,0.7068930727871001
458,0.9996863226765693,0.0,0.02027890225716587,0.019115784696824973,0.716736732805549,0.7068321416356775,0.02566841955930193,0.010852618976942905,0.7068321416357561
459,0.6960708066154283,0.08013851654110887,0.5045224327810046,0.504500121511303,0.42605445289338745,0.49544764719971723,0.7134866648534787,0.00019199073611322423,0.495447647183918
460,0.010225104833445412,0.015193059750091935,0.7069882012972291,0.7069881904198132,0.5038363049188418,0.01294955276103405,9.419189144311143e-08,0.9998322950208024,0.012949552761157734
461,0.32860255402206257,0.94398926595258,0.021799564041752664,0.02072212016362934,0.22250751198113855,0.706786874794002,0.028437132225873598,0.009795752510887117,0.706786874780822
462,0.0442152968252113,0.028096478007780257,0.7061358655733313,0.7061357764631542,0.5167533252393148,0.037043248708762064,7.777928261794723e-07,0.9986268549611587,0.03704324870855713
463,0.3115535095731413,0.9493027632358195,0.030037185348118046,0.029265269989700072,0.23376488880538693,0.7064847172731562,0.006712771655847453,0.041395980818235104,0.706484717264471
464,0.9765779719755842,0.21373148101330117,0.018167922970311664,0.016859574456479298,0.6814405513987132,0.7068895533804956,0.013339358057662105,0.02088971523305746,0.7068895533572467
465,0.44588741428762224,0.8834829606815726,0.10170344517863039,0.1014824182015254,0.3594060846672955,0.6997705795635267,0.0018964218013344427,0.14366167042598177,0.6997705795559751
466,0.04401676307924677,0.03817563999134492,0.7059055534303484,0.7059054431830727,0.48320412836182863,0.04119984782013219,0.9983011294586278,9.618390986129427e-07,0.04119984781915178
467,0.008278829367726101,0.04862979894487644,0.7062459611269459,0.7062458821336629,0.5026544560788683,0.03488120096235433,6.805617828010799e-07,0.9987825607400325,0.034881200961877475
468,0.9701181276740055,0.1921764769377221,0.10484243391169938,0.1046283141485303,0.6488492490153986,0.6993071499341023,0.14810683725313595,0.0018397904678812093,0.6993071499569816
469,0.0033806557209803134,0.0019853567532360232,0.7071013471314654,0.707101346633087,0.501279760147119,0.002772226049705973,0.9999923147331976,4.3229208272905815e-09,0.00277222604972041
470,0.7785828030258393,0.3242164408659198,0.37995074420390984,0.37990781813953756,0.7306089376443335,0.596367119188395,0.0003675184915423199,0.5373010173401939,0.5963671191860531
471,0.9834205814616483,0.1795294569984288,0.01869439162618554,0.017425663522406435,0.7047629233629037,0.7068758257186286,0.022287628619502266,0.012505824162703792,0.7068758257198535
472,0.08708086615462186,0.027738991403750253,0.7041476599874864,0.7041473880181122,0.5334310712232944,0.06462402371175302,0.9958149783534374,2.350728263257301e-06,0.06462402371194717
473,0.07217210559117986,0.038976636814628846,0.7047241721086697,0.7047239531922326,0.527400467392858,0.057999961391696185,0.996630327129145,1.8951773583204395e-06,0.057999961391415174
474,0.04227610016028092,0.013289587809976309,0.7064121347554524,0.7064120710189794,0.4841286364439246,0.031335936151452214,5.447483527498623e-07,0.9990175765274516,0.03133593615058095
475,0.1922376342028827,0.18875360866652963,0.6809625892162751,0.6809601451621823,0.5660718958512388,0.19050358630220948,2.1030478429554495e-05,0.9630248007030521,0.19050358630365835
476,0.11002504385521208,0.45762511830486063,0.6238925799945316,0.6238844387051667,0.40500080864959925,0.3328109491628745,6.972136513387044e-05,0.8823115885953362,0.33281094916876297
477,0.055931015308117046,0.017254247737443825,0.705894528108073,0.7058944168262472,0.5213931988839613,0.0413883285516609,9.50647461590101e-07,0.9982855365668099,0.04138832855178523
478,0.5148377637955922,0.1930588469360602,0.5906285729031406,0.5906168364177177,0.37994892071835834,0.38879920358759856,0.835266633077396,0.0001012779570460156,0.3887992035742567
479,0.8740121474010868,0.4845311505138142,0.026250007146340088,0.02536271874070616,0.6065617033663149,0.7066355742485669,0.007803889549837989,0.03565711268452625,0.7066355742738247
480,0.055965189702544466,0.016949206407738563,0.7058968688072409,0.7058967577514156,0.4791086097020045,0.04134838572469855,0.9982888469751293,9.460286110819701e-07,0.041348385725851707
481,0.03106765519978781,0.9785239364227677,0.14416944705389884,0.1440169337221326,0.09153828713487794,0.6922695621368964,0.0013069543473816427,0.20377438144400278,0.6922695621477554
482,0.40338739394853657,0.8574536826919082,0.22593468936694683,0.2258435489053171,0.3953920745228475,0.6700552990494155,0.31945449399677117,0.0007865791467165937,0.6700552990420314
483,0.003112983123535591,0.04613470812053214,0.7063504781954703,0.7063504087885392,0.49807098343949086,0.03269634503424758,5.977498539187435e-07,0.9989303769744662,0.03269634503573062
484,0.01307311825899449,0.02115861579791616,0.7068880515767961,0.7068880315116829,0.4949535249358501,0.017586833761690672,1.719196841353865e-07,0.9996906554312049,0.017586833760974138
485,0.011056551459878213,0.007376121695421638,0.7070443244948484,0.7070443187652197,0.4958125903539035,0.009398257856035238,4.943511050904283e-08,0.9999116688480778,0.009398257855692024
486,0.8915195842037703,0.45167955711196567,0.024740765826199138,0.023797125343241826,0.6416963738968808,0.7066900279736636,0.008354074532757608,0.033295917271790494,0.7066900280139149
487,0.027523411420573008,0.02460968504681246,0.706624683883869,0.706624639651888,0.5103537933567738,0.026107228529310803,0.9993181801793645,3.76955543440928e-07,0.026107228527516978
488,0.9735139658479773,0.22402061061413767,0.0326427573441987,0.031934138761279963,0.6748541309650148,0.7063691177939352,0.0061214661148739375,0.04525335874895224,0.7063691178141338
489,0.003911310424079514,0.0013680699600383014,0.7071007109396636,0.7071007103828807,0.501482694564638,0.0029300140485268127,4.771025922625214e-09,0.999991414980825,0.002930014048517138
490,0.003071526348718642,0.008937341166124303,0.707075205956167,0.7070752030599642,0.5011337742271266,0.006682452385174605,0.9999553438330362,2.4887039024522675e-08,0.006682452385093215
491,0.0077183317614112614,0.010369798376945715,0.707047700760456,0.7070476953413409,0.5028948581867468,0.009140715558751386,4.644484571354728e-08,0.9999164438282567,0.009140715558667866
492,0.3408122844313434,0.7535165745386391,0.39754944437313916,0.3975099973017664,0.4579415770152113,0.5847821138387532,0.5621918208847314,0.0003394209071643611,0.584782113832182
493,0.24360256611004588,0.943876184968538,0.1577959312497886,0.15765779814159667,0.145907687424378,0.689291107850915,0.22305633270720107,0.0011872965336856933,0.6892911078810025
494,0.012784763064999267,0.09871201570354042,0.7035953887407365,0.7035950658808613,0.49302475325559303,0.07038292481607132,2.7724159105732302e-06,0.9950339128800765,0.07038292481290782
495,0.9054567451872109,0.40307345525124055,0.0941406419885837,0.09390107450324382,0.6786977803195332,0.7008281271956958,0.0020438052885181687,0.1329499722708849,0.7008281271927987
496,0.4661668513691571,0.08464052103851617,0.6227097003481528,0.6227014356617501,0.38329205900629604,0.3350190674497583,7.104190558778267e-05,0.880638656791728,0.33501906746064425
497,0.1047316041799491,0.9901618256742992,0.06578872111977244,0.06544229849050595,0.1076942290482689,0.7040558038095708,0.002974605029129656,0.09274697829695774,0.704055803799492
498,0.39276982273534244,0.895456873150106,0.14821048877761825,0.1480625060337,0.34559418242759266,0.6914156294561425,0.20949280353696048,0.0012727697766869207,0.6914156294639889
499,0.9505245525130231,0.28069837256072755,0.09422458163577553,0.09398524845550281,0.7105104736572876,0.7008168452903868,0.0020599856563207355,0.13306861076442963,0.7008168452923734
500,0.0006112671514197808,0.007789811915909404,0.7070851957093252,0.7070851937295046,0.4997657742710788,0.005525161410159493,1.6776480026408547e-08,0.9999694721254174,0.005525161410070604
501,0.00032916890177107943,2.40968309519882e-05,0.7071067426747438,0.7071067426712119,0.4998754914684232,0.00023338040101789033,3.053520709725664e-11,0.9999999455335877,0.0002333804010105304
502,0.9979302115763361,0.024995235239534272,0.042167680309716404,0.04162232304694006,0.7231448842494137,0.7058645298360335,0.059062985840102736,0.004700504459960356,0.7058645298361622
503,0.010665769521128273,0.02256757152371763,0.7068864741395626,0.7068864539334292,0.5039431422633552,0.017650126401287186,1.7355637780407518e-07,0.9996884244983589,0.017650126401092002
504,0.7345389670626892,0.6718266011590849,0.06762752121186356,0.06729072905119371,0.49468685066986223,0.7038815511795236,0.0028973417711899187,0.09535790083765026,0.7038815511629771
505,0.05700914047503979,0.008598533467414501,0.7059306536590607,0.7059305456976598,0.5218468869570074,0.040767492414225705,9.282460073073589e-07,0.9983366281588808,0.040767492414289105
506,0.05470379253050542,0.01133761790578906,0.7060025129760579,0.706002411628623,0.520968496228754,0.03950345836795446,8.730064925151166e-07,0.9984382572563907,0.039503458367877914
507,0.5905345447613303,0.4489278501295391,0.4742140724613752,0.47418746677444606,0.6611054625929806,0.5245318197388633,0.00022870062933322442,0.6706211209486256,0.5245318197355286
508,0.029080075799515853,0.002279849061748617,0.7068059105967882,0.7068058829966932,0.5110940176775749,0.020625815216710475,0.9995744852152012,2.3670946349874048e-07,0.020625815216727638
509,0.7152008671363346,0.6962994069601438,0.04301483354917856,0.04248043015124413,0.5237079691076553,0.7058134091799474,0.06027942222006655,0.004610217772862487,0.7058134091746112
510,0.7961694889119375,0.4820309566671042,0.25865036647455814,0.258573567216105,0.6788001999246296,0.6581184157369797,0.0006586870724283631,0.365731961785712,0.6581184157334816
511,0.10453006459629254,0.025174201718219148,0.703007914345139,0.7030075373219274,0.46178537575655004,0.07602721498360131,3.2401708697530017e-06,0.9942030603216052,0.07602721498576645
512,0.05938353554037742,0.39980120105606926,0.6467766562909418,0.6467708653131726,0.4805724951775273,0.2858036079735834,4.998634445222825e-05,0.9146762229566301,0.28580360796958654
513,0.004609782378516709,0.001269514543716234,0.7070986986580212,0.7070986979166378,0.5017426621926064,0.0033809584978171645,6.426151350965603e-09,0.9999885690543028,0.0033809584978082945
514,0.481101209658574,0.32925751762554756,0.5745201057540291,0.5745065417866324,0.3641373441065925,0.4122310526520283,0.00011693801117883867,0.8124845258814214,0.41223105263693144
515,0.10414451975994085,0.988825356158873,0.07557667981820232,0.07527615484935447,0.06484249498915542,0.7030724237098853,0.002586371485541771,0.10663791400710088,0.7030724237213821
516,0.6646553021501805,0.709544094909015,0.16556547209088446,0.16543452225797145,0.5421066996986739,0.6874661785459135,0.001122684612563781,0.23404966627333915,0.6874661785514105
517,0.26721143608195913,0.9631962842928586,0.021175260913747086,0.020064263671490362,0.19936689555433104,0.7068058551190908,0.027331274684579528,0.010196458971643814,0.7068058551101027
518,0.6095471761205761,0.7764311623072345,0.11325098750664195,0.11305354532447376,0.4790406321584881,0.6979946667658076,0.16001251750517625,0.0016983884473486903,0.6979946668025633
519,0.40516223938271156,0.9139302380205971,0.017619737105730005,0.01626728847490915,0.27762208364997953,0.7069034305230614,0.01895862307959756,0.014685040719272856,0.7069034305368214
520,0.8451350749823233,0.5283791494405723,0.057479279096565444,0.05708162528889987,0.6211071131160651,0.7047828816502023,0.0034216192883842404,0.0809349862082437,0.7047828816463672
521,0.5336217038580827,0.8312953362261133,0.11009243644935204,0.10988901936479169,0.3414426727382646,0.6984998421188635,0.1555405727500345,0.0017525321399123582,0.698499842104215
522,0.11515198158724983,0.9562598895487525,0.1901967450791558,0.19008486838105115,0.18937488941294875,0.6810627507543018,0.0009644001044540185,0.2688979898745721,0.6810627507864928
523,0.02939542917674607,0.9989883652328428,0.024535408781094985,0.02358354245962399,0.022494635334467612,0.706697187706828,0.0329702399184024,0.008434040474369664,0.7066971877177997
524,0.78925226215654,0.6015121611895902,0.08749042619516849,0.08723197970909617,0.5939806298693541,0.7016893924785853,0.002221758621596756,0.12352755461194785,0.7016893924830708
525,0.006926577903810901,0.0017064639296125535,0.7070887896272477,0.7070887879770645,0.4973743002532376,0.005044278967253417,1.4127865725379929e-08,0.9999745549259744,0.005044278967419919
526,0.004861085160324224,0.006614361313292263,0.7070829594770458,0.7070829572919026,0.5018396963808222,0.005804305493256001,0.9999663094702143,1.8784713440307354e-08,0.005804305493309253
527,0.0004298247960209903,0.0024741823697530035,0.7071045516617223,0.7071045514572215,0.4998545821498406,0.0017757150325945533,1.7421636564106405e-09,0.9999968468311509,0.0017757150326245489
528,0.010181841492559188,0.23448613233428958,0.6873554793316373,0.6873536417881988,0.4897017512610687,0.16596297200595517,1.5898391432535503e-05,0.9720661415736925,0.16596297200346868
529,0.011181329518728095,0.11327474841634384,0.7025113535060818,0.7025109306248988,0.4925259624828815,0.08048661549409902,3.6161013248482825e-06,0.9935007848206928,0.080486615495415
530,0.9849710543464362,0.16929141551890728,0.024680372344582133,0.02373432013371769,0.6854846531356115,0.7066921399165662,0.033192973320345445,0.008406262750583501,0.7066921399370947
531,0.025787954567523187,0.9976604695952453,0.04502355533166475,0.04451346168891898,0.028734385345117824,0.7056881149662735,0.004389192194759964,0.06316093569693054,0.7056881149552755
532,0.28072862415765254,0.01971394017135741,0.6785301879854989,0.6785275117048114,0.6095473690089862,0.1989939695719101,2.29904738403873e-05,0.9595847016388903,0.1989939695720724
533,0.9971825273177154,0.022544183296739427,0.050815368762692506,0.0503644732764795,0.6855915170950646,0.7052946966196,0.07144040868428657,0.0038794172149637846,0.7052946965980621
534,0.9836323246998142,0.17836868114066246,0.018680255541688676,0.01741051704996041,0.6862832509499397,0.7068761991749096,0.012497552760852924,0.022268570363618997,0.7068761991954392
535,0.11069920662698425,0.13674623555624374,0.6960774282034737,0.6960764086355193,0.45481704851657284,0.12440628457884689,8.716392977070274e-06,0.984401418445397,0.12440628458375576
536,0.21991375001995067,0.08017998926249569,0.6874633170367325,0.6874614895416941,0.42373815484191724,0.16551569128650073,0.9722186542266699,1.5738964191429224e-05,0.16551569129216445
537,0.9370885833975415,0.34815406594190257,0.01870239767673719,0.017434263828641713,0.6533620325051257,0.7068756137888091,0.02230969529179462,0.012490425536897717,0.7068756138081046
538,0.7757675696203533,0.6301455909704913,0.023948051737906033,0.022971785383942313,0.5595839231461412,0.7067173366703691,0.00868750307398383,0.03202716653259935,0.7067173366656292
539,0.11670389716905895,0.8715661477694809,0.3367403367902337,0.336687683211341,0.29057796237331307,0.6217907001319961,0.0004507577139341489,0.47618530769575806,0.621790700140764
540,0.3957217119753622,0.9166815762905651,0.03965430914490512,0.039073650033857515,0.29681905700262573,0.706010193145487,0.055445852211529374,0.004997182532720224,0.7060101931374216
541,0.946890444336293,0.32068191555573083,0.017427363164422668,0.016058719539832178,0.660650493580238,0.7069081993348981,0.01784090698620824,0.015597996603190108,0.7069081993108919
542,0.6812627925884002,0.16180690734648376,0.5048376055592777,0.5048153371372772,0.41847802704287146,0.4951264825224879,0.7139324169905202,0.00019122217923789938,0.4951264825365934
543,0.7408833791525863,0.5487597832516641,0.2738553448865988,0.2737841647321354,0.4506824451107417,0.6519376815262063,0.3872391393523894,0.000606411289361764,0.6519376815503177
544,0.9892889672992917,0.12816893997245962,0.04962708254867457,0.04916517755422488,0.7198603703933147,0.7053793085975028,0.003979635538797368,0.06974399262452473,0.7053793085966389
545,0.01033822611572633,0.03290978326506581,0.7066859705048654,0.7066859318946599,0.503650969572093,0.024391932619088074,3.3290846996277893e-07,0.9994048565251806,0.024391932618785236
546,0.0035342213117802246,0.0016071049560546571,0.7071014521214798,0.7071014516327339,0.5013372449786415,0.0027453147882990857,0.9999924632183111,4.216593673242481e-09,0.002745314788287568
547,0.027977219913503746,0.006572647883304458,0.7068147258430205,0.7068146990528493,0.48948559894273264,0.020321473055736117,0.9995869524286823,2.3199756068963525e-07,0.020321473055156424
548,0.4999074381136607,0.8558720682836056,0.0938632251989258,0.09362293912516592,0.3934405452547021,0.700865336642777,0.13255670948783912,0.0020684643906551414,0.7008653366499352
549,0.7274614028649498,0.28630694214484026,0.4409400568979728,0.44090827667923216,0.4358578581589076,0.5527982262069537,0.6235608772738631,0.0002730474101811162,0.5527982261919945
550,0.8796699647608983,0.47466754225862534,0.021416186741349576,0.020318402429182217,0.6322521886291387,0.7067985956177615,0.027771290603679125,0.010012289948885788,0.7067985955708603
551,0.011988379500537388,0.0011106592980006144,0.7070555324170875,0.7070555277162148,0.504557796789881,0.008513366088836186,4.015369041939326e-08,0.9999275199711551,0.008513366089352218
552,0.09602319751132686,0.2892753603989436,0.6734625346746193,0.6734593720451129,0.44305144190424,0.21552341937505357,0.9524176135861367,2.7141282351970522e-05,0.21552341936579142
553,0.8591926047959438,0.22868955799609517,0.32367067851059605,0.3236146761241864,0.5218009407707535,0.6286934202359057,0.00047992004720647343,0.45769961372850215,0.6286934202149727
554,0.062193511783586376,0.0053065673949507985,0.7057279880002955,0.7057278614222073,0.47692132381363567,0.04413724371417725,0.998050002471474,1.094867066612742e-06,0.04413724371556945
555,0.08665073132951329,0.007113343270973772,0.704429342718342,0.7044290966626631,0.4681964254434701,0.061477430381625446,0.9962133562159532,2.1254549405845127e-06,0.06147743037979549
556,0.0366402892041989,0.025394917720130875,0.7064038074971253,0.7064037429930516,0.48612713478938113,0.03152310770614646,5.54785133743486e-07,0.9990057994630069,0.03152310770730326
557,0.18179508616406956,0.9376458874283341,0.2095382603142822,0.20943842507953817,0.24446714764669744,0.6753625928167847,0.2962600149070855,0.0008602340302207121,0.6753625928258539
558,0.015041686852028098,0.0005532733355848776,0.7070266798121808,0.7070266724664812,0.5057177832696372,0.010643271459899671,6.295831612106295e-08,0.9998867143558101,0.01064327145990505
559,0.14687327456199886,0.988654447636547,0.02276438983946523,0.021734924502911625,0.11492148931776819,0.7067564557887424,0.00926490744725646,0.030079658872802867,0.7067564557986196
560,0.32335953198216444,0.9450693475955069,0.03411958610512132,0.03344241551828531,0.2153806536978253,0.7062993199309286,0.005875188686695403,0.0474133258649735,0.7062993199440514
561,0.5996525460444397,0.7937483068705844,0.0722005179629177,0.07188556578610306,0.4540515238639182,0.7034271641920159,0.002703766557791108,0.10184860828161928,0.7034271641856585
562,0.03070119671177063,0.3219842314709265,0.6690995399377339,0.6690959548970884,0.4865604355177464,0.22870986947872934,3.056163587933882e-05,0.9462471084608505,0.22870986948201563
563,0.0007454484830971646,0.001804868852843731,0.7071054330613878,0.7071054329377267,0.5002791568785676,0.001380805021875512,1.0572135407827759e-09,0.9999980933756739,0.0013808050218914612
564,0.5009726889363307,0.8622852816764269,0.05261208207631087,0.052176879589518624,0.3763814946768238,0.7051629393285092,0.0037643161064326424,0.0740019450308872,0.7051629393647046
565,0.021698966968036193,0.1652872866152665,0.6972125006105907,0.6972115867569969,0.48481856116177974,0.1178786076513749,0.9860067279966469,7.824911708048592e-06,0.11787860765334152
566,0.24298952197837398,0.9697124436762682,0.0181617533621884,0.016852905035344843,0.16290937029458236,0.7068897121506652,0.013410325596636186,0.02083345532338594,0.7068897121632356
567,0.009199387621480228,0.0011105683578349307,0.707076425092445,0.7070764223079433,0.49652287832389114,0.006552178824060356,2.387095222177925e-08,0.9999570680310794,0.006552178824269291
568,0.008414405489699,0.0118207122125224,0.7070323465711401,0.7070323397449026,0.4967778887526068,0.010259908794717276,0.9998947287305006,5.840068114768703e-08,0.01025990879493751
569,0.7024568033812186,0.686588496111185,0.13265541989226495,0.13248855031444332,0.5530476611578935,0.6945679677382521,0.0014332682799426625,0.18747965791854226,0.6945679677329883
570,0.06108595907487122,0.09283425982376989,0.7027271420056505,0.7027267390332749,0.5212985044798091,0.07858019513883166,3.459097263189231e-06,0.9938059699215965,0.0785801951395927
571,0.0016531950289829327,0.001244686884773277,0.7071052672329362,0.7071052670940805,0.49937213708805933,0.001463266763971174,0.9999978588480846,1.1915140094799212e-09,0.0014632667639353444
572,0.027875135203525983,0.8216867660094002,0.4025449313348766,0.4025064296419061,0.2892723975875133,0.5813545185103457,0.56925718090086,0.00033111822803016694,0.5813545184834455
573,0.9934710722280813,0.10893719576656735,0.024430717152350772,0.02347458810790441,0.7136737007351944,0.7067008149753422,0.03280172840389855,0.008483091484288566,0.7067008149746066
574,0.4770859233509766,0.08136259930141407,0.6187810150947635,0.6187723365936448,0.6807848677901864,0.3422213105762951,7.426704444239997e-05,0.8750823639290598,0.3422213105757434
575,0.98071089960253,0.12457600084215134,0.10661089854882602,0.10640050622805668,0.7369890371257835,0.6990397158195649,0.15061105669297975,0.0018058285629743622,0.6990397158187291
576,0.04934523972200725,0.003921754241827372,0.7062399661322272,0.7062398865810326,0.4816196672624699,0.03500237734518226,6.864909380609565e-07,0.9987740821426877,0.03500237734413372
577,0.9997372429299607,0.0,0.017372200311441748,0.015998831642762185,0.7159108662624668,0.7069095571720183,0.016183686270248215,0.017200123729220234,0.706909557172109
578,0.9134093288324613,0.39210336004631796,0.07740691706574944,0.0771136967897605,0.6176601022447837,0.7028732627335128,0.10923375373554718,0.002517952948084691,0.7028732627523447
579,0.00023628601225588014,0.004683065976177019,0.7070990079439606,0.7070990072309806,0.49998531829566545,0.003315640031099019,6.074855700107416e-09,0.9999890064707572,0.0033156400310479085
580,6.697302944315073e-05,0.0010425242687969079,0.7071063953563889,0.7071063953209973,0.49998028909276643,0.0007386955522137248,0.9999994543287315,3.059275394905095e-10,0.0007386955522019753
581,0.6729182433154715,0.7082430247719913,0.15102420683822756,0.1508792385450174,0.42806102052735695,0.6908064650633787,0.0012466646986720627,0.21347435795001024,0.6908064650476273
582,0.0056057442526036465,0.007671787831975911,0.7070748628831766,0.7070748599558409,0.5021048627666292,0.006718656754340232,0.9999548586325459,2.5293110201126543e-08,0.006718656754278409
583,0.9991847360960707,0.030798456098643578,0.019067740226756405,0.01782566802595137,0.6971668984656545,0.7068658524824651,0.012022984563295635,0.023168534699398762,0.7068658525040792
584,0.6828251826950147,0.2589566095238263,0.483071271723912,0.48304595836340636,0.7255036507798829,0.5163858772961972,0.00021740911951887137,0.6831480104556071,0.5163858772980341
585,0.8365163639953044,0.5472125709088931,0.020549894549010985,0.0194030111421105,0.5817421333515004,0.7068243151475352,0.010614557750706022,0.026193628444972313,0.7068243151652772
586,0.9665693616583799,0.2549427699472109,0.019920777741022792,0.018735414837973162,0.693215467463127,0.7068423257161245,0.011139337926462926,0.02497535396182082,0.7068423257143457
587,0.014864187735074447,0.0133516765953353,0.7069656310472636,0.7069656181004285,0.5056031703106616,0.014128187106250127,0.999800374403893,1.1148989524665683e-07,0.014128187106351275
588,0.7135879650909887,0.6983755758739927,0.03943023483266986,0.03884620549047001,0.4889921103889241,0.7060227435866134,0.055121600218383256,0.005037885402829887,0.7060227435702483
589,0.9808527466511209,0.18972152287017297,0.03145962458409224,0.030723603038254995,0.707146712656448,0.7064228026611407,0.04350526080298428,0.006398440832625746,0.7064228026598237
590,0.9982946234438578,0.04700734453252899,0.0249394853824668,0.02400367538412232,0.6948219429536722,0.7066830426739353,0.008297768227402655,0.033605080055445526,0.7066830426959619
591,0.034731431323592535,0.050300125270858455,0.7057845975885277,0.7057844762268136,0.5125583820112551,0.04322253419273846,0.9981300642074996,1.0444656789458494e-06,0.043222534192328826
592,0.0323266240451168,0.013229801353337713,0.7066753206662288,0.7066752810840938,0.5123086925481083,0.02469856540376156,0.9993897946916841,3.3817977923091973e-07,0.02469856540366693
593,0.651182157714924,0.7584361290338538,0.019776984962668567,0.01858242491375053,0.4509330133111975,0.7068463639037094,0.024682247840724467,0.011279285944502325,0.7068463639195056
594,0.4699638407515839,0.8814929709522819,0.032786353653231945,0.03208092208558345,0.3190849202798625,0.7063624669645091,0.04546098468143285,0.006117958771567554,0.7063624669502718
595,0.8634356831978329,0.5038488554176584,0.018179389597738967,0.01687191953713767,0.619788982337887,0.7068892586960989,0.013233467503825359,0.020976825613977585,0.7068892586997438
596,0.6631622666087217,0.7471956367831645,0.03130706265163205,0.030567357332030556,0.45595951988477684,0.7064295805373348,0.04328138201435044,0.0064200838830282825,0.7064295805214498
597,0.0,0.013328201626642866,0.7070440038611552,0.7070439981035106,0.500186884499089,0.009422349754358303,4.941548399696014e-08,0.9999112153837502,0.009422349754499421
598,0.002553184251630514,0.0013169270745520662,0.7071038634216622,0.7071038631540754,0.49903307809035546,0.0020313845946395145,0.9999958734681151,2.3000511649871608e-09,0.0020313845945865573
599,0.4485752456110912,0.8488342294150221,0.19786733902460346,0.19776050198581954,0.4098692561343631,0.6788738100749787,0.2797496326785415,0.0009181582553251119,0.6788738100677675
600,0.8010660555341512,0.5980299909182724,0.018696784728873855,0.017428171886484576,0.5758464904277698,0.7068757631549308,0.012420233266069138,0.02233939883074591,0.7068757631505109
601,0.5908362318919596,0.8014367411768468,0.06579193821359089,0.065445533397256,0.4451275762293456,0.7040555031442468,0.09275140730175715,0.002978828477080492,0.7040555031506788
602,0.41119479295596384,0.27489508391667533,0.6145578710425813,0.6145487435703975,0.371316253917077,0.3497488133694767,7.821851035156965e-05,0.8691096184982704,0.3497488133822572
603,0.11791277856884931,0.035459596471160655,0.7017264028692657,0.7017259074485119,0.5453647272004896,0.08706551077139545,4.2798849055329956e-06,0.9923906456884606,0.0870655107711433
604,0.9832089931503327,0.123619567645562,0.095035014880394,0.09479780709550131,0.7339086442990419,0.7007074003160486,0.0020394076767407494,0.13421668711363965,0.7007074003169168
605,0.0696722433119413,0.1299766864702059,0.6993757348054478,0.6993750217525984,0.5224962677094483,0.10427885814886725,6.139763747529982e-06,0.9890661451330802,0.10427885814996724
606,1.454209929609119e-05,2.434819890033911e-05,0.7071067809021943,0.7071067809021682,0.4999945158115672,2.0053770737834465e-05,2.239095167427959e-13,0.9999999995978455,2.0053770738248332e-05
607,0.9746947708834872,0.048683224847908206,0.15434331970037823,0.1542017734658257,0.7536617690058253,0.6900724428362834,0.0012205052708870326,0.21817093675149024,0.6900724428361349
608,0.7572598054881424,0.6502007613642524,0.04383057812058953,0.043306319804549284,0.5537124701592995,0.7057632191529882,0.0045151370425523946,0.061450552893248835,0.7057632192013158
609,0.5379406966145027,0.8426495948852754,0.017425526706991636,0.01605671773907164,0.389423613014948,0.706908244698078,0.01564963264714306,0.01779202528038253,0.7069082446911322
610,0.8297496289899952,0.40251290255067357,0.27343913554128113,0.2733678083179953,0.5097291261142001,0.6521123678122684,0.38665041492912716,0.0006132742300072542,0.6521123678294447
611,0.019201594827400057,0.005746730203412645,0.7069647417908989,0.7069647287613302,0.507293398425993,0.014172617118013067,0.9997991167469799,1.1299221602456599e-07,0.014172617117972778
612,0.008506168992196698,0.006374432402064416,0.7070668344936002,0.7070668308298919,0.503218699613495,0.007516259022046873,0.9999435042544287,3.1597540240595045e-08,0.007516259021999997
613,0.2531189346713265,0.9670522361434516,0.01983179685284291,0.018640743396833727,0.18890539893086847,0.7068448282798852,0.011244328498874126,0.024785934668848732,0.7068448282708003
614,0.7337224750341346,0.03430041288591394,0.47984349093589596,0.47981771071116147,0.44232701542612407,0.5193867483440923,0.00022186047038111342,0.6785829073028431,0.5193867483281712
615,0.7197130049307939,0.6888960126383684,0.061159616733471374,0.060786370545997816,0.5340970161243489,0.7044730365472794,0.0032050865525188707,0.08616965233381953,0.704473036542005
616,0.004940543163822298,0.0040387797877987665,0.707092384755407,0.7070923834351375,0.5018702140823021,0.004512244947262743,1.1286813240770039e-08,0.99997963943826,0.004512244947232471
617,0.9558059383406561,0.24473665388155713,0.11529011028663487,0.11509635033920607,0.6354846925110184,0.6976607415629138,0.16289941068012878,0.0016617434749229831,0.6976607415431757
618,0.9938568843497918,0.03409197522370883,0.07460422575259734,0.0742996645732203,0.7329887700809886,0.7031762827854459,0.10525867790391553,0.0026156035168434064,0.703176282785599
619,0.8848291965397641,0.4484853668644738,0.08939601138655302,0.08914326563127281,0.5936868160931659,0.7014491540072558,0.002170878300887127,0.12622779387533922,0.7014491540256297
620,0.20482082179600855,0.9762120010828423,0.05051823493483512,0.050064636618264255,0.12806609913252553,0.7053160426775705,0.07101632327154173,0.0039040657835039327,0.7053160426652805
621,0.010113575705416262,0.0011664479516911915,0.7070701378711451,0.7070701345103666,0.49618150680862044,0.007198785118902303,0.9999481761499581,2.8749487589336247e-08,0.0071987851186892235
622,0.1222783557009664,0.25956926618322634,0.6773756620252344,0.6773728753618943,0.4387850049233145,0.20288937899531637,2.403859732149566e-05,0.9579518772894133,0.20288937899930987
623,0.0018187069904458863,0.00016025523497598815,0.707105602712923,0.7071056026048272,0.49931223014792947,0.0012910028771346215,0.9999983333101823,9.321133658729423e-10,0.0012910028770936467
624,0.1271627074303724,0.03701984611626559,0.700878014065528,0.7008774402362143,0.45390050975924906,0.0936504756210135,4.9295463577917695e-06,0.9911907872898167,0.09365047561786559
625,0.25345200800838513,0.9668985814837281,0.021389569946121213,0.020290368621470316,0.1897487511338251,0.7067994012539478,0.027722022979437065,0.010035048739429361,0.7067994012630384
626,0.005467304946060733,0.0028102314518834103,0.707093421306161,0.7070934200809755,0.4979269596678436,0.004346770280045808,0.9999811054096289,1.044745716559245e-08,0.004346770280199709
627,0.9588489209643215,0.2828301424327568,0.01818907666006447,0.016882380971786997,0.6872447979532588,0.7068890092157969,0.0209630699592276,0.013281829501495169,0.7068890092177742
628,0.7419470641878414,0.6699934551541952,0.018291414361855097,0.01699259115708183,0.5155020929076907,0.7068863685092872,0.013100048292474827,0.021253534490141685,0.7068863685361079
629,0.011155421527990976,0.02485427667026086,0.7068443447936217,0.7068443207206276,0.49562750884438456,0.019263676937224708,2.0822523561735605e-07,0.9996288418716653,0.01926367693684866
630,0.11020413458901512,0.08532498319436312,0.700205536479903,0.7002049004721824,0.45814259745366515,0.09855278797974137,0.9902397163984259,5.434457996959821e-06,0.0985527879821381
631,0.08312125271515061,0.9933121845066434,0.05686529176030601,0.05646326284169747,0.08738511941411925,0.7048326888445873,0.08006155543490602,0.003450912786324035,0.7048326888548838
632,0.614781998051451,0.7879099850038402,0.025364834755718307,0.02444535867851623,0.42358676307818927,0.706667902772845,0.008134415731928031,0.03427508838509926,0.706667902757381
633,0.07032517080073976,0.08210772131889851,0.7029627402955473,0.7029623591032311,0.4722505225861043,0.07644379451574528,3.2904076803144802e-06,0.9941391716198386,0.07644379451745226
634,0.5648875449844102,0.8032762354468943,0.13359186303515888,0.13342625385783227,0.4574590003522732,0.6943884535766982,0.18880497719129055,0.0014253685613266611,0.6943884535701976
635,0.8631261723102017,0.49950234803166793,0.052707774065781234,0.05227337311700056,0.6319071517994863,0.7051557930556676,0.07413930093981784,0.003738855460394893,0.7051557930954283
636,0.013955868700382276,0.04763137807264954,0.7062353002058307,0.7062352202311326,0.494167543268314,0.03509639901881095,6.92050353941572e-07,0.9987674832268307,0.03509639902033249
637,0.016580443064706307,0.025320312052341806,0.7067828565813272,0.706782826862742,0.49358245365833325,0.021401276768345398,0.9995418804158657,2.5570832053550037e-07,0.021401276768796138
638,0.00604512193478419,0.032587265973347414,0.7067183232977005,0.7067182876595606,0.4974552186444711,0.023435799568238012,3.06531918239098e-07,0.9994506123851649,0.02343579956864008
639,0.7388303313187564,0.6731213132726112,0.02327281525603685,0.022266908443502504,0.5332630371115834,0.7067398958830836,0.030927347494398155,0.00899657259925631,0.706739895877965
640,0.8549544763371913,0.42667662327548417,0.20861660118173542,0.20851623301698347,0.5396168686879138,0.6756478721404361,0.0008631154594287369,0.2949562014128808,0.6756478721581851
641,0.004557163723525663,0.013164216922981477,0.7070381688961284,0.7070381626022654,0.5017217203729519,0.009850491054278846,5.376062980651493e-08,0.9999029631179093,0.009850491054397533
642,0.9863602990931217,0.1561998315514993,0.03701827254253722,0.03639533615958242,0.6825273871925327,0.7061533215361082,0.051633975104070244,0.005376393880179159,0.7061533215154564
643,0.5657676231253337,0.8238749280859073,0.024319787197637815,0.02335909769706563,0.41131085295741465,0.7067046414507143,0.008520579078605484,0.032626664351794774,0.7067046414574242
644,0.004398565844985539,0.0078109121026952825,0.7070783711711768,0.7070783685656457,0.5016518180819348,0.0063386800068532655,2.231407864102822e-08,0.9999598203285667,0.006338680006918937
645,0.5722419669511911,0.7889165927322312,0.15841921819142232,0.15828168649348112,0.35717148315032293,0.6891481186972697,0.223938262088054,0.001181416346669386,0.689148118712092
646,0.9213931390455325,0.387377134790455,0.022577089425617005,0.02153865813897546,0.6621053576852856,0.7067624640720983,0.029767647178604043,0.009355530065694204,0.7067624640693496
647,0.9750184765156586,0.19663166148916875,0.07321318618080583,0.07290270263343403,0.6624726757968675,0.7033224812809445,0.1032854100540956,0.0026643483183657135,0.703322481257933
648,0.7682580237245461,0.26956771597211393,0.4105747514353394,0.41053773148426304,0.7401631305268751,0.5757113619294645,0.5806141180920296,0.00031837187452380273,0.5757113619313838
649,0.8233251771174488,0.2650551566586073,0.35490542578131873,0.3548570915230367,0.4954964168828033,0.6116038682538233,0.5018777187088937,0.0004148695753629159,0.6116038682707603
650,0.0034826451403824617,0.009614159226424697,0.7070698140637526,0.7070698106729238,0.49866306207050465,0.007230521240091964,2.89464354475485e-08,0.9999477181959033,0.007230521239956061
651,0.708702400241359,0.641212057359045,0.2081224366592536,0.20802178613018876,0.5931471122550032,0.6758002618553932,0.0008633826758216908,0.29425714386592916,0.6758002618602615
652,0.012285598408277806,0.09135913450872535,0.7040962158422179,0.7040959390951222,0.4930753432741776,0.06518215778330538,0.9957422219670137,2.4016921889998807e-06,0.06518215778221165
653,0.06506821620477325,0.3767467674434311,0.6533891273932632,0.6533839978642917,0.48886706503547084,0.2703442245889047,0.9240281372927147,4.418383218838084e-05,0.27034422459259194
654,0.005932479294603941,0.0027824500846733284,0.7070916014316653,0.7070916000395172,0.4977585012686473,0.004633375571066204,0.9999785316003749,1.2050424060362436e-08,0.004633375570943774
655,0.04701036439182686,0.026421259207891436,0.7060779263365924,0.706077831889386,0.5178651087807948,0.038131727305589884,0.9985449127328966,8.066591076214776e-07,0.03813172730539819
656,0.006492782099273756,0.004702802099005041,0.7070840580795511,0.7070840559953124,0.5024582933419551,0.005668887323428326,1.778737278490793e-08,0.9999678632001271,0.00566888732339333
657,0.5683193074322781,0.4484470814252941,0.4878178036063601,0.487793169728434,0.36306838813816095,0.5119040994357477,0.00021117916570085417,0.689861102942039,0.5119040994481565
658,0.0694642670794317,0.9909543561884938,0.08133090434048386,0.08105222729402237,0.049960317554720135,0.702430003796011,0.00239037577642015,0.11479749846495049,0.7024300037846983
659,0.013226151294115102,0.012757241823742403,0.7069873892747157,0.7069873783240544,0.49498126629929595,0.012993811931000347,0.9998311465957587,9.459829868877021e-08,0.01299381193130246
660,0.0786229123815049,0.16027570422347717,0.6957483734393446,0.6957473231472521,0.523930857182263,0.1262336389206165,8.98298058845323e-06,0.983936043007556,0.12623363891923833
661,0.6323182678244275,0.7742993043901196,0.018439395687952723,0.017151795333344884,0.4379822653762406,0.7068825237002182,0.02166034517527302,0.012846199569595203,0.7068825236846066
662,0.8917442824803865,0.3237139657390737,0.22365450456546956,0.22356221871452792,0.5616827816360165,0.6708198703527597,0.3162290021151672,0.0007882069738991338,0.6708198703757102
663,0.030315050655400095,0.025543658099784854,0.7065509858886184,0.7065509348862122,0.48845910548912147,0.028031060907344692,4.428639113929087e-07,0.999213950687521,0.02803106090839884
664,0.21400401602233432,0.9765160416532341,0.018228328315030826,0.016924660063782997,0.14238263996081643,0.7068879981814921,0.021101032215997618,0.01317051672693963,0.7068879981691082
665,0.6307810538042794,0.7695512847571915,0.07053894249087378,0.07021637901787034,0.4206828069780898,0.7035957353793306,0.09949055613641222,0.002776964130022539,0.7035957353949075
666,0.018347071182530303,0.014709444653084054,0.7069112541807521,0.7069112362494007,0.5069241392428335,0.01662803020405805,1.5297111213475535e-07,0.9997234703772023,0.01662803020416817
667,0.010066400450051418,0.0417823190612597,0.706453462759526,0.7064534028164305,0.5032892927121345,0.030389921060554756,0.9990760258336593,5.105480605462228e-07,0.030389921060952958
668,0.13725123359290586,0.07236192105835072,0.6985438265586925,0.6985430363511639,0.4494385937153701,0.10971360157565177,0.9878895946470135,6.791452765274366e-06,0.10971360157851236
669,0.18282094830513534,0.43421770056170844,0.6237153472604259,0.6237071868846519,0.5220276574292922,0.3331429952909353,0.8820609301166324,7.029609767284183e-05,0.33314299528711455
670,0.24337486419377502,1.6463612699567985e-10,0.685902685721658,0.6859007108543086,0.5950212146681498,0.17186872980469503,0.9700114840251826,1.7026243646460327e-05,0.17186872980472015
671,0.019562757796915287,0.05581131314537407,0.7058691650270525,0.7058690514215774,0.4916224432876858,0.04181868068905503,9.714546890637858e-07,0.998249666110559,0.04181868068984032
672,0.05228248842617836,0.12441543622734426,0.7006383431819014,0.7006377471244616,0.5160011106326298,0.0954270909319376,5.1175465358162955e-06,0.9908518257570765,0.09542709093303411
673,0.03738235574827604,0.06307529767205527,0.7052036276164381,0.7052034528410269,0.48502723005373033,0.05184560587744199,0.9973084108238764,1.4982719938242127e-06,0.05184560587851205
674,0.000247046630347827,0.0009613221089235242,0.7071064328914515,0.7071064328595027,0.49990711087488127,0.0007018447957664589,0.9999995074137605,2.767952346961292e-10,0.000701844795753966
675,0.23249532757461033,0.9716742230622065,0.030338933564468,0.02957493649542419,0.15231684813615937,0.706471822588774,0.041844632163501636,0.006644886578326371,0.7064718226012641
676,0.0721976293533113,0.11970828989068841,0.7001636679367218,0.7001630280468207,0.5242870170845901,0.09884981602890461,5.483113763033641e-06,0.9901805025914381,0.0988498160279129
677,0.03584207841883771,0.017027078055418445,0.7065498907479586,0.7065498396514996,0.513612082968411,0.028058652608396503,4.4042161938988394e-07,0.9992124018582429,0.028058652610001587
678,0.9960855630926428,0.08391983799371858,0.02020932286820473,0.01904192896583976,0.6946622309874213,0.7068341347794622,0.02552922084622887,0.01092111132238397,0.7068341348018281
679,0.7817983920758779,0.6230517383297343,0.017939257274770942,0.016612903427564572,0.5437799287804694,0.7068953934325436,0.013824959172493313,0.020166209751534922,0.7068953934154484
680,0.008466712192381204,0.016075990531977447,0.7069900609099031,0.7069900502041584,0.5031769086238899,0.012847620148034226,9.177328107061038e-08,0.9998349250316568,0.012847620147897826
681,0.677302913244151,0.7332207661674638,0.04297533692905333,0.04244045461128235,0.4968904498437782,0.7058158145848988,0.0046160155151933014,0.06022262176741783,0.7058158145791809
682,0.0008025259982591478,0.0034309467334470963,0.7071023918521157,0.7071023914494649,0.4997067121185092,0.002491529998356008,0.9999937922589998,3.5084383115959148e-09,0.00249152999839963
683,0.03420832378870418,0.08811620300829803,0.7039409545540618,0.7039406635878558,0.4851126842912722,0.06683814273624983,0.9955226392929496,2.4889032226665083e-06,0.0668381427375201
684,0.7776695549020812,0.6281986331269993,0.01792163317718196,0.01659384765636149,0.5590742475956119,0.7068958407328735,0.020132534270010622,0.013828296339276618,0.7068958407281769
685,0.02717973795063775,0.9989335403998829,0.02682196926618817,0.025954299716734887,0.01712984969838609,0.7066140942110121,0.036537505060482964,0.007619345973089139,0.7066140942220593
686,0.8041304979015444,0.5937719319733576,0.020674380001469057,0.019534876841081527,0.5786185069904105,0.7068206839758431,0.0264152445964603,0.010548756066501032,0.706820683980228
687,0.034660289585786916,0.013849242397954625,0.7066140837444583,0.7066140385421232,0.4869860092076013,0.026392585977223576,0.9993031886322997,3.8523896074038087e-07,0.026392585977936586
688,0.024547393956876905,0.004056647912558986,0.7068878968605071,0.7068878767818791,0.4907620727932041,0.01759305162431586,0.9996904366197742,1.727382164211811e-07,0.0175930516248311
689,0.12375953552986534,0.9920025662670329,0.0181702390510409,0.016862037180951885,0.07885501093043656,0.7068894942274808,0.013297083118796859,0.020920646873258564,0.7068894942392082
690,0.8218472298141565,0.5684081671606775,0.027614079571142248,0.0267721676608129,0.569265775603733,0.7065835809318112,0.00736696512413686,0.03774935995059788,0.7065835809058563
691,0.1084363533282989,0.13831952158932173,0.6961000948230169,0.6960990771517697,0.5369563141622352,0.12427938842807572,0.9844334752265923,8.800765562908427e-06,0.12427938842697132
692,0.31194994481750526,0.783739381951465,0.3797844499148322,0.3797414862616406,0.4290634261189197,0.5964730401380254,0.537065811445959,0.0003727750061400917,0.5964730401310557
693,0.0006027627995291558,0.00015972147561654957,0.7071066437192823,0.7071066437066734,0.5002281529197882,0.0004409273954213411,0.9999998055830136,1.0956786906537985e-10,0.00044092739542244666
694,0.997077685900704,0.06972533138050323,0.022586260558125806,0.0215482546111653,0.7156157830147243,0.7067621712982851,0.029783357619572348,0.009349762119531091,0.7067621712987741
695,0.1024967321897155,0.9872804932807335,0.08607218187436745,0.08580933450213112,0.11792977025841463,0.7018647795713814,0.12151775831350967,0.0022576081972476157,0.7018647795814339
696,0.4080438467904517,0.8568486768953214,0.2228809835330261,0.22278831023763174,0.24317480984976214,0.6710772816833479,0.315134785347067,0.0007943950190922841,0.6710772816966027
697,0.11383816903772276,0.6128501322841525,0.552934627037321,0.5529185155631189,0.43876826278505143,0.440763209311576,0.7819562438867252,0.00013883799410788894,0.44076320931757046
698,0.00021309445060702648,0.00018999430881656677,0.7071067523707631,0.70710675236812,0.5000806704294246,0.000201875063172267,0.9999999592464581,2.2807250385534814e-11,0.00020187506317370811
699,0.1502831468014855,0.09695198305662621,0.6957071063438797,0.6957060521164511,0.44424834230113563,0.12646088571247027,0.9838776797377752,9.090912721702535e-06,0.12646088571565012
700,0.474499904332108,0.8797986559186183,0.020615351033643807,0.019472368484058505,0.3455337918109683,0.7068224084438871,0.01056760678815644,0.026315233599385434,0.7068224084513524
701,0.0039460658295370965,0.00815941801268938,0.7070777383813562,0.707077735717699,0.49848342921662214,0.0064088820333664245,0.999958925387519,2.3016976397944585e-08,0.0064088820334933065
702,0.020320710932632918,0.043277017405767025,0.7062981924371691,0.7062981182415909,0.49186709426762903,0.0338070371993143,6.293363636832478e-07,0.9988564303598536,0.03380703719864947
703,0.9633807737174579,0.2663568833424903,0.02233055512442184,0.021280080720463557,0.6917142622211171,0.7067702966557671,0.00946620764528213,0.029357902521309147,0.7067702966576144
704,0.3372751814126446,0.9408350510454669,0.023671344719608668,0.022683169234029615,0.22803546870559804,0.7067266590738588,0.008825313286187688,0.031574872489604965,0.7067266590606024
705,0.145328483790553,0.022581058093051474,0.6994178721763838,0.6994171631277091,0.4479905608982862,0.10399584607876079,6.096879668111719e-06,0.9891257392061847,0.10399584607571781
706,0.4194543561794372,0.6984243961117732,0.41005599766287215,0.4100188834416147,0.28349584309764236,0.5760809812933027,0.5798804236169699,0.00031670776028441746,0.5760809812814055
707,0.20970039243451224,0.12342088137384176,0.685855577649995,0.6858535981243453,0.5780968517836093,0.17205663100557306,1.696072964301306e-05,0.969944859858566,0.17205663100646967
708,0.9509119660693035,0.30722928379100894,0.02666827566778104,0.025795407350690393,0.6607818663404283,0.7066199119770288,0.007660549123716877,0.036303112188956134,0.706619911996613
709,0.002015915138684774,0.004412014336037941,0.707098462484051,0.7070984617210981,0.5007547480880505,0.0034299988591868693,6.558473911606607e-09,0.9999882350386191,0.003429998859148432
710,0.04771330344672248,0.027561289516019463,0.7060325612920542,0.7060324627025292,0.5180596541978586,0.03896270014770894,0.9984807539425599,8.450930201184076e-07,0.03896270014750757
711,0.9248239537816499,0.3711738820598353,0.05905994563581901,0.05867316584819113,0.6780074270273676,0.7046521774702239,0.003348108125912441,0.08318297747215136,0.7046521774728393
712,0.0001341774773540471,1.6222483611507806e-05,0.7071067747285674,0.7071067747279751,0.5000508240063046,9.55687302510533e-05,5.06517344784165e-12,0.9999999908666184,9.556873025118038e-05
713,0.692662677818218,0.720471535214791,0.02434117676813067,0.02338137755753223,0.5009856101182205,0.7067039048657235,0.00851697215849281,0.0326594992030912,0.7067039048601622
714,0.00029068072653602755,0.00031791954191739415,0.707106715581315,0.7071067155752974,0.4998901925128794,0.0003046047602358454,0.9999999072159356,5.230416684035547e-11,0.0003046047602289593
715,0.1444572060111299,0.07543715567187348,0.6976541296040283,0.6976532567271845,0.44688646227328216,0.11523595103842924,7.52533117011726e-06,0.9866313146859728,0.11523595104251648
716,0.0021284108495359453,0.0046409166151745425,0.7070975650345657,0.7070975641892812,0.4991744567809129,0.003610279751938671,0.9999869657951681,7.199336201836895e-09,0.0036102797517875416
717,0.0004495530336944907,0.0013184344315972359,0.7071060951942406,0.7071060951313267,0.5001719369897175,0.000984979004979678,5.358039569575042e-10,0.9999990298158893,0.0009849790049916245
718,0.9925654475027393,0.08952382095040771,0.05850154314877034,0.058110991691181495,0.6797412450530013,0.7046987590680803,0.0033605816763237657,0.08238946775478503,0.7046987590891458
719,0.0026694112789068893,0.001228110723707263,0.7071037287355434,0.7071037284555691,0.4989885699751488,0.002077740663060397,2.3846462120965764e-09,0.99999568298442,0.002077740663005236
720,0.0074221468144800825,0.0008258055596775561,0.7070870640661154,0.7070870622576848,0.5028149109466623,0.005280635291232846,1.564492073726908e-08,0.9999721145021204,0.0052806352912388695
721,0.015321289264467495,0.033816395037211025,0.7066193362511975,0.7066192915268285,0.4939523584008614,0.026251575934266025,0.9993106171365395,3.861594609723742e-07,0.02625157593375421
722,0.9214304785755097,0.3326321584527665,0.14206642891552612,0.14191146472611066,0.7108072471343365,0.6927042175240503,0.2007982871138911,0.0013348923730959765,0.6927042175263907
723,0.13642866658113273,0.9901332270331421,0.02312164583234064,0.022108847863125152,0.10798866344420943,0.7067448579063698,0.03068010731781983,0.009063259612196232,0.7067448578964514
724,0.307352553823225,0.9260042937900944,0.15507112620257296,0.15493031129803722,0.29113543190548746,0.6899092492667664,0.21920079954101054,0.0012103806107024225,0.6899092492752342
725,0.24093468675225996,0.23894317102006454,0.6651548383113945,0.6651508692119454,0.405762488903381,0.23994099509553204,3.416965414911228e-05,0.9406681862245045,0.23994099510108596
726,0.679328832671152,0.7330228554989817,0.02485591165918039,0.023916815702535267,0.4693627039944691,0.7066859873945218,0.008332398160161856,0.03347239995367152,0.7066859874105763
727,0.3388243495299775,0.9398999817019238,0.030264328497504364,0.02949838949694466,0.22716367736964338,0.7064750227074222,0.006664518564643056,0.04173330510060087,0.7064750227207164
728,0.21534087731440005,0.9740583890724328,0.04941765606178211,0.04895376409471534,0.17433475183899835,0.7053940119761146,0.004006254822143834,0.06944440706048027,0.7053940119667581
729,0.004727984397217344,0.015809119500171706,0.7070105127893413,0.7070105039598231,0.4981622112924782,0.011667949602136775,7.596268883125118e-08,0.9998638496836283,0.01166794960192391
730,0.01144959040339299,0.014491157319905133,0.7069861840531904,0.7069861729909629,0.4955964272742541,0.013059225809924666,9.61333244032659e-08,0.9998294420762426,0.013059225809638222
731,0.01456426028860074,0.007164680701049828,0.7070136355660182,0.7070136270231426,0.5055262616348414,0.01147715834393031,0.999868266159444,7.37221222665525e-08,0.011477158343878477
732,0.0007244929584047296,0.0022868263220196744,0.7071047467664203,0.707104746579829,0.49972379959053825,0.0016962406482799385,0.9999971227635247,1.6045904898454658e-09,0.0016962406483111189
733,0.07097605419890318,0.9940090917043806,0.058965518508653676,0.05857809288796262,0.04423323121268362,0.7046600863695339,0.08304957321336964,0.003330724915437413,0.7046600863808697
734,0.0030744344816251673,0.004476514410601394,0.7070963548287238,0.7070963538724045,0.4988380731447282,0.0038400083517003236,0.9999852542271399,8.243143021805287e-09,0.003840008351618722
735,0.052523080042371655,0.035859425287622704,0.7056754258139996,0.705675294385985,0.4801234860241362,0.04496983597579668,0.9979756648852889,1.132263555023198e-06,0.0449698359769178
736,0.04046486531447488,0.15151989687917636,0.6983571591208306,0.6983563516067489,0.47932462783549445,0.11089563669565139,0.9876255947860714,6.94733702953319e-06,0.11089563669081368
737,0.1474259694814006,0.015993208113599455,0.6992892138308267,0.6992884928529615,0.44736949503742435,0.10485752043283071,0.9889437803935063,6.140253772808501e-06,0.10485752043594329
738,0.025888567905435755,0.06880086925839883,0.7051937571528081,0.705193581446825,0.5087270212919773,0.051979695838710524,0.9972944512223244,1.5022031213259294e-06,0.051979695838094225
739,0.0005694081954016594,0.009054361242157846,0.7070776824687138,0.7070776798000679,0.49977159474402993,0.006415048058867779,2.2833243590535232e-08,0.9999588463115742,0.0064150480589702154
740,0.9849805146481055,0.16692392849633608,0.0315876180652966,0.030854663243265832,0.683298346901033,0.7064170907162466,0.0063610229816474535,0.04369582640849519,0.7064170907368333
741,0.4961105231153772,0.8674754988220179,0.026517973656192087,0.0256399798586487,0.339394288015959,0.7066255686452511,0.036070521886759375,0.00771550029481057,0.7066255686307895
742,0.5106414697141146,0.35194921180663136,0.554704732601016,0.5546888345740585,0.6604374834845392,0.43853332622882885,0.0001368122633301499,0.7844597025045306,0.4385333262314121
743,0.3063310362685402,0.950483000037595,0.03734363059426563,0.03672623193599671,0.23309060795249617,0.7061361898138134,0.052105549281592604,0.005326780663883356,0.7061361898225121
744,0.7548789036366605,0.6482814635743517,0.07047834734148714,0.07015550026182737,0.5626294864738339,0.7036018079659693,0.09940424890662702,0.0027905125486033964,0.7036018079610475
745,0.0,0.014279944274923084,0.7070347958470079,0.7070347892446134,0.5000996735136394,0.010089704143513564,5.6412057082180444e-08,0.9998981926879318,0.010089704143360669
746,0.0032853844389832366,0.01106858132489593,0.7070596505488812,0.7070596462267048,0.5011979213615183,0.008164166934111247,0.9999333441567683,3.739023806589919e-08,0.008164166934213972
747,0.0031770311320939277,0.018487587986289817,0.7069823660108789,0.706982354598256,0.49868527424724746,0.013264321248354093,9.772671616197773e-08,0.9998240423012569,0.013264321248581243
748,0.8666228176599874,0.4876886738971144,0.07473284231603013,0.07442883542619211,0.6432835268232182,0.7031626236979288,0.002614395856322292,0.10544104607712436,0.7031626237014502
749,0.7584754256338427,0.6512685887233444,0.017465456437858594,0.016100058486949103,0.5274253686268995,0.7069072591125098,0.018058716423954835,0.015431682117808874,0.7069072590956856
750,0.7571328200281914,0.6528109866439539,0.01779800601696462,0.016460241034913642,0.5444941848034247,0.7068989642989504,0.019655145842079277,0.01419097583092712,0.7068989642940253
751,0.002333681281607953,0.0183336263338339,0.7069860139148737,0.7069860028359711,0.5007591590273792,0.013068433777080507,0.9998292014525366,9.578044590230911e-08,0.01306843377726591
752,0.7830049745284519,0.6138748081058674,0.07108562319716397,0.07076560237553228,0.5277459937055875,0.7035407108757481,0.10026657296939802,0.0027478445868536856,0.7035407108586841
753,0.9398443933248016,0.34015674706545124,0.02271251342256733,0.021680573974863723,0.654166748066486,0.7067581249881421,0.029995229756252077,0.009283950975715547,0.7067581249687853
754,0.9562313472292842,0.2913070538169697,0.020095352750576657,0.01892094129074333,0.6859586967174295,0.7068373839772519,0.011003188379132807,0.025313140204075463,0.7068373839792945
755,0.002670013860180253,0.010638746940064748,0.7070642451738067,0.7070642412726289,0.49896177591477775,0.007756027022782302,3.3254600025038996e-08,0.999939842235343,0.007756027022920127
756,0.9828408670339234,0.18270789233943444,0.018540266614614102,0.017260205060915395,0.7043098577288908,0.706879885071325,0.021905633913526863,0.012720038039737373,0.7068798850700616
757,0.9617244006636263,0.27106649589196197,0.028765678751453593,0.027958577035180263,0.6926797394488974,0.7065376330010408,0.03948963263317728,0.0070509019536963286,0.7065376330029669
758,0.0016828066321581227,0.03183568000557613,0.706747375037298,0.7067473420666748,0.4992716091445277,0.02254265245665036,2.824379058764227e-07,0.9994916996355404,0.022542652457005836
759,0.16925118085979582,0.983209378330906,0.048471639977157845,0.04799850266031962,0.10363802521934708,0.7054596529488073,0.06809312302911315,0.004084450495473999,0.7054596529367437
760,0.03392905469154914,0.03314081216642581,0.7063110536349755,0.7063109806096303,0.5127016844263546,0.03353724931546518,6.257211196788533e-07,0.9988746196677016,0.03353724931572028
761,0.7238299654937356,0.6895581654537081,0.017685406168481434,0.01633841847011851,0.5209315408752649,0.7069017903846292,0.01922740605992163,0.014492217416798582,0.7069017903793652
762,0.004818889747415386,0.00039922424995238523,0.7070985150577779,0.7070985142995888,0.5018288535929079,0.0034191430504960816,0.9999883093924653,6.460162270108836e-09,0.0034191430504937246
763,0.0012940871782291283,0.005834721559145397,0.7070941532075907,0.7070941520493157,0.50046417028317,0.00422602870891441,0.9999821405218701,1.0043210961562994e-08,0.004226028708970673
764,0.9288099779400121,0.016604508949255952,0.2617975249509854,0.26172193467715954,0.5789316338116222,0.6568727749211161,0.0006472067520175048,0.3701835980767346,0.656872774900745
765,0.08793834562724405,0.020334931904464414,0.7042207436403132,0.7042204783584792,0.5338657282443997,0.06382265305985876,0.9959183389753947,2.2917793135141994e-06,0.06382265305999697
766,0.010843488107641368,0.017618200967905166,0.706955457363207,0.7069554434790736,0.4958272239365224,0.014628435317814083,0.9997859859791499,1.1931286773479428e-07,0.01462843531751035
767,0.005185372302555725,0.002189366058397719,0.7070955805417595,0.7070955795143588,0.5019651932184632,0.003980038288982854,0.9999841591697516,8.818269947072402e-09,0.003980038288998523
768,0.027372186315299838,0.004163691980155017,0.7068357172069903,0.7068356923400888,0.510438248018706,0.01957770306539361,0.9996166400602624,2.1349418427945533e-07,0.019577703064158805
769,0.12002286200231897,0.0,0.7020061691905892,0.7020056996491603,0.5464756055466995,0.08478011582456745,4.078271172856792e-06,0.9927863133146636,0.08478011582452867
770,0.09255772242961517,0.9953384806109526,0.019750948092154264,0.018554705149478247,0.07614149667534127,0.7068470920152038,0.01129601772451442,0.02463284427934588,0.706847092005002
771,0.01639682006491074,0.012886588026708964,0.7069530041259778,0.7069529900198772,0.5062110606927955,0.014746522627527328,1.213958711168631e-07,0.9997825164208339,0.014746522627623196
772,0.03871109853364283,0.16892435334750833,0.6964077078867245,0.6964067188736857,0.4781818775936786,0.12254384175270958,8.512082493635669e-06,0.9848685260602041,0.12254384175486803
773,0.8863087097100505,0.4614635121187479,0.0278754828965442,0.027041736786319777,0.6147461836177983,0.7065733160435157,0.007295266189091768,0.038145473733674135,0.7065733160685697
774,0.1366461446199565,0.9756589990553102,0.12137103459685869,0.12118754343486345,0.08809596140615869,0.69662854207276,0.17150761310911522,0.001577139341608314,0.6966285420844375
775,0.001887650872202996,0.00014086914291812927,0.7071055144370035,0.7071055143208146,0.5007152401561237,0.001338482326333572,0.999998208463457,1.0024454814898798e-09,0.0013384823263345768
776,0.0018863497532492107,0.00361416934403156,0.7071009051849959,0.7071009046459913,0.5007109188707528,0.0028827534913554004,4.606931107850171e-09,0.9999916896977795,0.0028827534913861657
777,0.6857551493590249,0.7272284414480849,0.021499827907066445,0.0204065302424052,0.47486825194554144,0.706796056476213,0.02791186479099024,0.009979823668640192,0.7067960564923261
778,0.09074225766814911,0.028184023075476104,0.7039076351061275,0.703907341029959,0.466494123385856,0.06718815551541565,2.509705185317271e-06,0.9954755162786627,0.0671881555176808
779,0.0036217878108476594,0.005631246856196124,0.7070909325425132,0.7070909310888208,0.5013652001552152,0.004734357828822311,1.2379205943851666e-08,0.9999775856047458,0.00473435782877597
780,0.0033722462945782647,0.001507162870875356,0.7071019576555942,0.7071019572131275,0.501282789575425,0.0026118561398646607,3.772216702485702e-09,0.9999931781842363,0.0026118561398540616
781,0.001859091215286912,0.0006347043146490205,0.7071054168606244,0.7071054167354729,0.49929717193406564,0.0013890769801715162,1.0844825415603512e-09,0.9999980704632808,0.0013890769802097484
782,0.44805735480517067,0.8599384551879883,0.1729068772590215,0.17278215153890283,0.3960930930522916,0.6856564518460274,0.24443671965982536,0.0010724625040970067,0.6856564518386937
783,0.539412308816209,0.6263515902988355,0.39796318353707644,0.39792381589952397,0.5825818024328989,0.5845006164775497,0.00033834865018208523,0.5627769933385639,0.5845006164465181
784,0.5446358389965554,0.8376705059018227,0.02937435598010121,0.028584499881126282,0.37278273252879884,0.7065125878412541,0.006870307446353452,0.040406995660311064,0.7065125878561203
785,0.003874152629040064,0.004726470342193411,0.7070935769514927,0.7070935757404733,0.5014636768014124,0.004321375966579098,0.9999813255353849,1.0499971502254701e-08,0.004321375966541736
786,0.2235590143505449,0.12788669153054946,0.683253029198411,0.6832508032604167,0.419962727694838,0.18211759653149753,0.9662641262638649,1.8982610141765388e-05,0.1821175965380214
787,0.01254425143216914,0.07687077894469883,0.7049587942888743,0.7049585969794346,0.49381726865222336,0.055074834995010195,0.9969621482772403,1.6931614745245467e-06,0.05507483499594561
788,0.6350307639290774,0.7720479545331074,0.019022480009824157,0.017777233169758024,0.4397328720053856,0.7068670720909935,0.012103182767809643,0.023052065672843736,0.7068670721066369
789,0.00046474552043026824,0.0003012318282834557,0.7071066727464306,0.7071066727364833,0.5001761487989561,0.000391617805764066,0.9999998466354824,8.561791943945439e-11,0.00039161780576185673
790,0.9288900077248494,0.3678825541454178,0.03059045746980726,0.029832931739157995,0.6439996267286566,0.7064609756110534,0.042216844428759254,0.0065968136886899315,0.7064609755919333
791,0.000542703159087024,0.0002843161812530136,0.7071066484819678,0.7071066484697979,0.5002062586136267,0.00043322188791703457,1.0414845732955768e-10,0.9999998123187783,0.0004332218879190667
792,0.025805466910187935,0.03774168087557327,0.7063673758307683,0.7063673079843393,0.5094224442007386,0.03232921722630947,0.9989542749429252,5.860330843072474e-07,0.03232921722600064
793,0.03759404120377236,0.03197148151050573,0.7062452209128924,0.7062451418407716,0.48566726374618197,0.03489618577974806,0.998781513863531,6.823604415884894e-07,0.034896185780581436
794,0.004036484722061335,0.002968314832239371,0.7070979058974785,0.7070979050835513,0.4984693573201958,0.003542887371575881,7.026426557102222e-09,0.9999874478702954,0.003542887371488823
795,0.030147642455731094,0.18487270349318174,0.6945915390462347,0.6945903807589521,0.4808861180116917,0.13245149459693817,9.921395130903654e-06,0.982299955746232,0.13245149459916927
796,0.9976138817632071,0.06315490696487079,0.020295762043292576,0.019133675765370766,0.7152807827609756,0.706831657643957,0.02570470958224414,0.010829746557735264,0.7068316576435204
797,0.012955882884289678,0.00985366787548196,0.7070131054223292,0.7070130968300112,0.504908185558466,0.011509771325126518,7.373919157645677e-08,0.999867516388088,0.011509771325053807
798,0.4506299957189648,0.8885794870346849,0.060846616664773756,0.06047140993848257,0.2970363631265136,0.7045001411641739,0.08572466386991266,0.0032224499823003423,0.7045001411782381
799,0.7877466897879873,0.614826876551847,0.027284194877503855,0.026431748096839177,0.5691952104542667,0.706596396611569,0.0074771606291756856,0.03724455217201403,0.7065963966069869
800,0.11740465513330756,0.7100460026728249,0.4909554828006814,0.49093129351196685,0.39870572160618206,0.5088954602538184,0.6942987668908207,0.00020817124963597137,0.5088954602781232
801,0.00024345741191686036,0.004322474837809906,0.7071001547868604,0.7071001541791404,0.50009710305927,0.0030612954964977005,0.9999906284259701,5.217866647323911e-09,0.003061295496542966
802,0.7698871793705069,0.38881283557208435,0.3578633973798904,0.3578157329562786,0.46144116685962433,0.6098777295836185,0.00040904658234203883,0.5060614020217407,0.6098777295676656
803,0.025065567877789532,0.02021380165994667,0.7067401103232805,0.7067400766828299,0.49047181611844165,0.02276928271402667,0.9994814253048085,2.8965409737776085e-07,0.02276928271317443
804,0.0033723578107532457,0.0004698679904657621,0.7071026824155285,0.7071026820396286,0.49872243390601123,0.0024076516700326117,3.1981653927215726e-09,0.9999942031966347,0.0024076516701099435
805,0.23877235689209333,0.25615553133572916,0.6623359148618905,0.6623316701127719,0.5766096486095973,0.24761653281708296,3.6204387560417855e-05,0.9366814314587185,0.24761653281907786
806,0.25287654645160945,0.9662130049070863,0.035578350735388044,0.03492959718868811,0.1946444913268699,0.7062273374014609,0.005607985366075645,0.04954236874583388,0.7062273374105692
807,0.3199474703078953,0.6366164709540282,0.49617354026713156,0.49615008121776105,0.2987800916757992,0.5038089493332292,0.7016787328394946,0.00020256942312469903,0.503808949323184
808,0.5148279563924993,0.7669854404048998,0.27085479388164496,0.2707825514226434,0.30776995998188195,0.6531900529303885,0.0006204476116024515,0.38299494065638284,0.6531900529165857
809,0.017365842191489535,0.04905303509173406,0.7061488339919053,0.706148746070219,0.5060600420251231,0.036795194491678715,0.9986451959149956,7.554016199623498e-07,0.03679519449123566
810,0.07680676256325271,0.9152757924559963,0.2796512501746458,0.2795820753965519,0.23026026161294963,0.6494724941752413,0.3954372335844348,0.0005940558684170404,0.6494724941847186
811,0.8522214106365655,0.5179124990482749,0.05258767224700356,0.05215227712110049,0.624179097624512,0.705164759724061,0.07396804298142454,0.0037485862364981634,0.7051647597278428
812,0.3688957319855809,0.8436233489784176,0.2759116332864419,0.2758411764013532,0.400878704873742,0.6510700484495446,0.0006120735427090956,0.39014767633199204,0.6510700484822248
813,0.43047369261040186,0.902265167328228,0.018107955627794273,0.016794931959542344,0.31367580776003245,0.7068910921041619,0.013471763526089482,0.020699743574280057,0.7068910921119715
814,0.010467810441251921,0.016073996603469143,0.7069766857720085,0.7069766738403074,0.5039087086750413,0.013563709310556064,1.0242459799718779e-07,0.9998160088633645,0.013563709310423734
815,0.026172138764544564,0.0014648247111076563,0.7068638146597481,0.7068637923714327,0.509966248514097,0.018535460055583503,0.9996563776823607,1.9106279526455366e-07,0.018535460055599282
816,0.03830926747961096,0.03506408204640811,0.7061526158892659,0.7061525283167722,0.48535063175721455,0.03672253956798898,7.632793132542101e-07,0.998650544572445,0.03672253956712557
817,0.09829059915813865,0.11113786406782461,0.6992811820452586,0.699280460269735,0.5349243606610452,0.10491107263419658,0.9889324211688381,6.229503273236751e-06,0.10491107263332873
818,0.5169769021284322,0.8550064956776087,0.02953432798569787,0.02874888667788261,0.3785896376007683,0.7065059182325709,0.006836425312036615,0.040645274063997386,0.7065059182254367
819,0.004961443851671878,0.0072425120284523165,0.707079533584581,0.7070795310856017,0.5018782270205183,0.006207652759894138,0.9999614643047116,2.1456532067172146e-08,0.006207652759952661
820,0.015234943366032034,0.004892803365490674,0.7070162546636007,0.7070162463602327,0.5057911316735053,0.011314659167211489,7.1335251836431e-08,0.999871970292124,0.01131465916717766
821,0.7567566787355469,0.6522820904199892,0.03076666591286436,0.03001359650364011,0.5484983825766683,0.7064533234002653,0.04248168118807995,0.00653532477475009,0.7064533234051965
822,0.0014232076821510751,0.004491406536492208,0.7070989332353146,0.7070989325155979,0.5005355363939321,0.0033315351403559743,6.171697673340201e-09,0.9999889008120131,0.0033315351403147586
823,0.7970986408334637,0.19844593189215484,0.40328892251002135,0.4032505596742619,0.7559148441963868,0.5808386312486029,0.00033027991757300483,0.5703094421558139,0.5808386312499805
824,0.9942682105297369,0.1037495754699907,0.018875605629498284,0.017619949827105727,0.6937526367193186,0.7068710097719157,0.02272779162635104,0.012255554152270642,0.706871009749474
825,0.4389743688781244,0.8981052314034742,0.019420779301308838,0.01820284340160414,0.3200879619332314,0.7068562406219876,0.02393777133054859,0.01164015808740738,0.706856240629717
826,0.013721153076125784,0.0075983953031709284,0.7070198036936409,0.7070197957150649,0.50519850149531,0.01109066391246207,0.9998769896082028,6.893239935698283e-08,0.011090663912407053
827,0.5719273117133769,0.8106365235388715,0.08891768713078943,0.08866353103968008,0.4416483617993505,0.701509951172511,0.12554998778539891,0.0021857237244133137,0.7015099511659254
828,0.37865584850217654,0.925209224859971,0.01807575614470659,0.016760240717618776,0.27703375161935834,0.7068919158479884,0.013515374725124847,0.020614879945196892,0.7068919158397928
829,0.19694790015086075,0.978572889304292,0.04273365350457208,0.042195667844421,0.1244882035684295,0.7058304897268347,0.05987680134361754,0.004626898263685177,0.705830489739065
830,0.004161992178764052,0.00589423712413085,0.7070883743130867,0.7070883726247372,0.49842765527785976,0.00510216670507191,1.4753633306171146e-08,0.9999739675560675,0.005102166704962816
831,0.9625610762315975,0.178936253982203,0.1440520056805651,0.14389935905821713,0.6315205148503151,0.69229401057399,0.0013120523431680753,0.20360816387514535,0.6922940105514548
832,0.957861887685846,0.28624895620171004,0.017435161345302444,0.01606718211763206,0.6863166019248539,0.7069080070294876,0.01788581581412117,0.015563957883559607,0.7069080070315085
833,0.0731837914893871,0.022766425948916987,0.7050269824612592,0.7050267914134236,0.528013929349457,0.054194913925767044,1.667183146587607e-06,0.9970585853430864,0.054194913925928
834,0.8931775797091149,0.4174454678087888,0.1183589509904338,0.11817050245685053,0.5905901344609679,0.697146645636264,0.16724381452011322,0.0016172307263975564,0.6971466456547306
835,0.00036734996857754835,0.0022899960219182965,0.7071048794976957,0.7071048793232624,0.5001359834880446,0.0016399737467016062,1.5036120134950521e-09,0.9999973104824915,0.001639973746724333
836,0.5519475163769931,0.7552038240323244,0.2500612448752867,0.24998100519710084,0.33083333880685245,0.6614298416435362,0.0006890781061046991,0.35358259900523215,0.6614298416578074
837,0.03650382912875192,0.19374603730547488,0.693228579233876,0.6932272934938358,0.4772618488038473,0.13940957013286742,1.1149463190697389e-05,0.9803723493587,0.13940957013048033
838,0.8869343112170787,0.4606243022281106,0.024683826562349503,0.02373791248161,0.6384446805944485,0.7066920192778213,0.008372099581670489,0.0332067422572483,0.7066920192745093
839,0.019023159531495932,0.13949939922178803,0.700063906362712,0.7000632571606512,0.4878184014591788,0.09955391248330984,5.589954489792942e-06,0.990039411835182,0.09955391248497483
840,0.9990134167655828,0.03523075578692993,0.01970802961255183,0.018508931298955037,0.6968694550647236,0.7068482910292333,0.011368388115416359,0.02453052630287246,0.7068482910073525
841,0.0,0.9997972279959336,0.018268130082635507,0.016967557375802075,0.021999987920417255,0.7068869702452154,0.01312915893459927,0.02119546568696381,0.7068869702558668
842,0.8963582629086724,0.44209835575587175,0.023840241807774807,0.02285937934086711,0.6448345344433479,0.7067209815911134,0.031854377752788064,0.008729660433574553,0.7067209815942863
843,0.5712841158769494,0.5541973717948995,0.42809390797740876,0.42805997712283833,0.351071187079796,0.5628055889705421,0.000291959546896811,0.6053921479680737,0.5628055889574541
844,0.2500333549027774,0.967894906573495,0.01882282133410305,0.017563389825569507,0.18645065272188388,0.7068724173242776,0.012326485825738786,0.022601526769852175,0.7068724173151655
845,0.6526411693180878,0.7559883011991604,0.0359647900859549,0.03532317136377149,0.47679384141532044,0.7062077624351344,0.050104223451494394,0.005546111560714076,0.7062077624291838
846,0.0,0.12047354553553985,0.7019640496157941,0.7019635762373226,0.49625798217000533,0.0851281700815762,0.9927267445276639,4.050120606515544e-06,0.08512817008288799
847,0.0833585354178312,0.10557637254680745,0.7006803172992032,0.7006797250402148,0.46642916008365803,0.09511838904109333,5.072855852915555e-06,0.9909111888091736,0.095118389039004
848,0.00967638668526179,0.003443473355953235,0.7070694855774696,0.7070694821567259,0.49634776829839383,0.007262574193735958,2.9354137405832384e-08,0.9999472536249938,0.007262574193487837
849,0.9599748926160505,0.27291483815165263,0.04478487741296401,0.04427201620159252,0.6973075494616858,0.7057033028595803,0.0628193104565442,0.0044080491390867515,0.7057033028614932
850,0.9521737659920667,0.24286279502459476,0.13120034613829215,0.1310314898126174,0.6282002147878744,0.6948443055186277,0.1854202674130337,0.0014514068350434692,0.6948443055383051
851,0.06267902224160864,0.0007886120609528296,0.7057162667970075,0.7057161391380709,0.5240813398315569,0.04432426952667233,1.101727866506534e-06,0.9980334254225339,0.044324269526678714
852,0.35925963963529883,0.285830774212847,0.6281890423331703,0.6281813487636659,0.6186209024005637,0.3246280334140992,0.888388020803649,6.583752793817499e-05,0.32462803341623925
853,0.26932233902577507,0.9620097732040874,0.03200342387387446,0.031280262496640114,0.20472584106034963,0.7063983741668783,0.006278062930230315,0.044308688621461784,0.7063983741578725
854,0.01667242800739047,0.010669332738907508,0.7069682501534108,0.7069682374465412,0.5063075115585353,0.013996508792426709,0.9998040785490093,1.0808267184052384e-07,0.013996508792504784
855,0.020596786369319102,0.03190561415436669,0.7065967273916939,0.7065966805866214,0.5076345637168079,0.02685326631246781,0.9992786419095133,4.0341461471580477e-07,0.026853266312729544
856,0.003814695361707713,0.007795521873632999,0.7070801515359119,0.7070801490934135,0.498534048054893,0.0061368583976828305,0.9999623382598027,2.1009611061407254e-08,0.006136858397560974
857,0.5517461848996636,0.8329961187266485,0.029490606095848127,0.028703968142190943,0.37775455483186426,0.7065077445944518,0.04058042927760629,0.006844150396768192,0.7065077446093961
858,0.3424874765531125,0.919364863560154,0.1369575288158522,0.1367962969524617,0.2068552384837725,0.693732444267573,0.19356826073185462,0.0013856393815963066,0.6937324442544754
859,0.022718840039372436,0.013123016081345543,0.7068633787080628,0.7068633563834098,0.5086042957272023,0.018552078640505842,1.905516590577504e-07,0.9996557611278803,0.018552078641552085
860,0.0043100811602115015,0.08009271156082641,0.7048286585134543,0.70482844926503,0.4995041134921818,0.05671604378335052,1.8078423442010631e-06,0.9967781000563538,0.05671604378249965
861,0.027714943185737095,0.012498639156010839,0.7067799191853382,0.7067798892016003,0.5105310159236017,0.021498070338253187,2.5521420896191013e-07,0.9995377261231289,0.021498070338342487
862,0.9744390556926933,0.21613612712306277,0.04358546852050583,0.04305820516458575,0.7070593671454491,0.7057783993222391,0.004547169352026316,0.06109848892592645,0.705778399323749
863,0.5341933932596883,0.17786387576516766,0.5843870278125094,0.5843745904982108,0.6931776504383995,0.39811941657215155,0.8264392590344419,0.0001068741922066201,0.3981194165734156
864,0.800103922282565,0.28533632949377163,0.37312865016746005,0.3730843109047263,0.741384170919759,0.6006592658814606,0.0003783736882829433,0.5276521102510606,0.6006592658834693
865,0.9075052611337667,0.3955016144924672,0.10014392762740804,0.09991930598112246,0.6061691701758074,0.6999954735845869,0.0019302956768105775,0.14145298832825273,0.6999954735658686
866,0.12849436074765003,0.9865342461179721,0.07171046480708626,0.07139330802068194,0.1262691779939092,0.703477293457633,0.10115324627904786,0.0027232260638110455,0.7034772934477139
867,0.004874787742938838,0.0020413493470073604,0.7070969065901187,0.7070969056843555,0.501845589308969,0.0037370216947496693,0.9999860345713363,7.762700100330978e-09,0.0037370216947351736
868,0.02100256391102102,0.030511267283551517,0.7066215457351636,0.7066215012208995,0.5077713451944292,0.026192032330045384,3.8331474457268e-07,0.9993137419672977,0.0261920323302935
869,0.0029279614920310637,0.017104281797208375,0.7070003127277357,0.7070003029621612,0.4988715025292215,0.012270481129569384,0.9998494239562762,8.329888166120454e-08,0.012270481129361323
870,0.002412519600640564,0.0011011275101432197,0.7071042948497852,0.7071042946217286,0.5009141285470338,0.0018751976555928568,0.99999648362757,1.9607949355270062e-09,0.0018751976556007448
871,0.07700757747248177,0.003645159749249947,0.7050024179022322,0.7050022245893003,0.47156841403673,0.05451354912294357,1.6536249757488055e-06,0.9970238442089145,0.054513549124600616
872,0.05422952401430133,0.07800529463537306,0.7039086398952161,0.703908345890962,0.47831847057810967,0.06717762747290393,0.9954769373158441,2.5200640587648298e-06,0.06717762747433698
873,0.007113223768968343,0.08594346954179313,0.7044726620795009,0.7044724200325724,0.5007139773814803,0.06097900374704658,2.093745490783059e-06,0.9962746218786989,0.06097900374793788
874,0.931809248467874,0.3615436631933801,0.02306000346784974,0.022044368885383282,0.6483842335215203,0.7067468719660605,0.030573548893405553,0.009109120020871232,0.7067468719468819
875,0.006705453852900237,0.03778060683490048,0.7065860634568844,0.7065860156869207,0.5021454562062164,0.027132428606806272,0.9992635601459935,4.1044097473457355e-07,0.027132428606434496
876,0.32209608354700997,0.9443762665913054,0.04718712468392823,0.04670085008980618,0.21064765481709427,0.7055467404459058,0.06625793198765967,0.004180978804754396,0.7055467404156225
877,0.02692481857391658,0.004070665264474869,0.706844579036349,0.7068445549878655,0.5102743020670005,0.019255079471853374,0.9996291731582391,2.0662687718199706e-07,0.019255079471826045
878,0.027556608985385,0.011879066568746589,0.7067883567128317,0.7067883275025549,0.4896307214819642,0.02121884682708052,0.9995496591358636,2.512398319029091e-07,0.021218846826512733
879,0.9887949017812908,0.1472759225114959,0.017892370340429765,0.016562244512993353,0.7083236776146941,0.7068965819477472,0.013912475218234743,0.020022185020853085,0.7068965819487862
880,0.4121046709520189,0.7604511024912176,0.35490714792797523,0.35485881312015527,0.2635258603626424,0.6116028691419962,0.000415692198128581,0.5018801531236432,0.6116028691543709
881,0.843661665725519,0.5348456303466576,0.03332343655965722,0.03262965001629236,0.6108393846323822,0.7063373324839913,0.04625139443816132,0.00599616517924982,0.706337332480077
882,0.008675209621233432,0.009365712037048212,0.7070491608256694,0.707049155541382,0.49668598663407443,0.009027065523661356,0.999918508767621,4.512424609278391e-08,0.009027065523456416
883,0.9436130050727113,0.3170383165742801,0.06755235770461256,0.06721518764337993,0.6946496996675556,0.7038887687418123,0.0028855337011126766,0.09525164658233709,0.7038887687395943
884,0.010983146243548306,0.004548914809900624,0.7070568167952935,0.7070568122123924,0.5041730788218881,0.008406013542529192,3.940018047923792e-08,0.9999293364396519,0.008406013542560967
885,0.5801434532031353,0.8125230271631803,0.04053153656355176,0.03996371577959871,0.4273972603560629,0.7059603728098376,0.05671000028262708,0.0048867067703636646,0.7059603728164012
886,0.032480753911778536,0.06118699894380147,0.705408169726937,0.705408013753791,0.4869178077664744,0.048983916821389535,1.3429398034876718e-06,0.9975976903460496,0.04898391682237621
887,0.3070195971460213,0.9442491434437567,0.08419539601464714,0.08392649977188568,0.25447613516718476,0.7020924005920022,0.0023076599806742975,0.11885788480129195,0.7020924005833801
888,0.002474900454535186,0.0019930831690584943,0.7071032113313698,0.7071032110039425,0.49905975858248486,0.0022469437886701257,2.808157314046456e-09,0.9999949512308661,0.002246943788615876
889,0.2992903602738822,0.9515039584605793,0.05055255124439885,0.050099269891515745,0.23349231593527456,0.7053135836881904,0.0038964843660579855,0.0710655661383597,0.7053135837228321
890,0.7121035393652208,0.7016683405790392,0.01754877559689708,0.016190414683792936,0.5125902869694497,0.7069051955318305,0.014955420797209289,0.018612480795472387,0.7069051955372246
891,0.8387050736122044,0.06785257630777733,0.3821009656761582,0.3820584765507429,0.7723575319015428,0.5949916690701101,0.5403422013732225,0.0003645408991040247,0.5949916690696205
892,0.008831726712783027,0.17584478158113662,0.6960610732358018,0.6960600521384513,0.48905895411658096,0.1244977633199328,0.9843782879464944,8.757216233274997e-06,0.12449776331795874
893,0.01798231967522211,0.004407494340704372,0.7069855818511829,0.7069855707348475,0.5068478397384142,0.013091788022764684,9.526389407857215e-08,0.9998285903957363,0.013091788022734578
894,0.008345556020514611,0.00047054439613595015,0.7070820792124731,0.7070820769466918,0.5031649999099638,0.005910571770998955,0.9999650645310972,1.9627756495625256e-08,0.005910571771000918
895,0.8260359341246002,0.5629031480889695,0.020621546540179902,0.019479045785778033,0.5941027683462456,0.7068222260934578,0.010535217109514326,0.026338006889068875,0.7068222260893205
896,0.0088539276516363,0.007956966035243297,0.7070566813046645,0.7070566767092146,0.5033585261930585,0.008417402905451739,0.9999291448180934,3.9862554172193005e-08,0.00841740290551177
897,0.09403217980348713,0.16723208824990599,0.6939715648821669,0.6939703487584922,0.52946420593164,0.1356624896178701,1.0463528001467961e-05,0.9814231389729416,0.13566248961927896
898,0.7527506320341245,0.6578788311364674,0.017432155528606972,0.016063918213438142,0.523377683359285,0.7069080811751743,0.01785984477314589,0.015587028562901457,0.7069080811919553
899,0.05840554289871444,0.07811039795500366,0.7037357439022558,0.7037354339837646,0.4767335950038381,0.06896535981994513,0.9952324142042112,2.690092645997975e-06,0.06896535981844883
900,0.026361784140990385,0.01076879299319123,0.7068200360135167,0.7068200097084245,0.5100298236526332,0.02013592021268553,2.2483451901472796e-07,0.9995944624868208,0.020135920212762552
901,0.6963922431071266,0.707915182368818,0.08348400349958258,0.0832127362345143,0.5269686420885524,0.7021773499963124,0.0023337455926459388,0.11784944608890607,0.7021773499908757
902,0.9960366256906431,0.06659959018337494,0.041959700710378856,0.04141157309850758,0.7217286130210764,0.7058769245163284,0.0047225930423259125,0.058764206666594085,0.7058769245167076
903,0.10066701993448131,0.987842767408581,0.08389888467741762,0.08362900234642445,0.11448119768612401,0.7021278968614668,0.002317472894832647,0.1184375877960819,0.7021278968715855
904,0.041215371812752255,0.994003496585366,0.07177653514028987,0.07145967896277024,0.06911257497734588,0.7034705549277376,0.10124700537877591,0.0027204073293493176,0.7034705549171566
905,0.04524031178268312,0.0027586280900105996,0.7063801378771642,0.7063800711893731,0.5173406769713432,0.03204914849986128,0.9989723240213101,5.729698547057866e-07,0.0320491484998777
906,0.07516090612518238,0.014230541206106263,0.7050349630315903,0.7050347727527098,0.47215526110212475,0.054090988678373274,1.611400546170383e-06,0.9970698721177091,0.05409098867993875
907,0.025554723110046026,0.026751881489640354,0.706622726685764,0.7066226822757703,0.5095889035508249,0.026160151228326687,3.783387545542121e-07,0.9993154121573855,0.02616015122812014
908,0.6548100378493124,0.755344899672487,0.019022642875823042,0.017777399375324195,0.47254587877863163,0.7068670678203313,0.023069173011863224,0.012071044987058905,0.7068670678144123
909,0.10524222415968112,0.07124466164814135,0.7013733004630623,0.7013727723815043,0.46039636809575635,0.0898658098495693,4.580547388800616e-06,0.9918912603806859,0.0898658098473261
910,0.8240434891132566,0.5658973920848663,0.01947169121143305,0.01825713348165144,0.5732343861612859,0.7068548402406422,0.024046300168255975,0.011586420060500573,0.7068548402230684
911,0.9799273308312166,0.1950980757593485,0.02936801931411268,0.028577983984629685,0.7057620316639543,0.706512851359061,0.006882953159733745,0.04039562702645867,0.706512851360418
912,0.958560849703342,0.26892468016121285,0.06665607154994653,0.06631426650203517,0.6530262836650396,0.7039742133615436,0.0029432028887771723,0.09397846228221673,0.7039742133812855
913,0.0013390397645083086,0.00340676179007285,0.7071020441071921,0.7071020436726715,0.4994893210266227,0.0025883443895600125,3.785364070414485e-09,0.9999933004508773,0.00258834438951065
914,0.3038815526694352,0.9516834916782522,0.031625271543696154,0.030893203059733608,0.22922877171127307,0.7064154061854133,0.006354965840981464,0.04375113946701745,0.7064154061941214
915,0.008634712347208109,0.0017303971857603108,0.7070793629521395,0.7070793604376234,0.5032793310479755,0.0062270591099561675,2.1395551040930205e-08,0.9999612229830125,0.006227059109968502
916,0.03288711177575894,0.019566282563109785,0.706588871130658,0.7065888236166843,0.4875692502371471,0.027059208545828797,0.9992675309773376,4.0470498149705067e-07,0.027059208546520032
917,0.23996533862107822,0.842856898856541,0.3406200971493903,0.34056839801770966,0.3611735753953998,0.619673751130322,0.48167280165549503,0.00044323329689592204,0.6196737511381858
918,0.1146928115525953,0.04364580852547367,0.7017625286388051,0.7017620365825008,0.4580466868200756,0.08677383652509302,0.9924417376208459,4.2503743568584185e-06,0.08677383652211006
919,0.3752112832969444,0.9262538049870078,0.025653264158894143,0.024744528116930488,0.27721876981669985,0.7066574907187407,0.008011688152176524,0.03473031077730001,0.7066574907105585
920,0.1732860280254017,0.6703483806094999,0.510209263615848,0.5101877188113986,0.31217913030355676,0.48958911287221923,0.00018497148128175019,0.7215296022277643,0.489589112880988
921,0.016264023368532346,0.029798081100715034,0.7066992319078297,0.7066991945145151,0.4936691047239022,0.024004625527110256,0.9994236118415842,3.22189675553769e-07,0.024004625527597048
922,0.0036762132323926388,0.0011012461350389002,0.7071015745239714,0.7071015740464304,0.5013943979047022,0.002713603395847906,0.9999926363294979,4.116633761732603e-09,0.0027136033958556965
923,0.0010891984940240333,0.0007190064271084045,0.7071061789980726,0.7071061789428409,0.5004118309765158,0.0009228552436860453,0.9999991483378372,4.741748360681736e-10,0.0009228552436913312
924,0.5511536717892918,0.8282992377406422,0.07139819627753795,0.07107962255374925,0.4196707887410612,0.7035090563864305,0.002744016275931438,0.10070990789761809,0.7035090563796613
925,0.3016662476688223,0.943803252053009,0.09559793663741263,0.09536217806872083,0.18546460415277052,0.7006308191632467,0.13501418565977136,0.002019942070946105,0.7006308191503546
926,0.013064147134369524,0.006004954221592006,0.7070336901689281,0.7070336834646542,0.5049585469593209,0.010166892655175747,0.999896628950956,5.6892640194847584e-08,0.010166892654507122
927,0.8801125027533864,0.4008062063702495,0.17999896384551362,0.17987979443731314,0.5641799744854694,0.6838287916549679,0.25447065583157125,0.0010260374840136992,0.6838287916368011
928,0.8551792724147231,0.5177668126396959,0.01777314344439124,0.01643335429087933,0.5957125280679864,0.7068995898296966,0.014226411726792407,0.01958440631023195,0.7068995898552017
929,0.825494369763474,0.5633550022669012,0.024859493651423033,0.023920545249861022,0.5950864721689741,0.7066858612865045,0.033484706098433965,0.008304298113464526,0.7066858612906354
930,0.18051115800227346,0.9832319520167792,0.018927368438965253,0.01767539943578906,0.11875292525476386,0.7068696255307184,0.012178282127021671,0.022855075271669856,0.7068696255186047
931,0.3382562802536606,0.9392521477489859,0.04143545664805752,0.04088027069727508,0.2569552765443653,0.7059078928543284,0.05801106429216455,0.0047759836270546835,0.7059078928628251
932,0.17453448060910348,0.007254394791684488,0.6962350494500092,0.69623404452243,0.5680377030744189,0.12352107343542926,0.9846243389025207,8.688640543622638e-06,0.12352107343543627
933,0.04412482714936644,0.10107907893267186,0.7027932047359671,0.7027928078801905,0.48098133050741765,0.0779871161445112,0.9938994010562338,3.351634067931973e-06,0.07798711614299697
934,0.02918810699155359,0.12763156811607285,0.7010203361126865,0.7010197754703646,0.506980353053217,0.0925790547470112,4.781092434545214e-06,0.9913920703844701,0.09257905474823266
935,0.11955885138887429,0.9919705493496224,0.029545633831909654,0.028760490243438512,0.09850598098380639,0.7065054457456763,0.0068423634579604636,0.04066069772988868,0.7065054457356448
936,0.0076157934208241265,0.0096535423584197,0.7070533274602214,0.7070533225569483,0.5028693305481478,0.008694572692390845,4.207084167478473e-08,0.9999244015481319,0.008694572692467862
937,0.008349971962804277,0.004550379588111912,0.7070748108087598,0.7070748078764933,0.5031710500139526,0.006724135118180116,2.515747336847524e-08,0.9999547849847128,0.0067241351182126
938,0.002324335383365847,0.0013160768453416851,0.7071042588381198,0.7071042586067365,0.4991193989780052,0.001888728833145493,2.009571523253467e-09,0.999996432697032,0.0018887288330969125
939,0.014702442887906675,0.07477981480065224,0.7050503825331996,0.7050501936467346,0.49294225569035055,0.05388962111757426,1.6187605757333868e-06,0.9970916795705845,0.053889621118507605
940,0.959099027122125,0.27834396466964445,0.03673846745419163,0.03611066298076713,0.6633488761354545,0.7061679350532551,0.051227947483005645,0.005421472906107701,0.7061679350769403
941,0.951021764258587,0.3072836623992857,0.02429169929513187,0.023329857386011156,0.6615878168360076,0.7067056074234092,0.008526790154153436,0.032583166665684324,0.7067056074038296
942,0.8900045908068422,0.09234731443750216,0.31575347634998724,0.3156953341939189,0.5434825242312015,0.632706961461955,0.0005029020454637924,0.44650145458715457,0.6327069614431741
943,0.9954526844075458,0.0922844957527704,0.01736908822918184,0.015995454259168405,0.712882110620719,0.7069096336223787,0.01728909947952522,0.0160818786855682,0.7069096336230012
944,0.5472504044411067,0.8364596012566787,0.021191356891866246,0.02008125239238685,0.3971909911819258,0.7068053726754431,0.027369027705565985,0.010162018845542046,0.7068053726823003
945,0.0007236226999486988,0.0011279565754778714,0.7071061462632442,0.7071061462050112,0.49972567136598806,0.0009476064183199817,4.981918546629109e-10,0.9999991020416766,0.0009476064183001234
946,0.1175064530424533,0.05317657312686674,0.7012008444326563,0.7012003004354721,0.5448952137702258,0.09120173911737288,4.671757609125234e-06,0.9916473594691017,0.09120173911774902
947,0.6589808724982108,0.7405527025254411,0.09319593775891001,0.09295386839182654,0.43375422747335945,0.700954383522326,0.0020802481563124103,0.13161146238597837,0.7009543835065689
948,0.856358994820888,0.5020881890880267,0.08544562718840633,0.08518079103904184,0.6404686157127127,0.7019413357351207,0.12062976257963855,0.002276564876536055,0.7019413357387714
949,0.13817319289518243,0.17779613900933552,0.6889481209717423,0.6889464335693847,0.5457243490024055,0.15922201211048895,0.9743185831676426,1.4583106252335376e-05,0.15922201211190493
950,0.8635311803405271,0.5029157496781147,0.026790311523631465,0.025921583938218976,0.5989683421610991,0.7066152951642686,0.007634449169976668,0.036487867727100685,0.7066152951461765
951,0.8273298267510141,0.4351567916653719,0.2512011107210965,0.251121338018348,0.6966924169941869,0.6609977592852372,0.0006855176987202717,0.3551949528091901,0.6609977592883799
952,0.00631281691616256,0.01905101956658759,0.7069643645430084,0.7069643514791636,0.5022357799164596,0.014191423535687335,0.9997985832136601,1.1177398619976597e-07,0.014191423535862469
953,0.3827570159691296,0.9213443593827825,0.04830777911215777,0.047833007820734776,0.29134777800952744,0.7054708930393646,0.004085956654975842,0.06785973119708891,0.7054708930312462
954,0.9514075798914851,0.30676040032340385,0.019589677822222616,0.018382938240519373,0.6823891748879644,0.7068515799329869,0.024304152531086587,0.011445351251879858,0.7068515799308301
955,0.0068812066377263404,0.035545436016236255,0.706643202438131,0.7066431599087449,0.4972496208628046,0.025601064451929535,0.9993443705738798,3.6035947767892156e-07,0.025601064452367116
956,0.11418340977666384,0.17118791204168077,0.6919749957806304,0.6919735926442476,0.5371665601621108,0.1455045571399907,0.9785994316158214,1.199092395245756e-05,0.14550455714138635
957,0.0032232977731851955,0.007360734077298598,0.7070839529031692,0.7070839508093331,0.4987620729604197,0.0056819914946289055,1.7977714640524858e-08,0.999967714451475,0.0056819914947393475
958,0.6312991890723127,0.6656437265087684,0.28144125228528155,0.28137267946310196,0.5779568690769611,0.6486987886417461,0.000589420110076077,0.39796911415345654,0.6486987886365838
959,0.7185221495236583,0.6944023718521097,0.028080730169245262,0.027253242068102448,0.5205657476329936,0.7065651892721779,0.03844885114886531,0.0072768437796169195,0.7065651892774691
960,0.6155916270102231,0.7851858403415185,0.04783196102725143,0.047352385223740696,0.45517499364014213,0.7055033150556644,0.06717967940347845,0.00412741533358225,0.7055033150619341
961,0.35160080427679197,0.0473284787490907,0.6611137050435533,0.6611093393189903,0.3946415568019227,0.25086162567521725,3.716682289953236e-05,0.9349528801762332,0.25086162566717396
962,0.5365298975211342,0.8391065404408327,0.06356643453162432,0.0632076242234085,0.40591545994693756,0.7042599323514133,0.08958999538138566,0.0030867598860610857,0.7042599323583182
963,0.7989653676256833,0.6009135647206848,0.01736464104103615,0.015990569437831937,0.5739600968764235,0.70690974350489,0.01724666444425086,0.016117742862372983,0.7069097435093217
964,0.0008987779982170635,0.00022896418079667048,0.7071064770644384,0.7071064770365435,0.49965940848944185,0.0006558301937767194,2.379880638204998e-10,0.9999995698866642,0.0006558301937984811
965,0.8880080737059416,0.45569216668154255,0.0437721715593056,0.04324720207693856,0.6460307584656007,0.7057668441185747,0.0613666282611777,0.004523320279979023,0.7057668441152591
966,0.0005210196838511832,0.0022883071059197346,0.7071048339679339,0.7071048337893469,0.5001944170522953,0.0016594895182006739,1.5391500186914502e-09,0.9999972460907479,0.0016594895181787789
967,0.9188110210215614,0.3892037038030012,0.046650005465693874,0.046158038142800804,0.6689082313846609,0.7055824588596903,0.06548893405503088,0.00424110969881005,0.7055824588624484
968,0.06397330009260431,0.0020212069154501044,0.7056569702948926,0.7056568371893568,0.5246229006361629,0.04525852628033154,0.9979495636536846,1.1288301260201875e-06,0.04525852628031553
969,0.0941869316867544,0.034140322032729854,0.7035494725022923,0.7035491454423642,0.5361241420550054,0.07084045344680708,2.816370545076663e-06,0.9949689745429268,0.07084045344656262
970,0.01771731651583265,0.3829770996513372,0.6530778584457456,0.6530726978262439,0.4542542111166557,0.27109533578079714,0.9235879145349608,4.430679590768569e-05,0.2710953357764928
971,0.5530904370511158,0.8305709030626837,0.04630661511369254,0.04581092473361046,0.4104429914882866,0.7056050795527846,0.06499820954992448,0.004263353555628288,0.7056050795459633
972,0.8815891589047452,0.4706026309453636,0.026263258835072863,0.025376433763125438,0.6351817285781829,0.7066350818667358,0.007798113311985815,0.03567788648372765,0.7066350818633358
973,0.006576642536899116,0.062335334493995864,0.7057163856689485,0.705716258027844,0.49683185317125844,0.04432237670522857,0.9980335935454576,1.0987269198415506e-06,0.044322376704508025
974,0.0075070687283473716,0.0028127433401267344,0.7070840598335396,0.7070840577493815,0.4971650622505241,0.005668668538017135,0.9999678656806985,1.7895926615355387e-08,0.00566866853817129
975,0.993876562946882,0.09768757802401652,0.03682559238796764,0.0361993158770576,0.6878982823665588,0.7061633965469911,0.005412805560571007,0.05135383394309706,0.7061633965680486
976,0.5941794089878097,0.8038864642219465,0.019534657006275533,0.018324294018840417,0.41071937245575096,0.7068531026479128,0.02417143320391633,0.01153795443353595,0.7068531026326371
977,0.909960423779826,0.41316605600994516,0.02560893894519532,0.02469857408291977,0.6550336051482423,0.706659098391942,0.034661832083067314,0.008024631597367174,0.7066590983948781
978,0.8461050784442894,0.5210571430627239,0.07953278750969138,0.07924762207803189,0.5695432203229853,0.7026358765679634,0.11224839181520156,0.0024389401356506297,0.7026358765857853
979,0.8894494571322451,0.4562857901482464,0.019088813493639334,0.01784819641752326,0.6384484055805871,0.7068652838693604,0.02321748944990502,0.011995378259854354,0.7068652838726373
980,0.7952329246832234,0.6056241621555308,0.02085410859444748,0.019725006157324653,0.5524738113557829,0.7068154038536947,0.01041954910370329,0.02674701309774645,0.7068154038799387
981,0.13458503015582723,0.0582655065640555,0.699461573857352,0.6994608688838745,0.4509199297284714,0.10370149371305112,6.0861958099987135e-06,0.9891875455977734,0.10370149371582335
982,0.33293380272091294,0.7305633071632494,0.421581483745195,0.42154642661951447,0.2636826318706916,0.5677004768273952,0.0003020367364444323,0.5961813868331447,0.5677004768163053
983,0.28747613666783256,0.787776594331615,0.38522574928317554,0.38518389161417355,0.41764149394975403,0.5929732252478773,0.00035957340294716654,0.5447617635047374,0.5929732252549946
984,0.42221323097279245,0.898360434869703,0.08581871277726874,0.08555506025493698,0.2701665607419321,0.7018958185590845,0.12115863594272108,0.0022593659447791544,0.7018958185452495
985,0.0252435840201548,0.005055185323679841,0.7068724202294574,0.7068723987298619,0.49051751343858224,0.0182043048867246,1.8655159985896528e-07,0.9996685483534655,0.018204304887320964
986,0.0021835957773419846,0.0009838971644142768,0.7071047532434325,0.7071047530574193,0.5008272149470919,0.0016935383297982903,1.5927476665234495e-09,0.999997131923812,0.0016935383297912747
987,0.9943156565889435,0.01286326481627145,0.07488743338340645,0.07458407203687799,0.7334540985366871,0.7031461755992248,0.1056603117820601,0.002609596611393738,0.7031461755992277
988,0.0019263668771955609,0.22853599038407216,0.6883930510973587,0.6883913112545523,0.4896031350453493,0.1616050893216724,1.5062001215709949e-05,0.973533558734895,0.16160508932410675
989,0.1264585050398319,0.16607788920618072,0.6915303244756212,0.691528879766095,0.5421859033449139,0.14760355480085388,0.9779705420241055,1.2368748602488137e-05,0.14760355480218276
990,0.2984389224220606,0.9527756562923834,0.03999043537499696,0.039414761685154266,0.22852729976003378,0.705991232816475,0.05592876200903091,0.004973121787820574,0.7059912328252361
991,0.5396010992710282,0.27863578283028917,0.5617871776327085,0.5617721257231647,0.6825568008956715,0.42942242943846654,0.7944763920876109,0.00012887009183481433,0.42942242943646464
992,0.8264225059392979,0.3239723220996629,0.3256561899056203,0.32560070971438776,0.7341936961824529,0.6276671983673008,0.4605079240930898,0.00047753306856003486,0.6276671983650097
993,0.9695166421148658,0.0663233897535604,0.1668562154560795,0.1667263986223669,0.7556360112088255,0.6871540261712475,0.23587591633495011,0.0011138792832491094,0.687154026170794
994,0.3706576847131086,0.9093811528941391,0.1335721243904624,0.133406473268075,0.32327893910227656,0.6943922524362929,0.0014300250258121189,0.18877699688371022,0.6943922524282713
995,0.08080498699323772,0.11452117184550535,0.7001272584540571,0.7001266151531177,0.4670041700759487,0.09910737793783285,0.990129009394968,5.5403718050640954e-06,0.09910737793995286
996,0.34812382627615723,0.39853863402941897,0.5999956665408647,0.5999849655591301,0.35925917058096424,0.3741812670628067,0.8485144372729482,9.221810730538671e-05,0.37418126705443167
997,0.015285844288648053,0.03975959099850534,0.7064650030703973,0.7064649441769609,0.5054154880873007,0.030120442276161046,5.139265404434366e-07,0.9990923470400268,0.030120442275806847
998,0.7288230063921757,0.6817807631466491,0.044931561967144776,0.04442039054111453,0.49797542720792914,0.7056939788893349,0.06302862171224753,0.004405587552972841,0.7056939788624358
999,0.034275738244382424,0.021951618990564907,0.7065208334394061,0.706520779676585,0.5129412082590232,0.028781068441647056,0.9991713067329877,4.656767347731569e-07,0.028781068441486316
1000,0.7384775203886876,0.5108574252816845,0.31121746209576995,0.311158053409854,0.4448512168518808,0.634950532346917,0.000509470987523665,0.44008565456562493,0.6349505323702184
