traj,F_phi_plus,F_phi_minus,F_psi_plus,F_psi_minus,F_plusplus,F_ee,F_eg,F_ge,F_gg
1,0.9863137501164025,0.0,0.11714117478397112,0.1169506523094907,0.7281141094037555,0.6973523105628612,0.16430914551821194,0.020050301854568766,0.6973523105627847
2,0.9393809017379663,0.3287411134558161,0.06905875255103781,0.06872910933425909,0.647574821248586,0.7037425659260798,0.09001830251773942,0.037276091340305045,0.7037425659500653
3,0.7961711292609204,0.5928440525271655,0.08571069924316273,0.08544669888178387,0.5867146483482177,0.701909017498566,0.11764740298833408,0.028399839517973802,0.7019090174941762
4,0.724279887373825,0.4684359692820189,0.35778520588977103,0.3577375257994239,0.6335263404946785,0.609923605478463,0.505926495310573,0.004977174041589554,0.6099236055125737
5,0.9682336059012085,0.23430101912629514,0.06193635168779674,0.061567890815978056,0.6686766807543488,0.7044051686093932,0.04485458276622239,0.07493185734245979,0.7044051686326912
6,0.37750421438655196,0.8419937089672193,0.2725584521888031,0.2724868159510818,0.27971843046083317,0.6524809672664516,0.3853330045677148,0.007459914043228468,0.6524809672537079
7,0.025245366460493194,0.002762267686174788,0.7068787275534658,0.7068787066347766,0.49500916131067096,0.01795770919073482,0.9996774686650517,2.1671123404246336e-06,0.01795770919020265
8,0.01633580613610384,0.004668730497972197,0.7070047233334469,0.7070047139715582,0.5033629624864329,0.012013650698142433,0.9998556617796601,9.83283867828719e-07,0.01201365069817517
9,0.008150158718421905,0.037475167429110515,0.706586602687327,0.7065865549540309,0.5012817022741628,0.027118381782900186,4.98800750221374e-06,0.9992643227465615,0.027118381781592395
10,0.00945139639410094,0.002791967929119001,0.707072443415496,0.7070724402660049,0.5019344372331757,0.00696864329390518,3.2804374764983373e-07,0.9999514368313972,0.0069686432939248455
11,0.9755744309303702,0.20370823854859385,0.05832257231391937,0.05793078074909033,0.6742364906001441,0.7047135950969894,0.05613246652952581,0.06005534115150123,0.7047135950767316
12,0.08094399601210074,0.21450224964284023,0.6882729345284687,0.6882711834759014,0.5059784443827932,0.16211592394275187,0.9733636631603395,0.00018343073186586177,0.16211592394467064
13,0.7884017098628224,0.38022960464754274,0.34196734117377875,0.34191596804695645,0.5395818807422136,0.6189312596503969,0.0053680392816428685,0.48354873155579864,0.6189312596667114
14,0.2954202746653781,0.14216190102456291,0.6680276136767109,0.6680239248226729,0.5686066520565758,0.23182228454444875,0.00038589461750590856,0.9447310240779826,0.23182228455974324
15,0.12743383770158315,0.9634694757771959,0.1666290766354574,0.1664990602792628,0.16826250252392955,0.6872091434681346,0.2351635310647867,0.013612491006566198,0.687209143477829
16,0.011770148738156523,0.00268335228924758,0.7070552559391605,0.7070552512130712,0.502416904161558,0.008536298402300033,0.9999271289543705,4.910849013499176e-07,0.008536298402318643
17,0.01850196548362757,0.09186284289089792,0.7039954893546333,0.7039952033484148,0.501661552179271,0.06626124293609993,2.984442724450232e-05,0.9955997662105772,0.06626124293520529
18,0.006546848842008112,0.12273165507330766,0.7017459555578557,0.7017454620246286,0.49715940915953305,0.0869077683102299,5.1343578386768255e-05,0.9924182973816055,0.08690776831426937
19,0.06593267650602146,0.0843368095565838,0.7030436367462307,0.7030432630103789,0.4857902103345339,0.07569615302841526,0.9942535809862028,3.9112141848636835e-05,0.075696153026761
20,0.20218514824026848,0.2529389418708292,0.6690096658124617,0.6690060721442126,0.453405258590244,0.2289726429942292,0.0003759904726332404,0.9461199269371161,0.22897264300328846
21,0.014233255792539708,0.04114062749411464,0.7064364621598642,0.7064364006479228,0.496743028731275,0.03078259874201019,0.9990519822251946,6.422421463326227e-06,0.030782598742583243
22,0.31669444869153285,0.3201021817417879,0.6313669762718712,0.6313596128082838,0.4381336091304894,0.3184028741960109,0.8928822002936259,0.0007718878968866719,0.31840287418866986
23,0.005326238713941415,0.08757726366421355,0.7043799425906576,0.7043796920313882,0.49683899858652397,0.06204089751878409,2.6152812660105425e-05,0.9961434903598388,0.062040897517789025
24,0.7352188680735365,0.6577737729685643,0.11582639529307523,0.11563358412148353,0.5515879126340333,0.6975719032413713,0.16240388819875148,0.02029425340571498,0.6975719032363932
25,0.7703429855775051,0.6196503711621243,0.10641879952348922,0.10620800910547677,0.5737247641001617,0.699068987266734,0.022250597266189054,0.14869436106143197,0.69906898726212
26,0.7202185987640948,0.6536501347006098,0.16442331060044382,0.1642913458808813,0.48677697770983597,0.6877402593144872,0.23202636486055433,0.013799906150345107,0.6877402593406059
27,0.9927502199507569,0.03662237408143742,0.08108963546343279,0.08081010781316969,0.7241421270284992,0.702457898202925,0.11042610117494872,0.03019732908170059,0.7024578982031351
28,0.014588185452514207,0.0133702969079308,0.7069683295453975,0.7069683168470708,0.5029547571627915,0.013992497886475047,1.3326158199480036e-06,0.9998041908313922,0.013992497886373348
29,0.30394389184346776,0.89476452241476,0.231360658910389,0.23127214606926416,0.22831239737404607,0.6682011074311588,0.009232234383101352,0.32700049829813405,0.6682011074435903
30,0.17426676289223839,2.9103830456733704e-11,0.6962899456893087,0.6962889459052104,0.47202070564627124,0.12321123191748011,0.00010442689720879412,0.9847019720467878,0.12321123192130284
31,0.00694329290917928,0.011265652800607881,0.7070448655428758,0.7070448598639333,0.498571005648605,0.009357463583668579,5.912403786449191e-07,0.9999124340412031,0.009357463584049899
32,0.05824756528120273,0.05487570207047821,0.7048390497773055,0.7048388414555158,0.48823515608633405,0.05658675412373137,0.9967927959390076,2.189577864207116e-05,0.05658675412505088
33,0.12995579629987972,0.9843317832889505,0.08440271590142386,0.08413449330516085,0.12588020799690225,0.7020675069289499,0.11562519457511206,0.028865997206403725,0.7020675069388347
34,0.9705080615997983,0.0,0.17102059949366666,0.17089432167579857,0.7319108851203904,0.6861293920857706,0.2414081573657918,0.013229368445151815,0.6861293920856416
35,0.18344083008188258,0.1156192270641688,0.6902839316597748,0.6902823698311005,0.4677233522351136,0.1533270093484895,0.976207779990323,0.00016338201339092596,0.15332700935235313
36,0.6487784552331883,0.5708555182105655,0.35584037011950576,0.35579224885739213,0.5836955730791795,0.6110603516187907,0.5031752455318971,0.005016536424914578,0.6110603516230909
37,0.31274712103961066,0.47518444627174516,0.5815512959206928,0.581538537429646,0.519886118883057,0.40225055605945653,0.0013312443599486428,0.822427630914297,0.4022505560555611
38,0.6325804139668045,0.4173149294281154,0.4613656930445537,0.46133715092490607,0.4715497513814869,0.5358683282503314,0.002972473626056294,0.6524426671689502,0.5358683282637647
39,0.8904010189971112,0.439125546336297,0.08485274853128393,0.08458599760268828,0.6114032310556438,0.7020132549001463,0.028712582061373264,0.11632010812892243,0.7020132548753962
40,0.8188028290538835,0.5654622698427455,0.07021308528011053,0.06988899178760336,0.5992197594338472,0.7036283292607353,0.09214749624852389,0.03637564367496527,0.7036283292648896
41,0.9320599529809497,0.34523138560954925,0.07786153480367959,0.0775700704993881,0.680679893899179,0.7028230451415779,0.10521252095730955,0.03177829248201281,0.7028230451391441
42,0.25353579053966036,0.9619225365835669,0.07235335041668718,0.07203908114031247,0.20384690308599143,0.7034114597530127,0.0959437812880377,0.03492030011631694,0.7034114597872786
43,0.09272912281549094,0.04170143915180428,0.7034425256583281,0.7034421887049153,0.48269448952584576,0.07189471554232306,0.9948177212546075,3.5104409678912195e-05,0.07189471553981204
44,0.5514688222682461,0.0,0.5898950194134528,0.5898832003226041,0.48225921078112205,0.38991132072412127,0.8342282714717103,0.0012308651259130942,0.38991132071223833
45,0.12572372067567653,0.9519489296626108,0.19752096297895108,0.1974139066974353,0.1410489546438507,0.6789746750217256,0.011178838812867159,0.27903730026014767,0.6789746750103929
46,0.06145180176164535,0.9941222521015566,0.06320647259826412,0.06284557117013033,0.04737413236491094,0.7042923313476,0.04298973106191906,0.07808013202626456,0.7042923313589
47,0.7088822761895118,0.7005325043733711,0.05824807381029053,0.05785577514942224,0.4860885868851041,0.7047197567619009,0.05724762560506803,0.058845885016129376,0.7047197567889653
48,0.4384243061341064,0.7871943479641833,0.3067135608869424,0.3066528621945492,0.4269165758554436,0.637138451856213,0.4336693906341927,0.006328187025159713,0.637138451862856
49,0.9205178082444608,0.36980405156662444,0.0892666111195099,0.08901348374793458,0.6750377647347537,0.7014656341712677,0.12312219871130006,0.02707124552363207,0.7014656341738903
50,0.06125548000758614,0.08915597220443178,0.7029578633782275,0.7029574817185175,0.48643755914228837,0.07648863056176586,0.994132273500353,3.967798102466965e-05,0.0764886305633909
51,0.9715385267749624,0.22219983549500963,0.058248052669753865,0.05785575561777644,0.7046343709556225,0.7047197584516319,0.056092588891189815,0.05994785708769133,0.704719758450086
52,0.5900833745259655,0.08935011371166991,0.5673775203529338,0.5673631268296483,0.4887047663388293,0.422008194055958,0.001502969588137602,0.8023813989432811,0.4220081940695799
53,0.633596553448777,0.6270392069179523,0.3204790773669168,0.32042222366057277,0.4395089322355831,0.6303264073224693,0.0059301027917282485,0.453146857350259,0.630326407337034
54,0.569119302009688,0.7988669333817977,0.1377660352631164,0.13760582239513142,0.3834150976001786,0.693572331177577,0.0168264394758372,0.19398895268474617,0.6935723311924531
55,0.7612616090137804,0.6168681953827014,0.14141857678939956,0.14126283888406335,0.5770498610342828,0.6928367760457149,0.01630858912672605,0.1992195608654426,0.6928367760503616
56,0.16086883805116414,0.9776918223159635,0.09561625805253601,0.09538054906710595,0.15033812024892418,0.7006283187404386,0.13271905878682902,0.025011384988640483,0.700628318750128
57,0.5951621742495845,0.7553813457273711,0.19393738369864744,0.1938280167409577,0.4801190266946736,0.6800069819943934,0.011431898413826582,0.2739531357153361,0.6800069820003793
58,0.9237229354429211,0.16952660690419924,0.24293735177509065,0.24285409446981568,0.6246561326716661,0.6640795629807037,0.008710393496939785,0.3433959771653955,0.6640795629614691
59,0.14074657122676845,0.9195020206534701,0.25956320662202875,0.2594867597203452,0.23265634080422837,0.6577589084481755,0.36693669025852965,0.007993875417474022,0.6577589084573248
60,0.02400387548275617,0.01988737175889489,0.7067631678881491,0.7067631363639723,0.5048830820616789,0.022041932692728465,3.304116479463967e-06,0.9995140351167732,0.022041932692878394
61,0.7315609498973754,0.6745117186881434,0.07034885462888919,0.0700253996063059,0.5377299738688376,0.7036147674882729,0.09239543314987698,0.03627122648417103,0.7036147674934116
62,0.9892584816671216,0.11886405830916315,0.06035112444276941,0.059972776077426376,0.717532957873679,0.7045427623313312,0.04767092929430087,0.07047321897116333,0.704542762332139
63,0.04330133710383917,0.02879163602477088,0.7061501822993015,0.7061500945034391,0.49143613896748284,0.0367693083396064,9.142551143132497e-06,0.9986471027570084,0.03676930833826355
64,0.012220388087506414,0.00211239470384181,0.7070524050437609,0.7070524000563445,0.4975524118362233,0.00876926725528117,5.227028935923676e-07,0.9999230969946292,0.008769267255565948
65,0.02711285992131639,0.07083092745808645,0.7050702576045538,0.7050700705578031,0.5044718837835253,0.05362894481990373,1.9445453493411905e-05,0.9971197882786261,0.05362894482053459
66,0.6826288359147787,0.26106553130425963,0.4826422869548077,0.48261691183120786,0.6665026727214801,0.5167868706031638,0.0026506349316730874,0.6825361784381235,0.5167868706050207
67,0.019783766669350944,0.08616362695350793,0.7043382675957188,0.7043380131491189,0.49418663596522305,0.06251227092958783,2.6652547766509358e-05,0.9960845502547607,0.0625122709284858
68,0.4228662144303372,0.8950803724900994,0.10015049499054933,0.09992588837348673,0.2835099794233442,0.6999945339805386,0.02378396856287142,0.13946192187648543,0.6999945339667242
69,0.44036028963817053,0.8837233851250706,0.11216171683969937,0.11196225457441397,0.3451376555034825,0.6981705389142384,0.021013316656541343,0.15708035426782918,0.6981705389218239
70,0.9641336658873716,0.21951313637753173,0.10560565090309654,0.10539315976050925,0.6611351098438546,0.699192294129714,0.02242881261433677,0.14750328807074742,0.6991922941527887
71,0.9920754444248464,0.0949034368047691,0.05841744767070877,0.058026304892972155,0.685875332388484,0.7047057363814472,0.061637508905834706,0.054593660325859376,0.7047057363603592
72,0.4407432128798255,0.2090513513393256,0.6172737903723691,0.61726495163981,0.4577019953754035,0.3449326363239043,0.8729502276388267,0.0009235090088222898,0.3449326363147891
73,0.04696705722054147,0.6493836056678096,0.5367096360421827,0.5366915266755898,0.3912917846777089,0.4603829774113449,0.0018940640980339037,0.7590068779313534,0.4603829774046257
74,0.0685862593548597,0.0930146639684376,0.702369137254341,0.7023687012676403,0.5126797532627305,0.08171842666229687,4.54232814251842e-05,0.9932996503696782,0.08171842666154891
75,0.01119992112009886,0.5035619356835082,0.6108647854752123,0.6108552631875248,0.43321097513094325,0.356160119408503,0.0009938234612490015,0.8638859594949472,0.35616011939202163
76,0.6931790354050159,0.7160331888672216,0.05850150639560966,0.05811094333074482,0.5082063604663369,0.7046987625953479,0.06240989447975709,0.053891678915860296,0.7046987626009077
77,0.04883851254532523,0.5908629695104999,0.5694347529227566,0.5694205997227567,0.39520476883375744,0.41922800644130337,0.8052909952989412,0.0014731311094778618,0.4192280064480652
78,0.021672683166418728,0.892048682342597,0.31923029809387493,0.31917310852677694,0.22326615791159604,0.6309598020317378,0.4513798217201235,0.005976033103959676,0.6309598020415447
79,0.16860502774107466,0.9819098777944381,0.061118132716034605,0.060744632383821086,0.10971969571264542,0.7044766367690133,0.04620328864824086,0.07273646010239793,0.7044766367570161
80,0.7330221743046205,0.04712536050858019,0.4798345729887657,0.47980878997714793,0.6965712287864365,0.5193949882437868,0.6785650297750903,0.0026819285928292693,0.5193949882436043
81,0.5650681197717203,0.4021068286657644,0.5094262337263104,0.5094045845390845,0.4546104734719149,0.4904038548096198,0.7204186433472719,0.002257581822916819,0.490403854827683
82,0.07431856011505736,0.15439243623722138,0.6966495078249029,0.6966485415921571,0.5101790040004681,0.1211616126182643,0.00010028803484998015,0.9852104938526941,0.12116161261959801
83,0.07697287211483483,0.04624251027758191,0.7042503734383099,0.7042501109077813,0.5162332421948296,0.06349485332852382,0.9959602434092013,2.7384415526943858e-05,0.06349485332818902
84,0.04834696563597163,0.9828463926248036,0.12593637546785022,0.12575996482269639,0.10755489875710789,0.6958176702870916,0.01858195822067389,0.1770035317355852,0.6958176702973559
85,0.040268062878976066,0.5475484252997711,0.591008895360073,0.5909972002209308,0.41118941143660714,0.3882208102034204,0.8358036311187135,0.001222813349015637,0.3882208101857551
86,0.4901582542335814,0.18848276061855018,0.6017606603368265,0.6017501525377853,0.465214086710516,0.3713360079377383,0.8510099459323778,0.001100151095558735,0.37133600795048466
87,0.019005300947882393,0.020886361895647316,0.7068247997201229,0.7068247738509942,0.5038227419308768,0.019967994029084474,0.9996011996899958,2.6874529153488675e-06,0.019967994029247316
88,0.4496543625431703,0.8893938804514127,0.058459492130062816,0.058068644218304155,0.30356136751265117,0.7047022493075966,0.062197006600341186,0.05404638777396675,0.7047022492935162
89,0.37048302667180183,0.9152299626185139,0.112118601029249,0.111919057423913,0.2482123875725272,0.698177464499519,0.15701356280905615,0.021052249414721537,0.6981774645128699
90,0.9013073880153585,0.4244730136080884,0.06129097303028253,0.06091854932935467,0.6556044603685788,0.7044616195992802,0.045802390768067205,0.07327887845294245,0.7044616195962417
91,0.8833554281665126,0.46110026151752104,0.05964592072257933,0.05926300645306811,0.6089719267336441,0.7046028172599752,0.06796275198951864,0.04950559700389233,0.7046028172783663
92,0.019109015801655752,0.050595356525336026,0.7060719119157842,0.7060718169307384,0.4955353909354039,0.03824293751686566,9.900077074498803e-06,0.9985364066283582,0.038242937515236775
93,0.020467438414027025,0.026798887079540073,0.706704661001859,0.7067046241118378,0.4957689794418829,0.023844248542880565,0.9994312900884887,3.855628943711103e-06,0.023844248543829348
94,0.026459653295232283,0.14791361365121536,0.6990788528540802,0.6990781123281986,0.4892991596519475,0.10625100083352522,7.734212705094723e-05,0.9886462682184818,0.10625100083170573
95,0.7978276264915103,0.5971493479933997,0.058861172958721585,0.05847304435305036,0.5487651458142031,0.704668810635607,0.06460103981244711,0.0520618886820384,0.7046688106617309
96,0.9270212276237279,0.35423890809974884,0.08715389039817734,0.08689441243125656,0.6791671807023544,0.7017312735229261,0.11989084354177967,0.02779613566939367,0.7017312735204256
97,0.12778556000371522,0.12111064656225207,0.6960619524209247,0.696060931482135,0.5253308588713602,0.12449284729645921,0.9843795256342991,0.00010703177030531754,0.1244928472973863
98,0.6839443056855017,0.6443005549091079,0.2420097872615324,0.2419261278213387,0.5585358443732265,0.6644181708658814,0.34208201611029576,0.008768278446438913,0.6644181708609681
99,0.21111708896491324,0.9718261727582094,0.07425906415693967,0.0739530667357784,0.13908760240274917,0.7032128181758328,0.033759770701122814,0.0992156367277789,0.7032128181881298
100,0.6934583282371835,0.7033659078420672,0.11053664372763998,0.11033409171847551,0.520935493564603,0.6984296809953586,0.15471811146251896,0.02131354938492768,0.6984296810007373
101,0.6445898791166271,0.754313805323427,0.08820350260883639,0.08794721693394528,0.48073048782240835,0.7016001101598908,0.12150418507750911,0.027409922428636244,0.7016001101658454
102,0.1049182958183699,0.029604761308499646,0.7028926853576271,0.7028922977108065,0.4810115679981097,0.07708531211964507,4.0417482777760575e-05,0.9940400935962597,0.07708531212222675
103,0.009968716137595151,0.013421196745127217,0.7070079592876981,0.7070079502242813,0.4979449671978646,0.011821671275613163,0.9998602383211372,9.457644419462269e-07,0.011821671275869
104,0.08967811311984793,0.008878256694913678,0.7042298576910483,0.70422959333,0.519721335735959,0.06372200332173077,2.758678935970502e-05,0.995931228461213,0.06372200332179109
105,0.2917829298435974,0.9520327672828902,0.06535217133605191,0.06500338267830225,0.1934359991125428,0.704096461417104,0.04054483060772139,0.08277960358052985,0.7040964614042248
106,0.47118046524802365,0.4410697302947318,0.5401229352847206,0.5401052524856615,0.42852810218006776,0.4563734934278431,0.001844021238571682,0.763834451022507,0.45637349343852623
107,0.6194069978093889,0.7362831716561125,0.19269732056367264,0.1925871357291636,0.41801154402668045,0.6803594409705782,0.011536902529446237,0.272192876616579,0.6803594409438495
108,0.6693213159924335,0.7276679523246224,0.10619122082884871,0.10597995912780747,0.5028318238137273,0.6991035949307013,0.14835545563261407,0.02233799234247669,0.6991035949250457
109,0.269245333460294,0.9578339671875986,0.07108604296317382,0.07076602631346576,0.17821734139642903,0.7035406683549671,0.09372441094188341,0.03573220925100059,0.7035406683243599
110,0.007817039737871638,0.0005401677836805315,0.7070850744160896,0.7070850724251612,0.49842715020922335,0.005540662934158371,0.9999693005830025,2.0887428892489932e-07,0.005540662933984904
111,0.10102633373890603,0.3673623660478686,0.6537756614623611,0.65377057070466,0.4467817428104769,0.26940807834365055,0.9245746552967753,0.0005304930670506299,0.2694080783553671
112,0.9181985868757868,0.3391266473663301,0.14482473410457042,0.14467297085806538,0.6876977451095618,0.6921327646814814,0.20408629033619646,0.015914088166398065,0.6921327646839069
113,0.3592563882308761,0.9146886887859864,0.13100330967699775,0.13083418122171075,0.24164947344080984,0.6948814826630886,0.017740334289800055,0.18429522690935046,0.6948814826498612
114,0.11773008924376267,0.9890110956186996,0.06341207711275054,0.06305237539867978,0.10858786756593988,0.7042738481751901,0.04277194312634532,0.07853186899829995,0.7042738481651444
115,0.03505446826374565,0.04708161294818748,0.7058876199413386,0.7058875080283641,0.5068164634575822,0.04150598765856291,0.9982757664295151,1.1683582046460987e-05,0.04150598765894038
116,0.005296967785554158,0.010018216413814835,0.7070613775909841,0.7070613734261766,0.498902101217727,0.008013193116371841,4.349881676073249e-07,0.9999357866743157,0.00801319311604048
117,0.03972361171711622,0.03529904014021425,0.7061076907821626,0.7061075990822961,0.4919674264432107,0.037576505535015806,9.577201407182265e-06,0.9985870079125607,0.037576505535904095
118,0.15201272648815817,0.0051587957501522085,0.6988800249924294,0.6988792660242789,0.5350503932364331,0.10755110921777708,0.9883650699951421,7.890216663925212e-05,0.1075511092178094
119,0.2661165290858236,0.10835824690005022,0.6772902882444936,0.6772874935561597,0.5625807169109476,0.20317420668285627,0.9578310904377423,0.00029269222753191827,0.20317420668209168
120,0.5460990194723176,0.8298286650788435,0.08125730731103797,0.0809783770731029,0.40996671236717613,0.7024385213186661,0.030209285252621305,0.11066908615037836,0.7024385213118713
121,0.3423810289995112,0.9329084440396717,0.07906437672021295,0.0787774736492363,0.22825895787251824,0.7026887411926807,0.031184850288324358,0.10716609134052932,0.7026887411794299
122,0.5160907937101851,0.7516938562562212,0.29038316390094887,0.29031751107556963,0.46783542648800575,0.6447454384847093,0.4105601249937839,0.0068573230438310415,0.6447454384785654
123,0.13176679967187155,0.9847745314574685,0.08031780400708974,0.0800355112211655,0.12513027903443713,0.7025465704552687,0.03060784500433526,0.10917780232787792,0.7025465704453936
124,0.4674014062904819,0.6842528115785678,0.3958317286260223,0.3957919510925381,0.3661008887167352,0.5859462321957108,0.5597470793793904,0.004151272448969964,0.5859462322081768
125,0.08444465438770114,0.9811263563402985,0.12309476435697599,0.12291400338305011,0.12060625824333776,0.6963260108405307,0.17291603850691947,0.018979380043127284,0.6963260108506376
126,0.20573169175992032,0.9696116610006701,0.09373566646640177,0.09349504098723711,0.17889236238744882,0.7008824088710411,0.025583898354277494,0.12989673591781925,0.7008824088804086
127,0.01565240738095109,0.022014666839517482,0.7068487780442807,0.7068487543770824,0.5031051721936698,0.019100306448863822,0.9996351117187722,2.4747191078038853e-06,0.019100306448685433
128,0.12326454255868494,0.056072989838082746,0.7005935031520079,0.7005929029754834,0.4777219527752612,0.0957557508484356,6.25889973626337e-05,0.9907884075023462,0.09575575085098499
129,0.2779340680710579,0.9555968899820944,0.06939976220875597,0.06907177909544243,0.18391333663669107,0.7037090174056208,0.03697625238605743,0.09066418488865412,0.7037090173928388
130,0.02746316779292005,0.04497122793829071,0.7061244544697951,0.7061243643100245,0.5051888371129571,0.03726014578291139,9.461061574209185e-06,0.9986107164370862,0.03726014578253783
131,0.612918148649551,0.6293022010086021,0.3378945617376637,0.3378421939454103,0.5524214874626361,0.6211641961447417,0.005473856653599048,0.4777866885494739,0.6211641961398946
132,0.8416002987433516,0.49022108596001723,0.16036789425460474,0.16023221438781685,0.638746210050931,0.6886972397068937,0.014184253489507864,0.22625435020839887,0.6886972397104719
133,0.011884782295844316,0.007190902393507739,0.7070385603772401,0.7070385541206816,0.502428846312734,0.009822350192657911,6.538180226374304e-07,0.9999035167819729,0.009822350192710083
134,0.9647291002146907,0.2459651860764481,0.06649941119243806,0.06615677401739052,0.6657205834538834,0.7039890302890308,0.0851302225349306,0.039392075960556217,0.7039890303089807
135,0.01936925049183966,0.005362015313760849,0.7069639663551478,0.7069639532554377,0.4961452207874714,0.01421124682825445,1.36916858499264e-06,0.9997980200646954,0.014211246828729169
136,0.004351528156725662,0.060826985750576004,0.7057908020666915,0.7057906812400271,0.499964684591171,0.043121096882760813,0.9981388389629621,1.2683684147703737e-05,0.043121096883394675
137,0.03991061292062924,0.0023893578991182637,0.7065414026371846,0.706541350757956,0.5084153941241661,0.028271593769971178,0.9992003972888895,5.396565940364977e-06,0.02827159376995201
138,0.6673427754702977,0.3063606418115558,0.48001120007629783,0.47998544414569555,0.4956239731444457,0.5192317503911064,0.6788148225629282,0.0026861606967368886,0.5192317503729521
139,0.581905708564212,0.8081023638356278,0.06481430827135129,0.06446255771345018,0.4311616285248917,0.7041461794633037,0.08164536126951827,0.04111387705901135,0.7041461794567803
140,0.9634753029752406,0.03398545449295938,0.1878868680658418,0.18777341198391104,0.6539176607494527,0.681703627147345,0.2653676979555654,0.011845434624126877,0.6817036271683458
141,0.45801289057452277,0.8521483159493771,0.17903960635345262,0.17891970953887396,0.3817186669697537,0.6840806081469797,0.012538435037667097,0.2528047284990542,0.684080608154175
142,0.5475017844292295,0.8326647973520872,0.058977413426753604,0.05859006744241395,0.37233670612789244,0.7046590908665138,0.06515474193526259,0.051633234459659505,0.7046590908813719
143,0.03580439927353635,0.9307917604756679,0.25727858979379226,0.2572012533998198,0.19059870720164965,0.6586559202255399,0.008069660933556705,0.36370267814402774,0.6586559202156486
144,0.8917376267916398,0.41748322990202696,0.1236046410783896,0.12342467507939629,0.6086333544771211,0.6962356793181023,0.17365023860158313,0.018903765449913,0.696235679299672
145,0.03977036440477423,0.07528443011130108,0.7045391774553078,0.7045389415273837,0.5069706463318624,0.06020559484860488,0.9963686928492521,2.4653623461936133e-05,0.06020559484796703
146,0.0979911926361279,0.06115157754502256,0.7023741248556806,0.7023736893297748,0.5208009951720628,0.08167554490305748,0.993306704236661,4.525489187489735e-05,0.08167554490350391
147,0.8365776286180915,0.4951011155189711,0.16591579551746688,0.16578515606468702,0.637018100373479,0.6873817101223639,0.013648419269729763,0.23415057084069688,0.6873817101259501
148,0.9794151750316893,0.17042673670465008,0.07663537715929915,0.07633912038721255,0.7138046264448352,0.7029578072916268,0.10319720706201735,0.03241880300752146,0.7029578072927984
149,0.07497516216505566,0.012903578510217499,0.7050576175539905,0.7050574293268895,0.5162448080809748,0.053794875592548405,0.9971019117076463,1.9720768668792758e-05,0.05379487559264343
150,0.3624356245661426,0.9032257148951066,0.16258406940074163,0.16245044282692803,0.3110376488880517,0.6881774022784625,0.01397831063276287,0.22940865901143356,0.6881774022704422
151,0.1748725369285679,0.050881595173315385,0.6952813028375452,0.6952802089987241,0.5402768323667393,0.12878148333379685,0.00011410079303113748,0.9832754680565325,0.12878148333344167
152,0.9861283247454673,0.1442918700410456,0.05820801469300863,0.05781544322058688,0.6817012057205037,0.7047230667154132,0.05767506755176409,0.05834710817336081,0.7047230667360904
153,0.9563414744464495,0.23946079441864404,0.11856239127559358,0.11837428967910867,0.6543689172008863,0.6971120738053478,0.16636724478987572,0.019785169775517725,0.6971120738251231
154,0.10704311078407484,0.029487526029605242,0.7027349513070669,0.7027345490777478,0.4806963025075891,0.07851032334761544,0.9938170135869964,4.196516835521921e-05,0.07851032334540498
155,0.011991727304260475,0.0042033743190917775,0.7070496932765347,0.7070496880404887,0.49759542344416113,0.008985262361516581,5.46842602765817e-07,0.9999192618008194,0.008985262361270258
156,0.020371025408486062,0.04065182841629109,0.7063754472644255,0.7063753801430217,0.5037681873445716,0.0321523702839949,0.9989656901623826,6.9721368952577015e-06,0.03215237028434513
157,0.34731004523568165,0.2496037417980025,0.6391721579002502,0.6391655958777183,0.44804978306024085,0.3024287466533914,0.0006855580723743223,0.9039210343822688,0.3024287466645342
158,0.0,0.009746206470009497,0.7070732181502006,0.7070732150721093,0.5000122835769021,0.006889582799665154,3.2049288590599387e-07,0.9999525325222134,0.006889582799769955
159,0.7412130913098655,0.658956971696396,0.0906199965191321,0.09037078595681962,0.5059321671654271,0.7012920708375293,0.12518874756034934,0.02658270505144185,0.7012920708640744
160,0.015559431262234243,0.36203605719799503,0.6590500051736771,0.6590454370283663,0.4628817974675829,0.2562344654906892,0.0004733406992770011,0.9320341052428912,0.25623446549473977
161,0.024423464946630256,0.05464163979957124,0.705839199067561,0.705839082702684,0.49441049077520166,0.04232147439046904,0.9982072858198776,1.2125009073710768e-05,0.04232147438964346
162,0.017157673755309737,0.9678579385108793,0.1774818224019952,0.17736072792376595,0.12997322424539617,0.6844864406593458,0.25059183923742767,0.01266314338482862,0.6844864406697352
163,0.9083972190653758,0.3681919099254311,0.14016644861174044,0.14000920163800235,0.6795380002407558,0.6930911881334912,0.016488539154891898,0.19742679133358798,0.6930911881361292
164,0.03352985899334109,0.17295998361044504,0.6960466995739858,0.696045677120062,0.49976308640278255,0.12457810275931734,0.9843579537966216,0.00010687699793557048,0.12457810276098982
165,0.3754829859403128,0.3728806856495465,0.5999939009673693,0.5999832000488152,0.5614164211343728,0.37418409804465264,0.8485112074242016,0.001119113212234144,0.3741840980475239
166,0.8196650182981241,0.4749322101113961,0.22652793043444705,0.22643707803745877,0.5539692205777565,0.669854964319113,0.32015397048833066,0.009491509764679778,0.6698549643019748
167,0.8907179694262862,0.21062363985992244,0.28486629326115237,0.28479885798517746,0.7150574342348363,0.647201979853311,0.007036313823913837,0.40275263479433826,0.6472019798547837
168,0.9252329754649444,0.3542118701271217,0.09623643037739964,0.09600230018876045,0.6800110620465203,0.7005433990207646,0.02485928806601699,0.13364096666130396,0.700543399023288
169,0.04281659291867436,0.028738148001944647,0.7061660499357852,0.7061659635937876,0.491518488270451,0.03646328139246062,0.9986695440126856,9.0414386146619e-06,0.03646328139155041
170,0.06665871291770722,0.022617940118440115,0.7053528450324986,0.7053526839684617,0.5142715248606043,0.04977426655929162,1.6825073224751016e-05,0.9975194456720481,0.049774266559450546
171,0.9863358800137396,0.08752914648039127,0.09880572722108716,0.09857793151739092,0.6774709031742217,0.7001856252863814,0.024146732257131234,0.137466780115189,0.7001856252654602
172,0.014422841076603712,0.014339704687667472,0.7069605270087849,0.7069605135929219,0.5029108835525314,0.014381332898748007,1.4081224571653185e-06,0.9997931558708153,0.014381332898858465
173,0.0775273697839575,0.22368010168289246,0.6870077469867081,0.6870058767039399,0.4729401488985703,0.16739665610973462,0.9715743311530792,0.00019516646430539392,0.16739665611285928
174,0.08034520142579718,0.005191833882272633,0.7048113189840448,0.7048111080997204,0.5175676808946422,0.05693112738746448,2.1977908668222283e-05,0.9967535768612805,0.056931127387443596
175,0.9124712735199516,0.3770741492879245,0.11237431732222254,0.11217525280963377,0.6750116420728639,0.6981363496721742,0.020960753773970085,0.15739098239024948,0.6981363496695075
176,0.08375845580814474,0.9925006395047365,0.06313673467714026,0.06277542829502042,0.05865821747353856,0.7042985866636222,0.07786304783553966,0.043178089872935824,0.7042985866522101
177,0.7841697218976917,0.43767799857177203,0.3110890541068347,0.31102960830123705,0.6533002736226048,0.6350134577986902,0.006181074479058757,0.4398608997664949,0.6350134578018382
178,0.007370817996788185,0.0013077784454368787,0.7070869689533584,0.707086967136255,0.5015065306079575,0.005293356326756657,1.8905931732370678e-07,0.9999719799862192,0.005293356326765769
179,0.022202807669789503,0.9244061935698056,0.26927628256646496,0.2692034700157925,0.18684787485264162,0.6538424027872881,0.3806867453776875,0.00760437473446395,0.6538424027974818
180,0.1559451407248831,0.9104683628513164,0.27089444610865965,0.27082221624049235,0.19102044708491675,0.6531736087261291,0.0075514165293337565,0.3829770878921219,0.653173608714987
181,0.18095992817091577,0.3021636079744121,0.6617991947883626,0.6617948970652752,0.5193786041648446,0.2490475255820466,0.00044672772843067944,0.935922251278652,0.24904752557953994
182,0.1005021845210971,0.030871731188733906,0.7031880097245541,0.7031876492797069,0.4816972215142644,0.07434296496780889,3.7653352800876214e-05,0.9944577646648072,0.07434296496573999
183,0.41085703398042395,0.12436312212771251,0.6386465237307434,0.6386399083230382,0.4616085379136316,0.3035372178313352,0.9031776337069284,0.0006904692429504961,0.30353721784154974
184,0.45876585382463037,0.5009485890147606,0.5189439092027766,0.5189235219471324,0.4141969603475749,0.4803205166661552,0.0021305501800957514,0.7338800060531735,0.48032051667702014
185,0.010626087233277987,0.05057388024753084,0.7061619826140476,0.7061618958986436,0.4972854991608791,0.03654196964665048,9.002881181565081e-06,0.9986637916874317,0.0365419696482642
186,0.28531983402329586,0.22764888782414153,0.6583216105731718,0.6583169701881427,0.45091985524009326,0.2581001974134026,0.9310039427445375,0.00048454048065339045,0.2581001974230402
187,0.22102894490267502,0.9694243548461535,0.07552470288461358,0.07522397107243656,0.14582980113878352,0.7030780089981937,0.03302653297967795,0.10135025746912625,0.7030780089672909
188,0.2832392597518737,0.9379514216442897,0.14153917109342304,0.14138357548472436,0.25025503864460125,0.6928121490134659,0.016320727157648034,0.1993897846824246,0.6928121490048201
189,0.5942974066941497,0.13628668238192368,0.5604701513833109,0.5604549419982752,0.6553154763378766,0.43114003954565855,0.0015849671836279495,0.7926121500967219,0.4311400395447295
190,0.010113428156820248,0.015189269633989016,0.7069890451522102,0.706989034351787,0.5020115658597335,0.012903397635777478,1.1314021818519405e-06,0.9998334884657677,0.01290339763590186
191,0.06366780826556927,0.03568610992112756,0.7052209426915211,0.7052207695031657,0.4876574253215569,0.05160953521614766,1.801640232325567e-05,0.9973328989985063,0.051609535217993434
192,0.00035523350728471206,0.01647157172608454,0.7070108109433572,0.7070108021404223,0.49997617566595987,0.011649868367489914,0.999864271355457,9.211457025004155e-07,0.01164986836802903
193,0.01603277947741522,0.11370496621439584,0.7024296176613213,0.7024291872384004,0.4937541624134038,0.08119688771134148,4.514110222474219e-05,0.993385186528625,0.08119688770998636
194,0.5742689951343535,0.8096459276916881,0.08583059398906909,0.08556698069955254,0.43078504751789426,0.701894365613046,0.11784884521672057,0.028288667901466592,0.7018943656064688
195,0.005587124138110859,1.2862197421537488e-12,0.7070957490119625,0.7070957480000708,0.5011396813101201,0.00394999300205333,1.0509828947137805e-07,0.9999843974335586,0.003949993002054887
196,0.024286128271705645,0.6245818235412998,0.5519627004101016,0.5519464711649018,0.38736440324804555,0.4419797904490199,0.7805798329209135,0.0016894118972066567,0.4419797904421035
197,0.005445469841634869,0.003174465045254066,0.707092734884132,0.7070927335957848,0.5011082625691943,0.004457037700058668,0.9999801346176149,1.346376122604703e-07,0.004457037700081808
198,0.5493403270665669,0.24152398934740732,0.5656447126041539,0.56563011556212,0.6326495532780494,0.4243280755916816,0.0015252803612251344,0.7999306482737569,0.4243280755934051
199,0.2947437896374994,0.047034499151113573,0.6748770034005573,0.6748739768585026,0.5729128602957814,0.21105229877972295,0.954418018654763,0.00031627020646050636,0.21105229877939075
200,0.17343812980754392,0.15158282618168112,0.6880931243306534,0.6880913563193347,0.4664143173078918,0.16287746561372757,0.00018536760859665447,0.9731093607767586,0.16287746560757357
201,0.0905783629842529,0.09230389415763149,0.7011691373126946,0.7011685903993439,0.4813840002446082,0.09144519866623704,5.722348731028792e-05,0.9916025151278631,0.09144519866271142
202,0.42163225283034883,0.902839092083327,0.059805311936194594,0.05942343801059543,0.28395861753480234,0.7045893058011661,0.06854171719355193,0.04909025692480911,0.7045893057873273
203,0.02003211342753397,0.008771370233800299,0.7069376915354979,0.7069376760250877,0.5041271464774068,0.01546322254101619,0.9997608601534005,1.6198444488638296e-06,0.01546322254107821
204,0.33971946556661003,0.8698190553565662,0.25302715513673574,0.25294812594119415,0.3391708005840845,0.6603008800297079,0.3576828519341873,0.008274846583366227,0.6603008800374616
205,0.7501539918787611,0.6400569964676222,0.11755982958979477,0.1173700257821538,0.5100479284673908,0.6972818524425768,0.16491617522359364,0.019967264081641387,0.6972818524592095
206,0.019500381822837566,0.03850884302792598,0.7064477650754303,0.7064477046019361,0.49575353642467834,0.030522089398568774,0.9990679676965302,6.335619678953003e-06,0.030522089399837523
207,0.9693148151248091,0.23118895515918253,0.05927059419383091,0.0588852044216949,0.7032490350710867,0.7046344901317277,0.06653590407679519,0.05053161490154545,0.704634490130111
208,0.00491422420947779,0.008338640891190185,0.7070736601532037,0.7070736571150578,0.5009813415586982,0.006844067923840864,3.1927020987547297e-07,0.999953157637101,0.006844067923910409
209,0.9440581829406841,0.31934895873583347,0.05837780175366604,0.057986409803713446,0.6852585974234061,0.7047090209950596,0.061524897729071513,0.054635871173999075,0.7047090209928266
210,0.5201510784200385,0.850123818505862,0.05821467296656494,0.05782214695833185,0.35319344838046796,0.7047225167226818,0.05890239272822226,0.05712142293715471,0.704722516737309
211,0.3703616860314704,0.49262875668212186,0.5568512134640611,0.5568355732829599,0.5319299940018225,0.43580435426163405,0.787493787132718,0.0016324328866851746,0.43580435426558906
212,0.10947652933707096,0.10116094726539594,0.6992075411063514,0.6992068125616968,0.5219452860695145,0.10540077733859729,7.618172122401312e-05,0.9888282694528022,0.10540077733936415
213,0.8207868532619109,0.5378569515023207,0.13613048476114653,0.13596819572844668,0.5579506338659561,0.6938952157368172,0.017010225305565885,0.19164944916698254,0.6938952157542194
214,0.14579667913979702,0.9808941713171274,0.09120046276197454,0.09095289442313229,0.13879457570004394,0.7012168161851747,0.026441250337592665,0.12605877078778974,0.701216816175411
215,0.8540110584239997,0.2816742018336427,0.3093233252988983,0.30926337729664877,0.699579572433294,0.6358754767588475,0.4373619465397458,0.006267681378470214,0.6358754767608268
216,0.41576665341846236,0.20102026928621955,0.627191647386528,0.6271838506661693,0.45637508514721864,0.32655095691150127,0.0008140338876347199,0.8869770472998165,0.32655095690001146
217,0.10565043423706762,0.02663524549851481,0.7028972520315824,0.7028968647882833,0.5233436508292171,0.07704365826340999,0.9940465521234256,4.067282064698165e-05,0.07704365826359756
218,0.04471851942353046,0.823468439164445,0.3999569870141801,0.3999179972567072,0.29432807906604475,0.5831380642689491,0.004069623407971559,0.5655823849419235,0.5831380642775664
219,0.5660331580621597,0.116965346141921,0.5770359134884745,0.5770226393484015,0.48267226301112437,0.4087018645868418,0.816041448913175,0.0013875992793552815,0.4087018645750961
220,0.04462137741735472,0.15995348271801854,0.6972894237807299,0.6972885170061495,0.5031886991265019,0.11742270550142875,9.444108335895358e-05,0.9861155143014331,0.11742270550291485
221,0.3007772620070014,0.20657276721797907,0.658356603940325,0.6583519670750927,0.5646910507476034,0.2580109198229207,0.0004826450168924851,0.9310534343190352,0.25801091982443725
222,0.7630775125984761,0.19260776646484243,0.4362587310165192,0.43622617720145923,0.6945234549316444,0.5565002434566196,0.6169306146670538,0.0034021684958181644,0.5565002434579664
223,0.3623296811155179,0.2213374765279173,0.64020902492306,0.6402025686441704,0.5807019298757888,0.3002274766801938,0.0006752472174651445,0.905387468729673,0.30022747668179317
224,0.9476147474599478,0.2705757024869494,0.12012413282286974,0.1199386190251866,0.6480789723747884,0.6968446456733204,0.019517356074516604,0.1686242937182417,0.6968446456537581
225,0.027645699805343312,0.46485849143688757,0.6257604343212103,0.6257524886562005,0.44662272778121226,0.3292853639084316,0.8849528879881123,0.000827201787907486,0.3292853639237522
226,0.12249984043802366,0.06544635229586973,0.7002540427322473,0.7002534111214078,0.5266004210788267,0.09820752478778215,0.9903083155313773,6.587435050443074e-05,0.09820752478825051
227,0.010096730111311356,0.0036820236723087577,0.70706594601889,0.7070659422735249,0.5020633975637244,0.007599383437612063,0.9999422477036274,3.917016279202576e-07,0.007599383437638282
228,0.9415634906429124,0.04853965162437123,0.23573593022948228,0.23564945683659966,0.732398386167414,0.6666700475838809,0.3331967467275844,0.009056670397987483,0.6666700475842511
229,0.44375312506156334,0.17319948420034023,0.6217296474570372,0.6217212785033096,0.6091642717385786,0.33683445289639286,0.0008726443028492585,0.8792521487962158,0.3368344529159023
230,0.4605869155210423,0.8831339573997915,0.06316486090570075,0.06280371712693553,0.31111454133299415,0.7042960646921631,0.04317028042804233,0.0779129862472287,0.704296064678014
231,0.5656707889901085,0.7978204871828398,0.14755150012832516,0.14740279347597268,0.44352733278308365,0.6915565672005592,0.20798296049800716,0.015560104663009066,0.6915565672070034
232,0.020719497482500446,0.045327807997071444,0.7062280814819152,0.7062280008415279,0.5037878055618794,0.035241365990653535,8.465198535934327e-06,0.9987572739032184,0.03524136599026101
233,0.9208957473160574,0.37881345898636665,0.06517996344484277,0.06483022621668658,0.6349310521174338,0.7041124250291126,0.08238744161747771,0.040788421515235165,0.7041124250101246
234,0.0506925643060981,0.9506186534635408,0.2165594568404376,0.21646348713863067,0.14614379539788716,0.6731439520749238,0.3060296135276946,0.010015750362873216,0.6731439520442238
235,0.43741907775374944,0.030474582423038445,0.6355095068459541,0.6355025703737276,0.46662652699710705,0.310051729353971,0.898740966361139,0.0007250016887547303,0.3100517293636842
236,0.9922825658182549,0.03832636522518976,0.08352130769931843,0.08325016793953799,0.724338964962515,0.7021729134258186,0.11424320971887071,0.029238473539082686,0.702172913426125
237,0.3539723333560488,0.9252335658266689,0.09667329152185042,0.09644026326968871,0.2365898266411881,0.7004832440209575,0.13428808099243678,0.02476208748398037,0.7004832440342027
238,0.27150291759998774,0.10669457146688578,0.6763528429747999,0.676349958344626,0.4614022704431837,0.20627356307191827,0.9565052765766553,0.0003003895609967436,0.2062735630775049
239,0.8297729477139985,0.5264578725478882,0.13107869046025827,0.13090966573021579,0.6220209145494585,0.6948672665769594,0.18440260684919965,0.017738158348390015,0.6948672665808139
240,0.0073179591382512505,0.05209278090393384,0.7061277917445199,0.7061277018909204,0.4978254542388066,0.03719684360404726,9.344372406024459e-06,0.9986154362738581,0.03719684360467188
241,0.6190501389795342,0.44781226995632495,0.45621697959620705,0.4561876410361105,0.6139751946388904,0.5402586897452071,0.6451602279629159,0.0030621170480173788,0.5402586897485402
242,0.10160925945146405,0.06902400760440347,0.7017520704585761,0.7017515773940256,0.4805429861969043,0.08685837677679663,0.9924269454767786,5.157066242682624e-05,0.0868583767736177
243,0.6383623312236028,0.23219801630314243,0.5189406394806307,0.5189202520571758,0.6585826557928796,0.48032404931398065,0.7338753946822104,0.002126118453669519,0.4803240493156344
244,0.9783253780772341,0.18895097815172085,0.06009371608567355,0.05971371494513423,0.7097625485702276,0.7045647654887134,0.06962612611610072,0.04826163100848464,0.7045647654873821
245,0.9139512584323861,0.09184492140140389,0.2795499035719638,0.27948069528241487,0.7290297474953414,0.6495161246561257,0.3952285055069134,0.007213602249090502,0.6495161246567024
246,0.06717903965704498,0.007861229225221865,0.7054875574687057,0.7054874087910179,0.5144974148064736,0.047826887281994926,0.9977099666058056,1.5532802705713222e-05,0.047826887282047315
247,0.03919483573066817,0.7600915836069326,0.4586671516296998,0.45863819443855336,0.3195034686473241,0.5381800119889774,0.0030215511141053588,0.6486257932050061,0.5381800119974665
248,0.022528589769316824,0.008342799430404812,0.7069027114138626,0.7069026926928483,0.49551319810089706,0.016987343219966734,1.9547199841087427e-06,0.9997113885201317,0.01698734321950257
249,0.3665186145846075,0.7709091407661065,0.3683725193696801,0.36832716476920196,0.3098576308383636,0.6035879333766718,0.004737352122704894,0.520903801894889,0.6035879334019145
250,0.8148219494623756,0.5658030162832619,0.0893791446871275,0.0891263481473736,0.6006726725870192,0.7014513035723727,0.02703793936619556,0.12329268945853707,0.7014513035681968
251,0.07489876102469217,0.057975298795192934,0.7039280686695861,0.7039277764555677,0.48524650594887303,0.06697372497184166,0.9955044145508292,3.060039998877946e-05,0.06697372497346972
252,0.6482270513110956,0.7046687557497232,0.20406576550947322,0.20396273670866477,0.43768240537199005,0.6770363230139721,0.010752750156068342,0.2883192899941601,0.6770363230293199
253,0.5808746744025408,0.8093563096668257,0.061532459224081716,0.06116153286237094,0.3956314759389199,0.7044405664713909,0.07387412076636622,0.04549275679967638,0.7044405664562674
254,0.04408563254617657,0.006188731344475014,0.7064057783906498,0.7064057140649698,0.4914629362279581,0.031478908753260676,6.696712081634652e-06,0.9990085868312114,0.03147890875418777
255,0.06226946686628461,0.09839681795233657,0.702296661561079,0.7022962188823771,0.485801365969532,0.0823389947229193,0.9931971494887079,4.630147285228832e-05,0.08233899472119693
256,0.04060827066678608,0.01065415467398564,0.7064833820275214,0.7064833248284027,0.5085509712313241,0.029686214463616946,0.9991183399909869,5.940902000516136e-06,0.02968621446369189
257,0.5110771222901478,0.5805246980277559,0.4482291165879932,0.4481985152743694,0.4060150557831964,0.5469043563375844,0.6338619680099383,0.003202430634697699,0.5469043563252797
258,0.964666716609827,0.04013288587672418,0.18418772918193546,0.18407164944627036,0.6549518506148017,0.6827124242014229,0.0121610700494101,0.2601145902988181,0.682712424180153
259,0.018596207128806712,0.003167492164866404,0.7069809631073387,0.7069809515663279,0.49629963056195847,0.01333888912506634,1.2050482667622027e-06,0.9998220582045382,0.01333888912545414
260,0.498659261307581,0.8510373210256229,0.11644533921680258,0.11625361202297389,0.38684315713258033,0.6974688454247254,0.16330093091016396,0.020179824022479257,0.6974688454176231
261,0.4715546817951987,0.8641556266912498,0.12432957912310716,0.12415072922409004,0.37064319626736053,0.696106583864269,0.1746962904781126,0.018773755750760145,0.6961065838569647
262,0.14675742173769418,0.22622951217944018,0.6809132846259641,0.680910836047282,0.46247584541441594,0.1906797474494876,0.9629550364520311,0.0002561218373282546,0.1906797474454798
263,0.9958367505523062,0.03874043185549533,0.05854017383682162,0.05814987618956761,0.6885203287253989,0.7046955512762789,0.06274318758653012,0.05358780145880993,0.7046955512543783
264,0.6752381494361159,0.6330052957589578,0.26776577407124147,0.26769241177748065,0.5627542932185743,0.6544624752111964,0.0076469887767476215,0.3785488880578884,0.6544624752063564
265,0.9635724094338333,0.130120720290592,0.1652878962836067,0.16515670022562473,0.6555147962885506,0.6875329722068171,0.23325710480527156,0.01370938894115243,0.6875329721847369
266,0.4003847400588032,0.909926182547275,0.07671936055468702,0.0764234385451832,0.30680666998227657,0.7029486459792808,0.10333209315918007,0.03238642873692616,0.7029486459713172
267,0.33804378713619154,0.8633266255358084,0.26498391765261997,0.2649095298494196,0.2568870749845302,0.6555938012202387,0.007761077875624908,0.3746108664865177,0.6555938012077475
268,0.03229745105501975,0.692150942148535,0.5098558443241327,0.5098342534067123,0.3688931152133666,0.4899571675435664,0.721026254468169,0.0022557273455309193,0.48995716755084007
269,0.547277221602384,0.8306146068144532,0.07284363171315632,0.07253153093985702,0.37122799776002,0.7033608541706069,0.03458866099701961,0.0968020774161105,0.7033608541557799
270,0.4012839284280805,0.2985628944559249,0.6123082891866438,0.6122989211345723,0.44446982560076964,0.35367258176175564,0.8659275109144132,0.0009775841676085766,0.35367258174864036
271,0.9602238733737196,0.24632172495689,0.0931149393913672,0.09287264871631735,0.6596860583301126,0.7009651486165096,0.12895450372459352,0.02581582434450377,0.7009651486397893
272,0.04191335973741904,0.09221777904576782,0.703469836603965,0.7034695021760202,0.48974417200896575,0.07162697989030213,0.9948563465589029,3.4854835058286525e-05,0.07162697989170429
273,0.7673862973081549,0.6169300603342538,0.12361235304646251,0.12343240066524805,0.5762087973186959,0.6962343099251523,0.17366514932504007,0.018867624905672908,0.6962343099297774
274,0.9776944490484318,0.08189413371927366,0.1368412507195023,0.1366798714653659,0.7272498700223851,0.6937553909112965,0.016921950692012914,0.192666973680088,0.6937553909118557
275,0.6320617957625472,0.7590392715929893,0.11045815916067919,0.11025545606377997,0.4281569095694467,0.6984420983379259,0.021352423591537877,0.15460059677687407,0.6984420983534048
276,0.21529994489121967,0.5891957581405117,0.550686996760467,0.550670612905759,0.4570303296754389,0.44356831924531537,0.7787755600485505,0.0017086222910537897,0.44356831925062096
277,0.06280117539449868,0.12080578118446236,0.7005222429292404,0.7005216361846835,0.48446381322080706,0.09627570929079524,0.990687625633065,6.339558544282939e-05,0.09627570928885996
278,0.05690675272268152,0.00568509922361917,0.7059495205483888,0.7059494143200898,0.48915797056046556,0.040439453870696945,1.1112706500996447e-05,0.9983633111337206,0.04043945386948977
279,0.043396679078903,0.9936340376724505,0.07366643782079389,0.0733579127460581,0.050426969483383745,0.7032751497890312,0.09821899663330648,0.034075740989884605,0.7032751497568718
280,0.6096894957065918,0.7003512120759529,0.26251328003396873,0.2624379617242805,0.5169393494785535,0.6565870445184836,0.37111295962374025,0.007878905221920281,0.6565870445129866
281,0.482063010215624,0.4059306830147608,0.5490235640323918,0.5490069771015438,0.585790008633507,0.4456256642229351,0.7764229113892521,0.0017313113072686035,0.44562566422598143
282,0.4708102817602428,0.6749181008664663,0.40177997465012716,0.401741328211589,0.49617606744905407,0.581883475092113,0.5681611291706632,0.004021706427081384,0.5818834750976055
283,0.000996237865322052,0.013072846353884416,0.7070460084325466,0.7070460028583192,0.5002116800540684,0.00927070120525108,5.816399463010567e-07,0.9999140504053263,0.00927070120538499
284,0.32541984394860696,0.9215230861344091,0.14990150771829056,0.14975535005323454,0.2812528001702046,0.6910509652343703,0.2113353486699369,0.01531330429201217,0.6910509652426997
285,0.03997516608499529,0.019431324390719668,0.7064079912939355,0.7064079271674168,0.5083327063948705,0.03142920831878874,6.7117706124627734e-06,0.9990117164897776,0.03142920831892709
286,0.39552321421936243,0.1351021940494351,0.6423849294806853,0.6423786940370204,0.45998482932530177,0.29554290367839664,0.0006522751756273244,0.9084648362560372,0.2955429036683658
287,0.6607783901402274,0.551728536429223,0.3598621413915569,0.3598149252135636,0.5933420735785545,0.6087004430676893,0.5088646270717501,0.004932801282041676,0.6087004430718299
288,0.11992307963933573,0.9891106642964761,0.06051475374256436,0.060137453589914416,0.10848137476389325,0.7045287259015854,0.07098130063918152,0.047330790236086794,0.7045287259116464
289,0.1524511228067404,0.9244741720834699,0.2471299427852395,0.24704848043350452,0.1761313801194877,0.662530693528059,0.34933327124003005,0.008510341372651789,0.6625306934985598
290,0.0014775505187293195,0.08031523278981746,0.7048218129957554,0.7048216030682888,0.498238631329146,0.05680105533226361,0.9967684183113318,2.198868811441834e-05,0.056801055331385346
291,0.060386134334116985,0.0347517427900181,0.7053885644628644,0.7053884066960161,0.5126427619379014,0.04926544845985401,1.649594134929395e-05,0.9975699629118797,0.04926544845959993
292,0.044069449883514446,0.10172227940804095,0.7027485415297603,0.7027481405355926,0.5068184359402618,0.07838857809550463,0.9938362339441084,4.181184148756849e-05,0.07838857809461534
293,0.22363310644805798,0.44589398453381623,0.6128532446441886,0.612843935097703,0.5021849514340146,0.35272738180197033,0.8666982428512804,0.0009716457433958632,0.3527273817981513
294,0.05204149487572879,0.0925014768839106,0.7031129625323834,0.7031125951825432,0.5089696757734091,0.07504945174590605,0.994351627002099,3.825799976826675e-05,0.07504945174512653
295,0.5423434138962155,0.13233218021813203,0.5866711628559755,0.5866589828472222,0.6407466307360535,0.39474560448383217,0.0012749636170371456,0.8296687230153342,0.39474560448291246
296,0.9908458328061001,0.09496721511257089,0.06801175573522808,0.06767691573386467,0.7201037294124102,0.7038445269232008,0.08802757906143903,0.03816947950940714,0.7038445269225422
297,0.6215228697297386,0.7778642316571992,0.0658863651839126,0.06554046797914496,0.45933642209870684,0.7040466724403246,0.0400639559592629,0.08385371484297797,0.7040466724341744
298,0.5245384660146827,0.845795336265495,0.06904733115535953,0.06871763152803885,0.35558578320480083,0.7037436867205661,0.037251930558293234,0.09001077986653214,0.7037436867059229
299,0.08066747056724882,0.015946945485227404,0.7047122690202919,0.7047120490060068,0.5175474625737035,0.05814441451254629,2.3115396404386605e-05,0.9966134925775647,0.05814441451265951
300,0.7832064721607963,0.47468196625984144,0.283992177848492,0.2839244543782739,0.6418292358758005,0.6475860356440687,0.4015152186332905,0.0070839310408169825,0.6475860356475184
301,0.0026041546910754057,0.010403679815301816,0.7070661168166582,0.707066113087149,0.5005132084464607,0.0075834745876487385,0.9999424892593597,3.9095146686080704e-07,0.007583474587551065
302,0.22811062910846053,0.8366234223955712,0.35217983477210446,0.35213087619059236,0.3335318053108686,0.6131774661562216,0.0051076576589569,0.4979966885633881,0.613177466164056
303,0.44469475412758647,0.8629662676680435,0.16967471382701454,0.16954731292315503,0.36876902852653304,0.686463473230056,0.23949708440728912,0.013302119836679645,0.686463473237435
304,0.3193120272105346,0.8766438604788142,0.2545341705547944,0.25445574700423196,0.24373774833579165,0.6597213915258681,0.3598172980273312,0.008178215197073182,0.6597213914977085
305,0.033043141207662434,0.9958746630040951,0.059947206752785594,0.05956625561626888,0.05668768749327417,0.7045772468578139,0.06911471649693116,0.048630878761880734,0.7045772468683992
306,0.6867979031514113,0.5635906059128432,0.32458471306231007,0.32452895161518275,0.47292651182031015,0.6282219844890854,0.4589557586329403,0.005821340726510435,0.6282219845041919
307,0.23125578682666678,0.787834016563157,0.403651613239424,0.40361331776094395,0.28500258989980964,0.5805866278461266,0.003995406960030772,0.5708085246980901,0.5805866278355707
308,0.6559525076368022,0.7460538823307796,0.08116392873803803,0.08088466514712674,0.4869640139249484,0.7024493175892981,0.030195914309563053,0.11053560124758749,0.7024493176266654
309,0.10126319141875409,0.06336862697912037,0.7020437442538606,0.7020432782393753,0.5214859539451401,0.08446838649160694,4.8586920731925414e-05,0.9928394537921933,0.0844683864911439
310,0.019360988188597973,0.005409850205304112,0.7069638973064055,0.7069638841998196,0.5039977593592259,0.014214681537737783,0.9997979224101666,1.368470004324444e-06,0.014214681537699942
311,0.0019987507081003996,0.003927751466963608,0.7070999146707038,0.7070999140409397,0.49959073465200854,0.0031162666750259543,6.582739676875788e-08,0.9999902888348552,0.0031162666749636994
312,0.031273989228511545,0.22074195301688754,0.6893102378090356,0.6893085844888381,0.48133591556587096,0.1576468702524951,0.00017304920376927,0.9748307025593359,0.15764687025513696
313,0.9012161348524892,0.418462394933192,0.07982473368487471,0.079540644958711,0.6195475355773092,0.7026027674747148,0.030844778101727935,0.10838497115451044,0.7026027674501112
314,0.014411824537049539,0.0036772435639632057,0.7070285663743778,0.7070285591996098,0.4971173508613132,0.010517195603133724,0.9998893824782449,7.475053296481516e-07,0.010517195603431399
315,0.45747858351247245,0.8733978917716672,0.11818218650669839,0.11799344084892248,0.3072850053196966,0.6971766342504623,0.16581685323484197,0.019855791955172692,0.6971766342644639
316,0.03115252791841803,0.012523340565442126,0.7067081213755805,0.7067080848038819,0.5064832600942436,0.02374146219833645,0.9994361840212349,3.8007550412135027e-06,0.023741462198247704
317,0.9857738205181099,0.1405331943872372,0.06536766233750735,0.06501895705842294,0.716017829499156,0.7040950233970278,0.08281939505272663,0.0405135021879845,0.704095023396055
318,0.1276327535097583,0.5423166246381749,0.5872038796072234,0.587191759689119,0.4495278095217715,0.39395268822750384,0.0012607720743990712,0.8304221633159578,0.39395268823267227
319,0.008983422096025526,0.021774593308135266,0.706910599248247,0.7069105812506958,0.5017195336145667,0.01665585161882234,1.8729791678133272e-06,0.999722544114218,0.016655851618630077
320,0.04310872074632022,0.08620585210324941,0.7038148248328316,0.7038145221808706,0.5072958901000176,0.06815354250786165,3.143557253446859e-05,0.9953442561741952,0.06815354250860052
321,0.20095710790045138,0.01989473570946876,0.6925396415247858,0.6925382914987834,0.5476855550211036,0.14279278645067264,0.00014121875458483985,0.9793979887321581,0.1427927864505623
322,0.06995787926156873,0.2525478197138966,0.6823960151446999,0.6823937077681861,0.4990650269651489,0.1853031382814292,0.965052037798953,0.0002413028525926488,0.1853031382790713
323,0.09752999087572312,0.0161801699020393,0.7036428608241447,0.7036425423415914,0.5215292821706867,0.06990671290474662,3.3307431725874897e-05,0.9951010510859389,0.06990671290463334
324,0.4680799869803894,0.41349616243635745,0.5522408626433335,0.5522246667374151,0.43297322663267934,0.4416321699471351,0.7809732269837352,0.0016945975669517095,0.44163216995761684
325,0.8280848354842641,0.5524784841299413,0.06741094583945148,0.06707305118691312,0.6051603273659769,0.7039023263888358,0.03861417548369522,0.08690210162134242,0.7039023263847789
326,0.40822803415364406,0.5549351053242209,0.5125517849783461,0.5125305539432321,0.524168223924617,0.4871360687705781,0.7248392681333159,0.002221796976377713,0.4871360687661095
327,0.16143036146399273,0.55910161898889,0.5750483229090885,0.5750348201292141,0.3897214099206914,0.41149385290944596,0.8132303665135857,0.0014103268317766848,0.41149385290199986
328,0.02525383901217566,0.26812669337862843,0.6809822486579958,0.6809798065476755,0.47624271756972014,0.19043329552391633,0.00025448699218244694,0.9630525713321061,0.19043329552079566
329,0.0930315215029764,0.992043365291816,0.06016902727720906,0.05978951031616331,0.09151664710341574,0.7045583377543393,0.048112341214013456,0.06985914407032534,0.7045583377645267
330,0.8857668675456443,0.4567716057461972,0.058405063062406774,0.05801383585933462,0.6441018296105865,0.7047067629383847,0.06155684919179073,0.054658127117718426,0.7047067629351133
331,0.09525636661018463,0.17787030704899223,0.6925641650198753,0.6925628172381503,0.5130612641341666,0.14267379140877073,0.00014075654593509544,0.9794326718453472,0.14267379140726327
332,0.1760510416673828,0.04972582896718503,0.6951744052306367,0.6951733013958282,0.540572428418152,0.12935731007282208,0.9831242848486206,0.0001149009717410921,0.12935731007317705
333,0.26831749770936786,0.09663172294420473,0.6777432257160646,0.6777404743261262,0.563815049509368,0.20165808867474952,0.9584716731756362,0.000286816519387777,0.20165808867543367
334,0.5834836628472688,0.8035924431688644,0.08316019642698087,0.08288784094728917,0.4366646120863124,0.7022157743750747,0.11367877507793515,0.02937938977340045,0.7022157743686224
335,0.03923246782881044,0.06009095645249518,0.7052836757553658,0.7052835083380912,0.5073996708306581,0.05074499768136856,0.9974216210364673,1.759751634864597e-05,0.05074499768087708
336,0.37508493728027753,0.8909528668633523,0.1810485152614148,0.1809301356188671,0.25726416408430913,0.6835516517164301,0.2556563624659294,0.012413830356249602,0.6835516517296384
337,0.16649486755201306,0.9431121999105547,0.20354470756088947,0.20344136620330808,0.15670636459937695,0.6771931639220884,0.010794622211968535,0.2875800994332143,0.6771931639336596
338,0.35460733890308455,0.44572109539659904,0.5812061667286054,0.5811933689153483,0.4154603906708585,0.40274909042625556,0.8219395091159203,0.0013355406440046195,0.40274909043509355
339,0.9002768439169706,0.33667505135727605,0.19518437226830418,0.1950758183955886,0.6097969060523817,0.6796500886232573,0.27572193611495444,0.011354648629597586,0.6796500885999537
340,0.9121049551857935,0.06949808649299077,0.28572096251712126,0.28565380844234983,0.6170152970959377,0.6468251051586261,0.007012706976368299,0.4039621128771763,0.6468251051383197
341,0.013022637060913526,0.018431274704509785,0.7069267014303869,0.7069266849125859,0.5025952010157542,0.015957771825173755,0.9997453170851889,1.7267687258486873e-06,0.015957771825322972
342,0.33543849222482086,0.9340836459541549,0.086642743098486,0.08638168418878348,0.2646087327481186,0.7017945709726041,0.11908578249641602,0.02805952070398341,0.7017945709810294
343,0.029070178935783342,0.07031196620630795,0.7050572379448967,0.7050570496962343,0.49306072277131985,0.053799850813196076,1.961776865597033e-05,0.9971013748461028,0.05379985081422902
344,0.9347084535708594,0.26631592883828,0.16649211203542505,0.16636198333799404,0.635319236362506,0.6872423397548219,0.013607540401828948,0.23496971658998986,0.6872423397740725
345,0.1955910070171545,0.9051525193222352,0.2669104716046215,0.2668367958416868,0.26419575595815986,0.6548117762167145,0.37733779479714036,0.007698317016773955,0.6548117762079823
346,0.01846613998749449,0.058896682637390674,0.7057585837982485,0.7057584600259607,0.502958495840051,0.04364526032069712,0.9980932733650321,1.2907392672658434e-05,0.043645260320154276
347,0.01937389037914124,0.036080979575712865,0.7065135852198056,0.706513530786419,0.4958599973759071,0.028958459174584807,0.9991610557121618,5.709159241281669e-06,0.02895845917516843
348,0.3292981946354396,0.9381829364821118,0.07556722571762417,0.07526666659935963,0.21930021620733695,0.7030734397109537,0.033040189886240426,0.10140918378489543,0.7030734397410888
349,0.6209208427452326,0.7772240877453304,0.07219904705130155,0.07188408779324709,0.46022129730632877,0.7034273151926607,0.035043897620492495,0.09566582311644925,0.7034273151988459
350,0.02214988717745464,0.08233076427296968,0.7045322423716721,0.704532005810237,0.502900554482638,0.06028669939480158,2.465011973843076e-05,0.9963588847120421,0.060286699394029725
351,0.05326439707373459,0.10444113674407833,0.7022305829524776,0.7022301341627238,0.5085913893168302,0.0829006846780291,0.9931036958720629,4.695980560447373e-05,0.0829006846771348
352,0.07566783126517636,0.028108821294027867,0.7047994651911046,0.704799253232087,0.48571046438081783,0.05707769489935804,0.9967368123047985,2.2060004109605253e-05,0.05707769489740634
353,0.4587685756697615,0.8545048411925319,0.17233108389817992,0.17220588804954892,0.3793503410399931,0.6858014033353989,0.24327208623871877,0.01309818359608361,0.6858014033426395
354,0.6759118764808116,0.7149159943069681,0.1266543403281436,0.12647898794781295,0.4577607912305061,0.695687337717613,0.1780413880509257,0.018426080895294607,0.6956873376906562
355,0.2778989980205037,0.9570935588872038,0.05826496945388723,0.05787278955066168,0.1837650986047802,0.7047183598949815,0.05567744947095864,0.06036628244514017,0.7047183599077728
356,0.6215736630238033,0.6879276185850777,0.26499169514592125,0.26491730988374557,0.4244882461294958,0.6555906575021608,0.37462205133039206,0.007752304777195281,0.65559065751695
357,0.18002920030433497,0.6872046726586841,0.49767578169670007,0.4976525312877297,0.33821465096545006,0.5023249816724752,0.7037992102886953,0.002428411315110847,0.5023249816634986
358,0.9590089089181202,0.2354001074795499,0.11165444863330065,0.11145402821359532,0.7075445251469343,0.6982518470054526,0.15634438676732768,0.021098555187300028,0.698251847007106
359,0.16392449451183058,0.01556947374413829,0.6974552296888188,0.6974543384093931,0.5379766971791919,0.11643377605672461,9.357575974949015e-05,0.9863500103056444,0.11643377605661126
360,0.13036381033176214,0.0072378022845248444,0.7010540896690757,0.7010535321040295,0.47751461310131565,0.09232309701055098,5.827121322961338e-05,0.9914398055967585,0.09232309700776097
361,0.5232136755883998,0.8481059448111193,0.05920005472364759,0.058814195344556904,0.35524808273438746,0.7046404203447818,0.05064931801528234,0.06632045414423342,0.7046404203301243
362,0.08342593807514832,2.910383045673371e-11,0.7046438941680251,0.704643667894794,0.4846458868436947,0.05896729477972489,2.359256338613402e-05,0.9965167914972126,0.05896729478152309
363,0.062359578355968046,0.48678676981553337,0.6161010352460937,0.6160920724334537,0.4241399725945755,0.34702310632673183,0.871291602741525,0.0009329194828183731,0.3470231063325279
364,0.3616348261919657,0.22736569149315702,0.6393486773395127,0.6393421334474667,0.5797601722304004,0.30205538000675836,0.0006855468381132189,0.9041706834677156,0.3020553800084143
365,0.1686469383109083,0.042083265098716315,0.6963435195647182,0.6963425247370777,0.47220714351592374,0.12290807744788235,0.00010392545100321111,0.9847777405061956,0.12290807744439547
366,0.09151741597714586,0.16662928423493703,0.6942121078926022,0.6942109142497872,0.513241311427083,0.13442610570897112,0.9817633261811813,0.00012479534941064752,0.1344261057075668
367,0.9397659157678487,0.32553253894073325,0.07387133116205868,0.07356368726590355,0.647307477763724,0.7032536563651217,0.033913206072319055,0.09858237218542992,0.7032536563412033
368,0.15264633822687376,0.3605290559815305,0.6506630941931424,0.6506576927033139,0.44154045379727147,0.2768412042832955,0.9201725798722727,0.0005643316403393488,0.2768412042886344
369,0.3750403816527567,0.9086840642542658,0.12977345138425803,0.12960260343032604,0.25214913897248126,0.6951122270832728,0.01792551481628769,0.1825285167273098,0.6951122270966245
370,0.9387494188831056,0.2593540433234989,0.16051246705026548,0.16037692065822268,0.7066291026690396,0.6886635576386759,0.014200376961078499,0.226458292081654,0.6886635576404914
371,0.03799087022226446,0.04086313945577705,0.7060053258887885,0.7060052247896182,0.5075790683557977,0.03945315187827704,1.057905655828949e-05,0.99844223543561,0.03945315188038631
372,0.9196721554275147,0.23753106567201743,0.2211600005784187,0.22106644593009664,0.7124080031936256,0.6716464399630923,0.31254855198831577,0.009773536822339456,0.6716464399614427
373,0.1121314041505103,0.9892472473453493,0.06656532214330094,0.06622303006383295,0.0750005034375367,0.7039828010050198,0.0852573279506153,0.03933979986728439,0.7039828009733212
374,0.010418984515491187,0.005117625540605287,0.7070591420981752,0.7070591377291611,0.5021320454910668,0.008208085315322538,4.531004487788244e-07,0.9999326250656628,0.008208085315286034
375,0.522310343054626,0.8182723399713007,0.1698020857669571,0.1696747914253567,0.35220561255365823,0.6864319765294369,0.013319278333293934,0.23967661546493774,0.6864319765438088
376,0.8868642384104319,0.45301368671862463,0.06440457953546054,0.0640505457366084,0.6110085402378469,0.7041837749091514,0.04158593062869391,0.08075291108091577,0.704183774934082
377,0.9427350775250957,0.3119641844268533,0.08358873386353928,0.08331781836772367,0.6483932433690841,0.7021648897327982,0.11436031761883043,0.0291659568776136,0.7021648897089916
378,0.15554772224866448,0.07334570863951878,0.696572562375598,0.6965715889073548,0.534633917475807,0.12160322132391663,0.9851016713385256,0.00010125940557253476,0.12160322132339839
379,0.947249999610935,0.2640828335474035,0.12849521253173277,0.12832254524863312,0.6470703777046094,0.6953496619559568,0.018125049490402362,0.1806908349740881,0.6953496619364095
380,0.05762554289205934,0.2687279379409723,0.679877950724223,0.6798754035081871,0.4709602366963667,0.19433914662893684,0.0002663823368214918,0.9614907806197832,0.19433914662555313
381,0.18969576416481224,0.14916496806058357,0.6862098803012537,0.686207934622108,0.46480093216845875,0.1706380242460237,0.9704459221713655,0.00020372130205190088,0.17063802425016655
382,0.8290404521604805,0.445776582549943,0.2387632705800532,0.23867816773547526,0.5603293576151593,0.6655917791301721,0.008929716819303579,0.3374839659734584,0.665591779112913
383,0.006058852766388744,0.09867871717055218,0.7036427535686173,0.7036424350699094,0.4962317117013984,0.06990779255357465,0.9951008993937571,3.326369735197105e-05,0.0699077925524543
384,0.08636375081416954,0.10478265463942862,0.7005579002986203,0.7005572968438863,0.48138559770458766,0.09601588974552965,6.302852652523257e-05,0.9907380551182186,0.09601588974931206
385,0.5522662237810134,0.8269889973923877,0.07462093828080205,0.0743164695861601,0.3745598508619294,0.7031745081761018,0.033557506178145256,0.09982542692501584,0.7031745081909857
386,0.9059245272888063,0.399156254543098,0.10004992615281513,0.0998250849861604,0.6208013845621124,0.7000089158925592,0.023801773582804005,0.13931443173623775,0.7000089159112519
387,0.061876360347141814,0.09573882557589992,0.702497683047741,0.702497258925913,0.5109918450253672,0.08060585125616442,4.437472810102435e-05,0.9934814500113978,0.08060585126033705
388,0.023535539633394116,0.4657172102326956,0.6255251913054669,0.6255172208024786,0.44181085398320125,0.32973204388196964,0.0008320839183745126,0.8846201818376919,0.32973204387687166
389,0.9541116466902533,0.2267981628857998,0.1383431634270839,0.13818367521025732,0.6509724997994053,0.6934574395973269,0.19481892409968987,0.016707656157163915,0.6934574395775711
390,0.8585279412588145,0.4887263648704341,0.10982048899531865,0.10961654687284522,0.5865905189712657,0.6985426518379402,0.021518181222352686,0.15366618049648914,0.6985426518200035
391,0.036853826694549265,0.02027039688029763,0.7064810640039229,0.7064810065898218,0.49271459442698484,0.029741330936760735,0.9991150616583254,5.980280389632285e-06,0.029741330935698407
392,0.35997479636746355,0.9223400184596123,0.09937803778657157,0.09915161084835288,0.24063159313685162,0.7001046220495227,0.13832127646402234,0.023963739388834178,0.700104622079279
393,0.03405500286793846,0.10083387321284636,0.7030907858297809,0.7030904164286563,0.49081564347057066,0.0752569372448575,0.9943202629547909,3.834157283461533e-05,0.07525693724809197
394,0.642933911521365,0.7322854872086296,0.15880411808979805,0.15866695534101602,0.5005709193241226,0.6890595218675547,0.22402765880201092,0.014337319524802902,0.6890595218732557
395,0.3804547575205704,0.9101024182609063,0.11621615249219505,0.11602402548668803,0.25490653598930013,0.6975070721473118,0.0202201223508935,0.16296906222452062,0.6975070721607503
396,0.018441393551427973,0.0018459670389756792,0.7069853333567079,0.7069853222154838,0.49633103493601005,0.013105201073689983,0.9998282389532062,1.1651781599815138e-06,0.01310520107407987
397,0.7731923233937656,0.6051949090340079,0.13408389542597435,0.13391893073758587,0.5833217665730591,0.6942936082752554,0.18871486237441715,0.01730525184753911,0.6942936082707583
398,0.6596578824070862,0.7467587531615787,0.06020120076997394,0.05982188713702612,0.4849575700846757,0.7045555894510598,0.04815157065947422,0.06988754536974,0.704555589445224
399,0.04831490037750925,0.9801241763971876,0.13613674662529143,0.13597446621159526,0.09229439691005539,0.6938939871268155,0.01701072138240972,0.19165830167591777,0.6938939871378086
400,0.6468130458833401,0.4354825848134135,0.4427277285102204,0.44269623943233016,0.4738709388774959,0.5513674809158126,0.626080615954475,0.003296107615335836,0.5513674808956428
401,0.12507241079367673,0.1324336509524719,0.695276830515782,0.6952757362733416,0.5239083772422999,0.12880562778315502,0.9832691429163638,0.00011441603266927052,0.1288056277841807
402,0.1078882862849106,0.011295193740930664,0.7029342344495074,0.7029338506002851,0.5240518353239275,0.0767054878061256,4.011486425369932e-05,0.9940988555831141,0.07670548780605145
403,0.1489690311407324,0.08119276079949125,0.6968562561392982,0.696855308966117,0.5326295550069841,0.11996673840150938,9.855026251540167e-05,0.9855028937768716,0.119966738400924
404,0.2043448572931029,0.9685187283085551,0.10064686212495634,0.10042341040730389,0.13856969290394763,0.6999233343029779,0.0236866209420267,0.14019128432888583,0.6999233342908076
405,0.932157355702011,0.33054816810153015,0.10455962473416491,0.10434490592382117,0.6868715235818794,0.6993494925379812,0.14596183545291402,0.022709405716947757,0.6993494925786864
406,0.7479477552341511,0.6336872719497902,0.13974738715108936,0.13958962924754525,0.5673823702481358,0.6931758085787353,0.19682728395713422,0.0165413753684895,0.6931758085739793
407,0.21857310379121841,0.9696849387502994,0.07740228017202444,0.07710904541012903,0.18155942416328572,0.7028737732079182,0.0320488128651209,0.10444994712218084,0.702873773217185
408,0.06879454791626813,0.062437194356582404,0.7040487563776744,0.7040484753061544,0.4861549929081523,0.06569281947948442,2.9373768302447102e-05,0.9956751006603775,0.06569281947794015
409,0.21823991151821365,0.11489883734716747,0.6852635944155967,0.685261559089237,0.5491466967811469,0.17439954386826895,0.9691076065428454,0.0002124560974437329,0.17439954386909481
410,0.7531400383703979,0.5865603920607666,0.21067602656585693,0.2105768289707397,0.5086091942022997,0.6750085225050455,0.01037873758574292,0.2976898904482249,0.6750085225214572
411,0.6049517931982182,0.7679517105919007,0.14887465090257104,0.14872738962233295,0.4079712091229079,0.6912729207316817,0.015439049904972333,0.20986932563685293,0.6912729207468327
412,0.35773833359216056,0.7183169949248244,0.42194401838138423,0.4219090243560189,0.3309676562928374,0.5674310621264688,0.5966830606613556,0.003647547213518452,0.5674310621151735
413,0.465682664284437,0.853821550049053,0.16457793053851308,0.16444610556786518,0.3142517961043825,0.6877032729033813,0.2322482413943158,0.013753953105370939,0.6877032729173223
414,0.0,0.9959164760625384,0.06479187281084411,0.06443999795497538,0.04361198892957478,0.7041482442982158,0.04119943973014542,0.08156657578135759,0.7041482442873582
415,0.6098394041163534,0.7282866024488033,0.2210609664445528,0.22096736183244978,0.5001688467867055,0.6716790431921822,0.31240904997903907,0.00975250592344424,0.6716790431864353
416,0.014828448464927245,0.0014649596182306876,0.7070282813263228,0.7070282741264243,0.5030495799815354,0.010536341645948397,7.522264888131e-07,0.999888979341646,0.010536341645936852
417,0.012032512513411439,0.0010115593226157809,0.7070552319574631,0.7070552272290704,0.5024683356982806,0.008538284652899745,0.9999270950374981,4.948815591670585e-07,0.00853828465289212
418,0.47762988968912434,0.8746422497364084,0.05880553631638804,0.05841702613070484,0.3564731207328732,0.7046734562785208,0.06422839435994546,0.05239612009831276,0.7046734562711227
419,0.12369076497317462,0.04087670950991063,0.701081474404163,0.7010809193861143,0.4780812122597846,0.09211490303035136,0.9914785352700426,5.812715143460739e-05,0.09211490302722852
420,0.415232792027632,0.7246676933199445,0.38888973323297565,0.38884860558998213,0.3392425592119465,0.5905766407937292,0.0043038556779116735,0.5499272129196666,0.590576640805837
421,0.14278585811397118,0.0,0.6998633174699407,0.6998626496695046,0.532691033137299,0.10095446611604939,6.958124922435446e-05,0.9897557207214823,0.10095446611603164
422,0.010425102379220478,0.02480676884312683,0.7068507532220691,0.7068507297367264,0.5020068216844209,0.019027066774227535,0.9996379051706125,2.461513764469036e-06,0.019027066774010212
423,0.3969099762645332,0.7891093259649814,0.331515249470093,0.3314612824834406,0.4146136308688881,0.6245922900671981,0.4687613897348028,0.0056304449807814,0.6245922900355345
424,0.03902332945226745,0.04254192936794894,0.7059275872354785,0.7059274789835037,0.4919448642269784,0.04082055852026175,0.9983322913115864,1.1343170836737114e-05,0.04082055852118695
425,0.31187953574000804,0.9245484883066757,0.15489497461762647,0.15475398151462172,0.2745346640386702,0.689948821301964,0.01473600657726696,0.218458458445943,0.6899488213103876
426,0.003891841983505677,0.030714155205028133,0.7067678325267633,0.7067678014324529,0.498952141128692,0.021891845100088677,0.9995206322160726,3.2596314015694306e-06,0.021891845099724305
427,0.10423276092182952,0.04534020985001737,0.7025241595375602,0.702523737840677,0.5227138213168527,0.08037475672266745,0.9935188951564408,4.393992723922144e-05,0.08037475672234755
428,0.03228861827048092,0.02803012918190821,0.7064601336356824,0.7064600743033841,0.506570522809142,0.030234442269586485,0.9990854602898243,6.225721914812636e-06,0.030234442269798757
429,0.18175764014941143,0.08618132034453253,0.6926538802815427,0.6926525408903591,0.46929699128399766,0.14223758246403911,0.9795595544118842,0.0001401118817105295,0.14223758245905183
430,0.06206573220424471,0.019462130849827525,0.7056094048256099,0.7056092673501287,0.4881750369880965,0.04599418251881102,1.4423615058770054e-05,0.997882292728304,0.04599418252008755
431,0.5722657904626668,0.8159118932827973,0.058502979501233225,0.05811243313689884,0.42298987943581956,0.7046986400276771,0.05369686246277856,0.06258035200656592,0.7046986400210536
432,0.17179584963903388,0.12143553350424682,0.6912820071193305,0.6912805392041729,0.5365336993515549,0.14876223100673336,0.9776193398938762,0.00015334537648261385,0.1487622310149922
433,0.010921743805838739,0.013221122552056475,0.7070028044211993,0.7070027948843931,0.4977783804755999,0.012126058020335511,0.9998529479042298,1.002915200558101e-06,0.012126058020067675
434,0.9666294883085823,0.23060654868352182,0.07903586982627907,0.07874886232425822,0.7052991894379143,0.7026919481414716,0.10712002955130791,0.03119857858121794,0.7026919481398524
435,0.031749372433582994,0.9841568892937326,0.12343349619370879,0.1232532621197302,0.09823520044353186,0.6962660430499245,0.01887621499609938,0.17340958195318473,0.6962660430394719
436,0.35200281151156,0.7631940549515633,0.38318484322705415,0.3831425752250432,0.31026521673939894,0.5942941792400064,0.5418574553627837,0.004399442781634707,0.5942941792516767
437,0.07215152741651919,0.5746416151641371,0.5764531865379156,0.5764398450343577,0.3958761230681311,0.4095233990827341,0.0013974316065209576,0.8152172829361855,0.40952339907593666
438,0.46550590551226856,0.8800944591630039,0.06627014272229119,0.06592629355411535,0.3496867637017746,0.7040106504845149,0.08466636530288618,0.03961836171037956,0.7040106504919926
439,0.43571586902155673,0.6624459653121075,0.4308978188220075,0.43086436524610716,0.36555955040584215,0.56066164862698,0.6093478781373292,0.0034921217088172553,0.5606616486387981
440,0.019856849697573446,0.0661940802546786,0.7054162842851966,0.7054161290505001,0.5030399803846229,0.048866914884281236,0.9976091664555206,1.6224894146120767e-05,0.04886691488489189
441,0.016599221703214945,0.023625071750936696,0.7068119835049034,0.7068119564618826,0.5032915259607281,0.02041663753472267,2.822768235655442e-06,0.9995830739941741,0.02041663753327523
442,0.6907942839325608,0.6692764844010688,0.19353898142183937,0.19342935315702292,0.545138451834238,0.6801204849144248,0.2733880775904398,0.011454738056850804,0.6801204849195628
443,0.5691267864467741,0.817254498492478,0.0641687885671889,0.06381341721298874,0.4219975013130928,0.7042053018644746,0.04181754319350772,0.08025633136294408,0.7042053018711151
444,0.9761459838043927,0.1744749772456861,0.0914947862327524,0.09124804200361321,0.7147456262722052,0.7011784719044303,0.12651001022140224,0.02631954389899122,0.7011784719031944
445,0.028751217582593025,0.9585018427435537,0.200611257029108,0.20050613082377602,0.1447990673760595,0.6780679962471801,0.010974562214279924,0.28342043668184014,0.6780679962368112
446,0.1810688028765683,0.043255956271814694,0.6947462127285396,0.6947450689074336,0.5421067817037337,0.1316377398928952,0.9825187004502148,0.0001189010737648113,0.13163773989260516
447,0.08301494432051372,0.09490530360071216,0.701463552653132,0.701463033001144,0.4824398692025917,0.08915855996965388,5.427569299469869e-05,0.9920189007383211,0.08915855997165376
448,0.015703472986545536,0.03255195796720414,0.7066448297625946,0.7066447873850444,0.5029680405485307,0.025556105252484845,4.40850146356424e-06,0.999346672055912,0.025556105252203587
449,0.12836011280556506,0.9753586554466102,0.1269715606722467,0.12679667766294644,0.14638857627538174,0.6956295081894258,0.17850105741122876,0.01834522251106251,0.6956295081796161
450,0.007701104921287312,0.021189971650921444,0.7069270476517954,0.7069270311635553,0.49832541637776223,0.015942426236126878,0.9997458067371026,1.7269870274825909e-06,0.01594242623642694
451,0.727722718370313,0.6702611083646476,0.10299169758958882,0.1027735472245202,0.4953723835841434,0.6995821282006314,0.023171119755651445,0.14364118835057466,0.6995821282170948
452,0.3643446825656517,0.29639970683199107,0.6242636789379359,0.6242555768551973,0.4426676815186113,0.3321143130901213,0.8828360293082839,0.0008434637661915828,0.33211431309811507
453,0.4357601358710344,0.5517283561852045,0.5028576295027015,0.5028350916729541,0.39791386826119823,0.4971373427152767,0.7111282470605383,0.0023539752399993367,0.4971373427043719
454,0.02700725834405077,0.007567326167658279,0.7068286141785631,0.7068285886619334,0.5056167312669669,0.01983250398446882,0.9996065943981755,2.6628325927317355e-06,0.019832503984521327
455,0.3058492207775073,0.9100336504850591,0.19791068064577272,0.19780387160251078,0.29051328233809504,0.6788611753717128,0.011160637209137377,0.27958978756689534,0.678861175379995
456,0.4135928943826569,0.7072201957494922,0.40546966291125675,0.4054317056920375,0.3456494276478286,0.579318342749503,0.003961818406341247,0.5733801701459847,0.5793183427375972
457,0.09453032798854917,0.3671471101695073,0.6543216372847077,0.6543166009670515,0.4860960598501893,0.2680792612998307,0.9253468237571908,0.0005244830741512913,0.26807926130329646
458,0.07282925214960279,0.15532718019383474,0.6966242590741646,0.6966232904473789,0.4802973975677681,0.12130670401139743,0.00010106671520460725,0.9851747849543662,0.12130670400901039
459,0.013371756672245537,0.0032839848543473535,0.7070397514497745,0.7070397453020696,0.5027471717598357,0.009736232151756,0.9999052012898847,6.402911165659556e-07,0.009736232151732962
460,0.4857418436125914,0.6107406647672207,0.4421982773843909,0.44216670123044954,0.392200130891979,0.5517922126193163,0.6253317706218339,0.003299219559632373,0.5517922126071976
461,0.08767857539477997,0.14014317535933518,0.6973785238293122,0.6973776253355094,0.5143550659643229,0.11689234830130087,0.9862415266962318,9.400441992851479e-05,0.11689234830245675
462,0.0065392133949286205,0.007281593080588995,0.7070729175562065,0.7070729144506848,0.4986703872243435,0.006920365191442134,0.9999521073987129,3.2362501697421073e-07,0.006920365191598096
463,0.10797860652619641,0.06203223201022917,0.7016029269200432,0.7016024200805203,0.4797817144916039,0.08805503130128318,0.9922160148463803,5.299039894744914e-05,0.08805503129812778
464,0.8969309798745039,0.4326521242141295,0.0647009717788206,0.06434858976887732,0.6531728446789954,0.7041566030543256,0.0813859651171324,0.041270830332329304,0.7041566030512174
465,0.23911266962331684,0.8854383694849334,0.28183559964863625,0.28176716102882987,0.22106631054692574,0.648527548258279,0.007145573739267549,0.39846327188272906,0.6485275482865575
466,0.11144788622381219,0.9351875573162615,0.23774384851364572,0.23765829207289418,0.16225091499307806,0.6659566047004112,0.008930480532338022,0.336041437645041,0.6659566047114575
467,0.7421823669957246,0.6618556002862993,0.07469218584133526,0.07438800887589399,0.5080279751104759,0.7031669437218839,0.0999470584252087,0.033512445485588876,0.7031669437384976
468,0.04409485371193027,0.02626779317490866,0.706174825293046,0.7061747397644917,0.5091648320677435,0.03629292658957192,0.9986819548183341,8.907470195995222e-06,0.036292926589763116
469,0.9885620685310283,0.1118172226588953,0.07171935654422246,0.07140223578706442,0.7192331285498105,0.7034763871739326,0.03531488139848344,0.09484094332259617,0.7034763871731633
470,0.9405378297247861,0.31343897656798597,0.09270833106562676,0.09246493484352623,0.6459060935886668,0.7010190443949201,0.025901634729538592,0.1283499284882114,0.701019044371143
471,0.8776719915976946,0.35350909098739147,0.22887141988362017,0.2287817142541742,0.5933363420216948,0.6690578451851434,0.3234740112756543,0.009368225331454956,0.6690578451670652
472,0.9458238680922565,0.2909357337093065,0.10202576777435773,0.10180546960177081,0.695880372329792,0.6997236558356673,0.14223429629460177,0.02330270131044237,0.6997236558336346
473,0.7410713427407798,0.2665189186204646,0.43578054778263564,0.4357479146938208,0.6801900460913674,0.556874792487655,0.6162542689797823,0.003406897406970745,0.5568747924857755
474,0.09962287504852489,0.9582283985150448,0.18962620300732694,0.1895139479248898,0.16895739138797047,0.6812218312298305,0.01172775513722644,0.2678359443474589,0.6812218312200531
475,0.008843263104425509,0.0008953718551020339,0.7070788494325903,0.7070788468706944,0.5018104675296494,0.006285101156422466,2.666470184139378e-07,0.9999604967231636,0.00628510115642854
476,0.23836523247684976,0.22352046794226563,0.6682909219519296,0.6682872585900242,0.5454092664089729,0.23106209516454604,0.9451034177052746,0.00038235969919889104,0.23106209516284223
477,0.0009425795729843171,0.9966301569699065,0.05819359727582788,0.05780092558085227,0.04225347352076107,0.7047242575017783,0.058583686666733255,0.057405517317053144,0.7047242575125863
478,0.002024814184712216,0.07640075518267998,0.705038684265386,0.7050384942855014,0.4977287372252588,0.054042461384818434,0.9970751347516136,1.987675790065617e-05,0.05404246138396016
479,0.05917569452801941,0.10887709826853985,0.7016568672862659,0.7016563654950857,0.5097413996795125,0.0876241557745689,5.234246189726779e-05,0.9922923016480663,0.08762415577364976
480,0.25467802856268384,0.22595887499780717,0.6648635213997692,0.6648595238763201,0.5495673560196994,0.24074707830384362,0.9402560893559743,0.00041833737440690616,0.24074707830213202
481,0.9793327418652147,0.0,0.14349329204646136,0.14333999759330052,0.7302094731981903,0.6924100375599653,0.016059919553012756,0.2021849617462417,0.6924100375599924
482,0.2879591368377083,0.3357988019360318,0.6341638877084006,0.6341568131437052,0.43594530943404103,0.3127949007531624,0.0007340011596309664,0.8968378679406391,0.31279490074617855
483,0.11449456226040418,0.12426783778799097,0.6969396705896859,0.6969387313549548,0.47596598688863484,0.11948117068465475,0.9856208652185817,9.874253601752012e-05,0.11948117068194643
484,0.02667615414046927,0.051992434405063515,0.705898479303111,0.7058983683806507,0.4941024529090887,0.041320881131835865,1.1572082715648838e-05,0.9982911245879114,0.04132088113266221
485,0.9732043020252477,0.21314965385266377,0.06118057921908864,0.06080746918313869,0.7063487573485714,0.7044712160251367,0.04609500006329318,0.0729099619476416,0.7044712160266204
486,0.019192091087784136,0.02543809019262535,0.7067476967673604,0.706747663824269,0.4960176768895623,0.02253256302496323,3.4324110595705524e-06,0.9994921546441721,0.022532563025452864
487,0.03210329945003628,0.0602949402008827,0.7054552120170114,0.705455060360776,0.4928007014401693,0.048301664824308733,0.997664221118212,1.584880587984051e-05,0.04830166482231082
488,0.048216595886043094,0.06531112530630936,0.704772984379892,0.7047727699625229,0.5091673392926525,0.05740375949219166,2.236287001058436e-05,0.9966993610373638,0.057403759491666144
489,0.7933484229595005,0.5239966346324345,0.21916575870280322,0.21907116855893186,0.5359740458046963,0.6722998562178524,0.00988180877805165,0.3097227091073972,0.6722998562010103
490,0.728992851431003,0.3413157952061018,0.4195847125591691,0.41954930519781364,0.6648490390058921,0.5691779376862163,0.5933458901681766,0.003688512689824095,0.5691779376837651
491,0.7945074041956505,0.6006052507596642,0.06354842987549407,0.06318951256775945,0.5459566993464994,0.7042615574264839,0.04261013484930332,0.07883967177960476,0.7042615574436913
492,0.30985435253080906,0.9421430162303789,0.09055916031547293,0.0903097761539998,0.24834413969046729,0.7012999297026529,0.12509646416557596,0.026602478066899214,0.7012999297112594
493,0.45837122707986344,0.7803006426068271,0.3008855935004174,0.3008231788884866,0.43645713478515635,0.6399114292914476,0.006510572700085342,0.42542254027706355,0.6399114292849473
494,0.8176141892555817,0.5687758833876898,0.06342917850098073,0.06306957522596388,0.5969830082673478,0.7042723081313805,0.04274066287451959,0.07857650884036183,0.7042723081271955
495,0.2664301753536888,0.9544326699771923,0.09517951991223374,0.09494268456623933,0.1772960887850858,0.7006877855432032,0.132051848027466,0.025210390633600897,0.7006877855558759
496,0.6629018244268502,0.7336620140871173,0.10570254000523899,0.10549025212611245,0.44994419897902393,0.6991776525908416,0.1476321869724204,0.022493501882326735,0.699177652575061
497,0.225488823416602,0.9504327231842558,0.15145326659111263,0.15130874810678913,0.16271382104173887,0.6907125200841887,0.21354938954199726,0.015135634806731043,0.6907125200719858
498,0.30569571145928404,0.32404892338277475,0.6330685302292948,0.6330613424330914,0.4377324096250369,0.31500601006540385,0.89528870532748,0.0007492415581802171,0.3150060100582337
499,0.2833314318992125,0.9406776489080274,0.1320854246060664,0.13191778177877866,0.19277393340824076,0.6946765936173327,0.01758807311232332,0.18584811063606188,0.6946765936300228
500,0.9957350284411991,0.04083899998399279,0.05869193526173734,0.058302665592971765,0.6884334061431296,0.7046829272409922,0.06368546322923943,0.05280251749008807,0.7046829272623628
501,0.9892635824894328,0.11664752298705765,0.06243564926808176,0.06207019769284438,0.6834789121802268,0.7043610864785799,0.07621772885340093,0.044065605063191425,0.7043610864560577
502,0.07365948551469703,0.9775677965528524,0.13960579163365522,0.13944786222400382,0.09639155131667257,0.6932043409485601,0.19662549266078316,0.016549893425899246,0.6932043409800329
503,0.04303538627409235,0.4115310112858946,0.6437383151088177,0.6437322168458409,0.4473566819675517,0.2925831630993282,0.9103789201998566,0.0006379656291495112,0.2925831630945268
504,0.8164731016859064,0.5327096769489825,0.1575367517052514,0.1573983677502994,0.5536493668137837,0.6893503919366077,0.014468981341975676,0.2222222376073693,0.6893503919115006
505,0.016218393851156945,0.013195969790190745,0.7069522084729841,0.7069521942941794,0.50330165083986,0.014784618997660214,1.486301608189467e-06,0.9997813911450724,0.014784618997759022
506,0.3078710390088845,0.8189246876791221,0.34250027620985163,0.34244903277043015,0.27471730894889373,0.6186364929282865,0.4843026515211183,0.005359195727176531,0.6186364929165983
507,0.07862893149861377,0.1515110121507681,0.6967292302593724,0.6967282713757069,0.47974951892549134,0.12070231059675772,9.970398570037538e-05,0.9853232436571837,0.12070231060177113
508,0.995072897761718,0.02811152241650088,0.0673984871322409,0.06706052773273816,0.7229710101907735,0.7039035195082414,0.08689051534747107,0.038596745849347004,0.7039035195084531
509,0.9935863706772007,0.06484501458544996,0.06567614107997383,0.06532910975029166,0.7215880245162494,0.7040663150270413,0.08347042136482512,0.04017383284055467,0.7040663150274428
510,0.12334527993412948,0.020514493411434836,0.7015574867447327,0.7015569757834759,0.5277631956183967,0.08841635177367463,0.9921517497941363,5.346471974906406e-05,0.0884163517738116
511,0.7685025054613265,0.5342323806720036,0.24903798732086282,0.24895732373524312,0.6184069990265961,0.6618158096611851,0.008428006955222774,0.3520349938131203,0.6618158096572417
512,0.06369925627520882,0.08127674769170093,0.7033267320427627,0.7033263844252478,0.5120905016443832,0.07301885018699235,3.638448807233087e-05,0.9946539567662781,0.07301885018763796
513,0.7296691059427846,0.6683122463316523,0.10243689090639076,0.10221751619578637,0.5440635846993079,0.6996635844358848,0.14283932705965977,0.02320913356735243,0.6996635844307831
514,0.030138355638908137,0.004574827911640138,0.7067781805762303,0.7067781504335735,0.5062947184762349,0.021555156355697498,0.999535267241252,3.1478543498320585e-06,0.02155515635572755
515,0.9602054805463773,0.2667005472586873,0.05882939005085976,0.05844104796163442,0.6967428930927737,0.7046714648621605,0.06442084184872726,0.05221310521422305,0.7046714648603278
516,0.1412295620090916,0.14638352138821406,0.692325058273607,0.6923236881453294,0.5269459692338331,0.1438296292823006,0.9790945076736327,0.00014326210846344361,0.1438296292834323
517,0.573221924726037,0.8139916604801906,0.06663204697854316,0.06629010512433735,0.3899269242756208,0.7039764883566226,0.0393386545239127,0.0853620406398226,0.7039764883283561
518,0.014193412683259663,0.05342086695126334,0.706025813305972,0.7060257140922878,0.49647123703325163,0.03908479234935249,1.03868009412758e-05,0.9984712103541088,0.03908479235105687
519,0.2544931338480094,0.3549848732653515,0.6360926555949317,0.6360857788657068,0.5304375012469091,0.30885353763941814,0.0007198078814375894,0.8995657099143005,0.3088535376365554
520,0.1289975046283677,0.08411289968946012,0.6986722233509574,0.6986714451180285,0.475962214116253,0.10889292009566029,8.13301518395245e-05,0.988071180275435,0.10889292009839335
521,0.2995222465849932,0.9415808720433846,0.10898774133069307,0.1087821631533764,0.24782189860977502,0.6986730684688115,0.15245053797749816,0.021696088381670572,0.6986730684774447
522,0.48530867718703846,0.26916583316830966,0.5882343769574168,0.588222372804108,0.456830173149283,0.392412256374706,0.8318796018587279,0.001253041555627877,0.3924122563645732
523,0.029900915084241784,0.005331747137284491,0.7067805706353052,0.7067805407069574,0.5062388421788043,0.021476641385577425,0.9995386474467933,3.134031504292469e-06,0.021476641385614337
524,0.13997335132041588,0.43939458084327904,0.627435102205918,0.6274273313573857,0.4814370187056499,0.32608291612944507,0.0008095513480979038,0.8873213669471826,0.3260829161334769
525,0.43854990587590803,0.8359859498698541,0.23328345276118248,0.23319584546953803,0.39166867243687126,0.6675322195718633,0.3297236941165375,0.00915189677474604,0.6675322195647428
526,0.09716110658506924,0.02660112625396206,0.7035099732020151,0.7035096424744207,0.521356349945147,0.07123166624065629,3.442822176596584e-05,0.994913110911644,0.07123166624047315
527,0.7046491306524528,0.12420708590305961,0.49399680116711453,0.49397303865580233,0.6859325333225311,0.5059435727028487,0.0024791786438169887,0.6985957745044274,0.5059435727020011
528,0.9240699876226869,0.3404491055336874,0.12295026858163906,0.12276927943101536,0.6313690840081781,0.6963515403337818,0.01902442131738408,0.17270534418438413,0.6963515403576347
529,0.24270347161432917,0.9666281226679003,0.05818352014514494,0.05779078920897467,0.15944037917480416,0.704725089183168,0.058839102262250025,0.05712317724749839,0.7047250891957041
530,0.6096793200571765,0.7785295010432738,0.10542244013807955,0.10520956142505869,0.41273492559998054,0.699219942958345,0.02245416372962726,0.14723706473277462,0.6992199429860386
531,0.03244057914036633,0.01580099037255047,0.7066463037600973,0.7066462615131227,0.5067213334663805,0.025515313751956446,4.435940290990148e-06,0.9993487566953807,0.02551531375184374
532,0.003465888814043253,0.0031562681656989414,0.707099012371608,0.7070990116590988,0.4992966549493604,0.003314695598560408,7.427752792794736e-08,0.9999890127327263,0.0033146955984343397
533,0.008466881438292374,0.9866543206387249,0.1150786844332029,0.11488455019175789,0.07693228814236402,0.6976956487255772,0.16131971984709884,0.020433097466923483,0.6976956487364318
534,0.8757967293501164,0.2613293586192763,0.28698898843849485,0.28692224678179196,0.7056721788108453,0.6462634698071446,0.405757034831277,0.006948659452869315,0.6462634698089889
535,0.317421594153693,0.9081263996230249,0.19312225599680286,0.1930123522248398,0.29540410118991584,0.6802389382189805,0.011487947701317763,0.27279662925020187,0.680238938210732
536,0.5771375350501912,0.33247848685670994,0.5274422549263821,0.527422969856113,0.6270737754401792,0.4709722277314271,0.002011048178771496,0.7458996427797051,0.4709722277290191
537,0.2709514720361099,0.9459671127778878,0.12604748438415259,0.1258712322993957,0.18419109345679255,0.6957975512109561,0.018510984764021635,0.17716906864124957,0.695797551223556
538,0.34049953078699147,0.9356170442814749,0.06605405321755983,0.06570905440839372,0.22708362136723137,0.7040309589086484,0.08422115501793609,0.03984488455446016,0.7040309589218796
539,0.24225734594751533,0.16057151729821328,0.6765840821979189,0.6765812196520776,0.5524484122619086,0.2055137865570342,0.00029872474284391187,0.9568323143754195,0.20551378655821465
540,0.025694841471115396,0.03427557595012594,0.7064577284528214,0.7064576688919917,0.4946319893560072,0.030290592376566686,0.9990820586860559,6.217717491143605e-06,0.030290592375359564
541,0.007505157387263366,0.002168525897495057,0.7070852045215718,0.7070852025426652,0.5015331367505387,0.005524033484991599,2.0593053728561073e-07,0.9999694845884413,0.005524033484976153
542,0.43633983344940347,0.8960050451026502,0.05842967680762324,0.05803862303753631,0.327421760389203,0.7047047222394659,0.05444036699709833,0.061796078655184876,0.7047047222471644
543,0.02174159262506727,0.10371971526998003,0.7031251804700681,0.7031248142423575,0.4929772709325896,0.0749348923591525,3.8306534379004014e-05,0.9943689065668866,0.07493489235784849
544,0.7586248241553004,0.26901302894154056,0.4196129618193995,0.4195775598243879,0.5329034499343538,0.5691571108150787,0.0036911579304936787,0.5933858287726198,0.5691571107994655
545,0.0026630863445328183,0.008155013425442174,0.70708076168916,0.7070807593028033,0.5005223526051411,0.006066146752613472,0.9999632011864683,2.5066350170687635e-07,0.006066146752538742
546,0.03605473591938972,0.017811371607342287,0.7065348134458955,0.706534760962415,0.5074973476205111,0.02843579558184138,5.508833085658725e-06,0.99919107833732,0.028435795581968536
547,0.9739131450081768,0.055975334944864986,0.15556925718499984,0.15542893577770553,0.7297895210138453,0.6897970905277221,0.014662213490816648,0.21941961478781355,0.6897970904848744
548,0.9466284909156701,0.2763243034064934,0.11743928809498541,0.11724927780318137,0.6476698327920788,0.6973021656495606,0.019981053495821063,0.16474263878796447,0.697302165669085
549,0.9335693339872799,0.11724340675847857,0.2395233597696978,0.23943859825613945,0.7282432334206053,0.6653186145715586,0.33856148443553746,0.008854573227119045,0.6653186145707707
550,0.678998321968067,0.41430861905779826,0.4285665990496289,0.4285327491779466,0.4885299794452788,0.5624457098414706,0.606050417167149,0.00354101546156534,0.5624457098618096
551,0.018540632094119127,0.03408070971853724,0.7065744190149702,0.706574370169403,0.4960318950026208,0.0274340100370946,5.096418630313837e-06,0.9992470916448335,0.027434010035962155
552,0.019305396238425664,0.0014027314938325982,0.7069743104255355,0.7069742982731223,0.49616703539836393,0.013686964228375698,0.9998126494592877,1.2786844439831892e-06,0.013686964227964277
553,0.0038365415819020085,0.0136395528342648,0.7070358027557607,0.7070357962450448,0.5007130405834034,0.01001889339336501,0.999899616736543,6.799283666374698e-07,0.010018893393236868
554,0.16379903422855344,0.11288429259175496,0.6929750457008297,0.692973736399338,0.4701327802657774,0.14066447080853609,0.0001366074739773473,0.9800137726796112,0.14066447081202296
555,0.4132887809844777,0.906317922263704,0.06255280510125388,0.06218805246944404,0.3122318421422052,0.7043506912944977,0.07648693618483685,0.04393126323057965,0.704350691329963
556,0.9910073551668588,0.04207229791227154,0.0899429264366197,0.08969177073500803,0.681705448899048,0.7013792327536931,0.026805905007781048,0.12416032864920362,0.7013792327323877
557,0.7975219211032915,0.5976244249412207,0.058520835719087914,0.05813040392189808,0.5818363391773164,0.7046971576261961,0.06270209753809272,0.05359364736334904,0.7046971576217474
558,0.6516993036965858,0.7532699283862309,0.06292029589845152,0.0625577246587152,0.47992412202474566,0.7043179563935847,0.07734626570904221,0.04347398913477535,0.7043179564310262
559,0.996089835873189,0.029603598062592384,0.05905169077984215,0.05866484195583116,0.688646958752896,0.7046528699172403,0.05135292563462978,0.06550986867964956,0.7046528698953409
560,0.9208381623951366,0.3497370578997239,0.12203598199439722,0.12185355188537378,0.6291204543173352,0.6965123584779023,0.17138672727025694,0.019174428909589283,0.6965123584540029
561,0.04344710939677029,0.033673479790166556,0.7060377412020384,0.7060376430773423,0.508908541564636,0.03886871850276319,0.9984880797179142,1.0252689694289912e-05,0.03886871850301521
562,0.02247031588843446,0.005427091297067587,0.7069178368417312,0.706917819508701,0.4955371778869028,0.016345770341137326,0.9997327800871072,1.7980800518632142e-06,0.01634577034059675
563,0.07714155397638746,0.08838807292662892,0.7022240954552808,0.7022236460650272,0.5148610953813704,0.08295562268178397,0.9930945207404582,4.696943604804825e-05,0.0829556226824771
564,0.5154327508419675,0.8316108375638382,0.14628121893784393,0.14613110275335897,0.4082065154865674,0.6918263892782975,0.015723301324840927,0.206168067365687,0.6918263892713982
565,0.020655510995142373,0.049829086550401275,0.7060773843639481,0.706077289883231,0.50364238162456,0.038141761895273435,9.874504881879411e-06,0.9985441461956388,0.03814176189483251
566,0.005768846449972623,0.0009575321175878522,0.7070946913642834,0.7070946902553636,0.5011764347844282,0.004135000430449178,0.9999829016252562,1.1640635030613941e-07,0.0041350004304424376
567,0.23059664337218452,0.966315166711989,0.08094888773316021,0.08066886066917003,0.19068463120733134,0.7024741320881643,0.11018594388865412,0.030319057971251617,0.7024741320789535
568,0.26968106644330325,0.9591531573634229,0.06059234567469902,0.060215535930715935,0.21130496757270742,0.7045220567486887,0.07114120228376207,0.04728924253365037,0.7045220567397577
569,0.967474621521481,0.20055888130583496,0.10911864845309407,0.10891332860639961,0.6631335380206808,0.6986526345200625,0.1526436362823738,0.02165439657090232,0.6986526344971564
570,0.007186107207331961,0.002605564877029735,0.7070861240239421,0.7070861221291747,0.49855303943694507,0.005405048802984015,1.9884827476396855e-07,0.9999707850206608,0.005405048802836144
571,0.8450568635597857,0.12685248595382376,0.3673015304194445,0.3672559460504329,0.7171911738058176,0.6042402898860861,0.5193886379588738,0.004773564401009695,0.6042402898851964
572,0.27074238581459464,0.13892386670276094,0.6735736657972282,0.6735705136763502,0.45952874711376207,0.21517583489671238,0.00032716512001417186,0.9525747283613623,0.21517583490433567
573,0.9434661926612791,0.2970150135594553,0.10415970527140019,0.1039441235629983,0.6467624804172342,0.6994091703028796,0.1453753102266539,0.022795705780013935,0.699409170279266
574,0.2153855780924598,0.9730555415237383,0.05838461150273012,0.05799325390977926,0.17338402715188617,0.7047084573260598,0.06150446792267873,0.05467340107325535,0.7047084573167451
575,0.016670649428264385,0.018173811118690215,0.70689172789529,0.706891708167705,0.49659695815682847,0.017438433945314018,0.9996958547672385,2.0604039786616967e-06,0.017438433945991483
576,0.0036874184717056576,0.03520066270118366,0.7066637721486094,0.7066637315039658,0.5004585976104381,0.02502682270654843,4.2548523070569465e-06,0.9993734618611341,0.025026822706907304
577,0.7236651078172129,0.6066601829717027,0.23271562523978478,0.23262775392010782,0.5817257169143386,0.6677303968928011,0.3289187074958068,0.009204237282150859,0.6677303968973862
578,0.012253223671255756,0.020874739219621147,0.7068996147398249,0.7068995957368076,0.502421714461307,0.017115727092808012,1.9774637820849373e-06,0.9997070089622584,0.017115727092634123
579,0.0,0.8737738753948963,0.3444751586824329,0.3444243893122642,0.23636690902869398,0.6175389481990531,0.005302280520020903,0.48709668519063093,0.6175389482087672
580,0.0017438229685526642,0.001948019131904876,0.7071043645093813,0.7071043642877313,0.49964604981498056,0.0018487424140991454,0.9999965821456454,2.3128135767532768e-08,0.0018487424140575404
581,0.318489928891753,0.9317095337496657,0.12354344913864694,0.12336339039370132,0.26620855884496514,0.6962465404212984,0.018918593815467732,0.17356150703006576,0.6962465404128534
582,0.39553692707849225,0.9107428739845029,0.08409274318333451,0.08382351053723483,0.26499664542142903,0.7021047036034703,0.028992698074553534,0.11514075661225247,0.7021047035898607
583,0.0008473181309153507,0.0049512569102057565,0.7070978603644782,0.7070978595463064,0.49981470162628133,0.0035519637530108572,0.9999873834739038,8.488538940720383e-08,0.003551963753071698
584,0.4959835062132915,0.7521703177427932,0.3068203072869421,0.3067596410918465,0.3545432316383697,0.6370870512011847,0.006338146509438392,0.4338202464907292,0.6370870512146194
585,0.18367381057059773,0.051944883337779066,0.6941063791894118,0.694105175585131,0.542494991609841,0.13497099613324345,0.00012624559594887405,0.9816137959847299,0.13497099613361122
586,0.07577401766059232,0.155946533250038,0.6963980024133981,0.6963970126655461,0.47974552204551035,0.12259898650830897,0.00010254157779123331,0.9848547946271538,0.12259898650587796
587,0.49461095206159267,0.864590591668852,0.06280372425801851,0.06244045806119697,0.3693094619449012,0.7043283614218011,0.07706640253865674,0.043633567162438686,0.7043283614290377
588,0.044294484968941526,0.9923539912215393,0.08159902633466988,0.08132129862010165,0.07209592209372198,0.7023989056465268,0.11120835114978601,0.03007087199553401,0.7023989056359248
589,0.02544615276131923,0.07220614525198737,0.7050315718725813,0.7050313812592889,0.49371647025241483,0.054135173882666025,0.9970650758595728,1.99661763709272e-05,0.054135173881654904
590,0.03954745621452619,0.14832081636738076,0.6987267044458181,0.6987259312663824,0.5028189040204751,0.10854276915430859,0.9881482318170762,8.053926534773499e-05,0.10854276914901885
591,0.036771907611871456,0.02516833131158722,0.7064044425791031,0.706404378127925,0.5075732204629103,0.03150887229098647,0.9990066976193186,6.748139746685969e-06,0.03150887229274001
592,0.017645629937317334,0.002264596725293023,0.706994879000478,0.706994868735759,0.5036397986172841,0.0125796790182252,0.9998417391519743,1.0721416079317379e-06,0.012579679018208936
593,0.15957588428521036,0.9177213839179058,0.25725744620605334,0.25718010313065437,0.18400147719113774,0.6586641788159018,0.008076725273410848,0.3636726076894057,0.6586641788271365
594,0.07840718469925353,0.03272894910200199,0.7045500196159331,0.7045497847117714,0.485183492061937,0.06007857655410273,2.4532642860306758e-05,0.9963840267067539,0.06007857655618278
595,0.98886661748786,0.07551662848675815,0.09078863891367511,0.09053990658437157,0.723534262900422,0.701270257589452,0.02658357956284228,0.12543271079638857,0.701270257589977
596,0.3501838103809388,0.9330750660329913,0.05825705610276926,0.057864819655459566,0.26701388447105123,0.7047190142350055,0.060065159625248825,0.05598569941255934,0.7047190142433607
597,0.004188879131824321,0.0062601954044041765,0.7070867223498082,0.7070867205100955,0.49914397746329725,0.005326197277662364,1.9277173192353165e-07,0.9999716312201461,0.005326197277775064
598,0.43594331941717956,0.8568854464922623,0.19460620716552965,0.19449727696427582,0.37322954129049374,0.6798158696941994,0.2749022472338575,0.011380732825543229,0.6798158697015276
599,0.008215253816667586,0.017761824109306667,0.7069713731018762,0.7069713606812441,0.5015942647886346,0.01383786094319675,0.9998084952666468,1.298487018120892e-06,0.013837860943042067
600,0.6592564627768517,0.6241951294884746,0.296478638973164,0.29641488958180434,0.5641161955698824,0.6419651976005802,0.006663463927852452,0.419186078468328,0.6419651976053441
601,0.9525530652285024,0.29238231843368895,0.06000319112600119,0.059622603480790876,0.6578092412772965,0.70457248107672,0.06927687381119609,0.04853815556939365,0.7045724810963526
602,0.0010546041569400443,0.0011182495888664532,0.7071059458936358,0.7071059458170298,0.5002144066997734,0.0010868928353002518,0.9999988186632672,7.989033888198745e-09,0.0010868928352915912
603,0.3156812544545619,0.9452317703286399,0.058854850445803394,0.05846667876958944,0.24289496680570954,0.7046693387825458,0.06478966906468019,0.051812592386730374,0.7046693387911742
604,0.49114923266770855,0.8344903326344925,0.17669367756792798,0.17657196917128534,0.4029577909029881,0.6846903256220972,0.2494707615275523,0.01275363212451262,0.6846903256290479
605,0.41409092727299945,0.08041182046560982,0.6411204277785804,0.641114064149134,0.4637577022672451,0.2982761755825725,0.0006650462322969859,0.9066764604192165,0.2982761755739513
606,0.038429188348391645,0.03905923454181555,0.706044513953548,0.7060444164470057,0.5077110268341938,0.038745492125743373,0.9984976582718408,1.0273514349056615e-05,0.03874549212544186
607,0.019475676063797347,0.03851580461889183,0.7064479160860809,0.7064478556265928,0.5036438609873014,0.030518593826046336,6.305736801192237e-06,0.9990681812679332,0.03051859382571638
608,0.2717845989390916,0.9544006020009108,0.08745793187780317,0.08719938549934202,0.18055777241696894,0.7016934435129114,0.12035193560976348,0.027713431306654705,0.701693443500206
609,0.3712417493486136,0.9232286047693385,0.07026352430429818,0.06993967247403995,0.28469151586001534,0.7036232938789464,0.0363505152745188,0.09223427059782965,0.703623293870749
610,0.10764179987524541,0.06667414984654065,0.7014159022655159,0.7014153782165921,0.47972469181489524,0.08953267350503898,0.9919515097864291,5.4608578917168235e-05,0.08953267350730486
611,0.018370788400498026,0.03537461973097824,0.7065448405013778,0.7065447889407768,0.5034824314885785,0.028185542229440513,0.9992052593884182,5.385955835453356e-06,0.028185542229139805
612,0.013824528114948576,0.007302226610185836,0.7070203572468078,0.7070203493193129,0.5028272096098003,0.011055317430987883,8.270231988317802e-07,0.9998777724863791,0.011055317430935237
613,0.7911375549305864,0.4957674930787398,0.25333372237563767,0.25325481747601025,0.53499049680971,0.6601833164220737,0.3581173346434149,0.008243306096487019,0.6601833163981453
614,0.7526464725472172,0.13787345683831723,0.4552697252147833,0.45524023829681337,0.6968496903887305,0.5410572071137041,0.0030782998962668104,0.6438204107757323,0.5410572071127367
615,0.6197707782463358,0.7738910777978103,0.0922547008466149,0.09201006634369199,0.4207106738443841,0.7010788892431289,0.127664690279839,0.026048205170832624,0.7010788892277003
616,0.9781252722198724,0.17883872291888173,0.07527616365923082,0.07497441039641455,0.6742302033569837,0.7031046639722744,0.10093799546721129,0.03315394547565243,0.7031046639518839
617,0.9041844970912668,0.3893483283997766,0.12430349047164327,0.12412460130321734,0.672258801179418,0.6961112431256121,0.01879102657558156,0.17465729790750908,0.6961112431228236
618,0.46268398274739486,0.8809767285962403,0.07017457649733778,0.06985030131859558,0.31218548738661916,0.7036321710237493,0.09207146659169442,0.036419511536178124,0.703632171037916
619,0.7522317323988325,0.6341375591850589,0.12661233063448102,0.1264369191904518,0.5664523658641827,0.6956949846030307,0.018420315668320943,0.17798221476807002,0.6956949845982232
620,0.09696115274418889,0.014836827486613054,0.7036969676683388,0.7036966541816767,0.5214180378138916,0.06935991849721834,0.9951775732668297,3.2845786868537553e-05,0.06935991849731522
621,0.5157749095867198,0.3703614321988017,0.546272432524733,0.5462555094861514,0.44853401759827916,0.4489940688971189,0.7725318982807274,0.0017658763376112822,0.44899406890820504
622,0.23366210050298103,0.3450745693620653,0.6427804946297047,0.64277429949533,0.5263117756165773,0.2946815532318057,0.0006449664199677751,0.909024283716578,0.29468155323462397
623,0.041455573254161555,0.08430511707584808,0.7039795761931172,0.7039792887464466,0.49020216162216634,0.06643010356449416,0.9955772605762421,3.0074897604264242e-05,0.06643010356317526
624,0.0,0.710953764029325,0.49729779410944724,0.49727449141088675,0.35389014599021623,0.5026992063641152,0.7032646323587384,0.0024233669567484155,0.5026992063717756
625,0.05657888380536997,0.9661412558401918,0.17806298605377327,0.17794234100176737,0.14179229766650547,0.684335479228748,0.01259165157160609,0.2514186827470759,0.6843354792389414
626,0.0839178304633466,0.11569519103239358,0.6998476109775901,0.6998469417745996,0.5151568122777176,0.10106329575539445,7.00364659928178e-05,0.9897335073630649,0.10106329575446618
627,0.21221586334906234,0.10371561738977014,0.6870989944402585,0.6870971327924906,0.4655597244324883,0.16702170809432673,0.9717033809975819,0.0001934175388196019,0.16702170808844768
628,0.1567700531302491,0.2988965423894054,0.6656159670805469,0.6656120429774601,0.5136279381523757,0.23865874445745236,0.9413202640209448,0.0004097959727123846,0.2386587444549125
629,0.008257783992691472,0.006053083215280761,0.707069718625654,0.7070697152259856,0.49832807484141245,0.007239848509635375,3.554494829152158e-07,0.9999475832197365,0.007239848509367836
630,0.07909283474385737,0.015243873266208883,0.7048092810608927,0.7048090699972962,0.5171986652482119,0.056956352499028765,2.2124774883636413e-05,0.9967506946727054,0.056956352498924584
631,0.604183980157369,0.6711654306322999,0.30375654773823724,0.30369498275657103,0.5311288038357858,0.6385535675107147,0.4294849519360151,0.006431089012356297,0.6385535675054836
632,0.7762217590808268,0.03383872487018831,0.44517547315383643,0.4451443805451087,0.7070981821106416,0.5493929734587505,0.6295427974158654,0.003253866997521262,0.5493929734584584
633,0.007041540196643803,0.013155012581956225,0.7070280661204876,0.7070280589011645,0.5013922027300212,0.01055077353502422,0.9998886749808981,7.547644400651996e-07,0.010550773534912482
634,0.4847174046601622,0.08863290301505448,0.6153065824233254,0.6152975343272264,0.6263983184702799,0.34842987377442314,0.8701680014341009,0.0009462572693384698,0.3484298737750527
635,0.609131201655547,0.593350075948789,0.3721075289328095,0.3720629697413532,0.4349622156245053,0.6012924136705577,0.5261873435385042,0.004663265071723192,0.6012924136566163
636,0.54438518242625,0.8296432929874338,0.08769815272784097,0.08744034288507162,0.36833745954022673,0.7016634593824222,0.027569965604814485,0.1207339080469276,0.7016634593676564
637,0.024194325260295895,0.06123265620469509,0.705572602648924,0.7055724617858465,0.5041184049620416,0.04655536253072251,1.470789824698043e-05,0.9978302441913627,0.04655536253017881
638,0.8688517876242079,0.4873634146538512,0.06172112751140808,0.06135135340627986,0.5985761868507259,0.704424060452743,0.04511018367453963,0.07442148530438669,0.7044240604275338
639,0.15963358666747018,0.03970093063745174,0.6974748006504982,0.6974739110517972,0.5365875450562976,0.11631647746497592,0.9863776890394541,9.330342378646504e-05,0.11631647746469714
640,0.013531889605697199,0.020196609803606668,0.7068978045040867,0.7068977853339835,0.49718281933744707,0.017190332707453397,1.995130422585509e-06,0.9997044487841437,0.017190332708147096
641,0.02740519001122347,0.9936888450773365,0.07706084737198558,0.076766272096692,0.05179171359561103,0.7029112907242526,0.10390155336416491,0.03218543052105105,0.7029112907352162
642,0.8036278328721064,0.29511656488252586,0.3654600800092993,0.36541409559539895,0.6890215189443847,0.6053558741175604,0.516783860083771,0.004793046747558797,0.605355874119643
643,0.9847272436194594,0.09043657141199174,0.10530509308988474,0.10509195779978953,0.7240615344977427,0.6992376269318061,0.1470607763545509,0.022508004861799883,0.6992376268893938
644,0.4390103362694221,0.3244274953396572,0.5924653530714781,0.5924538212604695,0.5888603167287234,0.3859943491073376,0.8378635220741587,0.0012013716035051043,0.3859943491049542
645,0.4239866188239411,0.8467356933669541,0.22728300985095867,0.22719253084050575,0.3795596742206426,0.6695991290963265,0.009455158369096854,0.32122361777559333,0.6695991290890514
646,0.06869003532700396,0.10288334896884363,0.7016756363438167,0.7016751363082705,0.5121828596878693,0.0874737230498877,5.1942023839967095e-05,0.9923188463663062,0.08747372304904749
647,0.04003561073782593,0.061404323757214274,0.705204546665308,0.7052043719797434,0.4912809833051798,0.05183310285432431,1.8247499492905675e-05,0.9973097104529746,0.051833102856423244
648,0.021117936648247036,0.04911752092473788,0.7060954726420638,0.7060953798208188,0.5037704818854791,0.037805410393910874,0.9985697280593506,9.664420046653755e-06,0.03780541039347961
649,0.5305766238751705,0.8406807553977018,0.07677770342134742,0.07648201068567635,0.39790292908397434,0.7029422758267929,0.10344016751499353,0.03231788120608118,0.7029422758337089
650,0.17748403058216725,0.9106873459776393,0.2638062407052945,0.2637314120459277,0.25349501081703135,0.6560685976621672,0.37294378150928253,0.007805521658111942,0.6560685976533149
651,0.7327478738065005,0.40325828651987944,0.387617979377214,0.38757659987082627,0.6524087263954591,0.5914121580165468,0.004326426974771136,0.5481282703287041,0.5914121580136089
652,0.30301235521307834,0.04989949775087768,0.6729405164174591,0.6729373032283501,0.5751382844884174,0.21714793032368665,0.00033750030243643583,0.9516792730778512,0.2171479303233305
653,0.38903801583458797,0.24962972977412734,0.6270343777427918,0.6270265642503992,0.5850541474823439,0.32685285439648526,0.886754622941054,0.0008135352602065015,0.32685285439464656
654,0.21069287757098001,0.622777868698868,0.532811438991888,0.5327928378639765,0.44304419280228635,0.46488910634417885,0.0019426369671964633,0.7534935061175841,0.46488910634984276
655,0.010601607989203033,0.0008921052301484484,0.7070667632008547,0.7070667595305035,0.4978701422864643,0.007522962969966823,3.802695563355392e-07,0.9999434034264921,0.007522962970193313
656,0.04949133453130654,0.045111516102009634,0.7055195831978728,0.705519437468299,0.489963340581508,0.0473520911830576,1.5235209903648071e-05,0.9977552599155637,0.04735209118194221
657,0.02175763595474384,0.00959441161803379,0.7069068462257293,0.7069068278856108,0.5044907466318185,0.016814390382852585,0.9997172362965635,1.9143913566391294e-06,0.016814390382784795
658,0.5363370231019953,0.3831344409313854,0.5317755732407928,0.5317568406017141,0.6059511382577469,0.466073707784005,0.7520284355866909,0.001957010813784534,0.4660737077868537
659,0.017832475845807487,0.004936713553425175,0.7069857308906717,0.7069857197861086,0.5036792466020069,0.013083736765522823,1.1523837613780626e-06,0.9998288011770674,0.013083736765556915
660,0.4261100892377917,0.6171237544837765,0.46776824036106895,0.467740672607285,0.5076440229168189,0.5302883821580997,0.6614984591530864,0.0028726363673436638,0.5302883821530853
661,0.33020764202516084,0.9094765877412838,0.1786871309238777,0.17856696357526655,0.2298906941234577,0.6841727664647697,0.012574287488875605,0.252303663335364,0.684172766477619
662,0.8295492678104867,0.4397858450475607,0.24338944912826216,0.2433063887857222,0.6580268494164208,0.6639139918788067,0.34403632550025615,0.008685016245797811,0.6639139918819754
663,0.13283980069617268,0.9705913858329672,0.142038651601687,0.14188365145078435,0.11399091786544606,0.6927099143530775,0.016235914601021435,0.2001058324359923,0.692709914364672
664,0.27701469352481545,0.9563365669674622,0.06606318833861512,0.0657182383984261,0.21795870105563905,0.7040301017360348,0.08425772776104071,0.039797826877884315,0.7040301017271177
665,0.7916585856845008,0.3396037172232384,0.35915179785986356,0.3591044208224066,0.5435525403827394,0.6091198572775767,0.004936220396911907,0.5078598553620494,0.6091198572612538
666,0.14395359587015694,0.16654182440503165,0.6897620622375608,0.6897604515030392,0.4688669770929378,0.15565798572702058,0.9754697097327095,0.000168386083158174,0.1556579857235456
667,0.03868878573397741,0.024919357002060234,0.7063576645808092,0.7063575958344182,0.50799683526049,0.03254071676359945,7.214125001884693e-06,0.9989405404992787,0.0325407167634172
668,0.13165895710280098,0.08367432494692931,0.6984502996933517,0.6984495009145328,0.5281942478516638,0.110307464685419,0.987757318133364,8.332753225409717e-05,0.11030746468480739
669,0.007135649962489121,0.003033773880088727,0.707085525757785,0.7070855238084659,0.5014555003950075,0.005482758627846127,0.999969938905973,2.0232148794717789e-07,0.005482758627867771
670,0.724161496737335,0.6193188219954333,0.2145646288377798,0.21446758127288518,0.5755250350279706,0.6737824859110554,0.010162859265674664,0.3032013186925181,0.6737824859063847
671,0.08606627856565889,0.03726592660105309,0.7039901454873996,0.7039898590025349,0.5185150419999089,0.06631799709828094,0.9955922084960103,3.0063536769138997e-05,0.06631799709801349
672,0.001965942940556276,0.02540281541070619,0.7068772389199421,0.7068772178635276,0.4995569205295252,0.018016214397679052,0.9996753633218908,2.1927610646620865e-06,0.01801621439739207
673,0.19175494215305708,0.6058179532106535,0.5460005336348226,0.5459835775900393,0.4443646622945793,0.4493246878803053,0.0017767987807912268,0.7721473257828602,0.44932468787474183
674,0.22524036317694165,0.08818254063294997,0.6861097949740784,0.6861078396871798,0.5523300246138291,0.17104002683612654,0.00020532745488197084,0.9703043730089118,0.1710400268367476
675,0.0,0.996460535314375,0.06365398997483718,0.06329568572841245,0.03227885567254003,0.7042520236793774,0.042530990739674875,0.07905244523889392,0.7042520236903496
676,0.10976791845132078,0.099948787336306,0.6992718550599375,0.6992711324728714,0.5221154635695614,0.10497322518455057,7.516389804623347e-05,0.9889192274090172,0.10497322518379425
677,0.08544448179095432,0.4811325811222001,0.616936637770189,0.616927763197214,0.42272996428894277,0.3455353237870232,0.8724733926892385,0.0009268635463088445,0.3455353237929436
678,0.0,0.9961847332556226,0.06240958186639742,0.06204398191076801,0.048598092155320155,0.7043633964247127,0.044095564157794316,0.07615768393069813,0.704363396392066
679,0.4231741012391739,0.894397574256987,0.10252207897995898,0.1023028959768954,0.3301630096249419,0.6996511061976493,0.14296082292212167,0.023213408044968492,0.6996511061899148
680,0.33136615765702493,0.9350265279392823,0.08935039925497207,0.08909751827305518,0.2210460992773048,0.7014549659218081,0.02701899551417744,0.12325516415487499,0.7014549658917565
681,0.707827792805885,0.6977157087139689,0.07815978376640403,0.07786946607558554,0.4836065550179253,0.702789938180944,0.03164994194825224,0.10569241562184142,0.7027899382079342
682,0.04859636016352961,0.029581126755562594,0.7059615779631753,0.7059614728570316,0.49045366446530153,0.040228405892816614,1.0996335751484811e-05,0.9983803636880119,0.04022840589179427
683,0.5260357169471218,0.2743012579250206,0.5692369383359149,0.5692227616940841,0.6216172430252314,0.41949657662587786,0.0014804567599859288,0.8050112127445607,0.41949657662785556
684,0.12897550862421112,0.9869562649392162,0.06829377763335684,0.06796035027081475,0.11802831625997638,0.7038172172921214,0.08860202277389591,0.03784614686781545,0.7038172173020615
685,0.9458142982159106,0.29035542923781626,0.10289296696277947,0.10267460909135705,0.6961035584154751,0.6995966559363745,0.14351943882309887,0.02304796482055199,0.6995966559383874
686,0.31127199281627826,0.9405261262691292,0.09634666414874572,0.0961128118451821,0.2513895685140365,0.7005282462965442,0.13380267806969318,0.02484342236401095,0.700528246287985
687,0.14505167081294715,0.15031203118947628,0.6915086069758036,0.6915071601599293,0.4699790119791323,0.14770527059696867,0.9779398156516396,0.00015178044753535677,0.14770527060267669
688,0.021924677850671766,0.0486717363692762,0.7060986125406326,0.7060985200064899,0.49505716050342746,0.0377467178223298,0.9985741687497695,9.636855887491992e-06,0.03774671782391529
689,0.307957018019171,0.3435950440109493,0.6273414872068824,0.6273337064218034,0.5474497554984895,0.32626299147650656,0.0008119953761355549,0.8871889660311213,0.3262629914791859
690,0.6113465419715295,0.7818559748581769,0.08660776753930911,0.08634659692121506,0.4570143700065239,0.7017988884977041,0.028009420830917713,0.11904668219960753,0.7017988885039395
691,0.07893523101437755,0.9920490738494238,0.06947402505387731,0.06914639778021402,0.08800837691095069,0.7037016894719015,0.03701456576367699,0.09076225209024286,0.703701689461678
692,0.37545949614722884,0.8419558776205676,0.2740250336290312,0.2739539155362766,0.2790091162802754,0.6518663717064715,0.38740838912935094,0.007430136287476832,0.6518663716937633
693,0.030565697299330775,0.05957185962067591,0.7055200696230616,0.7055199239206564,0.5054719971869903,0.047344842961552704,0.9977559478439519,1.5230099931036881e-05,0.04734484296104222
694,0.9593037598138651,0.20311891064903984,0.13878600581939934,0.13862706599782754,0.7148662455749194,0.6933689426140596,0.19545229536551353,0.016655902101670943,0.6933689426126556
695,0.29268370538981847,0.9417515694694536,0.11722804601723741,0.11703767243949512,0.24646309077394546,0.6973377117541399,0.02002709357894525,0.16443584483273185,0.6973377117454868
696,0.01683836829656536,0.0645738031696706,0.7055306150392988,0.7055304703126476,0.5025164171746764,0.04718742789527279,1.5130066560652348e-05,0.9977708620061014,0.04718742789466883
697,0.07280966211641683,0.024998125392362538,0.7050085526425733,0.7050083599009191,0.5156305779780602,0.05443414907325392,0.9970325202420893,2.0225435669633867e-05,0.0544341490730758
698,0.9033396535495591,0.09484134020548549,0.29582124886064964,0.2957572978567197,0.7277284415478683,0.6422684055314734,0.4182557371481714,0.006687963488436424,0.6422684055307949
699,0.17539670482481493,0.06557076165285473,0.6945999132662388,0.6945987558608138,0.4708819879819367,0.13240756936131443,0.00012130246025385784,0.9823117918657855,0.1324075693567685
700,0.25222768328360595,0.8758082652239187,0.291014749311993,0.2909492980464683,0.22971160469590868,0.6444605967916474,0.006842030471915016,0.41145384306125543,0.6444605968033261
701,0.006993299170303375,0.041553694143239596,0.7064787561185676,0.706478698491984,0.4981170797354207,0.029796104864604,0.999111797665107,6.0137119446242665e-06,0.02979610486511271
702,0.019250329653180197,0.2402850755615102,0.686256210132991,0.686254268711347,0.48190644896081425,0.17045159537283783,0.000203371708285512,0.970511445533019,0.17045159537009666
703,0.299441661501195,0.9409512149789915,0.11178151660603905,0.11158133774156641,0.20051616048242699,0.6982315151849919,0.021102393740887303,0.15652536971797343,0.6982315151978656
704,0.5617179974230513,0.8147793443229112,0.10161796865440592,0.10139674492963402,0.42634992327580207,0.6997829979977706,0.023412783359259705,0.1416310453648686,0.699782997991155
705,0.2282414419995398,0.9658164224761201,0.08703345855751748,0.0867736095879133,0.19144324049898467,0.7017462211361296,0.02787301718941121,0.11969785771749429,0.7017462211453391
706,0.640519548402487,0.3117967828714997,0.4962563578189187,0.49623291066752057,0.6479174687639018,0.5037273695646304,0.0024456550665155354,0.701791630811136,0.503727369562387
707,0.03459494581556518,0.023611684600419167,0.706486290923041,0.7064862339863047,0.5071176279280992,0.029616903329359553,0.9991224539759481,5.952087087411797e-06,0.029616903329533525
708,0.01315624391918925,0.009735268300974547,0.7070120755981487,0.7070120669104896,0.5026776197549143,0.011572860522620571,9.055182987733185e-07,0.9998660599289414,0.011572860522548328
709,0.053972499076879704,0.01911148466454666,0.7059468361073635,0.7059467296385147,0.48958722768916524,0.04048629090566912,0.998359514590455,1.1136536356620096e-05,0.04048629090678125
710,0.8336369398998498,0.321572329245906,0.3175510275313673,0.31749338077148304,0.6890723383835325,0.6318066547936023,0.4490040300089415,0.006006908994048581,0.6318066547913079
711,0.00016248048291785255,0.0013569443779400923,0.7071061208855765,0.7071061208250143,0.4999679077589615,0.0009663586167110136,0.9999990661505879,6.31727393538531e-09,0.0009663586166950753
712,0.3717666584052209,0.15893591176786928,0.6467365862236634,0.6467307907379185,0.5893121766663959,0.28589427447215293,0.0006035922012803792,0.9146193543355543,0.2858942744710175
713,0.025508458977327102,0.5106732942374447,0.6076899266696429,0.6076800622840249,0.4303953720801433,0.36155075364512196,0.8593957448358397,0.0010289952988077667,0.36155075365066813
714,0.012801796617561836,0.016426351006443157,0.7069534315939945,0.7069534175272443,0.4973624262553852,0.014726014464457248,1.4671661151692358e-06,0.9997831209786564,0.014726014464779327
715,0.5313251439563682,0.8079783662890805,0.180149150169429,0.18003009387823107,0.35868835374350716,0.6837892398143269,0.25438153394507734,0.012433269735740063,0.6837892398287445
716,0.9786198156774342,0.1466149586828443,0.10210834163208614,0.1018882299660051,0.7189903080796626,0.6997116102945962,0.023303724919994714,0.1423525947825103,0.6997116102956129
717,0.020611238448414605,0.048323389775781246,0.7061303539051812,0.706130264293163,0.49527312338804175,0.0371481705004855,0.9986190598869561,9.353132666273204e-06,0.037148170499765334
718,0.05737209612184328,0.9944798627423962,0.06230468560964422,0.061938447974827386,0.04461432159927862,0.7043726835978391,0.07590043351478719,0.04424216742785528,0.7043726836091304
719,0.6224447784156468,0.777946249792069,0.06085905299061936,0.06048393114407948,0.4249188916412964,0.7044990666142082,0.07194073468162103,0.04676174666354301,0.7044990666297278
720,0.6882694204177086,0.7177320493618099,0.07480396400202856,0.07450025437132554,0.5082255792491779,0.7031550608010919,0.10014034862416041,0.03343398733684952,0.7031550608066504
721,0.005645301519445959,0.05612870490008213,0.7059808230362196,0.7059807196815616,0.4980147477552964,0.039889227512885844,1.0813675456404838e-05,0.998407581571804,0.03988922751108618
722,0.6070255875266768,0.7655131296347717,0.15091945719677016,0.15077437876219255,0.40925724744419506,0.6908293581519547,0.015196791000908117,0.2127878130790567,0.6908293581367646
723,0.0007400203647800832,0.0003845664022385098,0.7071065352938116,0.7071065352712583,0.49984988607400005,0.0005897124121290255,0.9999996522392107,2.3510868990351127e-09,0.0005897124121136381
724,0.7975636462427794,0.5134838312574059,0.2239060565940174,0.2238139027175244,0.5388213446556886,0.6707359446136416,0.009608236359589142,0.31643998960812636,0.67073594459676
725,0.18923000601019843,0.9419158700883196,0.1962508914545425,0.19614302461328506,0.2197056597859221,0.6793428815816331,0.27723551280465364,0.01126804956907492,0.6793428815724938
726,0.2698934600231707,0.9579408903810054,0.06910930148518338,0.06877990419441125,0.1783737103303607,0.7037376035303017,0.03713538574626209,0.09015394555003502,0.7037376035175755
727,0.2571714808546115,0.15943488525899346,0.6739612545283332,0.6739581397921441,0.5567278214002415,0.21395870302701558,0.9531228893066331,0.00032353866559773736,0.21395870302817696
728,0.0059637835935368345,0.009770596443105524,0.7070604552440694,0.7070604509949194,0.4987692421654409,0.00809417287018724,0.9999344822191575,4.420463306816239e-07,0.00809417287051707
729,0.6996220634386573,0.708299673213233,0.06665580368254014,0.06631398880551513,0.47880470785005375,0.7039742391405206,0.08536102412987212,0.03942127389320023,0.7039742391243182
730,0.8556009838910831,0.0416784753636241,0.3648585409475904,0.3648124259856974,0.5849741300575407,0.6057186388587518,0.00480511688180007,0.5159329141542792,0.6057186388771002
731,0.02526151112721834,0.2731300311389799,0.6799872396869235,0.6799847027754062,0.47582693478732163,0.19395638408626992,0.9616453464381052,0.0002642338666811778,0.19395638408309754
732,0.02776956558863678,0.001182765886380304,0.7068336040806987,0.7068335790228066,0.4945347276901842,0.019653850871043904,0.9996136515099745,2.606885930903468e-06,0.019653850870453137
733,0.008174507380234211,0.0063093406910020525,0.7070690823884774,0.7070690789303776,0.5016633021198635,0.007301724141095888,3.604597143283335e-07,0.9999466834031736,0.007301724141048839
734,0.16320420637929775,0.23424171787319006,0.6776794751737547,0.6776767175845342,0.45957566090480456,0.20187223109410155,0.00028716291204637287,0.9583815118027823,0.20187223108978927
735,0.0035019563072594168,0.030426523615752647,0.7067750724153137,0.7067750419864935,0.49908537393299823,0.021656835379775006,3.1642728957501014e-06,0.9995308714355297,0.021656835379418513
736,0.8716792124817584,0.40351483311729347,0.19671483512376262,0.19660726490333527,0.5900492695433116,0.6792086781887912,0.2778941076826417,0.011225323416619429,0.6792086781707807
737,0.4926228466485446,0.7696523480386128,0.28722489969137993,0.2871582335852678,0.34802291262073404,0.6461586515183139,0.4060904508428772,0.006967054812708597,0.646158651531882
738,0.14049629587817142,0.48175788560411426,0.6116296599605743,0.6116202197022733,0.4151649981665152,0.3548449421313715,0.864967724345137,0.0009848519382057498,0.35484494212492484
739,0.7060925556980915,0.6796529153844576,0.140622312816942,0.14046561748859968,0.4779454813182621,0.6929988367303399,0.016390046501300767,0.1980822832413962,0.6929988367464582
740,0.8744661780605414,0.0837636561826994,0.3378815922992653,0.3378292215253306,0.7247263026442682,0.6211712512134426,0.005475881856408724,0.47776832047446655,0.6211712512140516
741,0.006860011973483146,0.008977472504098784,0.7070616490366478,0.7070616448972022,0.49859778433869956,0.007989204492343511,0.9999361705743898,4.317361490842548e-07,0.007989204492169426
742,0.7310911468732265,0.6770834113373772,0.05962097458588667,0.05923789703180628,0.5015906165278469,0.7046049286543438,0.06790809056855654,0.04952050373991113,0.7046049286377984
743,0.06106084567771833,0.04324466528242653,0.7051247154756699,0.7051245334514232,0.5126500873091333,0.05290807098275879,1.9007877848543016e-05,0.9971968068984339,0.05290807098307968
744,0.9952141614835113,0.04191817643520128,0.06259847521065509,0.06223399550018781,0.7221626806353848,0.7043466336630793,0.043880605667100406,0.07659067659255163,0.7043466336633295
745,0.12603151642413635,0.18375380319971502,0.6893304263640285,0.6893287749443365,0.46971452906508776,0.15755856581200275,0.00017311500987689252,0.9748592548202366,0.15755856581535568
746,0.2623607776174941,0.6180084427072695,0.5240482124270984,0.5240284898385188,0.36375974393060345,0.4747460441637246,0.0020608396151110256,0.7410992781338792,0.47474604415457294
747,0.397632860652514,0.9057236318975851,0.1039174634600914,0.10370135746252164,0.26625595861526574,0.6994452048693423,0.022847699570312654,0.1450199757822827,0.6994452048829403
748,0.6601203143746928,0.7187811727294289,0.1543348147341371,0.15419325938750242,0.445723845897299,0.6900743451610344,0.2176582842655122,0.014821186529948353,0.6900743451766674
749,0.07850527707242837,0.02587599384488625,0.7046870467571117,0.7046868244454856,0.4852892745678207,0.05844931815466521,0.9965778212845632,2.319560155804573e-05,0.05844931815628019
750,0.8025132936538266,0.46254225436127344,0.2665205652215098,0.2664467455224114,0.6481779561781387,0.6549705795373227,0.3767855859292466,0.007726714789100725,0.6549705795339646
751,0.974672597240167,0.0,0.1582332232052123,0.1580955113372984,0.7310740247896748,0.6891908503342534,0.014418023205802247,0.22321304674626294,0.689190850334387
752,0.8005704330159191,0.3382060153106865,0.34981302835889305,0.34976352005395045,0.680257944991988,0.6145308475710556,0.49464843922184376,0.005157164486805722,0.6145308475686466
753,0.3896522918455954,0.9156502682847258,0.0700038801537239,0.06967879457201917,0.29751605668781467,0.7036491747806933,0.036541903028442624,0.09176255757468015,0.7036491747887332
754,0.2066386436787348,0.08608174017927267,0.6891635160472951,0.6891618488996691,0.5474926795564785,0.15828707175622367,0.9746231967763197,0.00017359432073639364,0.15828707175683304
755,0.73310560644746,0.6726179390502771,0.07136760116299976,0.07104888012701184,0.5390847768123833,0.7035121612822685,0.03558190291807391,0.09420831198887002,0.7035121612771825
756,0.7340390526647839,0.660758401458692,0.11097236865754379,0.11077065251807676,0.5494584006204688,0.6983605787586663,0.021212253565804202,0.15535457625511503,0.6983605787636645
757,0.05109076879286826,0.9528628515119826,0.21152289959855602,0.21142417671126565,0.14503389565438793,0.6747436107373667,0.010316492235569198,0.29889076523133123,0.6747436107266925
758,0.07156832565749893,0.05206832449204745,0.7043320323361616,0.7043317773410345,0.48595499412848064,0.06258248817614336,2.6682830345455574e-05,0.9960757318774488,0.06258248817768312
759,0.03547112600200555,0.06458059558669957,0.7051848675539812,0.7051846910325633,0.49208121459464105,0.052100163658126517,1.8369973279663694e-05,0.9972818786864436,0.05210016365597549
760,0.04255606321734494,0.010426427260162938,0.7064277596215522,0.7064276973164522,0.5089651139601274,0.030981679265801997,0.9990396744160317,6.516168365708186e-06,0.030981679265729558
761,0.09002114252451669,0.6012868357494898,0.5614121893749932,0.5613970920923187,0.41945754448484884,0.4299125833405219,0.7939444946671161,0.001575048034960749,0.4299125833200814
762,0.9823275836133627,0.034710225402517315,0.13013843398922323,0.1299680989570448,0.7286887273120021,0.6950439846700559,0.183051189839054,0.017888002856166877,0.6950439846702328
763,0.029448381711705995,0.03693332630492095,0.7063175010360944,0.7063174286061088,0.5058130898688714,0.03340118094741983,0.9988837380624661,7.548097148602947e-06,0.0334011809477124
764,0.052934248640346564,0.15123909414980563,0.6979705864453976,0.697969743025223,0.4840694371823812,0.11330335007821021,8.779330397459572e-05,0.9870788691963597,0.11330335008033239
765,0.447695064187137,0.8848337244315047,0.09133318844693879,0.09108599397962389,0.3438439157330467,0.7011995402164395,0.02639738548730431,0.12626000020028028,0.701199540208853
766,0.05020833536986973,0.053605537374280206,0.7051970706133932,0.7051968952147261,0.5099635762558231,0.05193472141949932,0.9972991372131194,1.833489926352559e-05,0.0519347214190821
767,0.1476702664184051,0.5383661862242434,0.5866726659027122,0.5866604856455552,0.45592340287900884,0.3947433708504501,0.0012762295755881085,0.8296708465249002,0.3947433708554886
768,0.09437459844056498,0.9891700874038221,0.07962808802174068,0.0793432775506108,0.07005000218730367,0.7026250820634699,0.030909737760422915,0.10807671444882672,0.7026250820749447
769,0.861140693049711,0.5012191142389406,0.060256251319598234,0.05987729513189794,0.593289721266987,0.7045508830698242,0.07009424588688071,0.047988571441047324,0.704550883095136
770,0.014366138195326233,0.021568075315554845,0.706869317131441,0.7068692953479916,0.5028524247098783,0.01832440711669082,0.9996641597068622,2.282444186066262e-06,0.018324407116866285
771,0.1896686861636088,0.9425672114546462,0.19446751884059643,0.19435849735881258,0.1606273258491969,0.6798555576872426,0.01138366044775146,0.27470575832043204,0.6798555576754418
772,0.028835511977124785,0.9944163061535711,0.07193784539030465,0.07162171252836752,0.05904442666251428,0.7034540769233107,0.035183161576085635,0.09522010526357629,0.7034540769340021
773,0.6815735151449303,0.7154304290747058,0.1087695202083285,0.10856351173674393,0.5120971797011838,0.6987070757425102,0.15213564179527095,0.021716148427037906,0.6987070757480451
774,0.0461813815008874,0.03943746783785189,0.7058017197679518,0.7058015999597974,0.4906967523633066,0.04294201827394782,0.99815427964674,1.2494246163212225e-05,0.04294201827292285
775,0.8271918183760844,0.3220806137628704,0.3256178032323719,0.3255623136481325,0.6880514376327197,0.627687113993642,0.46041747569145913,0.005789812406751943,0.627687113995925
776,0.21155135132477385,0.5393751691892378,0.5763401104650647,0.5763267560020623,0.39161882756103683,0.40968252793574816,0.0013950264732951003,0.8150573639418778,0.4096825279279455
777,0.24177219806052544,0.17570097423746103,0.6747886588300962,0.6747856235955809,0.4583097575875046,0.21133460211854652,0.00031635889329048876,0.9542930743823137,0.2113346021133467
778,0.0029317522293078524,0.006812250197305272,0.7070873356944628,0.7070873339110332,0.49939829817307935,0.005244135919899071,0.9999724986602742,1.8750505453715695e-07,0.005244135919797592
779,0.4083007833648805,0.33824307542304377,0.5995393995142863,0.5995286487416919,0.5772636625913664,0.3749119281685318,0.8478684026996391,0.0011242488837986992,0.37491192817109426
780,0.7745641467877419,0.5571026678778892,0.2118121161754389,0.2117135503353863,0.6091727564665934,0.6746528737210558,0.010328670597262418,0.29929971352813733,0.6746528737251519
781,0.18721713370477752,0.9747452791674043,0.08621651715376612,0.08595412894645073,0.16359594840068767,0.7018470630772463,0.118437762786399,0.02817616828494272,0.701847063067718
782,0.7748112323761971,0.5023783104525933,0.271406236429998,0.27133418914209884,0.6312331719303885,0.6529611062821243,0.3837018788850537,0.007513688213914263,0.6529611062784277
783,0.7118237692611983,0.5688138382135505,0.29137245139541024,0.29130711206454657,0.48511991724243214,0.6442989449970074,0.006823975207252617,0.411960158673054,0.6442989449814385
784,0.912401158982997,0.3934658392021782,0.07985621932913169,0.07957224831479337,0.6274058272179083,0.7025991892818539,0.03081224230098297,0.10844060213683362,0.7025991892630339
785,0.6071942911286182,0.7594982158984716,0.165107415255331,0.16497606097062678,0.4093941650207251,0.6875763378546039,0.23299942555426606,0.013741432132872307,0.687576337839492
786,0.07666221690595824,0.01216273530555897,0.7049734919640896,0.704973296019581,0.48575042795626744,0.054886371382479475,2.049982841895207e-05,0.9969829346846975,0.05488637138407859
787,0.20955480139476015,0.9742049393552761,0.05940147480337265,0.05901695227763624,0.16927735547599002,0.7046234682870646,0.06699092920897777,0.05023695122789838,0.7046234682964642
788,0.8378447803259176,0.19603326423377662,0.3602922677342771,0.36024514598444535,0.7094716193094153,0.6084459370425638,0.5094730890389856,0.004924930409285334,0.6084459370411899
789,0.0148396992956204,0.21080675615830488,0.6911375922851704,0.6911361106273393,0.4855068322986377,0.14943176555729942,0.0001545435745043396,0.9774150965680406,0.14943176556408536
790,0.03414034493756361,0.1541927068545923,0.6982335533587715,0.6982327343877212,0.4873230708644813,0.11167128904287327,0.9874507780685222,8.543091252517524e-05,0.11167128904483052
791,0.4104417456540425,0.8977970543696033,0.11301044872605821,0.11281256333705554,0.32489858276835526,0.6980336539318701,0.02082106260507433,0.15831777954461648,0.6980336539240628
792,0.002708946706373327,0.007917271123949576,0.7070820255233203,0.7070820232529811,0.5005364273168104,0.0059169913938143135,2.3808690146267122e-07,0.9999649885999181,0.005916991393742604
793,0.059349826239920814,0.08287619230219996,0.7034236317709546,0.7034232930818374,0.5109831152729533,0.07207934869351157,0.9947910000216217,3.549532800907656e-05,0.07207934869283904
794,0.6806296439890878,0.6951913672923533,0.1635476318956627,0.1634148789640246,0.5279286915859418,0.687949034973494,0.013912561868954778,0.23077844610740522,0.6879490349681164
795,0.012660408451068592,0.07547566573267268,0.7050331221059906,0.7050329316234388,0.49603018766472456,0.05411497971836648,0.9970672683136734,1.9939178334585085e-05,0.05411497971928675
796,0.3278854785726921,0.2817070222751217,0.6376287458035765,0.6376220268050616,0.44379285715808797,0.30566953843449074,0.0007000236836906146,0.9017381973216393,0.30566953844177003
797,0.001914646233745729,0.011035736393589452,0.7070624273728531,0.7070624233048015,0.4995720290302047,0.007920017296533003,0.9999372713584936,4.244981610611818e-07,0.007920017296181211
798,0.00607765358359176,0.04636559963581743,0.7063332760004726,0.7063332050185435,0.49824336831482824,0.033065894080113664,7.434250605554111e-06,0.9989060482558207,0.033065894080665105
799,0.1325598899044438,0.17451899541647797,0.6899178205846218,0.6899162243831584,0.4695599990703353,0.15496613206053947,0.9756899958722216,0.00016667996770291585,0.15496613206391383
800,0.11694164551885058,0.3041146808975883,0.6685221687710593,0.668518527991225,0.5028424673928328,0.23039215220233544,0.9454304662973542,0.0003818411749336959,0.23039215220504888
801,0.05823611471592662,0.018906462395901182,0.7057801614254792,0.7057800396489793,0.5124055022279883,0.043294915240114286,1.2635461899920291e-05,0.9981237901528226,0.04329491524024661
802,0.007064382653851132,0.0048171678388514005,0.7070809333962546,0.7070809310256052,0.49857318090724373,0.006046098222964712,0.9999634440280775,2.482060450096475e-07,0.0060460982231152725
803,0.39780239790856214,0.9117614391311324,0.07242136545337906,0.0721073932242179,0.3038394310334823,0.7034044603496264,0.09601565479189972,0.035004633501961174,0.7034044603416493
804,0.016841604680063977,0.014681876870340643,0.706930274404171,0.7069302582133725,0.5034248682058411,0.015798689078741945,0.9997503702644635,1.6884279041681053e-06,0.015798689078852263
805,0.05840946129803592,0.06284489337259885,0.7044995357675685,0.7044992962136567,0.5115114791739245,0.060667725100265184,2.498600426417228e-05,0.9963126284645584,0.06066772510075421
806,0.02360045319539537,0.045361076078597753,0.7061818148595426,0.7061817299729924,0.5043764339275637,0.036156663383561785,8.898258828329703e-06,0.9986918400121166,0.0361566633831744
807,0.6191346862675633,0.7437608202352576,0.17823443449224122,0.17811392114197205,0.49061943226031446,0.6842908436654048,0.25165999634397174,0.012622550593672816,0.6842908436712756
808,0.13919561486795182,0.016086377526344876,0.7001309554773885,0.7001303124718474,0.5317401379420184,0.09908125640192111,0.9901342357311155,6.702811283409387e-05,0.0990812564020261
809,0.18084281276544256,0.28188162975938735,0.6662746307702438,0.6662707709837277,0.5223015174525392,0.23681361460400285,0.0004040450209511319,0.9422518031942932,0.23681361460632305
810,0.16272760158533497,0.8563869715504921,0.3465226828819622,0.34647240243680233,0.299469785398446,0.6163922876741141,0.489993557517186,0.0052353599393675605,0.6163922876657778
811,0.9801448588038124,0.17743564099763898,0.0627620352799827,0.06239852555734214,0.7115449369976974,0.7043320775508014,0.07703084464572657,0.04357634722394725,0.7043320775520313
812,0.9286117485868716,0.33761785581767223,0.10894763297975435,0.10874197481935748,0.6854888171932674,0.6986793242171923,0.021709770548005474,0.15239123886319053,0.6986793242195576
813,0.788594022704313,0.5943922989896485,0.11149435109453643,0.1112936293364425,0.5373797116720017,0.6982774297394329,0.02115084157803179,0.15610862934959818,0.6982774297223576
814,0.08701677648256288,0.0024167933666011648,0.7044226668674203,0.7044224202307839,0.5191080195253656,0.06155387997352365,2.569988048313134e-05,0.9962039143970075,0.061553879973550024
815,0.9414019871427663,0.18946827198197516,0.19736559771923415,0.19725844304552786,0.6381136177556519,0.6790198551787829,0.011201429109184674,0.27881642796242884,0.6790198552009875
816,0.5201956039807809,0.2979324812693146,0.5659722827058635,0.5659577240505612,0.6164469791258288,0.42389104130329375,0.0015154305432971565,0.8003939490488704,0.42389104130546257
817,0.18270760170907746,0.9591512657601601,0.15279152283785952,0.15264839408679845,0.14091582990123044,0.6904177063010624,0.014984943692052497,0.2154581934643858,0.6904177062891569
818,0.19521797600131846,0.9575967105738317,0.149903790504662,0.14975763621853463,0.19818565900364266,0.6910504699274009,0.211341279140732,0.015276116803290208,0.6910504699366683
819,0.9435926250308931,0.28760445442629873,0.1161061071141357,0.11591379414144974,0.6456768648159582,0.6975253989087618,0.16281018493233446,0.02023559892280456,0.6975253988893264
820,0.6425176731015262,0.3532442107985078,0.4808400076750949,0.48081437278701167,0.4827728286718852,0.5184642832248122,0.6799870880318565,0.0026709866171971534,0.5184642832062962
821,0.7279305964537276,0.3584572078580843,0.4133132393473068,0.4132767148791877,0.6612434241372737,0.5737484305494673,0.5844748826128856,0.0038194863203384133,0.5737484305520293
822,0.3358351304656793,0.9382965605889076,0.05856566003326318,0.058175536069687256,0.22401199591662216,0.7046934335046897,0.0628996269814388,0.05345995190535717,0.7046934335178988
823,0.0,0.24604547783690928,0.6853837620795664,0.6853817381683787,0.48425780796546786,0.17392666797228645,0.0002105325347773217,0.969277557778524,0.1739266679696025
824,0.0005979346275029215,0.011385998982804808,0.7070608203902652,0.7070608161752342,0.499848614517916,0.0080622111933741,4.4036023198436817e-07,0.9999349986379863,0.008062211193502226
825,0.12380354453900239,0.018908281737121304,0.7015396918531611,0.7015391792308556,0.5278659580905133,0.08855744112917771,0.9921265828357428,5.3591073466825426e-05,0.0885574411290397
826,0.14301927643299714,0.029430391322151837,0.6995285256416932,0.699527826786586,0.5325294087092779,0.10324887739059276,0.9892822313604289,7.314189006656193e-05,0.10324887739038811
827,0.31093887325077285,0.789780044773809,0.3738967413762911,0.37385255988885807,0.3893852767601232,0.6001814268386999,0.0046117799240818404,0.5287184895889241,0.600181426845752
828,0.681561205870936,0.7271251827418307,0.0583474274407134,0.05795581219237286,0.5000277624888738,0.7047115372747333,0.06105325936587755,0.05509807597938242,0.7047115372803637
829,0.06432015507342571,0.014389100507662948,0.7055692987418057,0.7055691575701545,0.513804723665708,0.046605410408817445,0.9978255715419243,1.4774762970039935e-05,0.046605410408713556
830,0.0021282554858309427,0.013144722954528726,0.7070440915947682,0.7070440858446977,0.4995112532171077,0.009415763722513078,0.9999113394629923,6.003033120063507e-07,0.009415763722932445
831,0.014748854407921565,0.00913053259776826,0.7070003954968311,0.7070003857392576,0.49703770963245814,0.012265710983348726,1.0233625463180754e-06,0.9998495410145908,0.012265710983792774
832,0.21800605077493518,0.6483922869052535,0.5157917523477441,0.5157709494701441,0.35257574237620565,0.4837040396320917,0.7294217061672,0.002186019080809397,0.48370403961131464
833,0.01945414646540096,0.0008108806737715037,0.7069727349917264,0.7069727226959686,0.5040228853468794,0.013768103394519254,1.2892780114009143e-06,0.9998104213580548,0.013768103394520117
834,0.7293806849770923,0.6075746053465153,0.2223715788649817,0.2222786454733945,0.5819592516781485,0.6712462605756175,0.009716292012966945,0.31426502985523314,0.6712462605801814
835,0.13049489115078758,0.1037572456933092,0.6972111559467733,0.6972102418733171,0.47490179780444125,0.11788656125624566,9.534020792282672e-05,0.9860048216210356,0.11788656125909805
836,0.053570521197185784,0.08007622785304779,0.7038175980808293,0.7038172957015911,0.5098354913699835,0.06812489597406506,3.141987348571426e-05,0.9953481783324671,0.06812489597472171
837,0.0015378794495711737,0.00934253914652242,0.7070750865360541,0.7070750836291201,0.4996640045879998,0.006695076956512258,3.039184849132469e-07,0.9999551749398589,0.00669507695639832
838,0.5690051401442531,0.15575100111843582,0.5709600402676336,0.5709460644908687,0.481099083351334,0.41714818941929216,0.8074482292895464,0.0014605331921387576,0.41714818940537496
839,0.7057100610358626,0.6717017406273547,0.1594264855490452,0.15928991523765676,0.4769547964240732,0.688915785342064,0.014286873823475498,0.22491324244537472,0.6889157853581138
840,0.2304888116515738,0.9685949507061339,0.06612186078364285,0.06577722348740231,0.15159513807893915,0.7040245934551174,0.0397244297897544,0.08438431892882702,0.7040245934675438
841,0.01998982791853337,0.01705922025980422,0.7068625826351511,0.7068625602342068,0.4959573998907474,0.01858238695000558,2.3469064203805536e-06,0.999654635254089,0.018582386949562154
842,0.9132917677944828,0.3814941754593772,0.10100807821244051,0.10078546078285795,0.6258657022712224,0.6998712949739208,0.02356921451429823,0.14072964540764857,0.6998712949551005
843,0.09512466263045556,0.053204150454149404,0.7028944307867123,0.7028940432973669,0.5203492181077216,0.07706939426959591,0.9940425621200912,4.0343797269101056e-05,0.07706939426921257
844,0.8892597875328497,0.16409117775776833,0.30193427483680796,0.3018721745542535,0.7205234830041276,0.6394172674827131,0.0064874796830627635,0.42690634651959053,0.6394172674815689
845,0.0025895953535549315,0.039254373022384534,0.7065594310337207,0.7065593808108622,0.49980907682958303,0.027817366926546096,0.9992258944638837,5.232226909718297e-06,0.027817366926967832
846,0.33046961563080207,0.6570685061589681,0.479101042456994,0.4790751532645754,0.3517242405402208,0.5200717203730788,0.6775274923685662,0.0027034133271432183,0.5200717203514666
847,0.88729807133185,0.3936216280508889,0.17001081381487834,0.16988369470709333,0.6020182679704195,0.6863803076616707,0.013296167273579493,0.23997366204890724,0.686380307637773
848,0.7534761684971927,0.6278964566740364,0.13795618140745655,0.13779620899890505,0.5110296449074755,0.6935345329448216,0.016774500590678466,0.19426353063025062,0.6935345329614299
849,0.005096125571308893,0.011455124307389188,0.707051206363111,0.70705120126603,0.5009932485467887,0.008865392510886824,5.33459424276159e-07,0.999921401726647,0.008865392510441874
850,0.4484614729239836,0.8869210128417083,0.07841785103607146,0.07812851541901103,0.3017638637824095,0.702761188369967,0.10611625523753253,0.03150816810062104,0.7027611883407782
851,0.07788570795022047,0.06259408903277153,0.7035681396852569,0.7035678143115122,0.4845917429760879,0.07065480692956698,3.3945093720444634e-05,0.9949953745435114,0.07065480693127102
852,0.022190276853251218,0.0018674484235430453,0.7069314418639978,0.7069314257788404,0.49560280380221194,0.015746360696510784,1.6924263938146848e-06,0.9997520213766767,0.01574636069698522
853,0.003189556159135657,0.04779626669371608,0.7062950689698511,0.7062949944711737,0.498873503916705,0.03387223297829635,0.9988520128656053,7.777597718047429e-06,0.03387223297775607
854,0.003957728957345118,0.0008174195934309523,0.7071010072668464,0.7071010067373137,0.49920006264809214,0.002857603304437474,5.521211933189886e-08,0.9999918340700132,0.0028576033045195296
855,0.21131814890445885,0.9721600919552766,0.07174531957879225,0.07142831841527056,0.1389006675795219,0.7034737395345977,0.09487792052838526,0.035321038338442516,0.7034737395469062
856,0.971101383347255,0.18697474112122292,0.10499380211532805,0.10478001222120877,0.6661060882267396,0.6992844380465663,0.14660382439740716,0.022580259426400313,0.6992844380237552
857,0.3654983676295364,0.11716357932448154,0.6529511444500796,0.6529459716556589,0.5902793903351373,0.27140040628150136,0.0005411092238049733,0.9234085477949777,0.2714004062823339
858,0.8315540558282525,0.5315647127679038,0.11402078717525271,0.11382475156321463,0.567249165900315,0.6978693237486817,0.15978001342362583,0.0206678805598874,0.6978693237233274
859,0.9819083903778936,0.15042923174446224,0.08146228816843146,0.08118407940368937,0.7165841371055743,0.7024147780546641,0.030107415174005437,0.11099775985938266,0.7024147780536458
860,0.005894265252701634,0.09693721698570565,0.7037644727090865,0.7037641654371037,0.49909471739898004,0.06867156034070747,0.9952730442326384,3.2012161536964724e-05,0.06867156033970234
861,0.32151191632576087,0.19806782032663914,0.6547540626274948,0.6547490692505136,0.45343075618511053,0.2670213229238671,0.0005211278776666452,0.9259583978977451,0.26702132291709746
862,0.8439523269568544,0.5301141025047356,0.05817675052541362,0.057783963379864946,0.5813503412797691,0.7047256484971712,0.05771357472634498,0.05824657945225954,0.704725648479366
863,0.9589025450230815,0.25344233343416733,0.09032719238987238,0.09007713964512731,0.702333150124273,0.7013298465151102,0.026672284754827236,0.12474566925405549,0.7013298465168804
864,0.06946330780809916,0.05694120986384514,0.7042488613497178,0.7042485987030607,0.514247751615967,0.06351162300105077,2.744719393351965e-05,0.9959581049091626,0.06351162300062553
865,0.5454909889332462,0.7622238526855486,0.2464697396148717,0.24638800060881494,0.37369472001802895,0.66277659155594,0.3483983985621881,0.00854021481783819,0.6627765915417222
866,0.10749817851945383,0.9906845867574293,0.05930313464727637,0.05891798874062916,0.09954738217894721,0.70463175093024,0.0504862522457647,0.06662829361773358,0.7046317509200983
867,0.48683670772542553,0.15568457951137962,0.6077681759498594,0.6077583204004708,0.46715395027145223,0.3614191944915309,0.8595064104389621,0.0010305958234278335,0.36141919448150445
868,0.4016377875228279,0.8901278124845812,0.1523208750348134,0.15217726208677854,0.3332238508306591,0.690521698407472,0.015045100991151094,0.21478643580022785,0.6905216983997273
869,0.36767688177031266,0.27074051684367806,0.6290957179355681,0.629088119624249,0.4462435485915493,0.32286739958369737,0.8896699700526407,0.0007930723644588528,0.32286739957577965
870,0.1583352423199669,0.9523021038180626,0.1845174643600473,0.18440162539764296,0.1954911372397059,0.6826233756287872,0.2605840823327238,0.012107441429394138,0.6826233756193755
871,0.17898479051275737,0.32338459564709787,0.6570361909037356,0.6570314238344876,0.4449671204131498,0.2613552677318343,0.9291859869244705,0.0004997664077476089,0.2613552677210733
872,0.43089929016339573,0.29068298924037383,0.6040867446794042,0.604076490525496,0.5916238086964685,0.367539656700788,0.8542997462882905,0.0010700442616376608,0.36753965670292593
873,0.15926567880711992,0.982784005784012,0.06639092483900201,0.06604771966449338,0.1377558321661129,0.703999269829093,0.03951604204334975,0.08490311298819224,0.7039992698193964
874,0.020424332946966505,0.006991248390770689,0.7069420027269965,0.7069419876128119,0.49593375933566625,0.015264844093632983,0.9997669573791381,1.5719261667298156e-06,0.015264844093113876
875,0.09250249495405387,0.2201513268254792,0.6866510382328299,0.686649134142053,0.5082096664551801,0.1688539580156292,0.00019813296627174717,0.9710698442787637,0.16885395801757175
876,0.6893781044368317,0.48869524353569577,0.3781319451636474,0.37808864536837017,0.6200575249959062,0.5975220532875326,0.004515092638822305,0.5347096461147823,0.5975220532543717
877,0.000640632701280934,0.01613389420367145,0.707014603457219,0.7070145950019717,0.4999740848734587,0.011417376065248156,8.801097903192621e-07,0.9998696350258851,0.011417376065073816
878,0.2228239345202908,0.9635227046079111,0.10492459493225541,0.1047106590483221,0.19457840836926643,0.6992948259665083,0.02260905591073074,0.14650025027574967,0.6992948259757357
879,0.8474815223273017,0.5242654926020802,0.059018222991253984,0.05863115157862966,0.6172058336600538,0.7046556738666359,0.06541774508003605,0.0513933965517463,0.7046556738628167
880,0.007199936363230292,0.06820302445823091,0.7054419621973156,0.7054418093245912,0.5003532668225703,0.04849480192752121,1.5967227499863706e-05,0.9976454821814209,0.04849480192821613
881,0.513944122483575,0.6790618333730577,0.37065463940451776,0.3706097728184279,0.5060525581748431,0.6021891457726835,0.004691989749395933,0.5241320927522102,0.6021891457780989
882,0.06455671165056255,0.07147335232322648,0.703819727001049,0.7038194248333297,0.4865666185760112,0.06810289682198822,0.995351189223926,3.160801783178376e-05,0.06810289682464007
883,0.048572162207947384,0.9779891815496738,0.1435651217098778,0.14341191121057761,0.09666091078550727,0.6923951471188913,0.01605568908773743,0.20228725935303132,0.6923951471504944
884,0.6102182262752092,0.7644336772080803,0.1471712288183968,0.14702210337139443,0.4739865139865235,0.6916375967718639,0.015600073272875978,0.20744037019236833,0.6916375967657996
885,0.7717060666916992,0.5779030729412692,0.1878036318158585,0.1876901190607397,0.5989555252355178,0.681726563619744,0.26524889802884277,0.01186621299091567,0.681726563615465
886,0.830520479270941,0.1584155470762776,0.3776062961603752,0.3775628867796927,0.5705119816138737,0.597854393479702,0.004538586745791849,0.5339659629636734,0.5978543934969727
887,0.5903721043665806,0.3128636578662431,0.5261167088379074,0.5260972536538993,0.4724772072534333,0.472452584073402,0.7440248546921806,0.002031556272014994,0.4724525840565997
888,0.3197350376561131,0.9436367029530965,0.06068278419024808,0.06030654958006562,0.2461873033521816,0.7045142723070126,0.04705684040004202,0.07144882078031876,0.7045142723156071
889,0.9615363884474816,0.1869245241147004,0.14239205536863073,0.14223747236136997,0.6558491185733729,0.6926373524409553,0.20061073217120742,0.01619660808894184,0.6926373524635514
890,0.19746265525857484,0.9680649481634311,0.10932413457127432,0.10911921893553454,0.1805579137148193,0.6986205084472157,0.15293791340526866,0.021650981134853406,0.6986205084565552
891,0.025190776259790344,0.004420963163254514,0.7068754875775295,0.7068754663575244,0.4950215167517016,0.01808480196021933,2.222896214191543e-06,0.9996728864339558,0.01808480195969305
892,0.5085794411829992,0.8223244523736487,0.1805163656539346,0.18039758525399885,0.3436021655238559,0.683692384404376,0.25490195235665164,0.012427458273764047,0.6836923843901528
893,0.04903597164418087,0.008339740617793282,0.7062315610560512,0.7062314807349258,0.510415701669644,0.03517156370771747,8.373752751437635e-06,0.9987621949906762,0.035171563707659226
894,0.9781944834999521,0.18853737130910103,0.061784788409750734,0.0614154051625147,0.7099874439548484,0.7044184792904469,0.04516131235270086,0.07449609343244314,0.7044184792891359
895,0.020689191029904477,0.09562014939509941,0.7037148510873913,0.7037145392581003,0.5019442910764392,0.06917823211076053,0.9952028654252659,3.245812925668921e-05,0.06917823210983896
896,0.6020470620672401,0.6857555794712515,0.2892376303005569,0.28917161119995827,0.5233199493306754,0.6452601694228529,0.006888588521107944,0.4089390845273271,0.6452601694282158
897,0.4967487969784567,0.8624085148921407,0.06905653703553259,0.06872688364619836,0.3723208666041626,0.7037427833405246,0.03726461039250006,0.09001965704974194,0.7037427833044373
898,0.02388224555069943,0.010895431171339426,0.7068631266117434,0.70686310426101,0.4952350370482223,0.01856168191702829,2.3350552165798026e-06,0.9996554045886957,0.018561681916533887
899,0.02353660793962458,0.048651332135266775,0.7060733707993483,0.7060732759538554,0.4947469664652643,0.03821599162511557,9.918346164158008e-06,0.9985384698997781,0.03821599162587226
900,0.6349150710195572,0.2822902112587323,0.5085357554010542,0.5085139867283948,0.6510432195971163,0.49132723859883004,0.719159170111139,0.0022753603638008446,0.4913272386008307
901,0.986530415135011,0.07775506127966895,0.10187442420942253,0.10165378571871496,0.7245112174916193,0.6997457072180971,0.023342818806113233,0.14201057449758017,0.6997457072186352
902,0.3687531007292277,0.9257307188683087,0.05953711558513403,0.05915348895742285,0.28022809790818276,0.7046120197177483,0.04975438106025364,0.06758923696376985,0.7046120196826365
903,0.02624058376801166,0.04229833049207989,0.7062302728660993,0.7062301924221092,0.4943524620318624,0.035197421773505856,8.394495869561718e-06,0.9987603731279227,0.03519742177207287
904,0.06582746292406318,0.2840734761694142,0.6763774480904375,0.6763745655897162,0.46704033313997456,0.20619286449764915,0.00030269034957307854,0.9565400742470556,0.2061928644940163
905,0.39191167102580626,0.2209141920967878,0.6315106663051127,0.6315033176372479,0.589366944352319,0.3181177754818216,0.0007673993215037948,0.8930854230935918,0.31811777548341075
906,0.41877271803303245,0.9037739822790828,0.0627196160041046,0.06235585357477159,0.2817998553451419,0.704335856432403,0.04383101277627979,0.07681695793082599,0.7043358564185833
907,0.236615732746969,0.9576413297168667,0.11614796516042747,0.11595571923721461,0.2085915122988325,0.6975184303579154,0.16287439035384585,0.020199297056845155,0.697518430348836
908,0.037641035491969656,0.0037729378410963975,0.7066006591456111,0.7066006127099864,0.5079204735951326,0.02674960385558861,4.842463261661812e-06,0.9992842024988143,0.02674960385556346
909,0.0503597803507042,0.3339122367628314,0.6655718368138394,0.6655679084085404,0.48214938649733113,0.23878179300201696,0.941257851242701,0.00041004516945802893,0.23878179299869223
910,0.7292612104384933,0.668236955034192,0.10412091520679949,0.10390524979004467,0.5443030856163006,0.69941494624989,0.02279518825054362,0.1453198035714864,0.6994149462549601
911,0.9773932549614801,0.18939676356410512,0.06662115623964784,0.06627916122613213,0.6746496160573318,0.7039775189439919,0.0393149829700617,0.0853559475702247,0.7039775189236672
912,0.5055705573360392,0.7874236073160137,0.2494019102759672,0.24932140170285463,0.34907658686523224,0.6616787459882914,0.3525523997074027,0.008323440210008316,0.6616787460021665
913,0.8812690995660236,0.2816363694294044,0.2684073205330061,0.2683341943342509,0.5959152805729605,0.6541996141895611,0.007641160911193195,0.3794566407702581,0.6541996142077094
914,0.08436017336664983,0.009820070817564933,0.7045520768899248,0.7045518421725819,0.5184733815466357,0.06005444463695144,2.444206316330063e-05,0.9963869362658622,0.06005444463701704
915,0.32891671557147967,0.6661007134891976,0.47336504972825255,0.4733383181220625,0.4594127044161077,0.5252981849859876,0.6694145353944034,0.0027952655596727946,0.5252981849802789
916,0.8009858709091868,0.5876127569950128,0.08117307621480989,0.08089384474976472,0.5488286706051908,0.7024482605698428,0.11052921172649163,0.03026839565776101,0.702448260587092
917,0.00992609793746563,0.027371842061198096,0.7068070082128473,0.7068069807119286,0.49782923222790737,0.020588165994952043,2.8830271455021066e-06,0.9995760375447168,0.020588165995339008
918,0.40003451472225693,0.1923591591545132,0.633632140854981,0.633625011101136,0.4561810730604773,0.31387071811152367,0.0007446459195426742,0.8960858162697566,0.3138707181225678
919,0.3636609402750998,0.8697303077131265,0.23596680055803212,0.23588043877728965,0.34524001098646295,0.6665883616021155,0.33352488448207307,0.009003543445814818,0.6665883615944305
920,0.0014355510530776043,0.005584138545220268,0.7070950283075186,0.7070950272294894,0.5002796092835388,0.004076972535877069,0.9999833781567923,1.132951306903457e-07,0.004076972536075153
921,0.8557054583240006,0.33289027127766174,0.28017039018094875,0.2801013894093535,0.5791207587121766,0.6492487058469165,0.3961065113403268,0.007201913425680122,0.6492487058692591
922,0.06462790564146079,0.10932071874298276,0.7013818339400617,0.701381306771443,0.5108938018191146,0.08979918020585226,0.9919033276708245,5.500078822732818e-05,0.08979918020124167
923,0.29029582393187714,0.019926755717535032,0.6765113234909811,0.6765084539033961,0.463250364898374,0.20575317856968853,0.0002992417949402364,0.9567294128794364,0.20575317857613676
924,0.6785327536234337,0.7156177529427629,0.11732248202515193,0.11713227200401873,0.512302484710552,0.697321828883338,0.16457082389660305,0.02002443146156221,0.6973218288777755
925,0.0757554667905411,0.6507401705180261,0.5342368490301921,0.534218428045877,0.3957375101826966,0.4632502888723443,0.7555095112449898,0.001928248913672202,0.4632502888657193
926,0.09758001016790926,0.06298640590209477,0.7023216758987548,0.702321235511165,0.4813727938423624,0.08212534843865793,4.616796950948756e-05,0.993232526730616,0.08212534844164589
927,0.03654115489801457,0.10884450367104198,0.7024308586962842,0.702430428420158,0.48982327994444214,0.08118615023894851,4.5066570882356137e-05,0.9933869417242862,0.08118615023546229
928,0.9965081247993279,0.012724135928472635,0.058545762656850735,0.05815549929161017,0.7223179678751559,0.7046950871040563,0.06291647074346117,0.05339649924963215,0.7046950871039744
929,0.8173249886193731,0.5608091487553248,0.09358957453344081,0.09334855751062257,0.5591209864612531,0.7009019326459901,0.025651281077704577,0.1296725623628109,0.7009019326285574
930,0.9791425225884851,0.18549275688771602,0.058812833121828105,0.058424380710749624,0.6767068827131575,0.7046728469190582,0.06440903156747355,0.05219036552651085,0.7046728469394414
931,0.016375241923957604,0.000848218632587876,0.7070117199547716,0.707011711235167,0.5033780193481335,0.01159456818766644,0.9998655569506595,9.119725413004425e-07,0.011594568187662767
932,0.3107669704336991,0.9467336902942257,0.05985290120791355,0.059471337350945695,0.23978515837523168,0.7045852646283679,0.06879795240598517,0.04884722606308417,0.7045852646197164
933,0.5378256529723109,0.8346193404470301,0.08425951277481879,0.08399082130581333,0.40485076190647545,0.7020847087257228,0.028922541647487247,0.11540195033587729,0.7020847087188594
934,0.10190532418646085,0.021072484629153645,0.7032679972365119,0.7032676441845951,0.5225172704178626,0.07358241877640068,0.9945708893452007,3.689311450471121e-05,0.07358241877655287
935,0.9831430981284361,0.08159742362279919,0.11579321529739223,0.11560034754115657,0.673472226329804,0.697577411800566,0.02029579216106528,0.1623563669250432,0.697577411822575
936,0.07754503327038302,0.058469388597317117,0.7037643536556264,0.7037640463506416,0.5160519044428955,0.06867278058950713,3.2091191314885044e-05,0.9952728758397394,0.06867278058994192
937,0.034920823389421776,0.012819794457709746,0.7066173831804028,0.7066173382752146,0.5072947613799557,0.026304096982489197,0.9993078549384983,4.6996781662585186e-06,0.026304096982578892
938,0.5986178761574605,0.7895026444290768,0.09588333392433908,0.09564830923640812,0.45051307569040167,0.7005918166831908,0.13310773086201902,0.0249908937213974,0.7005918166895191
939,0.7597938981579522,0.26084128367302994,0.4211321940610144,0.42109705790837587,0.6853433368347184,0.5680338647247751,0.595534666534943,0.0036766844912520255,0.5680338647229467
940,0.1627141825586621,0.19977187816114605,0.6832343432378287,0.6832321155439124,0.4634920075744611,0.18218768963795362,0.966237671365195,0.00023221757650438528,0.18218768963393248
941,0.3613934651506584,0.00837274451453743,0.6592915336676111,0.6592869892011373,0.5924987294755407,0.2556123427225944,0.9323756948039829,0.0004735340344455684,0.25561234272267225
942,0.7583653804904776,0.6459406377468437,0.06200059587739593,0.06163252624690421,0.5206192669200724,0.7043995165539698,0.07514565345327272,0.04467407467209756,0.7043995165371708
943,0.0125725685032881,0.043685120789768606,0.7063758332191431,0.7063757661378055,0.49700195820547016,0.032143889443788716,0.9989662360131282,6.969497088863851e-06,0.03214388944437239
944,0.020429136250070402,0.034811894592397835,0.7065305574026249,0.7065305045384103,0.5039211764310445,0.028541352570023194,5.533191488204828e-06,0.9991850591138504,0.028541352569732736
945,0.48796193584601066,0.5316951463408673,0.4894983672491049,0.4894739717119098,0.412596226573572,0.5102972562579664,0.002554467849159215,0.6922332664766834,0.5102972562464099
946,0.977594629383303,0.1222530386874888,0.12125890715916844,0.12107523515217639,0.7230391951989394,0.696648069281122,0.17026703248971148,0.01928918815653438,0.6966480692819637
947,0.03960851597219921,0.03172928329632815,0.7061956301812026,0.7061955465613191,0.5081096773724049,0.03588580450506625,0.9987113787241039,8.778728347729206e-06,0.035885804504829
948,0.09434082492112719,0.18769063745172138,0.6913298984246803,0.6913284349065134,0.4740388084765765,0.14853950086544815,0.00015259763860528023,0.9776870716543864,0.14853950086248383
949,0.8381815627919731,0.517426911636722,0.12199498424504819,0.12181249003585339,0.625400581278062,0.696519540675306,0.019160314815875906,0.17132991929561217,0.6965195406790622
950,0.7059554540869709,0.31370624910378514,0.44902263428680994,0.44899216030597133,0.664439243330459,0.5462530154993832,0.003188319219491984,0.6349843468453724,0.5462530154971579
951,0.12249367345163273,0.3519683203097168,0.656170698959182,0.6561658459357343,0.44649132002300945,0.26352077380375494,0.927961932081891,0.0005061145953358612,0.2635207738086929
952,0.006544223447989812,0.026784957752010806,0.7068379496178883,0.7068379249571048,0.4984651414786225,0.019496933378454092,2.581245404597131e-06,0.9996197973084685,0.019496933378107095
953,0.007210088152711122,0.04527971224997482,0.706363171000323,0.7063631027607243,0.5009478400241277,0.03242096322319418,0.9989483281115801,7.104133214048432e-06,0.032420963222746416
954,0.014733069199264556,0.024014879139190235,0.7068260955332707,0.7068260697831494,0.5028915893579712,0.019922070024125233,0.9996030323307078,2.675119121398392e-06,0.019922070024324365
955,0.8777125165031477,0.26674638641305565,0.2815188211341738,0.28145027457175625,0.7049754152507267,0.6486651278927631,0.39801498886235653,0.007153485177885498,0.648665127894646
956,0.012148408826545533,0.0073049302612463885,0.7070357357910946,0.707035729274839,0.4975531706507017,0.010023618187397276,6.773294859298594e-07,0.9998995220302886,0.010023618187652664
957,0.5431159521985675,0.8351205432485115,0.06182335351057256,0.06145420567475523,0.36910964194163615,0.704415095496037,0.07467059284705094,0.04497831697916554,0.7044150955245768
958,0.05282047241809647,0.34671806183732345,0.6621941649015324,0.6621899057367586,0.45865421940532985,0.24799537970355828,0.00044598366444273467,0.936480851052421,0.24799537970774566
959,0.21960366376166876,0.9713436430486317,0.06446407995274081,0.06411037644026692,0.1440478878808744,0.7041783304128105,0.0808818043124414,0.0415197748383831,0.7041783304004484
960,0.8999452843491567,0.3793348334313689,0.1520646358149967,0.15192075519082926,0.6770704934293416,0.6905781746743004,0.015092598156500589,0.21441964183391846,0.6905781746769881
961,0.03720561767780728,0.3709396299830964,0.6561348590618739,0.6561300020918653,0.47282690955347617,0.26361000273637836,0.000505850753314799,0.9279112441587462,0.2636100027239298
962,0.4933146010142383,0.8285941682216214,0.18723655600104328,0.1871226458439281,0.3339718859311643,0.6818825366323915,0.01191208528605418,0.2644437836571352,0.6818825366183044
963,0.018449921066992697,0.0743471322163482,0.7050292098225255,0.7050290190061955,0.494903394776043,0.05416592866400912,2.0016944248920854e-05,0.997061735271761,0.05416592866497258
964,0.31073827742649285,0.9454831544458072,0.06909684590951855,0.06876738679472673,0.24228486076073738,0.7037388267002596,0.03720364460322501,0.09010669469831992,0.7037388266916361
965,0.1274579517842749,0.08976542970341353,0.6984617930119716,0.6984609952313896,0.5268560796734086,0.11023466297570653,8.373586201149614e-05,0.9877735728118198,0.11023466297636797
966,0.5682460897599081,0.7530489876900258,0.23457878820115943,0.23449178181262623,0.38673881837994045,0.6670781050251063,0.00909362277432555,0.3315583050331013,0.6670781050105841
967,0.028651312706093432,0.0,0.7068167309749527,0.70681670436856,0.5059738498904143,0.020251607830610602,2.795682760201009e-06,0.9995897882395235,0.02025160783060858
968,0.08530974255172499,0.3438112625927345,0.6612570671260454,0.6612527162258093,0.4539255522364959,0.250483468973124,0.0004536915143197008,0.9351555259443,0.2504834689775792
969,0.20720049230803506,0.9696564934757459,0.09186763807822422,0.09162192816977784,0.17955837653423762,0.7011297167305912,0.026193708538983087,0.12707529374585105,0.701129716721273
970,0.01485275591713705,0.008593215060064321,0.7070026753132119,0.707002665763404,0.5030400703393911,0.012133583629828307,9.98828087984384e-07,0.9998527653087734,0.01213358362976613
971,0.002239561338928495,0.03423789019918522,0.706690457420723,0.7066904192291019,0.5001980256879912,0.024261582391711375,3.971530242698852e-06,0.9994112022705879,0.024261582391354595
972,0.028608375922127522,0.014059162689032617,0.7067474610373946,0.7067474280736917,0.5059139398674322,0.022539955949534254,0.999491821257089,3.4306333077985852e-06,0.022539955949635492
973,0.010468338027124687,0.007918419548792875,0.7070458685373532,0.7070458629502464,0.4978834247106491,0.009281364910309382,5.796623187814724e-07,0.9999138525545405,0.009281364910535935
974,0.7398834789711262,0.6673426680193076,0.06029814790912333,0.05991945741385389,0.5414854464289379,0.7045472986212924,0.047974192681768904,0.0701760988839767,0.7045472986162016
975,0.43372458715116197,0.6224909036808878,0.46065955929638813,0.46063090899653575,0.37759030517054937,0.5364755055536888,0.6514438547485036,0.0029946626734905285,0.5364755055422391
976,0.9808286589064078,0.1380814352826805,0.09734898135412627,0.09711763448232823,0.7193945063589128,0.7003896561344055,0.135305009053578,0.02451965789199171,0.7003896561784712
977,0.03740763378886078,0.01428065807010831,0.7065397388891148,0.7065396868611867,0.50782584883146,0.028313144125927905,5.414077265266075e-06,0.9991980442885637,0.028313144126029217
978,0.002811615446615747,0.008082816779405356,0.7070808886723734,0.7070808862973976,0.4994151299678288,0.006051326597520877,0.9999633807758992,2.4725491958901067e-07,0.006051326597408029
979,0.9913818286589452,0.09604411523605717,0.06317867508560819,0.06281761494841993,0.684889941779414,0.7042948254446498,0.07806964690465121,0.04292700741449242,0.7042948254236445
980,0.22526485597537088,0.9542257977858096,0.1391994114741618,0.13904098441711815,0.21193911176393188,0.6932860623545455,0.0165920681664868,0.19604482848673405,0.6932860623454787
981,0.2633007228589063,0.9243762292160961,0.1952481666557553,0.19513965100428435,0.2628515445083495,0.6796317642708484,0.011341066801435035,0.2758128172879442,0.6796317642794564
982,0.8596537241011752,0.3084899893376754,0.28798234853425875,0.287915926721614,0.6951838198710335,0.645821409551409,0.006934272060871415,0.40716253486569576,0.6458214095535789
983,0.011981304143124042,0.016337201804796,0.7069616549046468,0.7069616415921739,0.49753686783925183,0.01432577767111215,1.3983462419180674e-06,0.9997947510295617,0.014325777671684555
984,0.21091836082897686,0.05147723795770702,0.6902411538105989,0.6902395878415531,0.549769391178095,0.15351947915923994,0.00016261538702677804,0.9761472801753331,0.1535194791588761
985,0.8095401355924932,0.5729274199205109,0.09067536733220426,0.0904263132460139,0.5539414051243889,0.7012849134294757,0.026613116505634016,0.12526245406327452,0.7012849134468093
986,0.9319021322763271,0.24542979793329012,0.1888984065052598,0.1887856513748811,0.7104559279160986,0.6814240125840956,0.011783403109385936,0.2668028889581713,0.6814240125857993
987,0.08194317044195593,0.017051976742008965,0.7046257404274865,0.7046255124814479,0.5178484153012187,0.0591838368444481,2.3858924266809864e-05,0.9964911170419326,0.05918383684456814
988,0.8895073318488858,0.42127065827749133,0.1252041587864793,0.12502664045238682,0.6069323939857246,0.6959498034248434,0.1759561670776905,0.01863248420281682,0.6959498034432411
989,0.48559745658446674,0.4712197883483825,0.520657285075116,0.5206371219244866,0.5712064185569072,0.47846263113008286,0.00210514956969086,0.7363033271504976,0.4784626311264819
990,0.8384109622418596,0.17938275193353884,0.3639523293662444,0.3639060162326353,0.5738016234385964,0.606263603260764,0.004844496020183981,0.5146507724270244,0.6062636032781827
991,0.01860557989006874,0.07190586802995617,0.705153753271369,0.705153573902249,0.4948941730330023,0.05251962233502695,0.997237874425366,1.8745441238931102e-05,0.05251962233273716
992,0.7202162124998814,0.3805548738823966,0.41018107111244495,0.41014397974094075,0.6548810685024441,0.5759919291042453,0.003871313705246961,0.5800444880756006,0.5759919291015209
993,0.581337388661523,0.8092820460713358,0.05981195579140439,0.05943013036503738,0.39604910847759073,0.7045887416035483,0.06873849089268497,0.04883062891868709,0.7045887415753498
994,0.09971664558020767,0.006706760834865952,0.7035666521937385,0.7035663266956187,0.5221241427430475,0.07066961815703404,3.390621374882412e-05,0.9949932708262103,0.07066961815707738
995,0.1897301192356814,0.270228435134698,0.6674518986375332,0.6674481535704571,0.45196547217089206,0.23347475805555395,0.0003896148857859027,0.9439167987167627,0.23347475806055393
996,0.8571012284841327,0.004472351307473011,0.3642740523900211,0.36422780915262265,0.7239180286868674,0.6060703415426119,0.004817539083547682,0.5151060798728216,0.6060703415426704
997,0.8238862845753409,0.48278669675468,0.20996453333573323,0.2098649333891797,0.6424059455633968,0.6752301846331377,0.29668171116759695,0.010409504503273919,0.6752301846296225
998,0.22181020379746347,0.9679628924485136,0.08334654909151586,0.08307482118474234,0.1470216439579513,0.7021936794155519,0.029318857144693348,0.11396700301433942,0.7021936794279104
999,0.20024109399385007,0.9743651655071336,0.07266843291670723,0.072355562190016,0.16720275412916535,0.7033789773268936,0.09649961388509228,0.03469658545781356,0.7033789773174711
1000,0.08120640785003874,0.0,0.7047772509527672,0.7047770369564991,0.5177459191114885,0.05735135010738999,0.9967053951816528,2.2304890913666288e-05,0.05735135010738777
