traj,F_phi_plus,F_phi_minus,F_psi_plus,F_psi_minus,F_plusplus,F_ee,F_eg,F_ge,F_gg
1,0.7005092187384683,0.0963682233022027,0.5000114639393404,0.49998853579780933,0.5741095254962673,0.4999999999926437,0.4999999999999999,0.4999999999999999,0.5000000000073589
2,0.16645408393564037,0.6872358002769813,0.5000114639393404,0.49998853579780933,0.38552306671542924,0.5000000000032527,0.4999999999999999,0.4999999999999999,0.4999999999967378
3,0.16118287372947124,0.6884911627728547,0.5000114639393404,0.49998853579780933,0.35867558090976864,0.5000000000044121,0.4999999999999999,0.4999999999999999,0.49999999999559624
4,0.5684923184105483,0.4204955218646251,0.5000114639393404,0.49998853579780933,0.5034365676079531,0.4999999999907596,0.4999999999999999,0.4999999999999999,0.5000000000092442
5,0.5247900353480487,0.4739149911106313,0.5000114639393404,0.49998853579780933,0.5415184624065111,0.49999999999820033,0.4999999999999999,0.4999999999999999,0.5000000000017958
6,0.6756366100989103,0.2086029047524453,0.5000114639393404,0.49998853579780933,0.6265623306689533,0.5000000000007255,0.4999999999999999,0.4999999999999999,0.4999999999992729
7,0.5044024957750722,0.4955583943955302,0.5000114639393404,0.49998853579780933,0.4720804297951357,0.4999999999942101,0.4999999999999999,0.4999999999999999,0.5000000000057877
8,0.1079346589538694,0.6988205130049584,0.5000114639393404,0.49998853579780933,0.3529581188928972,0.4999999999957808,0.4999999999999999,0.4999999999999999,0.5000000000042206
9,0.02308268376224567,0.7067299269949814,0.5000114639393404,0.49998853579780933,0.3520944871565618,0.5000000000114605,0.4999999999999999,0.4999999999999999,0.4999999999885393
10,0.4395998457279584,0.5538519437863852,0.5000114639393404,0.49998853579780933,0.44274348293988036,0.49999999999450906,0.4999999999999999,0.4999999999999999,0.5000000000054932
11,0.5973626973094448,0.37836201468623387,0.5000114639393404,0.49998853579780933,0.5815642275067364,0.5000000000013798,0.4999999999999999,0.4999999999999999,0.49999999999862277
12,0.6800574522731189,0.19370562401066374,0.5000114639393404,0.49998853579780933,0.6291556736330127,0.5000000000006712,0.4999999999999999,0.4999999999999999,0.4999999999993254
13,0.31160393466984443,0.6347463965224753,0.5000114639393404,0.49998853579780933,0.3941860853599797,0.5000000000049633,0.4999999999999999,0.4999999999999999,0.4999999999950331
14,0.07723593413886382,0.7028759566791967,0.5000114639393404,0.49998853579780933,0.35153782195461525,0.4999999999958959,0.4999999999999999,0.4999999999999999,0.5000000000041032
15,0.704352667085752,0.062348379042221035,0.5000114639393404,0.49998853579780933,0.6434666125112493,0.49999999999978784,0.4999999999999999,0.4999999999999999,0.5000000000002168
16,0.6976325913633615,0.11536366426773167,0.5000114639393404,0.49998853579780933,0.5725057323701149,0.49999999999271333,0.4999999999999999,0.4999999999999999,0.5000000000072883
17,0.3069441693897985,0.6370127773402178,0.5000114639393404,0.49998853579780933,0.4358913762614509,0.5000000000027446,0.4999999999999999,0.4999999999999999,0.49999999999725564
18,0.6446932091757926,0.29046629071653485,0.5000114639393404,0.49998853579780933,0.5434211933415365,0.4999999999933464,0.4999999999999999,0.4999999999999999,0.5000000000066586
19,0.7053925597160976,0.049207155269232555,0.5000114639393404,0.49998853579780933,0.5768490154753707,0.5000000000075148,0.4999999999999999,0.4999999999999999,0.4999999999924858
20,0.6271482582492202,0.3266267960467365,0.5000114639393404,0.49998853579780933,0.5984846968319705,0.49999999999882916,0.4999999999999999,0.4999999999999999,0.5000000000011717
21,0.5684244316290852,0.42058728645449,0.5000114639393404,0.49998853579780933,0.5653826186978498,0.49999999999844436,0.4999999999999999,0.4999999999999999,0.5000000000015556
22,0.706805442832172,0.0206415463814055,0.5000114639393404,0.49998853579780933,0.5776396129514666,0.5000000000077657,0.4999999999999999,0.4999999999999999,0.49999999999223066
23,0.7063433286070767,0.03284980326893846,0.5000114639393404,0.49998853579780933,0.5773738570912005,0.5000000000077963,0.4999999999999999,0.4999999999999999,0.49999999999220024
24,0.16571516074909573,0.6874143480713979,0.5000114639393404,0.49998853579780933,0.3593214193534382,0.499999999995577,0.4999999999999999,0.4999999999999999,0.5000000000044236
25,0.3828605761640469,0.5944895114460254,0.5000114639393404,0.49998853579780933,0.4696173539562275,0.5000000000024473,0.4999999999999999,0.4999999999999999,0.4999999999975528
26,0.05165169821437964,0.7052177692539839,0.5000114639393404,0.49998853579780933,0.35948982143729724,0.5000000000036707,0.4999999999999999,0.4999999999999999,0.4999999999963241
27,0.6136693338938476,0.3512975215373434,0.5000114639393404,0.49998853579780933,0.5268355225446008,0.5000000000089576,0.4999999999999999,0.4999999999999999,0.49999999999104144
28,0.6110605561915612,0.35581595898281304,0.5000114639393404,0.49998853579780933,0.5255044143826509,0.4999999999910146,0.4999999999999999,0.4999999999999999,0.5000000000089846
29,0.2484296024308385,0.6620292536104899,0.5000114639393404,0.49998853579780933,0.3760916083945004,0.49999999999527994,0.4999999999999999,0.4999999999999999,0.500000000004727
30,0.5942215037689574,0.3832764073857842,0.5000114639393404,0.49998853579780933,0.5797364116005482,0.4999999999860203,0.4999999999999999,0.4999999999999999,0.5000000000139746
31,0.07821867109229091,0.7027672779074248,0.5000114639393404,0.49998853579780933,0.35154125113530227,0.5000000000041123,0.4999999999999999,0.4999999999999999,0.499999999995887
32,0.5697982740877187,0.41872416558715075,0.5000114639393404,0.49998853579780933,0.5661520727736628,0.49999999999845374,0.4999999999999999,0.4999999999999999,0.500000000001545
33,0.7042112471332191,0.06392594868551936,0.5000114639393404,0.49998853579780933,0.6433809589057164,0.5000000000002232,0.4999999999999999,0.4999999999999999,0.49999999999977723
34,0.393286416289532,0.5876442781924673,0.5000114639393404,0.49998853579780933,0.4745231538862847,0.4999999999975924,0.4999999999999999,0.4999999999999999,0.5000000000024046
35,0.2193161359701718,0.672235405496677,0.5000114639393404,0.49998853579780933,0.4022051910811483,0.49999999999692246,0.4999999999999999,0.4999999999999999,0.5000000000030792
36,0.16593833600277413,0.6873605084994588,0.5000114639393404,0.49998853579780933,0.35937061014472327,0.5000000000109625,0.4999999999999999,0.4999999999999999,0.499999999989042
37,0.5699709102924243,0.41848914134110504,0.5000114639393404,0.49998853579780933,0.5662404785503861,0.5000000000015428,0.4999999999999999,0.4999999999999999,0.49999999999844763
38,0.40797024765812634,0.5775467747514184,0.5000114639393404,0.49998853579780933,0.42945882808174773,0.5000000000100246,0.4999999999999999,0.4999999999999999,0.4999999999899741
39,0.3058495341512394,0.6375390673985983,0.5000114639393404,0.49998853579780933,0.43537551281219017,0.4999999999972488,0.4999999999999999,0.4999999999999999,0.500000000002756
40,0.1903115416002743,0.6810150690765855,0.5000114639393404,0.49998853579780933,0.3633512933306229,0.4999999999954868,0.4999999999999999,0.4999999999999999,0.5000000000045131
41,0.6875304729410864,0.1652327329003451,0.5000114639393404,0.49998853579780933,0.6335228177340849,0.49999999999942074,0.4999999999999999,0.4999999999999999,0.5000000000005795
42,0.26117047168016155,0.6571072908179577,0.5000114639393404,0.49998853579780933,0.3793470704505985,0.4999999999952277,0.4999999999999999,0.4999999999999999,0.5000000000047762
43,0.0659932746335681,0.7040205165356584,0.5000114639393404,0.49998853579780933,0.3619306732518497,0.5000000000036187,0.4999999999999999,0.4999999999999999,0.4999999999963784
44,0.608759583688702,0.35973847343195675,0.5000114639393404,0.49998853579780933,0.5243279869822451,0.5000000000063753,0.4999999999999999,0.4999999999999999,0.4999999999936212
45,0.1974288200650099,0.6789859068811503,0.5000114639393404,0.49998853579780933,0.39482229221906245,0.5000000000031597,0.4999999999999999,0.4999999999999999,0.499999999996841
46,0.704379829017416,0.06204082442433434,0.5000114639393404,0.49998853579780933,0.6434842786612226,0.5000000000002129,0.4999999999999999,0.4999999999999999,0.4999999999997951
47,0.27371741982692294,0.6519806546848541,0.5000114639393404,0.49998853579780933,0.3827844455698634,0.49999999999517764,0.4999999999999999,0.4999999999999999,0.5000000000048216
48,0.25496287187462235,0.6595407045170406,0.5000114639393404,0.49998853579780933,0.4151245162097128,0.4999999999970529,0.4999999999999999,0.4999999999999999,0.5000000000029462
49,0.17952831704046102,0.6839368323076833,0.5000114639393404,0.49998853579780933,0.38942266844958817,0.5000000000032138,0.4999999999999999,0.4999999999999999,0.49999999999678935
50,0.0,0.7071617281850265,0.5000114639393404,0.49998853579780933,0.35372182441652184,0.5000000000038383,0.4999999999999999,0.4999999999999999,0.4999999999961627
51,0.4226637066955027,0.5668821668057854,0.5000114639393404,0.49998853579780933,0.4888373296930452,0.5000000000022776,0.4999999999999999,0.4999999999999999,0.4999999999977268
52,0.007005053003459967,0.7070720820632327,0.5000114639393404,0.49998853579780933,0.3545457407731613,0.5000000000115796,0.4999999999999999,0.4999999999999999,0.4999999999884211
53,0.5966601429674294,0.3794689365337906,0.5000114639393404,0.49998853579780933,0.581124137173051,0.499999999998612,0.4999999999999999,0.4999999999999999,0.5000000000013876
54,0.6858307460899783,0.17215164163510266,0.5000114639393404,0.49998853579780933,0.6325376736596973,0.4999999999994013,0.4999999999999999,0.4999999999999999,0.5000000000005959
55,0.47326117639828413,0.5253797335736191,0.5000114639393404,0.49998853579780933,0.5143020782333252,0.4999999999979486,0.4999999999999999,0.4999999999999999,0.5000000000020514
56,0.6953938426434185,0.12816943322655128,0.5000114639393404,0.49998853579780933,0.6381712523016194,0.49999999999955463,0.4999999999999999,0.4999999999999999,0.5000000000004404
57,0.2251353716780395,0.6703089320749006,0.5000114639393404,0.49998853579780933,0.37058081599575216,0.4999999999953687,0.4999999999999999,0.4999999999999999,0.5000000000046342
58,0.4833710448652209,0.516093434356519,0.5000114639393404,0.49998853579780933,0.4622681873578458,0.5000000000096948,0.4999999999999999,0.4999999999999999,0.4999999999903073
59,0.5603976442202734,0.4312243967499608,0.5000114639393404,0.49998853579780933,0.560960569838343,0.4999999999983972,0.4999999999999999,0.4999999999999999,0.5000000000016027
60,0.2951502003793815,0.6425623387781186,0.5000114639393404,0.49998853579780933,0.38899862046495276,0.4999999999950922,0.4999999999999999,0.4999999999999999,0.5000000000049027
61,0.6249847269594492,0.3307477756046404,0.5000114639393404,0.49998853579780933,0.597235926909566,0.5000000000011862,0.4999999999999999,0.4999999999999999,0.49999999999880884
62,0.4432923018438416,0.550901021169853,0.5000114639393404,0.49998853579780933,0.4443815027984068,0.4999999999944951,0.4999999999999999,0.4999999999999999,0.5000000000055035
63,0.2946420274691393,0.6427955214699503,0.5000114639393404,0.49998853579780933,0.3889829163263502,0.4999999999951069,0.4999999999999999,0.4999999999999999,0.5000000000048923
64,0.24838918628462472,0.6620444185527598,0.5000114639393404,0.49998853579780933,0.41274205468918385,0.5000000000029634,0.4999999999999999,0.4999999999999999,0.4999999999970365
65,0.6739972476807887,0.21384038467679645,0.5000114639393404,0.49998853579780933,0.6255994305756732,0.5000000000007473,0.4999999999999999,0.4999999999999999,0.49999999999925165
66,0.6703795597520731,0.2249249783074671,0.5000114639393404,0.49998853579780933,0.6234291276418089,0.4999999999991915,0.4999999999999999,0.4999999999999999,0.5000000000008066
67,0.5669179859239307,0.42261566137088846,0.5000114639393404,0.49998853579780933,0.5026547586375837,0.500000000006128,0.4999999999999999,0.4999999999999999,0.4999999999938717
68,0.6522372828298714,0.27310534027496514,0.5000114639393404,0.49998853579780933,0.5474908131279168,0.5000000000086589,0.4999999999999999,0.4999999999999999,0.4999999999913394
69,0.6555465254225854,0.26506367726713276,0.5000114639393404,0.49998853579780933,0.6148419766266989,0.5000000000009377,0.4999999999999999,0.4999999999999999,0.4999999999990617
70,0.6094916576553593,0.35849674928585196,0.5000114639393404,0.49998853579780933,0.5247270597794461,0.49999999999099753,0.4999999999999999,0.4999999999999999,0.5000000000090034
71,0.7026029605387097,0.07968111346008594,0.5000114639393404,0.49998853579780933,0.5752781614049501,0.49999999999258327,0.4999999999999999,0.4999999999999999,0.5000000000074157
72,0.6202409789177903,0.3395601980078051,0.5000114639393404,0.49998853579780933,0.5303589762841017,0.5000000000089206,0.4999999999999999,0.4999999999999999,0.49999999999107814
73,0.6916405007924306,0.14708302982871566,0.5000114639393404,0.49998853579780933,0.635954822468131,0.5000000000158945,0.4999999999999999,0.4999999999999999,0.49999999998410466
74,0.5988374929968893,0.3760234792951115,0.5000114639393404,0.49998853579780933,0.5823451907432882,0.5000000000013782,0.4999999999999999,0.4999999999999999,0.49999999999862244
75,0.6721277485095164,0.21964584395235529,0.5000114639393404,0.49998853579780933,0.5583668244844122,0.5000000000069185,0.4999999999999999,0.4999999999999999,0.49999999999307937
76,0.12766016233542316,0.6954875145913778,0.5000114639393404,0.49998853579780933,0.3750405124397167,0.4999999999966036,0.4999999999999999,0.4999999999999999,0.5000000000033951
77,0.457293934256415,0.5393350143392271,0.5000114639393404,0.49998853579780933,0.4505636379387896,0.5000000000055655,0.4999999999999999,0.4999999999999999,0.4999999999944395
78,0.1878521704946317,0.6816975590688754,0.5000114639393404,0.49998853579780933,0.3918846748707704,0.4999999999968139,0.4999999999999999,0.4999999999999999,0.5000000000031933
79,0.13195419816901743,0.6946856101181849,0.5000114639393404,0.49998853579780933,0.35510504203639187,0.49999999998891936,0.4999999999999999,0.4999999999999999,0.5000000000110816
80,0.3696937081456032,0.6027657658732117,0.5000114639393404,0.49998853579780933,0.4636116139243292,0.5000000000024891,0.4999999999999999,0.4999999999999999,0.49999999999750755
81,0.7039061374301199,0.06720230418823048,0.5000114639393404,0.49998853579780933,0.576014947155058,0.5000000000079261,0.4999999999999999,0.4999999999999999,0.49999999999207234
82,0.6106687312925629,0.3564880090852005,0.5000114639393404,0.49998853579780933,0.5252697446902601,0.5000000000063999,0.4999999999999999,0.4999999999999999,0.49999999999359873
83,0.5723396658849096,0.415243671661293,0.5000114639393404,0.49998853579780933,0.5675506434159391,0.4999999999984684,0.4999999999999999,0.4999999999999999,0.5000000000015333
84,0.7049316067366795,0.055420481986757884,0.5000114639393404,0.49998853579780933,0.5765943482656004,0.5000000000078956,0.4999999999999999,0.4999999999999999,0.4999999999921058
85,0.6422303538106092,0.29587188815948545,0.5000114639393404,0.49998853579780933,0.5421032130692348,0.4999999999912504,0.4999999999999999,0.4999999999999999,0.5000000000087508
86,0.49614305777055123,0.5038274207728676,0.5000114639393404,0.49998853579780933,0.526268569285083,0.5000000000019419,0.4999999999999999,0.4999999999999999,0.4999999999980571
87,0.13778499020962667,0.6935526630854538,0.5000114639393404,0.49998853579780933,0.3556121968937003,0.5000000000043197,0.4999999999999999,0.4999999999999999,0.4999999999956725
88,0.6891330515153705,0.15841604896699246,0.5000114639393404,0.49998853579780933,0.63450180590692,0.49999999999945927,0.4999999999999999,0.4999999999999999,0.5000000000005432
89,0.6753532910359633,0.20951833401136313,0.5000114639393404,0.49998853579780933,0.6263847091858982,0.5000000000007365,0.4999999999999999,0.4999999999999999,0.4999999999992673
90,0.6763482037884024,0.20628406416190384,0.5000114639393404,0.49998853579780933,0.6269631793936989,0.4999999999992723,0.4999999999999999,0.4999999999999999,0.5000000000007243
91,0.014408189073235577,0.7069599787399689,0.5000114639393404,0.49998853579780933,0.35285479668600744,0.5000000000038803,0.4999999999999999,0.4999999999999999,0.4999999999961188
92,0.5901795009615733,0.3894716377924675,0.5000114639393404,0.49998853579780933,0.5775031075959467,0.49999999999857314,0.4999999999999999,0.4999999999999999,0.5000000000014259
93,0.6881323658204141,0.16270788045160886,0.5000114639393404,0.49998853579780933,0.5672099476666582,0.500000000007125,0.4999999999999999,0.4999999999999999,0.49999999999287786
94,0.6033332858749949,0.3687667910146932,0.5000114639393404,0.49998853579780933,0.5214442218625616,0.5000000000090298,0.4999999999999999,0.4999999999999999,0.4999999999909632
95,0.7068745549396643,0.018121010650197993,0.5000114639393404,0.49998853579780933,0.6449598185706082,0.4999999999999375,0.4999999999999999,0.4999999999999999,0.5000000000000622
96,0.22853998602526968,0.6691557926130263,0.5000114639393404,0.49998853579780933,0.37126440830791296,0.4999999999953476,0.4999999999999999,0.4999999999999999,0.5000000000046504
97,0.6173718740113094,0.3447491394909601,0.5000114639393404,0.49998853579780933,0.5928796288261321,0.4999999999987512,0.4999999999999999,0.4999999999999999,0.5000000000012426
98,0.6846571964955778,0.1767612245399238,0.5000114639393404,0.49998853579780933,0.6318563619025271,0.5000000000006135,0.4999999999999999,0.4999999999999999,0.4999999999993884
99,0.7035573361028169,0.07076068693775685,0.5000114639393404,0.49998853579780933,0.575813655791948,0.4999999999925499,0.4999999999999999,0.4999999999999999,0.5000000000074455
100,0.45048597286698494,0.5450343000675135,0.5000114639393404,0.49998853579780933,0.44751955740863564,0.5000000000098463,0.4999999999999999,0.4999999999999999,0.4999999999901521
101,0.07854680254437696,0.7027306738100376,0.5000114639393404,0.49998853579780933,0.36414488073668033,0.4999999999964236,0.4999999999999999,0.4999999999999999,0.5000000000035782
102,0.7026692417159524,0.07909452667628904,0.5000114639393404,0.49998853579780933,0.6424728500627749,0.5000000000002683,0.4999999999999999,0.4999999999999999,0.499999999999726
103,0.6887920528948807,0.15989217575870965,0.5000114639393404,0.49998853579780933,0.5675673572988214,0.4999999999928628,0.4999999999999999,0.4999999999999999,0.5000000000071355
104,0.7035463592807515,0.07086974208223402,0.5000114639393404,0.49998853579780933,0.6429838787931934,0.4999999999997537,0.4999999999999999,0.4999999999999999,0.5000000000002491
105,0.1858165373782324,0.6822552414139209,0.5000114639393404,0.49998853579780933,0.36250205420359144,0.4999999999955006,0.4999999999999999,0.4999999999999999,0.5000000000045031
106,0.36425915633461103,0.6060653983081375,0.5000114639393404,0.49998853579780933,0.41258063239398224,0.4999999999948383,0.4999999999999999,0.4999999999999999,0.5000000000051659
107,0.7066595351028033,0.0251457532371497,0.5000114639393404,0.49998853579780933,0.5775552449877509,0.4999999999923973,0.4999999999999999,0.4999999999999999,0.5000000000075991
108,0.7061299998223164,0.037154048917018755,0.5000114639393404,0.49998853579780933,0.6445212387964565,0.49999999999987244,0.4999999999999999,0.4999999999999999,0.5000000000001206
109,0.6478708313391072,0.2833079347635253,0.5000114639393404,0.49998853579780933,0.6103826529370285,0.4999999999989899,0.4999999999999999,0.4999999999999999,0.5000000000010101
110,0.6495906425178545,0.27934209134641264,0.5000114639393404,0.49998853579780933,0.61139674257062,0.5000000000009915,0.4999999999999999,0.4999999999999999,0.4999999999990057
111,0.7070071984700167,0.011866815562118013,0.5000114639393404,0.49998853579780933,0.6450424050347807,0.49999999999999994,0.4999999999999999,0.4999999999999999,0.5000000000000071
112,0.6913356037457871,0.1485095629171902,0.5000114639393404,0.49998853579780933,0.6357765812871068,0.500000000000515,0.4999999999999999,0.4999999999999999,0.4999999999994877
113,0.6202855962883786,0.33947868716191215,0.5000114639393404,0.49998853579780933,0.5945383153936648,0.4999999999987756,0.4999999999999999,0.4999999999999999,0.5000000000012296
114,0.127797702775538,0.695462254306653,0.5000114639393404,0.49998853579780933,0.3545317573484916,0.5000000000042959,0.4999999999999999,0.4999999999999999,0.49999999999570066
115,0.26442742216410187,0.6558034297010356,0.5000114639393404,0.49998853579780933,0.418755843315855,0.5000000000029029,0.4999999999999999,0.4999999999999999,0.49999999999709044
116,0.6579019376538241,0.25916218943230523,0.5000114639393404,0.49998853579780933,0.5505734658466951,0.500000000008611,0.4999999999999999,0.4999999999999999,0.4999999999913916
117,0.7046895187832495,0.0584181659848142,0.5000114639393404,0.49998853579780933,0.6436594129471845,0.499999999999792,0.4999999999999999,0.4999999999999999,0.5000000000002053
118,0.05131388509422854,0.7052424300880773,0.5000114639393404,0.49998853579780933,0.3511565648932281,0.49999999999597516,0.4999999999999999,0.4999999999999999,0.5000000000040253
119,0.5995039493486878,0.3749600174889664,0.5000114639393404,0.49998853579780933,0.5194518024200099,0.49999999999367883,0.4999999999999999,0.4999999999999999,0.5000000000063213
120,0.5666715129841612,0.4229460915675195,0.5000114639393404,0.49998853579780933,0.5643695679948627,0.500000000001572,0.4999999999999999,0.4999999999999999,0.49999999999842715
121,0.7062312608252234,0.035176785759651136,0.5000114639393404,0.49998853579780933,0.6445797618287418,0.4999999999998819,0.4999999999999999,0.4999999999999999,0.500000000000118
122,0.20116087805272412,0.6778895936220409,0.5000114639393404,0.49998853579780933,0.36537987342728706,0.5000000000045535,0.4999999999999999,0.4999999999999999,0.49999999999544537
123,0.4520512978226419,0.5437367231821604,0.5000114639393404,0.49998853579780933,0.5034983408764191,0.5000000000021496,0.4999999999999999,0.4999999999999999,0.4999999999978588
124,0.6641583893294873,0.24268010607230467,0.5000114639393404,0.49998853579780933,0.619849792725843,0.5000000000008599,0.4999999999999999,0.4999999999999999,0.49999999999914424
125,0.02566073797727022,0.7066410167308902,0.5000114639393404,0.49998853579780933,0.3519193669090349,0.4999999999960675,0.4999999999999999,0.4999999999999999,0.500000000003937
126,0.2426517202045817,0.6641687666428283,0.5000114639393404,0.49998853579780933,0.3745720530712784,0.49999999998932,0.4999999999999999,0.4999999999999999,0.5000000000106753
127,0.7052815004237472,0.05077405991278967,0.5000114639393404,0.49998853579780933,0.6440161938081377,0.4999999999998247,0.4999999999999999,0.4999999999999999,0.5000000000001751
128,0.2925370686829869,0.6437562207626596,0.5000114639393404,0.49998853579780933,0.43002524069196896,0.4999999999972028,0.4999999999999999,0.4999999999999999,0.5000000000027907
129,0.31562909970798697,0.6327545111791181,0.5000114639393404,0.49998853579780933,0.3955290995988224,0.5000000000049782,0.4999999999999999,0.4999999999999999,0.49999999999502104
130,0.6587350451491287,0.2570372352255032,0.5000114639393404,0.49998853579780933,0.5510526875581273,0.5000000000067756,0.4999999999999999,0.4999999999999999,0.49999999999322
131,0.6678656668465868,0.23228312691102987,0.5000114639393404,0.49998853579780933,0.5560225256031295,0.49999999999312966,0.4999999999999999,0.4999999999999999,0.5000000000068722
132,0.6724499408148993,0.2186574423568514,0.5000114639393404,0.49998853579780933,0.6246913817520388,0.499999999999232,0.4999999999999999,0.4999999999999999,0.5000000000007695
133,0.2636474318234934,0.656117391701277,0.5000114639393404,0.49998853579780933,0.4184479080814918,0.4999999999970889,0.4999999999999999,0.4999999999999999,0.5000000000029219
134,0.10531293542145419,0.699220412769043,0.5000114639393404,0.49998853579780933,0.36971789976260555,0.500000000003477,0.4999999999999999,0.4999999999999999,0.4999999999965175
135,0.479545078051725,0.519650380656422,0.5000114639393404,0.49998853579780933,0.5175990896403577,0.49999999999798195,0.4999999999999999,0.4999999999999999,0.5000000000020176
136,0.4880440526519603,0.5116766583214921,0.5000114639393404,0.49998853579780933,0.5220470301124509,0.5000000000019731,0.4999999999999999,0.4999999999999999,0.4999999999980255
137,0.6134182583493324,0.35173576273544405,0.5000114639393404,0.49998853579780933,0.526751865483871,0.4999999999910324,0.4999999999999999,0.4999999999999999,0.500000000008969
138,0.5962104105468007,0.38017515220699993,0.5000114639393404,0.49998853579780933,0.580884954243435,0.49999999999861056,0.4999999999999999,0.4999999999999999,0.5000000000013899
139,0.6432229948732894,0.29370764182471687,0.5000114639393404,0.49998853579780933,0.6076808876195391,0.500000000001053,0.4999999999999999,0.4999999999999999,0.499999999998947
140,0.5271634691851658,0.47127346281820026,0.5000114639393404,0.49998853579780933,0.4829695086174735,0.5000000000059057,0.4999999999999999,0.4999999999999999,0.4999999999940912
141,0.4193815357332718,0.5693146120432929,0.5000114639393404,0.49998853579780933,0.4343726535864222,0.4999999999900048,0.4999999999999999,0.4999999999999999,0.500000000009998
142,0.13943252954632196,0.6932233190477687,0.5000114639393404,0.49998853579780933,0.3778588370052945,0.5000000000033674,0.4999999999999999,0.4999999999999999,0.49999999999663314
143,0.6919248319229587,0.14573958614042598,0.5000114639393404,0.49998853579780933,0.6361029982517157,0.49999999999948325,0.4999999999999999,0.4999999999999999,0.5000000000005143
144,0.6039856257443458,0.3676973808639517,0.5000114639393404,0.49998853579780933,0.5853035259476291,0.5000000000013333,0.4999999999999999,0.4999999999999999,0.49999999999866584
145,0.5348813837040909,0.46249530680068607,0.5000114639393404,0.49998853579780933,0.5469487009859503,0.4999999999982546,0.4999999999999999,0.4999999999999999,0.5000000000017507
146,0.5781671965919555,0.4070905253356505,0.5000114639393404,0.49998853579780933,0.5084086212520614,0.5000000000061894,0.4999999999999999,0.4999999999999999,0.49999999999380684
147,0.4714513756695205,0.5270043646681815,0.5000114639393404,0.49998853579780933,0.5133286426777669,0.5000000000020639,0.4999999999999999,0.4999999999999999,0.4999999999979332
148,0.17264770044051334,0.6857060390483579,0.5000114639393404,0.49998853579780933,0.36028440820884994,0.4999999999955467,0.4999999999999999,0.4999999999999999,0.5000000000044541
149,0.1541498070053748,0.6900998746559835,0.5000114639393404,0.49998853579780933,0.3817937307909698,0.49999999999668543,0.4999999999999999,0.4999999999999999,0.5000000000033132
150,0.7070480924322758,0.009110158498717002,0.5000114639393404,0.49998853579780933,0.5777745310719679,0.5000000000077216,0.4999999999999999,0.4999999999999999,0.4999999999922704
151,0.6355083989539992,0.31004689138728975,0.5000114639393404,0.49998853579780933,0.5384810762568865,0.5000000000065781,0.4999999999999999,0.4999999999999999,0.49999999999341943
152,0.6782821865170413,0.19983311901099626,0.5000114639393404,0.49998853579780933,0.6281068217583962,0.5000000000006986,0.4999999999999999,0.4999999999999999,0.49999999999930295
153,0.6359109972577537,0.3092203155787938,0.5000114639393404,0.49998853579780933,0.6035062864145209,0.49999999999889594,0.4999999999999999,0.4999999999999999,0.5000000000011039
154,0.7030868103477517,0.07529239352843621,0.5000114639393404,0.49998853579780933,0.6427245379727992,0.49999999999974504,0.4999999999999999,0.4999999999999999,0.5000000000002481
155,0.5916558286261991,0.3872252322003871,0.5000114639393404,0.49998853579780933,0.5782906844468069,0.4999999999985746,0.4999999999999999,0.4999999999999999,0.5000000000014236
156,0.5860733105778013,0.39562365276658995,0.5000114639393404,0.49998853579780933,0.5752113027803458,0.49999999999854905,0.4999999999999999,0.4999999999999999,0.5000000000014544
157,0.6705347965094269,0.22446177106594334,0.5000114639393404,0.49998853579780933,0.6235606058911204,0.49999999999920813,0.4999999999999999,0.4999999999999999,0.5000000000007906
158,0.6750125032454833,0.21061367586713367,0.5000114639393404,0.49998853579780933,0.559946612009394,0.500000000006953,0.4999999999999999,0.4999999999999999,0.49999999999304684
159,0.31662416336660487,0.6322571793506814,0.5000114639393404,0.49998853579780933,0.43987087418427867,0.49999999999728184,0.4999999999999999,0.4999999999999999,0.5000000000027116
160,0.6176005959616744,0.34433923052983717,0.5000114639393404,0.49998853579780933,0.5930168132055037,0.4999999999858588,0.4999999999999999,0.4999999999999999,0.5000000000141355
161,0.6487145769512587,0.2813705726143085,0.5000114639393404,0.49998853579780933,0.5456309280177057,0.4999999999933182,0.4999999999999999,0.4999999999999999,0.500000000006676
162,0.5577950941492003,0.4345855943544548,0.5000114639393404,0.49998853579780933,0.559476112455058,0.5000000000016263,0.4999999999999999,0.4999999999999999,0.49999999999837746
163,0.5674037664611267,0.4219632388350511,0.5000114639393404,0.49998853579780933,0.5647876300020952,0.49999999999843164,0.4999999999999999,0.4999999999999999,0.5000000000015663
164,0.6493700963312127,0.27985438712085886,0.5000114639393404,0.49998853579780933,0.6112860611529627,0.5000000000009882,0.4999999999999999,0.4999999999999999,0.499999999999012
165,0.3323143633770946,0.6241531574007109,0.5000114639393404,0.49998853579780933,0.4465903726889008,0.5000000000026589,0.4999999999999999,0.4999999999999999,0.49999999999734146
166,0.5160095643368108,0.48346057699975375,0.5000114639393404,0.49998853579780933,0.5368148668242314,0.49999999999815903,0.4999999999999999,0.4999999999999999,0.5000000000018413
167,0.7063773276813735,0.032110293329632465,0.5000114639393404,0.49998853579780933,0.6446647770136315,0.4999999999998853,0.4999999999999999,0.4999999999999999,0.5000000000001085
168,0.4931880593373971,0.5067203783168263,0.5000114639393404,0.49998853579780933,0.46680219568016434,0.4999999999903554,0.4999999999999999,0.4999999999999999,0.5000000000096428
169,0.26953837632167565,0.653719407460015,0.5000114639393404,0.49998853579780933,0.381551352344791,0.5000000000048094,0.4999999999999999,0.4999999999999999,0.49999999999518924
170,0.6934194381128539,0.13845392790966038,0.5000114639393404,0.49998853579780933,0.5701701046693552,0.5000000000081808,0.4999999999999999,0.4999999999999999,0.4999999999918178
171,0.7070772906028757,0.006457949651517677,0.5000114639393404,0.49998853579780933,0.6450784852072737,0.5000000000153517,0.4999999999999999,0.4999999999999999,0.4999999999846535
172,0.5766739467078172,0.4092030781756566,0.5000114639393404,0.49998853579780933,0.507707133098715,0.49999999999079214,0.4999999999999999,0.4999999999999999,0.500000000009211
173,0.5955702338097969,0.3811772508948377,0.5000114639393404,0.49998853579780933,0.5173994972450685,0.4999999999937029,0.4999999999999999,0.4999999999999999,0.5000000000062995
174,0.5010873227524633,0.4989103075471254,0.5000114639393404,0.49998853579780933,0.5289274380676194,0.5000000000134714,0.4999999999999999,0.4999999999999999,0.49999999998652733
175,0.27644482420708366,0.6508289016086415,0.5000114639393404,0.49998853579780933,0.4233993420409943,0.5000000000028629,0.4999999999999999,0.4999999999999999,0.49999999999713335
176,0.4293749060149999,0.5618159752842615,0.5000114639393404,0.49998853579780933,0.4384129499260634,0.49999999999455713,0.4999999999999999,0.4999999999999999,0.500000000005439
177,0.3890688574521254,0.5904451068142537,0.5000114639393404,0.49998853579780933,0.4219410493570852,0.5000000000101075,0.4999999999999999,0.4999999999999999,0.49999999998989036
178,0.20740898919545103,0.6760040763197501,0.5000114639393404,0.49998853579780933,0.39831746680939706,0.4999999999968863,0.4999999999999999,0.4999999999999999,0.5000000000031112
179,0.7022495396308376,0.08273804498701308,0.5000114639393404,0.49998853579780933,0.5750859688966291,0.4999999999925973,0.4999999999999999,0.4999999999999999,0.5000000000073992
180,0.548307977064447,0.44649564643732825,0.5000114639393404,0.49998853579780933,0.4933325636183371,0.4999999999939734,0.4999999999999999,0.4999999999999999,0.5000000000060206
181,0.6614399062990814,0.24999450064963258,0.5000114639393404,0.49998853579780933,0.6182575394812562,0.49999999999911265,0.4999999999999999,0.4999999999999999,0.5000000000008844
182,0.4767101944343967,0.5222522288342327,0.5000114639393404,0.49998853579780933,0.5160294331673068,0.5000000000020439,0.4999999999999999,0.4999999999999999,0.49999999999796035
183,0.7033061238324455,0.07321546004987954,0.5000114639393404,0.49998853579780933,0.6428454498031045,0.49999999999974715,0.4999999999999999,0.4999999999999999,0.5000000000002536
184,0.6903824703422394,0.15287918316158092,0.5000114639393404,0.49998853579780933,0.5684526446139456,0.500000000007164,0.4999999999999999,0.4999999999999999,0.4999999999928415
185,0.10795113415371421,0.6988179681683425,0.5000114639393404,0.49998853579780933,0.35304820726645236,0.5000000000042149,0.4999999999999999,0.4999999999999999,0.4999999999957892
186,0.15421770146767028,0.6900847056414616,0.5000114639393404,0.49998853579780933,0.3576383371178456,0.49999999999561306,0.4999999999999999,0.4999999999999999,0.5000000000043845
187,0.5632434455234011,0.4275006679233601,0.5000114639393404,0.49998853579780933,0.5008233830091469,0.5000000000060988,0.4999999999999999,0.4999999999999999,0.49999999999389294
188,0.4637264509386874,0.5338143672661936,0.5000114639393404,0.49998853579780933,0.4533339731128094,0.5000000000055976,0.4999999999999999,0.4999999999999999,0.49999999999440004
189,0.13449642518335084,0.6941978908156484,0.5000114639393404,0.49998853579780933,0.37661180592548177,0.4999999999966182,0.4999999999999999,0.4999999999999999,0.5000000000033776
190,0.6752404052796142,0.2098818598112284,0.5000114639393404,0.49998853579780933,0.560097823352533,0.4999999999915664,0.4999999999999999,0.4999999999999999,0.5000000000084315
191,0.704010958639644,0.06609521566078744,0.5000114639393404,0.49998853579780933,0.5760652147953482,0.4999999999920788,0.4999999999999999,0.4999999999999999,0.5000000000079171
192,0.5720170382368706,0.41568800450700744,0.5000114639393404,0.49998853579780933,0.5053196990718891,0.4999999999907691,0.4999999999999999,0.4999999999999999,0.5000000000092345
193,0.011580145797104171,0.7070119519663842,0.5000114639393404,0.49998853579780933,0.35272327263380754,0.49999999999611394,0.4999999999999999,0.4999999999999999,0.5000000000038852
194,0.21806073273988505,0.6726436774674521,0.5000114639393404,0.49998853579780933,0.40190218341166273,0.49999999999692435,0.4999999999999999,0.4999999999999999,0.5000000000030691
195,0.34342881347837534,0.6181073127482275,0.5000114639393404,0.49998853579780933,0.40496832718449055,0.49999999999491046,0.4999999999999999,0.4999999999999999,0.5000000000050896
196,0.37695964947292593,0.5982486294754471,0.5000114639393404,0.49998853579780933,0.466927130614802,0.5000000000024654,0.4999999999999999,0.4999999999999999,0.49999999999753675
197,0.7069833020094949,0.013214315423168487,0.5000114639393404,0.49998853579780933,0.5777439775049199,0.49999999999237515,0.4999999999999999,0.4999999999999999,0.5000000000076205
198,0.6314229635197237,0.3182845285903401,0.5000114639393404,0.49998853579780933,0.6008950005362352,0.5000000000011473,0.4999999999999999,0.4999999999999999,0.49999999999885825
199,0.2929872023004652,0.6435514736896669,0.5000114639393404,0.49998853579780933,0.3884074775940698,0.5000000000048906,0.4999999999999999,0.4999999999999999,0.4999999999951053
200,0.39196070171720965,0.5885293658862872,0.5000114639393404,0.49998853579780933,0.4231357540086292,0.4999999999898999,0.4999999999999999,0.4999999999999999,0.5000000000100985
201,0.6132359629955559,0.35205349046757783,0.5000114639393404,0.49998853579780933,0.5905079700075122,0.49999999999872147,0.4999999999999999,0.4999999999999999,0.5000000000012798
202,0.48323350147457894,0.5162222225482225,0.5000114639393404,0.49998853579780933,0.51946218209525,0.5000000000020141,0.4999999999999999,0.4999999999999999,0.49999999999799466
203,0.34234689204741087,0.6187072049891408,0.5000114639393404,0.49998853579780933,0.4511096556437285,0.49999999999738687,0.4999999999999999,0.4999999999999999,0.5000000000026096
204,0.4914923748092115,0.5083652677990521,0.5000114639393404,0.49998853579780933,0.5237840519224178,0.49999999999803424,0.4999999999999999,0.4999999999999999,0.5000000000019663
205,0.5786657082471026,0.40638159173231236,0.5000114639393404,0.49998853579780933,0.5710601641046079,0.49999999999851014,0.4999999999999999,0.4999999999999999,0.5000000000014988
206,0.6408560452065502,0.29883696110458535,0.5000114639393404,0.49998853579780933,0.606306991306756,0.5000000000010786,0.4999999999999999,0.4999999999999999,0.4999999999989248
207,0.06961474355361932,0.7036716474890539,0.5000114639393404,0.49998853579780933,0.3512256575184739,0.4999999999959117,0.4999999999999999,0.4999999999999999,0.500000000004084
208,0.16474408426298387,0.6876477251804826,0.5000114639393404,0.49998853579780933,0.35917287423836325,0.4999999999955759,0.4999999999999999,0.4999999999999999,0.5000000000044198
209,0.24149220403107652,0.6645912393285152,0.5000114639393404,0.49998853579780933,0.4102042931409692,0.5000000000029864,0.4999999999999999,0.4999999999999999,0.4999999999970127
210,0.7028879252135793,0.07712698616616664,0.5000114639393404,0.49998853579780933,0.6425984154365127,0.5000000000002665,0.4999999999999999,0.4999999999999999,0.49999999999973255
211,0.7052335354546173,0.05143598419573499,0.5000114639393404,0.49998853579780933,0.576752900515282,0.500000000007517,0.4999999999999999,0.4999999999999999,0.499999999992486
212,0.19113883107478244,0.6807833335616893,0.5000114639393404,0.49998853579780933,0.3930275378330034,0.5000000000122139,0.4999999999999999,0.4999999999999999,0.4999999999877869
213,0.42745413988599334,0.5632787571836259,0.5000114639393404,0.49998853579780933,0.43761505817253704,0.5000000000054371,0.4999999999999999,0.4999999999999999,0.49999999999456757
214,0.7017601368064587,0.08679118843167967,0.5000114639393404,0.49998853579780933,0.641925385471759,0.5000000000003081,0.4999999999999999,0.4999999999999999,0.4999999999996949
215,0.5026369507808551,0.4973490682706903,0.5000114639393404,0.49998853579780933,0.4712497969948264,0.5000000000057817,0.4999999999999999,0.4999999999999999,0.49999999999421807
216,0.3859670703782994,0.5924773611364972,0.5000114639393404,0.49998853579780933,0.42070987949511995,0.4999999999898793,0.4999999999999999,0.4999999999999999,0.5000000000101165
217,0.6830749676902621,0.18278016444609899,0.5000114639393404,0.49998853579780933,0.5644027588885044,0.5000000000070508,0.4999999999999999,0.4999999999999999,0.499999999992945
218,0.6924394325533291,0.14327467412359393,0.5000114639393404,0.49998853579780933,0.569616208113942,0.5000000000071853,0.4999999999999999,0.4999999999999999,0.4999999999928134
219,0.6938257442311497,0.1364032402574489,0.5000114639393404,0.49998853579780933,0.63723235002467,0.5000000000004784,0.4999999999999999,0.4999999999999999,0.4999999999995198
220,0.3462787959380551,0.6165152029623394,0.5000114639393404,0.49998853579780933,0.40602461413985996,0.5000000000050974,0.4999999999999999,0.4999999999999999,0.4999999999949066
221,0.32234470110561037,0.6293599078978059,0.5000114639393404,0.49998853579780933,0.4423937115890141,0.500000000002687,0.4999999999999999,0.4999999999999999,0.4999999999973133
222,0.6078655926121922,0.36124703641445993,0.5000114639393404,0.49998853579780933,0.5874520658903843,0.5000000000013183,0.4999999999999999,0.4999999999999999,0.49999999999868366
223,0.49734311159589556,0.5026428447198985,0.5000114639393404,0.49998853579780933,0.4687183649230035,0.5000000000057616,0.4999999999999999,0.4999999999999999,0.49999999999423794
224,0.5208367001834527,0.47825634894405733,0.5000114639393404,0.49998853579780933,0.5394390258386488,0.49999999999818606,0.4999999999999999,0.4999999999999999,0.5000000000018144
225,0.2939681320535816,0.643103986410379,0.5000114639393404,0.49998853579780933,0.43056393725192305,0.49999999999720723,0.4999999999999999,0.4999999999999999,0.5000000000027858
226,0.6924925556211504,0.14301769264425773,0.5000114639393404,0.49998853579780933,0.636474617126508,0.49999999999951356,0.4999999999999999,0.4999999999999999,0.5000000000004861
227,0.6597679672714735,0.25437419162028113,0.5000114639393404,0.49998853579780933,0.5515900762232896,0.4999999999932072,0.4999999999999999,0.4999999999999999,0.5000000000067967
228,0.5825623946599888,0.4007755685268524,0.5000114639393404,0.49998853579780933,0.5732611052950464,0.5000000000014727,0.4999999999999999,0.4999999999999999,0.49999999999852984
229,0.507216950567473,0.49267734376266115,0.5000114639393404,0.49998853579780933,0.532038731302955,0.4999999999981037,0.4999999999999999,0.4999999999999999,0.5000000000018942
230,0.5602427150786061,0.43142566383528896,0.5000114639393404,0.49998853579780933,0.5609026884750098,0.5000000000015966,0.4999999999999999,0.4999999999999999,0.4999999999983999
231,0.38115665246493907,0.5955834167282704,0.5000114639393404,0.49998853579780933,0.41885060398494267,0.5000000000052425,0.4999999999999999,0.4999999999999999,0.4999999999947567
232,0.21595866348021786,0.6733215098805584,0.5000114639393404,0.49998853579780933,0.40104692593476376,0.5000000000030892,0.4999999999999999,0.4999999999999999,0.49999999999690786
233,0.5838925235807226,0.3988352051995109,0.5000114639393404,0.49998853579780933,0.5114216062701468,0.49999999999083344,0.4999999999999999,0.4999999999999999,0.5000000000091674
234,0.5578466445290394,0.4345194140515468,0.5000114639393404,0.49998853579780933,0.559480757214213,0.5000000000016307,0.4999999999999999,0.4999999999999999,0.4999999999983776
235,0.31047196849605235,0.6353008395856116,0.5000114639393404,0.49998853579780933,0.43729211810348795,0.49999999999726413,0.4999999999999999,0.4999999999999999,0.5000000000027327
236,0.15886232659358854,0.6890303049861243,0.5000114639393404,0.49998853579780933,0.3583579629124252,0.4999999999956031,0.4999999999999999,0.4999999999999999,0.5000000000043965
237,0.10763275594145111,0.6988670759511086,0.5000114639393404,0.49998853579780933,0.37020689248218963,0.4999999999880908,0.4999999999999999,0.4999999999999999,0.500000000011914
238,0.0594408316416321,0.704603998681504,0.5000114639393404,0.49998853579780933,0.35120942971704244,0.4999999999959513,0.4999999999999999,0.4999999999999999,0.5000000000040533
239,0.6383846742099232,0.30408059414221905,0.5000114639393404,0.49998853579780933,0.604907101729608,0.4999999999989069,0.4999999999999999,0.4999999999999999,0.500000000001088
240,0.3767079976200583,0.5984071279942516,0.5000114639393404,0.49998853579780933,0.46682563000247057,0.5000000000024643,0.4999999999999999,0.4999999999999999,0.4999999999975347
241,0.7031581612347931,0.07462305467418762,0.5000114639393404,0.49998853579780933,0.6427648085595761,0.5000000000002539,0.4999999999999999,0.4999999999999999,0.4999999999997484
242,0.6739286371183802,0.21405651606938028,0.5000114639393404,0.49998853579780933,0.5593396159439038,0.5000000000069426,0.4999999999999999,0.4999999999999999,0.49999999999305594
243,0.23380940035523787,0.6673328736886297,0.5000114639393404,0.49998853579780933,0.4074064895418217,0.500000000003019,0.4999999999999999,0.4999999999999999,0.4999999999969816
244,0.7069565696238698,0.014574246657922533,0.5000114639393404,0.49998853579780933,0.5777215741786291,0.4999999999923558,0.4999999999999999,0.4999999999999999,0.5000000000076398
245,0.49823418165666855,0.5017596040225949,0.5000114639393404,0.49998853579780933,0.5273808815493607,0.4999999999980709,0.4999999999999999,0.4999999999999999,0.5000000000019307
246,0.6493214269484536,0.2799672918496424,0.5000114639393404,0.49998853579780933,0.6112218664822222,0.5000000000009955,0.4999999999999999,0.4999999999999999,0.49999999999900346
247,0.483921253307407,0.515577560215134,0.5000114639393404,0.49998853579780933,0.5198342596338734,0.5000000000020042,0.4999999999999999,0.4999999999999999,0.4999999999979977
248,0.4902293248306546,0.509583368131343,0.5000114639393404,0.49998853579780933,0.46542777581502304,0.5000000000057259,0.4999999999999999,0.4999999999999999,0.4999999999942776
249,0.5977286076138448,0.37778368366037895,0.5000114639393404,0.49998853579780933,0.5817769944745858,0.49999999999862244,0.4999999999999999,0.4999999999999999,0.5000000000013688
250,0.5673403813240174,0.4220484471232186,0.5000114639393404,0.49998853579780933,0.5647433784275613,0.49999999999843187,0.4999999999999999,0.4999999999999999,0.50000000000157
251,0.16538308831184031,0.687494321271099,0.5000114639393404,0.49998853579780933,0.3851292669906073,0.49999999999673217,0.4999999999999999,0.4999999999999999,0.5000000000032608
252,0.6939096373072218,0.1359757892132107,0.5000114639393404,0.49998853579780933,0.5704210564704967,0.4999999999918383,0.4999999999999999,0.4999999999999999,0.5000000000081575
253,0.47212292146651696,0.5264028372130276,0.5000114639393404,0.49998853579780933,0.5136979641401495,0.49999999999794015,0.4999999999999999,0.4999999999999999,0.5000000000020642
254,0.5630296144735972,0.4277822535039685,0.5000114639393404,0.49998853579780933,0.5007134377130834,0.5000000000092739,0.4999999999999999,0.4999999999999999,0.49999999999072114
255,0.7044817237917861,0.06087282516327067,0.5000114639393404,0.49998853579780933,0.6435450562311693,0.4999999999997951,0.4999999999999999,0.4999999999999999,0.5000000000002096
256,0.6910055402269872,0.150037806487579,0.5000114639393404,0.49998853579780933,0.5687895477700045,0.49999999999282274,0.4999999999999999,0.4999999999999999,0.500000000007172
257,0.1362774985318591,0.6938504474264601,0.5000114639393404,0.49998853579780933,0.37700803799092275,0.4999999999966209,0.4999999999999999,0.4999999999999999,0.5000000000033789
258,0.3149492766615232,0.6330931630734814,0.5000114639393404,0.49998853579780933,0.3953904552601252,0.49999999999502986,0.4999999999999999,0.4999999999999999,0.5000000000049727
259,0.0,0.7071244967856976,0.5000114639393404,0.49998853579780933,0.3530854071289242,0.5000000000115155,0.4999999999999999,0.4999999999999999,0.4999999999884806
260,0.6687956889834037,0.22959166675670623,0.5000114639393404,0.49998853579780933,0.5565090181381024,0.5000000000084943,0.4999999999999999,0.4999999999999999,0.4999999999915064
261,0.5666404401597398,0.42298772036027,0.5000114639393404,0.49998853579780933,0.5644113100409291,0.4999999999984385,0.4999999999999999,0.4999999999999999,0.5000000000015633
262,0.4877819806852274,0.5119264979650799,0.5000114639393404,0.49998853579780933,0.4642723487058621,0.49999999999428474,0.4999999999999999,0.4999999999999999,0.5000000000057101
263,0.16309752854278656,0.6880401176042811,0.5000114639393404,0.49998853579780933,0.35879669394357605,0.5000000000044188,0.4999999999999999,0.4999999999999999,0.4999999999955787
264,0.19663685278811688,0.679215691280966,0.5000114639393404,0.49998853579780933,0.3946758722471838,0.5000000000031558,0.4999999999999999,0.4999999999999999,0.4999999999968403
265,0.6969823394405863,0.11922926867143055,0.5000114639393404,0.49998853579780933,0.6391006933488101,0.5000000000004161,0.4999999999999999,0.4999999999999999,0.4999999999995808
266,0.22598339606511514,0.6700235105597997,0.5000114639393404,0.49998853579780933,0.4043924284728983,0.499999999996938,0.4999999999999999,0.4999999999999999,0.500000000003063
267,0.046099969663428345,0.705602432563809,0.5000114639393404,0.49998853579780933,0.3588312483546208,0.49999999999631733,0.4999999999999999,0.4999999999999999,0.5000000000036825
268,0.3311755244242875,0.6247581722290997,0.5000114639393404,0.49998853579780933,0.40080251853702314,0.5000000000050328,0.4999999999999999,0.4999999999999999,0.49999999999496414
269,0.3627682547483566,0.6069589739427789,0.5000114639393404,0.49998853579780933,0.41182172865862016,0.5000000000102143,0.4999999999999999,0.4999999999999999,0.4999999999897913
270,0.6519613002251653,0.2737635165772009,0.5000114639393404,0.49998853579780933,0.5473539360223209,0.4999999999913367,0.4999999999999999,0.4999999999999999,0.500000000008667
271,0.6797624921700475,0.1947381684179211,0.5000114639393404,0.49998853579780933,0.6289417373298304,0.500000000000693,0.4999999999999999,0.4999999999999999,0.4999999999993076
272,0.5068983402890227,0.4930051446103121,0.5000114639393404,0.49998853579780933,0.5320311035126298,0.4999999999981213,0.4999999999999999,0.4999999999999999,0.5000000000018795
273,0.1363873492348467,0.6938288684096633,0.5000114639393404,0.49998853579780933,0.3771051777024749,0.5000000000033723,0.4999999999999999,0.4999999999999999,0.49999999999662614
274,0.401619215694441,0.5819811067184886,0.5000114639393404,0.49998853579780933,0.4785878898944005,0.5000000000023639,0.4999999999999999,0.4999999999999999,0.4999999999976346
275,0.4715809520989282,0.526888421898812,0.5000114639393404,0.49998853579780933,0.5134305728720834,0.4999999999979386,0.4999999999999999,0.4999999999999999,0.5000000000020618
276,0.4375639208866101,0.5554618034917754,0.5000114639393404,0.49998853579780933,0.4418756902723744,0.499999999990098,0.4999999999999999,0.4999999999999999,0.5000000000099015
277,0.6919980073290187,0.14539173928617902,0.5000114639393404,0.49998853579780933,0.5693904501263342,0.5000000000082049,0.4999999999999999,0.4999999999999999,0.49999999999178824
278,0.3022612491702189,0.6392481083160396,0.5000114639393404,0.49998853579780933,0.3912735418021003,0.5000000000049292,0.4999999999999999,0.4999999999999999,0.49999999999507405
279,0.4680839619505233,0.5299975514704717,0.5000114639393404,0.49998853579780933,0.4552861682902361,0.500000000009757,0.4999999999999999,0.4999999999999999,0.4999999999902374
280,0.6251258547067854,0.33048096129294696,0.5000114639393404,0.49998853579780933,0.5973152175362875,0.5000000000011896,0.4999999999999999,0.4999999999999999,0.4999999999988099
281,0.4801348873120471,0.5191054744106746,0.5000114639393404,0.49998853579780933,0.5178719553745625,0.5000000000020186,0.4999999999999999,0.4999999999999999,0.49999999999798167
282,0.5899600955444084,0.38980390668287196,0.5000114639393404,0.49998853579780933,0.5774098367218098,0.4999999999985736,0.4999999999999999,0.4999999999999999,0.5000000000014232
283,0.31642713776787684,0.6323558068714386,0.5000114639393404,0.49998853579780933,0.3957645729039389,0.5000000000049845,0.4999999999999999,0.4999999999999999,0.4999999999950147
284,0.4544142219390082,0.5417635314356458,0.5000114639393404,0.49998853579780933,0.4492489069709416,0.500000000005552,0.4999999999999999,0.4999999999999999,0.4999999999944482
285,0.5057104032974722,0.494223621447526,0.5000114639393404,0.49998853579780933,0.5313395025344048,0.5000000000018943,0.4999999999999999,0.4999999999999999,0.4999999999981055
286,0.6707117597980078,0.22393243460619972,0.5000114639393404,0.49998853579780933,0.6236826725964353,0.4999999999992152,0.4999999999999999,0.4999999999999999,0.5000000000007855
287,0.5313732288837524,0.4665216946998912,0.5000114639393404,0.49998853579780933,0.48502078618221334,0.5000000000059319,0.4999999999999999,0.4999999999999999,0.4999999999940714
288,0.23128285582712443,0.668212721070505,0.5000114639393404,0.49998853579780933,0.37186495553291793,0.49999999999533906,0.4999999999999999,0.4999999999999999,0.50000000000466
289,0.011334863396240919,0.7070159268869297,0.5000114639393404,0.49998853579780933,0.35365434728725004,0.5000000000192254,0.4999999999999999,0.4999999999999999,0.49999999998077055
290,0.6152545021956412,0.34851385052929085,0.5000114639393404,0.49998853579780933,0.5277534770375366,0.4999999999935771,0.4999999999999999,0.4999999999999999,0.5000000000064226
291,0.249685275330677,0.661556696952756,0.5000114639393404,0.49998853579780933,0.37632491958257475,0.5000000000047282,0.4999999999999999,0.4999999999999999,0.49999999999526845
292,0.17329623906309524,0.6855424228496626,0.5000114639393404,0.49998853579780933,0.3874230578977321,0.500000000003242,0.4999999999999999,0.4999999999999999,0.49999999999675726
293,0.11334391418987423,0.6979635786458451,0.5000114639393404,0.49998853579780933,0.3532972230982942,0.5000000000042367,0.4999999999999999,0.4999999999999999,0.49999999999575984
294,0.03354977542790868,0.706310422258392,0.5000114639393404,0.49998853579780933,0.35695335230694014,0.4999999999962612,0.4999999999999999,0.4999999999999999,0.5000000000037361
295,0.36339700247223633,0.6065827437255276,0.5000114639393404,0.49998853579780933,0.46059694147342123,0.4999999999974751,0.4999999999999999,0.4999999999999999,0.500000000002533
296,0.7015458834203738,0.08850638874064289,0.5000114639393404,0.49998853579780933,0.6417953747743872,0.4999999999996868,0.4999999999999999,0.4999999999999999,0.500000000000309
297,0.35559402948554436,0.6111897301118796,0.5000114639393404,0.49998853579780933,0.45712253207050224,0.49999999999744754,0.4999999999999999,0.4999999999999999,0.5000000000025511
298,0.6714748963668556,0.22163362459050157,0.5000114639393404,0.49998853579780933,0.5579947842267559,0.49999999999153416,0.4999999999999999,0.4999999999999999,0.5000000000084689
299,0.6680984801598747,0.2316126677183794,0.5000114639393404,0.49998853579780933,0.6221636815639875,0.5000000000008075,0.4999999999999999,0.4999999999999999,0.4999999999991902
300,0.6641492448407936,0.2427051309251519,0.5000114639393404,0.49998853579780933,0.6198375524979552,0.5000000000008511,0.4999999999999999,0.4999999999999999,0.4999999999991406
301,0.3992736519745202,0.5835927953966962,0.5000114639393404,0.49998853579780933,0.426089501581011,0.4999999999946944,0.4999999999999999,0.4999999999999999,0.5000000000053062
302,0.34412540113935347,0.6177197651772864,0.5000114639393404,0.49998853579780933,0.40523667550070164,0.4999999999949105,0.4999999999999999,0.4999999999999999,0.5000000000050925
303,0.12704990931199764,0.6955992528344231,0.5000114639393404,0.49998853579780933,0.37472818709105776,0.499999999996592,0.4999999999999999,0.4999999999999999,0.5000000000034027
304,0.706207025369811,0.0356600244223995,0.5000114639393404,0.49998853579780933,0.6445653745507794,0.49999999999987743,0.4999999999999999,0.4999999999999999,0.500000000000122
305,0.7014757045272133,0.08906085536334082,0.5000114639393404,0.49998853579780933,0.6417558025366551,0.5000000000003139,0.4999999999999999,0.4999999999999999,0.49999999999968653
306,0.5703141574915661,0.4180212455900857,0.5000114639393404,0.49998853579780933,0.5663943928523001,0.49999999999845113,0.4999999999999999,0.4999999999999999,0.5000000000015506
307,0.14131011465622922,0.6928430208177352,0.5000114639393404,0.49998853579780933,0.35596451279966046,0.49999999998896005,0.4999999999999999,0.4999999999999999,0.5000000000110413
308,0.5715546308742954,0.416323556775436,0.5000114639393404,0.49998853579780933,0.5670967159065239,0.49999999999845923,0.4999999999999999,0.4999999999999999,0.5000000000015425
309,0.012183213119973184,0.7070018170542912,0.5000114639393404,0.49998853579780933,0.3529586980689445,0.5000000000038742,0.4999999999999999,0.4999999999999999,0.499999999996122
310,0.24111683203258868,0.6647275240373586,0.5000114639393404,0.49998853579780933,0.4100727538703877,0.5000000000029893,0.4999999999999999,0.4999999999999999,0.49999999999700684
311,0.6449591431699951,0.2898753243058624,0.5000114639393404,0.49998853579780933,0.6086942776616797,0.4999999999989638,0.4999999999999999,0.4999999999999999,0.5000000000010396
312,0.47754042236696853,0.5214931878803134,0.5000114639393404,0.49998853579780933,0.5165374927057654,0.5000000000020286,0.4999999999999999,0.4999999999999999,0.4999999999979662
313,0.02545679905466003,0.7066483930370846,0.5000114639393404,0.49998853579780933,0.35598683383387497,0.49999999999623385,0.4999999999999999,0.4999999999999999,0.5000000000037695
314,0.5681997539828744,0.4208907762837713,0.5000114639393404,0.49998853579780933,0.5652902135537344,0.4999999999984459,0.4999999999999999,0.4999999999999999,0.5000000000015516
315,0.7064310798509076,0.030905288611145065,0.5000114639393404,0.49998853579780933,0.5774275869970195,0.5000000000075837,0.4999999999999999,0.4999999999999999,0.49999999999241324
316,0.7069938086207415,0.012639405637891784,0.5000114639393404,0.49998853579780933,0.645033662076482,0.5000000000000234,0.4999999999999999,0.4999999999999999,0.4999999999999746
317,0.1655616187656919,0.6874513440176586,0.5000114639393404,0.49998853579780933,0.3852477345218868,0.49999999999673894,0.4999999999999999,0.4999999999999999,0.5000000000032627
318,0.6939394572653138,0.1358235239210348,0.5000114639393404,0.49998853579780933,0.5704378782093229,0.4999999999927823,0.4999999999999999,0.4999999999999999,0.5000000000072241
319,0.6555468521189883,0.2650628692912084,0.5000114639393404,0.49998853579780933,0.6148261165456311,0.5000000000009462,0.4999999999999999,0.4999999999999999,0.49999999999905687
320,0.6770575765356616,0.20394371295937377,0.5000114639393404,0.49998853579780933,0.6273858694717687,0.4999999999992861,0.4999999999999999,0.4999999999999999,0.5000000000007127
321,0.10160702265395542,0.6997685478141417,0.5000114639393404,0.49998853579780933,0.3525169727810065,0.5000000000041973,0.4999999999999999,0.4999999999999999,0.49999999999579936
322,0.23644743337868393,0.6664027395266582,0.5000114639393404,0.49998853579780933,0.37301326032078375,0.5000000000046855,0.4999999999999999,0.4999999999999999,0.49999999999531697
323,0.7047613076979005,0.05754562687075197,0.5000114639393404,0.49998853579780933,0.5764920665758198,0.4999999999925097,0.4999999999999999,0.4999999999999999,0.500000000007493
324,0.21107287675186145,0.6748690597520354,0.5000114639393404,0.49998853579780933,0.39938375096446216,0.49999999999689254,0.4999999999999999,0.4999999999999999,0.5000000000031094
325,0.28864143169971945,0.6455122957049971,0.5000114639393404,0.49998853579780933,0.38702967009005534,0.5000000000048814,0.4999999999999999,0.4999999999999999,0.4999999999951183
326,0.10941742976766083,0.698589889439923,0.5000114639393404,0.49998853579780933,0.3531121964565602,0.5000000000042188,0.4999999999999999,0.4999999999999999,0.4999999999957797
327,0.689336129915433,0.15752999712185659,0.5000114639393404,0.49998853579780933,0.6345991713716935,0.4999999999994528,0.4999999999999999,0.4999999999999999,0.5000000000005462
328,0.6875974986821414,0.16495356863691965,0.5000114639393404,0.49998853579780933,0.6335850369612261,0.5000000000005649,0.4999999999999999,0.4999999999999999,0.49999999999942757
329,0.5156604041186909,0.48383297492435123,0.5000114639393404,0.49998853579780933,0.5366461404520162,0.5000000000018413,0.4999999999999999,0.4999999999999999,0.4999999999981584
330,0.15149148819931638,0.6906883009021892,0.5000114639393404,0.49998853579780933,0.35729509476793947,0.5000000000110079,0.4999999999999999,0.4999999999999999,0.499999999988989
331,0.64802587987662,0.2829531039061665,0.5000114639393404,0.49998853579780933,0.5452124157224654,0.49999999999331585,0.4999999999999999,0.4999999999999999,0.5000000000066857
332,0.5034706399349512,0.4965051004002804,0.5000114639393404,0.49998853579780933,0.5302024808650946,0.5000000000018988,0.4999999999999999,0.4999999999999999,0.4999999999981032
333,0.6874351986475613,0.16562864515741957,0.5000114639393404,0.49998853579780933,0.5668232195014,0.4999999999928881,0.4999999999999999,0.4999999999999999,0.5000000000071112
334,0.645535149923142,0.28859031552307607,0.5000114639393404,0.49998853579780933,0.6090187092395726,0.500000000001035,0.4999999999999999,0.4999999999999999,0.4999999999989672
335,0.3718016766365445,0.601467799013591,0.5000114639393404,0.49998853579780933,0.4153095878689245,0.4999999999948002,0.4999999999999999,0.4999999999999999,0.5000000000051992
336,0.1919418663352097,0.680557359777817,0.5000114639393404,0.49998853579780933,0.3635980443366909,0.4999999999891399,0.4999999999999999,0.4999999999999999,0.5000000000108568
337,0.4122402097608431,0.5745067531860159,0.5000114639393404,0.49998853579780933,0.43126025179521116,0.5000000000053715,0.4999999999999999,0.4999999999999999,0.49999999999463035
338,0.563124695552344,0.4276570790470777,0.5000114639393404,0.49998853579780933,0.562446081763353,0.4999999999984122,0.4999999999999999,0.4999999999999999,0.5000000000015866
339,0.3175912022064389,0.6317719749095151,0.5000114639393404,0.49998853579780933,0.39615250331801943,0.4999999999950142,0.4999999999999999,0.4999999999999999,0.500000000004986
340,0.00956678242572687,0.7070420667286497,0.5000114639393404,0.49998853579780933,0.35411709179417183,0.500000000003828,0.4999999999999999,0.4999999999999999,0.49999999999617484
341,0.5470757651252962,0.4480045876444436,0.5000114639393404,0.49998853579780933,0.5535942904121539,0.499999999998317,0.4999999999999999,0.4999999999999999,0.5000000000016852
342,0.707140440635283,0.0,0.5000114639393404,0.49998853579780933,0.6451148376824929,0.4999999999999702,0.4999999999999999,0.4999999999999999,0.500000000000032
343,0.6532354986767279,0.2707090380252596,0.5000114639393404,0.49998853579780933,0.5480312515915855,0.49999999999135,0.4999999999999999,0.4999999999999999,0.500000000008645
344,0.18354637436069146,0.6828694812766523,0.5000114639393404,0.49998853579780933,0.3904853114664541,0.5000000000032072,0.4999999999999999,0.4999999999999999,0.49999999999679234
345,0.44611560708242093,0.5486172300588781,0.5000114639393404,0.49998853579780933,0.5005829002948304,0.4999999999978343,0.4999999999999999,0.4999999999999999,0.5000000000021587
346,0.5884636431937215,0.3920593664735526,0.5000114639393404,0.49998853579780933,0.5765164044539028,0.5000000000014422,0.4999999999999999,0.4999999999999999,0.4999999999985568
347,0.4542277079064406,0.5419199104757663,0.5000114639393404,0.49998853579780933,0.5045467129849349,0.49999999999785866,0.4999999999999999,0.4999999999999999,0.5000000000021427
348,0.6643216964493627,0.24223271997483628,0.5000114639393404,0.49998853579780933,0.5540390540685622,0.49999999999315037,0.4999999999999999,0.4999999999999999,0.50000000000685
349,0.1712740946294848,0.6860504245024643,0.5000114639393404,0.49998853579780933,0.3868521014311243,0.5000000000032413,0.4999999999999999,0.4999999999999999,0.4999999999967537
350,0.6788673378459756,0.19783614013348322,0.5000114639393404,0.49998853579780933,0.6284465026506743,0.5000000000006927,0.4999999999999999,0.4999999999999999,0.49999999999930766
351,0.5678470665383596,0.4213664782867553,0.5000114639393404,0.49998853579780933,0.5031708261144127,0.5000000000061308,0.4999999999999999,0.4999999999999999,0.49999999999387207
352,0.31106808126186564,0.6350091722330174,0.5000114639393404,0.49998853579780933,0.4376540591801403,0.5000000000027266,0.4999999999999999,0.4999999999999999,0.4999999999972743
353,0.5732693129353833,0.4139592950168332,0.5000114639393404,0.49998853579780933,0.5058707326119469,0.5000000000061703,0.4999999999999999,0.4999999999999999,0.4999999999938327
354,0.14042353701714022,0.6930232537596358,0.5000114639393404,0.49998853579780933,0.35604210982079565,0.49999999998894556,0.4999999999999999,0.4999999999999999,0.5000000000110513
355,0.7068172026863141,0.020234672883273522,0.5000114639393404,0.49998853579780933,0.6449298489328221,0.4999999999999461,0.4999999999999999,0.4999999999999999,0.5000000000000532
356,0.2918886264652144,0.6440504869497774,0.5000114639393404,0.49998853579780933,0.38811904703770744,0.4999999999894999,0.4999999999999999,0.4999999999999999,0.5000000000104952
357,0.5359227876904101,0.4612881627258646,0.5000114639393404,0.49998853579780933,0.5475507460330391,0.49999999999825995,0.4999999999999999,0.4999999999999999,0.5000000000017398
358,0.6850006928404436,0.17542534386515965,0.5000114639393404,0.49998853579780933,0.5654696686622054,0.5000000000070763,0.4999999999999999,0.4999999999999999,0.4999999999929196
359,0.625267785554175,0.33021235038711017,0.5000114639393404,0.49998853579780933,0.5973882383101312,0.5000000000011906,0.4999999999999999,0.4999999999999999,0.49999999999881095
360,0.6591755166415668,0.2559055260448963,0.5000114639393404,0.49998853579780933,0.6169344150023058,0.5000000000009036,0.4999999999999999,0.4999999999999999,0.49999999999908823
361,0.25984365360958034,0.6576330869472548,0.5000114639393404,0.49998853579780933,0.41704165157582945,0.5000000000029227,0.4999999999999999,0.4999999999999999,0.4999999999970798
362,0.5766930239261848,0.4091761920675116,0.5000114639393404,0.49998853579780933,0.5699229326726512,0.5000000000015142,0.4999999999999999,0.4999999999999999,0.4999999999984822
363,0.6672495219755431,0.23404716495486724,0.5000114639393404,0.49998853579780933,0.6216360278291767,0.5000000000008303,0.4999999999999999,0.4999999999999999,0.4999999999991714
364,0.7028786060669853,0.0772118199068909,0.5000114639393404,0.49998853579780933,0.5754393185799705,0.5000000000074233,0.4999999999999999,0.4999999999999999,0.49999999999257927
365,0.02459954478898234,0.7066787600050255,0.5000114639393404,0.49998853579780933,0.35212835442726315,0.49999999999607586,0.4999999999999999,0.4999999999999999,0.5000000000039191
366,0.20021116880584608,0.6781706922931691,0.5000114639393404,0.49998853579780933,0.3651474818951716,0.49999999999544503,0.4999999999999999,0.4999999999999999,0.5000000000045544
367,0.024018376198187936,0.7066987460048311,0.5000114639393404,0.49998853579780933,0.35179028648947186,0.5000000000039413,0.4999999999999999,0.4999999999999999,0.49999999999605726
368,0.6702155714174309,0.22541314919410885,0.5000114639393404,0.49998853579780933,0.6233809893343888,0.49999999999920663,0.4999999999999999,0.4999999999999999,0.5000000000007926
369,0.3896845721554854,0.5900389260243759,0.5000114639393404,0.49998853579780933,0.4729218245008182,0.49999999999758893,0.4999999999999999,0.4999999999999999,0.500000000002414
370,0.47017763992299366,0.5281410672504459,0.5000114639393404,0.49998853579780933,0.5127337626868129,0.5000000000020616,0.4999999999999999,0.4999999999999999,0.4999999999979349
371,0.539573504996521,0.4570125082596365,0.5000114639393404,0.49998853579780933,0.4890679168003381,0.500000000005966,0.4999999999999999,0.4999999999999999,0.49999999999402917
372,0.46172104128990965,0.5355498888714776,0.5000114639393404,0.49998853579780933,0.45254148037959857,0.49999999999441935,0.4999999999999999,0.4999999999999999,0.5000000000055814
373,0.4471138098047568,0.5478040200775556,0.5000114639393404,0.49998853579780933,0.4461058881390006,0.4999999999944851,0.4999999999999999,0.4999999999999999,0.5000000000055128
374,0.6555765832006167,0.2649893272548969,0.5000114639393404,0.49998853579780933,0.614804128416868,0.5000000000009508,0.4999999999999999,0.4999999999999999,0.4999999999990474
375,0.629815370629383,0.32145388303607153,0.5000114639393404,0.49998853579780933,0.5354623558149372,0.4999999999911478,0.4999999999999999,0.4999999999999999,0.5000000000088478
376,0.6769344896947205,0.20435189419661992,0.5000114639393404,0.49998853579780933,0.6273116236503645,0.4999999999992813,0.4999999999999999,0.4999999999999999,0.500000000000717
377,0.28678368089675527,0.6463397870867239,0.5000114639393404,0.49998853579780933,0.4276255691863121,0.5000000000028212,0.4999999999999999,0.4999999999999999,0.4999999999971826
378,0.08773252597208651,0.7016430744235679,0.5000114639393404,0.49998853579780933,0.36595338093573543,0.499999999996456,0.4999999999999999,0.4999999999999999,0.5000000000035435
379,0.5494069035356929,0.4451427348023643,0.5000114639393404,0.49998853579780933,0.5548676786315236,0.49999999999833483,0.4999999999999999,0.4999999999999999,0.5000000000016716
380,0.5396865082729053,0.45687906079422297,0.5000114639393404,0.49998853579780933,0.48908551844331,0.5000000000059764,0.4999999999999999,0.4999999999999999,0.4999999999940214
381,0.6794663291768835,0.1957690175798569,0.5000114639393404,0.49998853579780933,0.6287962818310133,0.49999999999931155,0.4999999999999999,0.4999999999999999,0.5000000000006837
382,0.4926111055062608,0.5072812816691539,0.5000114639393404,0.49998853579780933,0.46660639637841894,0.4999999999942726,0.4999999999999999,0.4999999999999999,0.5000000000057274
383,0.2543320629183531,0.6597842084891794,0.5000114639393404,0.49998853579780933,0.4148994988056745,0.4999999999970536,0.4999999999999999,0.4999999999999999,0.5000000000029446
384,0.0042255230089293895,0.7070941556506442,0.5000114639393404,0.49998853579780933,0.35362251541419176,0.49999999999615674,0.4999999999999999,0.4999999999999999,0.5000000000038397
385,0.6486887635094817,0.28143007674471526,0.5000114639393404,0.49998853579780933,0.610880409901859,0.5000000000009958,0.4999999999999999,0.4999999999999999,0.499999999999001
386,0.411538737609269,0.575009452542455,0.5000114639393404,0.49998853579780933,0.43094644156255085,0.5000000000100167,0.4999999999999999,0.4999999999999999,0.4999999999899855
387,0.4086588289180674,0.5770597556122893,0.5000114639393404,0.49998853579780933,0.42982105254685077,0.49999999999464867,0.4999999999999999,0.4999999999999999,0.5000000000053527
388,0.6876854609275501,0.16458647219277248,0.5000114639393404,0.49998853579780933,0.6336114704025045,0.49999999999942024,0.4999999999999999,0.4999999999999999,0.5000000000005792
389,0.4884704017298087,0.5112696613665981,0.5000114639393404,0.49998853579780933,0.5222158516810227,0.4999999999980187,0.4999999999999999,0.4999999999999999,0.5000000000019782
390,0.625610375091993,0.3295628294836351,0.5000114639393404,0.49998853579780933,0.5976029283197846,0.5000000000011854,0.4999999999999999,0.4999999999999999,0.49999999999881867
391,0.6660591708235731,0.2374135397662113,0.5000114639393404,0.49998853579780933,0.6209718967861368,0.5000000000145514,0.4999999999999999,0.4999999999999999,0.499999999985449
392,0.34108551959272315,0.619403479261391,0.5000114639393404,0.49998853579780933,0.4041174436485118,0.5000000000050752,0.4999999999999999,0.4999999999999999,0.4999999999949195
393,0.6946605949585414,0.13208582486884052,0.5000114639393404,0.49998853579780933,0.6377273299240018,0.5000000000004629,0.4999999999999999,0.4999999999999999,0.49999999999953537
394,0.40278032738652936,0.5811781206053794,0.5000114639393404,0.49998853579780933,0.4790814686946991,0.5000000000023662,0.4999999999999999,0.4999999999999999,0.4999999999976347
395,0.5253457403142007,0.4732989046403167,0.5000114639393404,0.49998853579780933,0.4821774279165495,0.5000000000058886,0.4999999999999999,0.4999999999999999,0.49999999999411077
396,0.30538611751561723,0.6377611825351576,0.5000114639393404,0.49998853579780933,0.43521945254970434,0.5000000000027522,0.4999999999999999,0.4999999999999999,0.4999999999972468
397,0.4759583426714151,0.522937525945006,0.5000114639393404,0.49998853579780933,0.45891290013569425,0.49999999999027067,0.4999999999999999,0.4999999999999999,0.5000000000097335
398,0.5418766227204113,0.45427934770262557,0.5000114639393404,0.49998853579780933,0.4901512909390527,0.5000000000059883,0.4999999999999999,0.4999999999999999,0.4999999999940138
399,0.0746101699493494,0.7031595337824255,0.5000114639393404,0.49998853579780933,0.3512579354636985,0.50000000000411,0.4999999999999999,0.4999999999999999,0.49999999999588934
400,0.6991844405794334,0.10555149478631626,0.5000114639393404,0.49998853579780933,0.5733617338431699,0.499999999991944,0.4999999999999999,0.4999999999999999,0.5000000000080571
401,0.07980254961072225,0.7025891780234236,0.5000114639393404,0.49998853579780933,0.3515687368126216,0.5000000000041187,0.4999999999999999,0.4999999999999999,0.49999999999588324
402,0.5178903206574512,0.48144534037553716,0.5000114639393404,0.49998853579780933,0.47855819123638843,0.5000000000095276,0.4999999999999999,0.4999999999999999,0.4999999999904671
403,0.1639476634320649,0.6878380362316674,0.5000114639393404,0.49998853579780933,0.38472350242304104,0.5000000000032723,0.4999999999999999,0.4999999999999999,0.4999999999967308
404,0.6663754354441975,0.2365243730285608,0.5000114639393404,0.49998853579780933,0.5552152212206349,0.5000000000068521,0.4999999999999999,0.4999999999999999,0.4999999999931457
405,0.4557861267862659,0.5406098469591297,0.5000114639393404,0.49998853579780933,0.5053673871633431,0.5000000000021309,0.4999999999999999,0.4999999999999999,0.4999999999978691
406,0.6604872585382765,0.25250065605576194,0.5000114639393404,0.49998853579780933,0.5520051793027009,0.4999999999914119,0.4999999999999999,0.4999999999999999,0.5000000000085866
407,0.5876374745662665,0.3932965782782506,0.5000114639393404,0.49998853579780933,0.5760991930725698,0.5000000000014387,0.4999999999999999,0.4999999999999999,0.499999999998561
408,0.07479391616584859,0.7031400074697572,0.5000114639393404,0.49998853579780933,0.3635242097302151,0.4999999999964093,0.4999999999999999,0.4999999999999999,0.5000000000035851
409,0.6319246746793343,0.3172872602727889,0.5000114639393404,0.49998853579780933,0.6011995734614602,0.5000000000011386,0.4999999999999999,0.4999999999999999,0.4999999999988566
410,0.7062793467750069,0.03419772388732365,0.5000114639393404,0.49998853579780933,0.5773417679970023,0.49999999999242545,0.4999999999999999,0.4999999999999999,0.5000000000075788
411,0.34105892163961865,0.6194181237016069,0.5000114639393404,0.49998853579780933,0.45065120526503466,0.5000000000026064,0.4999999999999999,0.4999999999999999,0.4999999999973926
412,0.6191598651414901,0.3415275438339643,0.5000114639393404,0.49998853579780933,0.5297768337563621,0.500000000006458,0.4999999999999999,0.4999999999999999,0.4999999999935423
413,0.12287213932393959,0.6963493646201071,0.5000114639393404,0.49998853579780933,0.37376251214576456,0.49999999999658373,0.4999999999999999,0.4999999999999999,0.5000000000034178
414,0.18186751240392957,0.6833185259686784,0.5000114639393404,0.49998853579780933,0.39000434936357836,0.4999999999967906,0.4999999999999999,0.4999999999999999,0.5000000000032104
415,0.6903282707412821,0.15312373628981396,0.5000114639393404,0.49998853579780933,0.5684375190334998,0.49999999999177275,0.4999999999999999,0.4999999999999999,0.5000000000082289
416,0.5880005398853584,0.3927535678953465,0.5000114639393404,0.49998853579780933,0.576319544616514,0.5000000000014345,0.4999999999999999,0.4999999999999999,0.49999999999856315
417,0.12128627695874651,0.6966273369510856,0.5000114639393404,0.49998853579780933,0.3733427451122201,0.5000000000034246,0.4999999999999999,0.4999999999999999,0.49999999999657563
418,0.25609337610627214,0.6591025585707356,0.5000114639393404,0.49998853579780933,0.3780438357845073,0.49999999998936856,0.4999999999999999,0.4999999999999999,0.5000000000106302
419,0.6200931637454062,0.33983006056934945,0.5000114639393404,0.49998853579780933,0.5944676937299442,0.5000000000012234,0.4999999999999999,0.4999999999999999,0.4999999999987861
420,0.6624586750908594,0.2472822351016287,0.5000114639393404,0.49998853579780933,0.6188560208615231,0.500000000000871,0.4999999999999999,0.4999999999999999,0.4999999999991233
421,0.5809451643291506,0.40311625623705305,0.5000114639393404,0.49998853579780933,0.5098387738063034,0.49999999999379224,0.4999999999999999,0.4999999999999999,0.500000000006209
422,0.541607671728708,0.4545999669210406,0.5000114639393404,0.49998853579780933,0.5506941216099809,0.500000000001701,0.4999999999999999,0.4999999999999999,0.4999999999983024
423,0.42621942197095025,0.5642136158714556,0.5000114639393404,0.49998853579780933,0.49057604510518765,0.4999999999977362,0.4999999999999999,0.4999999999999999,0.5000000000022573
424,0.5013117809303087,0.49868477219178065,0.5000114639393404,0.49998853579780933,0.47059457329310433,0.5000000000057767,0.4999999999999999,0.4999999999999999,0.4999999999942183
425,0.28816536391873887,0.6457249645486848,0.5000114639393404,0.49998853579780933,0.38693986193911073,0.5000000000105074,0.4999999999999999,0.4999999999999999,0.4999999999894942
426,0.25919937334706966,0.6578872888698281,0.5000114639393404,0.49998853579780933,0.37890429205930887,0.5000000000047664,0.4999999999999999,0.4999999999999999,0.49999999999524
427,0.49811156829950953,0.5018813298354691,0.5000114639393404,0.49998853579780933,0.5273205053924294,0.4999999999980689,0.4999999999999999,0.4999999999999999,0.5000000000019268
428,0.5321119188870614,0.4656789728754411,0.5000114639393404,0.49998853579780933,0.5454849127630232,0.5000000000017577,0.4999999999999999,0.4999999999999999,0.49999999999823885
429,0.6770850176874688,0.20385259091598348,0.5000114639393404,0.49998853579780933,0.6273827749881737,0.49999999999928124,0.4999999999999999,0.4999999999999999,0.5000000000007181
430,0.7063587764039393,0.032515941318432155,0.5000114639393404,0.49998853579780933,0.6446534391299069,0.49999999999988326,0.4999999999999999,0.4999999999999999,0.5000000000001119
431,0.5369568122980136,0.46008410288419793,0.5000114639393404,0.49998853579780933,0.487779718508119,0.49999999999404415,0.4999999999999999,0.4999999999999999,0.5000000000059576
432,0.4636041278267267,0.5339206052045703,0.5000114639393404,0.49998853579780933,0.5094130012270562,0.4999999999979088,0.4999999999999999,0.4999999999999999,0.500000000002086
433,0.4743249157472669,0.5244195627885592,0.5000114639393404,0.49998853579780933,0.5148946502784137,0.4999999999866578,0.4999999999999999,0.4999999999999999,0.5000000000133417
434,0.5531276766081222,0.44051080959506056,0.5000114639393404,0.49998853579780933,0.4957952564471484,0.4999999999906576,0.4999999999999999,0.4999999999999999,0.5000000000093376
435,0.31988639168841243,0.6306129529375075,0.5000114639393404,0.49998853579780933,0.44130059418850154,0.4999999999972984,0.4999999999999999,0.4999999999999999,0.5000000000026973
436,0.11921322786800848,0.6969850832702899,0.5000114639393404,0.49998853579780933,0.37294950049651215,0.5000000000034316,0.4999999999999999,0.4999999999999999,0.49999999999657113
437,0.11619206444757152,0.6974950925701288,0.5000114639393404,0.49998853579780933,0.37226744482016855,0.49999999999656336,0.4999999999999999,0.4999999999999999,0.5000000000034379
438,0.08610423634657849,0.7018447552580046,0.5000114639393404,0.49998853579780933,0.3656843024908098,0.4999999999964498,0.4999999999999999,0.4999999999999999,0.5000000000035463
439,0.021362862787490035,0.7067840091150198,0.5000114639393404,0.49998853579780933,0.35556815371296147,0.4999999999962271,0.4999999999999999,0.4999999999999999,0.500000000003771
440,0.42196005963745564,0.5674061226941015,0.5000114639393404,0.49998853579780933,0.4351830860440027,0.5000000000054226,0.4999999999999999,0.4999999999999999,0.4999999999945765
441,0.6020554692167944,0.3708493116970031,0.5000114639393404,0.49998853579780933,0.5841376938617812,0.49999999999863715,0.4999999999999999,0.4999999999999999,0.5000000000013584
442,0.01798660296216037,0.7068779824792153,0.5000114639393404,0.49998853579780933,0.35221328958165515,0.49999999999608863,0.4999999999999999,0.4999999999999999,0.5000000000039159
443,0.6353648007990789,0.3103410541735519,0.5000114639393404,0.49998853579780933,0.5384556810611765,0.4999999999934336,0.4999999999999999,0.4999999999999999,0.5000000000065712
444,0.4208069321899403,0.5682618461773492,0.5000114639393404,0.49998853579780933,0.43482720927508234,0.5000000000054038,0.4999999999999999,0.4999999999999999,0.4999999999945947
445,0.6911898808792734,0.1491862881436936,0.5000114639393404,0.49998853579780933,0.5689028243070158,0.49999999999282374,0.4999999999999999,0.4999999999999999,0.5000000000071738
446,0.4154589495910274,0.572183415702265,0.5000114639393404,0.49998853579780933,0.48527430025195684,0.49999999999769,0.4999999999999999,0.4999999999999999,0.500000000002301
447,0.7048450646958495,0.05651048375212517,0.5000114639393404,0.49998853579780933,0.5765383516576031,0.5000000000078849,0.4999999999999999,0.4999999999999999,0.49999999999211064
448,0.5853328609476187,0.39671834075937934,0.5000114639393404,0.49998853579780933,0.5120990948213642,0.49999999999085193,0.4999999999999999,0.4999999999999999,0.5000000000091477
449,0.387938582093137,0.5911883479507587,0.5000114639393404,0.49998853579780933,0.47202231633013303,0.5000000000024285,0.4999999999999999,0.4999999999999999,0.4999999999975711
450,0.6641655132798179,0.24266062302705377,0.5000114639393404,0.49998853579780933,0.6198518223927291,0.5000000000008546,0.4999999999999999,0.4999999999999999,0.49999999999914657
451,0.36280954111094565,0.6069342937080302,0.5000114639393404,0.49998853579780933,0.4604340335238703,0.49999999998713685,0.4999999999999999,0.4999999999999999,0.5000000000128637
452,0.15086746669377035,0.6908248802481275,0.5000114639393404,0.49998853579780933,0.38083848273569665,0.5000000000033316,0.4999999999999999,0.4999999999999999,0.49999999999666955
453,0.23948331501475653,0.6653177803424497,0.5000114639393404,0.49998853579780933,0.4094108002193396,0.4999999999970012,0.4999999999999999,0.4999999999999999,0.5000000000029984
454,0.6988595552837885,0.10768157682976623,0.5000114639393404,0.49998853579780933,0.6402139890345453,0.4999999999996269,0.4999999999999999,0.4999999999999999,0.5000000000003727
455,0.6392201664918473,0.30232032473872944,0.5000114639393404,0.49998853579780933,0.5404710495189913,0.5000000000066066,0.4999999999999999,0.4999999999999999,0.49999999999338934
456,0.06829430513842831,0.7038010286193507,0.5000114639393404,0.49998853579780933,0.3513645372485713,0.49999999999592276,0.4999999999999999,0.4999999999999999,0.5000000000040742
457,0.7040752520034458,0.06540678049657245,0.5000114639393404,0.49998853579780933,0.643297352370194,0.49999999999977013,0.4999999999999999,0.4999999999999999,0.5000000000002344
458,0.03486088738944942,0.7062469246166089,0.5000114639393404,0.49998853579780933,0.35168935054793854,0.5000000000039575,0.4999999999999999,0.4999999999999999,0.4999999999960405
459,0.2095090085506587,0.6753561840511447,0.5000114639393404,0.49998853579780933,0.39887132961021243,0.5000000000031172,0.4999999999999999,0.4999999999999999,0.4999999999968867
460,0.24752634693014483,0.6623675071699927,0.5000114639393404,0.49998853579780933,0.4122493549080976,0.5000000000029762,0.4999999999999999,0.4999999999999999,0.499999999997021
461,0.06403682103359397,0.7042011683829423,0.5000114639393404,0.49998853579780933,0.3510567981935323,0.5000000000040691,0.4999999999999999,0.4999999999999999,0.4999999999959208
462,0.6429198117482645,0.2943707254240556,0.5000114639393404,0.49998853579780933,0.5424939156322375,0.49999999999125117,0.4999999999999999,0.4999999999999999,0.5000000000087469
463,0.2825775124232808,0.6481897480465661,0.5000114639393404,0.49998853579780933,0.42584564979499656,0.5000000000028423,0.4999999999999999,0.4999999999999999,0.4999999999971582
464,0.705438890241187,0.048538357360817415,0.5000114639393404,0.49998853579780933,0.5768692168766815,0.500000000007859,0.4999999999999999,0.4999999999999999,0.49999999999214495
465,0.5438937024483252,0.45186241317136666,0.5000114639393404,0.49998853579780933,0.5518105169560076,0.4999999999982916,0.4999999999999999,0.4999999999999999,0.5000000000017069
466,0.703505475400127,0.07127444265597957,0.5000114639393404,0.49998853579780933,0.6429608720473535,0.4999999999997557,0.4999999999999999,0.4999999999999999,0.5000000000002489
467,0.49782834868345094,0.5021622598793186,0.5000114639393404,0.49998853579780933,0.5271309189088996,0.49999999999806405,0.4999999999999999,0.4999999999999999,0.5000000000019321
468,0.6956990002837595,0.12650257311286603,0.5000114639393404,0.49998853579780933,0.6383491527072533,0.500000000000437,0.4999999999999999,0.4999999999999999,0.49999999999956174
469,0.696759639956241,0.12052390414189804,0.5000114639393404,0.49998853579780933,0.5720131313078732,0.5000000000081117,0.4999999999999999,0.4999999999999999,0.4999999999918888
470,0.706784218549357,0.021355758229828343,0.5000114639393404,0.49998853579780933,0.6449068347650968,0.5000000000000688,0.4999999999999999,0.4999999999999999,0.4999999999999276
471,0.41357601964693397,0.5735458795711086,0.5000114639393404,0.49998853579780933,0.43184687437457686,0.4999999999899888,0.4999999999999999,0.4999999999999999,0.5000000000100091
472,0.7018356903500483,0.08617809321906848,0.5000114639393404,0.49998853579780933,0.6419620182102657,0.5000000000003108,0.4999999999999999,0.4999999999999999,0.4999999999996928
473,0.7065259155433413,0.028655377604242305,0.5000114639393404,0.49998853579780933,0.5774800136252519,0.4999999999924067,0.4999999999999999,0.4999999999999999,0.5000000000075919
474,0.7070389430614181,0.009794539018860718,0.5000114639393404,0.49998853579780933,0.5777688935499852,0.5000000000076542,0.4999999999999999,0.4999999999999999,0.49999999999234523
475,0.4913150195655476,0.5085366767002166,0.5000114639393404,0.49998853579780933,0.5237345840665839,0.49999999999803346,0.4999999999999999,0.4999999999999999,0.5000000000019618
476,0.5835159400892536,0.39938596327582615,0.5000114639393404,0.49998853579780933,0.5111385541546536,0.5000000000062306,0.4999999999999999,0.4999999999999999,0.4999999999937745
477,0.5159472608381588,0.48352706649535004,0.5000114639393404,0.49998853579780933,0.5368291702263867,0.5000000000135458,0.4999999999999999,0.4999999999999999,0.49999999998645206
478,0.7068519411694842,0.018982446231478815,0.5000114639393404,0.49998853579780933,0.6449499411471212,0.4999999999999494,0.4999999999999999,0.4999999999999999,0.5000000000000497
479,0.4480858746157647,0.54700918545288,0.5000114639393404,0.49998853579780933,0.44643970446592673,0.5000000000098549,0.4999999999999999,0.4999999999999999,0.4999999999901434
480,0.4466869710181994,0.548152122975536,0.5000114639393404,0.49998853579780933,0.5007661253994531,0.4999999999978299,0.4999999999999999,0.4999999999999999,0.500000000002171
481,0.5247781921684879,0.47392810533283874,0.5000114639393404,0.49998853579780933,0.5415146087759173,0.4999999999982024,0.4999999999999999,0.4999999999999999,0.5000000000017986
482,0.34456541114570755,0.6174744346464779,0.5000114639393404,0.49998853579780933,0.4521842029469234,0.5000000000025953,0.4999999999999999,0.4999999999999999,0.4999999999974029
483,0.6427085438416701,0.2948316964408621,0.5000114639393404,0.49998853579780933,0.6074348534674813,0.5000000000010467,0.4999999999999999,0.4999999999999999,0.4999999999989518
484,0.7030088217506403,0.0760170805857056,0.5000114639393404,0.49998853579780933,0.6426730133965196,0.5000000000002585,0.4999999999999999,0.4999999999999999,0.4999999999997388
485,0.42611121672798874,0.5642953402063394,0.5000114639393404,0.49998853579780933,0.43703924359665536,0.4999999999945694,0.4999999999999999,0.4999999999999999,0.5000000000054261
486,0.6021681853289462,0.3706662603712986,0.5000114639393404,0.49998853579780933,0.5842469489928431,0.4999999999986486,0.4999999999999999,0.4999999999999999,0.500000000001351
487,0.6948393461195305,0.1311422246425257,0.5000114639393404,0.49998853579780933,0.6378376467093578,0.49999999999954586,0.4999999999999999,0.4999999999999999,0.5000000000004616
488,0.2395740931256101,0.6652850981387162,0.5000114639393404,0.49998853579780933,0.409275600833034,0.5000000000030109,0.4999999999999999,0.4999999999999999,0.49999999999698835
489,0.626945694402313,0.3270154373579408,0.5000114639393404,0.49998853579780933,0.533927539205032,0.500000000008876,0.4999999999999999,0.4999999999999999,0.4999999999911278
490,0.05088392097086493,0.7052735827936758,0.5000114639393404,0.49998853579780933,0.35129611401637506,0.4999999999959812,0.4999999999999999,0.4999999999999999,0.500000000004016
491,0.4126621027474876,0.5742037869572242,0.5000114639393404,0.49998853579780933,0.48382110037607506,0.4999999999976696,0.4999999999999999,0.4999999999999999,0.5000000000023259
492,0.622967395324595,0.3345319481940186,0.5000114639393404,0.49998853579780933,0.5317578167275551,0.4999999999935063,0.4999999999999999,0.4999999999999999,0.5000000000064897
493,0.7071045254167547,0.001786094941892429,0.5000114639393404,0.49998853579780933,0.645095245313978,0.5000000000000215,0.4999999999999999,0.4999999999999999,0.4999999999999739
494,0.7053442886372885,0.04989423300100931,0.5000114639393404,0.49998853579780933,0.6440469632901884,0.5000000000001792,0.4999999999999999,0.4999999999999999,0.4999999999998226
495,0.6868759349288265,0.16793287354072917,0.5000114639393404,0.49998853579780933,0.6331409145394878,0.49999999999940764,0.4999999999999999,0.4999999999999999,0.5000000000005885
496,0.038291458394978384,0.7060692347170946,0.5000114639393404,0.49998853579780933,0.35150868176086364,0.5000000000114097,0.4999999999999999,0.4999999999999999,0.4999999999885885
497,0.18002034140115797,0.683807485102212,0.5000114639393404,0.49998853579780933,0.3894260177044293,0.5000000000032171,0.4999999999999999,0.4999999999999999,0.49999999999678446
498,0.36819127269795565,0.6036846748999508,0.5000114639393404,0.49998853579780933,0.4628151012132904,0.4999999999974925,0.4999999999999999,0.4999999999999999,0.5000000000025073
499,0.26087344632361287,0.6572252672624757,0.5000114639393404,0.49998853579780933,0.3792113791714029,0.5000000000047748,0.4999999999999999,0.4999999999999999,0.4999999999952234
500,0.7064322156366116,0.030879195435554445,0.5000114639393404,0.49998853579780933,0.5774312747657584,0.5000000000078051,0.4999999999999999,0.4999999999999999,0.4999999999921945
501,0.29510737717263047,0.6425820071697391,0.5000114639393404,0.49998853579780933,0.38914560833167305,0.5000000000048944,0.4999999999999999,0.4999999999999999,0.49999999999510564
502,0.4419104950263735,0.5520100672864051,0.5000114639393404,0.49998853579780933,0.4437252568859541,0.5000000000054993,0.4999999999999999,0.4999999999999999,0.4999999999944969
503,0.589658957469322,0.39025929056999814,0.5000114639393404,0.49998853579780933,0.5771951501602305,0.5000000000014356,0.4999999999999999,0.4999999999999999,0.4999999999985704
504,0.4175800409736102,0.5706372835527657,0.5000114639393404,0.49998853579780933,0.4862762989147545,0.5000000000176861,0.4999999999999999,0.4999999999999999,0.4999999999823154
505,0.4733780528962386,0.5252744225984833,0.5000114639393404,0.49998853579780933,0.4577288582363543,0.5000000000097445,0.4999999999999999,0.4999999999999999,0.4999999999902598
506,0.3654163612761474,0.6053683861184901,0.5000114639393404,0.49998853579780933,0.4129783782586727,0.499999999994832,0.4999999999999999,0.4999999999999999,0.5000000000051733
507,0.5678528789525366,0.42135864517691174,0.5000114639393404,0.49998853579780933,0.5031291854458104,0.49999999999386624,0.4999999999999999,0.4999999999999999,0.5000000000061406
508,0.36541062094358673,0.6053718510978374,0.5000114639393404,0.49998853579780933,0.4129539555557903,0.500000000005172,0.4999999999999999,0.4999999999999999,0.49999999999482814
509,0.5089498404867512,0.4908870170679798,0.5000114639393404,0.49998853579780933,0.4742765057202467,0.5000000000058068,0.4999999999999999,0.4999999999999999,0.49999999999418865
510,0.705524428158568,0.04727876131542582,0.5000114639393404,0.49998853579780933,0.6441550629103988,0.5000000000001693,0.4999999999999999,0.4999999999999999,0.4999999999998263
511,0.6007543303703056,0.372953394596869,0.5000114639393404,0.49998853579780933,0.5201043804052258,0.5000000000090521,0.4999999999999999,0.4999999999999999,0.49999999999095013
512,0.09622426058272002,0.7005290084466975,0.5000114639393404,0.49998853579780933,0.3677163722413388,0.5000000000035179,0.4999999999999999,0.4999999999999999,0.4999999999964868
513,0.696408034906589,0.12253920293274348,0.5000114639393404,0.49998853579780933,0.5718228988417652,0.499999999991879,0.4999999999999999,0.4999999999999999,0.5000000000081192
514,0.7066976386595903,0.024051090603728224,0.5000114639393404,0.49998853579780933,0.5775731837338248,0.49999999999223066,0.4999999999999999,0.4999999999999999,0.5000000000077696
515,0.5874873970541767,0.3935207215668656,0.5000114639393404,0.49998853579780933,0.57602044241008,0.5000000000014376,0.4999999999999999,0.4999999999999999,0.499999999998561
516,0.18140692623921525,0.6834409463241414,0.5000114639393404,0.49998853579780933,0.39002238890656915,0.5000000000121793,0.4999999999999999,0.4999999999999999,0.49999999998781886
517,0.1280870467305293,0.6954090224176345,0.5000114639393404,0.49998853579780933,0.3547207045323803,0.49999999999571293,0.4999999999999999,0.4999999999999999,0.5000000000042861
518,0.28374525772751585,0.6476794193210225,0.5000114639393404,0.49998853579780933,0.426275557981864,0.5000000000028403,0.4999999999999999,0.4999999999999999,0.4999999999971601
519,0.7033083727443884,0.0731938032051832,0.5000114639393404,0.49998853579780933,0.642848446817381,0.5000000000002514,0.4999999999999999,0.4999999999999999,0.49999999999974754
520,0.2112572057134686,0.674811375892657,0.5000114639393404,0.49998853579780933,0.3675182262149605,0.4999999999954172,0.4999999999999999,0.4999999999999999,0.5000000000045868
521,0.2922733849750537,0.643875972866849,0.5000114639393404,0.49998853579780933,0.38820692992035843,0.5000000000048946,0.4999999999999999,0.4999999999999999,0.49999999999511274
522,0.6847808481250448,0.17628156466614667,0.5000114639393404,0.49998853579780933,0.5653434040902339,0.5000000000083048,0.4999999999999999,0.4999999999999999,0.49999999999169586
523,0.5363908683669858,0.46074379212779576,0.5000114639393404,0.49998853579780933,0.487525170058802,0.5000000000059494,0.4999999999999999,0.4999999999999999,0.49999999999404526
524,0.1127291444024278,0.6980631346821675,0.5000114639393404,0.49998853579780933,0.3534732063172673,0.49999999999577466,0.4999999999999999,0.4999999999999999,0.500000000004223
525,0.663570445757151,0.2442831625750201,0.5000114639393404,0.49998853579780933,0.5536517887439792,0.5000000000068324,0.4999999999999999,0.4999999999999999,0.4999999999931654
526,0.682440716763606,0.18513418944963383,0.5000114639393404,0.49998853579780933,0.5640638739220659,0.4999999999916552,0.4999999999999999,0.4999999999999999,0.5000000000083422
527,0.6838708823785383,0.1797793743468402,0.5000114639393404,0.49998853579780933,0.6313768397603361,0.5000000000006268,0.4999999999999999,0.4999999999999999,0.49999999999936456
528,0.3694357651224132,0.6029238886032159,0.5000114639393404,0.49998853579780933,0.46335723515390814,0.49999999999749967,0.4999999999999999,0.4999999999999999,0.5000000000025064
529,0.5788465116991364,0.40612401541123333,0.5000114639393404,0.49998853579780933,0.5087955212879662,0.500000000006191,0.4999999999999999,0.4999999999999999,0.4999999999938112
530,0.45499091275654857,0.5412792926936193,0.5000114639393404,0.49998853579780933,0.4495605846579745,0.4999999999944497,0.4999999999999999,0.4999999999999999,0.500000000005546
531,0.5909762632656093,0.3882615822568765,0.5000114639393404,0.49998853579780933,0.5779278798751724,0.4999999999985712,0.4999999999999999,0.4999999999999999,0.500000000001425
532,0.6408456277174862,0.2988593003996762,0.5000114639393404,0.49998853579780933,0.6063483046325165,0.500000000001065,0.4999999999999999,0.4999999999999999,0.49999999999893807
533,0.509719655949698,0.49008761700181575,0.5000114639393404,0.49998853579780933,0.4745929709412994,0.49999999999418,0.4999999999999999,0.4999999999999999,0.5000000000058171
534,0.10738839034152284,0.6989046670468392,0.5000114639393404,0.49998853579780933,0.3528597931720983,0.49999999999577943,0.4999999999999999,0.4999999999999999,0.5000000000042172
535,0.68996457771239,0.15475428514946116,0.5000114639393404,0.49998853579780933,0.634978041402182,0.5000000000005311,0.4999999999999999,0.4999999999999999,0.4999999999994682
536,0.705978532984272,0.03992882374145868,0.5000114639393404,0.49998853579780933,0.6444274182277386,0.5000000000001414,0.4999999999999999,0.4999999999999999,0.4999999999998601
537,0.7059886590404982,0.03974938120520614,0.5000114639393404,0.49998853579780933,0.5771838215914098,0.49999999999245076,0.4999999999999999,0.4999999999999999,0.5000000000075472
538,0.10160191998795216,0.6997692885716168,0.5000114639393404,0.49998853579780933,0.36884783063300575,0.5000000000034934,0.4999999999999999,0.4999999999999999,0.49999999999650413
539,0.3260826618430818,0.6274313489500962,0.5000114639393404,0.49998853579780933,0.4439843296321517,0.5000000000026795,0.4999999999999999,0.4999999999999999,0.49999999999732775
540,0.5319648416430433,0.4658469820944632,0.5000114639393404,0.49998853579780933,0.48533425304570077,0.49999999999406874,0.4999999999999999,0.4999999999999999,0.5000000000059281
541,0.681442772863627,0.18877432905968017,0.5000114639393404,0.49998853579780933,0.563511471604222,0.5000000000070265,0.4999999999999999,0.4999999999999999,0.4999999999929748
542,0.18323332618877883,0.6829535475958776,0.5000114639393404,0.49998853579780933,0.3621309689913382,0.5000000000044877,0.4999999999999999,0.4999999999999999,0.49999999999551054
543,0.0507300904570111,0.7052846644933319,0.5000114639393404,0.49998853579780933,0.35126238724678305,0.49999999999598216,0.4999999999999999,0.4999999999999999,0.5000000000040202
544,0.39118105717560436,0.5890478592669484,0.5000114639393404,0.49998853579780933,0.42278019514584503,0.5000000000052794,0.4999999999999999,0.4999999999999999,0.4999999999947188
545,0.6994310506930895,0.10390478971809926,0.5000114639393404,0.49998853579780933,0.5735092844407922,0.500000000007329,0.4999999999999999,0.4999999999999999,0.4999999999926727
546,0.4106091081560404,0.5756736578125645,0.5000114639393404,0.49998853579780933,0.430577410787596,0.5000000000100167,0.4999999999999999,0.4999999999999999,0.49999999998998
547,0.60595569967326,0.3644416227851497,0.5000114639393404,0.49998853579780933,0.5228121285000555,0.5000000000063661,0.4999999999999999,0.4999999999999999,0.49999999999363665
548,0.07118332393035581,0.7035147009083882,0.5000114639393404,0.49998853579780933,0.3628345066992365,0.49999999999639516,0.4999999999999999,0.4999999999999999,0.5000000000035979
549,0.6278668638162784,0.32524329821690523,0.5000114639393404,0.49998853579780933,0.5343901189011139,0.5000000000088631,0.4999999999999999,0.4999999999999999,0.4999999999911394
550,0.14720109365383305,0.6916153830179861,0.5000114639393404,0.49998853579780933,0.3567552373281324,0.4999999999956404,0.4999999999999999,0.4999999999999999,0.50000000000436
551,0.5467729066004733,0.44837416139611885,0.5000114639393404,0.49998853579780933,0.5534320409606255,0.5000000000016844,0.4999999999999999,0.4999999999999999,0.49999999999831835
552,0.6486022138705695,0.2816294995136915,0.5000114639393404,0.49998853579780933,0.5455187133283416,0.4999999999933102,0.4999999999999999,0.4999999999999999,0.5000000000066915
553,0.1874432523762403,0.6818101107629738,0.5000114639393404,0.49998853579780933,0.39171603570575303,0.49999999999680733,0.4999999999999999,0.4999999999999999,0.5000000000031943
554,0.6788566670150347,0.19787275115397746,0.5000114639393404,0.49998853579780933,0.562084612296375,0.49999999999161243,0.4999999999999999,0.4999999999999999,0.5000000000083932
555,0.5919185150952396,0.3868235663548081,0.5000114639393404,0.49998853579780933,0.5784906260900963,0.5000000000014171,0.4999999999999999,0.4999999999999999,0.49999999999858913
556,0.6749312073565118,0.21087405088413116,0.5000114639393404,0.49998853579780933,0.5599028768295347,0.5000000000084327,0.4999999999999999,0.4999999999999999,0.4999999999915694
557,0.6808432249204259,0.19092540494602073,0.5000114639393404,0.49998853579780933,0.6296240562161333,0.5000000000006618,0.4999999999999999,0.4999999999999999,0.49999999999933703
558,0.47409013364266767,0.5246318220570722,0.5000114639393404,0.49998853579780933,0.5147898109857192,0.5000000000020404,0.4999999999999999,0.4999999999999999,0.49999999999795897
559,0.043616670499834524,0.7057602893720462,0.5000114639393404,0.49998853579780933,0.3513119610390315,0.5000000000040026,0.4999999999999999,0.4999999999999999,0.49999999999600303
560,0.6199836854198105,0.34002975105814237,0.5000114639393404,0.49998853579780933,0.5943390323004465,0.49999999999876404,0.4999999999999999,0.4999999999999999,0.5000000000012312
561,0.35106799405012784,0.6138006708644259,0.5000114639393404,0.49998853579780933,0.4076550456660145,0.5000000000051184,0.4999999999999999,0.4999999999999999,0.4999999999948817
562,0.4879852864207469,0.5117327038961466,0.5000114639393404,0.49998853579780933,0.5219375032500658,0.49999999999801376,0.4999999999999999,0.4999999999999999,0.5000000000019861
563,0.7055732621554343,0.04654437892062185,0.5000114639393404,0.49998853579780933,0.6441810400280092,0.49999999999982503,0.4999999999999999,0.4999999999999999,0.5000000000001726
564,0.18094757104874815,0.6835627138266546,0.5000114639393404,0.49998853579780933,0.38984188253516494,0.49999999999679184,0.4999999999999999,0.4999999999999999,0.5000000000032074
565,0.2310304970752141,0.6683000145302864,0.5000114639393404,0.49998853579780933,0.3719393926777761,0.49999999999534667,0.4999999999999999,0.4999999999999999,0.5000000000046552
566,0.17061483314661696,0.6862146739252593,0.5000114639393404,0.49998853579780933,0.38664009978926905,0.4999999999967502,0.4999999999999999,0.4999999999999999,0.5000000000032478
567,0.23520739722361061,0.6668414206475924,0.5000114639393404,0.49998853579780933,0.4078197531435482,0.49999999999698275,0.4999999999999999,0.4999999999999999,0.5000000000030221
568,0.1402407458425757,0.6930602666475132,0.5000114639393404,0.49998853579780933,0.35594859361642056,0.5000000000043352,0.4999999999999999,0.4999999999999999,0.4999999999956691
569,0.701567324514584,0.08833622797838386,0.5000114639393404,0.49998853579780933,0.6418121387415586,0.4999999999996916,0.4999999999999999,0.4999999999999999,0.5000000000003092
570,0.6499779393874578,0.27843972114200566,0.5000114639393404,0.49998853579780933,0.6116209211979282,0.5000000000009888,0.4999999999999999,0.4999999999999999,0.49999999999901507
571,0.02932936645774115,0.7064982577920413,0.5000114639393404,0.49998853579780933,0.3514237373747699,0.49999999999603717,0.4999999999999999,0.4999999999999999,0.5000000000039652
572,0.5694407018515193,0.4192103136551464,0.5000114639393404,0.49998853579780933,0.5658991973385229,0.4999999999984423,0.4999999999999999,0.4999999999999999,0.500000000001555
573,0.659665854774033,0.2546388816446574,0.5000114639393404,0.49998853579780933,0.6172182963054823,0.5000000000009017,0.4999999999999999,0.4999999999999999,0.49999999999909583
574,0.5782092641304246,0.4070307689521194,0.5000114639393404,0.49998853579780933,0.5084728553057734,0.4999999999908052,0.4999999999999999,0.4999999999999999,0.5000000000091958
575,0.5059293045766324,0.49399953316840717,0.5000114639393404,0.49998853579780933,0.5314230236747834,0.500000000001896,0.4999999999999999,0.4999999999999999,0.49999999999810324
576,0.478569644107635,0.520548840877293,0.5000114639393404,0.49998853579780933,0.4601439584789989,0.500000000009728,0.4999999999999999,0.4999999999999999,0.49999999999027384
577,0.6110492019954296,0.3558354573967433,0.5000114639393404,0.49998853579780933,0.5255276120001711,0.499999999993606,0.4999999999999999,0.4999999999999999,0.5000000000063949
578,0.2874034027511088,0.646064458151882,0.5000114639393404,0.49998853579780933,0.42779853518197586,0.49999999999717776,0.4999999999999999,0.4999999999999999,0.5000000000028234
579,0.2344623823575712,0.667103738775524,0.5000114639393404,0.49998853579780933,0.40759841439108657,0.500000000012358,0.4999999999999999,0.4999999999999999,0.4999999999876326
580,0.7038550381323875,0.0677354619175545,0.5000114639393404,0.49998853579780933,0.6431674821488862,0.500000000000236,0.4999999999999999,0.4999999999999999,0.49999999999976164
581,0.5549274486094384,0.4382414024026249,0.5000114639393404,0.49998853579780933,0.5579757464267694,0.5000000000016268,0.4999999999999999,0.4999999999999999,0.4999999999983737
582,0.1779753763102745,0.6843425789962334,0.5000114639393404,0.49998853579780933,0.38895866743673696,0.4999999999967838,0.4999999999999999,0.4999999999999999,0.5000000000032162
583,0.28714083353986725,0.6461812040926723,0.5000114639393404,0.49998853579780933,0.38667869192978616,0.5000000000048724,0.4999999999999999,0.4999999999999999,0.49999999999512795
584,0.6886800358162587,0.16037396380996438,0.5000114639393404,0.49998853579780933,0.6342107542960328,0.500000000000558,0.4999999999999999,0.4999999999999999,0.49999999999944533
585,0.7028640720796094,0.07734401257721574,0.5000114639393404,0.49998853579780933,0.6425826113021328,0.500000000000271,0.4999999999999999,0.4999999999999999,0.4999999999997351
586,0.5704763480766865,0.41779987587969286,0.5000114639393404,0.49998853579780933,0.5665005587532825,0.4999999999984541,0.4999999999999999,0.4999999999999999,0.5000000000015455
587,0.7064366775068639,0.030776950353445364,0.5000114639393404,0.49998853579780933,0.6446995781469982,0.5000000000001047,0.4999999999999999,0.4999999999999999,0.4999999999998908
588,0.11974951467506256,0.6968931436992928,0.5000114639393404,0.49998853579780933,0.37296413192903044,0.49999999999656686,0.4999999999999999,0.4999999999999999,0.5000000000034295
589,0.22652754630563252,0.6698397351342691,0.5000114639393404,0.49998853579780933,0.4049160944055023,0.5000000000030355,0.4999999999999999,0.4999999999999999,0.499999999996963
590,0.6925955888740897,0.14251789456818617,0.5000114639393404,0.49998853579780933,0.6365217627631519,0.5000000000004925,0.4999999999999999,0.4999999999999999,0.49999999999950334
591,0.6682752632354036,0.2311020825255547,0.5000114639393404,0.49998853579780933,0.556249246993367,0.49999999999149364,0.4999999999999999,0.4999999999999999,0.5000000000085029
592,0.6926529613335919,0.14223879624001376,0.5000114639393404,0.49998853579780933,0.569717972082327,0.499999999992803,0.4999999999999999,0.4999999999999999,0.5000000000071997
593,0.6262240263540678,0.32839529353645763,0.5000114639393404,0.49998853579780933,0.5979383872142685,0.5000000000011764,0.4999999999999999,0.4999999999999999,0.4999999999988202
594,0.2676452878553619,0.6544967584221195,0.5000114639393404,0.49998853579780933,0.3809837683730057,0.5000000000048032,0.4999999999999999,0.4999999999999999,0.49999999999519507
595,0.1625316268222892,0.6881740116296883,0.5000114639393404,0.49998853579780933,0.3588245561819846,0.5000000000044127,0.4999999999999999,0.4999999999999999,0.49999999999558575
596,0.1668125240693356,0.6871488789291735,0.5000114639393404,0.49998853579780933,0.3594240319510273,0.49999999999556816,0.4999999999999999,0.4999999999999999,0.5000000000044347
597,0.7024263389598653,0.08122338539754345,0.5000114639393404,0.49998853579780933,0.6423284494017028,0.49999999999972033,0.4999999999999999,0.4999999999999999,0.5000000000002772
598,0.29574812450641214,0.6422873553565694,0.5000114639393404,0.49998853579780933,0.43112001212366513,0.5000000000027935,0.4999999999999999,0.4999999999999999,0.4999999999972029
599,0.5773131884804987,0.40830072917955784,0.5000114639393404,0.49998853579780933,0.5703277585053403,0.5000000000015008,0.4999999999999999,0.4999999999999999,0.49999999999850037
600,0.6853317672683811,0.17412745111408365,0.5000114639393404,0.49998853579780933,0.6322379052873003,0.4999999999993959,0.4999999999999999,0.4999999999999999,0.5000000000006116
601,0.3806928910085141,0.5958799619169921,0.5000114639393404,0.49998853579780933,0.41870353991669584,0.4999999999898539,0.4999999999999999,0.4999999999999999,0.500000000010147
602,0.3054420674613717,0.6377343831289994,0.5000114639393404,0.49998853579780933,0.4352529390600513,0.5000000000027519,0.4999999999999999,0.4999999999999999,0.4999999999972509
603,0.5304058465236489,0.4676212548350766,0.5000114639393404,0.49998853579780933,0.5445787147368192,0.500000000001764,0.4999999999999999,0.4999999999999999,0.4999999999982364
604,0.6670251092818094,0.2346859680244919,0.5000114639393404,0.49998853579780933,0.5555706160079609,0.4999999999931395,0.4999999999999999,0.4999999999999999,0.5000000000068632
605,0.4505376605070918,0.5449915746732177,0.5000114639393404,0.49998853579780933,0.5026804998753381,0.4999999999978427,0.4999999999999999,0.4999999999999999,0.5000000000021543
606,0.4475552370625671,0.5474434306646366,0.5000114639393404,0.49998853579780933,0.4461757598746458,0.49999999999447076,0.4999999999999999,0.4999999999999999,0.5000000000055268
607,0.5004152810000702,0.4995843737964757,0.5000114639393404,0.49998853579780933,0.5285277176131192,0.4999999999980799,0.4999999999999999,0.4999999999999999,0.5000000000019162
608,0.30119481496554723,0.6397512668513221,0.5000114639393404,0.49998853579780933,0.4334451847979587,0.4999999999972265,0.4999999999999999,0.4999999999999999,0.5000000000027754
609,0.07848172873234034,0.7027379494944991,0.5000114639393404,0.49998853579780933,0.3642947954484463,0.49999999999643185,0.4999999999999999,0.4999999999999999,0.5000000000035706
610,0.524393106477225,0.4743541608114818,0.5000114639393404,0.49998853579780933,0.4816161165621072,0.499999999994105,0.4999999999999999,0.4999999999999999,0.5000000000058946
611,0.5692894315671099,0.41941571633165253,0.5000114639393404,0.49998853579780933,0.5038511100532688,0.5000000000092365,0.4999999999999999,0.4999999999999999,0.49999999999076
612,0.2878777417969936,0.6458532385750363,0.5000114639393404,0.49998853579780933,0.3868573233609197,0.499999999989492,0.4999999999999999,0.4999999999999999,0.5000000000105075
613,0.7046449478441855,0.05895335047789658,0.5000114639393404,0.49998853579780933,0.5764258128780257,0.5000000000078965,0.4999999999999999,0.4999999999999999,0.49999999999210376
614,0.3963805280459346,0.5855616765004555,0.5000114639393404,0.49998853579780933,0.4248006669588536,0.4999999999946936,0.4999999999999999,0.4999999999999999,0.5000000000053046
615,0.017942281936863026,0.7068791088431573,0.5000114639393404,0.49998853579780933,0.3554030341095164,0.5000000000037775,0.4999999999999999,0.4999999999999999,0.4999999999962208
616,0.007039061384370125,0.7070717443199408,0.5000114639393404,0.49998853579780933,0.35427074191462316,0.4999999999961829,0.4999999999999999,0.4999999999999999,0.5000000000038145
617,0.13217257335942942,0.6946440893375102,0.5000114639393404,0.49998853579780933,0.37600275534143185,0.49999999999660855,0.4999999999999999,0.4999999999999999,0.5000000000033843
618,0.3201063699798802,0.6305013179195632,0.5000114639393404,0.49998853579780933,0.39696795843132665,0.49999999999500316,0.4999999999999999,0.4999999999999999,0.5000000000049991
619,0.6476101064480266,0.2839034193560911,0.5000114639393404,0.49998853579780933,0.5450266454045486,0.49999999999332595,0.4999999999999999,0.4999999999999999,0.5000000000066748
620,0.39432684730631506,0.586946622354588,0.5000114639393404,0.49998853579780933,0.42408722703626095,0.5000000000052874,0.4999999999999999,0.4999999999999999,0.49999999999471006
621,0.20732450784219503,0.6760299907903423,0.5000114639393404,0.49998853579780933,0.36665574446106786,0.5000000000108096,0.4999999999999999,0.4999999999999999,0.49999999998918926
622,0.1387294419598767,0.6933643644819824,0.5000114639393404,0.49998853579780933,0.35576231625635957,0.5000000000043288,0.4999999999999999,0.4999999999999999,0.4999999999956735
623,0.40346636527844437,0.5807020682665094,0.5000114639393404,0.49998853579780933,0.4793928432578992,0.4999999999976376,0.4999999999999999,0.4999999999999999,0.5000000000023634
624,0.6191418814382942,0.34156014206732005,0.5000114639393404,0.49998853579780933,0.5939218259838642,0.49999999999877404,0.4999999999999999,0.4999999999999999,0.5000000000012247
625,0.47026715034761546,0.5280613703043401,0.5000114639393404,0.49998853579780933,0.512747008588384,0.500000000002068,0.4999999999999999,0.4999999999999999,0.49999999999793304
626,0.7064013447801584,0.03157752512137134,0.5000114639393404,0.49998853579780933,0.6446778662357658,0.5000000000001159,0.4999999999999999,0.4999999999999999,0.4999999999998913
627,0.6302831580039935,0.3205357089881139,0.5000114639393404,0.49998853579780933,0.6002730293217202,0.4999999999857655,0.4999999999999999,0.4999999999999999,0.5000000000142346
628,0.02331385947495629,0.7067223386566865,0.5000114639393404,0.49998853579780933,0.35590397443348637,0.4999999999962362,0.4999999999999999,0.4999999999999999,0.5000000000037583
629,0.544649067245155,0.45095165322790776,0.5000114639393404,0.49998853579780933,0.5522770361920849,0.5000000000016942,0.4999999999999999,0.4999999999999999,0.49999999999830663
630,0.7064866978664299,0.029606515124095185,0.5000114639393404,0.49998853579780933,0.6447290271780879,0.4999999999998997,0.4999999999999999,0.4999999999999999,0.5000000000001059
631,0.48220838547152683,0.5171799232191239,0.5000114639393404,0.49998853579780933,0.5189764206605276,0.49999999999799133,0.4999999999999999,0.4999999999999999,0.5000000000020044
632,0.374754587758926,0.599632386511632,0.5000114639393404,0.49998853579780933,0.4658790936038027,0.4999999999975207,0.4999999999999999,0.4999999999999999,0.5000000000024772
633,0.5744142755649216,0.41236905803810076,0.5000114639393404,0.49998853579780933,0.5065376268153469,0.5000000000061671,0.4999999999999999,0.4999999999999999,0.4999999999938374
634,0.5428294402957762,0.4531403779452176,0.5000114639393404,0.49998853579780933,0.5513276700915132,0.5000000000016999,0.4999999999999999,0.4999999999999999,0.4999999999983018
635,0.1747345013518626,0.6851772480583663,0.5000114639393404,0.49998853579780933,0.36074820186510786,0.5000000000044582,0.4999999999999999,0.4999999999999999,0.4999999999955468
636,0.5982919500846486,0.37689089769844025,0.5000114639393404,0.49998853579780933,0.5820029389240479,0.5000000000013847,0.4999999999999999,0.4999999999999999,0.4999999999986133
637,0.5174409327459296,0.4819282945823144,0.5000114639393404,0.49998853579780933,0.5375915834716203,0.5000000000018303,0.4999999999999999,0.4999999999999999,0.49999999999816547
638,0.6681547162802435,0.23145037289334,0.5000114639393404,0.49998853579780933,0.6221518647612422,0.4999999999991782,0.4999999999999999,0.4999999999999999,0.5000000000008208
639,0.4501326126334115,0.545326169410398,0.5000114639393404,0.49998853579780933,0.447348047378648,0.500000000009848,0.4999999999999999,0.4999999999999999,0.4999999999901512
640,0.63520410126128,0.310669843044944,0.5000114639393404,0.49998853579780933,0.6030788074413566,0.5000000000011156,0.4999999999999999,0.4999999999999999,0.49999999999888584
641,0.2678534779474438,0.654411578711332,0.5000114639393404,0.49998853579780933,0.38113325794055963,0.4999999999894154,0.4999999999999999,0.4999999999999999,0.5000000000105844
642,0.5295343419807518,0.46860792156601444,0.5000114639393404,0.49998853579780933,0.4840946741298288,0.500000000005928,0.4999999999999999,0.4999999999999999,0.49999999999407885
643,0.09004005813544519,0.7013506935341989,0.5000114639393404,0.49998853579780933,0.36636775118612713,0.49999999999646266,0.4999999999999999,0.4999999999999999,0.5000000000035434
644,0.6333277688500777,0.3144772443331759,0.5000114639393404,0.49998853579780933,0.6020165340997043,0.5000000000011273,0.4999999999999999,0.4999999999999999,0.49999999999887823
645,0.07759017800234294,0.7028369453032168,0.5000114639393404,0.49998853579780933,0.36414545489036837,0.4999999999964299,0.4999999999999999,0.4999999999999999,0.500000000003572
646,0.645972225932572,0.28761065719152096,0.5000114639393404,0.49998853579780933,0.6092547564498987,0.4999999999989637,0.4999999999999999,0.4999999999999999,0.5000000000010335
647,0.36007893602199215,0.6085582633021045,0.5000114639393404,0.49998853579780933,0.4109155272309115,0.5000000000051572,0.4999999999999999,0.4999999999999999,0.49999999999484634
648,0.13892563597787783,0.6933250808013092,0.5000114639393404,0.49998853579780933,0.3779409919716252,0.4999999999966433,0.4999999999999999,0.4999999999999999,0.5000000000033566
649,0.5191796337288652,0.48005469636057646,0.5000114639393404,0.49998853579780933,0.4790881649288638,0.500000000005867,0.4999999999999999,0.4999999999999999,0.4999999999941309
650,0.6925793698218691,0.14259669306391035,0.5000114639393404,0.49998853579780933,0.6365110654734918,0.4999999999995035,0.4999999999999999,0.4999999999999999,0.5000000000004919
651,0.6626467222826395,0.24677789291221303,0.5000114639393404,0.49998853579780933,0.6189535766261738,0.5000000000008742,0.4999999999999999,0.4999999999999999,0.4999999999991256
652,0.6993367877123602,0.10453734907752549,0.5000114639393404,0.49998853579780933,0.6404979036324867,0.5000000000003619,0.4999999999999999,0.4999999999999999,0.4999999999996374
653,0.5934053919734865,0.38453873768035113,0.5000114639393404,0.49998853579780933,0.5793241646368422,0.5000000000014074,0.4999999999999999,0.4999999999999999,0.49999999999859784
654,0.255801671535567,0.6592158256895913,0.5000114639393404,0.49998853579780933,0.4155159762422618,0.500000000002935,0.4999999999999999,0.4999999999999999,0.4999999999970649
655,0.6767355214531726,0.20500983879682572,0.5000114639393404,0.49998853579780933,0.6271889506360455,0.5000000000007186,0.4999999999999999,0.4999999999999999,0.49999999999927947
656,0.03784434681123925,0.706093340440503,0.5000114639393404,0.49998853579780933,0.35769105054319117,0.5000000000037113,0.4999999999999999,0.4999999999999999,0.4999999999962863
657,0.6698481653555932,0.22650261669512853,0.5000114639393404,0.49998853579780933,0.557126710061491,0.5000000000084898,0.4999999999999999,0.4999999999999999,0.49999999999150496
658,0.6165905516523831,0.34614461347335945,0.5000114639393404,0.49998853579780933,0.5924391411740252,0.499999999998749,0.4999999999999999,0.4999999999999999,0.5000000000012497
659,0.20112000100996108,0.6779017223711312,0.5000114639393404,0.49998853579780933,0.3961556384812712,0.49999999999685835,0.4999999999999999,0.4999999999999999,0.5000000000031349
660,0.04985916880109083,0.7053467733806521,0.5000114639393404,0.49998853579780933,0.35112429765616904,0.5000000000040217,0.4999999999999999,0.4999999999999999,0.4999999999959752
661,0.37897108889803927,0.5969764767387684,0.5000114639393404,0.49998853579780933,0.4678758426248384,0.5000000000024568,0.4999999999999999,0.4999999999999999,0.49999999999754224
662,0.5433615242038723,0.45250221437562543,0.5000114639393404,0.49998853579780933,0.49092624678912616,0.49999999999400824,0.4999999999999999,0.4999999999999999,0.5000000000059917
663,0.21660603377385218,0.6731135319837815,0.5000114639393404,0.49998853579780933,0.4012537108932485,0.5000000000030883,0.4999999999999999,0.4999999999999999,0.499999999996912
664,0.029543188243025195,0.7064893488526178,0.5000114639393404,0.49998853579780933,0.3567777323618157,0.49999999999626626,0.4999999999999999,0.4999999999999999,0.5000000000037356
665,0.6817780314609377,0.18755989927821354,0.5000114639393404,0.49998853579780933,0.630165507171057,0.5000000000006547,0.4999999999999999,0.4999999999999999,0.4999999999993505
666,0.08565356221856148,0.7018998983325705,0.5000114639393404,0.49998853579780933,0.3655913799145084,0.5000000000035484,0.4999999999999999,0.4999999999999999,0.49999999999645356
667,0.662911810085672,0.2460648958417168,0.5000114639393404,0.49998853579780933,0.6191225288398285,0.5000000000008645,0.4999999999999999,0.4999999999999999,0.4999999999991295
668,0.5857468465075905,0.39610684392776774,0.5000114639393404,0.49998853579780933,0.5122856880044258,0.49999999999085787,0.4999999999999999,0.4999999999999999,0.500000000009146
669,0.5005172186140854,0.49948224952670267,0.5000114639393404,0.49998853579780933,0.5285776061748367,0.4999999999865368,0.4999999999999999,0.4999999999999999,0.500000000013466
670,0.33152076106995343,0.624575043513267,0.5000114639393404,0.49998853579780933,0.4463330726727943,0.5000000000026555,0.4999999999999999,0.4999999999999999,0.4999999999973451
671,0.49656801812131,0.5034085849278744,0.5000114639393404,0.49998853579780933,0.46841429976183735,0.4999999999903715,0.4999999999999999,0.4999999999999999,0.5000000000096394
672,0.658655509202249,0.2572409903914806,0.5000114639393404,0.49998853579780933,0.616653238692201,0.5000000000009103,0.4999999999999999,0.4999999999999999,0.49999999999909006
673,0.5561000310853198,0.43675251049868985,0.5000114639393404,0.49998853579780933,0.5585739876237514,0.5000000000016277,0.4999999999999999,0.4999999999999999,0.4999999999983743
674,0.6390795312568851,0.30261751347580285,0.5000114639393404,0.49998853579780933,0.6053046854876267,0.5000000000010858,0.4999999999999999,0.4999999999999999,0.4999999999989151
675,0.3988350784569001,0.5838926101538541,0.5000114639393404,0.49998853579780933,0.4772729275937576,0.5000000000023747,0.4999999999999999,0.4999999999999999,0.4999999999976278
676,0.47812181400270004,0.520960200950867,0.5000114639393404,0.49998853579780933,0.4599682259702539,0.5000000000056548,0.4999999999999999,0.4999999999999999,0.4999999999943456
677,0.2473229713264461,0.6624434676666782,0.5000114639393404,0.49998853579780933,0.37592950800836994,0.4999999999952881,0.4999999999999999,0.4999999999999999,0.5000000000047073
678,0.025669320603076497,0.7066407050119424,0.5000114639393404,0.49998853579780933,0.35195388275356987,0.500000000003932,0.4999999999999999,0.4999999999999999,0.49999999999606676
679,0.1769664360690524,0.6846041779780597,0.5000114639393404,0.49998853579780933,0.3609490781164618,0.49999999999552697,0.4999999999999999,0.4999999999999999,0.50000000000447
680,0.6670501078842449,0.23461490483687847,0.5000114639393404,0.49998853579780933,0.555582922497628,0.5000000000085209,0.4999999999999999,0.4999999999999999,0.4999999999914797
681,0.6999087669625891,0.10063656357860817,0.5000114639393404,0.49998853579780933,0.5737673414018415,0.49999999999265354,0.4999999999999999,0.4999999999999999,0.5000000000073497
682,0.5055415496004378,0.49439634435452895,0.5000114639393404,0.49998853579780933,0.5312717555553379,0.4999999999981092,0.4999999999999999,0.4999999999999999,0.5000000000018852
683,0.6516094004824303,0.2746000531735648,0.5000114639393404,0.49998853579780933,0.5471658814909205,0.5000000000067119,0.4999999999999999,0.4999999999999999,0.4999999999932852
684,0.6861784793561367,0.170760364688012,0.5000114639393404,0.49998853579780933,0.5661300060099766,0.499999999992908,0.4999999999999999,0.4999999999999999,0.5000000000070969
685,0.49480343921146197,0.5051431050153116,0.5000114639393404,0.49998853579780933,0.46762601822987193,0.5000000000057381,0.4999999999999999,0.4999999999999999,0.49999999999426314
686,0.3329908810457252,0.6237924920519583,0.5000114639393404,0.49998853579780933,0.44705922429380535,0.5000000000026426,0.4999999999999999,0.4999999999999999,0.49999999999735845
687,0.6654474094071857,0.23912286842555758,0.5000114639393404,0.49998853579780933,0.6205898689021315,0.49999999999915246,0.4999999999999999,0.4999999999999999,0.5000000000008467
688,0.3806220838009561,0.5959251876897154,0.5000114639393404,0.49998853579780933,0.41859954017746154,0.5000000000052448,0.4999999999999999,0.4999999999999999,0.49999999999475997
689,0.6204337501093818,0.33920784443348023,0.5000114639393404,0.49998853579780933,0.530444152636928,0.5000000000064667,0.4999999999999999,0.4999999999999999,0.4999999999935325
690,0.4276997651769715,0.5630922756241301,0.5000114639393404,0.49998853579780933,0.4912383651216152,0.4999999999977372,0.4999999999999999,0.4999999999999999,0.5000000000022609
691,0.566372083289649,0.4233469773957856,0.5000114639393404,0.49998853579780933,0.5023892565682706,0.49999999999074374,0.4999999999999999,0.4999999999999999,0.5000000000092614
692,0.6293216820179728,0.32241932408288887,0.5000114639393404,0.49998853579780933,0.5351770760983546,0.5000000000065304,0.4999999999999999,0.4999999999999999,0.49999999999346717
693,0.6091243816592661,0.3591204361606488,0.5000114639393404,0.49998853579780933,0.588167825930451,0.5000000000013051,0.4999999999999999,0.4999999999999999,0.49999999999869305
694,0.7068165223754118,0.020258423033325527,0.5000114639393404,0.49998853579780933,0.6449243940113422,0.4999999999999264,0.4999999999999999,0.4999999999999999,0.5000000000000715
695,0.5453205395670294,0.4501394329830746,0.5000114639393404,0.49998853579780933,0.4918905884752424,0.4999999999939991,0.4999999999999999,0.4999999999999999,0.5000000000060011
696,0.483171493612517,0.5162802696211111,0.5000114639393404,0.49998853579780933,0.5194726614271897,0.4999999999979954,0.4999999999999999,0.4999999999999999,0.5000000000019977
697,0.3991071202290234,0.5837066956807079,0.5000114639393404,0.49998853579780933,0.47738228172260644,0.5000000000023733,0.4999999999999999,0.4999999999999999,0.49999999999762157
698,0.6448207476802834,0.29018305410520934,0.5000114639393404,0.49998853579780933,0.6086150589588791,0.500000000001037,0.4999999999999999,0.4999999999999999,0.4999999999989622
699,0.5206151351749697,0.4784975245774495,0.5000114639393404,0.49998853579780933,0.5392588616729387,0.5000000000018217,0.4999999999999999,0.4999999999999999,0.49999999999817746
700,0.596294770189694,0.38004282264558614,0.5000114639393404,0.49998853579780933,0.5177781462665393,0.4999999999936992,0.4999999999999999,0.4999999999999999,0.5000000000063054
701,0.09118497548006149,0.7012027578632807,0.5000114639393404,0.49998853579780933,0.3666924139272303,0.500000000003532,0.4999999999999999,0.4999999999999999,0.49999999999646666
702,0.5969003828438049,0.37909093796909127,0.5000114639393404,0.49998853579780933,0.5180903805160612,0.500000000006306,0.4999999999999999,0.4999999999999999,0.49999999999369293
703,0.0588585645714137,0.7046528768522414,0.5000114639393404,0.49998853579780933,0.35111323836969643,0.499999999995949,0.4999999999999999,0.4999999999999999,0.5000000000040578
704,0.17558618058073297,0.684959488149696,0.5000114639393404,0.49998853579780933,0.38818007523656073,0.49999999999677214,0.4999999999999999,0.4999999999999999,0.5000000000032304
705,0.19448909908059658,0.6798337966469056,0.5000114639393404,0.49998853579780933,0.36409816432522524,0.49999999999547096,0.4999999999999999,0.4999999999999999,0.5000000000045293
706,0.17790603848394998,0.6843606077726506,0.5000114639393404,0.49998853579780933,0.3888549059621533,0.499999999996781,0.4999999999999999,0.4999999999999999,0.5000000000032236
707,0.7036111848441415,0.07022327232456167,0.5000114639393404,0.49998853579780933,0.5758476545027241,0.5000000000074429,0.4999999999999999,0.4999999999999999,0.499999999992555
708,0.5726216225300882,0.41485476664853116,0.5000114639393404,0.49998853579780933,0.5056468034919274,0.5000000000092332,0.4999999999999999,0.4999999999999999,0.49999999999076505
709,0.2697184934617538,0.6536451134099642,0.5000114639393404,0.49998853579780933,0.42080146107617217,0.5000000000028901,0.4999999999999999,0.4999999999999999,0.49999999999711325
710,0.5572398269306644,0.4352973412304341,0.5000114639393404,0.49998853579780933,0.5592325180551229,0.5000000000016194,0.4999999999999999,0.4999999999999999,0.4999999999983827
711,0.4006572612603928,0.5826437720755872,0.5000114639393404,0.49998853579780933,0.42653738294779886,0.4999999999946768,0.4999999999999999,0.4999999999999999,0.5000000000053211
712,0.10814850749166217,0.6987874500356497,0.5000114639393404,0.49998853579780933,0.35282846980937527,0.49999999999577177,0.4999999999999999,0.4999999999999999,0.5000000000042282
713,0.41220531242091724,0.5745317923422317,0.5000114639393404,0.49998853579780933,0.4312958753824463,0.4999999999946366,0.4999999999999999,0.4999999999999999,0.5000000000053668
714,0.48584246465008646,0.5137675539995964,0.5000114639393404,0.49998853579780933,0.5208655774527805,0.500000000013392,0.4999999999999999,0.4999999999999999,0.49999999998660694
715,0.6868063244049475,0.16821733786195256,0.5000114639393404,0.49998853579780933,0.5664578375666086,0.4999999999917249,0.4999999999999999,0.4999999999999999,0.5000000000082715
716,0.7068933922317321,0.017370435202199358,0.5000114639393404,0.49998853579780933,0.6449714705205399,0.5000000000000598,0.4999999999999999,0.4999999999999999,0.4999999999999396
717,0.06982437436705372,0.7036508770294051,0.5000114639393404,0.49998853579780933,0.35113660469193003,0.5000000000040952,0.4999999999999999,0.4999999999999999,0.4999999999959064
718,0.23102339135695113,0.6683024709261017,0.5000114639393404,0.49998853579780933,0.40634782767126165,0.4999999999969681,0.4999999999999999,0.4999999999999999,0.5000000000030321
719,0.25770591860436454,0.6584737348719992,0.5000114639393404,0.49998853579780933,0.37835595634772473,0.5000000000047654,0.4999999999999999,0.4999999999999999,0.49999999999523415
720,0.6992593816816587,0.10505387727347275,0.5000114639393404,0.49998853579780933,0.6404477009126769,0.499999999999636,0.4999999999999999,0.4999999999999999,0.5000000000003696
721,0.5632685651188433,0.4274675701722344,0.5000114639393404,0.49998853579780933,0.5624585664267057,0.5000000000015947,0.4999999999999999,0.4999999999999999,0.49999999999840017
722,0.2836263210422897,0.6477315107450168,0.5000114639393404,0.49998853579780933,0.4263926318444872,0.5000000000028334,0.4999999999999999,0.4999999999999999,0.49999999999717254
723,0.0,0.7071593103709595,0.5000114639393404,0.49998853579780933,0.35342269615001815,0.5000000000038531,0.4999999999999999,0.4999999999999999,0.4999999999961497
724,0.09993538833887947,0.7000092273275376,0.5000114639393404,0.49998853579780933,0.3522760227556162,0.5000000000041948,0.4999999999999999,0.4999999999999999,0.4999999999958
725,0.5869868308324195,0.3942669913007087,0.5000114639393404,0.49998853579780933,0.5129290260292219,0.5000000000062494,0.4999999999999999,0.4999999999999999,0.4999999999937514
726,0.37837993456746477,0.5973513437968241,0.5000114639393404,0.49998853579780933,0.4179148219821371,0.49999999999477907,0.4999999999999999,0.4999999999999999,0.5000000000052214
727,0.5645701612365702,0.4257470363843177,0.5000114639393404,0.49998853579780933,0.5014995407090175,0.49999999999073175,0.4999999999999999,0.4999999999999999,0.5000000000092716
728,0.19691831526353332,0.6791341377914772,0.5000114639393404,0.49998853579780933,0.36454670239012493,0.5000000000045419,0.4999999999999999,0.4999999999999999,0.49999999999545974
729,0.568505331577694,0.4204779317640131,0.5000114639393404,0.49998853579780933,0.5034592218870406,0.4999999999938601,0.4999999999999999,0.4999999999999999,0.5000000000061412
730,0.17380162023194684,0.6854144708165616,0.5000114639393404,0.49998853579780933,0.38763154327528826,0.4999999999967647,0.4999999999999999,0.4999999999999999,0.5000000000032325
731,0.023027745209559296,0.7067317192192271,0.5000114639393404,0.49998853579780933,0.35603547329924423,0.49999999999624617,0.4999999999999999,0.4999999999999999,0.5000000000037548
732,0.17062048763156876,0.6862132680153913,0.5000114639393404,0.49998853579780933,0.3866005164537419,0.5000000000032503,0.4999999999999999,0.4999999999999999,0.49999999999674744
733,0.44137121964630105,0.5524413511567885,0.5000114639393404,0.49998853579780933,0.4435030651378968,0.49999999999450007,0.4999999999999999,0.4999999999999999,0.5000000000055015
734,0.7067860309152009,0.021295692126189696,0.5000114639393404,0.49998853579780933,0.6449043398624864,0.5000000000000828,0.4999999999999999,0.4999999999999999,0.4999999999999141
735,0.6996626386560711,0.10233372982273618,0.5000114639393404,0.49998853579780933,0.6406887833123054,0.49999999999964284,0.4999999999999999,0.4999999999999999,0.5000000000003546
736,0.3084979362970492,0.6362617569054889,0.5000114639393404,0.49998853579780933,0.39325159925965086,0.4999999999950498,0.4999999999999999,0.4999999999999999,0.500000000004948
737,0.6179127617627871,0.34377873530904324,0.5000114639393404,0.49998853579780933,0.593234153852225,0.5000000000012332,0.4999999999999999,0.4999999999999999,0.49999999999876693
738,0.14531872367486387,0.6920133494673721,0.5000114639393404,0.49998853579780933,0.3795628926768638,0.4999999999966643,0.4999999999999999,0.4999999999999999,0.5000000000033332
739,0.6791905187191889,0.1967237657600477,0.5000114639393404,0.49998853579780933,0.6286152368244016,0.5000000000006968,0.4999999999999999,0.4999999999999999,0.4999999999993052
740,0.1260269784145696,0.6957853122276256,0.5000114639393404,0.49998853579780933,0.37434100668323483,0.5000000000034182,0.4999999999999999,0.4999999999999999,0.49999999999658284
741,0.17554360655669202,0.6849703951245385,0.5000114639393404,0.49998853579780933,0.38814172746358194,0.5000000000032268,0.4999999999999999,0.4999999999999999,0.4999999999967705
742,0.38822665078784646,0.5909992111822544,0.5000114639393404,0.49998853579780933,0.4721484905518399,0.5000000000024234,0.4999999999999999,0.4999999999999999,0.49999999999757216
743,0.6185273756839029,0.3426716998121488,0.5000114639393404,0.49998853579780933,0.5935375295442885,0.49999999999876293,0.4999999999999999,0.4999999999999999,0.5000000000012393
744,0.2847289005383036,0.6472475980629402,0.5000114639393404,0.49998853579780933,0.3859358916656755,0.5000000000048602,0.4999999999999999,0.4999999999999999,0.49999999999513645
745,0.31609817412815144,0.6325203113836341,0.5000114639393404,0.49998853579780933,0.39570703418457936,0.5000000000049829,0.4999999999999999,0.4999999999999999,0.4999999999950178
746,0.48761896154610684,0.5120817789579131,0.5000114639393404,0.49998853579780933,0.46424223482323,0.4999999999942921,0.4999999999999999,0.4999999999999999,0.5000000000057127
747,0.02459019326899926,0.7066790802099947,0.5000114639393404,0.49998853579780933,0.3522016799409825,0.4999999999960798,0.4999999999999999,0.4999999999999999,0.5000000000039205
748,0.6714038187832445,0.22184884972268393,0.5000114639393404,0.49998853579780933,0.6240610730757639,0.4999999999992162,0.4999999999999999,0.4999999999999999,0.5000000000007859
749,0.3658881605153199,0.6050833446680789,0.5000114639393404,0.49998853579780933,0.4618516994903465,0.4999999999974896,0.4999999999999999,0.4999999999999999,0.5000000000025041
750,0.5617724420295561,0.4294318611562838,0.5000114639393404,0.49998853579780933,0.5001140354153866,0.5000000000092912,0.4999999999999999,0.4999999999999999,0.4999999999907097
751,0.697396548326195,0.11678208167452657,0.5000114639393404,0.49998853579780933,0.639341342912788,0.49999999999958983,0.4999999999999999,0.4999999999999999,0.5000000000004134
752,0.31340881831648243,0.63385717050568,0.5000114639393404,0.49998853579780933,0.3949187229614885,0.4999999999950373,0.4999999999999999,0.4999999999999999,0.5000000000049636
753,0.14179172153856934,0.6927446193967334,0.5000114639393404,0.49998853579780933,0.3559685118093076,0.49999999998896316,0.4999999999999999,0.4999999999999999,0.5000000000110331
754,0.33243828450178525,0.6240871629808732,0.5000114639393404,0.49998853579780933,0.4010588903576637,0.5000000000103355,0.4999999999999999,0.4999999999999999,0.4999999999896695
755,0.7068168356870127,0.02024748847140517,0.5000114639393404,0.49998853579780933,0.6449285693536246,0.5000000000000588,0.4999999999999999,0.4999999999999999,0.4999999999999425
756,0.665251231937826,0.23966810051652807,0.5000114639393404,0.49998853579780933,0.5545646988716773,0.5000000000068482,0.4999999999999999,0.4999999999999999,0.4999999999931478
757,0.707124639484541,0.0,0.5000114639393404,0.49998853579780933,0.5778193391208429,0.5000000000077224,0.4999999999999999,0.4999999999999999,0.49999999999227657
758,0.6227422061357614,0.3349509612791154,0.5000114639393404,0.49998853579780933,0.5959572096536512,0.5000000000141787,0.4999999999999999,0.4999999999999999,0.4999999999858191
759,0.6446187517823131,0.29063149321884924,0.5000114639393404,0.49998853579780933,0.5433630983209448,0.4999999999933435,0.4999999999999999,0.4999999999999999,0.500000000006662
760,0.5623966480751327,0.42861405743845526,0.5000114639393404,0.49998853579780933,0.5004888728379336,0.4999999999907065,0.4999999999999999,0.4999999999999999,0.5000000000092937
761,0.09879747149322965,0.7001707361855182,0.5000114639393404,0.49998853579780933,0.35238259446453835,0.5000000000041868,0.4999999999999999,0.4999999999999999,0.49999999999581485
762,0.5271474259382857,0.4712914080763992,0.5000114639393404,0.49998853579780933,0.48295636545604226,0.49999999999408995,0.4999999999999999,0.4999999999999999,0.5000000000059056
763,0.42923263516409177,0.5619246818819408,0.5000114639393404,0.49998853579780933,0.4920738364903184,0.49999999999775213,0.4999999999999999,0.4999999999999999,0.5000000000022463
764,0.6951620089834595,0.12942094600983906,0.5000114639393404,0.49998853579780933,0.6380295155984446,0.49999999998416694,0.4999999999999999,0.4999999999999999,0.5000000000158342
765,0.7067882325451946,0.021222495980497743,0.5000114639393404,0.49998853579780933,0.6449104898888358,0.49999999998454864,0.4999999999999999,0.4999999999999999,0.5000000000154539
766,0.16769221790078231,0.6869347276528679,0.5000114639393404,0.49998853579780933,0.35946542050848074,0.4999999999955586,0.4999999999999999,0.4999999999999999,0.5000000000044448
767,0.5258610100509622,0.4727263459002314,0.5000114639393404,0.49998853579780933,0.48237213276659047,0.4999999999905177,0.4999999999999999,0.4999999999999999,0.5000000000094859
768,0.2657816573253093,0.6552557597071644,0.5000114639393404,0.49998853579780933,0.3807305300846785,0.49999999999521977,0.4999999999999999,0.4999999999999999,0.5000000000047817
769,0.03502841505402495,0.7062386354050635,0.5000114639393404,0.49998853579780933,0.35749700854961447,0.5000000000037186,0.4999999999999999,0.4999999999999999,0.49999999999628486
770,0.4932060411859547,0.5067028724387478,0.5000114639393404,0.49998853579780933,0.5247751433058224,0.49999999999804806,0.4999999999999999,0.4999999999999999,0.5000000000019517
771,0.3385492429441081,0.6207933715029231,0.5000114639393404,0.49998853579780933,0.40322428748950245,0.5000000000050653,0.4999999999999999,0.4999999999999999,0.49999999999493
772,0.6220864140279353,0.3361673619685751,0.5000114639393404,0.49998853579780933,0.5313342221483722,0.49999999999109324,0.4999999999999999,0.4999999999999999,0.5000000000089044
773,0.6852376265663463,0.17449755052068638,0.5000114639393404,0.49998853579780933,0.5656062530752048,0.49999999999292066,0.4999999999999999,0.4999999999999999,0.5000000000070784
774,0.06509035341806284,0.7041045702819404,0.5000114639393404,0.49998853579780933,0.3512079445306028,0.5000000000040733,0.4999999999999999,0.4999999999999999,0.49999999999593114
775,0.704555800396585,0.0600093669982437,0.5000114639393404,0.49998853579780933,0.643583822513486,0.4999999999997888,0.4999999999999999,0.4999999999999999,0.5000000000002139
776,0.4779437448995671,0.521123576709313,0.5000114639393404,0.49998853579780933,0.45981931728118175,0.5000000000056617,0.4999999999999999,0.4999999999999999,0.49999999999433903
777,0.6143441656692953,0.3501160466303947,0.5000114639393404,0.49998853579780933,0.5911877706908362,0.5000000000012608,0.4999999999999999,0.4999999999999999,0.4999999999987387
778,0.49099916083440776,0.5088416492976056,0.5000114639393404,0.49998853579780933,0.5235725344283045,0.49999999999803263,0.4999999999999999,0.4999999999999999,0.5000000000019675
779,0.5423835498758675,0.45367398517443314,0.5000114639393404,0.49998853579780933,0.5510316575755821,0.4999999999982937,0.4999999999999999,0.4999999999999999,0.5000000000017059
780,0.044004224591465656,0.7057362313344151,0.5000114639393404,0.49998853579780933,0.35846562651381175,0.4999999999963043,0.4999999999999999,0.4999999999999999,0.500000000003695
781,0.6506850180679918,0.27678333688308027,0.5000114639393404,0.49998853579780933,0.546682922307375,0.5000000000067018,0.4999999999999999,0.4999999999999999,0.4999999999933002
782,0.6279952286562251,0.3249953761166567,0.5000114639393404,0.49998853579780933,0.5344449863464793,0.5000000000065264,0.4999999999999999,0.4999999999999999,0.4999999999934741
783,0.13691428563112631,0.6937250743275545,0.5000114639393404,0.49998853579780933,0.35549599798180564,0.5000000000110528,0.4999999999999999,0.4999999999999999,0.4999999999889433
784,0.5363268601312046,0.4608182966584214,0.5000114639393404,0.49998853579780933,0.5477205838165617,0.5000000000017447,0.4999999999999999,0.4999999999999999,0.49999999999825717
785,0.18016673503662767,0.6837689285030734,0.5000114639393404,0.49998853579780933,0.36160519052638956,0.5000000000044795,0.4999999999999999,0.4999999999999999,0.49999999999552014
786,0.661503515910464,0.2498261364191036,0.5000114639393404,0.49998853579780933,0.6182768485132706,0.49999999999910955,0.4999999999999999,0.4999999999999999,0.5000000000008926
787,0.2688729774766501,0.6539933653966515,0.5000114639393404,0.49998853579780933,0.4204734169740088,0.4999999999971091,0.4999999999999999,0.4999999999999999,0.5000000000028886
788,0.33804984942763305,0.6210654549256078,0.5000114639393404,0.49998853579780933,0.4492349022303603,0.5000000000026253,0.4999999999999999,0.4999999999999999,0.4999999999973724
789,0.334056338126628,0.6232225629399396,0.5000114639393404,0.49998853579780933,0.4016793477759177,0.5000000000050514,0.4999999999999999,0.4999999999999999,0.49999999999494776
790,0.6468546660973259,0.2856204491070602,0.5000114639393404,0.49998853579780933,0.6097894059422315,0.5000000000010217,0.4999999999999999,0.4999999999999999,0.49999999999898015
791,0.6788219098966954,0.19799195787147578,0.5000114639393404,0.49998853579780933,0.6284135698776201,0.4999999999993058,0.4999999999999999,0.4999999999999999,0.5000000000006944
792,0.2557825848518683,0.6592232317557554,0.5000114639393404,0.49998853579780933,0.4154785488156461,0.49999999999706624,0.4999999999999999,0.4999999999999999,0.5000000000029394
793,0.4883585694049298,0.5113764833161282,0.5000114639393404,0.49998853579780933,0.5222008999941942,0.500000000001979,0.4999999999999999,0.4999999999999999,0.49999999999802114
794,0.47003375241035283,0.5282691313119404,0.5000114639393404,0.49998853579780933,0.45622852703188477,0.5000000000056258,0.4999999999999999,0.4999999999999999,0.49999999999437905
795,0.39523910227438497,0.5863327144491801,0.5000114639393404,0.49998853579780933,0.4244154352903562,0.4999999999947063,0.4999999999999999,0.4999999999999999,0.5000000000052994
796,0.3919733407425977,0.5885209428279319,0.5000114639393404,0.49998853579780933,0.4231311468661879,0.5000000000052757,0.4999999999999999,0.4999999999999999,0.49999999999471495
797,0.399788868990116,0.5832399679648225,0.5000114639393404,0.49998853579780933,0.47759326313730877,0.5000000000023851,0.4999999999999999,0.4999999999999999,0.49999999999761835
798,0.5379174490493661,0.4589605843732358,0.5000114639393404,0.49998853579780933,0.5486792427663272,0.49999999999827854,0.4999999999999999,0.4999999999999999,0.5000000000017212
799,0.6345110267159979,0.3120829435606301,0.5000114639393404,0.49998853579780933,0.6026739183774439,0.4999999999988809,0.4999999999999999,0.4999999999999999,0.5000000000011164
800,0.6787340071561357,0.19829310295972874,0.5000114639393404,0.49998853579780933,0.6283568547996508,0.4999999999992976,0.4999999999999999,0.4999999999999999,0.5000000000007007
801,0.4877779345403532,0.5119303532469529,0.5000114639393404,0.49998853579780933,0.5218303634179589,0.49999999999801364,0.4999999999999999,0.4999999999999999,0.5000000000019895
802,0.2358265393439409,0.666622714390274,0.5000114639393404,0.49998853579780933,0.4081571681638614,0.500000000003005,0.4999999999999999,0.4999999999999999,0.4999999999969913
803,0.7022614650314635,0.08263680857457459,0.5000114639393404,0.49998853579780933,0.6422271531544029,0.4999999999997159,0.4999999999999999,0.4999999999999999,0.5000000000002858
804,0.1916776475114647,0.6806318289766419,0.5000114639393404,0.49998853579780933,0.3635576100596816,0.49999999999547695,0.4999999999999999,0.4999999999999999,0.5000000000045196
805,0.1470525323123589,0.6916469856368374,0.5000114639393404,0.49998853579780933,0.3567648270376704,0.49999999998897315,0.4999999999999999,0.4999999999999999,0.5000000000110278
806,0.4819203889334819,0.5174482957071243,0.5000114639393404,0.49998853579780933,0.5188377729717705,0.50000000000201,0.4999999999999999,0.4999999999999999,0.49999999999799616
807,0.7051164055853156,0.05301749309842914,0.5000114639393404,0.49998853579780933,0.6439193992482426,0.49999999999981537,0.4999999999999999,0.4999999999999999,0.500000000000182
808,0.40485184628050624,0.5797369943028219,0.5000114639393404,0.49998853579780933,0.48006606340229957,0.49999999999764544,0.4999999999999999,0.4999999999999999,0.5000000000023596
809,0.6727938261500499,0.21759703006791223,0.5000114639393404,0.49998853579780933,0.6248790293127514,0.5000000000007699,0.4999999999999999,0.4999999999999999,0.49999999999922984
810,0.6358637925681472,0.3093173865633241,0.5000114639393404,0.49998853579780933,0.6034645513586055,0.5000000000011083,0.4999999999999999,0.4999999999999999,0.49999999999889655
811,0.6615092747904531,0.2498108872051232,0.5000114639393404,0.49998853579780933,0.6182980894274313,0.4999999999991149,0.4999999999999999,0.4999999999999999,0.5000000000008873
812,0.6482791286356512,0.2823724104903543,0.5000114639393404,0.49998853579780933,0.5453215446293067,0.49999999999330635,0.4999999999999999,0.4999999999999999,0.5000000000066956
813,0.6631366317008137,0.24545836244972544,0.5000114639393404,0.49998853579780933,0.5534480827097745,0.4999999999931791,0.4999999999999999,0.4999999999999999,0.5000000000068225
814,0.7066151336622153,0.026363855551292625,0.5000114639393404,0.49998853579780933,0.644807422435643,0.5000000000000905,0.4999999999999999,0.4999999999999999,0.49999999999990946
815,0.5963118431296864,0.3800160335344805,0.5000114639393404,0.49998853579780933,0.5177615932601423,0.5000000000090778,0.4999999999999999,0.4999999999999999,0.4999999999909255
816,0.09173359270603003,0.7011311916961347,0.5000114639393404,0.49998853579780933,0.36694669152296927,0.4999999999881363,0.4999999999999999,0.4999999999999999,0.5000000000118616
817,0.5426252536908897,0.4533848667907658,0.5000114639393404,0.49998853579780933,0.5512189020456361,0.4999999999983041,0.4999999999999999,0.4999999999999999,0.5000000000016985
818,0.2199797366932247,0.6720185386310915,0.5000114639393404,0.49998853579780933,0.36919460061342185,0.49999999999537126,0.4999999999999999,0.4999999999999999,0.5000000000046289
819,0.47322174661470834,0.5254152439080229,0.5000114639393404,0.49998853579780933,0.457729889325458,0.500000000005633,0.4999999999999999,0.4999999999999999,0.49999999999436956
820,0.6791722788157353,0.19678672640258613,0.5000114639393404,0.49998853579780933,0.5622619269353049,0.5000000000083892,0.4999999999999999,0.4999999999999999,0.4999999999916161
821,0.6352480473394382,0.31057997094377726,0.5000114639393404,0.49998853579780933,0.5383627758593545,0.5000000000088144,0.4999999999999999,0.4999999999999999,0.4999999999911925
822,0.04230555008822527,0.7058400955115375,0.5000114639393404,0.49998853579780933,0.35830926075677405,0.4999999999963039,0.4999999999999999,0.4999999999999999,0.5000000000036999
823,0.0723223468856789,0.7033985201441283,0.5000114639393404,0.49998853579780933,0.35137911183113096,0.4999999999887099,0.4999999999999999,0.4999999999999999,0.5000000000112923
824,0.7068824988840408,0.01780822201825054,0.5000114639393404,0.49998853579780933,0.6449643572741909,0.4999999999999358,0.4999999999999999,0.4999999999999999,0.5000000000000616
825,0.6453479958908167,0.28900858845319205,0.5000114639393404,0.49998853579780933,0.6089362479486714,0.5000000000010306,0.4999999999999999,0.4999999999999999,0.49999999999896966
826,0.5498873071363127,0.44454915301952247,0.5000114639393404,0.49998853579780933,0.49424901928109366,0.500000000006018,0.4999999999999999,0.4999999999999999,0.4999999999939826
827,0.5259802077730853,0.4725937203900164,0.5000114639393404,0.49998853579780933,0.5421759991633486,0.50000000000179,0.4999999999999999,0.4999999999999999,0.4999999999982076
828,0.7071607917350909,0.0,0.5000114639393404,0.49998853579780933,0.577839825423589,0.5000000000077055,0.4999999999999999,0.4999999999999999,0.49999999999229516
829,0.1685996848461118,0.6867125645201142,0.5000114639393404,0.49998853579780933,0.3860505556527872,0.4999999999967436,0.4999999999999999,0.4999999999999999,0.5000000000032568
830,0.06809897176784721,0.7038199557018507,0.5000114639393404,0.49998853579780933,0.3510269439288568,0.4999999999959056,0.4999999999999999,0.4999999999999999,0.5000000000040877
831,0.5978708687514984,0.37755850447094036,0.5000114639393404,0.49998853579780933,0.5818058953267096,0.5000000000167688,0.4999999999999999,0.4999999999999999,0.4999999999832359
832,0.19480182496073065,0.6797442579045717,0.5000114639393404,0.49998853579780933,0.36432360578824247,0.4999999999954766,0.4999999999999999,0.4999999999999999,0.500000000004522
833,0.4840484387424388,0.5154581544131455,0.5000114639393404,0.49998853579780933,0.46254760999030725,0.5000000000056953,0.4999999999999999,0.4999999999999999,0.49999999999430345
834,0.6109007685493766,0.3560902287142694,0.5000114639393404,0.49998853579780933,0.5892186929100535,0.49999999998590505,0.4999999999999999,0.4999999999999999,0.5000000000140948
835,0.28241864895292174,0.6482589812132249,0.5000114639393404,0.49998853579780933,0.4258245694821658,0.5000000000028405,0.4999999999999999,0.4999999999999999,0.4999999999971616
836,0.6526475322877636,0.27212349879914843,0.5000114639393404,0.49998853579780933,0.6131567650029309,0.5000000000009629,0.4999999999999999,0.4999999999999999,0.4999999999990348
837,0.6917602487678012,0.1465188230692141,0.5000114639393404,0.49998853579780933,0.636029295726,0.49999999999949263,0.4999999999999999,0.4999999999999999,0.5000000000005068
838,0.6974074247004639,0.11671714236156228,0.5000114639393404,0.49998853579780933,0.5723797278850079,0.49999999999271394,0.4999999999999999,0.4999999999999999,0.5000000000072874
839,0.4054849482372654,0.5792943636650726,0.5000114639393404,0.49998853579780933,0.4804481651232561,0.50000000000235,0.4999999999999999,0.4999999999999999,0.49999999999765105
840,0.7054946699365635,0.04772075744476161,0.5000114639393404,0.49998853579780933,0.6441382124805758,0.49999999999982914,0.4999999999999999,0.4999999999999999,0.5000000000001735
841,0.3329570893949908,0.6238105294250947,0.5000114639393404,0.49998853579780933,0.447049561268106,0.4999999999973582,0.4999999999999999,0.4999999999999999,0.5000000000026429
842,0.291201295313303,0.6443615500183099,0.5000114639393404,0.49998853579780933,0.4293317021142468,0.5000000000028005,0.4999999999999999,0.4999999999999999,0.49999999999719197
843,0.6985946817690344,0.10938679355398649,0.5000114639393404,0.49998853579780933,0.6400726794765593,0.5000000000003718,0.4999999999999999,0.4999999999999999,0.4999999999996292
844,0.6812142350479132,0.18959737858968692,0.5000114639393404,0.49998853579780933,0.5633798344492462,0.4999999999916411,0.4999999999999999,0.4999999999999999,0.5000000000083538
845,0.5248758997828626,0.47381989175965417,0.5000114639393404,0.49998853579780933,0.5416230236186632,0.4999999999982099,0.4999999999999999,0.4999999999999999,0.5000000000017905
846,0.03247465297802796,0.7063606758283444,0.5000114639393404,0.49998853579780933,0.35156549835301826,0.5000000000039586,0.4999999999999999,0.4999999999999999,0.49999999999604117
847,0.5378442330360069,0.4590463821771243,0.5000114639393404,0.49998853579780933,0.4882484265537575,0.5000000000094236,0.4999999999999999,0.4999999999999999,0.4999999999905736
848,0.6697409705781376,0.22681938261324164,0.5000114639393404,0.49998853579780933,0.6230880137655748,0.500000000000801,0.4999999999999999,0.4999999999999999,0.49999999999919714
849,0.1826710915110875,0.6831041498364792,0.5000114639393404,0.49998853579780933,0.3620191546193306,0.49999999999551537,0.4999999999999999,0.4999999999999999,0.5000000000044842
850,0.15074248886330702,0.6908521617036539,0.5000114639393404,0.49998853579780933,0.38096843062602137,0.49999999998793854,0.4999999999999999,0.4999999999999999,0.5000000000120671
851,0.7070012153930852,0.012218078110011707,0.5000114639393404,0.49998853579780933,0.5777451234854094,0.499999999992275,0.4999999999999999,0.4999999999999999,0.5000000000077273
852,0.20683143147820246,0.676181015762349,0.5000114639393404,0.49998853579780933,0.36652009220052917,0.5000000000108101,0.4999999999999999,0.4999999999999999,0.49999999998919
853,0.4295496857273153,0.5616823546200894,0.5000114639393404,0.49998853579780933,0.4921753965769724,0.4999999999977512,0.4999999999999999,0.4999999999999999,0.5000000000022521
854,0.5859559490712998,0.3957974554591636,0.5000114639393404,0.49998853579780933,0.512443317224157,0.500000000006233,0.4999999999999999,0.4999999999999999,0.4999999999937635
855,0.02519529546414773,0.7066577704464279,0.5000114639393404,0.49998853579780933,0.3520839959570925,0.4999999999960688,0.4999999999999999,0.4999999999999999,0.5000000000039239
856,0.4081959060463673,0.5773873070019705,0.5000114639393404,0.49998853579780933,0.48176702328887466,0.5000000000023382,0.4999999999999999,0.4999999999999999,0.4999999999976643
857,0.16237420617152604,0.6882111719306575,0.5000114639393404,0.49998853579780933,0.38420421339207556,0.49999999999672134,0.4999999999999999,0.4999999999999999,0.5000000000032812
858,0.015379517065460792,0.7069395150249085,0.5000114639393404,0.49998853579780933,0.3524807346557396,0.5000000000038978,0.4999999999999999,0.4999999999999999,0.4999999999961039
859,0.7033136765260455,0.0731428726673193,0.5000114639393404,0.49998853579780933,0.5756780554149247,0.5000000000074372,0.4999999999999999,0.4999999999999999,0.4999999999925599
860,0.46657135252025544,0.531329627451191,0.5000114639393404,0.49998853579780933,0.5108778387903625,0.5000000000020838,0.4999999999999999,0.4999999999999999,0.4999999999979183
861,0.47402325032789466,0.5246922508943441,0.5000114639393404,0.49998853579780933,0.5147500533253512,0.500000000002039,0.4999999999999999,0.4999999999999999,0.4999999999979564
862,0.7048863629012098,0.05599299463370568,0.5000114639393404,0.49998853579780933,0.5765711114475041,0.5000000000078988,0.4999999999999999,0.4999999999999999,0.4999999999921001
863,0.6886545704959266,0.1604832780543455,0.5000114639393404,0.49998853579780933,0.567497346422148,0.5000000000071315,0.4999999999999999,0.4999999999999999,0.49999999999286615
864,0.6111336754076003,0.3556903670640248,0.5000114639393404,0.49998853579780933,0.5254995923024158,0.4999999999935956,0.4999999999999999,0.4999999999999999,0.5000000000064078
865,0.37726121881254937,0.5980585028072686,0.5000114639393404,0.49998853579780933,0.4670405813338806,0.5000000000024688,0.4999999999999999,0.4999999999999999,0.49999999999753336
866,0.5652565410788726,0.4248353125242181,0.5000114639393404,0.49998853579780933,0.5636343912070964,0.5000000000015734,0.4999999999999999,0.4999999999999999,0.4999999999984279
867,0.6549180073640228,0.266612834706687,0.5000114639393404,0.49998853579780933,0.5489517814243124,0.4999999999932534,0.4999999999999999,0.4999999999999999,0.5000000000067443
868,0.46983554231998814,0.5284454211864134,0.5000114639393404,0.49998853579780933,0.45613185036075227,0.5000000000056265,0.4999999999999999,0.4999999999999999,0.49999999999437683
869,0.03625107374539011,0.7061769322572837,0.5000114639393404,0.49998853579780933,0.35139461392525395,0.5000000000039789,0.4999999999999999,0.4999999999999999,0.49999999999602324
870,0.6592548898044945,0.2557009782321119,0.5000114639393404,0.49998853579780933,0.5513246874800681,0.5000000000067817,0.4999999999999999,0.4999999999999999,0.4999999999932137
871,0.4250851167190571,0.5650687069232802,0.5000114639393404,0.49998853579780933,0.4899906891788415,0.5000000000022693,0.4999999999999999,0.4999999999999999,0.4999999999977332
872,0.5509130566419836,0.44327735090594966,0.5000114639393404,0.49998853579780933,0.49470990561437955,0.49999999999397116,0.4999999999999999,0.4999999999999999,0.5000000000060267
873,0.6710990877519987,0.22276897281335353,0.5000114639393404,0.49998853579780933,0.557784786523343,0.5000000000084727,0.4999999999999999,0.4999999999999999,0.49999999999152994
874,0.6977643890570384,0.1145637698570284,0.5000114639393404,0.49998853579780933,0.6395587362616475,0.5000000000004029,0.4999999999999999,0.4999999999999999,0.4999999999995936
875,0.46553035172934615,0.5322419516415601,0.5000114639393404,0.49998853579780933,0.4541381461275013,0.5000000000056055,0.4999999999999999,0.4999999999999999,0.49999999999438877
876,0.18345331708990045,0.6828944870539786,0.5000114639393404,0.49998853579780933,0.39055841162225813,0.5000000000032049,0.4999999999999999,0.4999999999999999,0.49999999999679945
877,0.6509333746824406,0.2761987359213026,0.5000114639393404,0.49998853579780933,0.5467976573104549,0.4999999999913243,0.4999999999999999,0.4999999999999999,0.5000000000086721
878,0.26248215275947034,0.6565844343896335,0.5000114639393404,0.49998853579780933,0.3796414638680927,0.4999999999952204,0.4999999999999999,0.4999999999999999,0.5000000000047806
879,0.35747719503312325,0.6100902023727727,0.5000114639393404,0.49998853579780933,0.41005725949577976,0.49999999999486255,0.4999999999999999,0.4999999999999999,0.5000000000051379
880,0.15996431925695048,0.6887753019415369,0.5000114639393404,0.49998853579780933,0.3836427724666319,0.5000000000032788,0.4999999999999999,0.4999999999999999,0.4999999999967163
881,0.011451658945959573,0.7070140447737837,0.5000114639393404,0.49998853579780933,0.3545886513127741,0.4999999999961946,0.4999999999999999,0.4999999999999999,0.5000000000038061
882,0.6879814177880936,0.16334493802467573,0.5000114639393404,0.49998853579780933,0.6337950415080257,0.49999999999942896,0.4999999999999999,0.4999999999999999,0.5000000000005719
883,0.4822079199274973,0.5171803607562082,0.5000114639393404,0.49998853579780933,0.46175113852994487,0.4999999999943165,0.4999999999999999,0.4999999999999999,0.5000000000056801
884,0.43221877651560797,0.5596310652808233,0.5000114639393404,0.49998853579780933,0.4395988413154568,0.5000000000054553,0.4999999999999999,0.4999999999999999,0.49999999999454303
885,0.44803330258823076,0.5470522459252734,0.5000114639393404,0.49998853579780933,0.44647493845098124,0.5000000000055237,0.4999999999999999,0.4999999999999999,0.49999999999447936
886,0.6730934239221686,0.21666850872411228,0.5000114639393404,0.49998853579780933,0.6250452681950491,0.4999999999992322,0.4999999999999999,0.4999999999999999,0.5000000000007669
887,0.009579507134388484,0.7070418944397553,0.5000114639393404,0.49998853579780933,0.3543624789547039,0.49999999999618744,0.4999999999999999,0.4999999999999999,0.5000000000038117
888,0.14465276375022337,0.6921528573511966,0.5000114639393404,0.49998853579780933,0.3792035388001096,0.49999999999665357,0.4999999999999999,0.4999999999999999,0.5000000000033505
889,0.20730822611959845,0.6760349838456127,0.5000114639393404,0.49998853579780933,0.36679050278484066,0.5000000000045607,0.4999999999999999,0.4999999999999999,0.49999999999543193
890,0.3695809299592768,0.6028349214854245,0.5000114639393404,0.49998853579780933,0.4633979316305563,0.4999999999974985,0.4999999999999999,0.4999999999999999,0.5000000000025054
891,0.46588950350030994,0.5319275989533111,0.5000114639393404,0.49998853579780933,0.45433682527217084,0.49999999999439354,0.4999999999999999,0.4999999999999999,0.5000000000056065
892,0.35788740245292916,0.6098496594780557,0.5000114639393404,0.49998853579780933,0.410191340592441,0.5000000000051461,0.4999999999999999,0.4999999999999999,0.4999999999948595
893,0.5017151946744541,0.49827890497716193,0.5000114639393404,0.49998853579780933,0.4708576573459174,0.5000000000096099,0.4999999999999999,0.4999999999999999,0.4999999999903881
894,0.0869167610389851,0.7017445950276274,0.5000114639393404,0.49998853579780933,0.35188151422223113,0.4999999999958589,0.4999999999999999,0.4999999999999999,0.500000000004138
895,0.7004342674063134,0.09691149169987244,0.5000114639393404,0.49998853579780933,0.6411502702975641,0.49999999999966666,0.4999999999999999,0.4999999999999999,0.5000000000003352
896,0.6538514379263273,0.2692179489022174,0.5000114639393404,0.49998853579780933,0.5483816248320709,0.5000000000067308,0.4999999999999999,0.4999999999999999,0.4999999999932678
897,0.12736635541667807,0.6955413801549651,0.5000114639393404,0.49998853579780933,0.3546976724778493,0.4999999999957179,0.4999999999999999,0.4999999999999999,0.5000000000042835
898,0.6814473316663727,0.18875787179554615,0.5000114639393404,0.49998853579780933,0.5634852234411316,0.49999999999296424,0.4999999999999999,0.4999999999999999,0.5000000000070391
899,0.013694977135158451,0.7069741544430408,0.5000114639393404,0.49998853579780933,0.35278124950948153,0.5000000000038841,0.4999999999999999,0.4999999999999999,0.4999999999961179
900,0.5079537789679246,0.49191763378863096,0.5000114639393404,0.49998853579780933,0.4737877327097039,0.49999999999419287,0.4999999999999999,0.4999999999999999,0.5000000000058081
901,0.487754670633918,0.5119525185745203,0.5000114639393404,0.49998853579780933,0.46430289984831336,0.4999999999903262,0.4999999999999999,0.4999999999999999,0.5000000000096704
902,0.5668014051206697,0.4227720108113332,0.5000114639393404,0.49998853579780933,0.5026471599906188,0.49999999999387795,0.4999999999999999,0.4999999999999999,0.5000000000061225
903,0.2175289796529335,0.6728158366896678,0.5000114639393404,0.49998853579780933,0.3686959053710971,0.4999999999953815,0.4999999999999999,0.4999999999999999,0.500000000004616
904,0.424722000858217,0.5653416860510037,0.5000114639393404,0.49998853579780933,0.4898354649710117,0.5000000000022661,0.4999999999999999,0.4999999999999999,0.49999999999773287
905,0.08145876609991214,0.7023990813102419,0.5000114639393404,0.49998853579780933,0.3647688541057979,0.5000000000035582,0.4999999999999999,0.4999999999999999,0.49999999999643396
906,0.14569092584400614,0.6919350794162098,0.5000114639393404,0.49998853579780933,0.3796363040271647,0.4999999999966647,0.4999999999999999,0.4999999999999999,0.5000000000033358
907,0.5346160190793482,0.4628020263480782,0.5000114639393404,0.49998853579780933,0.48664860623412315,0.5000000000059388,0.4999999999999999,0.4999999999999999,0.49999999999405487
908,0.5375538287647607,0.45938641814962494,0.5000114639393404,0.49998853579780933,0.5484085582549196,0.5000000000017295,0.4999999999999999,0.4999999999999999,0.4999999999982664
909,0.31707228227657885,0.6320325686322802,0.5000114639393404,0.49998853579780933,0.4401269613020799,0.5000000000027088,0.4999999999999999,0.4999999999999999,0.4999999999972878
910,0.4393160133497089,0.5540771069215202,0.5000114639393404,0.49998853579780933,0.4426648368806589,0.499999999994516,0.4999999999999999,0.4999999999999999,0.5000000000054875
911,0.04391653285380357,0.7057416989290193,0.5000114639393404,0.49998853579780933,0.3512904670285313,0.5000000000039982,0.4999999999999999,0.4999999999999999,0.49999999999600153
912,0.4261878742679283,0.564237446317586,0.5000114639393404,0.49998853579780933,0.49053577315102437,0.499999999997741,0.4999999999999999,0.4999999999999999,0.5000000000022654
913,0.015601568009341977,0.7069346441357096,0.5000114639393404,0.49998853579780933,0.3521720714039462,0.4999999999960902,0.4999999999999999,0.4999999999999999,0.5000000000039099
914,0.3236879661246408,0.6286701060901448,0.5000114639393404,0.49998853579780933,0.44299304489824975,0.5000000000026799,0.4999999999999999,0.4999999999999999,0.4999999999973175
915,0.7058354441639598,0.042383171177426134,0.5000114639393404,0.49998853579780933,0.5770877157219033,0.4999999999924506,0.4999999999999999,0.4999999999999999,0.5000000000075543
916,0.1145880544799859,0.6977604014061674,0.5000114639393404,0.49998853579780933,0.35339491651219423,0.49999999999575667,0.4999999999999999,0.4999999999999999,0.5000000000042475
917,0.0921922516179954,0.7010710297406437,0.5000114639393404,0.49998853579780933,0.36683201660267695,0.50000000000353,0.4999999999999999,0.4999999999999999,0.4999999999964726
918,0.5974062292480424,0.3782932688478975,0.5000114639393404,0.49998853579780933,0.5183953801192154,0.500000000006298,0.4999999999999999,0.4999999999999999,0.4999999999936944
919,0.32801601212289183,0.6264227771968354,0.5000114639393404,0.49998853579780933,0.4448972794226304,0.4999999999973388,0.4999999999999999,0.4999999999999999,0.5000000000026625
920,0.7055813980322441,0.04642080084259013,0.5000114639393404,0.49998853579780933,0.5769492427721382,0.49999999999246947,0.4999999999999999,0.4999999999999999,0.5000000000075342
921,0.6973743339452664,0.11691466270061283,0.5000114639393404,0.49998853579780933,0.6393340953644651,0.500000000014976,0.4999999999999999,0.4999999999999999,0.4999999999850262
922,0.6063936892066507,0.363712386481043,0.5000114639393404,0.49998853579780933,0.5866313859317387,0.5000000000013203,0.4999999999999999,0.4999999999999999,0.49999999999867184
923,0.6294114457337936,0.3222440668363356,0.5000114639393404,0.49998853579780933,0.5351885658390266,0.5000000000088416,0.4999999999999999,0.4999999999999999,0.4999999999911563
924,0.5393568053931703,0.4572682325244856,0.5000114639393404,0.49998853579780933,0.48890834509371484,0.5000000000059696,0.4999999999999999,0.4999999999999999,0.49999999999402395
925,0.33410047823361,0.6231989011897218,0.5000114639393404,0.49998853579780933,0.4475214922801626,0.49999999999736255,0.4999999999999999,0.4999999999999999,0.5000000000026411
926,0.30955245279918325,0.6357493837716316,0.5000114639393404,0.49998853579780933,0.4368345181055974,0.5000000000027455,0.4999999999999999,0.4999999999999999,0.4999999999972546
927,0.7047607119345278,0.0575529227192871,0.5000114639393404,0.49998853579780933,0.6437133915940709,0.5000000000001867,0.4999999999999999,0.4999999999999999,0.49999999999980815
928,0.5165412280804136,0.4828924928937917,0.5000114639393404,0.49998853579780933,0.47789625080203635,0.5000000000095361,0.4999999999999999,0.4999999999999999,0.4999999999904666
929,0.42248395600958266,0.567016148702115,0.5000114639393404,0.49998853579780933,0.43554526944474725,0.4999999999945926,0.4999999999999999,0.4999999999999999,0.5000000000054077
930,0.1711312169435639,0.686086078118053,0.5000114639393404,0.49998853579780933,0.3600493867476089,0.49999999999554945,0.4999999999999999,0.4999999999999999,0.500000000004447
931,0.02848274564618504,0.70653289605914,0.5000114639393404,0.49998853579780933,0.3516374914279124,0.4999999999960461,0.4999999999999999,0.4999999999999999,0.5000000000039517
932,0.23082311252010002,0.6683716710981499,0.5000114639393404,0.49998853579780933,0.3719066057583314,0.49999999998926675,0.4999999999999999,0.4999999999999999,0.5000000000107335
933,0.7022377878427563,0.08283772953682873,0.5000114639393404,0.49998853579780933,0.6422136140038768,0.499999999999712,0.4999999999999999,0.4999999999999999,0.5000000000002882
934,0.6432434901458063,0.2936627643449364,0.5000114639393404,0.49998853579780933,0.542651121031091,0.5000000000066388,0.4999999999999999,0.4999999999999999,0.4999999999933576
935,0.7019606151897714,0.08515453436191428,0.5000114639393404,0.49998853579780933,0.574928892306648,0.500000000007388,0.4999999999999999,0.4999999999999999,0.49999999999260897
936,0.7070875691621176,0.005212440583605165,0.5000114639393404,0.49998853579780933,0.6450867935683425,0.4999999999999971,0.4999999999999999,0.4999999999999999,0.500000000000004
937,0.5832029713825011,0.39984283683795174,0.5000114639393404,0.49998853579780933,0.5110257378222905,0.5000000000062161,0.4999999999999999,0.4999999999999999,0.49999999999378336
938,0.6358073886458256,0.3094332957898521,0.5000114639393404,0.49998853579780933,0.6034384427600428,0.5000000000011029,0.4999999999999999,0.4999999999999999,0.4999999999988914
939,0.4179203488150345,0.5703881030108704,0.5000114639393404,0.49998853579780933,0.4865928193999047,0.5000000000176741,0.4999999999999999,0.4999999999999999,0.49999999998233025
940,0.46373978308922154,0.533802785287188,0.5000114639393404,0.49998853579780933,0.45330672888240015,0.49999999999439476,0.4999999999999999,0.4999999999999999,0.5000000000056034
941,0.4526362803730661,0.5432498514150157,0.5000114639393404,0.49998853579780933,0.4484483220143153,0.4999999999944511,0.4999999999999999,0.4999999999999999,0.5000000000055475
942,0.6694423404177983,0.2276992596736698,0.5000114639393404,0.49998853579780933,0.622940808121928,0.5000000000007973,0.4999999999999999,0.4999999999999999,0.4999999999991996
943,0.08159236184497576,0.7023835750418452,0.5000114639393404,0.49998853579780933,0.3648624305517699,0.5000000000035625,0.4999999999999999,0.4999999999999999,0.4999999999964425
944,0.7049236783471848,0.05552123699253624,0.5000114639393404,0.49998853579780933,0.643805585691587,0.49999999999980943,0.4999999999999999,0.4999999999999999,0.5000000000001892
945,0.06009315230632367,0.7045486591044573,0.5000114639393404,0.49998853579780933,0.35120847788597775,0.49999999999594713,0.4999999999999999,0.4999999999999999,0.5000000000040529
946,0.3192422891916514,0.6309392687031564,0.5000114639393404,0.49998853579780933,0.3967686125574009,0.5000000000049876,0.4999999999999999,0.4999999999999999,0.4999999999950125
947,0.6403401640809275,0.2999407872314192,0.5000114639393404,0.49998853579780933,0.5410611986347481,0.5000000000066216,0.4999999999999999,0.4999999999999999,0.49999999999337646
948,0.08287157812305963,0.7022337993422347,0.5000114639393404,0.49998853579780933,0.36525616169926395,0.4999999999964553,0.4999999999999999,0.4999999999999999,0.5000000000035459
949,0.1966815585976176,0.6792027418286929,0.5000114639393404,0.49998853579780933,0.364412673907988,0.4999999999891613,0.4999999999999999,0.4999999999999999,0.5000000000108411
950,0.6972739750069195,0.11751171762017543,0.5000114639393404,0.49998853579780933,0.5723055900305145,0.4999999999918923,0.4999999999999999,0.4999999999999999,0.5000000000081019
951,0.6897098947874655,0.15588540994032107,0.5000114639393404,0.49998853579780933,0.634816217280264,0.49999999999945793,0.4999999999999999,0.4999999999999999,0.5000000000005409
952,0.4965840079368785,0.5033928118888357,0.5000114639393404,0.49998853579780933,0.5264279231582275,0.5000000000134367,0.4999999999999999,0.4999999999999999,0.499999999986566
953,0.7037946585528856,0.06835992014670753,0.5000114639393404,0.49998853579780933,0.5759461651412765,0.4999999999920752,0.4999999999999999,0.4999999999999999,0.500000000007926
954,0.35924260189172197,0.6090523453722813,0.5000114639393404,0.49998853579780933,0.41064296036884,0.49999999999485095,0.4999999999999999,0.4999999999999999,0.5000000000051508
955,0.5552831084325565,0.4377906685728615,0.5000114639393404,0.49998853579780933,0.5581490280778453,0.5000000000016276,0.4999999999999999,0.4999999999999999,0.4999999999983679
956,0.467629102365442,0.5303989278089524,0.5000114639393404,0.49998853579780933,0.4550906915227276,0.5000000000056116,0.4999999999999999,0.4999999999999999,0.4999999999943838
957,0.6084321110377224,0.360292056890214,0.5000114639393404,0.49998853579780933,0.5240914217016184,0.5000000000063868,0.4999999999999999,0.4999999999999999,0.49999999999361394
958,0.033486557912232415,0.7063134222419915,0.5000114639393404,0.49998853579780933,0.35182012834318416,0.4999999999960513,0.4999999999999999,0.4999999999999999,0.500000000003952
959,0.6679899568559081,0.23192547203369748,0.5000114639393404,0.49998853579780933,0.6221152464098669,0.5000000000008056,0.4999999999999999,0.4999999999999999,0.4999999999991882
960,0.004831111665590183,0.7070902773762882,0.5000114639393404,0.49998853579780933,0.3534672941737991,0.4999999999884678,0.4999999999999999,0.4999999999999999,0.500000000011534
961,0.49196757267658964,0.5079054118974435,0.5000114639393404,0.49998853579780933,0.5240697227971097,0.4999999999980424,0.4999999999999999,0.4999999999999999,0.5000000000019652
962,0.7061982773614893,0.03583284877957992,0.5000114639393404,0.49998853579780933,0.6445579176464347,0.5000000000001237,0.4999999999999999,0.4999999999999999,0.4999999999998719
963,0.5859795742228517,0.39576247749578547,0.5000114639393404,0.49998853579780933,0.5751474962169238,0.49999999999854655,0.4999999999999999,0.4999999999999999,0.5000000000014504
964,0.2808187337022686,0.648953649193725,0.5000114639393404,0.49998853579780933,0.4251209422181661,0.49999999999714856,0.4999999999999999,0.4999999999999999,0.5000000000028496
965,0.4950364071150881,0.5049148003679268,0.5000114639393404,0.49998853579780933,0.5256733439913766,0.4999999999980512,0.4999999999999999,0.4999999999999999,0.5000000000019476
966,0.6887157990806266,0.1602203337705229,0.5000114639393404,0.49998853579780933,0.5675302812352657,0.49999999999286987,0.4999999999999999,0.4999999999999999,0.5000000000071341
967,0.6835304577494057,0.18106936054696404,0.5000114639393404,0.49998853579780933,0.6311826361764752,0.4999999999993677,0.4999999999999999,0.4999999999999999,0.5000000000006309
968,0.504373616052985,0.4955877878132482,0.5000114639393404,0.49998853579780933,0.5306793607546839,0.5000000000018906,0.4999999999999999,0.4999999999999999,0.4999999999981027
969,0.21542903836818747,0.6734911502222982,0.5000114639393404,0.49998853579780933,0.3683946611856525,0.4999999999953959,0.4999999999999999,0.4999999999999999,0.5000000000046005
970,0.6569854589675709,0.2614767804321782,0.5000114639393404,0.49998853579780933,0.615658113001243,0.5000000000009355,0.4999999999999999,0.4999999999999999,0.499999999999072
971,0.5781595609598009,0.40710136584242285,0.5000114639393404,0.49998853579780933,0.5083791165478385,0.5000000000061969,0.4999999999999999,0.4999999999999999,0.4999999999937991
972,0.5517445106611637,0.44224200948719805,0.5000114639393404,0.49998853579780933,0.556172600437259,0.4999999999983472,0.4999999999999999,0.4999999999999999,0.5000000000016549
973,0.6095514551032826,0.3583950753067654,0.5000114639393404,0.49998853579780933,0.5884101957646206,0.5000000000013074,0.4999999999999999,0.4999999999999999,0.4999999999986956
974,0.29755906087990225,0.64145039191528,0.5000114639393404,0.49998853579780933,0.38984399030541633,0.49999999999508965,0.4999999999999999,0.4999999999999999,0.5000000000049062
975,0.24443117888995627,0.6635159371005822,0.5000114639393404,0.49998853579780933,0.37498055476631914,0.4999999999952858,0.4999999999999999,0.4999999999999999,0.5000000000047119
976,0.28666656308508304,0.6463917412214134,0.5000114639393404,0.49998853579780933,0.38648973319518387,0.4999999999951297,0.4999999999999999,0.4999999999999999,0.5000000000048735
977,0.019113480357072964,0.7068484153738357,0.5000114639393404,0.49998853579780933,0.35219404809872223,0.500000000003916,0.4999999999999999,0.4999999999999999,0.49999999999608874
978,0.6679233214765787,0.23211729066938744,0.5000114639393404,0.49998853579780933,0.5560757501148496,0.4999999999931331,0.4999999999999999,0.4999999999999999,0.5000000000068691
979,0.5643604987633049,0.42602491410201687,0.5000114639393404,0.49998853579780933,0.5014134280191576,0.5000000000092725,0.4999999999999999,0.4999999999999999,0.4999999999907248
980,0.4658402609923941,0.5319707240427163,0.5000114639393404,0.49998853579780933,0.5105223675527638,0.5000000000020788,0.4999999999999999,0.4999999999999999,0.499999999997915
981,0.601910973868526,0.37108379899802135,0.5000114639393404,0.49998853579780933,0.5206925616067897,0.4999999999936586,0.4999999999999999,0.4999999999999999,0.5000000000063403
982,0.5167315147088506,0.4826888700840372,0.5000114639393404,0.49998853579780933,0.5372489421928821,0.5000000000018294,0.4999999999999999,0.4999999999999999,0.4999999999981661
983,0.4804853821383701,0.5187810689986129,0.5000114639393404,0.49998853579780933,0.4609199780411178,0.5000000000056778,0.4999999999999999,0.4999999999999999,0.49999999999432143
984,0.4667717464916054,0.5311535937512788,0.5000114639393404,0.49998853579780933,0.5109231193617766,0.5000000000020894,0.4999999999999999,0.4999999999999999,0.49999999999791234
985,0.36315764806597595,0.606726068873913,0.5000114639393404,0.49998853579780933,0.46050400905192457,0.4999999999974733,0.4999999999999999,0.4999999999999999,0.5000000000025304
986,0.3294463182756783,0.6256717377144345,0.5000114639393404,0.49998853579780933,0.44546443277319636,0.5000000000026582,0.4999999999999999,0.4999999999999999,0.4999999999973417
987,0.34447637449378227,0.6175241122664338,0.5000114639393404,0.49998853579780933,0.4519754574426549,0.49999999999739225,0.4999999999999999,0.4999999999999999,0.5000000000026114
988,0.4289762516918986,0.562120427919474,0.5000114639393404,0.49998853579780933,0.49194582261595216,0.5000000000022502,0.4999999999999999,0.4999999999999999,0.4999999999977537
989,0.09194828284944785,0.7011030742111695,0.5000114639393404,0.49998853579780933,0.3667346304982121,0.5000000000035297,0.4999999999999999,0.4999999999999999,0.4999999999964639
990,0.7064453956387517,0.030576183461077516,0.5000114639393404,0.49998853579780933,0.6447059542500263,0.5000000000001042,0.4999999999999999,0.4999999999999999,0.4999999999998957
991,0.7033717755749755,0.07258199035919097,0.5000114639393404,0.49998853579780933,0.5757080599414776,0.4999999999920581,0.4999999999999999,0.4999999999999999,0.5000000000079374
992,0.3828106853938096,0.594521638923536,0.5000114639393404,0.49998853579780933,0.4696285987924733,0.5000000000024494,0.4999999999999999,0.4999999999999999,0.49999999999755634
993,0.5960300002821062,0.38045793297512925,0.5000114639393404,0.49998853579780933,0.5807427030476219,0.5000000000013963,0.4999999999999999,0.4999999999999999,0.4999999999985993
994,0.6896461927904026,0.1561669900129354,0.5000114639393404,0.49998853579780933,0.6347887680314335,0.5000000000005381,0.4999999999999999,0.4999999999999999,0.49999999999945943
995,0.6875661615054866,0.16508414082705763,0.5000114639393404,0.49998853579780933,0.5668755613303569,0.4999999999928751,0.4999999999999999,0.4999999999999999,0.5000000000071216
996,0.6547026415698188,0.2671412568689118,0.5000114639393404,0.49998853579780933,0.5488614726377022,0.49999999999135636,0.4999999999999999,0.4999999999999999,0.5000000000086444
997,0.5000365569495564,0.49996344037742174,0.5000114639393404,0.49998853579780933,0.47004499049716114,0.4999999999942319,0.4999999999999999,0.4999999999999999,0.5000000000057631
998,0.6014039404056625,0.3719049616024775,0.5000114639393404,0.49998853579780933,0.5204337728809386,0.500000000006335,0.4999999999999999,0.4999999999999999,0.4999999999936629
999,0.6774200078254052,0.20273660991007375,0.5000114639393404,0.49998853579780933,0.6275804886888328,0.5000000000007191,0.4999999999999999,0.4999999999999999,0.4999999999992825
1000,0.389755701650246,0.5899919431917099,0.5000114639393404,0.49998853579780933,0.42229670218070275,0.49999999999473066,0.4999999999999999,0.4999999999999999,0.5000000000052749
