traj,F_phi_plus,F_phi_minus,F_psi_plus,F_psi_minus,F_plusplus,F_ee,F_eg,F_ge,F_gg
1,0.08589423690843263,0.08472940524578108,0.7020120567958321,0.7018704866753812,0.5107966759669003,0.000826329126197793,0.18239093364837863,0.9757953962155818,0.12064911614910799
2,0.0038593190301240395,0.0020025246583249977,0.707103945608422,0.7070962492169147,0.5004286618884619,0.0013120103134001047,0.9999428639921345,0.009765464803861973,0.004145247558470902
3,0.7070675586269317,0.7070675498815407,0.007448483370097397,0.007447653143783763,0.5008863470851785,6.165283585667658e-09,0.010479965701697291,0.0010572420517450565,0.9999445247403154
4,0.18189544111298175,0.18182323512807716,0.6833303089777015,0.6833110920381104,0.5192092873709755,0.25718794244752896,0.9660536990155913,0.024384632213127626,5.0889417328004064e-05
5,0.7069038137893554,0.7069036565466552,0.01694757684656031,0.016941016795514827,0.5023871328771298,1.122156691026003e-07,0.009001242098167585,0.022208017735182006,0.999712849566792
6,0.000543116102542773,0.0003794045523486214,0.7071066794000644,0.7071065726076226,0.5000592281236725,0.0006524446062495037,0.00013550362622973068,0.9999997713579,0.00011506064035994207
7,0.0006170901057083993,3.9796215780922315e-05,0.7071067800666762,0.7071065119200991,0.5000672247170287,0.0004587022950762354,0.9999997507933824,0.00034063065828692933,0.00041470005485383263
8,0.0035019713816140303,0.0031850046232324543,0.7070996080790489,0.7070981093147096,0.5003813236360629,0.004728416087839416,0.0019053331357310526,0.9999869807390614,0.0002239180830508985
9,0.004794841466919318,0.0002977567358482582,0.7071067184951105,0.7070905242578948,0.5005426417622514,0.0031616089114136305,0.020582102290653624,0.9997766240023446,0.003617097297267787
10,0.7057744417475632,0.7057742660309189,0.0433899228911709,0.0433871503148302,0.5049616788971673,0.9981156595199833,0.061259283907414794,0.0035256710133220862,1.1817468411347566e-07
11,0.7071048622281841,0.7071048565755678,0.0016497900608116946,0.0016496253574690475,0.5001951165312281,2.671934861847047e-10,0.00232363187394662,0.00020929877958855825,0.9999972784607634
12,0.0587399559180978,0.05873104546713035,0.704663511399828,0.7046627687294422,0.506336720936539,0.08306454134098569,0.9965437231125551,0.0009433221859391948,6.326771778071075e-06
13,0.7070428931280992,0.7070428307747716,0.009509755517496742,0.00950551034713733,0.5013866167648375,3.997064241283595e-08,0.006010890570595969,0.012027442434300614,0.9999096008255178
14,0.7068560351596199,0.7068560115224543,0.018830267512280553,0.018829380192619257,0.5021231515733071,0.9996453748540078,0.001127942760494458,0.02660549338297073,1.6757975830266624e-08
15,0.7071065319603985,0.7071065318070744,0.0006001052810659131,0.0005999245914433492,0.5000807827338839,0.999999639982003,0.0008141822500449683,0.00023904628734490083,1.0920073206543202e-10
16,0.00286036818311729,0.0026425039195422627,0.7071018435650109,0.7071009958229865,0.5003119586019665,0.003891103967119932,0.0010785392756741021,0.999991836076639,0.0001544118675797291
17,0.7071067451755849,0.7071067451578493,0.00024166682065847084,0.00024161492146531298,0.5000308990815923,0.999999941609687,0.0003350812627773699,6.709075806238969e-05,1.2594154123252814e-11
18,0.05642705582625266,0.0563136381464381,0.7048608189981278,0.7048517485424379,0.5061391229482486,8.087246990325167e-05,0.011514467385167858,0.9967508106958729,0.07971970821320677
19,0.02579009625006363,0.01657414767968956,0.7069125105939402,0.7066363073997053,0.5038359363388354,0.006533875779769508,0.3789582261991073,0.9249058500008231,0.029952293697358804
20,0.7069578097635534,0.7069577973285504,0.014514571862869464,0.014513966181489906,0.5016322120710424,8.779097338863834e-09,0.02051184817264503,0.0007694772395552767,0.999789313800321
21,0.7071067801004255,0.7071067800998414,3.9202480162108406e-05,3.9191943207405454e-05,0.5000051892996176,0.9999999984635787,5.36806197877776e-05,1.3828735388062747e-05,4.1402620248642463e-13
22,0.0023265672352491425,0.0018043885590555456,0.7071044789717621,0.7071029536672145,0.5002545806312657,0.00037119276694966985,0.001936124889269549,0.999993791324346,0.0029207788519416593
23,0.7070884178501261,0.7070884047276003,0.005097832850932987,0.005096012382640821,0.5007082928205406,9.26888546727904e-09,0.0024557493863772797,0.0067769120498489405,0.9999740210415556
24,0.03510338854046211,0.03414105122492705,0.7062820885604201,0.7062349128391979,0.5040466928507711,0.0006804484123633291,0.9969964327446209,0.06000211520237864,0.048963213290427056
25,0.027567676549057164,0.027412218427618217,0.7065752403537057,0.7065691920892864,0.5030152560135379,0.00010942205149238377,0.9992146258714348,0.007663219637508323,0.038876657987171895
26,0.7071066958551222,0.7071067010338767,0.00034756807657124677,0.00034738573968425544,0.5000526702510731,6.294163017042364e-11,0.00040236963724306823,0.0002820976692783815,0.9999998792597834
27,0.029901627730013328,0.021132775613466773,0.7067909208541642,0.7064742689292681,0.504567634585021,0.036089651433183774,0.44973068278940526,0.8924133635366501,0.006183736613593618
28,0.7069016257861259,0.7069015972302384,0.017033475326705256,0.017032071538159516,0.5019738796581729,2.397824919860529e-08,0.001785684305357022,0.024021700067814976,0.9997098425329779
29,0.707106780408286,0.7071067804022113,9.251920199274375e-05,9.247276235679493e-05,0.5000138253619139,4.381503801402929e-12,0.0001104959192777858,7.001190140417156e-05,0.9999999914444961
30,0.7071066803944276,0.7071066803443201,0.00037764061884304,0.00037754678426290444,0.5000494232292158,3.475658158088213e-11,0.00012246890282400003,0.0005197647344217382,0.9999998574229859
31,0.7071038613491467,0.707103861155348,0.002032126767513974,0.002032059331724713,0.5002270239223209,1.362010531472901e-10,0.002872536163822955,8.567563495875503e-05,0.9999958705893116
32,0.013360398990001385,0.012684253854070819,0.7069930054138982,0.7069805511743862,0.5014795772778198,0.018416396952414645,0.01580257715992321,0.9997054006046583,0.0004763195331216015
33,0.7070738988422836,0.7070738962713345,0.006819472976018257,0.006819206403142142,0.5007645628497712,1.8659746717945264e-09,0.0003378738391034599,0.0096380822214872,0.999953495524844
34,0.6987209258147087,0.6987173909413651,0.10860025303046204,0.10857747385457604,0.5134772845737721,2.4977648376151347e-06,0.15071493393138788,0.029463392149902227,0.9881381063428581
35,0.008514582609668893,0.008112406442176765,0.7070602441530041,0.7070555154179704,0.5009333034484122,0.011757063235405357,0.006005155939019623,0.9999128106224192,0.0002841115601780343
36,0.7065270171304447,0.7065268653602031,0.028631949362404437,0.028628334028265142,0.5034310710864012,1.0420587860361382e-07,0.040226508190932674,0.0046041364326052485,0.9991799787658259
37,0.015382811232685669,0.015294246055842954,0.7069413596880455,0.7069394380840404,0.5016730470359052,0.021691955134610332,0.0024398632571787783,0.9997617227236938,6.265999649590181e-05
38,0.7070870219010589,0.7070869969824212,0.005289489425391207,0.005286861967536787,0.5007882737027348,0.9999720348050514,0.006379095389948872,0.0039034279615544876,1.4016207110904025e-08
39,0.07251757931825498,0.07235711557856397,0.7033949444125605,0.7033784192664851,0.5079400272588068,0.10244187982262114,0.9945169067162374,0.021018343667747817,0.00011288683148518103
40,0.014330874528473623,0.010017755855386034,0.7070358156187295,0.7069615449480045,0.5017510596378937,0.01721818957897162,0.09485831478022809,0.9953372145760285,0.0030435743381045446
41,0.006859795087228938,0.0062154407850457,0.7070794639194181,0.7070735062292759,0.5007544364760984,0.0004549992741774945,0.9999284631866956,0.0075749598696767785,0.009245618839650768
42,0.7071007344890478,0.707100728137004,0.0029257935879717883,0.0029242580340601253,0.5004417055971467,4.582472124345106e-09,0.0023850498690723226,0.003379806250544567,0.9999914441868153
43,0.011894159708939306,0.007394711960226471,0.7070681142825044,0.7070067389811852,0.501432208128798,0.013639268376910159,0.9968490286746396,0.07807599650503569,0.003181691106799996
44,0.7057207229435598,0.705720127510455,0.04426173998661195,0.04425224523156648,0.5056152020538095,0.9980393965997405,0.06137243546055842,0.012279535834742915,4.241311464573252e-07
45,0.707057940177135,0.707057944269269,0.008310890191759826,0.008310790122803783,0.500911438681086,8.243567021827041e-10,0.00012673402019256145,0.011752619568968803,0.9999309275503745
46,0.7070408293220768,0.7070407576116106,0.009662664021878747,0.009657415365916749,0.5014721551279565,0.999906679271845,0.008526123902527006,0.010674172508832366,5.095140996129147e-08
47,0.7071066919954739,0.7071066972225273,0.00035523742499970654,0.0003551552017177634,0.5000458723239622,0.999999873835569,0.00010700946153374891,0.000490793052691116,2.9599062397786557e-11
48,0.3744922258111168,0.37395752179253466,0.6001297958731984,0.5997962760863528,0.5467351548929311,0.00037724080462453333,0.5794860342711595,0.6197638911606161,0.5292338925159216
49,0.12980984315786692,0.12828680126779876,0.6953722000629744,0.6950894939641046,0.5181038508918832,0.0010769113085659266,0.9020262114449423,0.3912040581409922,0.18250188772236633
50,0.019257509665191172,0.019080406623384182,0.7068493036589084,0.7068445008072798,0.5020964997743289,0.00012551969996645957,0.006099482947434324,0.9996138668067539,0.02710899924791646
51,0.7071052672554404,0.7071052658184634,0.0014639165946727288,0.001463222337202124,0.5002164014372759,1.0116515102779552e-09,0.001006822717736313,0.0018084190386344397,0.9999978579619999
52,0.7070168720483444,0.7070168013512061,0.01128018648391922,0.011275754474886353,0.5015974361283805,0.9998727992869462,0.006075908245576051,0.014746816099797763,5.024221949718905e-08
53,0.015303599826253695,0.005709498592830357,0.7070837302794124,0.7069411572630272,0.5020356123962922,0.006803237142929785,0.9827823395221218,0.18404367574481434,0.014849730846069388
54,0.7070760123829452,0.7070760041993802,0.006597293796028497,0.006596416650443456,0.5007972093045343,0.9999564805539936,0.0011213359591391977,0.009261727901644767,5.71528155112817e-09
55,0.005575780210002813,0.005091638362009657,0.7070884493603241,0.7070847973723144,0.5006106691536732,0.00034228635008129866,0.004629222942212232,0.9999607773251841,0.007543006444004635
56,0.018835096190390338,0.017581565256846,0.7068881726009543,0.7068558828769114,0.5021462764712258,0.0008827337738154665,0.04100181565715376,0.9988268012191261,0.025750593396360443
57,0.020608165544141757,0.02055073974800007,0.7068080836378505,0.7068064116240783,0.5022481522317218,0.029103741324819816,0.0021220072824223576,0.9995741431698854,4.0400281649164365e-05
58,0.02462424178464273,0.024010026114112463,0.7066990297474446,0.7066778946001575,0.5027492610470645,0.03438963085023848,0.99904651093414,0.02689301680385776,0.0004335060013811508
59,0.0004036331956332505,0.00017111086042315358,0.707106760483218,0.7071066659848717,0.5000438897715594,0.0004062386255070994,0.00011997725770937586,0.9999998967033796,0.00016482979802804012
60,0.7071040020261075,0.7071039942861882,0.0019852618271060476,0.0019843813186402946,0.5002889531742228,0.9999960604753741,0.002514127905608679,0.0012482766577056382,1.7384771424113705e-09
61,0.7071066634322491,0.7071066633031308,0.0004083041848178046,0.0004080805148568853,0.500062503020018,0.9999998333789739,0.00044378909758403595,0.0003691791581483706,9.071544974686983e-11
62,0.0009452175270640421,0.0006977603968769531,0.7071064369176885,0.7071061494314889,0.5001031648877129,0.001161860999695899,0.0003643010764330203,0.999999243489205,0.00017431225517614295
63,0.05250364467353366,0.04700626723418397,0.7055426357355656,0.7051548534505551,0.5082332004565687,0.07036525622633329,0.6479569363193808,0.7584099068849016,0.003866850217015662
64,0.0009773210507008196,0.000573934071119535,0.7071065482653106,0.7071061057886319,0.5001065751002992,0.00028377097324608765,0.9999991997029332,0.0005621714504619674,0.0010972833676301515
65,0.7071061513258079,0.7071061506501057,0.000944305455345121,0.000943799346644087,0.5001436391579286,0.9999991087646062,0.0008077237251869931,0.0010630392201092156,4.791486065624012e-10
66,0.0018778500325281114,0.00048800805600319395,0.7071066127877313,0.7071042876968409,0.5002063112555347,0.00097877808637768,0.002949359559965583,0.9999937683833745,0.0016752510453710197
67,0.015394905473411958,0.012337245455746928,0.7069991459503724,0.7069391748131206,0.5018351939028906,0.002174407054809981,0.9968792855130713,0.07643611302886245,0.019608230260036996
68,0.063610090729497,0.06356057621073427,0.7042443135388199,0.7042398429209962,0.5068772909503104,0.08992324097935053,0.9959326009365453,0.005662499529491952,3.496605575651583e-05
69,0.0030596314308758074,0.0003423859941348447,0.7071066982937139,0.707100161685395,0.5003397188753756,0.002389093701336029,0.9999610972905014,0.008265913919585251,0.0019418557995530541
70,0.7071033011948766,0.7071032986282327,0.002219249663746287,0.00221843172203238,0.5003110965533363,1.804672976251702e-09,0.0011094414120363944,0.0029352424309784454,0.999995076733691
71,0.26142128959132765,0.2614001851141908,0.6570159383319885,0.657007542365888,0.5260476788088772,0.36969060824191363,0.929093871601419,0.010650431944934442,1.5158811530930964e-05
72,0.7067801966131092,0.7067799475454108,0.021496645033771942,0.021488454470628415,0.5030208412931377,1.7566625578013524e-07,0.01118560248497955,0.028262019041326154,0.9995379635495235
73,0.028361741425595843,0.02530493420596216,0.7066538475836923,0.7065377637630647,0.5035666740892643,0.03794841468545369,0.14900703097132506,0.9881053469389078,0.002155433766385868
74,0.20730834957451472,0.20716724271491663,0.6760782007622315,0.6760349459877707,0.5222253102873792,0.0001000630789909492,0.05499311394136858,0.9545054945685836,0.29307850184684414
75,0.0021328172574571953,0.0020056343359242472,0.7071039367949465,0.7071035646145107,0.5002323908838394,8.906220666519748e-05,0.0004717145105389413,0.9999956029937732,0.002926353783548643
76,0.7064150669514606,0.7064150427819039,0.031269591161969354,0.03126904513987014,0.5034337808040884,1.7086247057177597e-08,0.044216042333981645,0.000694345530331753,0.9990217512569963
77,0.7071067772427702,0.707106777242663,7.468262824944911e-05,7.468161407155469e-05,0.5000081962223027,0.999999994422581,1.2894242806618115e-06,0.00010560859731860134,7.68436794453435e-14
78,0.7070499456798099,0.70704991725467,0.008967829176825023,0.008965587775414284,0.5011693408673573,0.9999195949053578,0.012340045886097077,0.0029201013394043202,2.0292759501782875e-08
79,0.7066504788848872,0.7066500067852057,0.02541196392391897,0.025398979064800157,0.5038084762525102,0.9993543535462734,0.030008810002140163,0.01975721058905252,3.309526855397273e-07
80,0.7070194216816916,0.7070193783573467,0.011117826983918765,0.011114736383734626,0.5014750208596024,0.9998764206432025,0.015187094748595606,0.004061476926125074,3.43723593988365e-08
81,0.04808846181162064,0.04771036874123564,0.7054953725677767,0.7054697015751725,0.505359985337521,0.06773999790667717,0.9971708978704861,0.03257945664491819,0.0002685673765447187
82,0.007888369137239285,0.0073989416333296336,0.7070680700347772,0.7070627791309289,0.5008640292078407,0.0003461493075585733,0.006723819766761229,0.9999189064833217,0.010809758813019125
83,0.3540145327147994,0.35401404532303504,0.6121062454460156,0.61210596356082,0.5323149627640565,0.5006518088044228,0.0003576690507415979,0.8656486807092055,3.4263088484515324e-07
84,0.040370304123499075,0.039410196888731056,0.7060076744492256,0.7059534251953088,0.5046891569245393,0.0006782646210247405,0.9960209767724186,0.06898759856314662,0.056413340895006575
85,0.5709972753697984,0.5708946303325342,0.41722814750783455,0.4170876544807511,0.5444885644120316,0.8074395061562288,0.5591880841273965,0.18801628962141972,7.283603110347166e-05
86,0.7071064864090234,0.7071064861493994,0.0006459453911939,0.0006456611222705122,0.500093663249649,0.9999995829380458,0.00040202936870986785,0.0008200586076074095,1.8672720617119336e-10
87,0.16750795811918393,0.16744764016057243,0.6869943870255887,0.6869796823536709,0.5177191124376033,0.23684937492044467,0.9713670327578813,0.018667068397704153,4.2759764745969575e-05
88,0.004247645994548469,0.0011267252445529084,0.7071058835070093,0.7070940230998349,0.5004762983624506,0.0022085915606291843,0.015069849666684315,0.9998767862215634,0.0037992274991153164
89,0.00957454606112679,0.0026362038699998275,0.7071018670808139,0.7070419563701581,0.5011575816942748,0.004911757135637273,0.9970476855687732,0.0761399448309935,0.008631114931534453
90,0.7067199559121675,0.7067197283816341,0.02339285181809254,0.023385976898516275,0.5031329340525299,1.5861390796572386e-07,0.009099549091819726,0.03180137792622728,0.9994527855623205
91,0.049770331790915716,0.049759014912616896,0.705353840589903,0.705353042152242,0.5053662295004544,8.024480226259593e-06,0.9975198867730535,0.0010148894639041444,0.07037787597860272
92,0.6381037092945611,0.6380652613013141,0.30475026221559137,0.30466974937546437,0.5351102127249129,2.700230421882257e-05,0.41785842158918085,0.10531247795004361,0.9023877330537401
93,0.03874962091943525,0.03762241261233854,0.7061052004264181,0.7060442386129959,0.5045360454269586,0.0008014971260654825,0.9955190683967489,0.07761961998300872,0.0540031170816083
94,0.0028926835625363366,0.0026560650658273006,0.7071017927557279,0.7071008643622247,0.5003161146465014,0.003923612311512025,0.9999915943048261,0.0011785668679039232,0.00016603088817254737
95,0.04206797244488856,0.0415545483772435,0.7058847069523222,0.7058542949464702,0.5047200008801724,0.059130045712465225,0.03870574912568334,0.9974995589914637,0.00036399244820201114
96,0.0014299227338334568,0.0001392110816996281,0.7071067674830158,0.7071053353786693,0.5001566822458695,0.0009107105256496314,0.9999973234827255,0.0018135513904723463,0.001111154844507596
97,0.004907801080938514,0.003782079170739077,0.7070966665719358,0.7070897492458416,0.500542424356714,0.006144739326689243,0.008781606274712039,0.9999422447106266,0.0007954953870628514
98,0.7069181086625426,0.7069180488345898,0.016336224529789826,0.01633363538728625,0.5020039416015941,4.2593692059066405e-08,0.022861187960155804,0.00332053638783615,0.9997331344529541
99,0.029886797557835226,0.02984449334403078,0.706476684845959,0.7064748964723765,0.503246545975871,2.9856283457526765e-05,0.9991050646263532,0.002270553800855575,0.04223640055701613
100,0.01798710625708192,0.017426313328298602,0.7068920169331251,0.7068779696726261,0.5019979989309861,0.0250410793310062,0.017828387704693145,0.9995273564060801,0.00039589601898421293
101,0.0058270566162233,0.0012354375637951287,0.7071057019244436,0.707082771258924,0.5006675635220623,0.003225749342493092,0.9995599472009153,0.029059095941953557,0.005007537911657632
102,0.7070491292011883,0.7070491154487248,0.009030412126529814,0.009029335293393172,0.5010787335374671,9.755046790515365e-09,0.012695954792279696,0.0013747621350191986,0.9999184580559473
103,0.7069116010206743,0.7069115278679954,0.016616233504163132,0.016612896869366227,0.5021005485468616,0.9997239181102704,0.004304814176918317,0.023098834021640032,5.613839181194887e-08
104,0.7071059592957012,0.7071059588798726,0.0010783860979097567,0.0010781134014517,0.5001412146714831,2.940530906270669e-10,0.00035645752735123,0.0014826270986830889,0.9999988373767833
105,0.012963542093172385,0.011771775601923275,0.7070087872876235,0.7069879394843988,0.5014555470083277,0.017490208397239634,0.9994966774637253,0.026453045520058505,0.0008489593063195693
106,0.7069297602749994,0.7069297204343199,0.015823095988291947,0.01582155132240991,0.5018550496529851,2.5041776716544334e-08,0.001965561274848505,0.022289648309858273,0.9997496227291602
107,0.7071033519054526,0.7071033444673422,0.002204595903680191,0.002203899865567314,0.5002994631151513,0.9999951412793381,0.002977892993174955,0.0009217217786135995,1.5421830656359847e-09
108,0.7071017050730437,0.7071017015247241,0.002680242682795164,0.0026793064014712827,0.5003712257614006,0.9999928187823981,0.0035736634372455353,0.001261472658814469,2.508110529828685e-09
109,0.0009833010616001339,0.0003317339181911844,0.7071067033712862,0.7071060974981215,0.500107289129522,0.0004621306608944233,0.0007685606462876327,0.9999991661927347,0.0009291736234330535
110,0.7071066366924512,0.7071066366442935,0.00045212121724246294,0.0004520458935636046,0.5000560643799014,3.443253070551711e-11,9.662228960246455e-05,0.0006319993814241449,0.999999795620437
111,0.0033142951787633055,0.002243299867784083,0.7071032227374595,0.7070990138923022,0.5003654279170213,0.0007538682840930877,0.9999777638234559,0.0053343145584440555,0.003930474454695301
112,0.006920697145340953,0.0060295710168121455,0.7070810733383824,0.7070729127544261,0.5007646360670399,0.0006314957791054104,0.010344179608916045,0.9999043685136125,0.009157127754120477
113,0.02370221269521176,0.020855368286924934,0.7067991607335192,0.7067094205636015,0.5029123650471785,0.03150715334251298,0.9928997612546524,0.11468793671264348,0.0020101147439152032
114,0.014509086540110237,0.010628913289737203,0.7070268921364258,0.7069579099266345,0.5017534971254081,0.002728872828975226,0.9959833241494459,0.08771391353798298,0.017777531923260266
115,0.019961615830332884,0.01951623007814937,0.7068374047569485,0.7068249669426254,0.5022069672023488,0.0003141487903742223,0.9994855852890672,0.015786559357660462,0.027915061410617843
116,0.005889108022907786,0.0,0.7071068163125177,0.7070822571714634,0.5006765943228421,0.004251749912327123,0.031197300785456888,0.9994959212052935,0.004068727118018209
117,0.0012599303800940268,0.0008439123211860766,0.7071062775934002,0.7071056587069842,0.5001377241119803,0.0002939157082195189,0.0007844503375941446,0.9999985425114883,0.001487691542288041
118,0.7070434937814948,0.707043489354481,0.009460663900613795,0.00946033304159519,0.5010596999754798,3.1310878260146453e-09,0.013372561256158705,0.000420319103251205,0.9999104949630757
119,0.001486696178992328,0.0009172589718079024,0.7071061862520918,0.7071052182910763,0.5001624676861037,0.0016999411964001563,0.9999977179450161,0.0012298273085617874,0.0004022803484811119
120,0.7069625270281479,0.7069624316336213,0.014287326822556514,0.014282344974578259,0.5019695061659948,0.9997959226333556,0.006681317137582134,0.019064970155089546,7.343167002259757e-08
121,0.15524212325985604,0.15513949379665315,0.6898780598515452,0.6898549725600197,0.5166564116320844,0.21947294609255463,0.029360023506413528,0.9751767068844605,7.282283122190687e-05
122,0.0019517195329575012,0.0019386011455460163,0.7071041237509488,0.7071040876638058,0.5002125306584793,0.002750872302190425,4.575745171575876e-05,0.999996215254196,9.225718493849048e-06
123,0.7071005459922618,0.7071005465894535,0.0029705998400837374,0.002969487741073176,0.5004163194518152,3.346169517482532e-09,0.0015068761907121322,0.003920668948043726,0.9999911788006653
124,0.002163234189520651,0.0011708603840430694,0.7071058118032693,0.7071034722145272,0.5002371118408871,0.00070039180576284,0.9999925746921776,0.0029664902344739147,0.00235795409540831
125,0.7071052156630737,0.7071052141012942,0.001488687598136739,0.0014879455903996578,0.5002227514972439,1.0981157254886816e-09,0.0011053463569580338,0.0017911957670772684,0.9999977849111266
126,0.7070096635626028,0.7070095986683068,0.011723260656872408,0.01171902850444444,0.5016313685653339,0.9998626053265851,0.00573175675354474,0.01555369518909086,4.9557530421763356e-08
127,0.6193007798387467,0.6192097970982202,0.34143700323422205,0.34127195034327895,0.5425668150857798,6.458922557568884e-05,0.41776788082833066,0.2419003286828636,0.8757592275046442
128,0.7070621311597854,0.7070621201662147,0.00794721498775335,0.007946705600231838,0.5009105206462386,3.9941246576678395e-09,0.0006471587546213691,0.011220050869075618,0.9999368438276743
129,0.0025529006795225453,0.00216266371611371,0.7071034739595384,0.7071021727431738,0.5002786976772383,0.003334468965468211,0.0016530656494923423,0.9999930364546165,0.0002751961969773519
130,0.70644659490154,0.7064465217178464,0.030550276535267904,0.030548462351170022,0.5034895130074101,0.9990663001280736,0.043141782863870215,0.002305324213395585,5.487754663345152e-08
131,0.707090554822066,0.707090550908664,0.004790909692502208,0.004790332078526292,0.5005742722953658,2.7641877372398844e-09,0.0067347453812241906,0.0007370900585064737,0.9999770496880892
132,0.013802032121054872,0.001716034133558926,0.7071046989144246,0.7069720672765906,0.5018237526677404,0.011000986435960484,0.17099335000056257,0.9851740117318264,0.008509944844356122
133,0.008452093647923056,0.008384711551074316,0.7070570674367144,0.7070562651677502,0.5009205729751455,4.754645623133849e-05,0.9999286090655939,0.0010175938883142826,0.011905419529041394
134,0.024311169362227995,0.00627709503393785,0.7070789192713381,0.7066887341993147,0.5039845847083637,0.021642521459585465,0.6558755244464141,0.7544513646049655,0.012729341801342406
135,0.7070990686550461,0.7070990619203545,0.003304032589799653,0.003303718763063028,0.5003893216603135,1.0304279089604537e-09,0.00039926947584098386,0.0046552951469841924,0.9999890843459143
136,0.7070429792209969,0.7070429555393659,0.009500474838519273,0.009498712244092353,0.501193721646997,1.636950650970505e-08,0.0022707109198096586,0.01324116416226553,0.9999097536495706
137,0.0016528179772235363,0.0005078135679130201,0.7071065988416322,0.7071048495044671,0.500181287140308,0.0015281624197822942,0.0022245152144209834,0.9999960309172118,0.0008089508664653114
138,0.0033978668637207,0.00019350902897649448,0.7071067547084108,0.7070986172386291,0.5003783606830908,0.0024488193197593254,0.010307594652126962,0.9999410835381902,0.0023635204477727816
139,0.001165032995904728,0.0004840674431026241,0.7071066154963545,0.7071058214285307,0.5001272275777998,0.0011661999660804326,0.9999986978381831,0.0010063293522248587,0.00048124921831900827
140,0.006895359518741114,0.0068804929418912406,0.7070733051225153,0.7070731603003386,0.500748830214918,1.0524380347583872e-05,0.9999525383576856,0.00018402719317384917,0.00974099867844808
141,0.001857243786877036,0.000387555358152999,0.7071066749796969,0.7071043421204317,0.5002039686388766,0.0015849976043019291,0.0029671157965545218,0.9999937983159003,0.0010427541320132425
142,0.03169475485995524,0.030656403242223247,0.7064419190140443,0.7063960946341384,0.5036538268873879,0.0007334147700383015,0.9973262768540043,0.05827456521621088,0.04408894020224962
143,0.7070346451810471,0.7070345865400961,0.01010412965436181,0.010100394226368957,0.5014119773794342,3.787711299933645e-08,0.013353164212325188,0.005079803649640305,0.9998979390919817
144,0.7071067496718677,0.7071067496628302,0.00021114275883129762,0.00021111249056914486,0.5000256766490123,6.425009313497636e-12,0.0002960534610736518,3.875688929094474e-05,0.9999999554251221
145,0.0033384941119183565,0.0013153746342990321,0.7071055577419624,0.7070989000536381,0.5003705524423379,0.0014252069980379661,0.00844851367620661,0.9999578725442887,0.0032931046713723607
146,0.7070791796300318,0.7070791721858485,0.0062491368415166565,0.006247698273790474,0.5008077035427522,8.992230791343748e-09,0.0018620970179798202,0.008638173399507326,0.9999609565153103
147,0.008870738447129312,0.006843952236313068,0.7070736597538959,0.7070511367640842,0.5010072230289491,0.0014235507681771816,0.02859414194999229,0.9995283114365976,0.011113198730371693
148,0.0008669489424037768,0.0007669529252790054,0.7071063652543448,0.7071062497245599,0.5000941011244538,0.00115532443087004,0.00014647890343960404,0.9999993193631053,7.101209589830098e-05
149,0.020013307790194928,0.0198642078790807,0.7068277111470214,0.7068235052057162,0.5021826586583584,0.028197661304672016,0.999588073620002,0.005344514317148096,0.00010554769259228425
150,0.7071065904166206,0.7071065903006588,0.0005195703789418443,0.0005194125372229176,0.5000701020995147,0.9999997301285849,0.000704275123667753,0.00020913945749401772,8.24300978610995e-11
151,0.0085119112698874,0.004051206319664067,0.7070951758620354,0.7070555475820417,0.5009972090078181,0.0031538620288393787,0.9986873948334055,0.05034503445991079,0.008883583759607797
152,0.7071067754028276,0.7071067753922892,0.00012507953082588767,0.0001250199398036276,0.5000185222235793,0.9999999843625527,8.705591491132602e-05,0.00015393551266383866,7.406606871595745e-12
153,0.004913174732955479,0.004377666858361136,0.707093230085847,0.7070897119277316,0.5005381140977276,0.006569555260305135,0.9999683638432515,0.004468563519748196,0.00037973201179475195
154,0.7066706332880147,0.7066706276340321,0.02483191573999783,0.024831754837532704,0.5026978684233353,4.019436625003632e-09,0.00020424186803571,0.03511692430850149,0.9993831897287252
155,0.7071067585981755,0.7071067533040303,0.00019857450181800268,0.0001984826480247565,0.5000292447066444,0.999999960586402,0.00013256371087045724,0.0002474955694541645,1.8001751196593782e-11
156,0.006715150750619092,0.005814392704925259,0.7070828755085711,0.7070748947250164,0.5007422205715263,0.008859433075165714,0.9999091683805272,0.010136793202249748,0.0006409818385009306
157,0.4334133018836312,0.4333075938644381,0.5587884475357409,0.5587064611675086,0.5402390799282834,7.470628020973717e-05,0.7831860564554288,0.10496208755316488,0.6128642227844863
158,0.7071067767961419,0.7071067767924346,7.883028917711536e-05,7.879702762072488e-05,0.5000113672970774,0.9999999937884075,0.00010132538352988256,4.643654494179256e-05,2.625750682641131e-12
159,0.010218203168312174,0.006402576813166234,0.7070777941712882,0.7070329471288284,0.50120020796054,0.0026970188793384443,0.9983014283683423,0.056998714490233054,0.011752904037709382
160,0.7071035980665575,0.7071035999524792,0.002122824720102285,0.0021216977469135237,0.5003216253255875,2.4326060640820927e-09,0.0017635900430482052,0.0024285255365337423,0.9999954959967974
161,0.7071066540614405,0.7071066540235407,0.0004240703155286792,0.0004240071156334078,0.5000518087165825,0.9999998201911505,8.08389798165805e-05,0.0005942076454931981,2.6927210540113778e-11
162,0.7051997205329184,0.7051978816810922,0.05192251604552487,0.05189753520439433,0.5076239489250706,1.2960072602255107e-06,0.06364082766753885,0.036594355938857015,0.9973017086947794
163,0.7070288893421729,0.7070288877425964,0.010495327411124349,0.010495219653404556,0.5011497513022879,1.1233651023818071e-09,0.014841924835637614,0.00013711386943288372,0.999889843166216
164,0.7071056732753724,0.7071056721562183,0.0012523595741702085,0.0012517275193543618,0.5001873649244435,8.05294969706537e-10,0.0014927193339546144,0.0009523734959368116,0.9999984323856291
165,0.0021560407290078278,0.0020109336610758624,0.7071039217440489,0.7071034941848174,0.5002347185735448,0.0001027699460541465,0.0005437472649556546,0.999995505976454,0.002946490141265809
166,0.6114501164236763,0.6114478079421196,0.3551500783651604,0.355146103914256,0.5326786910595588,0.8647194150179923,0.5022299818471179,0.005037719930570752,1.6406704989457633e-06
167,0.7001611305807169,0.7001606363254957,0.09886902113545323,0.09886552090561246,0.5108628823626549,0.9901770172225121,0.13974882800274538,0.004442931023535012,3.4667723890064126e-07
168,0.7069578221116747,0.7069577841099085,0.01451547227668692,0.014513364706862616,0.5017664012313519,3.0904766503512015e-08,0.0027007620687280118,0.020348036140566298,0.9997893094594796
169,0.15865432820587827,0.15825973544918917,0.6891689605137115,0.6890782278823924,0.5183741934283742,0.22409208280481244,0.11610333606079785,0.9676273433676013,0.00027954804059316974
170,0.01146102095288544,0.01052862365536866,0.7070283926999877,0.7070138930733413,0.5012762167154443,0.0006613494824063226,0.9997097898449889,0.018388288956256663,0.015548939970975147
171,0.7071067793244384,0.7071067793224077,5.1344787077910756e-05,5.13168127705462e-05,0.5000078400122061,0.9999999973651443,5.600233529584139e-05,4.61891856868623e-05,1.436812115667237e-12
172,0.12572112315723197,0.12542395727208006,0.6958942670709459,0.6958406420956467,0.5141349507518331,0.17758638927768097,0.9817271903332385,0.06837217193198238,0.0002102594121955069
173,0.707104254243821,0.7071042568013787,0.0018914184813253923,0.0018904047813859087,0.5002877242089689,0.999996424446501,0.002136251854513384,0.0016085776708241626,1.914898270666964e-09
174,0.707103185262806,0.7071031822733151,0.0022560183842723507,0.002255081194351453,0.5003245730028822,0.9999949124819865,0.0029124760616539972,0.0013009586210117636,2.0861525784850115e-09
175,0.0008957195988444021,0.0006483875318330376,0.707106483914274,0.7071062138649321,0.5000974909638732,0.0001757051972909062,0.00034263482705822044,0.9999993299404666,0.0010917177633598708
176,0.7071065855343254,0.7071065854159893,0.0005261761494087804,0.0005260170983117166,0.5000709269458796,0.9999997232222979,0.00021016209445326415,0.0007137136834739451,8.44498946539703e-11
177,0.19775952854383774,0.19768324069274457,0.6789118767183357,0.678889659375387,0.5208130017982026,0.2796202623280693,0.02816487253252706,0.9596974762451285,5.421749390204095e-05
178,0.0023205085992162606,0.0015654621089246548,0.7071050482979088,0.707102973575874,0.5002543115606328,0.0027479151693350786,0.0026298842761408535,0.999992624111261,0.0005332860354946571
179,0.0005545402276835095,0.00028370892558535215,0.7071067242709869,0.7071065637406673,0.5000603965620237,0.00019141649511566854,0.9999997852169665,0.00020386368233132708,0.0005927607801753239
180,0.2322815539029378,0.23211858757401796,0.6679228707737538,0.6678662139354304,0.5249168720647152,0.00011554093745525379,0.07202372050044406,0.94179553232343,0.3283804891147041
181,0.7071051335704328,0.7071051269222425,0.0015295359688473717,0.0015288979377922301,0.5002195104379572,0.9999976614926744,0.0019718969827339306,0.0008880492518256098,9.823033646550167e-10
182,0.0008161761989393624,4.383947243903991e-05,0.7071067798275605,0.7071063101517436,0.5000890975719565,0.0006166796681566074,0.0005958730173191457,0.9999994884348009,0.0005364435421748461
183,0.3633725316181098,0.36332512562771874,0.6066257932923732,0.6065973980041826,0.5341146026718296,0.5138528413317716,0.8571189489420681,0.03608827673207102,3.319965593417578e-05
184,0.001410870208849068,0.0008865662069075025,0.707106225400655,0.7071053736503881,0.5001546181261405,0.0003681548848096314,0.9999980272850479,0.0010811436674976452,0.0016251204159196874
185,0.02486203841032578,0.02090015229941915,0.7067978378814342,0.7066695685014975,0.5031886140415215,0.0028049537927270518,0.9857371265635602,0.1651283742855214,0.03235845413915962
186,0.7070960359686411,0.7070960338460498,0.0038985791239489827,0.00389819412471774,0.5004603145703005,0.9999848024662076,0.0004905143655565851,0.005491286941770331,1.4796716482558847e-09
187,0.011935406364757676,0.010742432566609901,0.7070251764559377,0.707006043874383,0.5013396328280116,0.01603577969215878,0.02426976724522509,0.9995764726199386,0.0008411612239084302
188,0.7065013774812982,0.7065008094677682,0.02926796312681298,0.029254121368393903,0.5042912077648962,4.1173606484744315e-07,0.03619123313743564,0.020065191915877256,0.9991434244978139
189,0.0477213455144047,0.04768323695827402,0.7054972068783689,0.7054946301583689,0.5051663968688433,2.6929663748031363e-05,0.9977165328940801,0.0032714041771172734,0.0674612272295525
190,0.042929588668041384,0.042262553734576554,0.7058426712460968,0.7058024160096488,0.5048938099655697,0.0004710927755398283,0.05121767680920126,0.9968689365102874,0.060239945839127285
191,0.7060808214880485,0.7060807623092258,0.038078399869105835,0.03807720481812878,0.5042360045307404,4.495234441322475e-08,0.053828760786671634,0.0015174239765248412,0.9985490283088976
192,0.7071067266379907,0.7071067318681574,0.0002778440470962428,0.00027774683907443964,0.5000384342763641,0.9999999228296873,0.0003705877888929297,0.00013040441651305862,2.7440412539425402e-11
193,0.7071054986135673,0.7071054975319981,0.0013473529698931658,0.0013467852310445443,0.5001938202028816,7.692641266598181e-10,0.0017330480939866972,0.000791033999249538,0.999998185403112
194,0.009286272722406818,0.008026085104885748,0.7070612292849036,0.7070458013020903,0.5010372988542919,0.012241629708985595,0.01959748412701387,0.9997326071068632,0.0008918549511367587
195,0.7036916576344566,0.7036902487119694,0.0694265171405524,0.06941218175270035,0.5087039633498405,0.9951692859715002,0.018507310603324226,0.09641354527331421,1.0179401071672896e-06
196,0.707051804563733,0.7070517938733252,0.0088182073298374,0.008817350121654657,0.5010384066036173,0.9999222437551426,0.0010890124209085635,0.01242258007126331,7.535124510099686e-09
197,0.7071067770147708,0.707106777012971,7.682661237911806e-05,7.681004546461529e-05,0.5000098193382444,0.9999999940989442,2.1475825920416812e-05,0.00010649366344981979,1.2712167184353115e-12
198,0.21718403382463197,0.2170682216776566,0.6729646254727699,0.6729272586629753,0.5230958380962963,8.20167259981796e-05,0.9505083290729515,0.047396191327137294,0.30706271457781364
199,0.6980803469072782,0.6980795928597675,0.112627181589265,0.11262250779402032,0.5123546756817262,5.302141730210622e-07,0.005932465731040813,0.15916506257626226,0.9872341610302816
200,0.707106758888273,0.70710675885823,0.00019755401355573115,0.00019744645111322175,0.5000301546145511,2.145114911171144e-11,0.00021718376454779643,0.00017562431991620985,0.9999999609936537
201,0.004582778597935791,0.0016205199004395406,0.707104924261782,0.7070919304732097,0.5005151584033795,0.004387332926583758,0.999853003516115,0.016442123202162543,0.0020926667715460367
202,0.706809943691261,0.7068096979806457,0.020495141875544243,0.02048684813727033,0.5029149868291483,0.9995800309194128,0.02661623823619144,0.011460263925955857,1.6898912599125895e-07
203,0.04283078234589247,0.04077271090749643,0.7059302982910219,0.7058084188245676,0.5053704204759217,0.0014573517538293333,0.15674918315432496,0.9858665242868021,0.059116545881615114
204,0.0029104876889164966,0.0019020224903712323,0.7071042230891409,0.7071007913030566,0.5003193105890081,0.0007161521808527679,0.9999844845828673,0.004352236832258916,0.0034023159964524405
205,0.004783710111331897,0.00456986333342336,0.7070920140611918,0.7070905996529508,0.5005216243748328,0.006613977829310999,0.9999765058232686,0.0017945105653446153,0.00015109794442302868
206,0.707106572955501,0.7071065728122892,0.0005496692072177685,0.0005494849454970138,0.5000756338862299,0.9999996979649833,0.0007370631630473557,0.0002465924499450331,1.0074213803843511e-10
207,0.029747702447959764,0.028336732635233237,0.7065387672191484,0.7064807670411576,0.5034843026258613,0.0009927520515178568,0.0738168886982163,0.9964251957500532,0.04107201797741684
208,0.004105079387653652,0.003923687707420427,0.7070958949638805,0.7070948651512168,0.5004477577855474,0.00012809181362203212,0.0013082122389091243,0.9999830206452143,0.005677199528956516
209,0.707106759717631,0.7071067596882251,0.00019456053047461262,0.00019445362897698508,0.5000297328720866,0.9999999621669936,0.0001782668101029814,0.00020949214366316758,2.116318843887285e-11
210,0.006912237763792202,0.005774636662263016,0.7070832013076149,0.7070729955032279,0.5007672020757703,0.0008039489242906796,0.9998753694505279,0.012966113816546285,0.008971015817999023
211,0.6855063000635984,0.6854934288145413,0.17348993933665174,0.1734390745249396,0.5220817721925695,9.14031192209195e-06,0.23595801983014542,0.06710949635438625,0.9694432052942843
212,0.00529074981920072,0.004111688536651693,0.7070948267505444,0.7070869875527023,0.5005854929958132,0.006648313486155828,0.009945964894738403,0.999928087297307,0.000835430464852675
213,0.046150549924821926,0.04596510547944614,0.7056112308334233,0.7055991260918849,0.5050696292126766,0.00013055207105065227,0.015361188856788837,0.9977581719518998,0.06513560574875187
214,0.5196643801835136,0.519643630529856,0.4795523926014226,0.4795299072721984,0.5384346934503577,1.4605466499915313e-05,0.028550680139976654,0.6775723488172883,0.7349017421182544
215,0.03759660209357335,0.03680158003656168,0.7061484572714236,0.706106575196532,0.5043070041910507,0.000560889700126233,0.05325571728091622,0.9971940472242516,0.052607472474499255
216,0.7071030815048069,0.7071030812061441,0.002287476508657307,0.002287384184336907,0.500257755912973,2.0825094113509808e-10,0.003232788868290649,0.00011726601157074118,0.9999947676487198
217,0.7070960404570453,0.7070960386041608,0.00389771603671991,0.003897379885038656,0.5004545130693311,1.309649362421124e-09,0.005495332893706673,0.0004278745827376831,0.9999848090044813
218,0.7071067597531975,0.7071067597442698,0.00017413776183979683,0.00017410150593578618,0.5000221231813743,0.999999969682353,0.00024175445598510756,4.679826363260841e-05,6.4076973715007335e-12
219,0.03872714081006763,0.03848195339671219,0.7060588780425958,0.7060454720233486,0.5042650298168126,0.00017393536129896195,0.9983633536884305,0.017028265896226146,0.054595072296312844
220,0.7069642878679747,0.7069641973827997,0.014199685488408033,0.014194917376481792,0.5019466501454599,6.86529288507485e-08,0.019040138391285613,0.006371803303268413,0.9997984163083559
221,0.051856383957810954,0.05029442276231625,0.7053158661472461,0.7052027477561716,0.5064113810449972,0.0011054154411060024,0.9867728316342911,0.14512327597714325,0.07223151372411542
222,0.016636210729360067,0.016560569090013178,0.7069128288207914,0.7069110527446625,0.5018085254282542,5.3689728306637825e-05,0.9997219231444536,0.0022495395831787857,0.023473667660377437
223,0.003091206965144411,0.0012106559384453001,0.7071057447880206,0.7071000243527618,0.5003417969398816,0.0013342821086764476,0.9999681678882046,0.007255478082491805,0.003039891338891818
224,0.7067771223454038,0.7067768201360026,0.021599397342224557,0.021589333689420346,0.5031702494274992,0.9995335745762913,0.026875872553122567,0.014502440112227703,2.1779775869480305e-07
225,0.7071067106890403,0.7071067106795783,0.00031577192197384824,0.00031575073286851176,0.5000363150760462,6.67742006767688e-12,0.0004457392354430136,2.696230703664136e-05,0.9999999002947787
226,0.707101971278269,0.7071019753131733,0.002608439904951599,0.0026081055165153226,0.5003139194669415,0.9999931968902969,0.000427223775282625,0.0036638303684606954,8.75411400438294e-10
227,0.15807850690039613,0.15805033418172956,0.6892170139233197,0.6892105524846108,0.5165472239670099,2.002050500218009e-05,0.9746609670726455,0.008202268133626973,0.22353684631769696
228,0.0035363961566819728,0.0008114616724540557,0.7071063155777575,0.7070979379847039,0.5003939095915674,0.003065807119211065,0.010614979781330441,0.9999370768385447,0.001940462452780707
229,0.7071067435479189,0.7071067435164475,0.00023081066677556984,0.00023071423147128816,0.5000330910024935,0.9999999467486875,0.00013419677755874984,0.00029747915119150405,2.2529509758330773e-11
230,0.7058488771114443,0.7058485772495138,0.04216379957764827,0.04215877940002531,0.5050068344805586,2.1331357549182176e-07,0.05928020060665353,0.006403631107348948,0.9982208429624201
231,0.7071065543673094,0.7071065541546326,0.0005666317664386803,0.0005663663022873073,0.5000835187027542,1.4971872047464664e-10,0.0007029129178781808,0.0003843901364291219,0.9999996790787723
232,0.7070952975995738,0.7070952968350878,0.004030036438892852,0.004029902302762572,0.5004494127832186,0.999983759214984,0.0001701768827182876,0.005696696068529859,5.464612905363977e-10
233,0.01145672154024854,0.008373300324463607,0.7070572026658644,0.7070139627557224,0.5013393215423744,0.002177980647070228,0.9983837102938709,0.05503270294172225,0.014022304627822234
234,0.05816314897336789,0.05787586167506562,0.7047342653009488,0.7047106130189187,0.5064533550438154,0.0002046326663217402,0.03002310323257019,0.9961757104361937,0.08205196728110971
235,0.0058337736689520105,0.002311178921476136,0.7071030041316507,0.7070827158719069,0.5006637894254801,0.005759433657724004,0.025700267386788028,0.9996499996463988,0.0024906599868125944
236,0.009580991529764889,0.008448628416789773,0.7070563065823505,0.7070418690581954,0.5010673249421927,0.0008014163283305292,0.018340296578493197,0.9997501981998277,0.012748821619549764
237,0.7071061867439307,0.7071061863474198,0.0009171854808664466,0.0009168797389767544,0.5001260394773211,2.7928542492666627e-10,0.0012308264171882908,0.00040861227687103606,0.9999991590508139
238,0.7071067577072926,0.7071067576862293,0.00020170534734283756,0.00020163149335831847,0.5000282585112326,1.4697087367101428e-11,0.00010016151827475416,0.0002670355341850528,0.9999999593298449
239,0.0013689415448235953,0.00031994427020578533,0.707106708804024,0.7071054560665203,0.5001498220705609,0.0011967580259376665,0.0015915268287948435,0.9999977453359854,0.0007376554185629661
240,0.7071059135199641,0.7071059134380026,0.0011077820225351824,0.0011077297046033058,0.5001255988574536,5.8128868730051375e-11,6.623361924622877e-05,0.001565202611674991,0.9999987728761948
241,0.7071051138030464,0.707105113085384,0.0015359194332822954,0.00153558900105667,0.5001963423211082,5.059051219872551e-10,0.002129291009702435,0.0004280208893276286,0.9999976414561753
242,0.002431334836021035,0.0015035245940232295,0.7071051827089072,0.7071026011908859,0.500266620903762,0.00065739965611948,0.9999905550962225,0.003273796429728765,0.0027820497806143123
243,0.7071067800106899,0.7071067800097575,4.0795015542623976e-05,4.0778849908396124e-05,0.500005790249994,6.67488045004508e-13,5.3218435239945326e-05,2.2247382848015574e-05,0.999999998336427
244,0.7071062764794774,0.707106281559523,0.0008450027456251352,0.0008448451509741753,0.5001058031589071,0.999999286103261,0.00020255542126608057,0.0011776095577712992,1.351523568032977e-10
245,0.008444944065655676,0.007909389962787406,0.7070625442988859,0.7070563505971256,0.5009302911369864,0.0003784404065227194,0.9999020928771358,0.007869506341780332,0.011564268792889854
246,0.006472234279786516,0.003961361307611816,0.7070956849087583,0.7070771599927571,0.5007325212388322,0.0017626400131302519,0.02353976887261519,0.9996941017538481,0.007380738456685747
247,0.004949793923211581,0.0040155341863811955,0.7070953793408714,0.7070894565332861,0.5005444773226622,0.006339222492664161,0.0075191488935474,0.9999514175327049,0.0006627461544978896
248,0.0231881986088191,0.020476777774777053,0.7068102302400341,0.7067264728629354,0.502829221420698,0.030875815811606085,0.10682907042999215,0.9937960347718839,0.0019170239245819489
249,0.7071021152814767,0.7071021200946007,0.002568892417456241,0.0025687671091921436,0.50029086026342,0.9999934010918706,0.00015892829576526202,0.003629395887821648,3.237726911315577e-10
250,0.09338458518391435,0.09273156589944814,0.7009998977787689,0.7009132037920504,0.511058559800009,0.13160399191559133,0.1107962659723362,0.9850910431947235,0.0004619264188481631
251,0.7071050934423816,0.7071050863342149,0.0015481861265402843,0.0015473455992467701,0.5002359723590692,1.3081637087405924e-09,0.0013639483961378647,0.0017119589535363005,0.9999976044177877
252,0.005306121171538404,0.00447241848955757,0.7070926371225051,0.707086872370091,0.500584691133118,0.006914355637441802,0.0073229067060206696,0.9999491074991524,0.0005908765960514072
253,0.707099737315899,0.7070997351582881,0.0031566658147315187,0.0031561824683586075,0.5003862183034229,0.9999900369369362,0.0006188228786162052,0.004420756166581685,1.5615105774763489e-09
254,0.4214973402992933,0.4212598814049618,0.5679261504092453,0.567749938019027,0.5440568228803846,0.5959193462014633,0.7684670129717512,0.23310631568781745,0.00016847409718760004
255,0.023349174667298363,0.022762540197432526,0.7067403107042605,0.7067211727706696,0.5026101690439424,0.03260590623445339,0.9991731588331305,0.024283358172406816,0.0004148034644734407
256,0.0010347691704174601,0.0006959881531423254,0.7071064386642867,0.7071060240535105,0.5001128804296053,0.00023887783275488935,0.9999990844068298,0.0005253939064258861,0.0012239624693507689
257,0.6475408875771163,0.6475371654927591,0.28406974373488475,0.28406125909007807,0.528203134641225,2.658502787746733e-06,0.01077677344456834,0.40158471008688573,0.9157584734915037
258,0.006555745575628886,0.004824523454775942,0.7070903223587736,0.7070763906396165,0.5007326133756866,0.008046616588564535,0.017690046819616865,0.9998103862317604,0.0012271055760198326
259,0.7069403425097806,0.7069402671835665,0.015344661430843938,0.01534143347215594,0.5019521689605686,4.921801044783268e-08,0.02129237162880484,0.004177693840946606,0.999764563177046
260,0.0036584597518301925,0.00175884488050969,0.7071045937233642,0.7070973169744423,0.5004058862376046,0.00382938969947305,0.0092278724881486,0.9999491829620553,0.0013467135501196632
261,0.0008349062851170511,0.000658660867261831,0.7071064744194194,0.7071062882845083,0.5000907498097716,0.0010561341365408587,0.00023653319327243108,0.9999994065745259,0.00012443202410616583
262,0.008988898380856144,0.002816003017094893,0.7071011738973496,0.7070496444422419,0.501075507132609,0.004339964646127982,0.9978044714859006,0.06555536984605953,0.008360315422518758
263,0.007640511216547758,0.007528397695079015,0.7070667035210644,0.7070655009185778,0.5008304182201585,7.960521529817159e-05,0.9999413106062821,0.0015235354853964794,0.01072603587658031
264,0.09905820743980884,0.09893340422578066,0.7001515418309728,0.7001338954362958,0.5107953204918164,8.811587149001666e-05,0.022417253280020026,0.9898975299607886,0.14000121131077084
265,0.7067862830117753,0.706786023841496,0.02129610174494313,0.021287323608208723,0.5030249465123418,0.999546560148168,0.027539540965711925,0.012175704469534627,1.9312190049913633e-07
266,0.7067767464132055,0.7067764562408249,0.021611301459310155,0.021601637196449565,0.5031449791773925,0.9995330514393371,0.027315371102449675,0.013694874291780568,2.0724905283948055e-07
267,0.7070987434411754,0.707098735157507,0.0033732385998431025,0.003371501728976953,0.5005072933075932,0.999988627054046,0.002645137123754343,0.003968502508063042,5.954718053890411e-09
268,0.7070954696243317,0.7070954725463926,0.004000019356981191,0.003999604573820652,0.5004729035940837,0.9999840013762217,0.0005272306627921251,0.00563196408292552,1.6459392175702128e-09
269,0.7071030161286472,0.7071030119753914,0.002308777886804841,0.0023075055300569892,0.5003533772876737,2.9398684491880515e-09,0.002448106792848332,0.002159122560822445,0.9999946724672591
270,0.7070932873058529,0.707093280740897,0.004369477208400782,0.004369267380316275,0.5004939289919254,0.9999809084034976,0.006173468287880619,0.00026667923421610037,9.219457341225631e-10
271,0.03233397082937028,0.032299800525169876,0.7063686876455098,0.7063671243272941,0.5035085068612928,0.04570297807979713,0.001986222898297236,0.9989530980656945,2.4045746310911028e-05
272,0.002170962762783355,0.0017879764978036158,0.7071045206615804,0.7071034485283484,0.5002365786742163,0.0002702393570112386,0.9999951204345203,0.001359841121435385,0.0027994481534781416
273,0.7070979898945009,0.7070979815294962,0.0035276786861025895,0.003526001582023731,0.5005214645117059,0.9999875613206055,0.0043441649642748945,0.0024505988721091948,5.894580188035747e-09
274,0.014570531043834321,0.014539137390844963,0.7069572925483671,0.7069566462132617,0.5015827277645972,0.02058364382394438,0.0008213538355220303,0.9997877967300349,2.2237649284366158e-05
275,0.010807518676757288,0.01047029232578098,0.7070292589268187,0.7070241845510273,0.5011822049463533,0.00023893286919254446,0.9998660584467784,0.006437055596740734,0.015045676868116808
276,0.7063640220014777,0.7063634074957251,0.03241506672871843,0.03240167313418925,0.5046189850032736,4.365880403679878e-07,0.018623411101167876,0.041878079371898226,0.9989491453657118
277,0.7071061737425819,0.7071061733722654,0.0009271347441127036,0.0009268522686007427,0.5001251135254966,0.9999991406826524,0.0012564977805171078,0.00037396161448316365,2.60985434775223e-10
278,0.007819069360053684,0.0055411302721584035,0.7070850697584475,0.7070635488796918,0.5008854685943908,0.0016166261621106718,0.027332336779062313,0.9995804626921483,0.00944608332603201
279,0.006215947868427993,0.005050416744627892,0.7070887449894159,0.7070794594613102,0.5006889521981205,0.0008258880659838371,0.011789975385255908,0.9998984207224358,0.007966343333041692
280,0.7071065771560929,0.7071065771516091,0.0005371675120187195,0.0005371616096901169,0.5000590952680236,0.9999997114541936,0.000759628281288318,7.510336890916745e-06,3.1035279796975884e-12
281,0.7069942969441667,0.7069942380794703,0.01261536057487269,0.012612356553137936,0.5016360711057803,0.9998408779099557,0.0174033644407825,0.0039168566987880776,3.751821192273321e-08
282,0.12944381935611765,0.12942263366902712,0.6951616947834391,0.6951577501765418,0.5137074989667041,1.510041734661476e-05,0.983091573050177,0.005003850759525774,0.18304622434593898
283,0.7071003169298318,0.7071003093911672,0.0030253031114542885,0.0030247724285298264,0.5003771711581064,0.999990849104551,0.0006817786929636274,0.004223373648446232,1.5963325822236736e-09
284,0.7071065149410007,0.7071065148509383,0.0006137225449131822,0.0006136187697935183,0.5000760663915125,6.439927806426653e-11,0.0008576130607790529,0.00013297817399411337,0.9999996234082532
285,0.02862629499098817,0.02854779085358236,0.7065302708570804,0.7065270944805219,0.5031067797887612,5.5260636739119096e-05,0.9991743008176124,0.004034285327506518,0.040428184151566626
286,0.7070672139976217,0.7070671855574111,0.007482987900636228,0.007480300103659727,0.501039353513036,2.023832093649046e-08,0.009937473006134744,0.0036327163134799337,0.9999440234345306
287,0.7006283863477801,0.7006280270005699,0.09550065530458882,0.09549798031218854,0.5104050912313701,0.9908379083344687,0.0033956374528651767,0.13501373653670112,2.555080944977655e-07
288,0.7071067720608333,0.7071067720449395,0.00014275421654264396,0.00014267546852487136,0.5000219099987673,0.9999999796324722,0.00013187038084366227,0.00015279155184643928,1.1121506988903598e-11
289,0.707105699599088,0.7071056937334098,0.0012401168473589106,0.0012397762118992485,0.5001642625962927,0.9999984625313949,0.0004464019101077683,0.0016957771626445472,4.2434843639940317e-10
290,0.7068960764156889,0.7068960016871645,0.017263916088135246,0.017261071706671034,0.5021321448587965,4.94669069616392e-08,0.0036478093838522405,0.024138783769280796,0.9997019618890586
291,0.15155966974012736,0.1514616703271807,0.6906948403033684,0.6906733428388986,0.5162762899636593,6.904291119049213e-05,0.9763934664614685,0.027291529479159454,0.21426844448754576
292,0.707038735865171,0.7070386852940431,0.00981350842119631,0.009809864221455704,0.501374131864263,3.5977001197534445e-08,0.00494767849618572,0.012963751813216308,0.9999037261738855
293,0.002602738300700077,0.00228918680253097,0.7071030756712804,0.7071019910546474,0.500283240443736,0.0034591011255122716,0.0013780103575589348,0.9999930432081446,0.0002219057799306817
294,0.7070169437360244,0.7070168531945411,0.01127693659156185,0.011271258588671765,0.5016897291329495,0.9998728866365647,0.013461984749566159,0.008543157242218002,6.294774240314863e-08
295,0.027100498750474128,0.02359944287334268,0.7067128598632405,0.7065872649344085,0.5034576884263213,0.002474851779835976,0.986238557045931,0.16137576602305717,0.035850325593004835
296,0.7071042008793058,0.7071042056536583,0.0019104443104077632,0.0019102614583417193,0.5002243987326426,0.9999963505451906,0.002691557901224727,0.0002332645852888362,3.5103035439492297e-10
297,0.7071067787512905,0.7071067787495317,5.8706554465648555e-05,5.8685365588022594e-05,0.5000081770472125,1.2539926169885222e-12,7.790064280722688e-05,2.866917371758178e-05,0.999999996554783
298,0.7071063243464463,0.7071063242841104,0.0008038391703447633,0.0008037843339919367,0.5000925713352855,0.999999353886455,6.97719909137238e-05,0.0011346182338722371,4.391887408990356e-11
299,0.0018527550911608813,0.000383687772779149,0.7071066770888896,0.7071043538959227,0.5002036955291392,0.0010294912929045832,0.9999938742111038,0.0029447618799071746,0.0015874713895489396
300,0.0025634399188562956,0.0024644693106184016,0.7071024864834075,0.707102134614076,0.5002791478943267,6.983646380471318e-05,0.9999935780499347,0.00044612295372842883,0.0035552715886257085
301,0.0022823662061106464,0.0020049071862840557,0.7071039388570637,0.7071030977194916,0.5002486837786503,0.00019572253581946086,0.9999948177087195,0.0010656957259857988,0.0030315905088553366
302,0.7070403879600411,0.707040341593822,0.00969305725181368,0.009689674571935838,0.5013411459341742,0.9999060730127571,0.012931719758689618,0.004540459919399614,3.2807729463439454e-08
303,0.015149077851518724,0.013148683203526924,0.7069845204316801,0.7069444854019643,0.5017480702318199,0.001413293377430635,0.9985040923069107,0.05086447892796714,0.02000962347390368
304,0.002193650060062862,6.335726751206974e-05,0.707106778348118,0.7071033785094029,0.5002417264557409,0.001592888727498754,0.9999882721889395,0.004317333650085048,0.0015095761760069598
305,0.7022874087946672,0.702283358255904,0.08245049858436197,0.08241599024747757,0.511608912467965,0.9931815140376707,0.10617145309840807,0.0481466791404634,2.9255761764031766e-06
306,0.006713938996418477,0.006596115048644045,0.7070760151965748,0.7070749062321151,0.5007308675908976,8.315248486411748e-05,0.0014061180876953005,0.9999547175354218,0.009411630902603338
307,0.7070887991422307,0.7070887829672265,0.005045096820798378,0.005042829325187619,0.5007368665204427,0.999974558111593,0.0032248435163497193,0.006362665622933466,1.138402466933825e-08
308,0.7071067465637255,0.7071067465622695,0.0002212829070071817,0.00022127825377253767,0.5000245279025122,1.015401101285962e-12,0.0003128825529107186,5.890552626368984e-06,0.9999999510349062
309,0.7016426553265562,0.7016365762493112,0.0877844796600763,0.08773587764617839,0.5131985575531842,4.270845826572698e-06,0.09217193173159034,0.08311458413781898,0.9922682605456633
310,0.6962128431730605,0.6962123786101195,0.12364596180280694,0.12364334596323807,0.5133068533329791,3.292132932587313e-07,0.0033091453422318686,0.17482863160315068,0.984593316618069
311,0.0016922080468794985,0.0003791069201245447,0.7071066795596984,0.7071047563352441,0.5001855491795133,0.0014660677652176448,0.0024421877070042353,0.9999955142044743,0.0009262480437764966
312,0.7070956475267475,0.7070956379338825,0.003969737381026769,0.0039680283174815065,0.5005738670380747,6.8323311306646185e-09,0.005073735577717612,0.0024002647541592026,0.9999842478441322
313,0.7071064104107789,0.7071064100860445,0.0007244413203563743,0.0007241242871133162,0.500104988414844,2.324770898435228e-10,0.00044590818039794264,0.0009221372481801458,0.9999994754142577
314,0.7071067086480477,0.7071067086409917,0.0003203043937783269,0.00032028881665831373,0.5000362812534125,0.9999998974100807,1.9720480582099284e-05,0.00045253832257135477,5.014653865316654e-12
315,0.7070211822934616,0.7070211003522556,0.011007436426406274,0.011002171983367056,0.5016280647874802,5.773583094724729e-08,0.01353867105683183,0.007675664860314509,0.9998788869432915
316,0.7070600287026962,0.7070600265137755,0.008131353290728938,0.008131162951374636,0.5009027718480251,1.5281762843408277e-09,0.011496798161982258,0.0002415560040596177,0.9999338804554624
317,0.05181992634488955,0.05166220143479966,0.7052169998964235,0.705205427683035,0.5056818931707727,0.00011131644948618451,0.01469211311740969,0.9972110378393683,0.07317291460730309
318,0.0005158935729407397,0.00019631324387509353,0.7071067539354381,0.7071065929927561,0.5000560393185529,0.000226659014558227,0.00020436704848927518,0.9999998267745077,0.0005032998702978352
319,0.7050136962575487,0.7050134751596455,0.05436910743538853,0.05436630866443032,0.5061133302658161,0.9970397708410943,0.07680566384540388,0.00354758543008518,1.5402673440128344e-07
320,0.7071064602578437,0.7071064601254716,0.0006738314510446934,0.000673692527713969,0.5000855552592574,9.30870131616365e-11,0.0001798235417581363,0.0009357210803141041,0.9999995460446736
321,0.7069626451473661,0.7069625944594861,0.014279267634390995,0.014276496987718903,0.5017993081088749,0.9997961212915291,0.0035666870541870973,0.019874470907986646,3.948190485463389e-08
322,0.7068795891499465,0.7068794407081803,0.01792920255032598,0.017923349106770833,0.5024425833497529,1.0570217455141816e-07,0.024116624998774868,0.007816082520180163,0.9996785969763963
323,0.7071067803837892,0.7071067803834724,3.370043415838775e-05,3.369378774601381e-05,0.500004254533161,2.26691401039256e-13,8.620077109284045e-06,4.686880482546206e-05,0.9999999988645044
324,0.7071067584629651,0.7071067584557658,0.0001792935546116813,0.00017926515934167295,0.5000221626252235,0.999999967858911,0.0002509320089491673,3.6267105809843746e-05,5.041749422840884e-12
325,0.04062942193757616,0.0357071370966285,0.7062046448164611,0.7059385597011965,0.5058579746444514,0.003480102646983162,0.9306070346434959,0.3620011015250968,0.0539781293876092
326,0.004717568833071596,0.0014845047274225334,0.707105222895229,0.7070910440277847,0.5005319840367127,0.00438701313409818,0.017967714608644575,0.9998263359312741,0.0022832708428389362
327,0.7071044768760514,0.7071044704618089,0.001807720366957051,0.0018072720886040386,0.5002362730871862,0.9999967329520001,0.0024884662826252712,0.0005844834365452168,7.957049546780633e-10
328,0.004657165442833165,0.0002428481436726691,0.7071067394847708,0.7070914444469276,0.5005261933761012,0.0031282366467866255,0.01942761570354696,0.9998003898693487,0.0034586559043226404
329,0.7071067037471161,0.7071067036825801,0.00033106971228441344,0.0003309318461174638,0.5000474514301361,0.9999998904384721,0.0001918398553449,0.0004269900596829451,4.6456550918881945e-11
330,0.7070142130752296,0.70701411169664,0.011447526449457684,0.01144126346229925,0.5017471609645462,7.103687435138664e-08,0.010278634277048159,0.012501921805205304,0.999869017236043
331,0.6973820105128613,0.6973768513678249,0.11689964574926058,0.11686886417281252,0.5149477423727308,0.9862434493556642,0.040298668324997185,0.1603118084252617,3.701849298361004e-06
332,0.02422359495077176,0.02411937793590278,0.7066953060605284,0.7066917414599239,0.5026398250054803,0.0341836451103143,0.004518970043248483,0.9994053491778963,7.315275835427522e-05
333,0.7071025923933567,0.7071025885481397,0.0024350089369113478,0.0024338920676588182,0.5003567167644156,0.9999940734328808,0.0016034465188719217,0.0030466470719412463,2.7462461174936136e-09
334,0.7071065962959733,0.7071066015105885,0.0005114203019489405,0.0005113459926067597,0.5000625035546126,0.999999738487242,0.0007169779368274831,9.469998681701967e-05,3.7716891244389176e-11
335,0.02179808939882357,0.02174264999415594,0.7067724224750354,0.7067707147997568,0.5023716949960055,0.0307879521989374,0.0021686862052605694,0.9995235851494114,3.9110144720241314e-05
336,0.707106765698032,0.7071067656898757,0.00014803919581200524,0.0001480002329413092,0.5000195048929666,5.7676837911967066e-12,5.098501578915903e-05,0.00020302758584075768,0.9999999780901642
337,0.012251395077898528,0.011445695385124542,0.7070141413417095,0.707000638840943,0.5013635770026795,0.0005721702031905645,0.017158742143646856,0.9997121970580857,0.016756289643292108
338,0.5232708294918432,0.5231599197001553,0.47571388293731015,0.4755918828185403,0.5442776754217193,0.7399382787942976,0.6535315368059171,0.1593357079322566,7.843906623387868e-05
339,0.00047715384017402775,0.0003205005412487916,0.707106708552115,0.7071066201954368,0.5000518108070199,0.0005638559881345383,0.00011212104677500252,0.9999998285162307,0.00011163694339006674
340,0.07992061176757352,0.0798634099586307,0.7025822626210964,0.7025757580607918,0.5086784753888721,4.025090415505256e-05,0.9935626670852927,0.008231533200781942,0.11298436535816911
341,0.047862647458751545,0.04786008999559994,0.7054852314440121,0.7054850579411569,0.5051558953908669,0.06768619676770743,0.9977066352652445,0.00022070694087648334,1.808550575971183e-06
342,0.7070210126108258,0.7070209441177188,0.011017466990670511,0.011013070723620812,0.5015634958442186,4.861533223239285e-08,0.006070041167008966,0.014346668807943004,0.9998786564850487
343,0.22041866088354437,0.21980979776494644,0.6720741423433861,0.6718747010673715,0.5275327959258841,0.31128852446595673,0.26293354256718393,0.9132169615891063,0.00043335316901669537
344,0.02602309020398323,0.02025134022893456,0.7068167253390575,0.7066277653590551,0.5035540373604444,0.004081994849312326,0.24764983960753215,0.9682883036253844,0.032720869836893075
345,0.005353834086549165,0.004199339330308742,0.7070943116368471,0.7070865127129575,0.5005920399315956,0.0008151875633747034,0.9999278096402362,0.009903409404753986,0.006755254212381118
346,0.08894159959299415,0.08886775149505274,0.7015001944006943,0.701490835194472,0.5096052865367328,5.2292870454843784e-05,0.011888767214675288,0.9919932317411069,0.12573019788182413
347,0.1948454107461114,0.19482814077902222,0.6797367104700133,0.6797317602636972,0.5200970559110785,1.2188671589307684e-05,0.006283080689466098,0.9612688408394549,0.2755408107334877
348,0.7070638078973164,0.7070637967747655,0.007796620450662914,0.007796089524446043,0.500896505173664,0.9999392150014282,0.011005004564001369,0.0006754086697560076,4.13425658530281e-09
349,0.007243521592427923,0.006752656061774742,0.7070745375390844,0.7070696793067419,0.500794253602218,0.00034721482930000577,0.999931912536887,0.006172788784101421,0.009896787903704258
350,0.7071062044859027,0.7071062038865794,0.0009035624552985761,0.0009030933175330439,0.5001365297482868,4.2154797085215445e-10,0.0010539064187415344,0.0007219999385965519,0.9999991839983413
351,0.05280604177108071,0.05265635678335451,0.7051434663175306,0.7051322726641217,0.5057769309001956,0.074573177867413,0.014204342473389095,0.9971143699183513,0.00010535644370527363
352,0.04426733187584089,0.043379989254412804,0.7057748766655834,0.7057197767730663,0.5051253721198845,0.0006305422558219505,0.9956083272879792,0.07016151719980454,0.061975983699998134
353,0.001447529642275845,0.0011420206380153193,0.7071058589694075,0.7071052995544129,0.5001579914528607,0.00021530027150020145,0.0007100199546515403,0.9999980481573272,0.001831174212359953
354,0.7070995457947473,0.7070995430123476,0.003200581546908106,0.0031988024113600868,0.5004912838209664,0.9999897619180432,0.0030943140718718257,0.003301708577380475,5.679625712725388e-09
355,0.5298091768024308,0.5297291691383268,0.4683876678180303,0.46829716652562203,0.5424849146446639,5.69035613046838e-05,0.11646840089543077,0.6520156095775631,0.7492067493169268
356,0.026132573559316762,0.02582918993249887,0.7066348795151816,0.706623724905392,0.5028828973713358,0.03674252270165831,0.9992245258610216,0.014152330706401584,0.0002132578728373544
357,0.703759807948448,0.7037585367514921,0.06873079331269917,0.0687178297945478,0.5085150052128089,9.0576663077392e-07,0.016679202672800125,0.09574897534316007,0.9952657624564925
358,0.002168492443263614,0.0015018141558606744,0.7071051863437566,0.7071034561084546,0.5002374899387042,0.0025955183457982843,0.002188989450039743,0.9999941252427176,0.0004702018203489309
359,0.7071067643437482,0.7071067643261785,0.00015441555196708332,0.00015433507485495307,0.5000233152178295,1.253806473946161e-11,0.00012479859815951722,0.00017913343606709034,0.9999999761682613
360,0.001610222849339658,0.0003434204364311449,0.7071066977920687,0.707104947785246,0.5001763376210152,0.0013815708291312798,0.0022231688428805936,0.9999961733752165,0.0008955541663057542
361,0.7070579563702258,0.707057945128359,0.008310817103469304,0.00830941234737363,0.5010311002776374,1.1581148760952032e-08,0.011613331189059493,0.001801819408048805,0.9999309396080871
362,0.7048744591980683,0.7048730230979467,0.05616074016436437,0.05614264662655694,0.5076023528760479,0.9968420007668981,0.07566790115050036,0.02409137276125634,1.0058551948653774e-06
363,0.0008294517314822906,0.0006568231207262306,0.7071064761288712,0.7071062947038635,0.5000903985195276,0.001050974560207192,0.9999994137307732,0.0002305023369891838,0.00012189856675455285
364,0.0023121437756651896,0.0014530818962028387,0.7071052881664812,0.70710300097734,0.5002538872151844,0.0006042892627476886,0.002905344574629669,0.9999920507269373,0.002663135430906129
365,0.7070935325865045,0.7070935216605113,0.004330314737795065,0.004329390808311247,0.5005512647512931,0.9999812521990028,0.006005212435156285,0.00119694365285062,4.060510010153273e-09
366,0.006266405409677803,0.0010784528567276107,0.7071059587780565,0.7070790140877046,0.5007219913662339,0.00519317957103037,0.9993955808117654,0.03417663173265483,0.003669030289552817
367,0.0483409488734876,0.047728117485434325,0.7054941720533908,0.705452445358306,0.5055047496970956,0.00043458752872350444,0.05306032493094821,0.9962779639144569,0.06793108029740469
368,0.7070932336091552,0.7070932268716809,0.004378185947828006,0.004377097685542553,0.5005714654634952,0.999980836068201,0.0060254585232016045,0.0014217404572276003,4.708090948810525e-09
369,0.7071032577991552,0.7071032575116121,0.0022323119093219782,0.0022322208258109136,0.5002505075794397,2.05624899267253e-10,0.00011586046191702746,0.003154774576582148,0.9999950169744408
370,0.0019992274900000975,0.0015281866174508259,0.7071051298397308,0.7071039549383411,0.5002186057935659,0.002494441358375984,0.9999957246356601,0.0014894446977387005,0.0003317034883013235
371,0.7071067796369247,0.7071067796356117,4.683328043950737e-05,4.6813452941896616e-05,0.5000067657068713,9.18225227678888e-13,6.0179859745674285e-05,2.762679883844101e-05,0.9999999978075742
372,0.0006333506682607112,0.00015621848898353413,0.7071067639301601,0.707106497542577,0.5000690118573974,0.00033719782596609794,0.9999997304098658,0.00033710964062798267,0.0005584218042397031
373,0.013438744681832702,0.010167096510517368,0.7070336838854012,0.7069790662681549,0.501594713315679,0.01669376770004358,0.06959095390769333,0.9974332706623392,0.002299528224363202
374,0.7071067299644219,0.7071067299570601,0.00026916432336717084,0.00026914498324210354,0.5000310657547516,5.221187196379451e-12,0.0003798488484104786,2.4562315431009444e-05,0.9999999275557699
375,0.707106087054735,0.7071060815786302,0.000994683123773533,0.0009945354271636794,0.50012162234466,1.4619853250438483e-10,0.0013937464787202535,0.0001896470027667475,0.9999990107518957
376,0.7071062755931135,0.7071062699230747,0.0008503149223638911,0.0008499808247315799,0.5001204897923424,0.9999992772482955,0.00045850838629548393,0.0011114283284597343,2.844498970111243e-10
377,0.031401592690052715,0.03079414986830417,0.7064359279749829,0.7064091873528506,0.5035279247257185,0.0439790292451415,0.033922385933996206,0.998456274477223,0.00042973973348944865
378,0.0021273579639855046,0.0020030665098980122,0.7071039440736846,0.707103581060156,0.5002314396749769,8.78445748309477e-05,0.0004610554686117824,0.9999956247406847,0.0029206524409248575
379,0.6929488739042355,0.6929446269165433,0.14081102239348198,0.1407901209419793,0.5166149681642097,2.9802155180227962e-06,0.02679064028533173,0.19731159057555844,0.9799746924328068
380,0.022287612293738136,0.015093886560354151,0.7069456659379757,0.706755447335377,0.5030742983702978,0.026431442642025366,0.9679712787936745,0.24961378238642112,0.005093320440945213
381,0.7070951761999044,0.7070951740914233,0.0040515153485094196,0.004051147346805403,0.5004741001792761,1.481795521815483e-09,0.005710207031824805,0.00046915572940594224,0.9999835865795771
382,0.016608089931838297,0.013917772020358796,0.7069697982389299,0.7069117139705777,0.5019726742932644,0.0019092190461851134,0.9970365089980812,0.07381508447284135,0.021584436796645748
383,0.7066570199437602,0.7066570150639021,0.025216325286943397,0.025216188534453402,0.5027402066125479,3.4826860716667865e-09,0.0001731459044434233,0.03566075217487448,0.9993639381000399
384,0.0019825822171840994,0.001030304899784749,0.7071060305723706,0.7071040018043689,0.5002175640470133,0.0006747714268856093,0.0025721875706043442,0.9999941958284905,0.002129986844061212
385,0.7070747326798065,0.7070747007806665,0.006735541251067744,0.0067327450595488555,0.5009633828220014,1.899340542773204e-08,0.008689766190351748,0.0038968366066252317,0.9999546502857246
386,0.707105970347787,0.707105969802094,0.0010712003693798366,0.001070840093477036,0.500147075638179,3.905839681116593e-10,0.0014354220285446987,0.0004834587232908602,0.9999988529149649
387,0.00789264623064832,0.007218619567991062,0.707069933975088,0.7070627314004609,0.5008692444294068,0.00047755332087006736,0.009127962189349931,0.9999011340994098,0.010685236348124296
388,0.0011851078152494842,0.0007061914987510334,0.7071064285477621,0.7071057880681436,0.5001295546638791,0.0013376810531340899,0.999998719688442,0.000810823358736393,0.00033733717073531814
389,0.00032697705977560785,0.0003184359597000489,0.707106709484883,0.7071067055869301,0.5000355400712025,6.033750474376366e-06,4.951594634041175e-06,0.9999998958300057,0.0004563759983881774
390,0.0037386800626551297,0.0035767920290428394,0.7070977347996389,0.7070968973707836,0.5004064860449263,0.005172832655164764,0.0010635411203634294,0.9999860487579088,0.00011389535363841818
391,0.0027747281226098474,0.0012135079014974836,0.7071057398993256,0.7071013370683479,0.5003061091144306,0.0011031932064654772,0.005589546097148785,0.9999797924242502,0.0028204046395166804
392,0.0031729461623999744,0.0022621177742752235,0.7071031627868579,0.707099662291429,0.5003484446738691,0.0006435669163614374,0.004444964723842455,0.9999825286095927,0.003843251982155952
393,0.015255082203598582,0.014687716266606124,0.7069542212837159,0.706942205888823,0.5016837773669994,0.021172773297326468,0.9996598194000245,0.015224944496809322,0.0004002662450118202
394,0.6938837094979019,0.6938700111227905,0.1361778530615927,0.13610803684366815,0.5197456026660471,9.609296774168082e-06,0.1060370675020599,0.16070452910066246,0.9812900664685096
395,0.7069209447974301,0.706920933335408,0.01621092262020551,0.016210652526468958,0.5017798522738154,4.444388691436027e-09,0.022922947831018135,0.00034311844693380746,0.999737175827964
396,0.007000067182564967,0.005144177916757479,0.7070880690787797,0.7070721314402343,0.500785764820888,0.0013168569006472574,0.9997575503044092,0.0202330695229482,0.008586582259717547
397,0.7071065991144274,0.7071065936616914,0.0005149758819872143,0.0005147226499824819,0.5000766712601786,0.9999997349301818,0.0003741376924827469,0.0006246283314877604,1.3116215361601896e-10
398,0.007997143117490607,0.007925524906595247,0.7070623636249879,0.7070615572225364,0.500873660866564,0.011259026866355448,0.0010233194167104968,0.9999360902449139,5.056786900042722e-05
399,0.7054302802059645,0.7054300738991114,0.048666321400879696,0.048663330840930254,0.5055328930561936,1.4566904998599542e-07,0.003798246501953366,0.0687175663912653,0.997628923694953
400,0.4179938108676305,0.4179438385391857,0.5703708862022524,0.5703342652132759,0.5372432166066919,3.537155949777828e-05,0.0465851622337243,0.8052539627739611,0.5910971805425621
401,0.7071067215099892,0.7071067214627741,0.0002906237524505705,0.00029050885253197213,0.5000411743426909,3.389474779736267e-11,0.00015821059447505972,0.00037924525927655563,0.9999999155712159
402,0.7060115717872077,0.7060104555370095,0.03936034390629571,0.03934031650297136,0.5058754975046386,0.9984503507057354,0.04668928074289861,0.030282143891848693,7.833988910088246e-07
403,0.024912600932857253,0.023387897535498046,0.7067198923540243,0.706667787800445,0.5029033570188567,0.0010821275783747225,0.997210560507301,0.06635862096497804,0.034153483515958906
404,0.00399228969581049,0.0031546642178434323,0.7070997440910813,0.7070955109622638,0.5004386077587002,0.005053386989617003,0.005368668078752563,0.9999726431856614,0.0005946118698663402
405,0.7071043840922936,0.7071043765419881,0.0018440919625013004,0.0018432167570161281,0.500272832329034,0.9999966009326335,0.002276979012951679,0.0012702321654266791,1.5991084241697478e-09
406,0.013085412249875085,0.01292999705895456,0.7069885537800877,0.7069856943314357,0.5014252611831489,0.018395670307246384,0.9998241847681721,0.0036313520928875622,0.00011022066123650674
407,0.010754462532612665,0.009757983795755406,0.7070394485131981,0.707024993572104,0.5012004421343165,0.014504536306209499,0.9997265989778614,0.01832622671582427,0.0007036597607712517
408,0.7070388532366125,0.7070388374787971,0.009802157754156913,0.009801021062228682,0.5011684833089771,1.1281805773843261e-08,0.013785583485554915,0.0014491371441048841,0.9999039242294798
409,0.0010348389745990917,0.0007676034775161805,0.7071063645484343,0.7071060239513581,0.5001128668834306,0.00018955685490601418,0.0004327733627839183,0.9999990762997828,0.0012744312460083417
410,0.7068604841845516,0.706860440757182,0.018663260502046742,0.01866161564244117,0.5021691071849059,0.9996516527316183,0.002095505430547015,0.026309352860608547,3.1106111334924464e-08
411,0.003594454947719309,0.003376222473449303,0.7070987209165396,0.7070976452326972,0.5003912360021014,0.0049289936319128844,0.001360974037326966,0.9999869142969331,0.0001549397882088097
412,0.00721848424402847,0.0055085852794740115,0.7070853240509375,0.7070699353566231,0.5008075202317632,0.001211942847679152,0.9997679780523638,0.019533024203308023,0.00899901222893293
413,0.7071058587926289,0.7071058577712083,0.0011427622874775503,0.00114213008925807,0.5001749428473135,0.9999986948157572,0.0010794952050693254,0.0012021051903647645,7.296413919049456e-10
414,0.18872709010907027,0.18871039944730086,0.6814604795147268,0.6814558573076939,0.519544760231064,0.2668886083405492,0.005863538623707026,0.9637095462400558,1.1774630683828404e-05
415,0.7071067515615677,0.7071067515360672,0.00020477331746714,0.00020468524238740715,0.5000296018367262,1.8104681818957153e-11,0.00012374515416483357,0.0002617542680041938,0.9999999580859203
416,0.7071064334293782,0.707106433410554,0.0007013055011708672,0.0007012865211022217,0.5000781169159686,0.9999995081837842,2.407876514241228e-05,0.0009914899917404082,1.3354158512697094e-11
417,0.013545975472830495,0.007378875924789125,0.7070682797227832,0.7069770198164428,0.5016954471851758,0.014793493182426235,0.9930475597365762,0.11669876965892338,0.004369647684363871
418,0.7071066514979368,0.7071066566214887,0.00042849989420684707,0.00042826087294551505,0.5000658485574073,0.9999998164902161,0.0004341679259312833,0.00042251360537130816,1.0205100709889544e-10
419,0.7071011724871897,0.7071011768608342,0.0028165817127776267,0.0028163570870182986,0.5003272188410629,0.9999920674686444,0.003972837720634245,0.0002855875204858387,6.320445613662615e-10
420,0.021635444812442447,0.020955490308990094,0.7067961993572852,0.7067757123216397,0.5024118724139078,0.03011634941642842,0.9992092495088188,0.025954780863797527,0.0004801501327838679
421,0.010633866426782676,0.010538165868579209,0.7070282505389222,0.7070268176560349,0.5011550742851709,0.014970887650232252,0.9998862712446007,0.0018200333838061234,6.766107054333262e-05
422,0.01199190644694937,0.010619026838470639,0.7070270406915206,0.7070050878033148,0.501353355985012,0.015988699338590404,0.027878262923862623,0.9994829827991722,0.0009649065699353745
423,0.7071055668523241,0.7071055614085093,0.0013134021313860212,0.0013133076650991176,0.500151314255386,0.9999982750974235,0.00012000985181275938,0.0018534831581121316,1.2706386188525445e-10
424,0.0069843497363852895,0.003754956508136558,0.7070968111240779,0.7070722868694255,0.5007977345256506,0.007591257476129341,0.9994834047444536,0.031145510126402605,0.0022920840583812636
425,0.448856025152387,0.44854172898057626,0.5466354519817076,0.5463774049908454,0.5489515227571784,0.6345560370296307,0.373541052379114,0.6766133816554919,0.00022320782970799147
426,0.703363394679538,0.7033596828970439,0.07269913263631572,0.07266316140164022,0.5106734413829135,0.9947034236806955,0.05359281721521664,0.08770922901205909,2.6378574353065536e-06
427,0.7070984734445162,0.707098467176651,0.003428952672434281,0.0034276599064203416,0.5004823704079759,0.9999882466464969,0.004519633254275894,0.0017548458937237767,4.429892462161753e-09
428,0.08076012139464536,0.0804597203183612,0.7025142229209971,0.7024797525853136,0.509037615413236,0.00021263577598540256,0.04377559034476342,0.9925158607743172,0.11399964292669315
429,0.7069601867337256,0.7069600249377597,0.014405663469677447,0.014397721118815456,0.5021998702048207,0.999792569729626,0.015385875864683535,0.013345124101833323,1.147329632765436e-07
430,0.09618202441245467,0.09618045292768994,0.7005350244453243,0.7005348088132821,0.5102613278865422,0.13602081151462347,0.9907059421851555,0.00027377490143620174,1.0972292876951986e-06
431,0.0037490655299619842,0.003510418800376412,0.7070980674275993,0.7070968423827474,0.5004085722519173,0.005133241128366099,0.9999856011845949,0.0015552784260521107,0.00016842808565098238
432,0.7069835042410447,0.7069834656534958,0.013205275179903449,0.01320320911965011,0.5016212315106247,2.7286373127817745e-08,0.018485220500963566,0.002645873516429362,0.9998256327862247
433,0.001826029517311247,0.0004309354221573855,0.7071066498730316,0.7071044234172221,0.5002006393314059,0.0015968200526174678,0.9999942576792042,0.002822148026252187,0.0009850151550715649
434,0.012403016164226613,0.010432195227235425,0.7070298220745307,0.7069979951810553,0.5014180653980482,0.016146582000938235,0.04052314086869468,0.9990471508126684,0.0013976397662479687
435,0.018543373976129637,0.01828344312385378,0.7068703669751172,0.7068635959515679,0.5020350572255889,0.00018308429444666917,0.00859068158649275,0.9996239588860395,0.02604049713471164
436,0.7071061048602627,0.7071061100836229,0.0009780250389935733,0.0009779925066758456,0.5001092586152458,0.9999990434983788,4.119099601124175e-05,0.001382499772824606,3.17666387956947e-11
437,0.007202432687103608,0.005579594835804235,0.7070847672814544,0.7070700990449166,0.5008090539082255,0.0011439067816539433,0.9997854072457291,0.01860463768389164,0.00903871630370585
438,0.7070886615629937,0.7070886419255177,0.005064825752340067,0.005062083467197631,0.5007707310184251,0.9999743610968328,0.0044453676609529395,0.005613898403907621,1.406941781598222e-08
439,0.7063464874803057,0.7063456876380285,0.032798926128164846,0.03278169648194593,0.5049370655206321,0.998924216755348,0.03785928965194304,0.026778412321224722,5.657490395173528e-07
440,0.010983993573248597,0.010947671836403453,0.7070220282857962,0.7070214649394894,0.5011940302557101,0.015508029208289866,0.9998794864100748,0.00071625614700795,2.5759067846153648e-05
441,0.7069366586701391,0.7069364858177926,0.015518133533841499,0.015510017030847728,0.502341937800751,0.9997592844796738,0.018002945563720674,0.012540615921916793,1.2566789645530523e-07
442,0.005014066077334591,0.0015311599428832238,0.7071051234075526,0.7070890036914399,0.5005666260691055,0.0046285441751149695,0.9997765991202835,0.020475999170823506,0.002462090213127244
443,0.7045930699372077,0.7045910172724724,0.05959444922925966,0.059570175393879196,0.5084213663414867,1.4409986478200765e-06,0.07728370623820156,0.033575778851483204,0.9964436240061555
444,0.005013811330450217,0.0013653436110476307,0.7071054630229054,0.7070890054978626,0.5005677404510807,0.0045138191527201044,0.999768718812431,0.02086879050027916,0.002574471574928868
445,0.70583245167879,0.7058323013048422,0.04243547892819046,0.04243297767379307,0.5048145198358985,0.9981977121461784,0.05992711144420942,0.0031731341104378192,1.07756018973069e-07
446,0.00816101084592212,0.008009372049546923,0.7070614188027602,0.7070596848229809,0.5008880471589384,0.011434188412042644,0.002200760966594263,0.9999321999578339,0.00010711682048922415
447,0.7071039454517962,0.707103944123126,0.0020049079954669482,0.002004439336694044,0.5002594203022698,0.9999959812753634,0.0006092037424274132,0.002768809116747883,9.409524968928335e-10
448,0.047905476359936056,0.04774774053410082,0.7054928442400301,0.7054821509682061,0.5052537624178958,0.06763703920157262,0.013554413007185233,0.9976179110744982,0.00011099292381904002
449,0.14047351868090885,0.1401138165363389,0.6930859386942081,0.6930131243702494,0.516092788246085,0.19840520482103557,0.09269703254715726,0.9757266877163902,0.000256388177223243
450,0.7061226704343332,0.7061218939394673,0.037307786041767294,0.03729308647302693,0.505257195364021,5.541088848746646e-07,0.02014074983517796,0.04875443973731757,0.9986077081625535
451,0.7071058490745857,0.7071058542695151,0.0011481760964872287,0.0011481308756543082,0.5001290036150439,0.9999986817427017,0.0016227185615860244,5.7422348084729165e-05,5.145173953478821e-11
452,0.08963795524508762,0.0887442202058971,0.7015158325939935,0.7014021934521423,0.5109155078466806,0.1261352455315626,0.9812461658413336,0.14575823263611148,0.0006320404777435844
453,0.0028896730593511795,0.0018810872549800796,0.7071042790923684,0.7071008766715036,0.500317095836705,0.0007150294344405946,0.9999847374071252,0.004316972683501952,0.003373044998020641
454,0.7071067787813047,0.7071067787799643,5.8338849870090673e-05,5.83226017357638e-05,0.5000077832359968,0.9999999965975254,7.969091659488147e-05,2.1314433833933858e-05,9.452059086937902e-13
455,0.70710672977604,0.7071067349987562,0.0002697591100401096,0.0002696394495999245,0.5000391618103488,0.9999999272622909,0.00034148610419576573,0.00016989011410726914,3.278185429605623e-11
456,0.7068924641924625,0.7068924477552577,0.01740882840905052,0.01740816095696431,0.5019502212046402,0.9996968983774591,0.0008474500761330211,0.024604739438730157,1.1729799705744447e-08
457,0.017681527391915128,0.017041431219951993,0.7069014002161877,0.706885679292705,0.5019657579463597,0.024552858213361537,0.01993934781274104,0.9994995625939607,0.0004515937097592963
458,0.04014629861007884,0.037591413717769306,0.7061068514146426,0.7059661994089456,0.5051475205316313,0.0018050056942687416,0.18124717559268846,0.981898478286979,0.05496891514150312
459,0.0038400194141914455,0.003238723128959833,0.7070993640730375,0.7070963542906457,0.5004205262647937,0.00042636381861525037,0.9999800572343838,0.003827539305532356,0.005005326190977355
460,0.7069047938980974,0.706904610262173,0.0169079696752073,0.016900290303513168,0.5024740245885031,1.278791727474896e-07,0.010980821081886616,0.021234896261774994,0.9997142095364593
461,0.6799779133406715,0.6799536400260354,0.19406969731349272,0.19398463178528402,0.5264147322392598,0.9616168233323826,0.2466935764766879,0.1201472600992776,1.731839245499441e-05
462,0.006975676835918122,0.005739480843545698,0.7070834875455979,0.7070723724857872,0.5007758796275816,0.0008721439631748613,0.01410924958878624,0.9998596538356608,0.008991166363720025
463,0.006635155778915589,0.005205465858778344,0.7070876205433314,0.7070756499185912,0.5007398657851303,0.001013002779311356,0.9998493443127174,0.015171239595297719,0.008372334916735447
464,0.7069912203622528,0.7069910960979727,0.01279023213972919,0.012783652844808242,0.5019191069359703,0.999836480721598,0.010041898867300333,0.015039018763990152,8.565964237981929e-08
465,0.0012123400552069888,0.00032046771225736345,0.7071067085669944,0.7071057419025768,0.5001325749615558,0.001085575509164035,0.0012278537633827428,0.9999984599524032,0.0006276892367740582
466,0.7071044248309325,0.7071044195010631,0.0018275453653313538,0.0018275215647324706,0.5002002644179108,0.9999966601158546,3.02197545460244e-05,0.002584345932405627,4.3572178673450067e-11
467,0.7071065998483722,0.7071065997905612,0.0005064905048636704,0.0005064097889701648,0.5000625296151407,4.038254155372109e-11,0.00010331349717548312,0.0007087381936817249,0.9999997435082147
468,0.7070645594090874,0.707064559727159,0.007727601696250132,0.007727148738983661,0.5008807801646245,3.4918344692304468e-09,0.0005765776641181345,0.010912937909083183,0.9999402858893088
469,0.005128916302212351,0.003134751889852067,0.7070998326478247,0.7070881799447347,0.5005739432209404,0.005843392731897477,0.9998726699344722,0.014782133345693364,0.0014096855063589484
470,0.0005047228996743089,0.00036444557371834375,0.7071066872682119,0.7071066010544631,0.5000548528202297,0.0006145560163012337,0.9999998002251226,0.00010947116478207624,9.943180822298789e-05
471,0.7071067698333453,0.7071067698207645,0.00012678187904946846,0.00012671169215824516,0.5000194969695384,8.73426153081757e-12,0.00013422234482138876,0.00011880176739244313,0.9999999839352517
472,0.7071063773409001,0.7071063771016585,0.0007559511673097769,0.0007557273508251803,0.5001013200455809,1.720232870845251e-10,0.00029577501930585896,0.0010271821328746323,0.9999994287068391
473,0.7071065587691626,0.7071065586821869,0.0005609533271361933,0.0005608436796766639,0.5000706608223805,0.9999996853928168,0.00014107638250212079,0.000780584218748074,6.236758786934963e-11
474,0.002350131140051887,0.0003520749742097005,0.7071066935358523,0.7071028757427836,0.5002591955876703,0.0014028782897166664,0.9999854440333582,0.004844032238567839,0.001918073400685924
475,0.7071067774348223,0.7071067774327098,0.00011295711844603569,0.00011294389300236492,0.500013533588406,1.4659324189951803e-12,0.0001588440584298309,1.685819313277295e-05,0.9999999872421852
476,0.0037411590876414826,0.0023359994053613864,0.7071029225698123,0.7070968842589203,0.5004135983884487,0.004297019477912855,0.007648854671304204,0.9999610201691167,0.0009943782717501128
477,0.0011526377678775666,4.622641318464759e-05,0.7071067796755443,0.7071058417423632,0.5001260950923949,0.0007686730376170623,0.9999986287098536,0.0011882203951517048,0.0008601467702981018
478,0.7069945396006143,0.7069944178022985,0.01260557994650099,0.012598746934337053,0.5019186764569907,0.9998411728519155,0.011125668633235499,0.01392295110838701,8.638169561505976e-08
479,0.707106761247607,0.7071067612265676,0.00018888686441109994,0.00018880808616685243,0.5000271236392734,1.475766897250467e-11,0.00010976012045337978,0.00024347372939827907,0.9999999643366224
480,0.7052423891863389,0.7052421569973837,0.05131763823168588,0.05131444723218907,0.5058359917017461,1.6293133481559202e-07,0.07245839258397693,0.004056332403734151,0.9973631873653407
481,0.7071067552756058,0.7071067552667925,0.00019145774377848685,0.00019142519063790786,0.5000236901371314,0.9999999633501631,0.00026749709677632486,4.177289168522583e-05,6.421358275646218e-12
482,0.0035239218198061285,0.002156953568165841,0.7071034914008753,0.7070980002623475,0.500388679259276,0.0009705423618022182,0.9999672131079722,0.006964354628684738,0.0040160330191964895
483,0.7071055161281313,0.7071055212167828,0.0013376529105102117,0.0013375579122614,0.5001543819614861,0.9999982108101606,0.00012105258080438541,0.0018877824955036834,1.2638209152322186e-10
484,0.0012325819298406383,0.0008414120026826698,0.7071062805730502,0.7071057069079636,0.5001344375420662,0.00027768853332468346,0.9999986212657015,0.0007281719307109031,0.001466329230724814
485,0.7070326582763345,0.7070326575909376,0.010238217613382361,0.010238170281007791,0.5011140589351573,0.9998951738904457,6.014072529015361e-05,0.014478867831948936,4.866711536102959e-10
486,0.7069856904917536,0.70698558333678,0.013091692145967282,0.013085619583600236,0.5019193563282999,7.97558220210224e-08,0.016316280195938542,0.008740986425976607,0.9998286724018467
487,0.03853793781310904,0.03617281596726957,0.706180945215172,0.7060558245274298,0.5048739088378598,0.001669855819431725,0.16087186305217321,0.9855590283753813,0.05282856090630638
488,0.7071011945153856,0.7071011901716489,0.002811913554579581,0.0028108210394047397,0.5003977691289682,0.9999920961823888,0.003684185534393606,0.0014947741308149612,3.06091475059952e-09
489,0.026053198091988777,0.025833984940611527,0.7066347042299075,0.7066266559288436,0.5028567951735536,0.036689780050443675,0.010220358561094307,0.9992744269529528,0.00015475329468776132
490,0.7070168498546542,0.707016813644906,0.011279415915915924,0.011277476279479542,0.5013984194116285,0.9998727885613056,0.0024935411997371003,0.01575401367663666,2.2041431516969093e-08
491,0.0013994158284737293,0.0006382585413075413,0.7071064931295937,0.7071053964122582,0.5001531140924861,0.0005378730012308752,0.001392255716127503,0.9999978479403795,0.0014409827414239686
492,0.7070524238368652,0.7070524174197217,0.008768068255198705,0.00876797561708993,0.5009589512995312,8.135524400552514e-10,0.012399296613867305,0.00011773203066988446,0.9999231188359688
493,0.7040802981338307,0.7040769686661978,0.0653882420150524,0.06535243835136229,0.5098632640005416,2.3577023318311273e-06,0.07143090332439105,0.05868721702849076,0.9957175486061076
494,0.000846042848789984,0.000599591881832519,0.707106526974243,0.7071062750474632,0.5000921829274132,0.00017385026058319274,0.999999411273114,0.00031961617688132073,0.001022289104726882
495,0.004515167049128459,0.004399431308543923,0.7070930950053042,0.7070923654421233,0.5004906223875787,0.006303567261301586,0.9999796993404446,0.0009269183955270276,8.227455486799285e-05
496,0.7069024842758894,0.7069024123130843,0.01699939604646802,0.016996622399947703,0.5020918425852,4.750897659186e-08,0.02377359820832922,0.0035609924431262894,0.9997110259275187
497,0.0019200268169475864,0.0007200060836419967,0.7071064146161002,0.7071041744304858,0.5002109852171415,0.0008385277795385357,0.9999938616577604,0.0028410799100928264,0.001871305133114731
498,0.013548520507206377,0.013278055458667615,0.706982102491448,0.7069769710478959,0.5014799616440889,0.01896925643244701,0.9997988435011436,0.006511786933086935,0.0001909845483605718
499,0.7070737282566835,0.7070737195082939,0.006837776005811553,0.00683741613660078,0.5007779565045952,0.9999532461869743,0.009659034083468222,0.0004566187743623648,2.4455094535637166e-09
500,0.707097361585992,0.7070973561867232,0.003650873011537075,0.0036498271368641385,0.5004876407013237,0.9999866748552829,0.00137850249952114,0.004974921379697739,3.85083054398319e-09
501,0.32132587143422614,0.32129372605144546,0.6298970881024837,0.62988069056532,0.5309709140977351,0.4544006751052651,0.8905538756675215,0.020828357606627212,2.2734676117109497e-05
502,0.6962801127337676,0.6962786701206232,0.12327211174899742,0.12326399290934845,0.5137558975844403,0.9846877548319277,0.01030660500308815,0.17402241055773118,1.022929950887666e-06
503,0.7070767189982572,0.7070767124951279,0.006520939125737723,0.006520233942056303,0.50077337625941,0.9999574810471986,0.009177620877005563,0.000898539247151626,4.5630787249789945e-09
504,0.7071038035639164,0.7071038002760441,0.0020532012018868646,0.0020520685762136126,0.5003146889335409,0.9999957866808149,0.0019088649545353057,0.002186973982986528,2.3066984887459946e-09
505,0.0010361398223806234,0.00034617623486104583,0.7071066964482927,0.7071060220463916,0.500113108324829,0.0009775487394305517,0.9999990375130297,0.0008553065559964883,0.0004876701540419092
506,0.006255718237462571,0.006179862800700467,0.7070797757649171,0.7070791087207531,0.500679427518728,5.366371338753992e-05,0.0008463040973557183,0.9999609787659093,0.008793283522545416
507,0.7059591867533035,0.7059587396666837,0.04027726267047048,0.04026951796460506,0.5050453486132076,0.9983767365251319,0.00996339936063326,0.05607693499566697,3.117266549636011e-07
508,0.22934231461310114,0.22835580952112583,0.6692186669975211,0.6688812321540297,0.5317373039809398,0.3236414502160702,0.7992742115402415,0.5063758107893362,0.0006962156148468229
509,0.019854350766547398,0.019426090285985784,0.7068398878219885,0.7068279880958588,0.5021892015926686,0.027775469489692332,0.9994999853210458,0.015106657971584338,0.0003025273335475376
510,0.7071011593470905,0.7071011532190208,0.002821190583387391,0.0028196542301261248,0.500430394900386,4.343582339866209e-09,0.0031032654988731325,0.0025058550494323354,0.9999920451851949
511,0.002275064428274193,0.001402746061001169,0.7071053898136318,0.7071031212502509,0.5002492409178929,0.0026007798444130314,0.9999922800800463,0.0028803065194620806,0.0006160834889426995
512,0.00023124900959189176,0.00015673435369375528,0.7071067638160038,0.7071067433732305,0.5000251489538523,0.0002743733217040443,2.593911954219819e-05,0.9999999606426992,5.254561409708816e-05
513,0.021477043058192407,0.019336005396894847,0.706842357881367,0.7067805434655624,0.502552280265521,0.02885936113652959,0.9964769546589879,0.07873077130522717,0.0015105489146542835
514,0.7070761158739273,0.7070761043802737,0.006586547990849309,0.0065853140137708075,0.5008245665061261,8.271044031176926e-09,0.00917700341756152,0.001591095022238288,0.9999566245717578
515,0.7071067600833493,0.7071067600619741,0.00017284286962514884,0.00017275540144704232,0.5000259253596591,1.5225099280058262e-11,0.0002061886792781035,0.00013116903158496047,0.9999999701404565
516,0.3651967448282938,0.36519502506058477,0.6055019353156456,0.6055008980726713,0.5329338040221053,1.220355366878879e-06,0.8563073051467194,0.0013154429546912384,0.5164649734112604
517,0.7070850505276436,0.7070850266789352,0.005546624780126448,0.005543583707480941,0.500847288570396,0.9999692513438756,0.006007945769864858,0.0050399359519466,1.7014088751261553e-08
518,0.002406476254510012,0.0015187987260054869,0.7071051500664007,0.7071026862289047,0.5002641681660084,0.002775954264196103,0.003127666356710518,0.9999910598728978,0.0006260633815195298
519,0.020600596406645834,0.020272666198768108,0.7068161139965602,0.7068066322748363,0.5022678775982745,0.000231701683099921,0.9995097478396208,0.012037375397988912,0.028901762601028908
520,0.7068879268069745,0.706887884197763,0.01759315703361116,0.017591656624983243,0.5020395299390727,2.7116623019110436e-08,0.0019111270330848544,0.024805909591950687,0.9996904593136706
521,0.026243073711467644,0.026237834535070836,0.7066198242611849,0.7066196297034013,0.5028439332426058,3.7060096006771904e-06,0.0002466229137465586,0.9993111709063492,0.03710960610382133
522,0.00900539349151598,0.004832157845657849,0.7070902702276014,0.7070494345433357,0.5010553028306218,0.00294897528422723,0.9986075714717148,0.05175394997444802,0.009785213648940326
523,0.003078767630479795,0.0017909877192552267,0.7071045130410301,0.7071000786238679,0.5003390023176083,0.0009164872713087512,0.9999778070079531,0.005630190444189131,0.003441874229913443
524,0.7071035176123958,0.707103511539826,0.0021503413792783536,0.0021500769109178224,0.500257361173108,0.9999953765899273,0.0030220609932888306,0.00033755906615107986,5.720237237653023e-10
525,0.0038660113271833186,0.002913148451008259,0.7071007803461278,0.7070962126587997,0.5004254426359775,0.004793281077620069,0.005784557754782777,0.9999715528024302,0.0006759689271341893
526,0.6987717154278958,0.6987714640958534,0.108251782101214,0.10825012571795685,0.5116454737506491,0.9882122555169618,0.153075437667317,0.0021091299157557715,1.8041122449752537e-07
527,0.7070979799950466,0.7070979786196189,0.0035282619020342645,0.003527986242171665,0.5004087872553646,0.9999875522630404,0.0003505433596014161,0.004977191811387055,9.715592904287226e-10
528,0.5096311695193267,0.5096176054611367,0.49019373333821753,0.49017963141522475,0.5378452291357919,0.7207177205047307,0.6929978447640865,0.017887269516509513,9.593990072358968e-06
529,0.0017552084619668576,0.0017034741190499693,0.7071047292840897,0.7071046027592064,0.5001910606224792,0.002445659737304804,0.00016069900769085123,0.9999969957929925,3.6459135471491566e-05
530,0.7071066617524663,0.7071066564434344,0.00042001593919488396,0.0004199474550597783,0.5000519060889252,2.876809874823137e-11,0.0005874157715291888,8.781779744284733e-05,0.99999982361536
531,0.013610536011890313,0.008911080542598426,0.7070506294768251,0.7069757798628248,0.5016640271312659,0.0033230639983287897,0.9953011435518796,0.09545145153713049,0.01592517784709799
532,0.0034881998445955202,0.0034609400522629757,0.7070983113358088,0.7070981773854618,0.500379512026584,1.932609345251012e-05,0.9999879126683285,0.0001699206697012085,0.00491378374608673
533,0.706732657915612,0.7067325561035958,0.023002046501889157,0.022999080028780795,0.5027663775354457,6.853124462809571e-08,0.0037867705666619874,0.03230653485164879,0.9994708340789864
534,0.7071039395401401,0.7071039393243703,0.0020047423666503636,0.0020046662598599122,0.5002254704324192,1.5130366265128334e-10,9.656540136395332e-05,0.002833434998958517,0.9999959811525391
535,0.7069451308423552,0.7069451265925031,0.015119372870168022,0.015118927815339352,0.5016850992663511,6.679270544858582e-09,0.02137423762312005,0.0005651374195843365,0.9997713851604916
536,0.002203463307612928,0.0006366912360057133,0.7071064945425634,0.707103347997623,0.5002425100645557,0.001114750442753065,0.999989421215617,0.003987082965713528,0.0020044844029908134
537,0.7071063421213859,0.7071063418084182,0.000788272996168383,0.0007879922040746716,0.5001097566337607,0.9999993788467924,0.0010483757045809754,0.0003784368008202719,2.1814299367399203e-10
538,0.6989859769103096,0.6989857946809538,0.10685906060898895,0.1068578686047037,0.5114766584351478,0.9885153195995542,0.001516029993816153,0.15111308536997564,1.2641008067680368e-07
539,0.7071067722392744,0.7071067722371335,0.00014179901322226415,0.00014178833643072885,0.5000163940156835,0.9999999798945507,0.0002000657497366109,1.3586326984479081e-05,1.516091174829414e-12
540,0.7068281728855103,0.7068281459581451,0.019848729968567708,0.01984777104173847,0.502247939974587,0.9996059693215612,0.0012181290855400968,0.028043221252583513,1.872942976385785e-08
541,0.06820045757292607,0.06784092620648163,0.7038448754742821,0.7038101289316633,0.5076554212761827,0.09619578364755405,0.9943834463169078,0.04413465768669852,0.00025473543678799777
542,0.7070379556543588,0.7070379088734076,0.009868911587523009,0.009865937054519923,0.5013285050584753,0.9999026291945232,0.013386901982942782,0.003939921977041909,2.941027378678385e-08
543,0.5069020128417545,0.5068327551778601,0.4930725689782644,0.4930013685345951,0.5414406496387706,0.7168187287882597,0.691253832016859,0.09131838466495827,4.901618554548256e-05
544,0.7071021197890679,0.7071021151664472,0.002568798772843951,0.0025675260087237146,0.5003823749349326,0.9999934045197785,0.0018924145578155833,0.003099949045098156,3.3246318529791056e-09
545,0.0027907711031821144,0.002684409297210389,0.7071016857191282,0.7071012739322755,0.5003034970988786,0.0038715358902943376,0.9999923658465877,0.0005232513968530332,7.527526141464099e-05
546,0.0006966406470799275,0.00041484427068842365,0.7071066594964568,0.7071064380217542,0.5000759210439261,0.0007860499623380966,0.9999996317631762,0.00028119310713643476,0.00019882005375926787
547,0.7070962070466239,0.7070961952682302,0.0038691907672968777,0.003867037661940067,0.500594212435742,0.9999850375793278,0.0039611684355558355,0.0037727658418929806,8.240812156683414e-09
548,0.7071030766640704,0.707103076138754,0.0022890424006533493,0.002288880120606806,0.5002640140793725,0.9999947606426162,0.00020645133896182616,0.003230489926178187,3.752067215034664e-10
549,0.7070868289452065,0.7070868215793816,0.005312885164066229,0.0053126060066180985,0.5006028040024642,1.4816415591893787e-09,0.0003551289748177724,0.007504959344283928,0.999971774335981
550,0.7071066525053594,0.7071066523831818,0.0004267967294815573,0.00042659426071190847,0.5000631828123735,8.507946714084455e-11,0.0005265699664709957,0.00029472390805502694,0.9999998179309262
551,0.7070784781950099,0.7070784716574048,0.006327315278251533,0.006327173437889413,0.5006987918659894,9.189719533823435e-10,0.0001803919573959746,0.00894625626087446,0.9999599651774368
552,0.052338695038842385,0.051834790854372884,0.7052043352511943,0.7051671156553079,0.5059350895743735,0.07366178660375038,0.9961609130872277,0.0472995845217119,0.0003545922010786885
553,0.6458142265428217,0.6458124415997035,0.28796925230834813,0.28796524928347966,0.5281337728104113,0.9133179758049588,0.005083922495170168,0.40721545746937066,1.2675543884649877e-06
554,0.0005492188706901511,0.00035494726558161886,0.7071066920998829,0.7071065678938585,0.5000597955372488,0.000639327941885202,0.00015768568254529632,0.9999997737531227,0.00013743621062465758
555,0.7071067767738978,0.7071067767698646,0.00011703292497606132,0.00011700855390879118,0.5000149627313226,0.9999999863061385,3.1440466346163967e-05,0.00016247831945282617,2.8035269312318456e-12
556,0.0063399210397826165,0.004113939772638576,0.707094813656234,0.7070783587419477,0.5007135514580852,0.0015698864832897929,0.020848256238255553,0.9997540853192725,0.007392871950274797
557,0.7071063570696032,0.7071063568740792,0.0007746407340541656,0.0007744622354830918,0.5001000271706022,0.9999994000698093,0.0010705317539214893,0.00023199522600955607,1.3725236541342451e-10
558,0.7071057496756018,0.7071057490230415,0.0012081798552479582,0.0012077978740265278,0.5001642416366353,4.613570750496711e-10,0.0016312297125256239,0.0005075075291102082,0.9999985407618012
559,0.7069622429457747,0.7069621811311335,0.014299716758313137,0.014296399864306638,0.5018422949180716,4.823458024894338e-08,0.00430450155041084,0.019757029504726648,0.9997955446247754
560,0.003083017571414271,0.000991033756784261,0.7071060867027609,0.7071000601065268,0.5003415887916542,0.0014682502934844203,0.9999654456581648,0.007656392389011027,0.002886414095104511
561,0.6903791305204408,0.6903783287752068,0.15289788473870336,0.15289426458130306,0.5162929669725745,0.9763429626418634,0.004595120244843989,0.21617887077455733,5.626140271382756e-07
562,0.003979264944997394,0.003230372527758664,0.7070994022720711,0.7070955843805686,0.5004368513552616,0.0005293892935486331,0.004843765087716899,0.9999751337327312,0.005097999897844907
563,0.5741591944730777,0.5740096921515215,0.41293205175222647,0.41272414443795213,0.5479654272694736,0.8118780019655083,0.3127959737069093,0.49296326191623,0.00010563227489207722
564,0.701857883237958,0.7018576298280961,0.085999229369128,0.08599716121320289,0.5093809191199427,1.7988035071198074e-07,0.002622847109780152,0.12159152874214642,0.9925767581457607
565,0.707042223886012,0.7070421817901337,0.009557885197367425,0.009555160502122358,0.5012731304190197,2.6323382099527486e-08,0.0035785634117687613,0.013032580158024139,0.9999086686984614
566,0.7071048946415258,0.7071048874440543,0.001636506257243701,0.0016356725087953079,0.500246036383706,1.3545796504479224e-09,0.001936923135078258,0.0012656642741363674,0.9999973232077732
567,0.15920589590828085,0.1591183008232373,0.6889712376747822,0.6889510019786703,0.5170097385950913,6.210095062153951e-05,0.9740006642686534,0.025642844513769608,0.2250891971484369
568,0.05039622296203632,0.050374534926011,0.7053101489635508,0.7053085996293814,0.5054437199063287,1.5310882927242285e-05,0.9974561499002922,0.0019636619443193794,0.07125568625329522
569,0.009155037225973446,0.005879307471808846,0.7070823387298341,0.7070475127552538,0.5010593947921118,0.002329915666054382,0.9989604319266023,0.04426821073930083,0.01062790929327595
570,0.0025120434745296836,0.0006851806692699691,0.7071064492192523,0.7071023190724122,0.5002772400460164,0.001293350887849317,0.0052341122804699155,0.9999829119708388,0.0022598846079650726
571,0.0002465594170839097,0.00012772732563734048,0.707106769650617,0.707106738200432,0.500026841610206,8.334413671115247e-05,0.9999999606499692,3.992800475025825e-05,0.00026487651980327984
572,0.007325602210340786,0.006710565119060008,0.7070749382602817,0.7070688336733943,0.5008052943027717,0.00043417095340723277,0.007742756588179561,0.999920673647891,0.0099251008833418
573,0.2128835184072674,0.2126932746855282,0.6743601195974858,0.6743000871945156,0.5232175490895382,0.3009282360358366,0.07650512965787708,0.9505730606482063,0.0001351379693166738
574,0.7071064611449125,0.7071064607956243,0.0006731278348549589,0.0006727608149474308,0.5001027280186218,0.9999995471457954,0.0007381702716756523,0.0006006769899035173,2.499836953645965e-10
575,0.6805199918706403,0.6805198802935302,0.1920747242500171,0.19207431026657992,0.5197744027791149,8.26023366636125e-08,0.27163387873310174,0.0005256277324533535,0.9624005193472667
576,0.003970336280026092,0.0001936214982834195,0.707106754677606,0.7070956345713104,0.5004449438264459,0.0029312101746218,0.9998927180342169,0.014097920507887102,0.0026849704604115458
577,0.7071062408977706,0.7071062407567156,0.0008742327521411098,0.0008741186550662149,0.5001050281478086,1.0096350579313189e-10,0.0012275824589571915,0.00014631348027985456,0.9999992358165434
578,0.7071067796832181,0.7071067796828268,4.611488508786957e-05,4.6108885053670156e-05,0.5000055843376097,2.7409831171920087e-13,7.678772031349965e-06,6.475838453552206e-05,0.9999999978736946
579,0.1546300299251069,0.15460881232147006,0.6899971848874055,0.6899924302812027,0.5162525074756742,1.5018641864664805e-05,0.006047115584459149,0.9757812774341458,0.21866488235776552
580,0.005252280792871189,0.005155707958463171,0.7070879851018884,0.7070872743491246,0.5005711911695953,6.81937873233555e-05,0.0009016350673266048,0.9999725092601938,0.00735956029172223
581,0.706662439136578,0.7066621833434693,0.0250710716213116,0.025063860707043587,0.5033390902980404,1.8065113785606575e-07,0.0341495303152717,0.009516581583182018,0.999371424573559
582,0.04102350212538347,0.04086707162473059,0.7059248419320711,0.7059157685399647,0.5044925704297373,0.057905380962647114,0.9982557064044407,0.011510836683761991,0.00011011531641450333
583,0.7036614675959922,0.7036614053446547,0.0697181943855899,0.06971756608384755,0.5075563163126048,4.395929654126091e-08,0.0007961746890613472,0.09859275711180336,0.9951275467752657
584,0.7071031739129323,0.7071031732402279,0.0022604964381206455,0.002260286000478098,0.5002653684368377,0.999994890618476,0.00026732253826986836,0.0031854788668654447,4.781287863206419e-10
585,0.0004864676347388994,0.00013200191341917705,0.7071067688655626,0.7071066138491717,0.5000530011516859,0.0004362165564124229,0.00019681385121117872,0.9999998535945124,0.0002525675765146246
586,0.7070940074773621,0.7070939994603159,0.00425157937865777,0.004250245828488935,0.5005779631276954,0.9999819295783207,0.0017694171698531672,0.005745405094042056,5.6086661208732685e-09
587,0.01253567598926437,0.012494447445975419,0.706996385268709,0.7069956554516394,0.5013605387177322,0.017698969918942157,0.9998429321614726,0.0009255362033329592,2.9211238276466383e-05
588,0.7070699238733217,0.7070699181301869,0.007220171422215791,0.007219608976289027,0.5008367300094909,4.018904440141026e-09,0.010185334789046442,0.0007159499785145706,0.999947871826754
589,0.006131477115131765,0.005573436045257622,0.707084815853556,0.7070801969991766,0.5006742419404756,0.00827662363358567,0.005850049932727472,0.9999485580342804,0.00039459117062173827
590,0.0018496169482108515,0.0012995413275007045,0.7071055870182095,0.707104362111563,0.5002017450428085,0.00038864216772695984,0.0015537795473268023,0.9999962379322663,0.002226847031540501
591,0.7071067748686444,0.7071067748630353,9.456636203372531e-05,9.452441083575023e-05,0.5000137707004869,3.9583422821638344e-12,0.00011963675022507513,5.970518459666876e-05,0.9999999910611697
592,0.7070890277205589,0.7070890126839036,0.005012797791864352,0.005011419717794544,0.500665601111784,0.9999748784498087,0.0018099170642687215,0.006853223293494018,6.943456793634753e-09
593,0.7062080634850244,0.7062078158911832,0.03564436525241178,0.03563945943437312,0.5043037793818653,0.9987288461624777,0.006264266915784097,0.0500145059260759,1.7355869731796803e-07
594,0.7071067397009864,0.7071067396832899,0.00025718679517104805,0.00025713813609622193,0.5000323236113378,0.9999999338674631,6.281915755473591e-05,0.000358216166705953,1.2416840905224994e-11
595,0.7054776052240885,0.7054769717626697,0.047981687262649876,0.04797237254172981,0.5060049844682958,4.432656128580938e-07,0.0120093669157984,0.06677848415571425,0.9976955493335357
596,0.003841621406518828,0.0017900835058624015,0.7071045153306863,0.7070963455887548,0.5004270080953195,0.003981246263057519,0.9999372312319315,0.010371650892498018,0.0014533176465848301
597,0.7071050224060286,0.7071050209406871,0.0015777707279342364,0.001577113873227811,0.500226372664846,0.9999975116725841,0.0020355625177911575,0.0009127616749280635,1.043503983035233e-09
598,0.00865280694341944,0.0061119850739761285,0.7070803657565747,0.7070538373645927,0.5009901460678976,0.0018037278128840946,0.03375449836228572,0.9993740072719314,0.010439061045976456
599,0.0016150535817328476,0.0010628676638780186,0.7071059823762835,0.7071049367681773,0.500176307820252,0.0018931601163073735,0.0013291750318207634,0.9999972476002082,0.00039246721749551256
600,0.004028077083359348,0.0019295918439421508,0.7071041483935542,0.7070953079995738,0.5004482050541491,0.0014888458217793834,0.011211943303124593,0.9999271691467102,0.004210946180670609
601,0.7069971685946168,0.7069971716761502,0.01245016832632448,0.012450044144451599,0.5013631714148004,1.563800153317079e-09,0.00015729461249036937,0.0176064064748457,0.9998449828395678
602,0.7070275716257193,0.7070275382051264,0.010585849970411305,0.010583969519137539,0.5013162240561251,2.0183222992152026e-08,0.014772981750304275,0.0024165348297234307,0.9998879534075892
603,0.7070290443845044,0.7070289935997641,0.010488193806110544,0.01048476975160991,0.5014343122396139,3.578900890603288e-08,0.014110305475106593,0.004564196036323016,0.9998900276500211
604,0.707104156911636,0.7071041598454533,0.0019273245208160572,0.00192646782594652,0.5002803530202432,1.656877449010707e-09,0.0012148543177061414,0.0024392595351246872,0.9999962870640607
605,0.001044882484222887,0.0007732696151957876,0.7071063583748242,0.7071060091815068,0.5001140039601556,0.00019226524525946582,0.00044327419112433236,0.9999990568909025,0.001285596896031626
606,0.7071066762080995,0.7071066761911858,0.000385338622833081,0.00038530758453455063,0.5000447399549026,0.9999998515260955,3.9483323936613944e-05,0.0005434968777073718,1.203210586924144e-11
607,0.05954323588023868,0.05927516872413998,0.7046179492660691,0.7045953470332472,0.5066071414764186,0.00018918118125118725,0.9960492296675723,0.028757426301029995,0.08401730013301645
608,0.00030577206383811605,0.0002289474182944169,0.7071067441221867,0.7071067150744963,0.5000333272308873,5.4066808419103646e-05,0.9999999263660969,3.680116436226341e-05,0.00037814052360844855
609,0.010984137777709332,0.010303518604496737,0.7070317089808397,0.7070214626991745,0.5012190455820389,0.01505266814260188,0.9998018561067826,0.013016710301749551,0.0004805831266391285
610,0.7070928416004073,0.7070928363041238,0.0044416548518683525,0.004440811625694618,0.5005566144931582,0.9999802752526084,0.006186429286604525,0.0010849877418072499,3.821744280817535e-09
611,0.015583576236894646,0.015289284230731767,0.7069414670166911,0.706935040970292,0.5017051230990043,0.02183042034699698,0.9997283362532567,0.008163555088041254,0.00020690116633579952
612,0.012154460681106195,0.0019825608145600734,0.707104001864381,0.7070023119379155,0.5015500903536452,0.0071939310982888464,0.991419653992639,0.1301361141854814,0.0099954398194906
613,0.7071067560635341,0.707106756059809,0.00018850616108172428,0.00018849218744284972,0.5000217497144891,2.6685962193840737e-12,0.0002659818559657888,1.781936558224781e-05,0.9999999644680598
614,0.009621705963495245,0.004610898487120628,0.7070917476644327,0.7070413161720837,0.5011426957535585,0.010056711987635737,0.06413385042218712,0.997884267648067,0.0035637276136420695
615,0.7070546242936355,0.7070545748673711,0.008592764930568684,0.00858826321128178,0.5013001453358695,3.8548081791936265e-08,0.006985472284462471,0.009939670573076044,0.9999262003397358
616,0.0750400597655901,0.07501838366396525,0.7031160943346776,0.7031137812832158,0.5080644332097839,0.10610734292388886,0.002935121903787882,0.994350349023041,1.5323494366302678e-05
617,0.005703395241642414,0.0026621370043295044,0.7071017699218932,0.7070837795358565,0.5006449429348252,0.0021574982471625117,0.9997195276803353,0.02283090633316229,0.005912773622939536
618,0.6928574389248976,0.6928448571644669,0.1413011365879492,0.14123940429788656,0.5197161301528828,8.892606196248664e-06,0.08684488508810718,0.1799237240096525,0.9798394865453391
619,0.7070965773538914,0.7070965665506981,0.0038007331154142386,0.003798722734392794,0.5005766651185585,0.9999855619624585,0.004361927619188296,0.003138383990585191,7.570954645305264e-09
620,0.00029836918967293365,0.00024052553165929117,0.7071067402786282,0.7071067182369473,0.5000324020748186,0.00038105589486751276,0.9999999261694426,2.8007189013101396e-05,4.090366380639828e-05
621,0.00200124461012746,0.0002341546494950341,0.7071067424170072,0.7071039492323615,0.5002202549978927,0.001590017212198303,0.003545378759320969,0.9999916852059557,0.0012375999573196056
622,0.7071056059836901,0.7071056054330145,0.0012894825357306389,0.0012891805298417191,0.5001672869593804,0.9999983376227942,0.0017806868139932056,0.00039230870363531604,3.864918494227274e-10
623,0.7070997489290303,0.7070997480483273,0.0031537770993528345,0.0031535796331642763,0.5003617231523324,0.9999900542632942,0.0002514604039165657,0.004452880209524284,6.19935539086128e-10
624,0.0021585846950652244,0.001093564384194054,0.7071059355690196,0.7071034864233913,0.5002368866963735,0.002299001791020384,0.9999922573291166,0.003103209769250862,0.0007549580869376907
625,0.04925564240937285,0.04597311650376526,0.7056107089315614,0.7053891703810099,0.5067928648662395,0.0023130923895812454,0.29441059768919403,0.9533009777704008,0.06733717661014639
626,0.02628904946428943,0.014850974179510451,0.7069508105703144,0.7066179207169666,0.5040966151556225,0.02908028469880217,0.8760022577821177,0.48136096518623794,0.008124198277550553
627,0.7054141112321392,0.7054137121449753,0.04890291113886748,0.04889715405400699,0.5057871187516808,0.9976059209966129,0.007350164451842326,0.06876337306275876,2.878217786098367e-07
628,0.7071067792697796,0.7071067792678132,5.209125615050638e-05,5.2064556921261916e-05,0.5000078346550997,1.412776628560131e-12,4.063154248444976e-05,6.142715043105408e-05,0.9999999972878905
629,0.7070851483836322,0.707085124985874,0.0055340783975772745,0.005531761532178646,0.5007961688502365,0.9999693863267214,0.007131153659683064,0.0032207230308444364,1.258482990272882e-08
630,0.6927088658752744,0.6926973399239194,0.1420225424397881,0.14196628873705866,0.5193458095235148,0.9796301190919608,0.18532039796855782,0.07733808761283598,8.306708721580457e-06
631,0.7060695786063153,0.7060694302408196,0.0382879500502797,0.038285213938938946,0.5043929278539742,0.9985330616832787,0.05403326738240806,0.0034829213864565616,1.0547141735168463e-07
632,0.27145626105961335,0.27143716574417776,0.6529332776423521,0.6529253401130027,0.5267872039895902,1.3514136972701022e-05,0.010063508108025835,0.9233266435119402,0.38388362169144064
633,0.7071057859687152,0.7071057859414125,0.0011863760688591892,0.0011863597957567304,0.5001306025210738,0.9999985925301383,2.0636715658994506e-05,0.0016776506989586795,1.907599507726235e-11
634,0.012098263042401613,0.007631972995893555,0.7070655931299477,0.7070032758278929,0.501456608698701,0.0031460126809881124,0.07927804023404134,0.9967499071262693,0.013954124288691543
635,0.7071067382237983,0.7071067381842494,0.00024660582069814887,0.0002464923937679706,0.5000362685930938,2.7526968993766618e-11,0.00016282191037077129,0.00030832119046683183,0.9999999392135323
636,0.14110275805349992,0.14078820048602142,0.6929492640907295,0.6928852803095699,0.515996876723038,0.19932700791259966,0.9765394932501491,0.08148197589833708,0.00022280710748918668
637,0.7071067704132593,0.707106770404719,0.00012348201314771825,0.0001234330980226258,0.5000175853949765,0.999999984758231,0.00016112731006881522,6.724230222459896e-05,5.964701547923535e-12
638,0.0026757771984917177,0.0012049575823185816,0.7071057545213648,0.7071017184368794,0.5002951273595668,0.002744179094068529,0.9999826336355339,0.005110843468417505,0.0010398016593718524
639,0.6372922071502992,0.6372788248623145,0.3063914153205497,0.3063635792739114,0.531314326146366,0.9012578198394354,0.4318306328815324,0.03544921145508072,9.52157480310842e-06
640,0.000891385596396961,0.00031225108352863414,0.7071067122431123,0.7071062193417051,0.5000973062462132,0.0004072088666348911,0.0006260141978407254,0.9999993580183978,0.0008522030027852553
641,0.7066197911710516,0.7066192516651049,0.026253250774914725,0.02623872568138111,0.5040046282436363,0.9993109106270319,0.024616917052622637,0.027779692159158757,3.819497208455113e-07
642,0.004244347136615407,0.0027412521921195807,0.707101467638427,0.707094042908991,0.500469698721514,0.0010705518682977795,0.00941851200634908,0.9999428797113294,0.004937900859087792
643,0.022953070294751823,0.022692888563179556,0.7067425505858946,0.7067341484349267,0.5025168715002382,0.00018441559541089537,0.9994221096981809,0.010660019659189212,0.03227656453504421
644,0.04265033516962702,0.04226966377303562,0.705842245494358,0.7058193458230007,0.5047525999776439,0.06004751388555815,0.9977717944689739,0.02908041651507604,0.00026760725618372094
645,0.017231989637301028,0.01433911629485803,0.7069613778304012,0.7068967806781388,0.502055832575006,0.02232371993934352,0.08232903394217045,0.9963530390615193,0.0020501831740773477
646,0.021379136750361058,0.010972160247383867,0.7070216486780395,0.7067835117712614,0.5031056836231608,0.02288205285582453,0.3188865911100393,0.9474881984601966,0.007339444514959041
647,0.0077973519321245825,0.005404434010059728,0.7070861277758425,0.7070637887085229,0.500883945184265,0.0016985370692449986,0.9995532863861246,0.028341155067924968,0.009333893932700215
648,0.022185986955087056,0.022019571770940334,0.7067638491455406,0.70675864478818,0.5024259792164628,0.03125804980800661,0.9994895927574141,0.006593512831874688,0.00011781488472936528
649,0.7061127398405643,0.7061119485463694,0.0374955480030599,0.037480742721543885,0.5052915280492817,0.9985936499921708,0.04895023216539842,0.02036165430317315,5.538472909785579e-07
650,0.02176833862014721,0.020684918746530348,0.706804169580547,0.7067716317409152,0.5024762917337692,0.0007686936414465432,0.9986953303833732,0.041302671107423757,0.03001891969937551
651,0.7070987593809555,0.7070987579624757,0.0033684548273840596,0.003368157049993577,0.5003945577893083,0.9999886544507205,0.00037993063514985947,0.004748328395343254,9.876042789997424e-10
652,0.7070825742605584,0.7070825718501077,0.0058512037940670015,0.005850912498426866,0.5006649732605898,0.999965764532517,0.00036999704292479485,0.008266369523084406,1.654272030153084e-09
653,0.6813595801200288,0.6813588702926032,0.1890769416760909,0.1890743837188276,0.5196169466108086,4.989343543418492e-07,0.0032536165753638776,0.2673735709291756,0.9635874571347979
654,0.006087861267027569,0.00042262615921857474,0.7071066548881652,0.7070805738706124,0.5007003521407356,0.004512105909263712,0.033151104194990344,0.9994317203406037,0.004108718527791587
655,0.00229088754593008,0.000993109577800022,0.7071060837903802,0.7071030701632214,0.5002515705875217,0.0009230802764534496,0.0038271287533129684,0.9999895592720596,0.0023199903415398754
656,0.7070343474633558,0.7070343272707774,0.010122255717046861,0.010120845177592881,0.50123022490009,0.9998975489679802,0.014200330848472336,0.001800603150063324,1.425334924189172e-08
657,0.08207404875671848,0.08113194747792964,0.7024369061334901,0.7023274524896709,0.5099942997864254,0.0006659857830763461,0.1401902558221932,0.983375894453148,0.11540406770915175
658,0.0005771079163077592,0.0003464654850500728,0.7071066963066277,0.7071065456820907,0.5000628931026834,0.0006530000051927969,0.00019117472194352139,0.9999997551801492,0.00016334892902701646
659,0.0037754907018051486,0.003459192666356034,0.7070983198863464,0.7070967017812751,0.5004128496461756,0.0002226475060015154,0.0020514725403826452,0.9999847854424926,0.005115737681943809
660,0.7071067016351164,0.7071067015469463,0.0003356000557815404,0.0003354142305568219,0.5000514907000154,0.9999998874349417,0.0003151861765800743,0.000354665726555911,6.209128238401497e-11
661,0.7070719087054548,0.7070718691215871,0.007026513851369449,0.007023059862804454,0.5010451100846638,0.9999506511489737,0.00511001441644707,0.008519566855405548,2.4495421454292966e-08
662,0.7071061036526093,0.7071061030273293,0.0009793168558137426,0.0009788652745466374,0.5001437998489614,4.3836689782762054e-10,0.0012226429795174929,0.0006499098971632664,0.9999990413801761
663,0.7071067408869216,0.7071067408823841,0.00023874398414686727,0.00023873054457591782,0.5000272473123023,3.16740130659594e-12,1.7091817800062752e-05,0.0003371925750133348,0.9999999430045142
664,0.7070595082290745,0.7070594757101397,0.008179108050433355,0.00817675197986096,0.501094417737913,1.936971060327973e-08,0.011141305019060126,0.0031029669532706174,0.9999331192227587
665,0.012014782841076783,0.01197268531497221,0.7070054135622642,0.7070046994138591,0.5013058289511878,0.016961701395937227,0.9998557302979454,0.0009046490989901019,2.976784583288113e-05
666,0.07521879775174237,0.07250217197250286,0.7033800075775501,0.7030946824328196,0.5107682924171449,0.0019266203404176908,0.3940955097959242,0.9131124228066296,0.10445439488126766
667,0.706229386291359,0.7062284798437583,0.03523257381414055,0.03521439959057894,0.5052765862541773,0.998758535284422,0.027801765848409564,0.04133340068037032,6.415120726314656e-07
668,0.7071067733082141,0.7071067733013879,0.00010559971628456529,0.00010555399793805268,0.5000153343132219,0.9999999888535275,6.44430609198919e-05,0.0001346849600340076,4.713652665898441e-12
669,0.6777328694562302,0.6777243674632912,0.20171685325596342,0.20168826852011984,0.5229386990908641,0.9584530001080119,0.28289414632736504,0.03658891252610892,6.152958468207127e-06
670,0.707106765774295,0.7071067657571007,0.00014771774559910991,0.00014763541596155211,0.5000227209167989,0.9999999781916254,0.00014326135543020536,0.0001519635892288816,1.2040333608276583e-11
671,0.13708257890251416,0.1356761705358593,0.6939682822353794,0.6936918383269582,0.5189597253288046,0.0009921248701198837,0.9044690315079605,0.38044199867155865,0.1928695734896557
672,0.0009089657487896624,0.0008575703924952254,0.7071062611609622,0.7071061969614381,0.5000987776863915,0.0012491307472627807,8.161101490950942e-05,0.9999992158466654,3.630529328627983e-05
673,0.7049513803320238,0.7049498532859498,0.0551879004140996,0.05516839102215362,0.5075801402039894,0.996950723094545,0.026389800918997376,0.07343591851094056,1.0826483978957311e-06
674,0.017090621941343143,0.01592100622466977,0.7069275221412714,0.706900212647911,0.5019294316505396,0.023342725862131694,0.03470317919305291,0.9991246776835987,0.0008276151722035612
675,0.7071065716224697,0.7071065714892062,0.0005513686234219392,0.0005511976921091101,0.5000748044895024,0.9999996960868272,0.0002265457803573427,0.000745991463813693,9.359105020510674e-11
676,0.7071010381675261,0.707101027186172,0.002852604464013584,0.002851187979508974,0.5004263068841988,4.010404469065737e-09,0.002112859611384088,0.003435469310762153,0.9999918666543308
677,0.0014423230492020054,0.0012706760933745274,0.707105639478495,0.7071053101937654,0.5001573032767826,0.00012109453296384426,0.0004176336059004526,0.9999980653324707,0.0019183976648414927
678,0.7069865193739869,0.706986386939294,0.013047937864654236,0.013041045692951274,0.5019770064137199,8.926284182269777e-08,0.010757160246265843,0.014986696057559807,0.9998298267428819
679,0.7071065914378086,0.7071065912299304,0.0005183041454494822,0.0005180204657564364,0.5000793400111258,0.999999731507768,0.00046359954042954826,0.0005675031773004845,1.4624997620536565e-10
680,0.7071061984643231,0.7071061978373052,0.0009082841347060736,0.0009077958651606589,0.5001382384599364,0.9999991754629588,0.0007784823052447425,0.0010212926625519164,4.452825323086056e-10
681,0.7071067119271184,0.7071067118903953,0.00031304880379905657,0.00031296584359892423,0.5000413486046235,0.9999999020264091,0.000429160751014377,0.00010848143900401845,2.5923998209410598e-11
682,0.03187694115878192,0.03152827841940647,0.7064035444842417,0.7063878967128125,0.5035141000405221,0.04483425913882956,0.9987965903595402,0.01987962193826902,0.00024683031486209947
683,0.7071015411245675,0.7071015391154838,0.0027227523789031018,0.002722230567841368,0.5003429980920093,1.4117355219290638e-09,0.003791116730715426,0.0006718286354436124,0.9999925880126437
684,0.7071066678131565,0.7071066729933194,0.000400573212150513,0.00040041750016715566,0.5000566867317943,6.228702080958751e-11,0.00021363080211215325,0.0005245521452835859,0.9999998396034511
685,0.7070662399907485,0.7070662058818864,0.007575483479323744,0.007571807270655089,0.5011234333678122,0.9999426382471683,0.009239195202768806,0.005418255004573536,2.8010366663907314e-08
686,0.7070812517168993,0.707081249469956,0.0060095006711142,0.00600861635167293,0.5007328154001357,5.358409332786288e-09,0.0011319023324325198,0.00842237293685973,0.9999638905636643
687,0.7071050925032354,0.7071050911638017,0.0015459787290248094,0.0015453659727692425,0.5002199296373614,0.9999976108940349,0.0020171375977468663,0.0008422363873320807,9.412498061036282e-10
688,0.7071063472349872,0.7071063471434625,0.0007834726710409813,0.0007833900630621542,0.5000927810494303,0.9999993862351005,0.001102902254538183,0.00010552740926986214,6.413172442411247e-11
689,0.7034040403173644,0.7034032835355869,0.07227600370353611,0.0722686381856364,0.5084436375260114,5.342230896680399e-07,0.1017768453848321,0.009383523862173171,0.994762998519322
690,0.0016983646751326036,0.001311897394325012,0.7071055642018584,0.7071047415747063,0.500185186356686,0.00027296349456240544,0.0010426197662350676,0.9999971537092914,0.0021286165163343328
691,0.7068321275350944,0.7068320596448003,0.019708867504036706,0.01970643255930279,0.5023635157804347,0.9996115330754726,0.027697190077908614,0.003106220258485242,4.8191268452086e-08
692,0.7070943718611079,0.7070943634636456,0.0041906035295409556,0.004190075511855674,0.5005028658778407,0.9999824409004708,0.005887440868565778,0.0006752264479381369,2.232097314507965e-09
693,0.02704994522442531,0.026983598985638846,0.7065917388321109,0.7065892020568666,0.502952462232908,0.03820748566568065,0.999264654993448,0.0032148296955391326,4.67971044793644e-05
694,0.018753626849891028,0.016775269402848313,0.7069077664988542,0.7068580490310001,0.5021900246563185,0.0013909008358622102,0.9976807520264687,0.0632456231862,0.025123168160641893
695,0.7071067808195884,0.707106780819499,2.2783464981079453e-05,2.2780686830050362e-05,0.5000027390415522,0.9999999994809784,3.5403112393716645e-06,3.2023618866725276e-05,6.338551341445813e-14
696,0.7070768295777236,0.7070768219508499,0.00650905983125835,0.006508803621303345,0.5007314003898977,1.6670063061048139e-09,0.00032552719197490883,0.009199261737491627,0.9999576329102821
697,0.6843296603677775,0.6843291493314393,0.17802702768372655,0.17802506326784792,0.5185715407175618,3.5670764989331273e-07,0.2517544998434396,0.0024935007525919064,0.9677879180184461
698,0.02671093066975154,0.02656253964674325,0.7066076927740823,0.7066020989091049,0.5029157696688558,0.00010490981609287663,0.9992650143708477,0.00709850158091841,0.03767003216961154
699,0.04310053025021643,0.04309881126047454,0.7057921028659464,0.7057919978946707,0.5046523747711062,0.06095213891598268,0.00013305395172720413,0.9981406809947844,1.2176122843976558e-06
700,0.7070692362356698,0.7070692117519621,0.007289529658565553,0.0072871544028535774,0.5009947975419397,1.740470177497853e-08,0.0031727335363812685,0.009806815173197503,0.999946878658094
701,0.0015028280723764509,0.0009369050811112978,0.7071061604942158,0.7071051841895855,0.5001642673202734,0.0003987823210255875,0.9999976645896926,0.001238762213007096,0.0017254726907639927
702,0.02254043728277185,0.02195149022812484,0.7067659669819937,0.7067474292044517,0.5025080175252994,0.03146052136686773,0.9992281547882816,0.023519256992945294,0.000418119876201238
703,0.0642782557299775,0.06410520259584779,0.7041949467300535,0.7041791716887892,0.5070500556146142,0.00012185713418277223,0.9956695252347673,0.02002561757413864,0.090780814660268
704,0.6581432811218438,0.6581209176235825,0.2586056027743358,0.2585486830640554,0.5300000657177786,0.9307393407692113,0.07363803742032828,0.35819229297308636,1.5621365473592462e-05
705,0.7070933895387134,0.7070933760283934,0.0043540299461727406,0.004351835320448358,0.5006520879490023,9.555024732168869e-09,0.005197500262098836,0.0032987934845869643,0.9999810517967718
706,0.010204566289728953,0.00984827548259434,0.7070381966131688,0.7070331440794141,0.5011181032716352,0.014179499216653587,0.006402659932621384,0.9998789347929133,0.00025200219733509724
707,0.7071067583568482,0.7071067583566444,0.00017968404995933373,0.00017968324826002547,0.5000195724904576,0.9999999677137856,1.017696682834827e-06,0.0002541090155986679,1.4455378334783311e-13
708,0.6819250785252412,0.6819004573592342,0.18711431333076783,0.1870245633020468,0.5260480878157163,1.763103989944529e-05,0.13094129953180925,0.22987894555284338,0.9643702847752704
709,0.01712532097157858,0.01710419783296225,0.7068998842951437,0.7068993728864498,0.5018594742424097,0.024203924770138028,0.9997068311879733,0.0006492147910329166,1.4898701474659362e-05
710,0.0049206701208949315,0.004162074294497856,0.7070945319669566,0.7070896598067062,0.5005409840534937,0.0005363135428554695,0.9999601598443543,0.0061759911906472354,0.00642247807745093
711,0.7067231921655694,0.7067229683228442,0.023294764324788473,0.0232879723313763,0.5031170240508133,0.9994573649234467,0.03169342465039835,0.00897232044589962,1.5791795526579986e-07
712,0.001216287219425388,0.00022738641732118875,0.7071067446258849,0.7071057351241213,0.5001328672372429,0.0006966277701121133,0.999998409033505,0.0012848623660298747,0.0010226284309551201
713,0.7070498090864966,0.707049773462017,0.008978744194576824,0.008975938432832512,0.501218192783385,2.5003005738139577e-08,0.0037164355635039927,0.012139745663067643,0.9999194040931203
714,0.6403680690566028,0.640298005708268,0.3000307715652087,0.2998812033667958,0.539111967817409,0.9055676659076158,0.22292519472707034,0.36090380653940163,4.943581882877257e-05
715,0.008179315557476788,0.006977887207293402,0.7070723506757434,0.7070594733097141,0.5009130647378335,0.0008453466527427152,0.016343520592147144,0.999808630299712,0.010718092269764591
716,0.007432794167685184,0.0010788255527073886,0.707105958209543,0.7070677149833212,0.5008714919487467,0.004507160710443618,0.04861910958969375,0.9987891528695518,0.006007977627895395
717,0.7070456210880537,0.7070456155224455,0.009300807514481979,0.009299983882113824,0.5010860679890669,0.9999134988984645,0.0010496787981305621,0.013110793074782951,7.651422073221529e-09
718,0.7071067726783893,0.7071067726695109,0.00010974929632960056,0.00010969207962976607,0.5000165845956478,6.3371936787058544e-12,8.800911061146145e-05,0.00012779537091665318,0.9999999879613695
719,0.7071010583929939,0.7071010468057837,0.0028477370252253335,0.0028461676036717256,0.5004363861136353,0.9999918948290567,0.003048055635212567,0.0026305195375968234,4.438662159471719e-09
720,0.7039508694203184,0.7039498183581206,0.06674318866799554,0.06673210203777886,0.5081462000111533,7.44496859419525e-07,0.0933037718173908,0.01422085934817065,0.9955361235653377
721,0.7070829687206269,0.7070829424130143,0.005806250817426456,0.0058030462022874586,0.5008894424944679,1.8559917447138726e-08,0.00537217007142001,0.006207067141934863,0.9999663054854505
722,0.7071057668354224,0.70710576586843,0.0011982802766797847,0.0011977095180245884,0.5001771784773534,6.886370218191171e-10,0.001477161361855502,0.0008296854958884559,0.9999985648071151
723,0.7071064302363996,0.7071064247542481,0.0007099797717694458,0.0007097668096305323,0.5000956106578189,0.9999994960797846,0.0002815844706520206,0.0009636131932796066,1.5068377727790866e-10
724,0.011630468467968285,0.01135515680459288,0.7070156012521531,0.7070111259401907,0.5012690384770402,0.016253291703668946,0.9998517205029643,0.005685914563414547,0.00019465774257131194
725,0.03490306388846311,0.034819344518901896,0.7062489739796247,0.7062448414899726,0.5038002366306086,0.04930118739686611,0.998770223929801,0.005237286481059302,5.9521317290630464e-05
726,0.024750568282584876,0.017031523834922353,0.7069016389823001,0.7066734814394061,0.5035302993693298,0.005458450928222081,0.3041865859037741,0.952138570546199,0.029544352216872457
727,0.7071058624804689,0.7071058617429768,0.0011403020303257466,0.0011398446168035044,0.5001625126779854,0.9999987002319184,0.0006299149474090078,0.0014841636128984082,5.221664733879995e-10
728,0.7071067132705557,0.7071067131985099,0.00031007998954744767,0.00030991565293885025,0.5000470698188729,0.9999999039013394,0.00035424776064816416,0.00025827472956141146,5.082811410551309e-11
729,0.017226408329342184,0.016606247382133173,0.7069117572567889,0.7068969167113891,0.5019118715523843,0.023923315590935922,0.018831322494472603,0.999536324851208,0.00043768388400421766
730,0.014348850121886369,0.009375522803045263,0.707044623465993,0.7069611803346616,0.5017721832888921,0.0167772107096859,0.10647539914407084,0.9941675912286906,0.0035092917310450143
731,0.7071054239067318,0.7071054232681079,0.0013857795028161478,0.0013854536013509936,0.5001794023085132,0.9999980800649015,0.0019130047072592451,0.00042459333711891814,4.467485433881824e-10
732,0.7053312231149372,0.7053309352811373,0.05008264904572406,0.05007859521979363,0.5057901034860055,0.9974887781651167,0.07063709489924425,0.005151529755351092,2.010479532676169e-07
733,0.707105831988804,0.7071058311629869,0.0011591097020353064,0.0011586058093441018,0.5001680766844503,0.999998657047737,0.001478420270726872,0.0007072313807391195,5.797154256286696e-10
734,0.004567836806386936,0.003740832245545371,0.7070968859882835,0.7070920271557906,0.5005018939196895,0.00587516961998752,0.006165929159398427,0.9999635605156892,0.0005842433754099101
735,0.7070570550014614,0.7070570557661614,0.008386139835413997,0.008385760111975723,0.500946119487455,0.9999296733700807,0.011849748354845192,0.000481433195328593,3.1869181104459265e-09
736,0.05781286547863136,0.057538838543673754,0.704761861949864,0.7047394359514328,0.5064215833569087,0.00019362250733390878,0.02849705492748945,0.9962604441132062,0.08156597247706876
737,0.0017900796674442322,0.0013196479927132503,0.7071055497796649,0.7071045153404013,0.5001952476119121,0.0003320986902065447,0.0013135226918488678,0.9999966643954991,0.002198992149434542
738,0.00887766461386546,0.006632195209673931,0.7070756776941968,0.7070510498337518,0.5010108300803835,0.0015804794697479173,0.9994483252318249,0.03130888450614214,0.010968182481213841
739,0.7071067452320375,0.7071067451926702,0.0002256169943012829,0.00022549357974447116,0.5000345784964915,2.722158670255046e-11,0.0002028712707561529,0.0002461577342382421,0.9999999491248077
740,0.11404375542231852,0.1137411770361239,0.6978989501686038,0.6978495696417506,0.5128630631562667,0.16106826973989927,0.06278377156032154,0.9849442443733948,0.00021444669162623193
741,0.004436173102255951,0.0030122509302904547,0.7071003651139888,0.707092865448528,0.500491965048508,0.005266640046441115,0.009530003955174431,0.9999402110812232,0.0010078641185386234
742,0.7060794510780669,0.706078525688621,0.0381197529029683,0.03810260837915823,0.5055224457339503,6.62904487345689e-07,0.0480814715142008,0.024353571066846793,0.9985464814783946
743,0.03222152351216192,0.029850255627334135,0.7064764413899587,0.7063722626367716,0.5039966768615535,0.0016796105542701972,0.9900817739333988,0.13344967810566874,0.04389126617959411
744,0.0016494268903290996,0.000743443956153,0.707106390362218,0.7071048574228117,0.5001803571776886,0.001691180313944483,0.0019496510514604348,0.9999964627651431,0.0006428274482376964
745,0.010035827483684383,0.009836898494349105,0.7070383549918859,0.707035559336812,0.501093631725348,0.00014095110693017755,0.9998949659551934,0.003546075833029641,0.01405213636556196
746,0.0005907226035054483,6.382091973980825e-05,0.7071067783064244,0.707106534439335,0.5000644000699594,0.000464793054597525,0.00030884291954905033,0.9999997757948493,0.0003701266276378834
747,0.7071004454698958,0.7071004438937275,0.002993700935728802,0.002993328627800672,0.5003595360886185,0.9999910388290647,0.0042067889718358014,0.0004745398961470409,1.1148387428139014e-09
748,0.7070445920744609,0.7070445477975102,0.009381227521653846,0.009377889861690605,0.5013024179825133,0.9999120200057233,0.004501372966839222,0.012477575464986942,3.1482439438422984e-08
749,0.043762235935705183,0.04363398184817659,0.705759219300795,0.7057512782176892,0.5047702609744361,0.06179845784905321,0.010077698732348286,0.9980377659799404,9.095877156858592e-05
750,0.7069343336987632,0.7069343157244647,0.015616680183194677,0.015615866503247262,0.5017764106241656,0.9997561022636495,0.001030582440462797,0.022060686445005178,1.2553003619022414e-08
751,0.7071043022611296,0.7071043008802789,0.0018728792303845851,0.0018723578185289977,0.5002486933062226,0.9999964932936453,0.0025588172725734045,0.0006825354040580083,9.985540955327971e-10
752,0.7071017081579698,0.7071017055951399,0.0026791686107893687,0.0026784921284675306,0.500351493534047,1.7995752688294041e-09,0.000883568464247254,0.003683961359228584,0.999992823841989
753,0.7067012500995643,0.7067008023542171,0.023957795222075754,0.023944584099753072,0.5036537686554845,3.163462360688107e-07,0.022377021659967807,0.02542809393647891,0.9994261758330535
754,0.030477139103605024,0.03047457809310591,0.706449785965038,0.7064496754944773,0.5032988953831786,1.8122982802967e-06,0.9990707805205417,0.0001400227713951759,0.043099372390057525
755,0.015011523674208193,0.01478615931664235,0.7069521691689379,0.7069474196550847,0.5016398341022749,0.00015916410830843521,0.006018597246250231,0.9997598712375072,0.02107014516193633
756,0.7071062058844447,0.7071062057259748,0.000902121840481352,0.0009019976191224107,0.5001093078265845,1.1169460615400708e-10,0.001265760506839511,0.0001589775433869332,0.9999991862879088
757,0.707102665798119,0.7071026559270395,0.0024153635182019998,0.002414015685307328,0.5003715091428264,0.9999941692566726,0.002368083901673589,0.002460412828897896,3.2390321436292067e-09
758,0.6861574557782183,0.6861411877983772,0.1709101237687293,0.1708448005646429,0.5228413124430298,0.9703616766847674,0.08913849125472044,0.22461644121356553,1.161606428178996e-05
759,0.7068296570181103,0.7068293744277594,0.01980493489177719,0.01979484679571179,0.5029664622471284,1.9942559790788437e-07,0.023446735022202632,0.015307580557744968,0.9996078874209816
760,0.7070355238467976,0.707035491240473,0.01004062380249234,0.010038698546850156,0.5012657266631627,0.9998992001222637,0.002480133203938242,0.013979933266951967,1.8935834366856215e-08
761,0.0033193076059715157,0.00329119993993213,0.7070991217665009,0.7070989903804265,0.5003608177163784,1.9870462383844437e-05,0.9999890611528673,0.00016665708147778463,0.00467433473260038
762,0.003471348845445384,0.0012133305975409632,0.7071057402035924,0.7070982603126686,0.5003858528428236,0.0015968862514075116,0.9999483913787386,0.009470593706118682,0.0033124595462842685
763,0.007987263537184475,0.007463382716115064,0.7070673927699045,0.7070616688954261,0.5008770454631495,0.010925243674794497,0.007258570673929756,0.9999139036394022,0.000370824791518356
764,0.7063995283280103,0.7063994880857731,0.03161915045176964,0.03161813368892022,0.5035133087518903,3.257417933796508e-08,0.0012879824599361864,0.044696959118546015,0.9989997612345807
765,0.006283834526498486,0.0006211936924061323,0.7071065083269948,0.7070788594098772,0.5007252472307593,0.004058619998597873,0.9993610257630426,0.03518050210851123,0.004837360947391295
766,0.010181113831431384,0.002779785438312643,0.707101317204904,0.7070334821794657,0.5012442349163622,0.005241277160700818,0.08637266424307667,0.9962069968572216,0.009160311019837445
767,0.008231313956150921,0.0,0.7071068871162535,0.7070588698761606,0.5009798031194754,0.00589874875260719,0.9981036789755744,0.061003617050266155,0.005727956473164551
768,0.008512493807566385,0.002681218633605217,0.7071016978247352,0.7070555405688865,0.5010093823613863,0.004079465911094027,0.058711611912721215,0.9982350901177507,0.007937848705113349
769,0.7071065282657275,0.7071065335232625,0.0005980796716074789,0.0005980668776755832,0.5000662816945844,7.588932078523765e-12,1.624177176468199e-05,0.0008456473784105731,0.9999996423082946
770,0.030704909778593532,0.0306456419298048,0.7064423859245087,0.7064398123901207,0.5033312511844805,0.04338139106683224,0.9990532720111862,0.0032577360612049203,4.18163826694759e-05
771,0.002447039903840101,0.0015878880048333227,0.707104998293523,0.7071025470154297,0.5002682258317432,0.0028534325943282888,0.9999909086506169,0.0031101806226035375,0.0006060652081288428
772,0.7071067785542142,0.707106778553125,6.1026401284816596e-05,6.101377929489742e-05,0.5000077432229291,0.9999999962765486,1.6305288862707924e-05,8.474102001230322e-05,7.843895701412431e-13
773,0.0015662381386754754,0.0011879763410876198,0.7071057832546803,0.7071050465794279,0.5001711071365552,0.0019473355666142851,0.999997630703516,0.000934985382075148,0.00026883802748972954
774,0.707106778401972,0.7071067783993933,0.00010673430388911873,0.00010671721834618109,0.5000131734040063,0.9999999886096116,2.186924494151433e-05,0.00014934025727823455,1.8134730994629975e-12
775,0.7071062583916121,0.7071062581430467,0.000860055195898132,0.000859850810066784,0.5001115963218857,1.7646039981272716e-10,0.000265553926395548,0.001186810628423839,0.99999926048055
776,0.009063964280359391,0.008825278637670108,0.7070517056460385,0.7070486861253114,0.5009937826459142,0.01264961945194036,0.9999126433395127,0.003829451434636983,0.000167687892345925
777,0.7071066809891254,0.7071066808782589,0.00037663952422375453,0.0003764313246442811,0.5000576255358348,8.015192212803435e-11,0.00035080752176395373,0.00040061447309698827,0.9999998582210525
778,0.7071054073503655,0.707105407341078,0.0013965527467896567,0.0013965480442722886,0.5001514088245331,6.6626256663668724e-12,0.0019750114394026783,5.9857125767379055e-06,0.9999980496450913
779,0.7070962125538507,0.7070961962657557,0.00386900846462904,0.0038669939834774197,0.5005848922409203,7.708800137435398e-09,0.004503327072745186,0.003105304211104285,0.9999850384535919
780,0.0034971366061020835,0.002006405968233605,0.7071039346058605,0.7070981332428736,0.5003867007695194,0.0038911497455974124,0.9999647798529785,0.007360939086171306,0.0010557381344063635
781,0.027267562635011813,0.0268005457625144,0.7065987055937983,0.7065808375748281,0.5030312062543966,0.03823192227926686,0.022684525254514833,0.9990113228030776,0.00033067212616047926
782,0.7069409343262386,0.7069407559735864,0.015322125944716025,0.015313894799051937,0.5023297381544422,1.248436485867705e-07,0.013122408414845734,0.017236162994592387,0.9997653310065047
783,0.045732530733654575,0.04558177074177222,0.7056360975574036,0.7056263427853955,0.5050025797463777,0.00010636336690888692,0.9978363968799945,0.012383976351908747,0.0645689621884565
784,0.0019026393332270794,0.001655532214040712,0.7071048431548795,0.7071042214296038,0.5002069575958755,0.0025159983267003783,0.0007871403139406066,0.999996509787299,0.0001748592694432464
785,0.7071067799599157,0.7071067799593533,4.165951458851303e-05,4.1649970417467744e-05,0.5000053748188213,0.9999999982648832,1.2426511198391087e-05,5.7583131305641335e-05,3.9865170117524356e-13
786,0.7071056054217747,0.7071056053278308,0.0012895402132248979,0.0012894886991261846,0.5001449934534938,0.999998337151084,0.0018224750672196839,6.541938597132831e-05,6.660596505115446e-11
787,0.006290570815848534,0.0020491309995140927,0.7071038120829404,0.7070787995116286,0.500722221263023,0.005895198887998737,0.999471867176366,0.03181535013198626,0.0030028068584198255
788,0.0033628102401603633,0.0005338960776987737,0.70710657962925,0.7070987848294519,0.500374050978376,0.0027481119609537846,0.009885521285319962,0.9999453399717319,0.0020103279292623595
789,0.7071063482336444,0.7071063533952846,0.0007825845630233594,0.000782488133791562,0.5000938937823406,7.549624294365365e-11,0.001099786906081667,0.000123268158980246,0.9999993876366733
790,0.7071067711782514,0.7071067711770113,0.00011897740472071978,0.00011897003407197569,0.5000136177571067,0.9999999858452552,9.39128602926803e-06,0.0001679919509615907,8.802941658568025e-13
791,0.0035762387855037448,0.0025631617016838412,0.7071021356227125,0.70709773759796,0.5003929875076185,0.004341039935966091,0.999974734735989,0.005583064395429575,0.0007173938449487705
792,0.7071067259643252,0.7071067259157126,0.00027957961712563983,0.00027945663990478446,0.5000406503325193,3.4221634701140206e-11,0.00017404197552983434,0.00035492276153082145,0.9999999218696102
793,0.7067418050399449,0.7067418027396569,0.02271633128452237,0.02271609581054821,0.502484436665707,5.358995318762794e-09,0.032124190141956915,0.00029853580283487443,0.9994838404316926
794,0.7071030359471818,0.707103032718483,0.0023024161925170672,0.002301424401992317,0.5003330753002808,2.2826302779555417e-09,0.00294330659738147,0.0013909064941473243,0.9999947011486601
795,0.018806096070427762,0.01636671987579396,0.7069173434571406,0.7068566550275776,0.5022283889359833,0.02487095960519534,0.9967038456085854,0.07720042348546041,0.0017245669100629062
796,0.7071010177067182,0.7071010216671015,0.0028552771950863766,0.0028549532611174826,0.50033990747067,0.9999918482837827,0.00041331495363076384,0.004016532924432574,9.362195247874336e-10
797,0.5541090191961663,0.5540735236809117,0.43932053259076675,0.43927576173228516,0.5391082602048234,0.7836033908520297,0.05703706864798047,0.6186376144410879,2.53755900049747e-05
798,0.007128077477548123,0.006788873017478183,0.7070741907347192,0.7070708525398849,0.5007814088328012,0.00984078792858664,0.0042319335876194915,0.999942594578683,0.00023911988197482188
799,0.014707543029631183,0.014671722439604159,0.7069545533912774,0.7069538090837596,0.5015953465335234,0.02077427778845285,0.9997837470931119,0.0009422245773583784,2.5370877631567283e-05
800,0.008079804172812437,0.008073939666959322,0.7070606844523705,0.7070606174611406,0.5008758760244674,0.011422421800356103,0.9999347583982924,8.491014680330585e-05,4.175098344720164e-06
801,0.7066832155094886,0.7066828115840157,0.024482724760773913,0.02447121499412307,0.5035932321809936,0.999400698331216,0.03032795089703456,0.01668710787966168,2.833537556535913e-07
802,0.0033801296712082807,0.0025086750380266575,0.7071023310310608,0.707098702249843,0.5003718361213438,0.0006176068438595991,0.004610901996377608,0.9999805102379506,0.004163807011260062
803,0.7070984952763393,0.7070984941178633,0.003424480507136422,0.00342424129268252,0.5003948964941818,8.097090356877853e-10,0.0003043936050046499,0.004833201807032442,0.9999882736836603
804,0.7071065366506871,0.7071065364298443,0.0005946333029854423,0.0005943706303477251,0.5000864888700812,1.566125153855263e-10,0.00037107550012122005,0.0007544323590946478,0.9999996465673299
805,0.001503164785721351,0.0010193609582765256,0.7071060464337956,0.7071051834738755,0.5001644252338087,0.00034186555763186414,0.0010951331304382582,0.9999977510386128,0.001783740193188517
806,0.004873420403381624,0.0006347561286412015,0.7071064962823203,0.7070899870409519,0.500551559133158,0.0038790151386620744,0.999768482439466,0.020948230925788278,0.003017678466134908
807,0.009016915899463039,0.008052796675162578,0.7070609255684446,0.7070492876933396,0.501002092683103,0.0006743895206566885,0.014791362978920135,0.9998175149869054,0.012070522167823863
808,0.7071000983619186,0.7071000968519091,0.0030757897413081405,0.00307423105295552,0.5004610775110041,4.793861132467325e-09,0.0036576266443803193,0.0023522641071979087,0.9999905442657467
809,0.009149001342653415,0.006084159380076565,0.7070806057336324,0.7070475908836936,0.5010561181819168,0.002168687483879945,0.9990596897930877,0.04194061289031559,0.01077116593165801
810,0.7054040876467971,0.7054040345303827,0.04904238473910572,0.0490415449510953,0.5053590226561917,0.997591986419253,0.0010654895819653687,0.06934762695319499,4.1730308372860194e-08
811,0.7071061707136762,0.7071061702041184,0.0009295478816262816,0.0009291601806924561,0.5001335077665536,0.9999991363006743,0.0005397738119591562,0.0011983497559324772,3.560592226881162e-10
812,7.982671014569075e-05,1.7278714337512732e-05,0.7071067809754393,0.7071067766806498,0.5000086815305725,6.886307919579406e-05,0.9999999966496846,5.4568694608844625e-06,4.391735241155371e-05
813,0.010630309419736712,0.010514872787437,0.7070285973355394,0.7070268711453879,0.501157232342439,0.014951904143508218,0.9998858126672678,0.0021898855255695652,8.118237904947238e-05
814,0.4107777517743218,0.4104686462426936,0.5757738188313661,0.5755533325828267,0.5452689282698693,0.580708896956817,0.3010575889475379,0.7564003286857749,0.00021885217113191169
815,0.70710678094735,0.7071067809470832,1.84025626267097e-05,1.839231075250546e-05,0.5000028367751528,1.8952645909045863e-13,1.7796471138430024e-05,1.8979384106596507e-05,0.9999999996615352
816,0.0013056768185679122,0.00081811332059336,0.7071063079131806,0.7071055757155708,0.5001426302856655,0.0015020175403025328,0.999998381265483,0.0009291744038827893,0.0003435762747867392
817,0.7069759689112223,0.7069759585466443,0.013601251304597837,0.013600712556178004,0.5015294805567069,7.250976560958194e-09,0.019222573201314888,0.000682714147131366,0.999814996177247
818,0.0033222404436143668,0.002247083820886117,0.7071032107226632,0.707098976606834,0.5003653403114648,0.0007598125322631278,0.9999775421348296,0.005369223288018847,0.003938191485833444
819,0.7071043173705966,0.7071043169745284,0.0018667929682901871,0.0018666429394177658,0.5002168384775625,0.9999965153580047,0.0026329863787130157,0.0001914538567060176,2.794960524708403e-10
820,0.001231228082422177,0.0007248446032086108,0.7071064096727544,0.7071057092665856,0.5001344049126993,0.0013830121074610475,0.0008896614564599844,0.9999985835890907,0.00035860814318945926
821,0.0011669826674188116,0.00107933385869552,0.7071059574338522,0.7071058182135507,0.5001271088457705,6.171586379214757e-05,0.9999987210407333,0.0001763711935657648,0.0015883958116687123
822,0.7071054604216648,0.7071054536854943,0.0013701708763308148,0.0013694131702770846,0.500209971745305,0.9999981236679082,0.0012677695858976583,0.0014647255505200864,1.0428091700498789e-09
823,0.02184994816988634,0.021612237887942375,0.706776422338405,0.7067691134769358,0.5023986584896792,0.00016719234820835574,0.009257387663433262,0.9994847631215288,0.03073241136439561
824,0.7071067447714796,0.7071067447330539,0.00022705290873267816,0.00022693320864419894,0.5000343990634668,0.9999999484741462,0.0001867823465852885,0.0002610824765349345,2.722943241608388e-11
825,0.7071062944112226,0.7071062890802738,0.0008342320586411806,0.0008341790025038079,0.5000956304173372,4.494022565089037e-11,0.001177827635354563,6.722943758525311e-05,0.9999993041008937
826,0.07936530711126528,0.07889827919407405,0.7026912988932127,0.7026387037639977,0.5090648876197994,0.00033448093784610694,0.06683927806741465,0.99146796240464,0.11190924249209151
827,0.01060102150115821,0.009194033939505747,0.7070470067399539,0.7070273108891488,0.5011926788021636,0.013997272970471408,0.9995885447473484,0.0250165803607988,0.0009941158578922543
828,0.7071067596487786,0.7071067596254467,0.00017461958572684408,0.00017452507995096577,0.5000265957570718,1.670217701774307e-11,0.0001529614530495914,0.00019378802112685734,0.9999999695244971
829,0.0008674223437456007,7.492149705201542e-05,0.7071067772173945,0.7071062491439869,0.5000947038423574,0.0005534773330205409,0.999999396632888,0.0006698500641281065,0.0006720845146897305
830,0.707066359261918,0.7070663501251855,0.007561515763895903,0.007560661353032792,0.5009017745238791,6.477646041782534e-09,0.0010882580813281583,0.010637472213421472,0.9999428283053264
831,0.014344404848979161,0.013145968291750914,0.7069845709191083,0.7069612705442442,0.5016146430514347,0.019438498262708832,0.9993721752850444,0.029608729004240122,0.0008504223008618686
832,0.003414252863290545,0.0027858534870135706,0.7071012933239118,0.7070985383080532,0.5003751258832053,0.00044385810394521956,0.003493124686309266,0.9999841898638501,0.004384186612035979
833,0.015620632125669824,0.015518185365322913,0.7069364794142274,0.7069342231464206,0.5016986783880302,0.02201846829884371,0.0028643972948679177,0.9997534581137257,7.26055147654318e-05
834,0.0004522538505560996,0.00020248095091836534,0.7071067521962059,0.7071066365594774,0.5000492974849504,0.00017590923741652505,0.9999998664567851,0.00014681394999841975,0.00046323646339548996
835,0.01873427088524173,0.018661590632526932,0.706860484844823,0.7068585623026443,0.5020384872525656,5.130672705551595e-05,0.9996473600180971,0.0024346959705649957,0.026442867317836703
836,0.706873797581593,0.7068737450876542,0.01815257430445195,0.018150324861463275,0.5021732429672354,0.9996704705819525,0.0028765045901310952,0.02550835094235329,4.120966207967063e-08
837,0.7068075983729054,0.7068075863760368,0.020568016158846184,0.02056742284115823,0.502283801434219,1.2322537414021704e-08,0.02907741448415527,0.0007524213940290845,0.9995768793989611
838,0.3356509717425534,0.33529790174392754,0.6225554730998084,0.6223651863405331,0.5385694639504555,0.47443249776671687,0.2521421239272444,0.843408614846132,0.00025061611118884074
839,0.00692689798832866,0.001429383293786451,0.7071053364693325,0.7070728520351168,0.5008058967314241,0.0038597929192678384,0.04122288560325071,0.9991249414617893,0.00592680775419958
840,0.7071067573668913,0.7071067520771672,0.00020289624157114817,0.00020282175921753324,0.5000283990769574,1.502297389877756e-11,0.00010108448712392255,0.00026848738763429156,0.9999999588482292
841,0.6989045197815508,0.6989037635621543,0.10739430451752935,0.10738938305566066,0.5118507797719416,5.412707042829567e-07,0.00623950153510381,0.1517467787350779,0.988399708500477
842,0.7071067761706828,0.7071067761650852,8.426992169028969e-05,8.422294032536207e-05,0.5000129266563461,0.9999999929025383,8.282022796985574e-05,8.56488950177303e-05,4.011708720024762e-12
843,0.0062448440027052105,0.004087997727866805,0.7070949641134391,0.7070792048444012,0.5007028445512397,0.007306435149540826,0.9997719171574188,0.020010093986691235,0.001525059817424141
844,0.009109140039624078,0.008572223073999467,0.7070548189437439,0.7070481055541691,0.5010038989519144,0.0003778659330106591,0.00852353232620862,0.9998854384158189,0.012502666036832363
845,0.7068209907970775,0.7068209780411472,0.020102363068956425,0.020102099795964577,0.5022090113859492,5.301648220686167e-09,0.00033312964955890085,0.02842689645036277,0.9995958186101207
846,0.7066500593508157,0.7066495825210629,0.025423759021970624,0.025410648658715642,0.5038165064938843,0.9993537568908363,0.02981344842480683,0.020080509980707748,3.274670936188108e-07
847,0.679403634467223,0.6793997592697828,0.19599993434391477,0.195986482882739,0.521188372456187,0.9608190902853362,0.27664660546710096,0.017126920887750384,2.780379073029799e-06
848,0.7071026120482584,0.7071026161635673,0.002428510896050051,0.002428175143346601,0.5002946884039249,0.9999941031327608,0.00042924681022894247,0.0034072638399320347,8.176395928940117e-10
849,0.707106437312309,0.7071064425629219,0.0006973783668620603,0.0006973603759425999,0.5000776434813078,1.2583313083659325e-11,0.0009859642278544313,2.2860925034085085e-05,0.9999995136758421
850,0.004772180074490652,0.00022167995976658025,0.7071067464379014,0.7070906775635892,0.500539893292435,0.003536475551511717,0.9997804845595414,0.02039999630439243,0.003211881900302007
851,0.7071058906894624,0.7071058903149402,0.0011224446162009386,0.0011222086538809322,0.5001430014564568,0.999998740382118,0.0003046475922616004,0.0015576983096263978,2.669778275692826e-10
852,0.7070863285307496,0.7070863115839228,0.00538102415968862,0.005378104210912736,0.5008208138227064,1.5536729554885187e-08,0.0047372002154094945,0.0059530126851632175,0.9999710598682778
853,0.7071059688851059,0.7071059627398549,0.0010758521005618297,0.001075275605179986,0.5001637304038474,0.9999988431616458,0.0012128360146542744,0.0009179891997926906,6.151212078813372e-10
854,0.7070820533135814,0.707082030509593,0.005916259837352119,0.005913533789678925,0.5008666549374275,0.999965013381828,0.00392338433882061,0.007387764727888763,1.6349877932734286e-08
855,0.7071067791728973,0.7071067791722606,5.3372566414170425e-05,5.3364131090303745e-05,0.5000065904198318,0.9999999971518185,7.469308508432813e-05,1.08307143459458e-05,4.369089551821395e-13
856,0.7071062500135753,0.7071062494926377,0.0008671380828451197,0.0008667131810279146,0.5001293338636119,0.9999992484396204,0.0006306431434034639,0.0010513845245988906,3.6462725456287256e-10
857,0.004211852567390479,0.002574429086317636,0.7071020946899298,0.7070942372116727,0.5004678393521323,0.0011527019819645736,0.9999383330771163,0.009947997577513386,0.004799860967849691
858,0.6866015007527646,0.6865794890393195,0.16914080662208797,0.1690514098256045,0.5243263145915451,1.5548628404209342e-05,0.19456808229378753,0.1390332801213903,0.970985585953464
859,0.7070986917538725,0.707098683732783,0.003384001088223025,0.0033823246386555173,0.5005040757550748,5.7795862738493235e-09,0.002496870683052851,0.004081325779506212,0.9999885541428325
860,0.0008217795443094993,0.00024271158556936267,0.7071067395316539,0.7071063036618896,0.500089550596587,0.000753043076893559,0.999999479424803,0.0005540032403308829,0.0004088479638665258
861,0.707104271547487,0.7071042691037754,0.001884838246062172,0.001883921255242149,0.5002800102290396,0.9999964491064391,0.0022966068443126607,0.0013518030597790952,1.7443230989396705e-09
862,0.21283226478018752,0.21282125174982852,0.674319742261513,0.6743162663532101,0.5217340147726621,7.724972426010875e-06,0.004409451044213586,0.9536194726481081,0.30098248797588306
863,0.7048486980603467,0.704847046083052,0.05648576482620993,0.05646514714972622,0.5078072019570778,1.1587217203341922e-06,0.02802102930207031,0.07479155291538375,0.9968054200936247
864,0.011547709828743586,0.010892571113216428,0.707022879328909,0.7070124824907327,0.5012759915092504,0.015867643200209832,0.9997869526398087,0.013192862595167257,0.0004643350257874269
865,0.03268185682035143,0.03255357734346778,0.7063570376248428,0.7063511139899015,0.5035638977672582,0.046128418261153825,0.00751700383515789,0.9989072306727292,9.050860258224327e-05
866,0.01643627899975551,0.016151537147227744,0.7069222926515897,0.7069157295835481,0.5017986534431882,0.000201422250933338,0.008329636149875589,0.9996997517965237,0.023043065088067406
867,0.025601616945531307,0.022337547449507205,0.7067538708588387,0.7066431611568779,0.5032041048331647,0.0023192873930183637,0.9892344778813905,0.14234022254608958,0.033897340932192425
868,0.6373279636691295,0.6373124372560233,0.30632149340000975,0.3062891880647856,0.5316809161342165,1.0945203972418853e-05,0.04118438807569798,0.431218935371614,0.9013068710689245
869,0.7071059387414915,0.7071059436348632,0.001091754011832121,0.0010915111154274552,0.5001402632094446,2.6320522292581964e-10,0.0015112973987668795,0.000315124594301496,0.9999988083376224
870,0.004180651833322453,0.004171727014035722,0.707094475083577,0.7070944223724633,0.5004550645375054,6.293707400220521e-06,0.9999825570320444,6.690008554266208e-05,0.005906023740245629
871,0.7069855172633956,0.7069854083006303,0.013101141144753983,0.013094975365034218,0.5019297833353636,0.9998284261416517,0.008923800580295307,0.016232192159678867,8.054504306767936e-08
872,0.7071031675610633,0.7071031668894658,0.002260834999368939,0.002260624939503586,0.5002652785374997,4.725712375472186e-10,0.00026736668952182766,0.0031859559106822686,0.99999488908694
873,0.7070911185785447,0.7070911150828931,0.004707698083655804,0.004706381555186239,0.5006248547581374,0.9999778435302513,0.0017293840794075795,0.006428194092880628,6.324553827699252e-09
874,0.02956172620642716,0.029261712640339905,0.7065010631084392,0.7064885734089849,0.5032531333734682,0.041594448482699914,0.015832868518708344,0.9990090974587204,0.00021289575820694764
875,0.00033055662266003814,0.00016159865263946,0.7071067627210732,0.7071067039226256,0.5000359889701703,0.00034796124675769326,0.9999999295195409,7.469343763765386e-05,0.00011960257553301882
876,0.7071060598200675,0.7071060643078719,0.00101057884276501,0.001010032540024924,0.5001537749615103,0.9999989792818074,0.0008840039572365789,0.0011224848920780787,5.611600067538755e-10
877,0.019523030325655995,0.019347917050900713,0.7068420319365283,0.706837216965053,0.5021324342760608,0.027485910642555046,0.006115648863206029,0.9996034755031835,0.00012376220653249588
878,0.7070883657637228,0.7070883620430334,0.005103749925547297,0.005103234424368547,0.5006020706614586,2.619690685662287e-09,0.007187413874316924,0.0006575307535475641,0.99997395402836
879,0.0014248905966111726,0.0001967848403896282,0.7071067538043504,0.7071053455368496,0.500156066827105,0.0008755851419717388,0.9999973745905494,0.0017837529319873159,0.0011412222153798293
880,0.7071061605446272,0.707106160193361,0.0009371321121738406,0.0009368670294555368,0.5001249931928293,2.467929563430203e-10,0.001278224901779515,0.0003493959459109327,0.9999991220313964
881,0.0017625313922320026,0.0004484046348559468,0.7071066390108941,0.7071045845439995,0.5001933957641783,0.0015638930028329602,0.9999949553941547,0.0026041510455144367,0.0009283438207675375
882,0.4420160028064081,0.4417895350694582,0.5521068827633842,0.5519255867080689,0.5453371581065787,0.0001597537559872443,0.7420321558257319,0.24255338170877816,0.6249448865467992
883,0.002185515049929955,0.001155837670109376,0.7071058365190309,0.7071034036998866,0.5002397539305656,0.000727487743583517,0.99999217360179,0.0030887373489881923,0.002362879247031039
884,0.0012567578676296013,0.00023325968046436415,0.7071067427128105,0.7071056643526916,0.5001373688300065,0.0007286160074365184,0.9999982499082413,0.0013661369027936688,0.0010502233715198436
885,0.7071057791159107,0.7071057782680132,0.0011909407993289313,0.0011904372646333807,0.5001717173329772,0.9999985822585611,0.001528819088897248,0.0007058279265921894,5.935718359022858e-10
886,0.5222398468788436,0.5222311066672254,0.4767333334571057,0.47672375893378843,0.5376070528029792,6.2093991594168065e-06,0.6740862537373336,0.012162897822974477,0.7385524940045606
887,0.7071067799204009,0.7071067799191016,4.233715921213054e-05,4.2315452733406114e-05,0.5000063811956794,9.227707296858943e-13,4.9954832386644444e-05,3.297798222160775e-05,0.9999999982084797
888,0.006535019573179654,0.0064973274498808095,0.707076929857007,0.7070765824995054,0.5007108987290155,0.009215260876829189,0.9999574412297841,0.00044043657221840487,2.6679295291024014e-05
889,0.7071067802918178,0.7071067802912117,3.558363709101742e-05,3.55715874199755e-05,0.5000049219196654,0.9999999987342327,1.6130947126479346e-05,4.765842637986402e-05,4.181278625660997e-13
890,0.7071067798163692,0.7071067798161969,4.402236554985884e-05,4.401959641993381e-05,0.5000050602895681,0.9999999980621536,3.5130048365221342e-06,6.215587128017612e-05,1.2129059135237244e-13
891,0.7070804892212693,0.7070804872911108,0.006098519695105916,0.006097685020830364,0.5007381769191598,0.9999628124560039,0.008557779328662798,0.0010668261558311595,5.128992896766185e-09
892,0.7060206208120537,0.7060204026823982,0.03918151344938544,0.03917758272484831,0.5045947533214125,0.9984637830265205,0.005011380636930459,0.05518115664299277,1.529136965545491e-07
893,0.7069165144822963,0.7069165047667562,0.016402904875447908,0.016402713213897687,0.5017951813364545,3.1255564577923443e-09,0.00024401264527308927,0.023195791578631532,0.9997309116511656
894,0.0028909041912215648,0.000679518812010404,0.7071064546828767,0.70710087163935,0.50031997235529,0.0025130494992802073,0.0070957257339034,0.9999704153641873,0.0015822941902797895
895,0.7071052772234564,0.707105275803861,0.0014590854479878809,0.0014583973182267544,0.5002153795035246,0.9999978720711938,0.0018055366106119362,0.0009979431998269985,9.964923355675711e-10
896,0.03386638572535929,0.03125005319884254,0.7064159073626611,0.7062953121323587,0.5042726580195445,0.04604392150939135,0.15520510703356705,0.9868069096159883,0.0018588105777070493
897,0.7070634605598177,0.7070634543519665,0.00782761265392719,0.007827051882438924,0.5009041920562319,4.362094201311719e-09,0.011046494287639607,0.0007136000164359321,0.9999387309925348
898,0.3939664527848786,0.3939539367335263,0.5871969820529884,0.5871885847664964,0.534798647818634,0.5571438504624786,0.8303473845382127,0.010674774131965648,8.921131980507935e-06
899,0.706942097790228,0.7069419833825739,0.015265633952111661,0.015260090823930874,0.5021257958274432,0.999767017883709,0.020242441554300213,0.00749356469480472,8.521987522341042e-08
900,0.1397627449859803,0.13974949643194112,0.6931594897619335,0.6931568185583901,0.5147167235484733,9.384138203155361e-06,0.003392150055940636,0.9802677933498639,0.19764500133050483
901,0.7071064635668328,0.7071064635627076,0.0006702147719424762,0.0006702104195662364,0.5000731692041889,2.9366754646820643e-12,5.517685242230186e-06,0.0009478076820614108,0.9999995508149749
902,0.004656251375957418,0.0046402465157026245,0.7070915556790756,0.7070914504667155,0.5005080794383647,1.1174701099035945e-05,0.9999783845926613,0.0001333537804228422,0.0065736169151141555
903,0.004138824362647318,0.002451201687030431,0.7071025326006745,0.70709466843761,0.5004595245507831,0.001195973180043194,0.9999385233363298,0.009990560101523892,0.0046591742796295126
904,0.6179555670445693,0.6179360105927894,0.3437369442069026,0.3437017946852703,0.5342414092255625,1.389787862118231e-05,0.04482251903120303,0.4840216444233383,0.8739073116322672
905,0.03898292112886239,0.038366584865743895,0.7060651564592058,0.7060313958035321,0.5044053326483432,0.000438052072407871,0.9975850434133119,0.042806753954341956,0.054694342343438916
906,0.03133716794020958,0.02961827372794907,0.7064862050043107,0.7064120482448638,0.5037326805669005,0.043101873646909136,0.9945804930273237,0.0946064620225432,0.0012201316578542274
907,0.04570368794644184,0.04570221878471535,0.7056283066871349,0.7056282115307563,0.5049370125984831,0.06463373649015565,0.9979090467425937,0.00012056340819297881,1.0357832246489062e-06
908,0.03985481118453697,0.03905872032113421,0.7060272065526831,0.7059827151038705,0.5045855873308099,0.055800315631471684,0.05658331823038583,0.9968371675033276,0.0005606758296092939
909,0.7071045854421758,0.7071045831255172,0.0017631003632428601,0.0017621710050232976,0.5002674361793,1.6308712041541825e-09,0.0020298967366821474,0.0014468202307885718,0.9999968931104052
910,0.001112208267048319,0.000939109781641153,0.7071061575695905,0.7071059064898055,0.5001211277459499,0.00012189858729841525,0.00031756665382538145,0.9999988901078946,0.0014505430472804054
911,0.00153376997038234,0.001360093498776913,0.7071054731408036,0.7071051177510196,0.5001665332145188,0.0020462379671213693,0.00045074722461619694,0.9999977972587255,0.00012334840644644048
912,0.00121407225312397,0.00014513897200932956,0.7071067662911161,0.7071057389305818,0.5001328146760392,0.0007583698966522471,0.9999984040786489,0.0013026140636273667,0.000959120355575742
913,0.0013238994725316632,0.000783402375892668,0.7071063472213481,0.7071055418324671,0.5001445221263702,0.0014901330824546007,0.0010220955962164618,0.9999982944442942,0.0003820111156736729
914,0.0039346000201676895,0.0022540184418360005,0.7071031886513147,0.7070958343270551,0.5004364812589414,0.0011893072676113607,0.999946102896323,0.009339680186579371,0.00437575418391472
915,0.7070950546230778,0.7070950441447912,0.004074131303254001,0.0040732269816554255,0.500522212545712,3.7240304598512374e-09,0.001172209793815681,0.0056405361553244675,0.9999834050003434
916,0.002920911137622667,0.0022865106538763297,0.7071030843300208,0.707100748322419,0.5003200396752578,0.003682481131791312,0.999988724834855,0.0029648524945297752,0.0004463020929584484
917,0.706156150092112,0.7061560701425416,0.03665521246481347,0.03665367221828429,0.5040999731861899,0.9986555480805525,0.001953924009961608,0.05180037131999479,5.6836548864411816e-08
918,0.0015759259828506376,0.0013821396078570244,0.7071054303921741,0.707105025054478,0.5001713479819158,0.0020916790573149427,0.0005147710916926622,0.9999976705763466,0.000136862413470582
919,0.7071059867346737,0.7071059867037148,0.0010599847925545456,0.001059964139872083,0.5001169897401605,0.9999988764534944,0.0014988010165649076,2.6215472638652803e-05,2.2230653428175125e-11
920,0.007851335491130209,0.0050193516906774415,0.7070889661906757,0.7070631913280445,0.5008971278683507,0.009098628739754073,0.9994225565275384,0.0326759260550811,0.002013036374512038
921,0.004411172374586147,0.0010659719659888377,0.7071059777033196,0.7070930218565881,0.5004961309749364,0.0023756989497580303,0.01642606556071753,0.9998547842723183,0.003866625460360067
922,0.7070408265734007,0.7070407731519112,0.009661526833124965,0.009658002292772246,0.5013444962486833,3.4686753976075924e-08,0.012798578062510146,0.004776872262497901,0.9999066845915991
923,0.031139943416024263,0.03036558390205799,0.7064544792938071,0.7064207697530873,0.5035209200184678,0.04349101325491307,0.9981346504583269,0.042842208244470485,0.000544530280541579
924,0.7066283495502946,0.7066282404595446,0.026010329305616108,0.026007365444550422,0.5030926270448447,7.761837896358113e-08,0.0037753931983264856,0.03658779433296052,0.9993233109019533
925,0.7071015176078294,0.7071015066668828,0.0027311663117074864,0.002729697277641173,0.5004153750086225,3.995393733624475e-09,0.002370364533096352,0.0030482599347835195,0.9999925447138825
926,0.7054634719899755,0.7054631153797245,0.04818506274764241,0.048179841439273695,0.5056660152194108,0.9976757502349276,0.06781450284725729,0.0066551180821323745,2.546922590956424e-07
927,0.7070925174759367,0.707092501935908,0.0044937407600006895,0.004491294862552616,0.500686998279671,0.999979817078545,0.0049537327619086245,0.003978186431538405,1.0844698888663065e-08
928,0.0015307215897365169,0.0009241942547082051,0.7071061772216352,0.7071051243566473,0.5001672185383534,0.00042888210235363393,0.9999975096738902,0.0013354409168077344,0.0017358870205177158
929,0.7071056802027246,0.7071056747489366,0.0012508948201759916,0.0012507899948379748,0.5001454994636462,0.9999984353920451,0.0017639276592773005,0.00013331419716748882,1.337010713188784e-10
930,0.022421498508137426,0.0223495313093995,0.7067534919972099,0.7067512125243577,0.5024381847511791,0.03165789881845452,0.9994945718617174,0.002894075649102412,5.086748208445062e-05
931,0.7071059848329397,0.7071059839982973,0.0010617880201867537,0.00106123203796034,0.5001608346827308,5.815133430291381e-10,0.0008661281433950341,0.0012261440687882624,0.9999988731957462
932,0.7070007307293426,0.7070006383226766,0.01225142486953466,0.012246091138877434,0.5017708901352846,6.547175643404038e-08,0.007503866188893768,0.015612692007937702,0.999849956663745
933,0.7065548822203552,0.7065544424021573,0.027943155186513313,0.027932031980878316,0.5039497406073578,3.1419007542012733e-07,0.015278596524552653,0.03643600994343787,0.9992191859985201
934,0.020132250897010606,0.01949824965994453,0.7068379009788607,0.7068201273830726,0.5022457776258429,0.00044681904527636305,0.9993528867414894,0.02254591970794173,0.028023019443352105
935,0.7071065217992331,0.7071065216194576,0.0006058739396141394,0.0006056640900575711,0.5000839973210248,0.9999996330438218,0.0008089692734324365,0.00028192363386388765,1.249977692148416e-10
936,0.7071012472641812,0.70710124660056,0.002797687605675665,0.0027975198737496213,0.5003210042121098,0.9999921733826855,0.003950680446265579,0.00021283184552634343,4.620743979648354e-10
937,0.00793062458582917,0.007877278006604422,0.7070629027824956,0.7070623064438386,0.5008601453716301,0.011177875034665568,0.0007578677177262501,0.9999372376911525,3.7746842147901443e-05
938,0.02687235830218697,0.02219099113042897,0.7067584876834937,0.7065959781740921,0.5035708016536443,0.034691720008310174,0.2109294079663503,0.9768798396627021,0.0033238950680623516
939,0.014122401301316432,0.011066416547677212,0.7070201796446752,0.7069657401752083,0.5016744701744246,0.002163631365599089,0.06928697270150504,0.9974354152626276,0.01781085323716761
940,0.7069763657621623,0.7069763480534093,0.01358099013564094,0.013580342518933475,0.5015346313617928,0.9998155484908223,0.01918828716796489,0.000823790965987766,8.740666841768583e-09
941,0.7070973834627927,0.7070973794089858,0.003646372573499478,0.0036455863824802837,0.5004654184541522,2.9324780684562403e-09,0.0010157451691803425,0.0050551552664761645,0.9999867067451363
942,0.7070206835565885,0.7070206705745271,0.01103500703884568,0.011034175237675449,0.5012787988157499,9.073920333712945e-09,0.015569297785866212,0.0010589475804426505,0.9998782303843203
943,0.7071065544618564,0.7071065542284526,0.0005665396413412769,0.0005662482515269431,0.5000853348361235,1.6548980222854795e-10,0.00044452601705631675,0.0006663339010799844,0.9999996791978257
944,0.001725212269664532,0.00016854877198731256,0.7071067610985748,0.707104676580936,0.5001893405049636,0.0011121136588294138,0.002646478604355552,0.9999949956799504,0.001329650056888854
945,0.70710651375897,0.7071065136937826,0.0006150543253283196,0.0006149793770653043,0.5000736254895434,0.9999996217541988,9.582408041542876e-05,0.0008644704754549122,4.666877772254539e-11
946,0.006230633519052201,0.0007011637390097704,0.7071064335511387,0.7070793302069798,0.5007181825412785,0.00391264211646217,0.9993870410987894,0.0344416849060701,0.004899352641535964
947,0.004612969149645265,0.0015497383195028662,0.7071050829340227,0.7070917341587403,0.500518713456819,0.0021699901512539717,0.9998446045438696,0.016943600303933003,0.004355722210836602
948,0.0019374456789633756,0.0005528083815073899,0.7071065650967265,0.7071041269178387,0.5002125732311348,0.0017568720339211313,0.9999931805659591,0.0030950813733692166,0.0009862522608463339
949,0.004636670648408109,0.0020600039120342844,0.7071037804904438,0.7070915791361777,0.5005203154421785,0.0018178221161417145,0.01545415991424793,0.9998677045542157,0.00473686115201532
950,0.0037330671141614564,0.0009190516410819064,0.707106183924367,0.7070969270262182,0.5004165253078886,0.0019853520938935155,0.011750895062900541,0.9999235650884636,0.003292236786909734
951,0.010508232369009335,0.010027343151188677,0.707035679714486,0.7070286960601216,0.5011528294644075,0.00034008837023084197,0.9998552058872688,0.008865478099276246,0.014520843573746665
952,0.0017944624870223226,0.0011704081521623005,0.7071058125519515,0.7071045042314332,0.5001960817696579,0.0020966383122890844,0.9999963216418041,0.0016633556440361077,0.00044052088193398
953,0.0594136025479793,0.0591625045383186,0.7046274179002352,0.7046062899465702,0.5065707572966844,0.00017661380053395125,0.9961169413698571,0.026848854816993034,0.08384597139124388
954,0.0035781088933195615,0.0015980807514002352,0.707104975331044,0.7070977281371733,0.5003969515718624,0.001393746290590975,0.009209334283088809,0.999949914464085,0.0036625396404561116
955,0.0074121982347502115,0.006710567547037222,0.7070749382372439,0.7070679311900196,0.5008165617373753,0.0004950731081933984,0.008882481959414837,0.9999105605576819,0.00998635579639175
956,0.027546621711940406,0.027314926373535952,0.7065790081775747,0.7065700132648451,0.5030240004982062,0.03879297225960637,0.9991818476153336,0.011433015275830858,0.00016389316780202526
957,0.7070919656891679,0.7070919531565918,0.00457927736591631,0.004578155551187447,0.500596279816438,0.9999790351355128,0.0014583800388302168,0.006308915683951042,5.16070103926608e-09
958,0.7071067730552373,0.7071067730476194,0.00010728550108755002,0.00010723528064365062,0.5000158128709761,5.377096664113083e-12,7.279295455079662e-05,0.00013308181666213785,0.9999999884952043
959,0.300348898123957,0.300105765172389,0.6402628598554443,0.6401488415952201,0.5329568830936958,0.42458556427634064,0.146495520915152,0.8934574032698891,0.0001717618165730524
960,0.707096863057437,0.7070968467180139,0.003748247783038833,0.0037461586738537036,0.5005758408967979,0.9999859583682916,0.003715538926019031,0.0037786024853088507,7.804148517498176e-09
961,0.0012541631028330316,0.0005682524606192981,0.7071065528540547,0.7071056689596743,0.5001370695464397,0.0012888541095952535,0.0011220077639657127,0.9999984226300712,0.00048444919840981345
962,0.7070436041140492,0.7070435312244834,0.009457534224832162,0.00945247752344702,0.5014364928265357,4.7835190543711904e-08,0.007994183186513742,0.01071855028096635,0.9999105988612456
963,0.7071067530380826,0.7071067530335345,0.00019953538844907196,0.00019951927025838511,0.5000231874762056,3.182503571986531e-12,0.0002814285228546087,2.0501145622466623e-05,0.9999999601888434
964,0.7057337827430413,0.705733134499186,0.0440538632807373,0.044043561746473205,0.5056618013719036,0.9980578248771614,0.06084298433407602,0.013368225708622438,4.520679160882261e-07
965,0.7070802589876066,0.7070802505333305,0.006125300459881511,0.006124324454198845,0.500753447222995,6.0375663287957436e-09,0.0012532726497760515,0.008570645448823909,0.999962485968478
966,0.7071056749709788,0.707105674907679,0.0012537798556107966,0.0012537441553608826,0.5001396040186852,0.9999984280795996,4.529894667460881e-05,0.0017725084876714062,4.467025536133569e-11
967,0.7069935188100122,0.7069934041642244,0.012662008856188007,0.012655605897370302,0.5018946664638617,8.170023330063209e-08,0.015089147130070712,0.009633715160353062,0.9998397417441833
968,0.707012176477633,0.7070121380775902,0.011568777418162134,0.011566430406860654,0.5014679038598084,2.701886818160765e-08,0.003027891811554395,0.016076404899269328,0.9998661815846582
969,0.7070941017474618,0.7070940872761085,0.0042369492761445224,0.004235413131984632,0.5005905376769374,6.546206561547182e-09,0.002082611007894392,0.0056172230645583745,0.9999820546071995
970,0.04195952998729297,0.04164102477743762,0.7058796108989893,0.7058607496123062,0.5046372386453702,0.059114516371300996,0.02395502698507233,0.997963716579065,0.0002258938565609433
971,0.07183150500603366,0.07082920286736692,0.7035504417035372,0.7034488146899084,0.5087152639832746,0.10087633038004573,0.13007281422271733,0.9863592255918036,0.0007120809745555188
972,0.7068250244629405,0.7068247758799194,0.019968380062051254,0.019959578977634403,0.5028898945594376,0.999601360045445,0.025362841762627528,0.012403517766781669,1.7803914177017964e-07
973,0.7071062753757996,0.7071062699190893,0.0008503182397296664,0.0008501615939311035,0.5001066356015699,1.3207641789721393e-10,0.0011853458863885597,0.00020191823650714006,0.9999992770918134
974,0.003964008519262437,0.0026345032098380374,0.7071018734191264,0.707095670073336,0.5004378834378235,0.004665641183776878,0.9999577383921838,0.007865587002106565,0.0009411498539962662
975,0.005274293695078584,0.004987598452493513,0.7070891908816566,0.7070871104937858,0.5005772582986895,0.007256268144549385,0.9999701607521114,0.0026425921978045393,0.00020219912336504696
976,0.7071022460771845,0.7071022438133239,0.0025331391914870886,0.002532507176980272,0.5003312174327402,1.6011595293220567e-09,0.0034857669463624554,0.0008245092846969133,0.999993584786041
977,0.002896417018473561,0.0028930252335916803,0.7071008629643947,0.7071008490791458,0.5003142882455031,2.3961054607576067e-06,0.9999916203963349,1.762252938769334e-05,0.004093753877040008
978,0.00025113953072919355,0.00010191016385848646,0.7071067738427603,0.7071067365885678,0.5000273208423971,0.0001053100944667193,4.7176776475335e-05,0.9999999621588008,0.0002497329161243143
979,0.6882644807737001,0.688260867550601,0.16216343052134705,0.16214809436211935,0.518209186970051,0.9733504082753515,0.22848580537714225,0.019575991542632246,2.530602428550038e-06
980,0.0037366350662406764,0.0032640461004095995,0.7070992476329283,0.7070969081804703,0.500410026171227,0.004950241063761309,0.0029667253438309775,0.9999832909114874,0.00033399397376284096
981,0.7070673071111107,0.7070672658835545,0.007475394033591388,0.007471493468183827,0.5011284527622725,0.9999441460748708,0.008675084806290291,0.006037187607341575,2.8984336885664973e-08
982,0.7071066517596502,0.7071066517368952,0.0004278661435416909,0.0004278285364710623,0.5000500813706124,1.6222071744229383e-11,0.0006031737687585248,4.7834068297059465e-05,0.9999998169466365
983,0.7071030039458905,0.7071029997516717,0.0023125185806335867,0.0023112357509184073,0.5003550696873238,2.9446130844499826e-09,0.0022182459170024043,0.0024018613477470177,0.9999946552092742
984,0.7070906662245603,0.7070906522586056,0.004775928024934267,0.004774640145380482,0.5006324165370063,0.9999771964014892,0.006539527362606495,0.0016856034204261788,6.022145096902001e-09
985,0.010327690575460118,0.010300001569023687,0.7070317602255808,0.7070313563112902,0.5011208592347239,1.9601868608442257e-05,0.0005128241352212647,0.9998934872207502,0.01458598096499119
986,0.018283703094236207,0.010880416642572069,0.7070230664792174,0.7068703602508409,0.5024427510140119,0.005213471961187606,0.9800638575065581,0.19754026917111125,0.020627578027098886
987,0.7071038959237236,0.7071038958995294,0.0020200009176802973,0.002019992448416015,0.5002202936888014,1.7273676077618417e-11,1.0738529987465807e-05,0.0028566865216646856,0.9999959196050757
988,0.0030450920331963932,0.002563802546137237,0.7071021332994344,0.7071002244480696,0.500332809626624,0.0003405728812127453,0.9999891392784427,0.002423975305432465,0.003966065934055402
989,0.7071039271815452,0.707103926780832,0.0020091617984427197,0.002009020766582184,0.5002315325519398,2.83642674462192e-10,0.00017927684603523386,0.002835622574560252,0.9999959635440718
990,0.7061084026246531,0.7061083105906021,0.0375639949271322,0.03756226487927002,0.5042146540810799,0.9985880144194851,0.05307679769779334,0.0021979544794141154,6.488498087584838e-08
991,0.004470457160777191,0.0037702970973873882,0.7070967294930692,0.707092649525344,0.500491538076833,0.005827099574696748,0.9999695107200567,0.005174698334843612,0.000495013106372768
992,0.005261192638199899,0.0048880145081553915,0.7070898863045417,0.7070872080956199,0.5005744455530589,0.0002642324340497697,0.003398632053456092,0.9999684377353086,0.0071765600809783085
993,0.7071047734644273,0.7071047665850182,0.0016879196516751222,0.001687244612972613,0.5002408280686106,1.1214293341049016e-09,0.0021987460438017566,0.0009281071971395838,0.9999971520623813
994,0.013037884475391706,0.012950123192678544,0.706988185409978,0.7069865724102582,0.5014145995064474,0.01837629622010563,0.9998290362913095,0.0020508696912084567,6.21251168411817e-05
995,0.707106673041548,0.7071066782467209,0.0003911898120623722,0.0003910755869770568,0.500052552587987,4.417691614922409e-11,0.0005321933474512277,0.00015079729679109188,0.999999847015198
996,0.7048789723013814,0.7048788193792985,0.056087877393032635,0.056085955526833174,0.5062208398374368,0.9968492943279812,0.002435094658480232,0.0792814903481135,1.086440465862193e-07
997,0.03611341528636685,0.035902416115134915,0.7061947440452229,0.7061839854006579,0.503962414868765,0.00014906026968118378,0.9986092997381754,0.013649330748643235,0.050922883142904406
998,0.7070960971225605,0.7070960950727709,0.0038874584032520805,0.0038870855458142993,0.5004568214379245,1.4705646707810002e-09,0.0054768589137051075,0.00047516662010560647,0.9999848890023884
999,0.005169583360886248,0.0006741728745616667,0.7071064598000324,0.7070878837937151,0.5005879517328276,0.004159234373802486,0.9997093871002917,0.02353640249419827,0.003143226147404375
1000,0.19115721568371147,0.19101235631457245,0.6808188303323889,0.6807781715743083,0.5206138194423156,0.00010209795097251355,0.9614049253655453,0.05170849166327614,0.2702346960491983
