traj,F_phi_plus,F_phi_minus,F_psi_plus,F_psi_minus,F_plusplus,F_ee,F_eg,F_ge,F_gg
1,0.138576177552716,0.9268617132291757,0.24674306683397101,0.24666144111741783,0.18319396026150098,0.662674879739126,0.3314287614707334,0.10899075022556098,0.6626748797094845
2,0.10533538247300786,0.950050480573063,0.20778649412718248,0.20768564846262225,0.17805285678918928,0.675903633762939,0.2536140346278958,0.14828512116448525,0.6759036337726277
3,0.6615281263140308,0.10933501697676226,0.5246174834652622,0.524597834727434,0.6415086568392725,0.4741168673663552,0.7414878899917815,0.024941955690617326,0.4741168673656057
4,0.04123224965970828,0.6479704432715709,0.5377980775849425,0.5377801045110037,0.3767366340422789,0.45911098165086134,0.022813244450063972,0.7602063989072886,0.45911098164350345
5,0.43907295740671215,0.6335618335077318,0.45046730646232297,0.4504370622018435,0.4795240454087355,0.5450622252541094,0.038469238258299114,0.6358729896011265,0.5450622252592764
6,0.780036571275513,0.4339361690699648,0.318809413884886,0.3187521078581299,0.6316741260449654,0.6311725799456189,0.07373156829947418,0.44475386955227886,0.6311725799487548
7,0.014592698533393839,0.03649766300774828,0.7065603458371328,0.7065602956995478,0.49812270117270746,0.02779412016513465,6.348011794377556e-05,0.9992271862488511,0.027794120164603024
8,0.3541859924401733,0.3126784898608552,0.6232153248443265,0.6232071126551629,0.4717716492309257,0.33407750120329854,0.010418920973095689,0.8812921720238761,0.33407750119538737
9,0.4099436902144416,0.24740769908611138,0.6207842276630804,0.6207757598126992,0.48698468307966586,0.3385737723934363,0.010739899870687469,0.8778497911585155,0.338573772405654
10,0.08908061537014739,0.04967553756591067,0.7034193137748803,0.7034189746810126,0.5108931211088655,0.07212147761672005,0.9947848006087477,0.00043059334054261565,0.07212147761636123
11,0.3832476486143107,0.10575833797197226,0.6488234205118263,0.6488178348167841,0.4953529645945736,0.2811259381703016,0.007088554163269874,0.9175435500186794,0.2811259381609244
12,0.9424944975761846,0.13298031642427915,0.21686620591828762,0.21677039976186288,0.7139420817989753,0.673045185153439,0.13553282965221,0.2750476496332518,0.6730451851543546
13,0.3041095313227466,0.6783711651389401,0.47294571496437704,0.4729189211308057,0.4258738717724778,0.5256757768468574,0.6679602394990964,0.03404517168411535,0.525675776852764
14,0.24490710060397688,0.8858890808601152,0.2786214277998214,0.2785519011928155,0.23711663057727267,0.649914970718424,0.38340144501407597,0.09068844275022958,0.6499149707067231
15,0.6710715340487399,0.17940814698192334,0.5086736907322778,0.5086519403420025,0.6395321717898469,0.4911844256205307,0.027593203239832383,0.7188284462873228,0.4911844256192967
16,0.38704996822819243,0.8706748601957984,0.21466164254610762,0.21456465025023197,0.33946458617179204,0.6737515825852424,0.13821240769230836,0.2702127685315637,0.6737515825927979
17,0.29638600461216263,0.1572587131002118,0.6661194327687778,0.6661155577475842,0.5442965991592493,0.23724983141718492,0.00492494952237124,0.942019522015216,0.2372498314160539
18,0.17398068497311825,0.5386804046107172,0.582910300885117,0.5828976964485552,0.41134592966929234,0.40027856337986123,0.8241955143999106,0.015996794868867747,0.4002785633724842
19,0.39486354580953625,0.8692594772433693,0.21037175866875857,0.21027238886951155,0.34262625430565935,0.67510341639039,0.14445907253573734,0.26000448213135113,0.6751034163828117
20,0.15634660016826685,0.7498434218490735,0.454597342604149,0.4545677500909376,0.35652701732550124,0.5416222930614789,0.03760029396948114,0.6417762859586664,0.5416222930542365
21,0.0946286842300042,0.003418427804234807,0.7039297328654737,0.703929440824994,0.49192996988948606,0.0669562302085537,0.0003701862145509275,0.9955066998440608,0.06695623021059188
22,0.7931206986894859,0.4272455564604417,0.30696743121375475,0.30690680665161196,0.5640455860666396,0.6370161725482261,0.42697782383502914,0.07817115675339624,0.6370161725709166
23,0.08037580437300408,0.9441432682449243,0.2260247687212444,0.22593366975628412,0.17844751292046143,0.6700249177594095,0.2938322898704895,0.12568136152388854,0.6700249177280271
24,0.2220764380222391,0.25897292178704395,0.664688054085658,0.6646840393843212,0.4720350567847136,0.24123113247066497,0.0051102485257497835,0.9399941312670212,0.24123113246528594
25,0.10844842396659977,0.052280674480552784,0.7019637936135018,0.7019633201747515,0.4904643443316039,0.08513028128873537,0.0006006887760281667,0.9927262007159953,0.08513028129098185
26,0.8891522684840759,0.08657860925089675,0.3177648384796091,0.3177072477861268,0.7041007007255182,0.6316991420490309,0.4431970477795002,0.07408619783294981,0.6316991420484251
27,0.48155767058219223,0.824528022057847,0.21011612946702768,0.21001661543059416,0.34182031390965767,0.6751830245731613,0.1446037124809757,0.25951017890604244,0.6751830246008127
28,0.46856194160636644,0.5413505813419023,0.4936662673297132,0.49364245883398583,0.5183337916393029,0.5062661055871654,0.030255578603597146,0.697476781424498,0.5062661055914108
29,0.39120651677645313,0.8349926793004083,0.2736637345177902,0.2735924890614505,0.30684100341052106,0.6520181402086224,0.37557975797470267,0.09319085288120968,0.6520181402214312
30,0.8944846177119218,0.286077979052606,0.2429990905779969,0.24291586072590457,0.687041093716365,0.6640569729280363,0.11165327112832406,0.3249464886104874,0.6640569729260433
31,0.0,0.8581624689109112,0.3634205697007334,0.36337414005849256,0.2535094581461897,0.6065825268846806,0.5104900953733091,0.05928860489676286,0.6065825268941947
32,0.173660593432798,0.04800582809517114,0.6955353793805753,0.6955343092109431,0.5249271674493575,0.12740204225263957,0.0013583710900675736,0.9836338719704637,0.1274020422529777
33,0.8688842617887018,0.36578136113228527,0.23588652316797498,0.23580012001528386,0.6676894995573446,0.6666167758135059,0.11710203691531501,0.31229995414950373,0.6666167758108902
34,0.19702081101882643,0.15584777991737783,0.6844330366685537,0.6844309226189115,0.5238206061521818,0.17763126200095763,0.9679292769519416,0.002680361841987337,0.17763126199979193
35,0.37813445568578924,0.47716770726113994,0.5609555733305778,0.5609404222550957,0.5120547394821298,0.43050823885796696,0.019226919498226695,0.7930672343105414,0.4305082388352781
36,0.13258071525873885,0.12682759070232055,0.6951038268043374,0.6951027165026268,0.4859686652464403,0.12973604640464773,0.9830234643942793,0.0014088923432334353,0.12973604640162287
37,0.0492848740606185,0.007224017061180048,0.7062290451904802,0.7062289646394228,0.505904682846283,0.035222047311786506,0.9987586316802829,0.00010203165192593248,0.035222047311840365
38,0.16499981195600158,0.47367264287126876,0.6117274012693612,0.6117179709523394,0.4300523638966737,0.35467640924191063,0.865023744454627,0.011967078988186245,0.35467640924853355
39,0.9496876262999255,0.008996734711154943,0.22142022605077666,0.22132680522921958,0.6577501199807179,0.6715606930168383,0.28463492463023293,0.13036652522059333,0.6715606929960942
40,0.7773303093900454,0.36278355100151305,0.36344148693610145,0.3633950616064991,0.6452047649279721,0.6065699937894904,0.0593335362140863,0.5105146586599131,0.6065699938242156
41,0.7585663556730057,0.5804173800334759,0.20944520116087806,0.2093453049551042,0.5855762861731427,0.6753914609313902,0.1454245542851657,0.2579621057578558,0.6753914609357392
42,0.5198166246351785,0.11128406953898187,0.5989238227356716,0.5989130046838504,0.5156108934542574,0.3758945778878617,0.013735048847716433,0.846887171382882,0.37589457790020525
43,0.03501322074298002,0.2310653912569462,0.687526495447623,0.6875246740255867,0.4828250233352839,0.165253049388574,0.002311636229880195,0.9723052584833739,0.16525304938578236
44,0.06342786284944138,0.11317393264139006,0.701130993125667,0.7011304426876992,0.4908624491125117,0.09173721386617739,0.9915483230132077,0.0007002246275109242,0.09173721386240526
45,0.3259375158566899,0.7192718386805729,0.43384406940176934,0.43381111244775955,0.41278950502214,0.5583848324268629,0.04191108657031622,0.6120916750461041,0.5583848324206044
46,0.2023561912352739,0.06811406875710271,0.6908019021411719,0.6908003890446545,0.5296907313972005,0.15097608170459817,0.001919256551841434,0.9769384637531658,0.15097608170508522
47,0.1003208238122209,0.8276860724113191,0.3904506203184181,0.3904097987229901,0.29632847874785334,0.5895458006568128,0.0519986912001755,0.5496977660127718,0.5895458006651864
48,0.08357681414074271,0.22549253611343886,0.6863565706878778,0.686354638775602,0.4798544737084395,0.17004700483057106,0.0024495770871567645,0.9706503138964647,0.1700470048337769
49,0.7736957868290258,0.17241933799706183,0.43110046091064247,0.43106704163562365,0.5809788412075231,0.5605058421813401,0.04250240276645793,0.6081611197215214,0.5605058421628931
50,0.4776475321135965,0.8306978094670926,0.20228209670102432,0.2021779941669132,0.39392218660822353,0.6775714028935633,0.1588940627422158,0.2377954263571774,0.677571402886613
51,0.0200615235223479,0.11567802670064467,0.7022167619430779,0.7022163118717668,0.49890237381191577,0.08301768060842114,0.0005716665465555937,0.9930839856779324,0.08301768060956027
52,0.71347559493942,0.5380246509103425,0.31742610718613096,0.3173684245719967,0.587329658398217,0.6318694285832678,0.07421913341498815,0.4426890225358887,0.6318694285872757
53,0.8701061695403676,0.35573381213164496,0.24125632494998853,0.24117233320947432,0.669890333087605,0.6646921435406299,0.32189016928628944,0.11293992894862363,0.6646921435381093
54,0.7186933858873198,0.3747769872699087,0.4141570676757659,0.41412069519515515,0.627085293282683,0.5731395873207431,0.04628646634497317,0.5838489444436834,0.5731395873180439
55,0.5820682946369774,0.15430500272594927,0.5645365775215189,0.564521850022156,0.6167397887105471,0.4258013230879624,0.018696511672155323,0.7981459183404002,0.4258013230890613
56,0.5911862916383536,0.6035924636807993,0.3782906594589309,0.3782473921822039,0.532945634146703,0.5974215794893348,0.532097206559887,0.05520394458438545,0.5974215794846668
57,0.8230796411334178,0.023986037987622562,0.4012453532236848,0.4012066061890428,0.6886220033897151,0.5822522759366364,0.04939344318020052,0.5652653024059886,0.582252275936528
58,0.19624486880744743,0.1824913831906597,0.6812445010405133,0.6812420839979004,0.5214567926457715,0.18949294550561116,0.003070991464175279,0.9634186090268174,0.18949294550422335
59,0.661767400984636,0.43805818811368386,0.43023122612814046,0.43019765939467586,0.5985046512461157,0.5611733537473088,0.04269644913480401,0.6069151071736968,0.5611733537505268
60,0.4884668680106125,0.8022753305448015,0.2426879366195208,0.242604571833495,0.35426122059522086,0.6641707563294805,0.11189411488605105,0.32439808863342773,0.6641707563432719
61,0.5934373708086981,0.6553965875265395,0.33039616616085243,0.33034191420125975,0.5147006592453439,0.625185009857738,0.06960397655942838,0.4619985858626157,0.6251850098628634
62,0.7846838061909637,0.486334777121827,0.2718353268429344,0.2717634337870301,0.5522847926572786,0.6527825791055284,0.3726943760165688,0.09406758713362944,0.6527825790818946
63,0.8961965659390158,0.34133365190054205,0.20045601261560328,0.20035079307451764,0.6783549626907007,0.6781139088373628,0.16318595722540716,0.2317183562943659,0.6781139088397748
64,0.8933160207193932,0.35356855557804634,0.19623723338617452,0.19612935827380806,0.67544121582575,0.6793468271286219,0.17953272672022977,0.2115272487892636,0.6793468271261052
65,0.72815344269544,0.6166544091899975,0.2116266218941043,0.21152795659913978,0.5053990499386816,0.6747110850017222,0.26316021656840805,0.14239594071807787,0.674711085027129
66,0.34553854484139374,0.8032611940982447,0.3430813626712943,0.3430302590761948,0.31321184937237273,0.6183144102844899,0.06549700152726316,0.4807127238228788,0.618314410296465
67,0.7964808227836526,0.5368867487907136,0.19673996331695137,0.19663241020963165,0.608595098346829,0.6792013994908244,0.21453846743507066,0.1770428306975896,0.6792013994529849
68,0.7172865652364632,0.5235324385156042,0.32515375659366336,0.3250981447597203,0.5186906149111074,0.6279276355067762,0.45421572429646767,0.07142720038625854,0.6279276354912939
69,0.5332220207487252,0.7966150699500306,0.20139618324404207,0.20129154053731324,0.4306329496655697,0.6778352650503083,0.2348934944482529,0.16094642954424687,0.6778352650438192
70,0.031415773772434166,0.8130689141326333,0.4110731991168707,0.41103626968587276,0.2950442626778853,0.5753555465885678,0.047004673019702,0.5794156977022343,0.5753555465799481
71,0.1062718863837401,0.03058641290604082,0.7027699902185606,0.70276959123043,0.5138704887837365,0.07819604366585066,0.9938664403603366,0.0005061970520931849,0.078196043666069
72,0.16075374806419807,0.18344853495008767,0.6857505362664895,0.6857485468582513,0.5148163841374791,0.17247482786267213,0.9697930132979278,0.0025256418010112924,0.1724748278612356
73,0.13558482862540297,0.039336863522704955,0.7000250993306816,0.7000244465358262,0.5184690509325924,0.09982643577535968,0.000827283853751961,0.9899841822181535,0.09982643577563373
74,0.8023288324246618,0.5260911230681661,0.19942264887045377,0.19931678806973133,0.5544366851748198,0.6784185378834937,0.16622262329098267,0.2277424299405067,0.678418537900512
75,0.20133826434845162,0.924537235030254,0.22883931029006066,0.22874958889087452,0.23615728162796984,0.6690688288976777,0.12323035171594994,0.29917901792695634,0.6690688289299723
76,0.5651562089387164,0.7428240958128207,0.2538215629600894,0.2537428547848864,0.40548821767058624,0.6599959006846421,0.3433797953339008,0.1044085165795159,0.6599959006702883
77,0.7457523554826335,0.3266874549194353,0.41058441780958765,0.41054739914208926,0.6427293551594297,0.5757044679811716,0.5787087063495667,0.047169527086701496,0.5757044679834877
78,0.3669834874095528,0.20029833854836754,0.6423440323693114,0.6423377930413153,0.5568581252270792,0.295631784243067,0.9083727530520697,0.007914404731806072,0.29563178424453135
79,0.6082602872454722,0.6037490872884763,0.3643762780240667,0.36433005718950573,0.4622244421074194,0.6060088850250384,0.511880218366469,0.059034774527193294,0.606008885011039
80,0.017725194173014103,0.6077947479197091,0.5613770195513056,0.5613619187408697,0.3971023230140319,0.4299585085223707,0.7936649516719954,0.019165238851298866,0.4299585085289886
81,0.27802231702757774,0.05466760099829691,0.6781293114973213,0.6781265969742508,0.5455962795809072,0.20035587758304418,0.9590116012163412,0.0034341473728679846,0.20035587758341453
82,0.05966281762308989,0.10989163723801906,0.7015571584799795,0.7015566474946411,0.49135046964024687,0.08841895651177252,0.9921510747815787,0.0006488976666518749,0.0884189565135653
83,0.8032906269614096,0.3976555085603936,0.31355311069820235,0.3134943570767879,0.5719189369961306,0.6338003372043965,0.4368894454642156,0.07564309346845906,0.6338003371820446
84,0.07482108493538601,0.17330622125839149,0.6943948419009214,0.694393665339499,0.5018963831812288,0.1334789142100091,0.9820206379107828,0.0014918577443557382,0.13347891421152572
85,0.9075975687551786,0.25735591154107385,0.23460114950281546,0.23451415444810608,0.6939554746372987,0.667070240663698,0.11810253569030009,0.30997802994417845,0.6670702407065726
86,0.039441855836352006,0.06465176051861121,0.7050761493956116,0.7050759628745571,0.49505924399343193,0.05355142448963178,0.00023661523252459257,0.9971280930167692,0.053551424491816255
87,0.8518715212375612,0.4429802096717024,0.19764326538090676,0.19753628728207354,0.6470559676282008,0.6789390822675858,0.21982990450992848,0.17250582084894756,0.6789390822644037
88,0.16798389685065448,0.44286215336805307,0.6227619175350688,0.6227536575754591,0.43793069555588243,0.3349219879678471,0.010494555673928036,0.8806499805579827,0.3349219879615046
89,0.02724324245310255,0.28781029433463184,0.6769146448307284,0.676911813923602,0.47605701257364763,0.20442230772120532,0.003590836722992074,0.9572931348898736,0.20442230771195885
90,0.7055702397152049,0.6245761655762905,0.23676567927299405,0.23667967788049868,0.556679109423814,0.6663050139399711,0.1164060375846289,0.31388674903070524,0.666305013935232
91,0.7672047191252119,0.45768408591173204,0.31777256404102183,0.31771497514309266,0.5492925246161022,0.6316952556780383,0.4432098244816463,0.07407603776073418,0.6316952556941284
92,0.9215886866835185,0.20398295937955807,0.23356594341066966,0.23347846782602702,0.6396796364482831,0.6674334255825127,0.1189778139822754,0.30807389477153757,0.6674334255605481
93,0.08897573230887819,0.23002314711915545,0.6852647153388012,0.6852626801170028,0.4789059523607138,0.1743951391978238,0.9691057867770565,0.002577767392259992,0.17439513919451272
94,0.2302951377640584,0.8739117135915768,0.30272092751656,0.30265905969121615,0.24458020636176586,0.6390451993465279,0.4205525333500533,0.07986258862890595,0.6390451993579874
95,0.056068649192643254,0.17370469264873006,0.6952282050435457,0.6952271062332458,0.49925612828936256,0.12906783811408618,0.9831993945362721,0.0013917302294245153,0.1290678381124962
96,0.6319726908456037,0.11696800920168252,0.5417323807082577,0.541714897839187,0.6328767329819898,0.45446176800171256,0.7657913942209184,0.022193318497687225,0.45446176800254134
97,0.14582367165288024,0.011656368115290779,0.6995000240115458,0.6994993225699919,0.5205396447689137,0.10344180521429244,0.0008918733998042566,0.9892415227990937,0.10344180521421012
98,0.15645051624661027,0.9212183562251729,0.25191269760310514,0.25183321726569435,0.1908570383182456,0.6607268813612674,0.3401805014721305,0.10562766186105667,0.6607268813318676
99,0.17039102147225618,0.007905516296066867,0.6967444787145747,0.6967435212783315,0.4888462555684717,0.12061425483030684,0.985344065951126,0.0012143959307458882,0.12061425483397799
100,0.663782360209129,0.4606620627368857,0.4166613600736936,0.4166254351953757,0.5113481331238543,0.5713215197215111,0.04572393788944752,0.5874459666506174,0.5713215197005164
101,0.15888649770722355,0.041918475128160215,0.6974952188189011,0.6974943311698194,0.4887034247002013,0.11619397082386972,0.9864059278166099,0.0011259917912075828,0.11619397082000198
102,0.32542317433678264,0.7852812191601442,0.3724689909587652,0.3724245094151097,0.3778423044761072,0.6010685632976553,0.05676238140152664,0.5236517893567763,0.6010685632907141
103,0.28063910245974705,0.89726852904863,0.2410305073636727,0.24094641617901144,0.23504107244852546,0.6647740665197158,0.32147555109200965,0.11315631223925443,0.6647740665318898
104,0.550686667453276,0.09913863627428425,0.5860589057426817,0.5860466569195416,0.5223526924615848,0.39565406285221916,0.015561046476661317,0.8286576970736661,0.3956540628650895
105,0.17547303303008224,0.2287586496270124,0.6770829000410963,0.6770800852441431,0.5127159963204868,0.20386429878349738,0.9575311392638494,0.0035794835315269423,0.20386429878533485
106,0.24253600569417708,0.42152291905142075,0.6178614573163186,0.6178526807603452,0.44388081155406317,0.3438788190884688,0.011141170661867525,0.873710815931721,0.34387881909550594
107,0.8481269510716942,0.2626238260175062,0.3253809681015205,0.325325416269733,0.6789887714353288,0.6278099231170959,0.4545525452292511,0.0713539382190468,0.6278099231152275
108,0.42734378425451475,0.008386723548140887,0.6392633771199934,0.6392568244466998,0.5032792054596441,0.3022358740098841,0.9040120759253424,0.008313814388779843,0.3022358740006602
109,0.05523987036218519,0.04633647288288494,0.7052665192651113,0.7052663502584092,0.49421026017635117,0.05098289907734661,0.00021466396917434183,0.9973973340261761,0.05098289907926431
110,0.041489397413539734,0.10375491225218299,0.7026784900901936,0.7026780826549424,0.49317951570753854,0.07901408646693632,0.0005162924691294793,0.9937370284542822,0.07901408647028554
111,0.5031748021520469,0.4983018454642766,0.4992661561179427,0.4992431254949685,0.4593501810263243,0.500744249598942,0.7054464632428344,0.029252016972293935,0.5007442495873617
112,0.16543135006524792,0.0,0.6973734913251748,0.6973725924098959,0.4889864541194823,0.11692236944502579,0.9862337529540683,0.001141745022506954,0.11692236944144549
113,0.8949043205313048,0.2196184961080063,0.274729784700614,0.2746589133088706,0.6956130598795515,0.6515696535061752,0.09256834055813028,0.37728646356312534,0.6515696535046592
114,0.17100055323219301,0.5834848441160281,0.5613916637489507,0.5613765646643659,0.3962575507698595,0.42993938672334303,0.7936856345292023,0.019166664372230486,0.42993938673117343
115,0.6331874632205731,0.709394876390048,0.21894521484470283,0.2188505091156178,0.5027805970722005,0.6723717154777511,0.27948780574676674,0.13311318072383296,0.6723717154832947
116,0.3223259231399261,0.050962755381469355,0.6683987134031825,0.6683950603923483,0.5554773118322666,0.2307500846846063,0.9452445681094177,0.004637164603648734,0.23075008468497704
117,0.5981678907989041,0.5272121178357791,0.4267737750596833,0.42673961867349686,0.4775649318735384,0.5638073442057319,0.0434672700059546,0.6019577673413012,0.5638073442190841
118,0.32382382925857867,0.4177467094483689,0.6002660357154073,0.6002553643424537,0.44970913248538774,0.3737473638373405,0.013555951518984767,0.8487885792314819,0.37374736382916285
119,0.151409912888198,0.5402455361442909,0.5853307756309899,0.5853184449977499,0.41099611037207223,0.39673051372371276,0.015655876556286516,0.8276259375373725,0.3967305137308739
120,0.08618685910291822,0.9319888697886732,0.24900677045531142,0.2489260938017754,0.19737258949899625,0.6618275561199218,0.10754773573314133,0.3352641592038566,0.6618275561294853
121,0.39581729510598096,0.8654014868485441,0.21731366985216993,0.2172181031836418,0.2902985532346927,0.6729008338925941,0.13495403265331093,0.2760368535647483,0.6729008339208221
122,0.07457722150097588,0.11481282007876693,0.7004488253916181,0.700448211850443,0.5060725636909778,0.09680843331860041,0.9905834879455838,0.0007796707911744658,0.09680843331765158
123,0.18270935378621583,0.8258812819140166,0.3772069780871394,0.37716348697276003,0.27591319511796336,0.598106428557822,0.05546737124043947,0.5305287654319588,0.5981064285682968
124,0.6497284511154782,0.5768854481161416,0.350064812118877,0.3500153621272651,0.48298654512342426,0.6143874484286126,0.06324135267422261,0.4909752109025871,0.6143874484431282
125,0.6666728220048062,0.6880715401034545,0.2026659755169285,0.20256210521117549,0.46255254204103075,0.6774566760765018,0.15796422354887382,0.2390652801609072,0.6774566760609639
126,0.0782014908159251,0.1963718243193671,0.6911312039369043,0.6911297218267906,0.5002199770539377,0.14946131030232943,0.001880369578554066,0.9774042652136833,0.14946131029487333
127,0.4381517513057632,0.8512169709384213,0.20432173247486002,0.2042188552817043,0.3128875853913233,0.6769591157537714,0.1545325836317077,0.24407456198917427,0.6769591157402054
128,0.5337678358256802,0.7021665158120105,0.3332339682120642,0.33318043751102927,0.40854691113738056,0.6236769670561326,0.4661918276973395,0.06869687983172236,0.6236769670697105
129,0.4709433837817148,0.3789171519669205,0.5633164649099979,0.5633015933650624,0.5578889784729208,0.4274142459465503,0.01889349545608934,0.7964151935741595,0.4274142459437146
130,0.3488686682785631,0.8785788920560365,0.23068459033628547,0.23059575561684442,0.32184002074651574,0.6684348200525695,0.12148355295266886,0.3027070020483824,0.6684348200192448
131,0.7304553271632777,0.5104220939748776,0.3208899462076906,0.3208332018727649,0.599626083671291,0.6301173299488262,0.07296586849163224,0.44786190174691887,0.6301173299450447
132,0.86327418777036,0.33154580241813203,0.2691414922277828,0.2690686300064374,0.6044430745645911,0.6538979008524488,0.36836465267662877,0.09561669911979531,0.6538979008749235
133,0.9438940548511631,0.11312532036009043,0.21944034603753126,0.219345900159565,0.7154639538809772,0.6722102761089717,0.2805024788582533,0.13260862996146416,0.6722102761098007
134,0.649008449922523,0.6886504799530409,0.22868057439848033,0.228590776897023,0.5162675410229196,0.6691231021281717,0.2989040149969624,0.12330830551223693,0.669123102133503
135,0.7648773325486076,0.2900784243835528,0.40672340724392003,0.4066856818974181,0.6533184800366004,0.5784387721000134,0.5731553843672998,0.04806328360863957,0.578438772102067
136,0.8363573174056745,0.4532598940427019,0.2180635408532524,0.21796837084223633,0.6410079780932061,0.672658190115352,0.13420276546688012,0.2775815849045436,0.672658190118623
137,0.7148856554296207,0.39505651421679205,0.40798250106038453,0.4079450074021677,0.6222768110672611,0.5775513612488923,0.5749731190925116,0.04769447092556944,0.577551361251718
138,0.1847107889279862,0.5346675380155781,0.5831068606031573,0.5830942782805341,0.4516194334449668,0.3999921572718132,0.8244742273669625,0.01596235113061941,0.39999215726696435
139,0.02685872518410486,0.3198715239936324,0.6696885633132037,0.6696850355743147,0.47118755139872776,0.22697927360994072,0.004478028605477429,0.9470695676477431,0.22697927360627193
140,0.39772797809673477,0.6786301205770059,0.43663600093406263,0.43660350974716594,0.3822423431655653,0.5562042691098485,0.0413325215469992,0.6160886662630644,0.5562042691212713
141,0.5542592574001795,0.5025334191239484,0.46919212787174147,0.46916477424567454,0.4708153788617993,0.529028903622957,0.6626093547181954,0.03472292167638553,0.5290289036354222
142,0.5854572684102611,0.051143730799449706,0.5721188439752982,0.5721050026296531,0.6226015844907361,0.41555739334944786,0.8088976015953163,0.017572017495214736,0.41555739334910585
143,0.390030359225481,0.8781831900646537,0.19584808392273376,0.19573995911437977,0.2803826150398535,0.6794591218195866,0.18255818112067396,0.20819009120564905,0.6794591218063425
144,0.09609684595025102,0.5857629230599292,0.5690621046236014,0.5690479078426209,0.4184847158292458,0.4197337249116574,0.018006227001911984,0.8045638421703168,0.4197337249174394
145,0.03262692617495264,0.5658198626005041,0.5825796498102787,0.5825670076498102,0.4091325395660625,0.4007596743808978,0.01603847184826674,0.823726977945905,0.40075967438727667
146,0.25065434319883545,0.8245315155521244,0.3587159303349167,0.35866845612740006,0.2832485705987073,0.6093766568755081,0.060633879700217636,0.5036305319669938,0.6093766568866519
147,0.9104255989227064,0.2980067854867302,0.20292765446979044,0.20282394257453676,0.6887096580105753,0.6773783342315949,0.2398682251920527,0.15741797601704954,0.6773783342295004
148,0.3376837050274684,0.2671636778339403,0.6382012953362097,0.6381946342898421,0.542316336910496,0.30447226096446395,0.008452404046329555,0.9025086378927347,0.30447226096645186
149,0.23489477408603335,0.6896549975438946,0.4843680266867431,0.48434290029734123,0.40397944717802636,0.5151696660465115,0.0319554293856537,0.6842362756224113,0.5151696660719386
150,0.5765097399375365,0.33687892771555833,0.5263884273389812,0.5263690068592162,0.5940146447657035,0.4721498131864194,0.7440036778396287,0.024650257188710677,0.47214981318397214
151,0.07642534666130364,0.6964727065600961,0.5045331737761647,0.5045108640692487,0.36913120848017933,0.49543670866641093,0.02833090244404062,0.7129391947222822,0.49543670867350975
152,0.14733606832554252,0.43993540745444515,0.6264019439980346,0.6263940651009933,0.47054914896693883,0.3280633168798078,0.010002883942502388,0.8858040768426716,0.3280633168758076
153,0.35400273088057216,0.8381377230366058,0.2934665090320318,0.29340182655989905,0.35292521165846386,0.6433477971740411,0.40642891860760283,0.0838018965870542,0.6433477971666633
154,0.1390462750377057,0.057523144413227076,0.6990558845960089,0.6990551419356306,0.5186196905895348,0.10640201770541366,0.9886133374296755,0.0009435629879146641,0.10640201771236821
155,0.7041314945518313,0.6092926637405293,0.25787695471787386,0.25779985360279223,0.5618256666279227,0.6584218676934617,0.10193219773723525,0.35010157862632196,0.6584218676888545
156,0.5355523450409274,0.4319975371253497,0.5131196370451826,0.513098481499804,0.5645875271119211,0.48653786407536703,0.7251482185630702,0.02686772698965218,0.4865378640786186
157,0.7450883069756817,0.501493914217912,0.3109535808352973,0.3108940967214086,0.5335436157261331,0.6350798104213478,0.43298002591763673,0.07665224045569065,0.635079810405492
158,0.11375542689081854,0.19395644376906832,0.6890003335571192,0.6889986511912818,0.5058384688646398,0.15899591034390542,0.002134826728538823,0.9743900879524928,0.1589959103520683
159,0.3240670170920833,0.006856378226095846,0.6689313778359823,0.6689277765627023,0.556520287487443,0.22920126689151304,0.004568020943898595,0.9459982514229732,0.2292012668914929
160,0.838742032403871,0.433240413090489,0.2332974649255292,0.23320986343532352,0.5831326232164081,0.6675273224697837,0.30759578529493103,0.1191611531204507,0.6675273224461419
161,0.2407496542115344,0.22305422229834912,0.6679413739493322,0.6679376765159407,0.5262342782366881,0.23207065870440544,0.9445974804074774,0.004692414163391704,0.23207065869182264
162,0.22317939663891168,0.16888772893063916,0.6788488361641439,0.6788461905340066,0.5279106407193673,0.1979041526049247,0.9600294803289886,0.003360009404470951,0.19790415260366923
163,0.9191543914106876,0.09374260963719672,0.27056115044993473,0.27048880153542515,0.7109916748797699,0.6533117449236306,0.0947768040434824,0.37065467122938867,0.6533117449242626
164,0.4452830301426869,0.6654570637455073,0.42362679242567,0.4235920916604659,0.46890400902858487,0.5661758033577856,0.04418193890057302,0.5974427802335018,0.5661758033632411
165,0.04832666080811562,0.009088777783585172,0.7062513854348567,0.7062513069332204,0.4952959784392373,0.03477119516591361,9.967606530636569e-05,0.9987902272440489,0.034771195164906205
166,0.036599105346829065,0.08265896702852016,0.7042117492260983,0.7042114831628183,0.5025613584133549,0.06392182426070826,0.0003376767228421629,0.9959055611557196,0.0639218242599833
167,0.31107172311181497,0.22921558035286407,0.6521891781745174,0.6521839292175834,0.5407744205991276,0.27322646132963313,0.006658939558972457,0.9223070314063472,0.27322646133133943
168,0.31463412372341837,0.8623136293240073,0.28058796427227134,0.28051910305074823,0.3244164353109265,0.6490683427494708,0.3865022862421374,0.08964683820668021,0.6490683427572176
169,0.061487650093121314,0.10432197432523438,0.7019034360815067,0.7019029570889401,0.5048245440319961,0.08562652990435612,0.0006088187974874679,0.9926408333797762,0.08562652990348597
170,0.24767994233863044,0.2067065366261939,0.6693025572298633,0.6692989920541501,0.5294411871032056,0.22811504347604628,0.9465234370777353,0.004520723579970667,0.22811504347759468
171,0.06695237093276553,0.47093196265415777,0.6219931036375079,0.621984763161096,0.43492831051093733,0.336347687247097,0.010593350572325438,0.8795613949582124,0.33634768723204383
172,0.7090449343080514,0.28692791324606626,0.4554966974040451,0.45546724622783286,0.6384065265260278,0.5408661323587655,0.6430607501052632,0.03742359424766611,0.5408661323607918
173,0.5509497665793329,0.6596661935697138,0.36147527041830796,0.361428411505571,0.5010829024778102,0.6077438326461667,0.059877887332102434,0.5076509690486893,0.6077438326409614
174,0.09011619500662459,0.013963912885589501,0.7041606570513422,0.7041603862725251,0.511602718262898,0.06448224354642405,0.9958333006378424,0.000343329566148454,0.06448224354632816
175,0.23347246777416872,0.5633910460068937,0.5604008346602052,0.5603856177515975,0.4527043676573957,0.4312301380548324,0.7922802730008354,0.019315928256654846,0.431230138049873
176,0.12144703738242475,0.04398843928970627,0.7011834280019914,0.7011828824317291,0.5160415413491268,0.09133555080079511,0.0006924581262034054,0.9916224860407492,0.09133555080048313
177,0.2736618318538596,0.39337909492813017,0.6206337975268557,0.6206253139125584,0.5064691743245929,0.33884945706058256,0.8776366620920776,0.01076941286907249,0.33884945705738634
178,0.8004098181700958,0.5301823636712538,0.19785481070591632,0.1977479661321073,0.6115925656746618,0.6788774616106548,0.2208922873870268,0.1716315285773166,0.6788774616145375
179,0.3640707892771742,0.18672490523559548,0.6452107977346107,0.6452048485919175,0.5574697264401134,0.28932138690470477,0.9124304400345463,0.007547334510703093,0.28932138690336195
180,0.254428811291395,0.0902453829463717,0.6808542769198698,0.6808518226762945,0.5393232007464555,0.1908903470038911,0.9628665799742995,0.0031144839552378475,0.19089034700325638
181,0.681080319769711,0.03418446270862486,0.5171954878086865,0.517174871704002,0.5565047233729028,0.4822027475317076,0.7309421437945015,0.02616491843699675,0.4822027475462593
182,0.7235899603424458,0.02412744736051563,0.487780417724451,0.4877557787164326,0.6613241722509525,0.5119397251696298,0.6890976655070092,0.031302443666649166,0.5119397251694047
183,0.0481553465862181,0.17313701780465074,0.6955954703070788,0.6955944057776368,0.4981950963040295,0.12707353056309328,0.9837188652345212,0.0013527167390215145,0.12707353056147194
184,0.43497383934663353,0.8546178802363659,0.20058440376327585,0.20047926284601442,0.3099769780141434,0.6780759404941407,0.1630114380921617,0.232063157169499,0.6780759404805906
185,0.3905526666185988,0.7475647920914953,0.3799000643028026,0.3798571275690786,0.35139078708138444,0.5963994063511436,0.5344282735346726,0.05478974967139489,0.5963994063391601
186,0.6191665879713155,0.7207515710564938,0.22044422253836482,0.22035029818226695,0.49380470368576235,0.6718817198168328,0.13146542320543264,0.2826070622984758,0.6718817198111735
187,0.047980819923362845,0.802774862899817,0.4202856278156745,0.4202503438038418,0.29326692313718666,0.5686605488315034,0.5926498390468599,0.04490577572422199,0.5686605488223989
188,0.6553515618646617,0.47724854409038836,0.41399172699664444,0.4139553249557922,0.5055484342259978,0.5732590334669384,0.583612086849173,0.04631515048526884,0.5732590334810435
189,0.04485298756621463,0.0004444367916674992,0.7063951104885553,0.7063950451837752,0.5053435336554846,0.03171740860749499,8.292240856891628e-05,0.9989934960279775,0.031717408609449195
190,0.4373370871988866,0.8390084333402731,0.22895651481553042,0.2288668505219148,0.3190709238101472,0.6690287284705047,0.2994508027260119,0.12300543764826753,0.6690287284839465
191,0.7361353557401054,0.5242444513925377,0.302745722916194,0.30268386225478117,0.5260178225910594,0.6390334524758027,0.42057522502356026,0.0799310534767433,0.6390334524915974
192,0.23257214640523236,0.8107063609742138,0.3799328974203451,0.3798899673807981,0.3379050396746648,0.5963784897823562,0.054769724824649126,0.5344770070839667,0.5963784897748297
193,0.13553961867685477,0.9299993061464432,0.24163073045358394,0.2415469028876091,0.21166667795848532,0.6645561239630297,0.3225769893555232,0.11258064723768173,0.6645561239723086
194,0.36365052063049896,0.02692944896931185,0.6584220533913929,0.65841742324398,0.49585528647884874,0.2578438445771378,0.9311275618932573,0.005879379737625506,0.2578438445848661
195,0.5261635803363012,0.4637740275533012,0.5040278265043361,0.5040054480453255,0.5548399266491058,0.49595083347718233,0.028418674647699496,0.7122204156588906,0.49595083347367014
196,0.7830953937202969,0.22840687056777526,0.4090369292175032,0.408999628786876,0.6658790043970311,0.5768050338677485,0.5764892107357131,0.04745625055566118,0.5768050338661558
197,0.8146519250171426,0.5018400941309373,0.20559759514361076,0.2054954740613276,0.6231597072499294,0.6765727008298661,0.15203371771112645,0.24775897494835458,0.6765727008262047
198,0.8286393427190661,0.4688789836467534,0.2162763397217591,0.21618021824972503,0.5742607672915793,0.6732349731507296,0.2737912581389616,0.1361898999655445,0.6732349731266303
199,0.33200866138929896,0.8941568320988764,0.21248004629464234,0.21238185333025342,0.2510458242452669,0.674442799027386,0.14124168843791654,0.2651501596163449,0.6744427990146703
200,0.1104429004810623,0.18002831468049757,0.6911563561272691,0.691154876298725,0.5065554457312827,0.1493449502877832,0.9774398414763986,0.0018782814547635943,0.14934495028928724
201,0.09017410044298713,0.15322362359060515,0.6958421524502837,0.6958411109272123,0.48634689490696015,0.1257156458405876,0.0013195759136850642,0.984067788062626,0.12571564583543826
202,0.14377037537645812,0.02204514023631857,0.6995874002243385,0.6995867068515728,0.5201100668491028,0.10284918338022372,0.9893651069367004,0.0008809836597907467,0.10284918338007235
203,0.5331750244686,0.24655894064734932,0.5722538360073989,0.5722400101745636,0.5079401827822296,0.41537147104795574,0.8090890193276528,0.017551093219084806,0.41537147105896993
204,0.14443551172827535,0.21749680991800732,0.6825821000298777,0.6825798102391334,0.47774428695287197,0.18461646645134444,0.9653108595522617,0.0029094772320078224,0.18461646645881352
205,0.7477639548471096,0.4996690169505367,0.30920626662102724,0.3091462857829257,0.534908249405874,0.6359324093992438,0.430334572565241,0.07740863637982232,0.6359324094151666
206,0.1866139781614358,0.09364819183513329,0.6915226816348239,0.6915212361926125,0.5257457762501603,0.1476393590460055,0.9779580128526512,0.0018342350097860709,0.1476393590466697
207,0.3545719680177842,0.391422246326885,0.6004498876819914,0.6004392366918557,0.525744019485267,0.37345190816613827,0.013525743523967368,0.8490491145031237,0.37345190816309876
208,0.3714306896252608,0.15983624255131323,0.6467221646836252,0.6467163675665761,0.5615231021605672,0.2859268976747082,0.9145696042997788,0.007352364417463094,0.2859268976758502
209,0.45621385237183604,0.4890093910191827,0.5257181990785319,0.5256986921762221,0.5295436773921592,0.4728960034713136,0.743051159063495,0.02477326810419359,0.47289600347508215
210,0.06205073633889375,0.4707825555289926,0.6223037180782662,0.6222954102038312,0.4488924523368256,0.33577262016757514,0.8800014162311663,0.01053577362754416,0.33577262016283693
211,0.8782089678864995,0.39030953235726745,0.1955119309416425,0.19540358884690517,0.6648121079359619,0.6795559293838269,0.20511178015610315,0.18530147143499534,0.6795559293866128
212,0.1574008311555407,0.008947071406926464,0.6982643009806505,0.6982634848255971,0.4891396322976307,0.11147885838679167,0.0010355467047975602,0.9874937244903411,0.11147885839024967
213,0.26849021341675167,0.08559016673150023,0.6784507978829762,0.6784481141715832,0.5424902511108022,0.19926448658595658,0.9594663848149367,0.003403701100423508,0.19926448658655702
214,0.0433251322888289,0.06389186103419167,0.7049968213668596,0.7049966275581507,0.5041038855846124,0.054585881848304985,0.9970158988444382,0.00024588037562376893,0.05458588184778073
215,0.11984432344383762,0.07833345746927252,0.6998221730507026,0.6998215014623488,0.489006688751155,0.10123930115841784,0.0008517771738565248,0.989697166954655,0.10123930115587144
216,0.2057381812054699,0.1455437185832321,0.684284933311356,0.6842828052674826,0.5262773053781439,0.17820097145912475,0.9677197598839669,0.002700716901229982,0.17820097146020164
217,0.3955104440832748,0.7861992006782598,0.33578104918610846,0.3357281570380651,0.3338013894371819,0.6223092846787628,0.0678304513307462,0.46995886872466497,0.6223092846663212
218,0.39457044834864,0.12667535750292644,0.6435353098496214,0.6435291913100836,0.5693951154173944,0.29302942250567326,0.9100589151514695,0.007764408849949913,0.293029422506568
219,0.11245003380476816,0.9222522151147828,0.26157735424261674,0.2615016813724534,0.21456611900304814,0.656960485255605,0.09974020940850219,0.35617093121187715,0.6569604852649341
220,0.27191057689253173,0.09455419038840406,0.6771735173243353,0.6771707112103067,0.4877056299441903,0.2035630802924911,0.9576593712034381,0.0035599765055909175,0.20356308028556427
221,0.6417325750501078,0.583098154286067,0.3522856230948924,0.35223668796475227,0.5538457017665963,0.6131166917507771,0.4942241817275815,0.06259634800399702,0.6131166917552019
222,0.464552252686868,0.145162869611858,0.6177094011865909,0.6177006086104243,0.5039970750677052,0.34415189509968847,0.8734956011996096,0.011152617491801157,0.34415189510926897
223,0.4094043942529334,0.08081234922218544,0.6425983939227192,0.6425921803971156,0.575371185725842,0.2950784589055005,0.908732717816187,0.007890104561023344,0.2950784589060589
224,0.05523098352996223,0.21636689979401633,0.6892521997630554,0.6892505409890003,0.4949701796013631,0.1579004383603863,0.0021029193840336347,0.9747463674525313,0.15790043835834885
225,0.21870149613249848,0.36748954010045426,0.6391906913033747,0.6391841312620924,0.45442527158417834,0.3023895719846019,0.008331426991281634,0.9039091109345292,0.3023895719908442
226,0.6282804608748558,0.30407507960377045,0.5063715810739118,0.5063495205365149,0.6135138018671783,0.49355748648728,0.7155539270928835,0.028010578159051395,0.49355748648511943
227,0.7374379988342359,0.59931344953432,0.22028391445926573,0.22018990690267434,0.5739451212112462,0.6719342981031241,0.13162032660220585,0.2822847634861545,0.671934298098667
228,0.2486351650687049,0.847715891654178,0.3313563873895634,0.33130238029719544,0.3165760177236909,0.6246765872655056,0.4634300030486932,0.06921672434273578,0.6246765872576494
229,0.17262320563099515,0.18064489812241585,0.6846793092321197,0.684677218566656,0.5171839828501656,0.17667958269812153,0.002655207040356118,0.9682776461275548,0.17667958269951922
230,0.9213070403483979,0.18448051037630298,0.24207515600292964,0.24199152369853655,0.6403795210336458,0.6643943562669575,0.11238495113881843,0.32331084338962024,0.6643943562861151
231,0.09208759591987219,0.950033410107341,0.21094806359518103,0.2108490190229942,0.17456987295773013,0.6749235533212853,0.2615559747141683,0.1433348054341195,0.6749235533115253
232,0.5485664660259933,0.43466348232857066,0.5050569039946511,0.5050346653538631,0.567670058104036,0.4949027735399351,0.7136838917868302,0.02824521350166888,0.49490277354317475
233,0.4099463270895658,0.30855634997478143,0.6069386543504808,0.6069287088705254,0.5540367183297246,0.36281056503519643,0.012630145758555292,0.8582409144372769,0.36281056503749537
234,0.12292844629283396,0.12804343267265564,0.6958789123061737,0.6958778742344168,0.4862868074050105,0.12551199854466036,0.0013150214857216215,0.9841197829329146,0.1255119985495102
235,0.007742773468250224,0.9605689048333299,0.19658298815963526,0.19647533507659204,0.1424565495645674,0.6792468518362055,0.2138897080529247,0.17747850944907412,0.6792468518465038
236,0.11043949825629842,0.055996953200407304,0.7016652198757096,0.701664718846502,0.4902605290190393,0.08755724282556651,0.9923039119057341,0.0006362969009230133,0.08755724282785712
237,0.4967577435386783,0.7649473567518217,0.2899357117413038,0.28986991684172825,0.3729927909070066,0.6449467863323823,0.08519185678764761,0.4010357006175882,0.6449467863062586
238,0.413614962185714,0.3218658371420321,0.6022199126538814,0.60220945485562,0.4775341350809448,0.3705907104153608,0.013272952630089985,0.8515567388276786,0.3705907104063641
239,0.2242401520905106,0.6507498601675648,0.5129633024684846,0.5129421262075298,0.4183546130769922,0.4867026944021199,0.026886875962859477,0.724926251710223,0.4867026944080315
240,0.5703017335150337,0.7524589732956765,0.23302607605335388,0.2329383483579458,0.4649109594373776,0.6676221138306823,0.3070543140793156,0.11949508132903307,0.6676221138246455
241,0.06574464245399343,0.09129316319647048,0.7026178836122388,0.7026174705844113,0.5060463280106468,0.07955124027224034,0.9936513100120805,0.0005238830540585558,0.07955124027297827
242,0.10872896467612403,0.33999583642251435,0.6605250511246687,0.6605206282112305,0.461568347483128,0.252407563819442,0.005624737092012509,0.9341034234968049,0.25240756381479795
243,0.9544741321788893,0.11159705485169272,0.1956624331104173,0.19555418897829527,0.7177362777082016,0.6795126089489698,0.20667554900617086,0.18387617029034853,0.679512608949764
244,0.42360708996723306,0.806166428403766,0.2921393109354083,0.29207421325815053,0.39351309450541744,0.6439515808653634,0.08432245218926236,0.4044038168724084,0.6439515808325899
245,0.7892168955228075,0.023340867274653655,0.43394728638462676,0.4339143465430611,0.6794723763191239,0.5583046177954594,0.6122411561271789,0.041864952412829955,0.5583046177955266
246,0.022891571656976632,0.05603407967585111,0.7058102882232554,0.7058101692044009,0.5018296456988,0.042800946751167274,0.9981663864865562,0.00015100500453059504,0.04280094675429585
247,0.3162322339523145,0.5727811237048965,0.5347609692277798,0.5347426150284285,0.46883249987785525,0.4626451347732145,0.02330605862112789,0.755894031044316,0.4626451347780388
248,0.215929953655068,0.7659278249325896,0.42822766226512193,0.4281937544844646,0.31592957296118057,0.5627038199088458,0.04314582872848207,0.6040424319299811,0.5627038199190058
249,0.24026116677231305,0.9029684787723883,0.2519548907610144,0.25187542775404037,0.22116082426590336,0.6607107922153445,0.10557538278389943,0.34025921976444473,0.6607107922271941
250,0.15716725898261805,0.5103522397013279,0.597851202444703,0.5978402661841757,0.4535382021512612,0.3775983023451158,0.845367359840053,0.013895001000431739,0.3775983023404072
251,0.15299716521143508,0.8974866105995489,0.29253005060898574,0.2924650760732073,0.21539885782638798,0.6437741641309817,0.08421580178359864,0.4049905553982073,0.6437741641023331
252,0.2414493662621543,0.1909877396845156,0.672766762622557,0.6727635326261661,0.47995774026042565,0.21768568198467278,0.951424791743022,0.004093089056209593,0.21768568197654897
253,0.8726507273687694,0.3138862316872392,0.2645709545561484,0.2644964112898006,0.6101392270781225,0.6557605730941187,0.09803514595221312,0.3610335881023582,0.655760573071705
254,0.22368946622231647,0.041285644355939,0.6885713074472346,0.6885695845967208,0.4882275585867915,0.16084383999767277,0.9737832152149709,0.0021835834971272944,0.16084383999243804
255,0.16195721446923073,0.24315383093833504,0.6762580829907331,0.6762551891096313,0.5086221056346726,0.2065840318020473,0.0036688187617692765,0.9563642691866412,0.20658403180402746
256,0.7563498907904412,0.22675463893930697,0.4339042331585376,0.43387128606064046,0.6587408642081043,0.5583380801902019,0.0418594130423217,0.6121805011273759,0.5583380801886325
257,0.07373002077755433,0.24259303780333527,0.6840012610174984,0.68399910597307,0.4783671848086214,0.17928677859184625,0.002740978280521765,0.9673184527773432,0.17928677858857128
258,0.15039451644290613,0.02459330576420424,0.6988482394754006,0.6988474775783503,0.4892099127786726,0.10775746207399337,0.0009678800498921458,0.9883196456327776,0.10775746207051784
259,0.16364217619266844,0.937278669548604,0.2176826199952962,0.21758724855125705,0.21055847708800565,0.6727815641916384,0.2767840195634826,0.13461255622862522,0.6727815641824071
260,0.8541068552160415,0.2758359548797013,0.3118115993175541,0.3117523574884298,0.6787838325136798,0.634658961227959,0.07631228074995602,0.4342723128122545,0.6346589612260125
261,0.36837576611717,0.11275338035831912,0.6525307563028957,0.6525255414419656,0.5638241637118513,0.2724096454286024,0.9227904024634376,0.006621425581152348,0.2724096454278058
262,0.1867615056272965,0.936930075178046,0.2089545739669362,0.20885439966871042,0.21776404823816775,0.6755434204289269,0.14644409502398126,0.25658585556356844,0.6755434204198132
263,0.6802218001102609,0.06627288871856087,0.5162013333134094,0.5161805861599424,0.6484201379857873,0.48326689621606017,0.7295287646791876,0.02634379525850712,0.4832668962165121
264,0.8561076437685498,0.3574553906078731,0.2639553248486723,0.26388055109738445,0.6662849406726962,0.6560086284645602,0.3600342485268686,0.09839054147183303,0.6560086284620151
265,0.7303166705628877,0.05580254954808426,0.48142924573918766,0.4814036950012247,0.6626416290917223,0.5179171573652402,0.03243775182073426,0.6800525189061886,0.5179171573648309
266,0.36411036496611743,0.29953652952691734,0.6235830752226655,0.6235749015948845,0.5440324212822969,0.33339052955601867,0.010376446714264824,0.8818128140125958,0.3333905295582743
267,0.024971853102467096,0.2659941857937639,0.681405449374778,0.6814030475794227,0.48475565009460286,0.18891334033474924,0.0030544953028794897,0.9636462887110671,0.1889133403320088
268,0.8647330841984266,0.19647406769930953,0.3268567679613775,0.32680160197313085,0.614591483726003,0.6270428080315269,0.4567454088329269,0.07083971572786679,0.627042808013595
269,0.5610069719304756,0.7766140072807164,0.20271155715724135,0.2026077139095832,0.44960560731961347,0.6774430377717103,0.23916985118568293,0.15792290341998963,0.6774430377779754
270,0.043409275566356466,0.544088565947153,0.5924934298460879,0.5924819008118252,0.4251271219703648,0.38595124873181247,0.837776272313428,0.014635052066586598,0.3859512487374282
271,0.2132622174649091,0.8421872085897616,0.35019604730656656,0.35014662748708886,0.3113664504163787,0.6143126515545787,0.4911605890077994,0.06325510331377891,0.6143126515466273
272,0.12227522353598641,0.9058182343536275,0.2868626912058107,0.2867959076479486,0.20524657070649233,0.6463195431582538,0.08677951826207692,0.3962466548245586,0.6463195431690503
273,0.45120640397900413,0.21667613342663178,0.6121583644360209,0.6121489805793888,0.49610146542797773,0.3539320290912109,0.8656340971568591,0.011909971150205331,0.3539320290818684
274,0.8626904461548458,0.11068800532027306,0.348961360448587,0.3489116526577198,0.6963102635463807,0.6150148890695637,0.06362313053565931,0.48935209175736905,0.6150148890687857
275,0.12624709720224922,0.21785921386082624,0.6843251934343335,0.6843230691822514,0.5054265092860006,0.17804629541120107,0.002698707117598857,0.9677767048053224,0.17804629540206318
276,0.7275568605741373,0.46431644292978946,0.3571452191464021,0.35709739273396357,0.5329309142366283,0.6102985927241767,0.5013343968268176,0.06111528462518526,0.6102985927088124
277,0.1796083005240541,0.8643332332533912,0.33219320998533974,0.3321394157823251,0.28581259020800537,0.6242319599768109,0.46465720547086276,0.06901160540515464,0.6242319599851561
278,0.592105413712393,0.407613648335935,0.49157196556493477,0.4915478630328946,0.585423899984224,0.5082999611525438,0.03061143153739126,0.6944963925326111,0.50829996115555
279,0.8959097260280082,0.33866743619854583,0.2033374026191431,0.20323393650529434,0.6787866102196144,0.6772554421161526,0.24113205609172036,0.15654221084524444,0.6772554421137649
280,0.35892329922738425,0.4375423793540915,0.5829860281113756,0.5829734321286092,0.44901358501811717,0.400168257394333,0.01599234216404623,0.8243027214154979,0.4001682574031743
281,0.5355596995075856,0.779584433188145,0.22963551744589109,0.22954618036773478,0.44094438897300087,0.6687959629866278,0.12236507920791838,0.3007502405393862,0.6687959629802848
282,0.1521817809398899,0.9127276925269883,0.26814933187984624,0.2680761098209162,0.23521554525787136,0.6543054084934048,0.0960686762154048,0.36679650256585544,0.6543054084844142
283,0.6452169438286847,0.19361614849066422,0.5226034307331837,0.5225835211962913,0.6310726911006659,0.4763360775551694,0.02527768262960264,0.7386263745635445,0.4763360775538032
284,0.452261357958469,0.20290125942463724,0.6141262140506567,0.6141170406419801,0.4976389329844671,0.3505062436073591,0.01164871463811268,0.8684210118590733,0.35050624359801563
285,0.6194869263463103,0.23681723755965095,0.529232327780616,0.5292132720487466,0.5290770027734778,0.4689597295650335,0.024198803120203605,0.7480427541311927,0.4689597295777899
286,0.06747874510631434,0.0309113613672422,0.7051564930246265,0.705156313906718,0.493548068073979,0.05248282244146798,0.9972417233920621,0.0002276473812604163,0.05248282244007579
287,0.5711430174899312,0.1764222209607981,0.5668717842797288,0.5668573310024945,0.5224286227861333,0.4226873232580932,0.018342120684979514,0.8014576845551691,0.42268732324633645
288,0.06099625086738346,0.23365623848197725,0.6861803312165687,0.6861783825703791,0.4937166407561775,0.1707568158893919,0.9704010055920578,0.0024714370930746356,0.17075681588719252
289,0.45786723451083533,0.5847877965600127,0.4735008593637948,0.4734741472868515,0.42667604069162096,0.5251757648895375,0.6687514704569194,0.03394558482294283,0.5251757648687035
290,0.2768940452575968,0.913474596078838,0.21087393152847614,0.21077484437475597,0.2199264032222232,0.6749467200976236,0.14345667666387302,0.26136953139192803,0.6749467201268355
291,0.29240898915556857,0.14388366977185882,0.668505550731069,0.6685019082065177,0.48581186334191223,0.2304403690363391,0.004615523827228047,0.9453957740405898,0.23044036904239373
292,0.009676972251552137,0.1013603024290558,0.7034319159300997,0.7034315780162579,0.4985237868015469,0.07199845380276829,0.0004289122451068664,0.9948026243098779,0.071998453806159
293,0.6325956861117441,0.7116645107895849,0.21609939541291243,0.21600317890624007,0.44188761824463973,0.6732917933648764,0.1365089688773443,0.27335256247467615,0.6732917933497158
294,0.19389755686587332,0.21347610954918186,0.6770655440616746,0.6770627276240092,0.5179320973091952,0.20392193592908248,0.9575066070836414,0.0035756795673316036,0.20392193593074798
295,0.3422094909717561,0.44807619778028157,0.584009829509063,0.5839973495731056,0.44476703527653877,0.398672556564742,0.015828679050056017,0.8257541027395185,0.39867255658060435
296,0.2793706935886893,0.9176095593900944,0.1999836273267837,0.19987811506242983,0.21709613202680442,0.6782533774103572,0.22982813176177416,0.16469287152327047,0.6782533773979694
297,0.8728063624728296,0.3973111267964186,0.200493258906887,0.20038806172923782,0.6029350622123609,0.6781028969917314,0.23171920677896196,0.16327624248626485,0.6781028970154264
298,0.11454788790711928,0.7539438435277147,0.4574243814395014,0.4573952311156732,0.3457200851824221,0.5392367466359369,0.03708350323185718,0.6458113315595536,0.5392367466102582
299,0.036807960281422185,0.1755858486117133,0.695635055263344,0.6956339944097854,0.4966190103923877,0.12685664293169902,0.9837748575971108,0.0013467923127635057,0.12685664292558468
300,0.23273363492327567,0.5992375941180744,0.5416494765725421,0.5416319834534168,0.4402333092563867,0.4545605784897461,0.7656729300351945,0.02223342488937695,0.45456057848441517
301,0.16915213090268283,0.42314252995352875,0.6294233388415265,0.6294157739342079,0.44250160270180033,0.32222821419637043,0.8900818430766235,0.009605653592250431,0.32222821419020625
302,0.05766386237462968,0.05464081209608732,0.7048721692620663,0.704871963997229,0.5062887014886073,0.05617267739049518,0.9968396023075025,0.00026057809322375963,0.0561726773909123
303,0.19743574868920963,0.699512233948411,0.48565728291388055,0.48563234099398683,0.3908340610907783,0.5139543914233502,0.031696924249866934,0.6860736637269291,0.5139543914298819
304,0.2855594538556084,0.5019043751402392,0.5773054163650019,0.577292172789825,0.48293045073099483,0.40832107676911134,0.016811931565550362,0.8162506695162955,0.4083210767733414
305,0.46150950242152694,0.816863107663984,0.24472842884995438,0.24464594544935606,0.39790845546517173,0.6634215693956172,0.1104811906041772,0.327929182957022,0.6634215694025055
306,0.4102444041747764,0.031190433914117355,0.6444898943947167,0.6444838723452624,0.5768983979233265,0.2909237995679131,0.9114100987240639,0.0076365983166777835,0.29092379956770953
307,0.5960121064173056,0.477443512397924,0.4565325859658494,0.456503296181389,0.4875924716093578,0.5399920085116046,0.03724287704251719,0.6445387727536139,0.5399920085246296
308,0.013659288859350855,0.02932509310066603,0.7067366945096232,0.7067366605575981,0.49834889710415514,0.022875065656187306,4.3093974849468363e-05,0.9994765934655018,0.022875065655229
309,0.10453195327392295,0.03687320588648891,0.7027496001019253,0.7027491992263378,0.5135044003547818,0.07837908695362268,0.9938376014560532,0.0005093022234159939,0.07837908695336292
310,0.21970348137334889,0.017096225173616027,0.6897247009553276,0.6897230866437151,0.48853185472023264,0.1558234588311573,0.0020460257314520594,0.9754147390397361,0.15582345882649085
311,0.5068040213385396,0.4871266655027901,0.5029313847165104,0.5029088565320363,0.46286317399842514,0.4970627245515902,0.7106615871253839,0.02859028323849822,0.4970627245631403
312,0.6609545339571635,0.15280578191273278,0.5195241095247063,0.5195037985213038,0.5466439690743513,0.47969287203360056,0.025788627180695904,0.734250940594316,0.47969287201776184
313,0.867441460124864,0.41281387942961023,0.1964336233140753,0.1963258742858903,0.6575675326833875,0.6792900642294036,0.17811047687713852,0.21308842133962502,0.679290064226462
314,0.030017623797456195,0.15152997973471355,0.6986196038590342,0.6986188206790529,0.4912165113446966,0.10923001532834417,0.9879962642868314,0.0009946147045791773,0.10923001532645693
315,0.06506355806765277,0.7834076853873233,0.4370740607117517,0.43704164257036066,0.31930226507001375,0.5558600849509588,0.616714325452406,0.041262242661334846,0.5558600849770194
316,0.08510910669013552,0.221057535810284,0.6869834712831371,0.6869815986088482,0.4986470290722063,0.16749625869843426,0.0023769562676550166,0.9715371103165847,0.1674962587004008
317,0.47324403371218,0.8362012677992481,0.19602277734815718,0.19591476475107905,0.3888605025553732,0.6794087413575213,0.209836969989265,0.18104134973116,0.679408741392274
318,0.10810097447557611,0.34025853902079506,0.6605089518606262,0.6605045272008716,0.4847396115799165,0.25244969207815565,0.934080736370268,0.0056110500664541514,0.25244969207503404
319,0.16832212500400756,0.6372276225006236,0.5318028486158234,0.5317841197364171,0.3759307167687463,0.4660425839944694,0.023792685139285077,0.7516931075469586,0.4660425840028245
320,0.12542904060992827,0.9162816420570546,0.26901182989604416,0.2689389216474208,0.19393405114143653,0.6539512565110601,0.36818767960106646,0.09556851359563048,0.6539512565220021
321,0.0333273361958909,0.9411350140195462,0.23790212427385002,0.23781663805639783,0.1740631469461375,0.6659000773174958,0.11549127961913869,0.3159366050371373,0.6659000773074678
322,0.6126541537250261,0.6740789750099412,0.29181370061592865,0.29174850043462497,0.512583810725838,0.6440992068904262,0.40389673510791696,0.08449763749466846,0.64409920688517
323,0.6033249975196375,0.4806773431303918,0.4499864030743128,0.4499560825428254,0.5721978372477999,0.5454593297520169,0.63518763450773,0.038534505803480924,0.545459329755614
324,0.6911322788436178,0.36094121644758387,0.4427671449462279,0.4427356624058396,0.6219084699907775,0.5513358271450188,0.6248640181041273,0.0400321157139691,0.5513358271476216
325,0.5162948020706988,0.5033280466402433,0.48996142459261416,0.48993709517779843,0.46128095220207477,0.5098526479248573,0.030930369171185072,0.6922021865633028,0.5098526479130189
326,0.1954548223356127,0.9402852229127204,0.19710835460361875,0.19700103690886958,0.2162789218003112,0.6790945766292884,0.21694060399540363,0.17492251523410357,0.6790945766201923
327,0.794007264877271,0.5375460342824183,0.2007970178433045,0.2006920077496807,0.6078535273491227,0.6780130071230205,0.16265304189126908,0.2326815684855149,0.6780130071190663
328,0.453301748598622,0.5060810422530717,0.5188548306925629,0.5188344322194405,0.44707437485642787,0.48041674440017146,0.7332998365063753,0.025900833368846313,0.480416744411
329,0.7876064060107066,0.24939045181403333,0.39844187192671854,0.39840259459429983,0.6646970956309859,0.5841743949001832,0.04999519917594305,0.5612317103864459,0.584174394901953
330,0.21454931759538523,0.053720680362594316,0.6895958681649741,0.6895942417319042,0.5325033779309022,0.15639264749361922,0.0020605739298783423,0.9752325023578142,0.1563926474932361
331,0.28661354450717275,0.4582880103252642,0.5949109908512904,0.5948997299221712,0.4947336387278996,0.3822140920385771,0.8412015813767804,0.014306473581584203,0.3822140920347924
332,0.670450700618503,0.6590789606799149,0.2409889142198713,0.24090480454396873,0.534328775117447,0.6647891464131664,0.3214220033506678,0.1131312396788952,0.6647891464081016
333,0.7369931419866163,0.6133665923764935,0.20082915372471424,0.2007241627164747,0.510029795197432,0.6780034887424853,0.16255151739601878,0.23280795234756602,0.6780034887587291
334,0.31108961212287595,0.8209102238818983,0.3386480458547543,0.33859586322659546,0.2957221475621876,0.6207537122157123,0.474195850332495,0.0668427489175094,0.6207537122039648
335,0.4102781067926016,0.6652059993962296,0.4411353893871627,0.4411036405247365,0.3898379902141411,0.552642355674511,0.04035291715946901,0.6225307185438008,0.5526423556519945
336,0.12744676519170958,0.060123044496247856,0.7000512310530105,0.700050580646741,0.5165863189354052,0.09964300888023872,0.0008249002943623686,0.9900211417450536,0.09964300887980668
337,0.03026950430386653,0.061574190166544314,0.70544049787404,0.7054403448724484,0.4959775444627685,0.048516099314423994,0.00019372444691999119,0.9976433925433333,0.04851609931538712
338,0.7692009291927842,0.4900814989063252,0.2899898278243189,0.2899240499115267,0.5451674802178862,0.6449224546685985,0.40108668674059944,0.08532013055620506,0.6449224546451634
339,0.028896093066315097,0.06744295723175958,0.7052009324285315,0.7052007573927211,0.5022055074731143,0.051882254551645635,0.9973045743362304,0.0002221111624581271,0.051882254551053816
340,0.8149335744191554,0.05123533982357584,0.4082210082011236,0.4081835588321341,0.6859667376750453,0.5773827979607613,0.5753189469859421,0.04760586598933888,0.5773827979611283
341,0.012250274500097502,0.029507144760300186,0.7067458192278996,0.7067457861117041,0.4984839397029178,0.02259137907756741,0.9994894984054644,4.1951867710556956e-05,0.022591379077132493
342,0.105406329506838,0.9415210155022394,0.2263502177646423,0.22625928044043764,0.18963328268888943,0.6699150382397933,0.2944279619361712,0.125458591964194,0.6699150382493656
343,0.4075698705277067,0.8668394397375585,0.2031234365068205,0.20301984113666463,0.34811390314287644,0.67731964893124,0.15693691844463706,0.24051401202964925,0.6773196489237252
344,0.06561720122007093,0.16816206244437176,0.6954916957972923,0.6954906216014023,0.48675422867269824,0.12764030778347638,0.9835720824773647,0.0013646353501508336,0.12764030778104343
345,0.8086512136014739,0.27384694890576106,0.36818779203597063,0.36814239794050646,0.5866683629962713,0.6037006396425015,0.05799600121103104,0.5174239453380947,0.6037006396630068
346,0.09331641113457181,0.14188066147555223,0.6968368703237423,0.696835921483412,0.48700179333061583,0.12007929606549436,0.9854747496719249,0.0012012790189047478,0.12007929606802353
347,0.7069407931310255,0.30599301153614106,0.4509047587907645,0.450874583890195,0.6351275556314813,0.5447003800733277,0.03833404647054323,0.6365009762596665,0.5447003800711478
348,0.1215317452900738,0.0779737314737394,0.6996967515982403,0.6996960683868653,0.488983374517978,0.10210256531129452,0.0008684123309918397,0.9895197714918031,0.10210256531386723
349,0.1816474942018896,0.038738647304766824,0.6948039604456702,0.6948028221043623,0.5265853309463759,0.13133258343754234,0.001444712623416031,0.9825993170466844,0.13133258343781115
350,0.8123997016476143,0.44435271149390476,0.2670175198511227,0.26694388294818455,0.637499061850141,0.6547681297426273,0.09669599599197688,0.36497572098705194,0.6547681297394219
351,0.4565557942024938,0.5694161066739906,0.4833976266905047,0.48337236035002445,0.5064698472171442,0.5160803695958134,0.6828562767049544,0.03208441373959229,0.5160803695912918
352,0.2724351949079081,0.06778587648659372,0.6786706689524982,0.6786680061915459,0.48874995956885664,0.19851430739093875,0.9597774328055363,0.003379201333767885,0.19851430738529025
353,0.11319497003625481,0.20774684765127607,0.687033737474251,0.687031869590088,0.5043858726021374,0.1672899485030351,0.0023725287689428144,0.9716082118670728,0.16728994850128018
354,0.5888806145898525,0.7331816747859988,0.24052526444394776,0.2404409505105906,0.41775817942559285,0.6649570461695996,0.3206150456998669,0.1134471065701528,0.6649570461549572
355,0.19871410398604084,0.9402414409194205,0.1955774804699387,0.19546918119873835,0.17446262827852785,0.6795370660790324,0.18429574399588874,0.206140317285281,0.6795370660671979
356,0.15085598655471016,0.33997382119910785,0.6563789368858749,0.65637410462598,0.4597987834289537,0.26300164066628534,0.928236300637098,0.006135486170107922,0.2630016406714165
357,0.009264164941011574,0.06748412499234635,0.7054644856014862,0.7054643348015497,0.49786176439824503,0.048166024736472926,0.9976773183052824,0.00019147099839506856,0.048166024738630575
358,0.036488709648934844,0.06324395566824306,0.7052194766910004,0.7052193033626225,0.49536626155713315,0.05162956449700932,0.00022015388163123303,0.9973308015256822,0.05162956449806758
359,0.9062978720146311,0.31604902209449054,0.19846842092152955,0.1983619638735911,0.6258452192148197,0.6786983192908725,0.22346390113384831,0.16970877321138997,0.6786983192677566
360,0.13966491211624155,0.01924096001099823,0.7000444304589607,0.7000437794629745,0.5194331169037394,0.09969077745347064,0.000826652077072133,0.9900115223712097,0.09969077745360853
361,0.3050070745520417,0.8456454010821713,0.30975119050360084,0.3096913652174614,0.27882946834342065,0.6356671528034561,0.07710308598757094,0.43117242008255396,0.6356671527915245
362,0.06961279481304311,0.5648745760786887,0.5814144959491451,0.5814017216609882,0.40645573785509853,0.4024482711822743,0.8220753899874498,0.016212070415045077,0.40244827117561216
363,0.026779212578214463,0.05228388359302426,0.7058857653855912,0.7058856532956228,0.5023895040072729,0.041537517363494744,0.00014232026577148545,0.9982731334897942,0.041537517363047144
364,0.5843309524408613,0.15733943488783103,0.5629469036218674,0.5629319887440147,0.5267388685392541,0.427900899602689,0.7958914719412278,0.018931591057426037,0.4279008995906362
365,0.0,0.9457928191343157,0.22983610203357518,0.22974686100169395,0.16438588894770242,0.6687270542038299,0.3011251010249669,0.12219626619018747,0.6687270542140131
366,0.1408493293533225,0.3839843070341654,0.6452616481844823,0.6452557041626634,0.4819303439466605,0.28920795427320595,0.9125023732888171,0.0075456685910527815,0.2892079542697542
367,0.2665915706942616,0.9224408230711691,0.1975780103501871,0.19747099076221614,0.20918547575415256,0.6789580758842017,0.1729410182799534,0.21937015877927143,0.6789580758964966
368,0.5998284765079669,0.06322280872263107,0.5640147858360979,0.5639999969730671,0.626187063541755,0.42649227705332116,0.7974064486144312,0.01875182485732755,0.4264922770537824
369,0.03982748105978758,0.16792100409979954,0.6964975498474085,0.6964965694225138,0.49757295085497666,0.12203215117258039,0.0012434571581478797,0.9849948030193206,0.12203215117098021
370,0.7672924198956308,0.5728858430535546,0.20384578963840014,0.20374262852865413,0.5310305970792359,0.6771025902288962,0.2427200868619428,0.15540631926276038,0.6771025902123303
371,0.10595726568007305,0.66573247493386,0.5222998029368681,0.5222798536418407,0.3882096524682293,0.47666899958234504,0.7381943377855597,0.025346584175646298,0.47666899958894615
372,0.3470782958415085,0.6462095202107598,0.4806113749864,0.48058570578716914,0.3859160820389013,0.518676240846646,0.6788868979654741,0.0325959222002637,0.5186762408361563
373,0.7384852363939912,0.6063116406669631,0.20864756830765074,0.20854721829635325,0.51201222327668,0.6756383093053884,0.14680005302813656,0.25588179781058856,0.6756383092891568
374,0.6441052760508206,0.7077712698546887,0.20521966939073258,0.2051173249963945,0.44779865638166716,0.6766874353430008,0.1527879455102299,0.24666591459964865,0.676687435327702
375,0.466260386388739,0.5355058215399149,0.4979246377235647,0.49790142177267366,0.4421670491240181,0.5020782953663262,0.02950198021453304,0.7035370664142825,0.5020782953550663
376,0.11118709714254231,0.23080640620917692,0.6835089034269546,0.6835067016627543,0.5014834522075847,0.18115486153965243,0.9666219584093243,0.0027967486012121508,0.1811548615376637
377,0.5322759255290652,0.12255504442472502,0.5923159128260259,0.5923043639897388,0.6052723209617665,0.3862236397557935,0.014657530243217672,0.8375247799291593,0.3862236397549436
378,0.121621858843248,0.09761323972810791,0.69845575883894,0.698454960484937,0.4880981776725365,0.11027289131806436,0.9877645228689198,0.0010130364406279865,0.11027289131540165
379,0.08980633208738632,0.9508849130302137,0.2095167500513281,0.20941689601476374,0.14905247934797286,0.6753692675589732,0.2580718251435498,0.14543602702083883,0.6753692675480011
380,0.5564453950657989,0.7075254104534914,0.30806936689454245,0.3080090600191739,0.4825350884153173,0.6364839684234546,0.07772880595019784,0.42864268172716513,0.6364839684290923
381,0.36974604181146814,0.8871518778657913,0.19530971530465083,0.19520124300715608,0.2678905904883057,0.6796140779424412,0.20256579074964243,0.18766062608308295,0.6796140779137038
382,0.8476120699805557,0.3788014197461586,0.26277631969896287,0.2627011020666816,0.6601757331131749,0.6564818111653918,0.35812577272927376,0.09904137584182297,0.6564818111626819
383,0.7338328307162524,0.0152449576653919,0.4802508056140917,0.4802250842425533,0.6642831691355897,0.5190101310047657,0.03268139371689927,0.6783722387697426,0.5190101310048424
384,0.11758436228261969,0.3158837707147904,0.6657313914338215,0.66572747864588,0.4904716071994594,0.23833656731263067,0.9414704869559112,0.004968254785401307,0.23833656730979957
385,0.3912202869264605,0.45528019780396123,0.5655453793562114,0.5655307705807044,0.5209046161700482,0.4244604642438495,0.018541796338977474,0.7995766569712316,0.4244604642474162
386,0.9398154297985799,0.16095157796851373,0.2131703998941941,0.21307258873658727,0.7112704966713085,0.6742249077583937,0.2667288498424459,0.1403469562323582,0.6742249077987477
387,0.3203859619691869,0.6516113439245625,0.48619937730947665,0.4861745132622248,0.4410799486381984,0.5134415780611494,0.031628122859913003,0.6868443445834307,0.5134415780555492
388,0.4715685627806603,0.07733045154442124,0.6211495648193771,0.6211411354011804,0.5084724446900509,0.3379030245720242,0.010688176164971737,0.8783671526491846,0.3379030245829543
389,0.13359119247179993,0.3624700299316983,0.6522176453735287,0.6522123992678216,0.45622913122896014,0.27315849730688585,0.006662412456988181,0.9223472680913257,0.27315849731203284
390,0.2878641571119979,0.8353661312231029,0.3311596711016367,0.3311056139783429,0.28219189965843045,0.6247808994412953,0.06934266945391383,0.46312984093569803,0.6247808994529288
391,0.21161077133798817,0.23530806344381305,0.6707665726810957,0.6707631493920271,0.47479258694127346,0.22377332548094733,0.004341104735773826,0.9485948304826082,0.2237733254759
392,0.822297146470306,0.49611198900428,0.19715806260838062,0.19705077486448397,0.6265388457533253,0.6790801464034613,0.1750195122817954,0.2169527133889461,0.6790801463998654
393,0.009285978883000283,0.15932555538393012,0.6980438045078019,0.6980429678652029,0.4925440951145309,0.11285136685438449,0.0010624923772004288,0.9871818520960238,0.11285136685619031
394,0.030834102444287307,0.043997180261209363,0.7060855609075545,0.7060854671796868,0.5030842084606452,0.03799008894129611,0.0001188552055443035,0.9985557030821731,0.03799008894093914
395,0.7583086682151904,0.5518749701626702,0.24540000202619236,0.24531780579106088,0.5948566924450865,0.6631734362751539,0.3291128984610445,0.10993946925088428,0.6631734362792292
396,0.1439222661453219,0.264650722029913,0.6742590519790679,0.6742559658326535,0.5027018965441554,0.2130183364905572,0.9535360843812484,0.003913108676330674,0.21301833649278865
397,0.49247081673423193,0.15573284823671044,0.6054882375862815,0.6054781354095612,0.5080143748337054,0.36522610920703386,0.01281950459146301,0.8561865676453992,0.36522610919688936
398,0.685990494269756,0.6489638646397012,0.2327056538654281,0.23261777589095212,0.4802493826867795,0.6677338725037906,0.11969917517566529,0.30648826806854307,0.6677338725193647
399,0.5369073789647218,0.4130451491304344,0.5201659416359219,0.5201457145407054,0.48490535080959735,0.47899677912179117,0.7351626963608234,0.02569009677930825,0.47899677911015265
400,0.1214877073932701,0.1747644897151982,0.6909052712894879,0.6909037680109096,0.5088486105930613,0.1505023080425952,0.0019076980766559125,0.9770846796646248,0.1505023080440212
401,0.5652963797243503,0.34007870855459194,0.5314162371279426,0.5313974593153582,0.5903553165656912,0.4664833990334725,0.7511449385553757,0.023827675771687404,0.4664833990359555
402,0.42818524991502993,0.7380984228435007,0.3687149977988432,0.3686697171579778,0.431818996648352,0.6033787740948054,0.5181883989644044,0.0578696218222625,0.6033787740886398
403,0.7169533426143462,0.6289457671883284,0.212657984915992,0.21255989250435736,0.4979492862692888,0.6743867115863301,0.14092748247241765,0.26560227998641256,0.6743867116023088
404,0.23618279956932936,0.21320299255744402,0.6703606534843438,0.6703571909155458,0.47763736520485967,0.22498647831780835,0.9480205219509473,0.004388520478680049,0.22498647830926624
405,0.26669470116919275,0.4758142634286346,0.5926585722279505,0.592647061792148,0.48565474758432137,0.38569759975721213,0.014606986568688043,0.8380103573521758,0.3856975997532064
406,0.09518255683251867,0.22587578207365908,0.6855374413308287,0.6855354319661561,0.49951094942806057,0.17331991814542505,0.0025498816187410926,0.9694915729655285,0.17331991814741307
407,0.15349484419713763,0.5387384235622814,0.5857536315927478,0.5857413480866998,0.41150341442589566,0.3961058925412469,0.8282250209890375,0.015606357365689038,0.3961058925484168
408,0.9086825114885092,0.12494363499352794,0.28171240763096594,0.28164392592249143,0.7068742244809967,0.6485810737203963,0.08914682995230401,0.3882499508457463,0.6485810737212683
409,0.4017283204763601,0.7820370105371174,0.3369480135369053,0.33689541181827265,0.4012310839129018,0.6216781794586531,0.06742108104208908,0.47168514939712297,0.6216781794902441
410,0.37619908414829367,0.20408913708356186,0.6390736562250123,0.6390670840628243,0.5588338671185146,0.30263684837255134,0.9037434780493595,0.008342775114635381,0.3026368483740136
411,0.25431574520185873,0.379689847252909,0.6289549659585417,0.6289473526707771,0.5049489559839458,0.3231415157191259,0.8894188231614902,0.00965808684571543,0.3231415157222298
412,0.45400263100320176,0.31323804308311826,0.5898209434359376,0.5898091166572217,0.4848528311541193,0.3900233714791581,0.8339897865687702,0.01498583686715285,0.3900233714694564
413,0.7903584211830941,0.3473034182418023,0.356894998354614,0.3568471153332915,0.6513379618991135,0.610444959199726,0.500971337318415,0.0611688054291589,0.6104449592022204
414,0.7808782106153621,0.47118289645652667,0.29004658325959465,0.2899808231804879,0.5528862974222215,0.6448969304105203,0.4011816456702268,0.0852595182388864,0.6448969304269487
415,0.47666698058485696,0.80808938007416,0.24476571152606372,0.2446832439964084,0.34753196488040977,0.6634078144650838,0.11045591378888227,0.3279933452686643,0.6634078144514021
416,0.7888938406953163,0.35409038145064675,0.35517657443249767,0.35512830195793976,0.5712146847946814,0.611446436796697,0.06171689981259742,0.49845514758567305,0.6114464367804385
417,0.35070574879991734,0.22805748220596092,0.6422629090654705,0.6422566613565861,0.4826043432855857,0.29580799226649096,0.007927807980087494,0.9082579002016886,0.29580799227390775
418,0.798321638337702,0.21034026242597403,0.39904309907323565,0.39900393587833677,0.5875407574815277,0.5837638496071665,0.04991036940873157,0.5620929556486721,0.5837638496236658
419,0.6066043323850261,0.6854239976398468,0.2848363958089767,0.2847689502275396,0.5062389624042634,0.6472151391160175,0.08776470426111968,0.39309348007452527,0.6472151391213794
420,0.5159286584802734,0.7497312741001941,0.293051717094579,0.2929869060261205,0.45111622541680885,0.6435368536505862,0.4057960774445797,0.08396534717032192,0.6435368536444974
421,0.6030991790560575,0.15429489752699868,0.5533905654584507,0.5533745087014967,0.6225427544413861,0.4401906037048024,0.02039103876554727,0.7823353950557962,0.4401906037058939
422,0.7774254573009918,0.4316939914585361,0.32348587319655736,0.3234298210393893,0.5570048549478086,0.6287885339018762,0.45171972223151063,0.07210583778306412,0.6287885338794096
423,0.8644542613814974,0.39807556582104775,0.21713614161166286,0.217040479822605,0.598877274134984,0.6729581436300764,0.13520028812046692,0.27563663756432943,0.6729581436065243
424,0.10487992713347224,0.01582861831083573,0.7031181165450766,0.7031177496784924,0.491276485272159,0.07500114756729744,0.9943588081232582,0.00046522525381102574,0.07500114756949422
425,0.9395473040242964,0.16352586478941028,0.2127814146737998,0.21268339054795796,0.6500012328596881,0.6743477756054304,0.2658753138025867,0.14078520006000217,0.674347775625053
426,0.09409434295589578,0.7899116616815586,0.42849436394496976,0.42846050159910043,0.29921192018934883,0.5625007460556684,0.6044252749923366,0.04308025433531518,0.5625007460649626
427,0.6364205431557899,0.3938688676525593,0.46896795935903446,0.4689405723948306,0.6005479901559726,0.5292276413102233,0.03482576119911919,0.6622864740429707,0.52922764131311
428,0.3058463265449697,0.8843613073503591,0.2494025421232037,0.24932202987900212,0.3044335425513023,0.6616785085632185,0.33594648629647483,0.10725232373032725,0.6616785085712273
429,0.21526354596499198,0.935020324919758,0.199299790560666,0.19919385343932533,0.2283651019327501,0.6784546419056374,0.16656298725069998,0.22727817546710452,0.6784546418966898
430,0.3140266282076463,0.904968481068743,0.20305344369014136,0.20294980673612095,0.23747804908079073,0.6773406362268775,0.15721052596096394,0.24021693440665542,0.6773406362142319
431,0.41139440524587095,0.5688740155699492,0.5035670752041714,0.5035446340812616,0.4222968450676212,0.4964186752321956,0.7115643212907965,0.02851691441379259,0.4964186752520445
432,0.08354022642274092,0.3480760477133136,0.6602537282931316,0.6602492785702503,0.4614473882331201,0.2531164795353562,0.9337196110123742,0.0056376935370122585,0.2531164795308899
433,0.10677362333518359,0.08609695257465252,0.7004240040283969,0.7004233881717993,0.4893976252611637,0.09698786491634391,0.00078080079911065,0.9905483826988701,0.09698786491997162
434,0.011120612545524062,0.399786999225302,0.6480949091155048,0.6480892500308869,0.45716976838315676,0.28280144339311697,0.00719625054438053,0.9165123573663013,0.2828014433975346
435,0.7321003953297499,0.40056134954244876,0.3896226067366586,0.389581622680665,0.6258253558550825,0.5900933754863819,0.5484992811335947,0.052231743286040515,0.5900933754892798
436,0.7923889886556346,0.5433303057066701,0.1961558040385777,0.19604787706061835,0.6056608089414183,0.6793703446709124,0.17990580079732793,0.2110586942001405,0.6793703446749269
437,0.31194307435484675,0.735980251471911,0.4248846312561866,0.4248501487520461,0.4009911484549684,0.5652324306246296,0.5992500899253306,0.04386260932530812,0.5652324305963203
438,0.1671167407058451,0.20122684088863863,0.6824891541097258,0.6824868555543262,0.47883195549752855,0.18495978821824205,0.0029138510665229315,0.9651793941821403,0.1849597882255201
439,0.12821416390856244,0.0914588165253527,0.698282733016971,0.698281918585438,0.5155489466678171,0.11136333989881878,0.0010354052335395897,0.9875197927074745,0.11136333989949304
440,0.5505905725595757,0.618006340161945,0.3968309501956821,0.3967913654508828,0.5165430824254192,0.58526994167853,0.5589049999156172,0.05043205130577232,0.5852699416833561
441,0.7442916835507375,0.0954980582620008,0.46740551550226295,0.46737789286984877,0.6651438575866658,0.5306081366391437,0.660058656447935,0.03510812888125843,0.5306081366384611
442,0.35391623228449376,0.14573526613118773,0.6532653561254574,0.6532602143108003,0.5583885492009398,0.2706431847325301,0.9238300213699533,0.006528761804935288,0.2706431847335545
443,0.5861997428853234,0.4632989690852846,0.4699731520708879,0.4699459149926109,0.48757086107760234,0.5283351556071142,0.0345827722219291,0.6637228024944861,0.528335155619909
444,0.9198278361132778,0.2737355227519925,0.19878109799410637,0.198674836290647,0.6943484719276201,0.6786068023909491,0.22497390399995112,0.16844096299261269,0.6786068023928684
445,0.05479760325048741,0.9562418104098631,0.20327431121349732,0.20317080770318127,0.1560400191846424,0.677274382094983,0.24100886067872654,0.1565680420022779,0.6772743821050592
446,0.13840884148912252,0.03246376095428682,0.6999250044436025,0.6999243423234851,0.4895221342292409,0.10052587521897641,0.0008410088489734612,0.9898426084617981,0.10052587522183987
447,0.6343119473089572,0.07390219213449031,0.5441532507131311,0.5441360668409803,0.5428768625283048,0.45156017346154664,0.021830678255032376,0.7692270412470983,0.45156017344817123
448,0.0646923999971187,0.10320799671353001,0.7018417497435611,0.7018412650351427,0.49131355236750346,0.08613070593628051,0.0006146069909187616,0.9925535880986376,0.08613070593978277
449,0.3986514032572109,0.15861410179168342,0.6387202307625626,0.6387136230021115,0.5682476805212994,0.30338208138042333,0.008380986946323112,0.9032432587358019,0.3033820813815611
450,0.9597011850127817,0.02319531147509837,0.19808820319051137,0.19798150612466706,0.7218642866588691,0.6788093940824669,0.22195746173046127,0.17079372995753608,0.6788093940825797
451,0.23608294557138082,0.8330005727772924,0.35384266524410135,0.3537940881586156,0.32380210696790357,0.6122193689468879,0.49650639461346285,0.062099023108064,0.6122193689546513
452,0.557757347632014,0.7311682723877198,0.2777935198491488,0.277723709729449,0.47209074040838594,0.6502692909004516,0.09107715298679968,0.3821055493183602,0.6502692909062878
453,0.2729879341548111,0.7816314581440489,0.3965862356116409,0.39654660403146236,0.3127268242465852,0.5854357985901125,0.05052346176630824,0.5585492200841801,0.5854357986010602
454,0.4617116799220896,0.1943723660676535,0.6119857907325296,0.6119763883306831,0.5812427096059939,0.3542303573003293,0.011907315179275492,0.8653900414137016,0.35423035730171004
455,0.2929748938364111,0.5817123578180224,0.5365612256312261,0.536543097516363,0.460112315415424,0.4605559442956204,0.7584499288010489,0.023024983062339927,0.4605559443006126
456,0.11342185126466266,0.18171583224341314,0.6906941957518645,0.6906926725559386,0.5069659556203663,0.15146808249886198,0.0019322590869185249,0.9767861108464848,0.15146808250036536
457,0.47762524475723983,0.5359856508439582,0.4922484871579349,0.4922244793884861,0.522408741503228,0.507644801400154,0.6954594431450911,0.03049055852000472,0.5076448014043361
458,0.09916671275001915,0.6999107729144868,0.5001568693399,0.5001339611471175,0.3495403498924644,0.49985454232595,0.7067135863087184,0.029099483969066336,0.49985454231757687
459,0.635948969932251,0.0833139878082715,0.5425156916114823,0.5424983055666095,0.6355244451750458,0.4535263569033987,0.7669032589384793,0.02206985765398891,0.4535263569039921
460,0.020066457907154982,0.16666259619790075,0.6970732416600369,0.6970723147975408,0.49091022265777906,0.11869937595630164,0.0011745754498222855,0.9858090771889593,0.11869937595433562
461,0.8143157689525035,0.4047143961376435,0.294222708827279,0.2941582628528015,0.5757059537338394,0.6430022993646886,0.08351600893726772,0.40757963914483014,0.6430022993874037
462,0.3595447946335423,0.15714748737750578,0.6503995957159049,0.6503941679900296,0.48985399433167387,0.2774597197178211,0.006889165336200086,0.9197742914779833,0.2774597197274725
463,0.03307225519481019,0.15598225910177696,0.6980605011879448,0.6980596661196453,0.490547210376832,0.11274803594432899,0.0010594009569994103,0.9872054692167422,0.11274803594236506
464,0.421730188386233,0.8317275363140665,0.25535547243217827,0.2552773773402425,0.37701616525728066,0.6594039139106537,0.34593462904421124,0.10345138525325558,0.6594039138771708
465,0.13006067305938437,0.47580948159536823,0.6151019085258048,0.6150928390699973,0.4582708343026239,0.3487910846451095,0.011484213330144485,0.869803237170031,0.3487910846406503
466,0.17718536004357058,0.04831480833477087,0.6950800580392792,0.6950789454428311,0.5255684186514832,0.12986333685510096,0.9829898439570199,0.0014121470036176124,0.12986333685476426
467,0.4730435475626003,0.805415859554256,0.25256197575312905,0.2524827591966201,0.40831727776714805,0.6604789567885667,0.1051592089502517,0.34128673584072966,0.6604789567818328
468,0.645191180064,0.7047369353222381,0.20870560189250467,0.20860528492564015,0.4491383422303337,0.6756203841138927,0.2560669319874554,0.14664214777052362,0.6756203840986105
469,0.5899439500731506,0.5364572613642256,0.42673697890078327,0.4267028161851131,0.4729475063576107,0.5638351964333965,0.6019026914463359,0.043507384790757914,0.5638351964548066
470,0.2039225756472071,0.48686585174023256,0.6005788882853725,0.6005682513225051,0.42651458494842165,0.37324440682661664,0.8492319294646553,0.013503907893815047,0.37324440681941934
471,0.8670879180113297,0.16494586535597366,0.3324057221899547,0.33235198178455827,0.6171395187906409,0.6241188172462832,0.0689213073115699,0.46497446955635413,0.6241188172282217
472,0.5478652910497461,0.5478200871810787,0.44708181624208615,0.4470510312364407,0.5383721731488248,0.5478426895837604,0.03914066128490803,0.6310346928482362,0.5478426895795357
473,0.2721473523185566,0.4553385715909247,0.5994228506811126,0.5994120869058828,0.49198870104552783,0.37509825123247637,0.8475942110289932,0.013662257415073356,0.37509825122866464
474,0.904298009984684,0.27979276624699984,0.22803751841770437,0.22794740788737586,0.6901497479452572,0.6693425391489333,0.12384504030617487,0.29769705500767135,0.6693425391509019
475,0.3992806895425993,0.35764951356314045,0.5969400861241647,0.5969290493722964,0.4697657051320241,0.37903709817289877,0.014006405728309674,0.8440767601379704,0.37903709818727904
476,0.07696932667502232,0.1924249557187182,0.6917551335398285,0.6917537098606544,0.4837774248960656,0.14654630687454934,0.0018072067532204198,0.9782868157592823,0.14654630686833625
477,0.8033387597336061,0.27716702751560945,0.37273207005222214,0.37268764390897063,0.5844287024715883,0.6009054518006761,0.5240341238934143,0.056687855516822684,0.6009054518211603
478,0.4070990972730099,0.3798673699676776,0.5873607593158549,0.5873486568038058,0.5410149051320199,0.39371874083181124,0.015342270384064622,0.830503293776006,0.3937187408347147
479,0.18306673216411404,0.348865026540274,0.6499180265987214,0.6499125506818794,0.45772025434367564,0.2785859249541023,0.9190927592657319,0.00694727983507563,0.27858592495971674
480,0.2589155342313897,0.9228418470291203,0.20170250177301874,0.20159804632997827,0.25491023591032796,0.6777441731605363,0.23597611100487123,0.16012790681382,0.6777441731519244
481,0.1822324881279548,0.013181788402423945,0.6952046790378377,0.6952035780755942,0.4886405425173488,0.1291945031217308,0.0013974456386826874,0.9831661140778293,0.12919450312579314
482,0.6228424236386761,0.5765905769660685,0.3739275706779299,0.3738833959361335,0.5506709467502966,0.6001622189562079,0.5257682107261286,0.05637739316143624,0.6001622189606115
483,0.5632149710402281,0.3369453319117075,0.5335149912908244,0.5334964796200774,0.590345963940175,0.4640814908522058,0.023491722145093156,0.754125240719154,0.4640814908497537
484,0.8135816938388815,0.5103908001795866,0.1970131579404366,0.1969057801689368,0.6204723589486549,0.6791222015695413,0.17548455325276982,0.2163128341899225,0.6791222015732735
485,0.06730282914830811,0.32931442985849674,0.6659682861503418,0.6659643964339172,0.46594066794078765,0.23767379380819037,0.9418056914841965,0.004937100727166069,0.23767379380406034
486,0.015298440713676427,0.14661571510736454,0.6993821509961264,0.6993814386062008,0.4962943218353401,0.10423581486427534,0.0009031496601705621,0.9890748071402585,0.10423581486577603
487,0.3244340105027624,0.05200486195570405,0.6678484182913024,0.6678447118196967,0.5559607469814776,0.23233804152617898,0.004704629469826905,0.9444659524732907,0.2323380415258138
488,0.6281364937703288,0.5053872786584634,0.4183647029322909,0.4183290799173302,0.5726746043886279,0.5700753267032094,0.045347374691093664,0.5898913962525049,0.5700753267070231
489,0.5567185273477847,0.7833267969964194,0.19558369093403405,0.19547539552504625,0.38790301027793445,0.6795352785352392,0.18444895316304205,0.20601503365558294,0.6795352785624827
490,0.42858270238984425,0.47999323476037986,0.5412681189975379,0.5412505781489331,0.4491088632387238,0.4550146343805867,0.7651317483307236,0.02228839801461111,0.455014634390836
491,0.3487566407466288,0.17971818960502964,0.650414190522004,0.6504087641362107,0.5544738984196267,0.2774255037871673,0.006883903987806662,0.9197949725691448,0.2774255037858719
492,0.0890520433330208,0.016056680261456745,0.7042060394868284,0.7042057728766179,0.5114198192924789,0.06398469894241512,0.995897485821726,0.00033813672494805135,0.06398469894253121
493,0.06326158006916595,0.1284258330300775,0.6998234483604865,0.6998227768674866,0.489996696142712,0.10123048479067544,0.9896989715941394,0.0008506016609993492,0.10123048479268326
494,0.5806521400937658,0.2651455139465667,0.5443159161897527,0.5442987525440868,0.6054963291160884,0.451364072209547,0.021791177189153316,0.7694583115642134,0.45136407220765173
495,0.14461694251656904,0.5518244364182348,0.5807713208997269,0.5807584734725691,0.43833562059130043,0.40337592162545904,0.8211635914164289,0.016312198560429585,0.40337592164506775
496,0.9251720879813133,0.2246465666295417,0.21637015998223647,0.21627408904238052,0.7018562022216063,0.67320482480298,0.2739974043798962,0.1360733262433523,0.6732048248045563
497,0.26647418571575343,0.16265431763288804,0.6717661612420657,0.6717628345722956,0.48322939322003056,0.22075429633533317,0.004217421049536133,0.950009102410181,0.22075429632735633
498,0.930463547895878,0.23094139406788788,0.20117879972093308,0.20107402356058843,0.7022268176875023,0.6778998184060224,0.16139176319312112,0.2342143701428564,0.6778998184076314
499,0.25879320631262254,0.37482818120160977,0.6294995729559694,0.6294920163050285,0.4542447187730266,0.32207925193042775,0.009598325378409706,0.8901897455562207,0.32207925194338516
500,0.8115100361787215,0.48572858572304256,0.22973922146860884,0.22964993427323752,0.6269013304096575,0.6687603448929214,0.3009494046076134,0.12226470487850474,0.6687603448964348
501,0.4778014934041323,0.18852842623032648,0.6067020952794854,0.606692124301702,0.5859794969094476,0.3632060254833014,0.8579058724114309,0.012660181207692635,0.36320602548196135
502,0.22363518161946064,0.8558059807570954,0.32986308337869724,0.32980869464934853,0.30401782410644673,0.6254664544032852,0.4612092405918442,0.06978155368794119,0.625466454395251
503,0.1445531682094532,0.8805534378273939,0.3191915875224701,0.3191343841484816,0.26393318454142023,0.6309793876665034,0.07365025739417655,0.44531524146015594,0.6309793876578199
504,0.14954822543314272,0.11732220228579147,0.6942162796529393,0.6942150864000598,0.48600148387966785,0.13440455884761274,0.9817680656475918,0.0015147261128538468,0.1344045588526255
505,0.623064915447978,0.7167952489798552,0.2214001407704537,0.2213067098949462,0.4364739523373935,0.6715673152417769,0.13043284967288904,0.2845732838899537,0.671567315256811
506,0.924840137259946,0.2355935541883548,0.21119678639000664,0.21109788051147826,0.6397585928132543,0.6748457609840687,0.2621707951974876,0.14294359686051525,0.6748457610031574
507,0.714994761097792,0.6423171362457488,0.19526078651196058,0.1951522824322068,0.5522244040668585,0.6796281379985827,0.20195108230834416,0.18822047827549926,0.6796281379937182
508,0.08514330260826956,0.13290508076176544,0.6982435105125516,0.698242692447097,0.5065458167415302,0.1116090105492779,0.001038983858659685,0.9874643173508625,0.11160901054818982
509,0.03112676271045054,0.09074595993273518,0.7038454082565307,0.703845108440235,0.4947753280134965,0.06783695379649211,0.9953874377765628,0.0003796256820567468,0.06783695379775592
510,0.007863097880461788,0.7896054907214062,0.43387206292799674,0.43383911041413614,0.30521812713826096,0.558363080475409,0.041912322039825665,0.6121312751163386,0.5583630804840902
511,0.1536868601100118,0.08807565342853271,0.6959254511324888,0.69592441742527,0.5200068128404467,0.12525368596871192,0.0013114563808908166,0.9841856066742802,0.12525368596807307
512,0.7564791209127856,0.21011129711673807,0.43796166999462854,0.4379293984907298,0.6604834082001254,0.5551609755533397,0.0410331680155713,0.6179877519575468,0.5551609755518876
513,0.6281121052691968,0.36984404019649697,0.48410480928267413,0.48407964507384094,0.6027538091559528,0.5154170305962593,0.6838643019641246,0.0319403450912941,0.515417030593582
514,0.8217660848879316,0.061501037628630545,0.40059285116282056,0.4005539810010591,0.6875390986672085,0.5827014140629254,0.5643305554041931,0.04948887082718371,0.5827014140625582
515,0.0611614245279616,0.3588674081026328,0.658589227349229,0.6585846135243008,0.4610059724448833,0.2574165267173882,0.9313641595350334,0.0058537069458847735,0.257416526705935
516,0.8129204464244173,0.5115125063060454,0.19692334227590044,0.19681590622845443,0.6199692072527755,0.6791482519734865,0.21554157158951973,0.17623034527106615,0.679148251977228
517,0.04300479129354691,0.5440874831479726,0.5925086745705854,0.5924971469687663,0.4255201446008338,0.38592784390143087,0.8377979302014373,0.014629653369359353,0.38592784389583734
518,0.16951881277439296,0.5644807013135967,0.5712446235360239,0.571230680625438,0.4390844120044282,0.41675837699381996,0.8076579073336881,0.017709182024665027,0.41675837699902823
519,0.35045837572422295,0.3201159322521653,0.6223805299321898,0.622372230071679,0.4703702924266213,0.33563021555846617,0.010550950044432777,0.8801098762405912,0.3356302155663449
520,0.8678094975778858,0.4116752585049691,0.1968152219805008,0.19670771679128918,0.599151712857563,0.6791795942841242,0.21515212774420955,0.17646449891016378,0.6791795942602874
521,0.7285217235967495,0.559359422302937,0.2796532016321666,0.27958402608024385,0.5166825344015203,0.6494716541763553,0.3850366111853218,0.0901107588986082,0.6494716541921395
522,0.49591507645733396,0.7526894597685367,0.30623852723330697,0.3061776911103067,0.4438376166788059,0.6373669217617892,0.07848009606323557,0.425872854990276,0.6373669217556218
523,0.3198931271141197,0.6194695797895712,0.5069260906619206,0.5069041054024711,0.392211894647291,0.4929879139046825,0.027934999339365815,0.7163417266078859,0.49298791392513386
524,0.8103116787235203,0.3539064071972616,0.3302885793484255,0.3302342995828797,0.655476045477545,0.6252418578949434,0.06970322048300082,0.46182972979583564,0.6252418578974727
525,0.66620830943934,0.034757421572763,0.526772635051028,0.5267532639110843,0.5522861221247264,0.47172109869415413,0.7445499897092493,0.02457077336065975,0.4717210987089621
526,0.5203318995425583,0.4144536897131838,0.5279692914864532,0.5279500740116077,0.5641523596118787,0.47038130628318847,0.02439900652252183,0.7462489811599635,0.47038130628008645
527,0.0414030902194642,0.9600168840448516,0.1958260987794117,0.1957179598588068,0.1476241514168484,0.6794654587290421,0.20853739834033808,0.18211406938482436,0.6794654587392017
528,0.27102403329681907,0.9222133941749155,0.19507792908818994,0.19496930671922294,0.21052142818665187,0.6796806496572062,0.1939742364984653,0.19606739799045836,0.679680649644855
529,0.1051992650460001,0.9490592292385793,0.21007322431874703,0.2099736854876401,0.15112437266547424,0.6751963758092916,0.2594755414406814,0.14454117602608008,0.6751963758204413
530,0.7965369360465152,0.06816389826665936,0.42480107099306014,0.42476657421444447,0.6805011781940536,0.5652952359226955,0.043923562102228926,0.5991271260583833,0.565295235922241
531,0.43287369119206487,0.7531451477119911,0.35030512483475523,0.3502557304189365,0.4255689931756798,0.6142504549574845,0.49131588764411666,0.06325706067523233,0.6142504549511734
532,0.7692293401045652,0.4955748014912091,0.2852457166772928,0.28517840601773436,0.5443649729015242,0.6470348359553383,0.39373081922723857,0.08756645551925576,0.647034835939059
533,0.06409202700380534,0.1711182887720355,0.6952022275701689,0.6952011263682969,0.5005531318898427,0.12920769457994505,0.0013944318848868507,0.983162651285123,0.1292076945814834
534,0.05411572072549215,0.04254966647446759,0.7054293841292897,0.7054292301062269,0.49437440853964687,0.04867743480721874,0.997627674330374,0.0001951703427855199,0.048677434806037326
535,0.9075699225083105,0.28761050598357596,0.21637767525685866,0.2162816086877504,0.6897029398163819,0.6732024091575755,0.2739696465641221,0.13615309532894884,0.6732024091596124
536,0.9560006846994994,0.08991303852420163,0.19751029234626963,0.19740322950813255,0.6601093185212069,0.678977779226907,0.21898322156466163,0.17327636675586114,0.6789777792484406
537,0.7249283201128244,0.5530258128868856,0.2904130712075251,0.29034742818046455,0.5858969483480243,0.6447319671830641,0.40173855394717584,0.08513233963441413,0.6447319671871861
538,0.2246520698873441,0.10899115261254831,0.6847098783982252,0.6847077906460588,0.5323145646973131,0.17656107137787416,0.0026486293249402813,0.9683208976936412,0.1765610713786513
539,0.018391990283969838,0.2103695880771006,0.6911614920262568,0.6911600126205927,0.48685283118323136,0.14932117883116677,0.0018782199960583597,0.9774471051649323,0.1493211788287427
540,0.34171666145775914,0.3942187726697618,0.6032552377928477,0.6032448927528441,0.5220422540476829,0.3689029123230149,0.853023270947303,0.013137038450884103,0.36890291232611344
541,0.8200329350349725,0.5011893007446667,0.19544516520398966,0.19533678013978822,0.6245972152810939,0.6795751355545496,0.20441212893800684,0.185932653990703,0.6795751355508935
542,0.6809566247789575,0.6771902522355424,0.1971721707505959,0.19706489420570586,0.4714800635411373,0.6790760496924791,0.17503543954417336,0.2169655095870914,0.6790760497081645
543,0.5222316454751352,0.062238943203602536,0.6014204461177628,0.6014099013191745,0.6051654601579174,0.37188679566935934,0.01337621444606758,0.8504243054501212,0.37188679566979094
544,0.2171742680232607,0.9198931078127146,0.2309469511410584,0.230858241746717,0.2453468427182943,0.6683442144539037,0.30322252566477514,0.12119456239126762,0.6683442144451136
545,0.5953808672375591,0.2934772164492756,0.5288728351621776,0.528853732690011,0.6058085870791432,0.46936513166688504,0.7475331779707448,0.02422589906683688,0.46936513166477417
546,0.716403869696676,0.023600812252908866,0.4930679758926745,0.4930440835307959,0.5670930998700314,0.5068488447399387,0.030350318759435366,0.696625692396442,0.5068488447556814
547,0.07557792348596985,0.1078907256182941,0.7009452063218414,0.7009446387137405,0.5066314039398818,0.09314620548647096,0.0007190442112812302,0.9912855551164496,0.09314620548559814
548,0.08039692439482142,0.6845960204966873,0.5122921096491408,0.5122708440455982,0.37593316248275077,0.487409159087785,0.7239719500924147,0.027004420885169793,0.48740915909468285
549,0.16022966263715593,0.00934879971655968,0.6979399103404458,0.6979390640529337,0.4890662530133247,0.11349216806036361,0.001073740377422539,0.9870349044784165,0.11349216806388837
550,0.06734685367114152,0.946889048990892,0.2223812637506786,0.2222883346790341,0.1737045083965084,0.6712430520461738,0.1294382604332821,0.28655063590530216,0.671243052014705
551,0.9184881183295432,0.15797937906876328,0.25638050049692773,0.25630281161439705,0.7068392032254206,0.6590060347693933,0.10281655749534074,0.34763608526921885,0.6590060347682855
552,0.006403522976459852,0.09114307897881163,0.7041492444324479,0.7041489725995227,0.49722521281536797,0.06460675642834186,0.0003450891754256979,0.9958171594028755,0.06460675642730297
553,0.5186525762880271,0.22237356430012106,0.5837654091044069,0.5837529016145631,0.5935832074858176,0.399030385428858,0.015849744843094517,0.8254079528322139,0.3990303854272817
554,0.2570721656749484,0.8993394723420391,0.25014249405823613,0.250062287818603,0.22787453176691888,0.6613991173698535,0.33720676332119087,0.10674274632589782,0.6613991173411443
555,0.6360198101780385,0.7012262115837922,0.22781757993611793,0.227727362257992,0.44615758392898575,0.6694174328366952,0.12402170360208002,0.29728642465570143,0.6694174328215502
556,0.5503924911192525,0.787889567348537,0.19537207178891472,0.19526363959477017,0.4402820402866791,0.6795961538326984,0.20331755125913303,0.18697622504714065,0.67959615383912
557,0.8319934303885161,0.47944271069969724,0.19743849412761752,0.19733138613434809,0.6333085109828827,0.6789986616657027,0.1736095665595749,0.21858946295757492,0.678998661662241
558,0.1144274863481931,0.022451436244020545,0.7022830294585065,0.7022825855118398,0.49070147565571826,0.08245518971232778,0.0005631868533837418,0.9931777112879551,0.08245518971471279
559,0.4681110744391952,0.8394563837845458,0.19522727386406094,0.1951187478414935,0.329831943979546,0.6796377659318137,0.20158218296215466,0.18854611566361637,0.679637765945642
560,0.10710989594138899,0.19542313119871496,0.689325593353176,0.6893239415051534,0.4816209034546411,0.15757971001058166,0.974850183376949,0.002095221667937803,0.15757971001707785
561,0.7043770726901076,0.36441410076250513,0.43074594817614714,0.43071246878143493,0.6249753270257157,0.5607783418468413,0.04261424791654303,0.6076506632173408,0.5607783418442066
562,0.455239038046197,0.07204390880793646,0.6275256308443722,0.6275178691286977,0.5060904862017782,0.32590865788113643,0.009849757593562006,0.8873951068818202,0.3259086578716029
563,0.11998487034418917,0.06372222910039516,0.7005511954067597,0.7005505913359319,0.4895441161454662,0.09606479998812044,0.0007666586539892244,0.9907282779054369,0.09606479998562198
564,0.7288941908994635,0.016727643086911343,0.48397201379305216,0.4839468300287415,0.5710238988340116,0.5155417323489072,0.6836730344179139,0.032009786621781694,0.5155417323330038
565,0.05239142102421485,0.07846689444172124,0.7039525884958803,0.7039522985470568,0.49341073041322564,0.06671549490355788,0.00036763573353482934,0.9955390250129337,0.06671549490214482
566,0.11016057319234619,0.008390953478023502,0.702778343328886,0.7027779451312912,0.49103084388380497,0.07812093184476211,0.9938782547174156,0.0005047919551894067,0.07812093184711254
567,0.39137831801667494,0.8000370229500847,0.32155881958396937,0.3215022544918648,0.3257282557905772,0.6297762403777473,0.07268659542882984,0.44886571816140436,0.6297762403902407
568,0.3160857783548424,0.07310638652874037,0.6688609958409528,0.668857387870883,0.5534208296876503,0.22940658549064505,0.0045802914578787915,0.9458986510176306,0.22940658549115794
569,0.7841888241487348,0.5082268659526722,0.25178699799924265,0.2517074660050319,0.6141210333008478,0.6607747949191002,0.3399841837350183,0.10566028399629758,0.6607747949153874
570,0.911258086372125,0.2995583260673351,0.19989460090426694,0.1997890333188435,0.6886593460489797,0.6782796217997683,0.16489832502808116,0.2295257103421912,0.678279621797688
571,0.19276243551118177,0.8714121925990033,0.31899840067047674,0.31894114569190885,0.24234306842538514,0.6310770816391934,0.44503796289571096,0.07365219363484925,0.6310770816502246
572,0.014595610595393825,0.0221472968800258,0.7068580117869024,0.7068579889659038,0.4983451121395793,0.018755460641626347,0.9996481703851081,2.894754959552213e-05,0.018755460641231347
573,0.8063923306730674,0.4444204604778539,0.27591732372038086,0.2758468665968611,0.5673721439294358,0.651067637304276,0.09198213221537481,0.37915847701645455,0.6510676372810412
574,0.7258289337669872,0.5787648159782642,0.2629098378173103,0.2628346702229199,0.5779866040073846,0.6564283484560052,0.3583381760678823,0.09898180774596355,0.656428348451678
575,0.1080834923026765,0.23615612218804719,0.6828438100081816,0.6828415451466534,0.5003282254752248,0.18364606632867675,0.0028740136125999507,0.9656810988574405,0.18364606632662156
576,0.08554010755033248,0.1679709231988624,0.6944315259094018,0.6944303527231055,0.5039837539128446,0.13328792338464301,0.0014888098394247008,0.9820725240048515,0.13328792338321624
577,0.7440447485447075,0.6050757379114421,0.20040326625762211,0.2002980140371876,0.5147293007106238,0.6781294996046832,0.16340809257952518,0.2314704275571421,0.6781294995883423
578,0.8907059103863406,0.22194290431582794,0.2805556695500939,0.2804867995289523,0.6244504502266025,0.6490823027926594,0.08973486281586725,0.38643496583786735,0.6490823027742193
579,0.08925225443027719,0.4597576592713483,0.6247667517347502,0.6247587020180325,0.4364500326075891,0.33116692934481595,0.010223950718615791,0.8834887665681729,0.3311669293390902
580,0.4668960194233236,0.8078177639894912,0.2544390771714372,0.25436061652270814,0.34438904368551415,0.6597580741408868,0.1039838743250685,0.34442113917414124,0.6597580741273534
581,0.904774928560338,0.2243621477388618,0.25601152624556534,0.25593369175604125,0.6973595740942566,0.6591494685788738,0.34702554270286656,0.1030399381707943,0.659149468577298
582,0.623202348127383,0.0889760762084818,0.5494179938399575,0.5494014554002699,0.5395288166983506,0.4451392528533546,0.7766989793118778,0.020994920503441,0.44513925283904004
583,0.8074494422166744,0.15085873367825525,0.40329765277491386,0.40325929131907107,0.5942724811268851,0.5808325693575809,0.5682220041216537,0.048895877135868626,0.5808325693386712
584,0.824840634124244,0.43101400325474554,0.2587514160412453,0.2586746556871576,0.6435621061595534,0.6580786910384117,0.10138135644812706,0.35154899141223117,0.6580786910415426
585,0.4638351673666423,0.13765110795083785,0.6188375573603649,0.6188288839365182,0.586253901595614,0.3421190509204882,0.8750931494814965,0.011004077626744832,0.34211905092145745
586,0.9579206151207936,0.04800554031966715,0.20015712260051374,0.2000517170571113,0.6616386342750483,0.6782021958098553,0.2303010234049649,0.1644536464899501,0.678202195789334
587,0.06224354544439524,0.08470413376085724,0.7031896818931139,0.7031893216292437,0.49238816258183293,0.07432714586846592,0.9944600253432079,0.0004569121595767717,0.07432714586686001
588,0.9262538397166316,0.16101364016550604,0.2410072373154103,0.24092313598883883,0.6436375697799465,0.664782503559711,0.11315137005184495,0.321442395070242,0.664782503581266
589,0.8855659472278931,0.3491638341169644,0.21667847371627655,0.21658256874246154,0.6746166584379456,0.6731056491894865,0.27458089094560695,0.13587827045784384,0.6731056491919339
590,0.7797033888088396,0.4140023861470889,0.3321899984999159,0.332136203575768,0.6359047192908962,0.6242336690593666,0.06905298361402763,0.46464646591048026,0.6242336690563841
591,0.6765646386906019,0.5796912043378197,0.32113454909837236,0.32107787009105926,0.5646187949306564,0.629992699444878,0.44822761292762525,0.07287252085682994,0.6299926994492336
592,0.1414877658682738,0.14224747569242216,0.692729641931068,0.6927283096270793,0.4846316232763793,0.14186812931876364,0.979665250790676,0.0016923835199505713,0.14186812931330375
593,0.5810986331581061,0.7654197443491515,0.1955752337250914,0.1954669318724592,0.4611437438218133,0.679537712899763,0.18470155706017072,0.20577251595343163,0.6795377128936254
594,0.6872190577704665,0.5516742216541529,0.3342313116523427,0.3341780324191462,0.5762480752217377,0.6231430305132528,0.4676675556647365,0.06835630489536476,0.6231430305173714
595,0.8218339117491563,0.49801911641925956,0.19571449872373883,0.19560628793548426,0.5674419709757504,0.6794976140782483,0.20721976100206438,0.1833738136725942,0.6794976141027849
596,0.016291775012237608,0.06411258876748771,0.7055580609294336,0.7055579187323862,0.5008333169676776,0.04677523902437482,0.00018036695044451132,0.9978096619577516,0.0467752390237716
597,0.24411605445031617,0.5604659182726515,0.5595991618470033,0.5595838493689218,0.4059075751737925,0.4322699929400882,0.019414901814986712,0.7911437088177617,0.4322699929317004
598,0.61678129140602,0.7339456714990201,0.2011799392286411,0.20107516482978763,0.4867713008489776,0.6778994800663544,0.2341090853568268,0.16154728723428322,0.6778994800605708
599,0.874084491960836,0.3475234602294068,0.2400461609948563,0.23996163463223347,0.6723063569209536,0.6651301581267851,0.11379325901760944,0.3197731066019988,0.6651301581243261
600,0.19622356994442067,0.18511090409524003,0.6808941183694518,0.6808916678541421,0.5212165501878857,0.1907481798304092,0.003105606842609629,0.9629229558949397,0.1907481798289986
601,0.2333247973879358,0.9320967864480527,0.19595593417680973,0.19584787841071127,0.2373400110194274,0.6794280242862107,0.20934575274894598,0.18146480491560932,0.6794280242950277
602,0.027530324140304915,0.586839675233919,0.5722224671027422,0.5722086376199986,0.4085021508268377,0.41541468629614514,0.017549097230614118,0.8090446872765894,0.41541468628997363
603,0.36617842899608805,0.8731011947868449,0.22764969473790517,0.2275593950718748,0.3311843367940232,0.6694745470182435,0.12421100450390396,0.29694997585430144,0.6694745470105471
604,0.6892260605851341,0.6439934364841856,0.23481981627030887,0.2347329228343453,0.4826906619455968,0.6669932941205613,0.3103631172473273,0.11796027563590267,0.6669932941361679
605,0.1189306562212899,0.005621533587250848,0.7020771137981823,0.7020766508378685,0.5161126681040156,0.08419056547231898,0.0005876296852385432,0.9928864749115367,0.08419056547232835
606,0.08365192494686767,0.2632939247659842,0.6795889068030808,0.6795863318109023,0.4751952080811581,0.1953475561241991,0.0032647036409357093,0.9610764830876581,0.1953475561206104
607,0.017000395067718273,0.16214095384019292,0.6976469438208004,0.6976460703239353,0.4915800744880292,0.11527944816538739,0.0011077679842047936,0.9866205301487629,0.1152794481672778
608,0.03831201789016572,0.019775141527906822,0.7064492969451934,0.7064492366156866,0.5044098071586285,0.030486611247768018,7.66766640883469e-05,0.9990701312670368,0.03048661124790985
609,0.02833786262365985,0.0032070074408240617,0.7068191840757561,0.7068191576923166,0.49711285893362145,0.02016580449155159,3.351733826548567e-05,0.9995932570475763,0.020165804492149365
610,0.6571561193387759,0.6703989451011084,0.24367140672091286,0.24358846789994773,0.46300015485428386,0.6638105542368868,0.11126316710123688,0.3260852707403306,0.6638105542521384
611,0.4832189615870373,0.7137699299683595,0.35851498970983653,0.358467471312711,0.3890742569561184,0.6094949032388541,0.5033313003194939,0.06074148462674409,0.6094949032517745
612,0.4270114799090787,0.6452726750478526,0.44794632816955404,0.4479156817324722,0.4004182135111369,0.5471360110269216,0.038961018565153493,0.6322708358724267,0.5471360110384818
613,0.6691276551428896,0.6526358167922043,0.2513709754163616,0.25129127418432856,0.47229082522587273,0.6609331767548601,0.3392834975811472,0.10593101543957842,0.660933176729523
614,0.5271928285221386,0.7861938735546407,0.22804385913232622,0.22795375200249066,0.3753375126629251,0.6693403787606733,0.29772417995017814,0.1238031801407833,0.6693403787465254
615,0.8690416442229424,0.3732852778111391,0.22963640482331588,0.2295470681696837,0.6663139393882033,0.6687956582836329,0.30075379795327023,0.12235966632088684,0.6687956582809788
616,0.1959694144741735,0.9259756991204019,0.2282608956706968,0.22817089371072638,0.23301635165092308,0.6692663919482313,0.1236012892608815,0.2981404275206371,0.6692663919393116
617,0.587081988727309,0.7581876337924595,0.20065943261820526,0.20055433821666374,0.4664840485546316,0.6780537403230118,0.16299321466892963,0.23220564689100967,0.6780537403169418
618,0.8016276878586345,0.4989802826571742,0.23286543803553947,0.23277763486097092,0.6208997283276486,0.667678163665759,0.11964500248883776,0.30675203813894575,0.6676781636694065
619,0.42841517434891085,0.07204202027347004,0.6368983593070062,0.6368915651109206,0.5804201243497563,0.30718855301125053,0.9006641105721772,0.008633986600859851,0.3071885530117605
620,0.9462479323957542,0.14126132602976413,0.20579366151309572,0.20569165536330986,0.714135699274435,0.6765130862726322,0.15168911766773885,0.24829518679637783,0.6765130862716593
621,0.9456168085916411,0.11159435812415293,0.21609850276813392,0.21600228620360978,0.6544766990910736,0.6732920797949977,0.2734067282746913,0.13639762269902103,0.6732920798149261
622,0.7167131766809097,0.421967306378666,0.39261784138121053,0.3925774426690067,0.6172100338110111,0.5881046599629242,0.5528243876341348,0.05148800151804912,0.5881046599598578
623,0.7248469032855858,0.6224713771159788,0.20876806807270792,0.20866778673727185,0.5623455998911598,0.6756010836794563,0.25621167886695134,0.14656714188664735,0.6756010836747608
624,0.5972095557088789,0.6058638963450114,0.3716872877760031,0.3716426404022687,0.5338931309467018,0.6015522869771741,0.05702362563246065,0.522511242155784,0.6015522869818329
625,0.11296584419580105,0.26075067162861093,0.6779570449618297,0.6779543139848782,0.4980324538983422,0.20093804186240594,0.003462590135588544,0.9587678640492894,0.20093804186469105
626,0.028985893807649793,0.39846052302037643,0.6482269466521116,0.6482213010913602,0.46216177646524814,0.2824986464107714,0.9166992857532907,0.007172799586098631,0.2824986464066373
627,0.7661432943116876,0.45250172983787473,0.32272507111291004,0.3226688171331715,0.6237985868914522,0.6291793714550521,0.07226584973626245,0.45060435421425854,0.6291793714517825
628,0.9031867084715468,0.14534905357526415,0.2856272028174643,0.2855600169417535,0.7042186885886094,0.6468665154945801,0.39433504071584147,0.08733440289335663,0.6468665154935695
629,0.16442129382363382,0.1339178522574798,0.6910259434535009,0.6910244514185457,0.48451113887404845,0.14994724575159382,0.9772553820388254,0.001888189676049625,0.14994724574797985
630,0.7571797317392019,0.5808803935153979,0.21130379270383193,0.21120494658438205,0.5850725973844447,0.6748122619414517,0.2624361442989908,0.1427728701056856,0.6748122619371371
631,0.3932484302943049,0.3200807290353655,0.609473458487879,0.609463786443707,0.5480920929680955,0.3585359092296353,0.012260848105030787,0.8618315816859013,0.3585359092272298
632,0.2984311111206962,0.17570465150928372,0.6633521868384025,0.6633480414027092,0.48365444369159094,0.24488084060106127,0.00526313285811879,0.9381039639872648,0.24488084059479315
633,0.8979715864857909,0.06756085061301757,0.3075058919135389,0.3074454224201413,0.7069737968694063,0.6367564050210899,0.0780130408393944,0.4277809331744827,0.6367564050215601
634,0.055445936616244716,0.02145741095487612,0.7058560369236031,0.7058559221069347,0.506618117091543,0.04203969769804834,0.9982310886509641,0.00014589598244127332,0.04203969769789556
635,0.9258201327578391,0.1556644250098795,0.24358374875648325,0.24350077188444869,0.6436330001502962,0.6638427266536725,0.3259575577788903,0.11125349025268973,0.6638427266321573
636,0.30802365404313253,0.868209359989446,0.2751116613905882,0.2750409233978496,0.31775513519011683,0.6514084986325313,0.09241395127195678,0.3778804009034285,0.6514084986647617
637,0.8207544940251954,0.24977315225441424,0.3633243620298019,0.36327791139286697,0.5933158798565644,0.6066401598453701,0.059345238161083703,0.5103465250767665,0.6066401598249537
638,0.006988725458246142,0.010784466519437983,0.7070483931717851,0.7070483878160904,0.5007411510821047,0.009086996199672159,6.788456904412715e-06,0.9999174230675516,0.009086996199583645
639,0.23117630630386826,0.4990892100347078,0.5905426967991224,0.5905309506431903,0.47155778184706426,0.3889296334726141,0.014908669347624436,0.8350121028994811,0.3889296334769614
640,0.04553113223027782,0.7150195647278619,0.4933039009785762,0.49328004149116617,0.3552991984211506,0.506619216936258,0.6969608972503493,0.030322363994184538,0.5066192169437368
641,0.0029789135732375513,0.8155295152588259,0.4092268535688487,0.4091895870299731,0.2900471823144754,0.5766702975503587,0.576753671295291,0.04751776997106821,0.5766702975770065
642,0.06727319321563899,0.15008767517678814,0.6974773285683051,0.6974764392922641,0.502730102158524,0.11630131720040401,0.0011311396951399896,0.9863806201246988,0.1163013172017101
643,0.9557843027607277,0.100437241527987,0.19548795377311573,0.19537959729725773,0.6597948625226133,0.6795628274340253,0.20568669305727805,0.18461232735004332,0.6795628274555893
644,0.8799742323487822,0.0,0.33592808923731937,0.33587523365711325,0.7035762752129429,0.6222299198355439,0.4701837201882611,0.06772830274548398,0.6222299198355749
645,0.1540373102707602,0.5835531462389651,0.5638062327678967,0.563791419277753,0.3963699484511043,0.4267679506808867,0.7971103592409696,0.018796482380575696,0.4267679506622795
646,0.018154033218621503,0.6323839724323976,0.5476218110324199,0.5476050534555761,0.38949298857789494,0.44734721275398637,0.02123656305246013,0.7741511163062615,0.44734721274723743
647,0.06801975141626342,0.005665975214174632,0.7054578030537988,0.7054576516366149,0.49373871384421913,0.04826380557932383,0.9976678672222646,0.00019197478505205968,0.04826380557787731
648,0.8312327760270791,0.02418091411659483,0.3927461435340289,0.39270577050758043,0.6066377112218123,0.5880189812106875,0.5530103030139535,0.05144861719443891,0.5880189812286196
649,0.06103886182073382,0.12286600559448987,0.7004209681177485,0.7004203519992312,0.503726252446344,0.09700978797540144,0.9905440881921663,0.0007819343202128781,0.09700978797645446
650,0.41047040216750386,0.2457374196132125,0.6209418913400603,0.6209334401731935,0.48723574004486325,0.33828451816447813,0.8780729387881635,0.01072770777969218,0.3382845181558556
651,0.14396471717176823,0.20900799562629757,0.6839564211358122,0.6839542618773923,0.5093669770775984,0.1794577689143759,0.002740067990488159,0.9672550389533077,0.17945776891267604
652,0.24680013021367944,0.7865209947857867,0.40031586353593757,0.4002769414907128,0.3565109745892811,0.5828917478918111,0.5639292879701835,0.04958002276244851,0.5828917478845814
653,0.1821809208962776,0.4260235094279482,0.6266274515699359,0.6266195962584038,0.48020620485618,0.3276323538101629,0.8861235003346621,0.009961105898641076,0.327632353806417
654,0.4995445575736242,0.23399580650558918,0.5897945214577855,0.5897826919439556,0.5026445769769592,0.39006332739042837,0.8339517604077265,0.015022069468991832,0.39006332738010596
655,0.541877685279556,0.6756270212246376,0.35350466707728206,0.35345601245668307,0.49205887428610695,0.6124146053149911,0.06225233995581228,0.4960053916614466,0.6124146053203585
656,0.024846654999582305,0.09837922378023428,0.7034574060268688,0.7034570704525454,0.49500224617740296,0.07174896492663153,0.994838675499078,0.00042637421248903264,0.07174896492791158
657,0.3124289787579889,0.6994810999999824,0.4545004050419597,0.4544707975126146,0.35913737523264827,0.5417036440774204,0.037612512698073405,0.6416382336360535,0.5417036440879726
658,0.26417577169407924,0.6307938196268037,0.5159126695232028,0.5158918842121124,0.3824195115980314,0.48357506202270295,0.7291198604854939,0.02635427510092332,0.4835750620320222
659,0.3503337752601639,0.08954475352068923,0.6592624586711591,0.6592579113031118,0.49292422105225825,0.2556873256219551,0.9323168435393202,0.005769426467376384,0.2556873256291997
660,0.5395447419094368,0.756125772133736,0.2619206507382829,0.26184510862316474,0.45452916085874157,0.6568236870724627,0.3567493975066422,0.09947439656358999,0.656823687078576
661,0.25158390804307035,0.3003070931934267,0.6505875133578458,0.65058210431455,0.5182873521282675,0.27701878366565247,0.9200403102279716,0.006856715475457215,0.27701878366802496
662,0.23447039671722378,0.519394258796465,0.5810628747292041,0.5810500603252391,0.418275512142374,0.4029558058979959,0.821576952203805,0.016264950047193152,0.40295580589012275
663,0.6446356968611479,0.6557663883306227,0.27789749650761314,0.2778277230640526,0.5286880807306069,0.6502248602311591,0.09093557443276319,0.3822904439961039,0.6502248602362238
664,0.25611434807475636,0.3592073617807539,0.6345803482319747,0.6345733161664997,0.5093083707283586,0.31194910485962024,0.8973828938111301,0.008913688794488134,0.31194910486252186
665,0.4777239552031597,0.08017145104615128,0.618612609433261,0.6186039124612555,0.5927962102520112,0.342525647899675,0.011029400521906681,0.8747746643486702,0.3425256478991084
666,0.3798041874894241,0.8140536831540797,0.3107268762454344,0.31066732767952343,0.37603328699119565,0.6351907665742039,0.07675007541797524,0.4326370372865886,0.6351907665812688
667,0.8517188396181387,0.3947810482039973,0.24368355950424592,0.24360062611951075,0.593264806070215,0.6638060928306404,0.32613440062587656,0.1111723659318148,0.6638060928482314
668,0.6293281088523888,0.6891354183245255,0.25404571658759484,0.25396709852559657,0.510876805511015,0.6599096478848202,0.34376345139968,0.10423628318294223,0.6599096478901689
669,0.631341533086363,0.6135057963945947,0.3354504763428331,0.33539750194621226,0.5408216807571834,0.6224875475121775,0.46946878852862783,0.06795265254466305,0.6224875475074824
670,0.6006211611615919,0.09883078355237841,0.5610274894443431,0.5610123466333906,0.6251086953559879,0.4304145112633149,0.793169102828636,0.019221636385675662,0.4304145112640115
671,0.3008954821208083,0.16489683789723228,0.6641823319478568,0.664178267951528,0.5446862330422525,0.24262013344918526,0.005161335794681096,0.9392786073916514,0.24262013344798772
672,0.3812282745201933,0.051806997281070265,0.6526820916559494,0.6526768917088268,0.49714405319512617,0.2720468362852894,0.0066003333532177536,0.9230045900962289,0.27204683627656784
673,0.8397942561626265,0.43623722683159033,0.22856482272441356,0.22847496811576246,0.5832858835518677,0.6691626524206234,0.2987425788201976,0.12327027558336737,0.669162652396898
674,0.035678376797341545,0.6251396375388691,0.551337222528766,0.5513209174892139,0.39489437263538396,0.4427598180723437,0.7794223977074392,0.02069330710325043,0.44275981806580755
675,0.7881097404281316,0.5497774614725432,0.19579342955728982,0.19568526920816065,0.6026695880875999,0.6794748738410524,0.20837651436296353,0.18222793393115505,0.6794748738370145
676,0.7109289246876637,0.33285688726298146,0.4380722622567475,0.4380400092289551,0.6321200590038238,0.555073708330076,0.6181438770278869,0.041042708694486826,0.5550737083276932
677,0.3954607308244073,0.4511122556379089,0.5657406855406878,0.5657260997276458,0.4506218061887213,0.4242001041977805,0.01850659141398851,0.7998537674246071,0.42420010420730536
678,0.3495139944632788,0.12222655854229508,0.6568511721609872,0.6568463865572637,0.5587973080963802,0.261819940128578,0.928904598007562,0.006073360108485866,0.2618199401277024
679,0.5430289515705832,0.2938637728598489,0.5562288750421508,0.5562131599720238,0.5913697140600797,0.43659841916881376,0.019948253514203023,0.7863623261184719,0.43659841917094094
680,0.7088652444522786,0.47160440494513534,0.3708993069013654,0.37085449246847313,0.6037898400374411,0.6020384745015122,0.057214369085799625,0.5213692227338281,0.6020384744980476
681,0.8072266784000564,0.4652572611397801,0.2568662974031629,0.2567888002287528,0.5649840456784639,0.658816824809576,0.10246814378824663,0.3484552513209174,0.658816824833194
682,0.14020190786282513,0.5059431055962882,0.6018212518728044,0.6018107507559628,0.4519514570734579,0.3712377951342583,0.013329703709788955,0.8509919611431207,0.3712377951295469
683,0.03418800123514735,0.14439524529579192,0.699278987039585,0.6992782650650632,0.4913645119878502,0.1049257029828117,0.0009175521756939013,0.9889288911774791,0.10492570298096242
684,0.12575022800385735,0.952918386221352,0.19516120808706844,0.19505263960342076,0.14749004730580265,0.6796567408100589,0.2004217081115792,0.18964326583325583,0.6796567407987482
685,0.32951267077279356,0.0786977849888229,0.6652944171821048,0.6652904618588379,0.5562918545060829,0.23955368899918392,0.005022319949251095,0.9408521863057714,0.2395536889986432
686,0.35528782066993825,0.04410974023976737,0.6602388859540744,0.6602344347296314,0.5633623843327702,0.2531551941707121,0.005645389914915761,0.9336985728281596,0.25315519417099636
687,0.6447979507519374,0.3080018202927192,0.494668523856634,0.4946448553335692,0.6175204396747235,0.5052868089509864,0.6989045085427686,0.030049448265486313,0.5052868089487949
688,0.17673007650046166,0.054364801548523196,0.6949145689552555,0.6949134408810155,0.5253383845269727,0.130746035382985,0.0014305323231984784,0.982755769273645,0.1307460353826051
689,0.02984329937565085,0.06413646024679591,0.7053354242573351,0.705335261586366,0.4959607883337517,0.050020536036270845,0.9974947866233945,0.00020641834069879382,0.050020536035289415
690,0.9075884871565261,0.25585934902366175,0.23543566647866768,0.23534905661136085,0.6302965613357073,0.6667761500409491,0.3114835341112471,0.11746122541366408,0.6667761500222197
691,0.6527328563181185,0.3644412628190854,0.469653070230257,0.4696257849191103,0.523333770239574,0.528619719541736,0.6632631888384185,0.034703408614856976,0.5286197195281271
692,0.8690593837039767,0.39831852350127167,0.2075091124056392,0.20740810652060304,0.6611290839491784,0.6759888481410075,0.2529300792662557,0.14867592066035332,0.6759888481381697
693,0.18897753685032995,0.35925495883599146,0.6462317392017818,0.6462258926768418,0.4954546180378613,0.28703365210416676,0.9138753677015768,0.007428150917223073,0.28703365210722587
694,0.19992246010326395,0.20639700180346737,0.6772868941150826,0.6772840989221158,0.47800255565726096,0.20318552164105094,0.957819771322859,0.0035458787096906324,0.2031855216363994
695,0.3249564251344127,0.8751047867060902,0.2536088462586472,0.2535300517637115,0.31750103295028836,0.6600776719305158,0.343062712764304,0.10441699650319909,0.6600776719226605
696,0.22175172771678317,0.3186185117255851,0.6516576268368793,0.6516523249599533,0.5091005160313095,0.27449188035443844,0.006726990858279291,0.9215547530311908,0.27449188035184185
697,0.26383734265031605,0.08207179863040497,0.6795798618866347,0.6795772861205202,0.48793541524192396,0.19537902075848215,0.9610636730840346,0.0032699802771579737,0.19537902076391583
698,0.09705209486027473,0.19762234198221815,0.6897566686336148,0.6897550573130502,0.48197300446170865,0.1556818855688616,0.002045504984979102,0.975459951470499,0.15568188556236992
699,0.8546383308909574,0.23258038104207943,0.3282801116766695,0.32822531590933335,0.6842748889620943,0.6262987746562054,0.45886444119352016,0.07030728507336097,0.6262987746578276
700,0.48727493362431185,0.4585398895297024,0.5255115802955801,0.525492046921009,0.5454688561629643,0.4731256110139882,0.7427580579662453,0.024794752029451236,0.473125611017464
701,0.3949490266532616,0.8075967176882848,0.30970943567239684,0.30964959773951134,0.3227658905458841,0.6356874987331692,0.43110984860780327,0.07711748412722458,0.6356874987205721
702,0.18102252338793076,0.8706041799276717,0.3235084853060572,0.3234524398219075,0.24186046157605806,0.6287768996609678,0.07199436192863107,0.4517698891496129,0.6287768996718919
703,0.13157565245818492,0.9339852502155882,0.23494701151958133,0.23486017581655505,0.20565253372963435,0.6669484986042719,0.3105838295562226,0.11788589917694463,0.6669484986136383
704,0.34878880470073703,0.4880800071980404,0.5657476392645578,0.5657330541801939,0.5018712982476426,0.4241908297400942,0.01851867204642291,0.7998633250194109,0.4241908297440424
705,0.1892954065992262,0.14199822421027347,0.6870248616514544,0.687022992944458,0.48360196848743253,0.16732639755954914,0.0023671837408969867,0.9715956719761045,0.1673263975533484
706,0.07425190485625781,0.9583375120782743,0.19508746188304116,0.1949788444546552,0.13561717333537399,0.6796779135907358,0.1982431141794916,0.19176948466650465,0.6796779135797368
707,0.2518782996077871,0.2687185318236788,0.6574016631439703,0.6573969319496096,0.5228711058333224,0.26043456679161825,0.929683689471991,0.005992526259001578,0.2604345667895217
708,0.8646220979271833,0.1667270756541313,0.335161363044895,0.33510831625845255,0.6160474143798825,0.6226432674981758,0.06796363395659329,0.4690540132683029,0.6226432674778587
709,0.24781546530635865,0.9249383232160698,0.2038610492586301,0.2037578972757992,0.24955631052851907,0.6770979958265506,0.15538819962083095,0.2427573181712172,0.6770979958178811
710,0.6073605290054099,0.12776730907403686,0.5544395218358288,0.5544235918182989,0.6254659963619563,0.43886860075797973,0.020236866071227523,0.783823431513668,0.4388686007570888
711,0.531720743901508,0.28342429454815854,0.5643404859444779,0.5643257354477672,0.5896656583896331,0.42606119292716943,0.7978676454610159,0.018733395079585144,0.4260611929251147
712,0.838233813834666,0.36676104878494875,0.2853846485507875,0.2853173825932973,0.5901215770476232,0.6469735673054996,0.393951754781367,0.08747811922434223,0.6469735672882174
713,0.12331895004449596,0.09087185274710256,0.6987616971941643,0.6987609272652278,0.5147671964804035,0.10831725869320752,0.9881972409739608,0.00097768588103542,0.10831725869387923
714,0.06553701901294769,0.031562009491166,0.7052336426107215,0.7052334705796299,0.5078687486043139,0.05143569433888865,0.99735083649247,0.00021827401935185006,0.0514356943386627
715,0.6064262078739248,0.03688669586181707,0.5616509379666037,0.5616358695394007,0.6286281683509702,0.4296006133190395,0.7940531871920812,0.01913535947251408,0.4296006133187614
716,0.9217310260762835,0.23766238694106143,0.21676029999167576,0.21666443786353326,0.6995501230143651,0.6730793020553129,0.2748389417525161,0.13561733806397777,0.6730793020569963
717,0.009494525208951457,0.7775872810133133,0.4445759872221132,0.4445447981585329,0.3130576449894621,0.5498782201656425,0.03965451706813315,0.6274515162627473,0.5498782201570934
718,0.7028754144296082,0.30327580023645817,0.4549817651336993,0.454952232852159,0.5464183067368488,0.5412993899880907,0.6423248440176289,0.037533125889948345,0.5412993900025925
719,0.021101966304741104,0.5748313124841069,0.5784197645386824,0.5784066486942601,0.4113011978627195,0.4067409032432605,0.016653256844050692,0.8178302661917057,0.4067409032371246
720,0.014512681288387019,0.0835908276125156,0.7045574091909242,0.7045571749510824,0.49674976876798393,0.059991851024965875,0.9963944336521445,0.0002969981481006125,0.05999185102763461
721,2.910383045673371e-11,0.09110681926106036,0.7041682021771846,0.7041679320842319,0.4980282534907311,0.06439979218480898,0.0003425647095089222,0.9958439718061519,0.06439979218382527
722,0.1994099493564489,0.0916305020704911,0.6898701803759462,0.6898685798150375,0.5282271236386987,0.15517808610082276,0.975620509570345,0.0020358029516940783,0.15517808610147715
723,0.8612399154441622,0.34247695732433653,0.26553224663383473,0.2654580614390092,0.6025347992907334,0.6553718957908707,0.36259839877492195,0.09745643945492344,0.6553718958134519
724,0.24494329486978555,0.1676698404386906,0.6752383457898742,0.6752353539918879,0.5324135422043763,0.20989329800510942,0.0037937387732385084,0.9549215750268274,0.20989329800386922
725,0.20485920312442452,0.8897298817018553,0.2884888816511592,0.2884226233596839,0.2274996451561614,0.6455952894357574,0.08601976365325023,0.3987656514333421,0.6455952894471372
726,0.7507061997143831,0.268330212714409,0.42688889321775436,0.42685475596360173,0.652328888043687,0.5637201833163482,0.6021232912170382,0.04343560768985798,0.5637201833182489
727,0.8321238072749513,0.4121363711521675,0.2624434555735404,0.2623681115646261,0.6495407817743255,0.6566149581972387,0.35759082825739846,0.09920883471524478,0.6566149582002114
728,0.3388662659349747,0.38307847992971755,0.6076316860473134,0.6076218155865937,0.458222533620931,0.36164863011539006,0.01254097542470683,0.8592224744505037,0.36164863012351184
729,0.1454419031124987,0.6250768429970073,0.5422842799989277,0.5422668653136316,0.41257386915481137,0.4538030445327401,0.02211729489005,0.7665744704970121,0.4538030445267935
730,0.4549252960435644,0.5145967361962227,0.5139332678394545,0.5139122204459893,0.4454752440547754,0.48567830190030925,0.7263052512776006,0.026718085306571472,0.4856783019112156
731,0.8938772354333309,0.3532932608365874,0.19520466610005358,0.1950961254209847,0.6756305056673686,0.6796442599558462,0.18923036757528972,0.200896062203406,0.6796442599533626
732,0.49296718591162014,0.8190144194477278,0.20765432560309566,0.20755340375286313,0.34864552073877497,0.6759442527560318,0.2532472551387087,0.14854144915068418,0.6759442527420517
733,0.21289163191469795,0.8621528932171828,0.32511975211503846,0.32506412992302364,0.2517423870365057,0.6279452437259369,0.07146021398611725,0.4541618429536049,0.6279452437147975
734,0.16851877535252696,0.506592369060978,0.5979041162982953,0.5978931858421052,0.42114220263936303,0.37751450703409956,0.8454425401366686,0.013874627567083169,0.3775145070271216
735,0.6940306933063444,0.5321528472751426,0.3429065601996481,0.3428554139250562,0.5084105702455965,0.6184113744489533,0.48045601448507685,0.0655496913096641,0.6184113744640237
736,0.365355489580972,0.8832888976824353,0.20779555763824983,0.2076947175298421,0.2689883415595866,0.6759008472100224,0.14822230582830423,0.2536656017652626,0.6759008472230064
737,0.32886724118222116,0.7140859446718998,0.43701026528591913,0.43697783620449515,0.35506440613239965,0.5559102439750905,0.04122572714012683,0.6166263380046298,0.5559102439641856
738,0.039996032133428186,0.07629191331859511,0.7044786021018814,0.7044783606019077,0.5032451882735661,0.06091033830274425,0.00030659706903280517,0.9962829755516303,0.06091033830209367
739,0.13524425693014927,0.29238286968078586,0.6694124316759459,0.66940887714635,0.4971765261022114,0.22779239618182348,0.9466788575371022,0.004515437618588684,0.22779239617929053
740,0.14353461236186016,0.8625281994967638,0.34313115572995057,0.34308006367963345,0.27858888122164716,0.6182867780659923,0.4808019335298693,0.06536375785503916,0.6182867780745221
741,0.5069114246735723,0.6067781336473292,0.43294905615521273,0.43291594892909624,0.5081307631670721,0.5590791070780954,0.04209220756160987,0.6108104044017749,0.5590791070733074
742,0.8013440261371212,0.4412021045921336,0.2856806283447195,0.2856134599324194,0.6354815991091647,0.6468429214647655,0.39442648246257056,0.08727095644144783,0.6468429214615696
743,0.05607405290350897,0.06497816560415559,0.7044976495274605,0.704497409786563,0.4936190977101093,0.06068962602700417,0.9963099147114615,0.0003040285083290634,0.06068962602462608
744,0.22589668306761157,0.9136809574873891,0.23895440738246648,0.23886939464167303,0.20863241114998068,0.6655231789566824,0.11464463252253505,0.3178276336912164,0.6655231789858361
745,0.915181172916313,0.25223945819928684,0.22232858702539868,0.22223563138735417,0.6341581793781342,0.6712605021760465,0.12947932399895834,0.2864503117883083,0.6712605021536052
746,0.5881497849507296,0.7297046366933754,0.24662851950494336,0.24654684548256228,0.4812340743924992,0.6627175214060093,0.10914583076440951,0.33120712745553893,0.6627175214002392
747,0.14832704627859178,0.0656323716351493,0.6977437515118562,0.6977428870020645,0.48836657371340786,0.11469202427257867,0.001097883967740529,0.9867574543861366,0.11469202427564042
748,0.5536555777971808,0.5331366133298073,0.45235933905535286,0.45232939443584247,0.4636331922181445,0.5434929380003174,0.038081715280626455,0.6385770397239297,0.543492937987689
749,0.39592002373040963,0.7555476636704433,0.36907209866669827,0.36902689430068186,0.3487680504200804,0.6031604004070706,0.057707900426256266,0.5187146238152932,0.6031604004320377
750,0.3578148000924913,0.543914941575525,0.5367236451194939,0.5367055374554153,0.488253253713407,0.46036664455542226,0.7586812498658196,0.022975340426217728,0.46036664455096876
751,0.054075444487923195,0.04859523605044577,0.7052356314578614,0.7052354596226911,0.4942543815075172,0.0514084166902849,0.00021758142222903397,0.9973536494370099,0.05140841668833386
752,0.21898467561817492,0.09875245973386498,0.6864023272580948,0.6864003996761548,0.48618723536156067,0.16986220365505195,0.0024452230341447333,0.9707150377042829,0.16986220364912144
753,0.3582696076179472,0.3724095548801117,0.6053785002575011,0.6053683862882706,0.5303177916394842,0.3654079831465035,0.012832477263258164,0.8560311555186377,0.3654079831661118
754,0.013801830003593528,0.1522431960423491,0.698796318776394,0.6987955520836703,0.49586924202520777,0.10809366598534029,0.0009712819835579119,0.9882462119121278,0.10809366598689733
755,0.17175178172191974,0.9419937021322593,0.20395003615673013,0.20384693724113462,0.2073692279500686,0.6770711960040109,0.24298422396694394,0.1552670537303541,0.6770711960132165
756,0.10727240105247837,0.06432286929753833,0.7015539600982859,0.7015534488035763,0.5132279124996938,0.08844433148073765,0.9921465512844669,0.0006490239737278697,0.08844433148120556
757,0.10304898266632363,0.6830889724573216,0.511269133598313,0.5112477316387621,0.3571969925683845,0.4884821541939369,0.7225169638910836,0.02719571594498507,0.4884821541857009
758,0.17258678316046,0.4904636320049703,0.6040164006669415,0.6040061387802045,0.4621339390545122,0.3676552543062091,0.8541015177126909,0.013031707474350585,0.36765525431063734
759,0.17522686922231803,0.011963464641985763,0.696115591828001,0.6961145757921298,0.48874887171231385,0.12419255248327572,0.9844545472177796,0.0012900692004545076,0.12419255247954367
760,0.028279485146282153,0.12885099301095254,0.7009274179017846,0.7009268486464815,0.4990897264582272,0.09327997555820396,0.9912603952673833,0.0007218686182226819,0.09327997555696622
761,0.5034535411054836,0.8037139884777108,0.22429847611776849,0.22420651699074315,0.35920032476191605,0.6706048133332149,0.12742145977949584,0.2904171830962072,0.6706048133472153
762,0.4139169643256159,0.2666762969270984,0.6154541481242156,0.6154451160399357,0.560979379419539,0.34816914043367064,0.01147010502666881,0.8703016350618856,0.3481691404317192
763,0.08069353902597316,0.20397874686139691,0.6898852912282576,0.6898836920345466,0.4998150768710723,0.15511089003071823,0.9756418897457122,0.0020313940363099574,0.15511089002890985
764,0.3808328320887625,0.4301082337674536,0.5787868325195329,0.5787737586922018,0.4533265817649388,0.40621837645435077,0.016601205937516097,0.8183505735380854,0.40621837647021525
765,0.24868259365501932,0.4284918473109187,0.6142324319194624,0.614223269589982,0.4933612228361963,0.35032006413420425,0.011633398879681947,0.8685714532253587,0.3503200641377873
766,0.1171080444831867,0.07455324157918637,0.7002600959126515,0.7002594648840972,0.48931262331365166,0.0981643517580452,0.0008017225874543947,0.9903165541018948,0.09816435176052116
767,0.4021910203221737,0.4223167027768174,0.5744156080599528,0.5744020325042609,0.5311302502872833,0.41237665687740915,0.8121540836506982,0.017225856652324838,0.41237665687413183
768,0.24727054535373524,0.8796254859061649,0.2873626338007931,0.28729601222413204,0.24261844464166443,0.6460974067584934,0.0865611192232186,0.39701820434791285,0.6460974067701717
769,0.03682110722093088,0.36242313898198864,0.6585209791086555,0.6585163585602815,0.47014396021280175,0.25759107668974773,0.9312675738885065,0.0058634666820110105,0.2575910766934704
770,0.8497872043579294,0.4490374336054024,0.1952811451539337,0.19517265402196218,0.5866193480478735,0.6796222882977755,0.1877330519744487,0.20244355195206204,0.6796222882736317
771,0.24847807876708233,0.8312909285070316,0.35160244400150836,0.35155335135928967,0.328279691961784,0.6135087458670756,0.49322455997201564,0.06279785760831041,0.6135087458747581
772,0.15902985514954443,0.29729866032497976,0.6657057250348615,0.6657018099831239,0.5006330246621419,0.238408250528165,0.9414341976175113,0.0049662576726076475,0.2384082505306802
773,0.8566076822414971,0.4336986796304306,0.19770054470732476,0.1975936027947463,0.6503459572882496,0.6789224045326425,0.17229667333957963,0.2200967823460741,0.6789224045357738
774,0.4129175354241671,0.8585385634099831,0.21500263102647815,0.21490582292915372,0.35592700670215144,0.6736428415461779,0.2709795340218818,0.13777059272010306,0.6736428415387766
775,0.6056456109879936,0.6995478795847125,0.26820274634543684,0.26812954384627463,0.4998391337961655,0.6542835144501079,0.09600291330762888,0.3668918179339708,0.6542835144555981
776,0.7007237418030997,0.45661120819369205,0.38763676465778274,0.3875953873732552,0.5244240480158981,0.5913998454473088,0.5456272844188794,0.05275710497228202,0.5913998454324463
777,0.0970664695116665,0.05490226218843089,0.7026963826539314,0.702695976869238,0.5119468798047487,0.07885479661038053,0.9937623338186679,0.000515738701316972,0.07885479660998447
778,0.15452901491380863,0.013007655066439812,0.698553035643402,0.6985522463301012,0.5220397161613597,0.10965494868116868,0.0010022355733647148,0.9879021105267962,0.10965494868126037
779,0.7507676195335219,0.5437967682393818,0.2652097884035484,0.26513548319173963,0.5953323020962804,0.65550245754014,0.09761542133469292,0.362083258146552,0.6555024575441836
780,0.9251156396557231,0.2371749915107762,0.2097032620987371,0.20960351428407528,0.7003788387080602,0.6753113758344108,0.25848062006679284,0.14524758306069158,0.6753113758360265
781,0.5046151373171318,0.10848150829708575,0.6056432703360876,0.6056331850606217,0.5986533406093012,0.36496895364495324,0.8564062163915374,0.012795244272620137,0.36496895364570947
782,0.03373099383922637,0.29242717689793957,0.6757782697592679,0.6757753298155309,0.4749230629885229,0.20814830498683617,0.003736416873814185,0.9556854113436414,0.2081483049774555
783,0.22391410047742105,0.44080559333361186,0.6146397781700904,0.6146306594892639,0.4387941306680053,0.3496048451587631,0.011562599131531933,0.8691485550781922,0.3496048451442394
784,0.5565464884501993,0.4704015866138021,0.48425339670052403,0.4842282532948366,0.5616469664371635,0.5152774235746134,0.03194550556309776,0.6840744390629443,0.5152774235781525
785,0.17707964939095744,0.9050751416955394,0.27342346935279005,0.27335213930654545,0.24938978740990955,0.6521189363652063,0.37518387927331376,0.09337474171213922,0.6521189363739851
786,0.3754131679109046,0.8142643604373507,0.3131097023199563,0.3130508249370412,0.3140415982065696,0.6340195167751471,0.0758320139123771,0.4362201397765202,0.6340195167875814
787,0.8992557292399981,0.3305294615851846,0.20264686103123633,0.20254297856858083,0.680922946549683,0.6774623943622019,0.23897637524225884,0.15804967740972123,0.6774623943598534
788,0.9152148185302651,0.2608595915811906,0.21722757642953816,0.21713196324180753,0.6951777389551645,0.6729286331327233,0.13503783870952113,0.2758602753920069,0.6729286331308966
789,0.5734833442455963,0.14379886075865936,0.5702871079870111,0.5702730538796384,0.6151621281300894,0.4180677328396929,0.017831372691579365,0.8063006781997222,0.4180677328386882
790,0.3995495589185989,0.8721807744892425,0.19962846719974317,0.19952273470158496,0.28765314043440643,0.6783580003960676,0.16580450874972852,0.22840689888350402,0.6783580004093347
791,0.321456541638702,0.16627968459332831,0.6591747736876322,0.6591702178216801,0.5492659579859078,0.2559133072657451,0.9321927685721718,0.0057793209784513,0.25591330726454947
792,0.8963858456213785,0.13752683468255664,0.29800712993935147,0.2979438470872605,0.6308129240790621,0.6412570524035844,0.4133692289497241,0.08188202531298938,0.6412570523829146
793,0.2264429008089946,0.9286858590103138,0.20773551498560366,0.2076346400799994,0.19305690343560641,0.6759193043686136,0.14830839075473856,0.25351688144820783,0.6759193043806091
794,0.5223785209726959,0.30403442674372005,0.5633384863374155,0.5633236174634166,0.4988206831035392,0.4273852195653697,0.018849335474876192,0.7964473935754678,0.42738521958072506
795,0.08914540773058287,0.956881552240791,0.19554173850547657,0.19543341516756457,0.1386152999617265,0.6795473525737351,0.20501259687367207,0.1854740585227894,0.6795473525430187
796,0.627736280269606,0.665694445233041,0.285338797727671,0.28527151720856625,0.45264576614479235,0.6469937912949446,0.39389294831115773,0.08744377216185133,0.6469937913200108
797,0.7525220864034323,0.4194066078824654,0.3590561522522098,0.3590087551430751,0.6275467350632229,0.609176244310353,0.5041189196409265,0.060602983421674646,0.6091762443073305
798,0.0,0.197775684511733,0.693146629740545,0.6931453364668165,0.4907475387170367,0.13981647294406785,0.0016412468741716134,0.9802550760363706,0.13981647294617838
799,0.5676033157801323,0.7567140958325204,0.2294027951080181,0.22931334605817388,0.4017017727843199,0.668875828117806,0.12261688461725588,0.3002921122682475,0.6688758281444689
800,0.8945862476204909,0.3203304231166393,0.2203920036466784,0.22029805267053218,0.6816780370331949,0.6718988512868596,0.28251862634004915,0.1314803903734614,0.6718988512846109
801,0.546776466534403,0.7143243495229266,0.3088796911922014,0.3088196167535426,0.4768499683148392,0.6360911022290594,0.07745236980853376,0.4298573597530194,0.6360911022347506
802,0.45754183249372493,0.17060025242677926,0.6170745335522952,0.6170656735157285,0.5822487956660031,0.34528899099809673,0.8725964543396596,0.011245144021184168,0.3452889909992976
803,0.4090966585502574,0.8523826659401806,0.23035267153608013,0.23026367816901466,0.3021879774565759,0.6685492821213491,0.12175810007987087,0.30209051595949343,0.6685492821081365
804,0.8664489604293705,0.41613417053306,0.1951165265180022,0.19500792846747161,0.6565735029431873,0.6796695700553487,0.19082587058563702,0.19920852943802012,0.6796695700523546
805,0.0,0.27631753504926276,0.6795858075590797,0.6795832323243081,0.47975936768595867,0.19535833806676406,0.0032676607995898756,0.9610720898480927,0.1953583380757267
806,0.43372928929307597,0.2636328401382762,0.6092571062679403,0.6092474108865515,0.488374320765792,0.3589034485739802,0.8615248697584604,0.012309670898071343,0.3589034485648684
807,0.10288184097656611,0.01157161725003643,0.7033071576381432,0.7033068082184659,0.5135522661742543,0.07320715650978803,0.9946261748577925,0.00044357552492857005,0.07320715650986714
808,0.9423886893283426,0.1823526408715104,0.19835992823415893,0.1982534021501894,0.7098920771176623,0.6787300374246881,0.1697247144206553,0.22325902872675152,0.6787300374259911
809,0.7551867935577047,0.5904462241312816,0.2013806124588702,0.20127596024077402,0.522480421325433,0.6778398913905069,0.23478144491706857,0.16107090478360409,0.6778398914157834
810,0.06753045173929967,0.3046555013321054,0.6717994971436011,0.6717961738753561,0.4702370109920359,0.2206528227847227,0.0042213928269596536,0.9500562317245037,0.2206528227808658
811,0.04592518981254826,0.016111995192830547,0.7062688543245559,0.7062687774268186,0.49545901315744384,0.034414527769331925,9.758881747528816e-05,0.9988149333251466,0.0344145277683863
812,0.5755372165171105,0.7558304919901833,0.2208150426597655,0.22072131006493614,0.4051343974723059,0.6717599348721149,0.2833630016157656,0.13108237523374142,0.6717599348867109
813,0.18110036419434494,0.9148717886419049,0.25519811288030225,0.2551199553507419,0.24029475319677734,0.6594648328578349,0.10349401705990402,0.3456895382690028,0.6594648328667353
814,0.9456458096176273,0.16067430279725686,0.19997495043170826,0.1998694333135168,0.7124979517302099,0.678255935773969,0.16475046110223018,0.22977174922046684,0.6782559357750881
815,0.8215701397173529,0.4886744164912743,0.20767970838150987,0.20757880170745596,0.5684917319391091,0.675936454051556,0.25346259047662956,0.14824484955845413,0.6759364540343179
816,0.41108144026196575,0.1851858676247839,0.63116066321384,0.6311532786222929,0.5691757846823949,0.3188116654821057,0.892541608622626,0.009365937301714745,0.31881166548343576
817,0.235720306211761,0.3462945916020157,0.6420763351039918,0.6420700685797885,0.5073030158143947,0.29621276722290607,0.9079938173184062,0.007951149487775354,0.2962127672257253
818,0.21229159811868822,0.19832128341263225,0.67661097248938,0.6766081124408398,0.5230095513092107,0.20542523467869633,0.003628555819856308,0.956863511424928,0.20542523468021842
819,0.754061033501798,0.42825897222039233,0.3521510292515194,0.3521020634191373,0.5483829138154596,0.6131940106987966,0.06268230140983366,0.4940213958492947,0.613194010714546
820,0.696885502166078,0.14689265421290446,0.4963851349580455,0.4963617056156643,0.6491610403462459,0.503600464153871,0.02979240486290524,0.7013455336861377,0.5036004641528685
821,0.057008478488212805,0.9564076242750392,0.20257910092268527,0.202475177437615,0.1405469070627012,0.6774826604443794,0.1581252194719487,0.23881144146791894,0.6774826604335875
822,0.2596608099431003,0.10488062291025621,0.6788151128831975,0.6788124639685289,0.4867279203536695,0.19801979860639113,0.003361343568534429,0.9599817811224691,0.19801979861174124
823,0.9189196608697202,0.18813265356995507,0.24518677200064656,0.2451044845850554,0.7043415219035681,0.6632523043585671,0.32874202010534553,0.1100974375036012,0.6632523043572826
824,0.056282419355200106,0.11740702094653807,0.7010879609835262,0.7010874065820466,0.4912174241835219,0.09206551823478902,0.9914874610312011,0.0007037910778765648,0.09206551823660784
825,0.09271228436674261,0.021719437920174132,0.7038938535534343,0.7038935581987044,0.5119155026763776,0.06733239063054056,0.00037521037551494597,0.9954559546062853,0.06733239063069381
826,0.9095623678452411,0.26076125710368814,0.22884593187674906,0.2287562135919363,0.6939487848932436,0.6690665640293536,0.12309584195961357,0.29924451454573253,0.6690665640311827
827,0.09751598317194843,0.14920740737850133,0.6957834575315811,0.6957824105528901,0.48617866701417867,0.1260401074882009,0.9839847676130072,0.0013265424866229377,0.12604010748554825
828,0.18759925467105232,0.018718604208421506,0.6944270168231067,0.6944258432759505,0.5279748644489838,0.13331141454618892,0.0014887536297073652,0.9820661470165768,0.13331141454631731
829,0.13156855092090428,0.9506318622941652,0.19878507621143682,0.19867881687616018,0.15109394415981425,0.678605637017885,0.2249804538293413,0.1684416047015737,0.6786056370292324
830,0.6082945911041473,0.7160260665137025,0.2422032622231096,0.24211968584735236,0.43076857657952206,0.6643476640506107,0.3235445838412544,0.11226426311755025,0.6643476640766822
831,0.13824980558190994,0.05285206018387385,0.6993191888925392,0.6993184706567804,0.48910787959213475,0.10465741408408698,0.0009116970232535413,0.9889857532662417,0.10465741408124454
832,0.22354097006007845,0.15109261523851095,0.6808831744949988,0.6808807230452352,0.4830559031529936,0.1907872423366226,0.003107142639505686,0.9629074732234699,0.19078724233187208
833,0.043831996742147813,0.06267191733948695,0.7050359051330468,0.7050357149193317,0.5042519746700836,0.05407870727632192,0.9970711752955767,0.00024131573858869842,0.05407870727682967
834,0.4864470786073502,0.20545199961248561,0.6004879289843006,0.6004772821165391,0.5030391944572069,0.3733907342172543,0.8491033170436099,0.013500969574786043,0.3733907342272717
835,0.47653492474364884,0.6186230953995462,0.4417283631168263,0.44169671105406516,0.4954838840878523,0.5521684836427612,0.04024589493150425,0.6233780548583754,0.5521684836477044
836,0.732217647977964,0.3651742762673115,0.406531526984006,0.4064937656475294,0.5489258196681631,0.5785736496252522,0.04805103371443255,0.5728840738764089,0.57857364960483
837,0.5789763666665338,0.6467751379677708,0.3510718172186918,0.35102260169845134,0.514059237247655,0.6138125578129672,0.06296907474204698,0.49244612230630347,0.6138125578079295
838,0.5254781039116639,0.663073538942252,0.3769874453457159,0.3769439087128465,0.492482661122684,0.5982448310442585,0.05557412813937169,0.5302053946779085,0.5982448310389539
839,0.39494857391945776,0.7096343426137851,0.41259239509053713,0.41255574078605334,0.36903954571578707,0.5742670442532604,0.5816003410464784,0.046645118037102466,0.5742670442769082
840,0.36483486306285995,0.2009676000218404,0.6428512666739185,0.6428450788262328,0.48666364705509224,0.29452712402180864,0.007841436911597707,0.9090907866118371,0.2945271240142007
841,0.3155587337489078,0.14252534019760957,0.66336818985992,0.6633640460850393,0.5497342058934128,0.2448374838981623,0.9381266311155343,0.005257085519516884,0.24483748389916854
842,0.023457478556586177,0.9027368699068961,0.3037707075467769,0.30370914975845026,0.21129367178679204,0.6385468305366113,0.42212745101075594,0.07952550228468944,0.6385468305466574
843,0.09786473772499407,0.8316255042131638,0.3865576718927724,0.3865160800704803,0.29324341299684803,0.5921057701702555,0.053060495855928196,0.5440644241555712,0.5921057701786647
844,0.01598014145093948,0.03801029541176503,0.7065054601640893,0.7065054049901146,0.5014343902568825,0.029156024061085382,0.9991495621923107,6.994877982014918e-05,0.029156024060750997
845,0.23590548649216064,0.8162986050988379,0.3728527171718048,0.37280831660922237,0.2871019485268152,0.6008305960824942,0.5242042369288078,0.0567019190264887,0.6008305960715965
846,0.5983567773610257,0.7083307551240294,0.2648359246209932,0.2647614801320087,0.4939154213977924,0.6556536020114331,0.09777245717764738,0.3614930911497391,0.6556536020170128
847,0.18824325824154398,0.10520738231210384,0.6904701351080379,0.6904685908551759,0.5254663716309036,0.15248625768670013,0.001958470284516017,0.976469173516394,0.15248625768594065
848,0.10012898066844486,0.3287239841071627,0.6640482454634122,0.6640441681093014,0.46401526258634457,0.24298690345582322,0.005176181977843653,0.9390888864442721,0.242986903445306
849,0.15941173518337132,0.08750492442669179,0.6953173028475514,0.6953162124154117,0.5210483063523461,0.12858696106707554,0.9833254140769576,0.0013845278212671506,0.12858696106770995
850,0.07084610561140312,0.02483817936789221,0.7051113928384383,0.7051112095654302,0.5087077369955856,0.053085336179566366,0.9971779379948887,0.00023268358078795472,0.05308533617974077
851,0.6836656099599298,0.3886383517257858,0.43680082672495735,0.4367683632068395,0.6148645525178242,0.5560748306976879,0.041251065812494915,0.6163277657994335,0.5560748307004699
852,0.09466274040254338,0.9246685549870896,0.26083199729721646,0.2607560391671605,0.20763856749511242,0.6572567828525504,0.10008569462520878,0.3549787268380887,0.6572567828620047
853,0.6252005830843893,0.1733163408813074,0.5381008169285162,0.5380828818270611,0.5357901093200275,0.4587561024615664,0.7606373480590926,0.022726672261521814,0.458756102476925
854,0.21388132163389245,0.9222748964590165,0.2277113282854515,0.22762105919297743,0.24154632753790226,0.6694535847878115,0.29711699453400797,0.12403744264026051,0.6694535847966602
855,0.5666953779359679,0.5999196806503481,0.3993644673713665,0.39932536557995985,0.45012069765046947,0.5835440320284219,0.5625599297733312,0.04979006736095705,0.5835440320058269
856,0.5670730313729039,0.09785911225138332,0.5783022377938432,0.5782891084929384,0.6159559640734164,0.4069079925244385,0.01667482824168431,0.8176635746699462,0.40690799252510995
857,0.7193805251174814,0.41205207729739196,0.39543410484093783,0.3953942518616569,0.5380212368146458,0.586214659619567,0.05077761964999545,0.5568899164280798,0.5862146596346041
858,0.40620323647082973,0.21408912834121668,0.6281617800894866,0.6281540844741264,0.5651966444966028,0.3246807849213427,0.8882958145797507,0.009763278487157795,0.3246807849198034
859,0.21624857004854858,0.6714907101690342,0.5011784128517061,0.501155645084528,0.3628755487824634,0.4988302406132354,0.7081665642052747,0.028929214478469717,0.4988302406040534
860,0.1416273516955227,0.09354459018854519,0.6968473376997336,0.6968463898257655,0.5176736312060736,0.12001853383420445,0.0012026853548943377,0.9854895517560532,0.12001853383489444
861,0.6035435575271342,0.6763957750267598,0.2985478296433789,0.29848471168329505,0.5091397390898041,0.6410054876182228,0.4141974644662719,0.08163571597740314,0.641005487612926
862,0.8611554090461612,0.26822279301704155,0.30537288726037953,0.3053117988269405,0.6085495960672617,0.6377821356861237,0.07886035415925229,0.42455734514734284,0.6377821357038554
863,0.1763429640351476,0.3920396326749884,0.638442073401183,0.6384354370486309,0.44937531993589336,0.30396703080706267,0.9028494013078207,0.008428933882056927,0.3039670308011325
864,0.3756090577780804,0.16015551535328365,0.6454748996870802,0.6454689771715857,0.5625194531645961,0.28873166901325165,0.9128041547593707,0.007524737271846718,0.28873166901439024
865,0.23393732259199185,0.8396764621713858,0.3465916969431161,0.34654143126604386,0.2709729477279074,0.6163534829999991,0.06432164786172412,0.4858801226539109,0.6163534830111164
866,0.2958825212233318,0.15244083395317784,0.666790973977368,0.6667871645439067,0.48539007432435627,0.23535576711088488,0.942969744350241,0.004836012637670486,0.23535576710474443
867,0.07894180382077023,0.34591810415279917,0.6611031046205491,0.6610987383817337,0.4792994330468794,0.2508895605335975,0.9349214379819017,0.005546316859147539,0.2508895605369067
868,0.02608591352804489,0.7513556454069827,0.46626716475444174,0.4662393701762162,0.3262251701646628,0.5316087756887079,0.03531656269077506,0.6584352357143178,0.531608775680283
869,0.4892967168434038,0.7542130879360515,0.30966790199725247,0.30960805259074614,0.44129838130101573,0.6357077332531462,0.07717676489083435,0.4310395605015845,0.6357077332593335
870,0.8530835308591072,0.4408313333484298,0.19743166054251232,0.19732454749106493,0.647877273599432,0.6790006488835603,0.2184663923070092,0.17374887930426303,0.6790006488867039
871,0.6518321894922435,0.6950063164749996,0.21461902354124168,0.21452200711303174,0.45446066140525315,0.6737651605786182,0.2700994643113052,0.13830146846778482,0.6737651605632845
872,0.2506197024104842,0.9065452575864507,0.24021451538708313,0.2401300633168403,0.22016889153473532,0.6650693720600658,0.3200335525266533,0.11377163956088023,0.6650693720480849
873,0.23682659877080672,0.2026445568170715,0.6718827281303118,0.6718794128020562,0.5275138163178407,0.22039924488032275,0.9501739970454283,0.004209637250563655,0.22039924489235338
874,0.0687687795410631,0.033741700271408846,0.7050292978628306,0.7050291070432979,0.4933993445148069,0.05416478273278434,0.00024192696480358354,0.9970618306276547,0.05416478273087783
875,0.49267680717167295,0.048650808609841174,0.6143752525161104,0.6143661055042836,0.5976739840034718,0.3500695198835767,0.8687737402410924,0.011612526178147353,0.35006951988390445
876,0.9069029656319131,0.11916035971525872,0.28580254218883416,0.2857354134141835,0.7067900857291232,0.6467890615951817,0.39459552432082956,0.0873051647186142,0.6467890615960148
877,0.31306876218868496,0.2705909365052487,0.643729891844551,0.6437237929179401,0.5361349232922674,0.29260169580502515,0.0077420574523524004,0.9103343098934925,0.29260169580705864
878,0.46505079749101924,0.8037409676608284,0.2624573805934545,0.26238204212298444,0.34577017042721775,0.6566093920136542,0.3576070096952932,0.0992241869374376,0.6566093920001888
879,0.14597707782945954,0.5927365926501328,0.5600763845820173,0.5600611290742707,0.3932279985176015,0.43165146538625615,0.01935534676924269,0.791820305004774,0.43165146537859195
880,0.1934958750890255,0.023445032784847823,0.6935457515016497,0.6935444955698672,0.5290403585597246,0.13782293575235244,0.0015925054969059408,0.980819626989332,0.13782293575219368
881,0.14957106478986504,0.2614360241999327,0.6742714079878344,0.674268323129301,0.5040415116871594,0.2129792205773102,0.953553544142011,0.003916843079110673,0.21297922057511917
882,0.8617267744277823,0.357039164752406,0.25494106997133176,0.2548628099764018,0.667679478029231,0.6595642496866528,0.3452520929449091,0.10368699718072096,0.6595642496892088
883,0.0057199133130213095,0.09076179708209049,0.7041768094844347,0.7041765401988643,0.4987116413063061,0.06430560324730704,0.0003413858972077053,0.9958561453532284,0.06430560324636561
884,0.30584258574367845,0.7601063229512982,0.4054192112947629,0.40538124484021404,0.38659400688314305,0.5793536525461359,0.048328534840646024,0.5712819297643028,0.5793536525528893
885,0.9183909432728699,0.28042089811267606,0.19743920367376844,0.1973320958909759,0.6930639377680574,0.678998455366901,0.2189814165856731,0.17311653417911602,0.6789984553688724
886,0.46264544113461353,0.0987028470267255,0.6229876439934192,0.6229794078977922,0.5881112905448694,0.33450190788141815,0.8809696611636841,0.010459605264962264,0.33450190790268525
887,0.12438318113792327,0.2027427466134152,0.6868139476049697,0.6868120589513014,0.506714941450701,0.1681900666729546,0.0024005333875958953,0.9712972976309074,0.16819006667127526
888,0.6017071506429368,0.5560378997051304,0.4054634009544518,0.405425442520718,0.5511410270546031,0.579322725705815,0.5713429894440674,0.048348188898726954,0.5793227257100483
889,0.035767178614101364,0.36891360725003225,0.6567456733156223,0.6567408772879655,0.4686415582941726,0.2620844717664915,0.006079698163175211,0.9287553480815073,0.2620844717626804
890,0.029182270807682747,0.553347584290049,0.5886293085920519,0.5886173486207465,0.41303500347798927,0.39181957197428113,0.832300653494636,0.015181179903964443,0.39181957198054457
891,0.23716321957375022,0.7399575344791381,0.44510905548302404,0.44507795278970524,0.37995373657395515,0.549446787532733,0.03953536944863971,0.6282144617047785,0.5494467875395123
892,0.949852351443474,0.14219907448686978,0.19697999070492112,0.19687259061194673,0.7147925495154088,0.6791318231127745,0.17521621878926655,0.21646988322988925,0.6791318231117864
893,0.3562996505664711,0.2416667109696242,0.6382226332863257,0.6382159745543846,0.4815409272919417,0.3044275284694585,0.008451870371819456,0.9025388222689111,0.30442752847704563
894,0.9526618231367481,0.0,0.21505204763460087,0.21495526611813792,0.7205634689977976,0.6736270668463826,0.13775407449465418,0.27106634719912287,0.6736270668464702
895,0.09220493734098045,0.2538385234633684,0.6808331653313505,0.6808307091493356,0.4956189182073617,0.19096563364024774,0.0031099399809310616,0.9628367368402645,0.19096563364253755
896,0.7779559952451758,0.48336327895205833,0.28388631254174995,0.2838185539640688,0.6192025391762763,0.6476324536234258,0.08814930506127334,0.3916300678446713,0.6476324536269772
897,0.7863892739345607,0.47465222972217536,0.27958528156694396,0.2795160836008688,0.5547330295227174,0.6495008965971615,0.3849443483073617,0.09008340228175148,0.6495008965806299
898,0.18864537623911895,0.040574484116915235,0.6938185427748448,0.6938173123842027,0.5278476691668796,0.1364429674586262,0.0015585772077115478,0.9812054851555485,0.13644296745833712
899,0.35486625285725815,0.49346853692284837,0.5615049823991433,0.5614898966747656,0.4349894269341168,0.4297913742044204,0.0191494335923312,0.7938463632970767,0.42979137419517505
900,0.873345752532998,0.32127286381614056,0.25893112268351803,0.25885443247854883,0.6766641609270737,0.6580080001394486,0.10127876179930366,0.3518430842241163,0.6580080001371843
901,0.5610927798648104,0.753097613597364,0.24296020399117613,0.24287695661405098,0.4621337276084955,0.6640712022119526,0.32488726856748057,0.1116563455442607,0.6640712022179832
902,0.22177454780499437,0.9246592299392583,0.2189324336989941,0.21883772048865635,0.24199255097494504,0.6723758775990338,0.13306445044155693,0.2794909845821904,0.6723758776078315
903,0.40466530402440876,0.18964439693840027,0.6325702146952097,0.6325629754492065,0.5671995269880606,0.3160055423330795,0.8945371051550912,0.00918487503707782,0.3160055423344234
904,0.40115338887751295,0.43675723868178085,0.5693571811532514,0.569343019031906,0.4546121521839127,0.41933335601933985,0.017983562615508243,0.8049817790029759,0.41933335602883404
905,0.2287121337590565,0.4229361197656879,0.6200106449408372,0.6200020956649787,0.49045980888704394,0.3399883832784954,0.010851323446001834,0.8767542684517646,0.3399883832820643
906,0.1952857361784939,0.9275309425863464,0.22537860503232557,0.22528718601772188,0.2310738495230115,0.6702425561682518,0.1263417268724985,0.2925535845635388,0.6702425561771953
907,0.9092986424608777,0.057337879432014696,0.29148449867024046,0.29141919469899535,0.7100221544942557,0.6442482596004436,0.40338811195621244,0.08465453996363484,0.6442482596000935
908,0.13097849484239255,0.9385007648070129,0.22594482121665208,0.22585368296939723,0.20010789313765248,0.6700518829415788,0.12578455491730403,0.29366510533211404,0.6700518829321891
909,0.22332097829648298,0.23382352611115775,0.6691259575951487,0.6691223752004969,0.4750773419872124,0.22863256535411577,0.9462735434792315,0.0045476403594177876,0.22863256534888915
910,0.711727488524575,0.02694302279297718,0.4963573901821163,0.4963339569411631,0.658029726005361,0.5036278111852713,0.029754050999982,0.7013078867732522,0.5036278111854575
911,0.34994244322645385,0.6472350577141064,0.4788798867999255,0.478853965748433,0.3861233085292289,0.5202753758801921,0.6764187304875188,0.03293580938985045,0.5202753758906985
912,0.0,0.2609434127129262,0.682626785946703,0.6826245005354288,0.4816133976605706,0.18445116206993326,0.0029007050189466758,0.9653740847638096,0.18445116206702933
913,0.03087625000412531,0.8567674363850811,0.3640260442799616,0.36397974699385033,0.2603233212689434,0.606219342669389,0.5113704182239912,0.059131315740851245,0.6062193426786011
914,0.6122438428904801,0.684331977492106,0.2800766734697599,0.28000763990033206,0.4415281506521304,0.6492891415065135,0.38569103308436964,0.08994247285210857,0.649289141521167
915,0.8127183211764808,0.02764292481502868,0.4115550526199744,0.4115182107692482,0.6857995035009917,0.575010956794944,0.046917834841653606,0.5801064694567064,0.5750109567947467
916,0.8189525526609629,0.41003261804039154,0.2839264282056541,0.2838586831495763,0.6467807541473835,0.6476148667884252,0.39170072679707096,0.08809375267110842,0.6476148667854805
917,0.22203272577107028,0.2688678299207734,0.6627281246425599,0.6627239180293105,0.47074098326611546,0.2465648406427058,0.937220949007086,0.005333991246924954,0.24656484063725378
918,0.2708201266627535,0.2142600831597151,0.6636092767040792,0.6636051564228902,0.5335089200488609,0.24418325520032286,0.9384678017424105,0.0052211925388512765,0.24418325520193218
919,0.9555795525783979,0.10423462387293554,0.19499388805350962,0.1948852110907931,0.6596169739014729,0.6797047660905597,0.19338796404340317,0.19647889770475369,0.6797047661107294
920,0.1316905853440427,0.11718702659933453,0.6960338409596676,0.6960328173064009,0.5148090072278886,0.12464992874380376,0.0012992021682406453,0.9843389165334672,0.12464992874291744
921,0.3765862728159625,0.46160725095474475,0.5679426920146707,0.5679283643374058,0.44558493380618647,0.42124723830568195,0.8029765628932554,0.01817052217099252,0.42124723831499405
922,0.16071924272701485,0.6874685197547002,0.5007889857327231,0.5007661641248612,0.35416252347158617,0.49922121380589723,0.7076122061173081,0.029005604929624222,0.4992212138147083
923,0.07251794104537863,0.4201794459283693,0.6396087548265069,0.6396022374844781,0.4631247100092687,0.3015042442127639,0.008272121445562282,0.9045009416538248,0.3015042442086389
924,0.8514807946330927,0.31169096744535807,0.2982171180095759,0.29815389937083125,0.6009551528475993,0.6411594196406644,0.08175851743029625,0.413696437030305,0.6411594196625929
925,0.07822840582373808,0.8546720244868818,0.36293927643978496,0.3628927409507345,0.2532282917690758,0.606870637036676,0.509788466175132,0.05942877730677256,0.6068706370268069
926,0.09953611281971224,0.9381122662221104,0.23460471910477268,0.2345177263708116,0.1931489207557734,0.6670689851148758,0.30998266369473687,0.11810455713934101,0.667068985105328
927,0.8656894477883625,0.40769877946654326,0.20543304620333844,0.20533082753687873,0.6583451774378728,0.6766226846605642,0.1523931700224852,0.247264649596056,0.6766226846576755
928,0.046963649588413314,0.19533877741417954,0.6926900564426461,0.6926887203940559,0.48578764990803364,0.142061293714395,0.9796092590362679,0.0016962505963587133,0.14206129371690965
929,0.7378088788281059,0.48790152437630285,0.32986818530475975,0.32981379770628033,0.6076055103139206,0.6254637636069529,0.46122103445623125,0.06975183301404049,0.6254637636034024
930,0.16429552082555143,0.26474708474851066,0.6719078861609759,0.6719045731861906,0.5062651104974047,0.22032253294560783,0.9502096004669766,0.004204537336853743,0.2203225329434234
931,0.5274092595640525,0.7659921650747908,0.2599376243713358,0.25986132341370727,0.44608656858577284,0.6576110263616305,0.10070017235434117,0.3534896763102751,0.6576110263959014
932,0.14825870601532237,0.23703792211038194,0.6789094063721911,0.6789067664352832,0.47530797205670694,0.19769625745839567,0.0033519614193283824,0.9601151722199254,0.19769625746252517
933,0.7485026958165041,0.5109274700588701,0.2989435543714301,0.2988805547278086,0.5332718533053763,0.6408210223322095,0.08144534008462319,0.4148053655307835,0.6408210223162423
934,0.5930282054196646,0.3658165154843091,0.5072071016297317,0.5071851541912614,0.5937462727709817,0.49269877989850475,0.7167419699266746,0.027870649817984167,0.49269877989586564
935,0.6323610232144671,0.6899446971042394,0.24913451880569074,0.24905389536474512,0.5114140661963565,0.6617794756321895,0.33550494096253825,0.10738848097733891,0.6617794756375369
936,0.23990425586794245,0.923702988884562,0.21125873027913364,0.21115985915114135,0.24832780713490912,0.6748263712896236,0.2622963299514826,0.14289636989743507,0.6748263712809325
937,0.9469766670270348,0.08529769535317332,0.21909010852691926,0.21899547853658843,0.6556784099335263,0.6723245141667636,0.1329458459297978,0.27979438401050355,0.6723245141868768
938,0.5842258472841048,0.7571398965923429,0.20671390323554867,0.2066124356432662,0.40807222653083675,0.6762324539929572,0.1499279518560912,0.25088034120982106,0.6762324539781844
939,0.20708529892256933,0.6900953729772903,0.49036102360164635,0.49033675057980464,0.35412101575270527,0.509468319708228,0.030853057580559687,0.6927713556973518,0.5094683196989328
940,0.7995680007832298,0.26446787557130114,0.381300589178414,0.3812579384176871,0.666077518344414,0.5955049307451031,0.5364597592239805,0.05439376478659625,0.595504930746974
941,0.8683937177448893,0.0,0.35077227232289765,0.3507229869255274,0.7006610386849395,0.6139837943347435,0.49201221235212905,0.06302208727816208,0.6139837943348082
942,0.2700599749876834,0.8995449337236454,0.2428239964378974,0.24274068937851662,0.2806694364642664,0.6641210222779173,0.3246464147449498,0.11176422021058247,0.664121022286222
943,0.07212275038783889,0.0025440996099183426,0.705263098162277,0.7052629288458402,0.5090315013555218,0.051030204616160126,0.9973924956407448,0.00021464667103334432,0.05103020461613428
944,0.4221077989801725,0.8018570389324632,0.2990718586408871,0.2990088989789571,0.3957022753374191,0.6407611496268577,0.08143311612285753,0.41499270583715586,0.6407611495942489
945,0.31437432397397685,0.0793661227322547,0.6689075511855965,0.6689039475588205,0.49057932013333394,0.2292707972072903,0.004571297903086517,0.9459645375638384,0.22927079721379184
946,0.21806007931346744,0.18177490323831388,0.6780159961840289,0.6780132707263827,0.48044236840112886,0.20073902664831525,0.003455387547181294,0.9588512640964747,0.20073902664350324
947,0.27213931495617566,0.12447675932825136,0.6747035780538387,0.6747005347823009,0.5412374024695095,0.21160608465519604,0.0038546234566574633,0.9541650128526947,0.21160608465429817
948,0.06990595928394372,0.03314981591105056,0.7049874186996822,0.704987224023821,0.5084433552193586,0.05470719074453989,0.00024687641458606035,0.9970026006052795,0.054707190744777506
949,0.8894223173525472,0.23477341788781822,0.2773519300611982,0.27728196937383365,0.623142075073126,0.6504577681815327,0.3814234366811231,0.09124442776884907,0.650457768163163
950,0.21247216286344048,0.006374708551860948,0.6909475432603869,0.6909460438858092,0.48854419900119905,0.1503081117232431,0.9771444710709678,0.0019041413953935979,0.15030811172781938
951,0.33801537548667554,0.23094332499607823,0.6451428026789594,0.6451368465107957,0.546845063107186,0.28947298097116103,0.9123341376554103,0.00756358664365018,0.28947298097285756
952,0.9425368263738176,0.16985187780614908,0.2034904553612211,0.2033870819687541,0.7110679290797814,0.677209468874554,0.24157281464165825,0.156260186103143,0.6772094688733671
953,0.020721179746087882,0.9592103801464139,0.1994094917919514,0.19930362244427657,0.13750712365476783,0.6784224055403463,0.1663654826313268,0.2276150380027225,0.6784224055297149
954,0.1535694305826987,0.7820123517281281,0.42714297179188043,0.4271088781428869,0.33746088253727874,0.5635276780553339,0.6024876637975195,0.043378878633291505,0.5635276780477485
955,0.1238177844774509,0.06272147552978712,0.700262827866305,0.7002621970827405,0.48938546219549967,0.09814486039741886,0.9903204197052081,0.0007994181396497029,0.09814486040088566
956,0.4887656602539539,0.8076081666083447,0.23336456688642726,0.23327699737850813,0.41148457230524044,0.6675038656843176,0.3077320756862654,0.1190720293681305,0.6675038656910296
957,0.10235139748098426,0.6473502846696584,0.5340793467204759,0.534060906431496,0.3957411041559614,0.46343187181836076,0.023418766207506176,0.7549260637712277,0.4634318718119512
958,0.641473123924124,0.7111662832694426,0.20346598864789237,0.20336259992017622,0.5040824109778363,0.6772168206747754,0.15631625929617557,0.2414953056736482,0.6772168206803341
959,0.22387099862732257,0.6974549496236438,0.4813849675895414,0.4813594106256787,0.3515960191216555,0.5179583143414161,0.6799890236788945,0.03245453582026218,0.517958314331871
960,0.01859147341849619,0.3906308474895591,0.6507952485852813,0.6507898604961025,0.45871226736598864,0.2765303797884343,0.0068427947415711865,0.9203342187845891,0.2765303797927927
961,0.10724092244598267,0.4099602735885834,0.6404842672406006,0.6404778389992343,0.4704866938890355,0.29963981808649937,0.9057402644963095,0.008156721278422976,0.2996398180903687
962,0.19196927250365498,0.3789768396435952,0.6401299202842713,0.6401234557372759,0.49226368039223,0.3003961106447461,0.9052384998400288,0.008222641640883672,0.3003961106295142
963,0.9072959715390548,0.028472036403298952,0.2966826154359741,0.296618928711785,0.7101193750544128,0.6418709515268988,0.08242780757224673,0.4113502397117204,0.6418709515267864
964,0.11231441639606014,0.12186559303842794,0.6973290143739287,0.69732811130435,0.5113880320416817,0.11718735191302389,0.9861708448595036,0.001146233876717678,0.11718735191396908
965,0.20776583644329502,0.9366097029691163,0.19954677228283807,0.19944098865728122,0.18060536422759332,0.6783820375553253,0.1660891909123546,0.22805701687773625,0.6783820375254461
966,0.1932177591990012,0.09297120279230707,0.6906610461563663,0.690659519809624,0.5269944047941425,0.15161917263052432,0.976739224957418,0.0019337556850405637,0.15161917263119057
967,0.2268676973005585,0.3879040358779411,0.6316924754467013,0.6316851457293862,0.45062221548427916,0.3177565838221948,0.009301184958104725,0.8932944614344772,0.31775658382872485
968,0.4803117472933798,0.007213334690843556,0.6201851233961824,0.6201765925385094,0.5949557742082353,0.3396699918931788,0.010837300070163806,0.8770012235691601,0.33966999189311614
969,0.6213027252036262,0.03593693788627191,0.5534930987289184,0.5534770544560974,0.632767069940784,0.440061666048013,0.7824816987513017,0.02034333476142637,0.44006166604822744
970,0.4426026698285703,0.6410827051847512,0.4433642243478386,0.44333283923264427,0.47772374581293386,0.5508557697946631,0.03991402904908357,0.6257177575062955,0.5508557697894308
971,0.7662395851795987,0.17469511258848403,0.43725669726330313,0.43722430906784415,0.6662988424492985,0.5557164224031645,0.041152698129652214,0.6169805273897351,0.55571642240439
972,0.0,0.16891912026908515,0.6969516807354408,0.6969507425051004,0.4926140619570288,0.11941109086092591,0.9856371380909161,0.0011894428592833211,0.11941109086277271
973,0.5266938632984607,0.09694316159930014,0.597163608119427,0.5971525960093171,0.6050743849467773,0.3786848308406546,0.8443934995171675,0.013971963213193194,0.3786848308399882
974,0.8461345511514454,0.4549692121830919,0.1963436533596881,0.19623584560066126,0.6428314425801837,0.6793160761686402,0.21243933238916712,0.17868650583432685,0.6793160761719127
975,0.8061416429860367,0.23044848851888142,0.3853967962596384,0.3853549727406434,0.6718167112572032,0.5928620642337271,0.5423883604260683,0.053329279551263584,0.5928620642353396
976,0.23372638087014583,0.9316291278599025,0.19682663970597156,0.19671914220634626,0.19167145674138036,0.6791762852927282,0.17593392571006225,0.21560705181554554,0.6791762852806553
977,0.2383709368967488,0.14743568368723733,0.6787656509875852,0.6787629974137028,0.5326418839934529,0.19818928374275277,0.0033663001002344124,0.9599118103462787,0.19818928374382797
978,0.0190759533322844,0.9609466754636432,0.19526900706566125,0.19516050860419512,0.13695029941659898,0.6796257759882475,0.20224720906838212,0.18791933286149015,0.6796257759777183
979,0.0,0.4584597680240826,0.6284691554745058,0.628461491882746,0.44500758732277707,0.3240853852262332,0.8887309923522968,0.00972365131150361,0.32408538523118113
980,0.23811123159601005,0.9289826794923512,0.2004200550833519,0.20031481251128896,0.1953398451120784,0.6781245377690986,0.16345307425036684,0.23146774096869474,0.6781245377394953
981,0.5624909761797237,0.7765848169792876,0.20070138721143196,0.20059631814125775,0.44987604562505734,0.6780413226017405,0.16262607120314526,0.23253535353887891,0.678041322608032
982,0.9127699296460385,0.2986573308281496,0.19710042015982374,0.19699309689130215,0.6301624520432421,0.6790968797302732,0.1749502546410549,0.21690381336213319,0.6790968797532522
983,0.0046172820854272385,0.039000947016728835,0.7065612774437623,0.7065612273929109,0.4991299466658737,0.027770426374405893,0.9992285038067489,6.338820539605423e-05,0.027770426374865032
984,0.44554653900282565,0.051387188101330014,0.6320035058449884,0.6319962081225547,0.5052366201839757,0.31713747927734476,0.8937347955342588,0.009260331148545051,0.31713747926722524
985,0.2662088806600965,0.9232550670287093,0.19592760219904717,0.1958195285461848,0.20832780060815523,0.6794361953033526,0.20906048884562708,0.18173228955566928,0.679436195273841
986,0.6354051572627644,0.32625055263990205,0.49489608220432096,0.4948724457271078,0.6121041510780518,0.5050639218339198,0.6992281757385967,0.030013796400814648,0.5050639218362554
987,0.633584222353657,0.7101712873186216,0.21710517171917748,0.21700949349165008,0.4426904812431124,0.672968135994143,0.13520279085221887,0.2755866128796667,0.6729681360093104
988,0.49656302164111643,0.8230180515277152,0.19507539607826152,0.1949667721512353,0.40410553957802386,0.67968137667312,0.19782368367425335,0.1921776328705068,0.6796813766799599
989,0.02396745895354108,0.9606339638001895,0.19576809225561956,0.19565991556633286,0.137348272272877,0.679482174703946,0.20791888302921083,0.18269561183759903,0.6794821747145028
990,0.3660428358550629,0.17769081721301175,0.6459280949966398,0.6459222181434591,0.5587554687003722,0.2877163396488882,0.9134456561585715,0.00745982857655985,0.28771633965016685
991,0.8490487478542963,0.2237667186230959,0.33843761043224974,0.33838537682443526,0.6838200592507687,0.620868472622968,0.4738785880554081,0.06696090789646772,0.6208684726245323
992,0.7747046316769483,0.4903516611361629,0.2823353794550882,0.2822671061966549,0.5474374375246391,0.6483101164943319,0.38920733039089533,0.08891366431924179,0.648310116470823
993,0.3306814432513667,0.09296894621820186,0.6640828144375973,0.664078740584963,0.49117482028119813,0.24289240609339227,0.9391378060270099,0.005171017215747813,0.24289240608527152
994,0.0,0.9378948757233534,0.24546408136861186,0.24538191303158882,0.1723882229081425,0.6631497197196176,0.10992585018598079,0.329213009989077,0.6631497197093748
995,0.817223657849153,0.5008619738016621,0.20164933063598847,0.20154484291394875,0.5649176445656936,0.6777599957846934,0.23563829999930544,0.16049102100923857,0.6777599957675129
996,0.6996696824274087,0.6591261837323963,0.1950094792847746,0.19490081250886798,0.5418105808116319,0.6797002928738866,0.19770028736991996,0.19217080970164782,0.6797002928788659
997,0.6587097021694,0.6995562461699872,0.19591443525932875,0.19580635367750784,0.4562387552880837,0.6794399921609942,0.18238290353656028,0.20846839228294725,0.6794399921764903
998,0.43062571656370335,0.79399712290793,0.3034530229933809,0.3033913708134794,0.339716569224471,0.6386978702546182,0.07957283973460928,0.42166126716177493,0.638697870267538
999,0.9469779127976006,0.09770547395913827,0.21648098458920648,0.21638497254478847,0.7169570487303593,0.6731691938016622,0.13608898269202974,0.27416466187634314,0.6731691938023459
1000,0.10802685720702536,0.5539505395174149,0.5837309330671002,0.5837184215621022,0.4313245195290691,0.39908082020147545,0.8253587375752433,0.015873002190530526,0.39908082020685975
