traj,F_phi_plus,F_phi_minus,F_psi_plus,F_psi_minus,F_plusplus,F_ee,F_eg,F_ge,F_gg
1,0.009493592407133065,0.006654162427883562,0.7066175572222495,0.7075006866787187,0.5014339898412511,0.0020066977884874247,0.7070592598340769,0.707059259827976,0.011418377222491451
2,0.2119165141665211,0.21181801143135906,0.6761767402311201,0.6730598322707098,0.44477254987339554,0.29962555513204764,0.6746200863528728,0.6746200863709162,6.975638616380811e-05
3,0.03263499673297524,0.03192620079888932,0.7054528558180518,0.7072849092897001,0.5045428841944427,0.045651658300760754,0.7063694765068725,0.7063694765136667,0.0005014016382983715
4,0.008031180587573187,0.004318266796758408,0.7079826076814172,0.7061709990726182,0.4987382525519193,0.008732425138739031,0.7070773835605397,0.7070773835781915,0.0026252696240664144
5,0.7061218203670823,0.706121735234306,0.037420134918946274,0.03719960717561327,0.48954444825450505,0.9986069911274527,0.03731003398183043,0.037310033980777084,6.402548345261057e-08
6,0.027301157124753745,0.02644923273173917,0.7068685938975001,0.7063227844842824,0.49434460118471324,0.0380072908846689,0.7065957418838115,0.7065957419005052,0.0006007656308977018
7,0.060078388440386155,0.059698289675718504,0.7058141201535221,0.7033158104607727,0.5156354426489628,0.08469490380853793,0.7045660726493785,0.7045660726458627,0.00026798631015978507
8,0.7070323304886473,0.7070323289274582,0.010236976603770412,0.01028500145932952,0.49883597120849404,4.832939238520896e-09,0.010261017127957546,0.01026101712815621,0.9998947059840839
9,0.7036733092880754,0.703672998880705,0.06965950886625498,0.06953951884156447,0.5155059948621865,0.9951441142587071,0.06959953971163116,0.06959953971207881,2.2379573935552194e-07
10,0.010836041366132202,0.00846003539585419,0.7088347225593101,0.7052406285112042,0.5041693605322997,0.0016799403920922848,0.707039959268597,0.7070399592710964,0.013644405141546145
11,0.6105371203193259,0.610527562679915,0.35687609986489355,0.3565669211600092,0.5625785817468157,0.8634231176160752,0.35672154401024275,0.35672154400772355,6.76980541505818e-06
12,0.7070754842279909,0.7070754813575688,0.006645919077338544,0.006659956931793738,0.5011203301645542,0.9999557373870536,0.006652941707059474,0.006652941707120877,2.0240137495923016e-09
13,0.1806758986860155,0.18055724774689613,0.6829226934844463,0.6843770120657783,0.5281028362187516,0.25543040739165057,0.683650239490736,0.6836502394970642,8.402183526671257e-05
14,0.030687500758255184,0.029932497810935467,0.7044834974443214,0.7084245370643815,0.49597267153243596,0.04286486727636485,0.7064567654386019,0.7064567654515703,0.0005294025681981511
15,0.036847943081045144,0.0362220433279454,0.7078088930935845,0.704511719968937,0.5107759014138822,0.0004469328252847891,0.7061622309044917,0.7061622309072804,0.051668244939085575
16,0.6300163176131939,0.6300088146178741,0.321987562322086,0.32014425304035693,0.41402200125567035,0.8909723154658262,0.3210672305379833,0.32106723052899194,5.345282745735866e-06
17,0.7070908157910748,0.707090819595179,0.004737709810325237,0.004765776358215121,0.5003394946607387,0.9999774204858116,0.004751763806356121,0.004751763806417379,1.042385384501706e-09
18,0.7070319176984805,0.7070319108308458,0.010297269532282577,0.010281569076314091,0.4976787937008649,0.9998941221836982,0.010289422299055814,0.01028942229880698,4.767329168634431e-09
19,0.7071061710522047,0.707106170996243,0.0009288997626553664,0.0009289478760219707,0.500187702431725,3.921549070349295e-11,0.0009289238196465805,0.0009289238196537619,0.9999991371001669
20,0.707104856981862,0.7071048515365369,0.0016540580817285694,0.0016497601565781098,0.5003936239032716,1.2527219750204447e-10,0.0016519105169367915,0.0016519105169463168,0.9999972711879206
21,0.7070969870261161,0.7070969861278708,0.0037092250004152703,0.0037342733383888167,0.500042711906244,6.309629744318193e-10,0.0037217702420416277,0.0037217702420972516,0.9999861483303306
22,0.7070217728290648,0.7070217650315759,0.010987819201990306,0.010940948152064851,0.5028342957108579,5.471601922762844e-09,0.010964408722836773,0.010964408722789348,0.9998797745142758
23,0.021565298704446793,0.020475505645617276,0.7062478669654604,0.7073398348557965,0.49576348939959847,0.0007707199081297616,0.7067940618053532,0.7067940617773886,0.029727334622143917
24,0.11899072711511444,0.1188033246643106,0.696169826966107,0.6979072638476378,0.4801571419225928,0.1681457865471598,0.6970390867407282,0.6970390867555188,0.00013250326113415064
25,0.007508651966785387,0.0032444261983278345,0.7094591052951926,0.7046991356310077,0.4995454259393417,0.003017490759527131,0.7070831258823439,0.7070831259037358,0.00760269058741061
26,0.015762001467321134,0.014233940575731302,0.7048894276596945,0.7089991883086575,0.49735380673056173,0.021210363213068628,0.7069472944522589,0.7069472944395351,0.0010799276016897166
27,0.7070525645501424,0.7070525648455672,0.008768269526305219,0.00874450729825849,0.49789493506393767,3.532113971696602e-09,0.008756396472618735,0.008756396472838523,0.9999233225810965
28,0.019842227169138204,0.018651855549368494,0.706764284122518,0.7069247774696099,0.4959931984735675,0.0008400925063137862,0.7068445353430926,0.7068445353592832,0.02721947708728975
29,0.7029866245578531,0.7029862455641501,0.07614380743204549,0.0763037668148082,0.487064564762932,0.9941729506275817,0.0762238290829292,0.07622382908456812,2.6811852649585954e-07
30,0.7068531302063976,0.7068531016702821,0.018948369868583333,0.018929123163849378,0.49585833878973173,1.633263755243565e-08,0.018938748960949426,0.01893874896140062,0.999641259440392
31,0.0073619060139094765,0.002888684531020292,0.7050950585508892,0.709068696424755,0.49922025671330644,0.0031557427142316803,0.7070846688445064,0.7070846688533406,0.007251444376255498
32,0.0442722540852777,0.043753331693828265,0.7039380552570155,0.7075286763613875,0.4942352164408474,0.00036699637789698694,0.7057356493516368,0.7057356493382987,0.06224348802040773
33,0.6986900127635574,0.6986892360552288,0.10844290123330108,0.10911349438599853,0.49336984737370587,0.98809634272913,0.10877871456639075,0.1087787145644888,5.451856665991355e-07
34,0.7070839737133053,0.7070839716214639,0.005689186204647972,0.005669599117141392,0.501413398395071,0.9999677438828624,0.005679401104866482,0.005679401104895537,1.4680060728606969e-09
35,0.7068624157094842,0.7068623880218166,0.018572904273782588,0.01860495450917979,0.5032531766976196,0.9996543917247337,0.018588936299018415,0.018588936298851975,1.5861078225348388e-08
36,0.007747331666624742,0.0037641824117615966,0.7094596401999597,0.7046934288831261,0.4994762032374348,0.008141322967845744,0.7070805504867842,0.7070805505082292,0.0028123080579874533
37,0.00682568215137382,0.0008577244042461352,0.7084822731293166,0.7056950779439582,0.5027315984312384,0.005431143185380079,0.7070900488509804,0.7070900488542682,0.004222358449732397
38,0.010102142117554277,0.007496993857594565,0.7061860432243063,0.7079145528690618,0.5010440404296268,0.0018368748311540378,0.7070508262491101,0.7070508262558335,0.012445243358246658
39,0.007844826839921224,0.003961049709212672,0.7092233020886447,0.7049291287438322,0.49933464611709205,0.002729460400990725,0.7070794753086677,0.7070794752885131,0.008353518352564133
40,0.7071066933627221,0.7071066933546659,0.00035194685379279754,0.0003529136972761851,0.5000550308574532,0.9999998757926587,0.0003524306070861392,0.0003524306070827151,5.800342657138451e-12
41,0.7071044651653,0.7071044702212185,0.00180413538426037,0.001815511645593297,0.4999019222211789,1.503702531653096e-10,0.0018098324535592025,0.0018098324535904076,0.9999967245011252
42,0.007916688037565525,0.0041013726656730295,0.7089926768572471,0.705159477675494,0.5035096981705949,0.008497159081128728,0.7070786748290276,0.7070786748267883,0.0027006471033540467
43,0.7069350211932941,0.7069350107060204,0.015562618778872777,0.015607011052895966,0.497586853108493,0.9997570835471555,0.015584830722082181,0.015584830721755823,1.0945906164244393e-08
44,0.7071067832628343,0.7071067832625415,6.736683308134552e-05,6.701238700171144e-05,0.5000181704783052,0.9999999954855254,6.718984376766767e-05,6.71898437678897e-05,2.0878578569233301e-13
45,0.10960625683990947,0.10940189666238408,0.6962541638282734,0.7008907425724669,0.5015093064727346,0.00014447947592059602,0.6985762999336376,0.6985762999436934,0.15486214984200403
46,0.7070454842297648,0.7070454786080437,0.00933842424556053,0.00928268510869343,0.5025836657808658,4.011408136050602e-09,0.009310596388460999,0.009310596388438742,0.9999133090372287
47,0.00842651103289057,0.005015441870981129,0.7067268700571682,0.7074185256224588,0.4981846897823216,0.0024049622188383295,0.7070727824037237,0.7070727824195411,0.009506676710321934
48,0.027762343109439192,0.026925080392886623,0.7055120331249896,0.7076419034135449,0.5034394964159652,0.0005926083864499149,0.7065777707941439,0.7065777707871087,0.03866983920822459
49,0.02922118705376166,0.028427052018712717,0.704917799175986,0.7081164603077829,0.5022915977455906,0.04076347098120694,0.7065189399239963,0.7065189399319827,0.0005607848361447581
50,0.20569198505246852,0.2055899319409301,0.6745075820988605,0.6785743208086185,0.5119045273931708,7.242162373745446e-05,0.6765440071265915,0.6765440071353997,0.2908202324210089
51,0.7071066747044485,0.7071066746946831,0.00038936331562826397,0.00038676459653743067,0.4998888086189108,0.9999998494046665,0.0003880661314018008,0.00038806613141401173,6.830291928781953e-12
52,0.01087455562550607,0.0085092970092486,0.7081349679094656,0.7059420678282418,0.5034366902601408,0.013706689276876278,0.7070393680379891,0.707039368034196,0.0016705577841128732
53,0.014288247513263852,0.012582272853616492,0.7091331344184288,0.7048175154341135,0.49753097669295065,0.019000561757377465,0.7069786179303311,0.7069786179101469,0.0012026055326790758
54,0.7070890279090438,0.7070890262805881,0.005001069178442268,0.005020441343688974,0.5006630107673128,1.1597029527663583e-09,0.005010764622965398,0.00501076462291188,0.9999748919226858
55,0.7071056927360774,0.7071056926357553,0.001245816306997705,0.0012416058967412956,0.49969098625192754,7.176847742643194e-11,0.0012437128835717773,0.001243712883603661,0.9999984531770643
56,0.7071037284238185,0.7071037334121754,0.0020708350721000304,0.002084834849542581,0.5000324571856561,1.9774215320834436e-10,0.0020778467515477446,0.002077846751516884,0.9999956825435569
57,0.010297655139622955,0.007758410759424903,0.7065060617437543,0.7075895350275009,0.5014594609170311,0.012767314498166697,0.7070480059204916,0.7070480059267272,0.0017973089304473163
58,0.5967603442732144,0.5967492935825278,0.3802109222846231,0.37842705106124963,0.578656116692631,0.8439387546142973,0.37932003532525554,0.37932003532674663,7.786201814526365e-06
59,0.007665211212668192,0.0035919613080729776,0.7088995412544268,0.7052586637257893,0.49923229002602665,0.002884639042206515,0.707081445918265,0.7070814459375657,0.007958423623412203
60,0.01018015574330702,0.007601783886853611,0.7086131098115759,0.7054828402689426,0.49845762762542,0.0018272240061496577,0.7070497073534954,0.7070497073347134,0.012573143666234176
61,0.015227570753874483,0.013639765554677238,0.709348864867869,0.7045610447613553,0.506034232372399,0.001117317688082597,0.7069590079645637,0.7069590079646112,0.02041258721070681
62,0.057361287681815414,0.05696280210777411,0.7064966897131416,0.7030841694483903,0.4858171336903126,0.08083933567111182,0.7047924949507295,0.7047924949697507,0.00028267240401679895
63,0.7071049947072465,0.7071049945433728,0.0015883155174225702,0.001590724898882827,0.5002832773427769,1.170488430200851e-10,0.0015895206646746784,0.0015895206646606636,0.9999974734208676
64,0.7071041861880266,0.7071041912183692,0.0019092859952592521,0.0019221639696910837,0.5000298244548348,0.9999963299495966,0.0019157358035726969,0.0019157358035442609,1.7044455145436496e-10
65,0.025068898095024782,0.024138095575218465,0.7081285271368659,0.7052254191003521,0.49457367643654976,0.0006616307096367979,0.7066784638943184,0.7066784639128755,0.034794533399676225
66,0.7066659342597442,0.7066658938166254,0.024947420769472716,0.024983956254027183,0.5044559971422138,2.8454993169942622e-08,0.024965695195239255,0.02496569519502052,0.999376519699581
67,0.010886185195929784,0.008524177204564026,0.7068321401752072,0.707246177077125,0.5019744290088396,0.013725106049221654,0.7070391889304106,0.7070391889361575,0.001670954539330449
68,0.707106299797683,0.7071062997535271,0.0008266231476442938,0.0008236075974346356,0.500207518034064,3.1236601819155955e-11,0.0008251167501572335,0.0008251167501532002,0.9999993191821164
69,0.012750189801974909,0.010803897351906344,0.7066724288617456,0.7073434715542686,0.502166805378423,0.016655266034608478,0.707008029824334,0.7070080298184155,0.0013760993839906437
70,0.12375706279199357,0.12357732719945605,0.6951312770746011,0.6972842614343053,0.5172225307589208,0.1748918242222496,0.6962086014987408,0.696208601505697,0.00012731408647966916
71,0.707104696487424,0.7071046962957287,0.001719671282727683,0.0017188117260138129,0.49963832745984543,0.9999970442040966,0.0017192415581091989,0.0017192415580688809,1.3516983753709945e-10
72,0.43545563702250506,0.43542295022756444,0.5588583040521378,0.5553941290582818,0.39310605534356774,0.6158041546339132,0.5571289090428687,0.5571289090588839,2.313359777892762e-05
73,0.007118834067555309,0.002196369496256341,0.7077848376679029,0.7063887893575129,0.4988609266889993,0.0034793295001100772,0.7070871580383659,0.7070871580645345,0.0065875719104337045
74,0.07128058392873975,0.07096144564878447,0.7011397266418222,0.7058942097161803,0.49926270119113775,0.10058030129912428,0.7035209846198562,0.7035209846093494,0.00022672530711389288
75,0.02673342819149949,0.025862787356272933,0.7087606194582963,0.7044677596259334,0.4940173622948028,0.0006145383459127255,0.7066174495506062,0.7066174495707608,0.037191158832809365
76,0.7069717066378185,0.7069716889777756,0.013831674685298419,0.013810475084226259,0.4968904329090011,8.958277729738487e-09,0.013821078949248316,0.01382107894958294,0.9998089595284299
77,0.7071007459807251,0.7071007454266605,0.002914003391629885,0.002931609767947518,0.5001994287386043,3.934592207062691e-10,0.002922819836919362,0.0029228198368812354,0.9999914570877111
78,0.00782368007158457,0.003918778438255426,0.705933887950222,0.7082236786843343,0.49804828241361854,0.008306268029910914,0.7070797102113235,0.7070797102259115,0.002751854960917282
79,0.7067072392716086,0.7067071973438714,0.02383469950475453,0.023700838157378,0.5064862464827267,2.5775111565952617e-08,0.023767863070198656,0.023767863070130187,0.9994349290324795
80,0.7070756787232869,0.707075675871127,0.006620153956976873,0.0066442991329337215,0.500912681315532,2.0100558802659243e-09,0.006632237532797767,0.006632237532728225,0.9999560124578523
81,0.7071041512057105,0.7071041509645498,0.0019319345456448999,0.0019252701800018459,0.5004811317505747,1.691042256073108e-10,0.0019286052414501645,0.0019286052414404203,0.9999962804749053
82,0.7070485419212891,0.707048536579263,0.009094031819613537,0.009056758435719783,0.5023213950702352,3.845221952598556e-09,0.009075414263227471,0.009075414263268229,0.9999176334638262
83,0.7066944983229756,0.7066944604935248,0.024086655385018408,0.024200691573561323,0.5026715340203909,2.7012629564990037e-08,0.024143740806766723,0.024143740806489497,0.999416909782761
84,0.7071065608824632,0.7071065555934184,0.0005664734004323152,0.0005631627221619198,0.500156500773586,0.9999996809777666,0.0005648204869817102,0.0005648204869831808,1.463255043133268e-11
85,0.7071066587955315,0.7071066640526644,0.0004173955539555214,0.0004146936984252679,0.5001180515883796,0.9999998269050295,0.00041604681946623564,0.00041604681946566215,7.99514215535678e-12
86,0.07318930790065953,0.07287872463887927,0.7051532980279519,0.7014918695756444,0.520517777862064,0.10328569544627308,0.7033249664286779,0.7033249664262814,0.00021980843938761139
87,0.7067835081222016,0.7067834784637845,0.021376883481614765,0.021382611386825505,0.5042290834920947,2.074784267242759e-08,0.021379747625958043,0.02137974762612683,0.9995428018763844
88,0.7065870818533205,0.7065870341752554,0.027087459487751823,0.027124314404604534,0.504888095294031,0.9992650004411111,0.027105893210086062,0.02710589320985096,3.379717850592338e-08
89,0.07196624473457242,0.0716502185060041,0.7013447369682122,0.7055513204110637,0.5033793451094862,0.0002253402072628641,0.703451173072415,0.7034511730815791,0.10155217090217962
90,0.008754421825351175,0.00554875548025358,0.7090338771973814,0.7050982430821718,0.5037809619310488,0.010113124736379176,0.7070687984235084,0.7070687984256223,0.0022700874305331994
91,0.13969164519038582,0.13953382206068213,0.69132397313927,0.6950451215051262,0.5112846350162746,0.19744222151826954,0.6931870443021996,0.6931870442937623,0.00011134087002537468
92,0.06788517204237395,0.06754968947635026,0.7015799837535984,0.706126170987967,0.5013569538631806,0.09576690861438426,0.7038567478344071,0.7038567478441897,0.00023718475376723421
93,0.7042540171135746,0.704253754927794,0.06328986101502643,0.06361867951501471,0.5061648802135523,0.9959653895138272,0.06345448325547727,0.06345448325623551,1.85637367034073e-07
94,0.009934078085850668,0.00726884761520007,0.7069793931943312,0.7071270151433198,0.49796959212177505,0.01216390629929395,0.707053208029587,0.7070532080133685,0.0018871768891058536
95,0.028466371283055424,0.02765050190827298,0.7041842175756727,0.7089074009823326,0.49899358669354343,0.0005765215765140341,0.7065497560100018,0.7065497560203353,0.03968062717090022
96,0.6919497231342798,0.6919483176296072,0.14589415420936183,0.14535474588562458,0.5347726916827871,9.94718684786328e-07,0.14562469980080026,0.14562469980009013,0.978563689094921
97,0.011057508445226802,0.008741928875629676,0.7052356164019292,0.7088328685555566,0.4976157965939129,0.014000997642754788,0.7070365302329158,0.7070365302462862,0.0016315264295759812
98,0.707105746114361,0.7071057460194213,0.0012058443961660077,0.0012139594986330597,0.49998252265439325,0.9999985361197435,0.0012099087511322788,0.0012099087511130433,6.734531963674864e-11
99,0.7069210895313792,0.7069210724954238,0.016165511542280415,0.016243357850592603,0.4982146610385098,0.9997373802966021,0.016204481443355345,0.016204481443044146,1.2004047370317527e-08
100,0.7064837070395396,0.7064836498729093,0.02968139823857137,0.029675558099485123,0.49383489999117347,4.012244539959756e-08,0.029678478313025985,0.02967847831233656,0.9991187996680256
101,0.009050503326385764,0.00600493392586374,0.7066377715897268,0.7074921122685813,0.5013712056595789,0.010648325649897365,0.7070650709687609,0.7070650709627052,0.002141028089168181
102,0.00850912788876747,0.005153037778854091,0.7093432402455054,0.7047930252650233,0.5040135110508458,0.009660838351116998,0.7070717930117704,0.7070717930106795,0.0023721842532326387
103,0.012848244707335773,0.010919450427091403,0.7066092010405005,0.7074030853871067,0.4973365899576014,0.01680621185419888,0.7070062546514488,0.7070062546357168,0.0013649295956471579
104,0.7061021113927721,0.7061020191998043,0.037806481432777525,0.03755571341739544,0.48915400609151805,0.9985791097110832,0.037681306032972255,0.037681306031850555,6.543778205311415e-08
105,0.16331083617493283,0.1631778690626535,0.6856969282671934,0.6903059295710496,0.5018109401328631,0.23086237744231985,0.6880052884324876,0.6880052884425711,9.405139078917359e-05
106,0.7071027249063815,0.7071027245339369,0.002394476992259612,0.002398909680639679,0.5004143933176475,2.609761170969298e-10,0.0023966943612433547,0.002396694361221664,0.999994255839638
107,0.5349461203869551,0.5349277944020228,0.46089271386127323,0.46396423892915206,0.48939615929843705,0.7565150964375353,0.46243102658802326,0.4624310265804663,1.2907136813657041e-05
108,0.7070949767646877,0.707094970413226,0.004073009403911792,0.004100572559643807,0.4999638811477069,0.9999832978100581,0.004086814219033117,0.004086814218968902,7.51111012293631e-10
109,0.011050281017190957,0.008732789704014947,0.7079334392148295,0.7061387082683446,0.5032716551003837,0.013989993798743763,0.7070366432085512,0.7070366432044434,0.0016280049399652946
110,0.31992748992682446,0.3198704844369118,0.6302135023585287,0.6309993786211147,0.549514749803155,0.4524054862819261,0.6306065629092346,0.6306065629146577,4.008487295280103e-05
111,0.014751039929669276,0.013105518997826153,0.7076502352611767,0.7062873329821461,0.5038657721611185,0.0011665401083945915,0.7069691125466288,0.7069691125510817,0.01969738530744861
112,0.041030277085938816,0.04046947839500387,0.7036612888065182,0.708194555412441,0.49650249645744443,0.0003977983955682545,0.7059315610113199,0.7059315610233027,0.057629021124335315
113,0.7070823248382684,0.7070823173261231,0.005895271322700989,0.0058681898728237016,0.4984490131609393,0.9999654044633985,0.005881746184143093,0.005881746184347766,1.578892838728793e-09
114,0.10322398420479457,0.10300635812788075,0.697554505833247,0.7015356089763807,0.5068134741377125,0.14582687377768194,0.6995478894463941,0.6995478894551984,0.00015366882876202432
115,0.007537675287800126,0.003311062337025093,0.7047578857413812,0.709400128843232,0.49863505080815557,0.0029901759600704575,0.7070828170388829,0.7070828170489042,0.007670627762562562
116,0.006956305527458607,0.0015925626960080637,0.7058065935745004,0.7083686370981013,0.4981409099799118,0.006043667611115756,0.7070887757480556,0.7070887757336967,0.0037948022792258906
117,0.7071010806726583,0.7071010801497623,0.0028471781643337893,0.002831561247574934,0.500775423548555,0.9999919378862022,0.0028393804428236014,0.002839380442832221,3.726933303457029e-10
118,0.7064643199054871,0.7064642609484968,0.030070382411636995,0.030202397331893102,0.5036035156052983,4.2227607098525016e-08,0.03013646215927971,0.030136462159615456,0.9990913808541373
119,0.7070784625872457,0.7070784599899598,0.006313740050331317,0.006343173500646009,0.5007113638811346,1.870268389506039e-09,0.006328473887256295,0.006328473887184072,0.9999599496162417
120,0.7070940502207494,0.7070940490528735,0.00425492126521184,0.004231498724469605,0.5011594942339771,0.9999819948696935,0.0042432261563715495,0.0042432261563843336,8.273154732247621e-10
121,0.7071014125023035,0.707101412009755,0.0027498267912515976,0.0027611634644413192,0.5003476772702934,3.5341994147793425e-10,0.0027555009580306775,0.002755500958000681,0.9999924071856459
122,0.7071056834928474,0.7071056833921773,0.0012495500346075114,0.0012423813029036562,0.5003435906196327,7.157293734002165e-11,0.0012459708244545213,0.001245970824457917,0.9999984475554976
123,0.09912558173227343,0.09889856132611616,0.7015305092798357,0.6987475497975462,0.5254534555491782,0.00015962777883445122,0.7001404122541068,0.7001404122939552,0.14002421476471
124,0.707100650879996,0.7071006555861901,0.0029426837810815065,0.0029462615882919286,0.5005408190053765,0.999991330039825,0.0029444732281202245,0.002944473228094951,3.892059282793532e-10
125,0.7070652799635696,0.7070652761569026,0.007638404223865601,0.007683742845356428,0.5005739819698077,2.647395975154505e-09,0.007661107074119227,0.007661107074020982,0.9999413057158897
126,0.0077089127886899615,0.0036850362189934077,0.70485635698572,0.7092986036843122,0.49801366755832566,0.008058272661514983,0.7070809688976362,0.7070809689098386,0.00284096287050731
127,0.009141288230455279,0.006141023696449275,0.7088431462294891,0.7052801703726868,0.5037088493594324,0.010807566747770152,0.7070639025862704,0.7070639025837201,0.002114668660831915
128,0.7071066995530022,0.7071066995455145,0.00033885368639406384,0.00034070998142585234,0.5000304855769089,0.9999998845474387,0.0003397831015686397,0.00033978310157282217,5.336765991323423e-12
129,0.01474513897606539,0.013098842475844764,0.705683710141884,0.7082524284764251,0.4970608204328704,0.019688642107114858,0.7069692359579977,0.7069692359723537,0.0011645469541507042
130,0.03243106582377838,0.03171769515791796,0.7044786719712225,0.7082739685468238,0.49566567702372266,0.0005039776174483939,0.7063788692213444,0.706378869234478,0.04536002891487141
131,0.7070911128627555,0.7070911114256743,0.004694447278208629,0.004720213773314705,0.4995899945939933,0.9999778406278239,0.004707348155574499,0.004707348155371518,1.00742208137632e-09
132,0.7070773211254819,0.7070773184235023,0.0064720999124745155,0.006437363097960329,0.4982425625880224,1.9111396556482555e-09,0.006454754872562378,0.006454754872740428,0.9999583352715048
133,0.09076497557002026,0.09051617439006256,0.7002751361731285,0.7022700869617479,0.48519914658437296,0.00017582528465349357,0.7012733209468489,0.7012733209753048,0.12818513058037534
134,0.02886344162246503,0.028059156397258554,0.7048237751410124,0.7082393885374797,0.49565162792371215,0.04025033468819766,0.7065336458587183,0.7065336458722679,0.000570155686927389
135,0.707105356459368,0.707105356328665,0.0014217916751592958,0.0014171895479314807,0.500350003247029,0.9999979850390793,0.0014194924766161166,0.0014194924766087198,9.260972869455037e-11
136,0.018464173631374564,0.01717843557132219,0.7090665683190625,0.7046904124050897,0.4963726255587565,0.000910018548655163,0.706881876841785,0.7068818768620844,0.025203099468293955
137,0.01911488943098527,0.017876078506764485,0.7046344606165943,0.7090876840963367,0.49740140151782924,0.02615657304064768,0.70686457925417,0.7068645792663336,0.0008757061231144374
138,0.11065981734618428,0.1104574948141733,0.6991074751571885,0.6977121790850827,0.47464005279076066,0.00014360113224406318,0.6984101755731525,0.698410175556021,0.15635355037359663
139,0.7070916291727498,0.7070916330512638,0.004624806692027108,0.004633469132292577,0.500799804552519,0.9999785708338235,0.004629139938418106,0.004629139938376164,9.798247947998308e-10
140,0.006822402276315861,0.0008319685073628071,0.7049538856101092,0.709219840260258,0.4989578801126699,0.004246913254738611,0.7070900800614068,0.7070900800706587,0.005403801645494481
141,0.007627751432169363,0.003511366607152611,0.7069182106744453,0.7072454532405786,0.5013873985733455,0.0029119553939198524,0.707081850891627,0.7070818508859511,0.007876090600330173
142,0.007204321268039403,0.0024593880030379174,0.7091373482291611,0.7050292692593186,0.5034448569813453,0.006831509360543809,0.7070862921748466,0.707086292176735,0.003358766743640889
143,0.7067581372027445,0.706758105217239,0.02227231389375481,0.02213278656797209,0.5062104220147463,0.9995069203324984,0.022202659834434306,0.02220265983439253,2.2715621897635855e-08
144,0.01566008926838404,0.014120995752753298,0.7093157040857752,0.7045754686478589,0.49719742494350627,0.02105851078295634,0.7069495593933797,0.7069495594146415,0.0010862967122960926
145,0.14186397476781631,0.14170876190988613,0.693329197983793,0.6921617315947309,0.5309545947151795,0.00011012644887219231,0.6927457107246717,0.6927457107291504,0.20051620485916266
146,0.7070319329866448,0.7070319261210384,0.01031987404324273,0.010256772517564171,0.5028642400479764,0.9998941438058617,0.010288371657968984,0.010288371657991142,4.9629333081322795e-09
147,0.7071067814004086,0.7071067813999449,8.429458537739717e-05,8.480183191638503e-05,0.4999943291231605,0.999999992851537,8.454858904965593e-05,8.454858904815931e-05,3.289985585906144e-13
148,0.7071050333013704,0.7071050278721975,0.0015693665331158518,0.0015798661249768846,0.5000341915621342,0.999997520552782,0.0015746250804852288,0.0015746250804621507,1.1313868050735685e-10
149,0.7071067193272057,0.7071067193215318,0.00029627183710215167,0.0002952891003187404,0.5000731614636486,4.028800423136122e-12,0.0002957808768563667,0.0002957808768548331,0.999999912513668
150,0.013990842356546759,0.012243461509345686,0.7049148617867788,0.7090482293980837,0.4996020421275341,0.0012330695054401115,0.7069845663072281,0.7069845662981703,0.018550621530593687
151,0.6250188487314022,0.6250108248759485,0.33021281419897613,0.33116824252509663,0.4528877476277861,5.736919384372225e-06,0.33069087341034337,0.33069087341726433,0.8839044588917567
152,0.707106780158897,0.7071067801588029,3.8226078652719906e-05,3.802017827838844e-05,0.5000103710129957,0.9999999985466164,3.812326747194686e-05,3.81232674720671e-05,6.669301903312728e-14
153,0.01674379438095503,0.015314101950441344,0.7064595724218501,0.7073895646422195,0.5027240264289218,0.0010117137344754369,0.7069247214599802,0.7069247214660851,0.022668321599529303
154,0.7071062309912662,0.7071062309403089,0.0008857187296577993,0.0008869397928835939,0.4998396554573282,3.6634457435578565e-11,0.0008863294715376333,0.000886329471557185,0.9999992144197586
155,0.013818258007917361,0.012045899701938492,0.7092828130383374,0.7046856342898012,0.5055344527554094,0.0012530232604582607,0.7069879603093001,0.7069879603102819,0.018288736607849236
156,0.12003337149222289,0.11984770953103024,0.6960605288383648,0.6976591264112249,0.5186300054253248,0.16962153840616995,0.696860286019558,0.6968602860260855,0.00013129019254583526
157,0.7071060972022583,0.7071060971395311,0.000985545126817034,0.000981523456896517,0.5002527809054484,4.42041564657054e-11,0.0009835363474275192,0.0009835363474319735,0.9999990326557872
158,0.7071026185618878,0.7071026181801452,0.00243449344320971,0.002418145441636174,0.5006966263326604,0.9999941128898187,0.0024263332110344977,0.002426333211034277,2.6502753383882303e-10
159,0.6992271518104183,0.6992264250506256,0.10555631605323552,0.10498409795431361,0.5276588189867912,5.12520647320998e-07,0.10527059580419966,0.10527059580452792,0.9888560073730278
160,0.006848892507937052,0.001026508982565733,0.709400113705454,0.7047719614353327,0.5035823984653531,0.004101823266920309,0.7070898241920786,0.7070898241911935,0.0055799726848359795
161,0.020792925238837582,0.019660283013189565,0.70443795757947,0.7091884738674381,0.4979472919944219,0.028604728419921052,0.7068172067660592,0.7068172067547505,0.0008012283376424358
162,0.009224871677004897,0.006264793765794844,0.7088642446179396,0.7052567878467022,0.5037508848086115,0.0020947642625967983,0.7070628169045847,0.7070628169070726,0.010952527610980783
163,0.008802906248444839,0.005624946733501841,0.7073342536361659,0.7068020390808152,0.5020762450749969,0.01020213590069228,0.7070681964361686,0.7070681964311039,0.002246688059666486
164,0.017996308913275628,0.016674448391728377,0.7060674984112868,0.7077194241572548,0.4964633074757171,0.0009351920630358135,0.7068939438207489,0.7068939438358466,0.024515908580960376
165,0.017974561969489065,0.016651014020142723,0.7045408903077567,0.7092402926642399,0.498842522686728,0.000936538650201643,0.7068944966784478,0.7068944966682281,0.024483954771455343
166,0.6965305089807776,0.6965295263299831,0.12161896660146652,0.12206843699925102,0.516101531966942,0.9850421938429206,0.12184390905649625,0.1218439090577819,6.905765490024659e-07
167,0.7066708129500427,0.7066707729503068,0.024748023960580165,0.02490644463508685,0.49883645696093,0.9993834120725061,0.024827360656070045,0.024827360656491906,2.7996579494600267e-08
168,0.7016542176925861,0.7016537156591233,0.0875212883339648,0.0877692781348671,0.4863484171123272,0.9922885557658747,0.08764537094345182,0.08764537094528951,3.5177444514260245e-07
169,0.006988827947113074,0.0017292036546316357,0.7079450959773645,0.7062307747615135,0.5022641062635721,0.003723129262243667,0.7070884549095438,0.7070884549137272,0.006162156266289025
170,0.014254981678450487,0.012544557082618027,0.7047197952948737,0.7092315839727483,0.49910978671105594,0.01895009182139173,0.7069792888050735,0.7069792887953755,0.0012101384271411015
171,0.09410117331073518,0.09386150702116404,0.7009462806270579,0.7007205565390265,0.5190870763184817,0.13290968734635752,0.7008334276680712,0.7008334276732895,0.00016830993597043734
172,0.7069254226215723,0.7069254112529034,0.01602004195830317,0.016008606452420884,0.49657117455408895,1.1757539771029778e-08,0.016014325226284046,0.01601432522590597,0.9997435084936066
173,0.04899899967854315,0.04853105955392825,0.7077937517584417,0.7030446922214693,0.5154144971070603,0.06896416375848873,0.7054232184612831,0.7054232184616526,0.00033140310371798757
174,0.0067823720711325895,0.00038266937009276154,0.7057040364110233,0.7084741815948038,0.49992598315935705,0.004524043722073265,0.7070904655713943,0.7070904655638253,0.005067547252750196
175,0.012049294062282953,0.009966953320831527,0.7093580521967278,0.7046748385882715,0.4982283804947993,0.015567515256102464,0.7070203230197801,0.7070203230408221,0.0014758431519298967
176,0.007284688145266169,0.002685741858333309,0.709381915970079,0.7047815387792346,0.4995665901128105,0.007050380300019851,0.7070854687160494,0.7070854686952709,0.0032514655492461545
177,0.013985220441999202,0.01223707761864404,0.70928060042962,0.7046812736228651,0.497663658310719,0.0012382856145636556,0.7069846771924757,0.706984677171717,0.018541820519916485
178,0.7059533101866408,0.7059532042993037,0.04026599964066582,0.04048019823334039,0.503802573697281,7.352621874982467e-08,0.040373240990240665,0.04037324098975195,0.9983686707944741
179,0.7070648833196789,0.7070648794772209,0.00769032684751669,0.0077058912042715045,0.5013080997708116,0.9999407373008313,0.007698112959511362,0.007698112959440657,2.693979953626941e-09
180,0.010068833799514348,0.007452041248131191,0.7053952207377514,0.7087035122161343,0.49997693736834625,0.012389003749186129,0.7070513014116155,0.7070513014196965,0.001851193925212409
181,0.05107818892937011,0.05062965980437972,0.7028839446415611,0.7076593930196161,0.49877694704504,0.07191830188396113,0.7052757106794363,0.7052757106900742,0.00031888922698272243
182,0.00916155190276536,0.006171247270358717,0.708683765931178,0.7054397930223781,0.49874948586830264,0.002115450956253595,0.7070636398898823,0.7070636398652697,0.010841733873816461
183,0.7071067795223991,0.7071067795222465,4.8551288158308036e-05,4.847587555664267e-05,0.4999891168219475,1.0835119021057534e-13,4.851359651132927e-05,4.8513596510154864e-05,0.999999997646431
184,0.7058171204150191,0.7058170020233102,0.04267135218101137,0.04270489300911996,0.5080769991951113,8.381780814831169e-08,0.04268812588944622,0.04268812588909332,0.998176060530464
185,0.015893096531820763,0.014379026706390794,0.7048256237920123,0.709056762974447,0.4996102451115171,0.021405526175020697,0.706944358864475,0.7069443588736648,0.001072555622509513
186,0.7017553811194585,0.7017548884190798,0.08659743066914868,0.08706518621878077,0.5078319143913108,0.9924316290556592,0.08683162341458574,0.08683162341564597,3.5001530553501176e-07
187,0.00979219057505382,0.007073720359328631,0.7082836587896628,0.7058245774810974,0.5033066993858313,0.011926286129861694,0.7070551871989516,0.7070551871953824,0.001920472417227706
188,0.7071032965472822,0.7071032962276401,0.0022260292220816383,0.0022138811789395078,0.499394305299073,0.9999950717498701,0.002219963510025604,0.0022199635101007344,2.2722654237073985e-10
189,0.7069180915377222,0.7069180742287225,0.016320739856384756,0.016348750287550257,0.5028602771082985,1.220512718568115e-08,0.016334751075845817,0.01633475107599178,0.999733140300241
190,0.013413202210566876,0.011578973726982201,0.7078907011267896,0.7060996874607074,0.4974510017442562,0.01767203746959991,0.7069957614261004,0.7069957614437412,0.0012983519494948754
191,0.16762269291527399,0.1674935386150431,0.6859640953941886,0.687969335924265,0.5236979209430429,0.2369629597413821,0.6869674473119982,0.6869674473187788,9.147984109387263e-05
192,0.04295160903955242,0.042416398923464535,0.7035708662225701,0.7080565264059812,0.49622139766384926,0.06036429177935934,0.7058172597777544,0.7058172597656592,0.0003793345455083206
193,0.7069536974841119,0.7069536887106259,0.014668514923983642,0.014757836930535605,0.5009582664933303,9.740252566535514e-09,0.01471324370996607,0.014713243710159751,0.9997834970227557
194,0.008182124106442106,0.0045928927870168,0.707501567690773,0.7066494816357362,0.49850490248465074,0.0025276005260641745,0.7070756530262127,0.7070756530092883,0.00903620797828891
195,0.09938029609586084,0.09915384126173599,0.7015415485206965,0.698664102562981,0.5257099377914894,0.1403848356039202,0.7001043038385608,0.700104303841704,0.0001594412707321774
196,0.7071067796485194,0.7071067796483782,4.676157839846356e-05,4.65161707583145e-05,0.5000126140351021,9.978582674832719e-14,4.6639035991039086e-05,4.66390359908831e-05,0.9999999978248001
197,0.1673636279867889,0.16723424828996192,0.6893473124800322,0.6847060719772744,0.45270181356606654,0.23659642755714308,0.6870306114711004,0.6870306114924123,9.078109092196711e-05
198,0.7071015905323736,0.7071015900563304,0.0027012129146881062,0.0027176193966407325,0.5001805380409242,3.3573996242375996e-10,0.0027094285740417146,0.0027094285740063423,0.9999926589698566
199,0.007571665545553718,0.0033877633061471357,0.7094718589025513,0.7046849468854007,0.5038589227959976,0.007752258118892356,0.7070824537992076,0.7070824537992818,0.0029511951017870642
200,0.7059120146431374,0.7059118996966557,0.04121075507035614,0.04096704228588634,0.5112776366200762,7.739383219072308e-08,0.041089079371109775,0.0410890793710096,0.998310259945713
201,0.7071060413331909,0.7071060412653226,0.001025358911242093,0.001020468172101921,0.49972951000323307,4.864168546213014e-11,0.001022916464622818,0.0010229164645953067,0.999998953641359
202,0.2200554593104351,0.21996133411940938,0.6731261207828146,0.6708903277287789,0.44606590776913574,0.31113885841781674,0.672009154083209,0.6720091540660134,6.680100923432965e-05
203,0.007108782745441175,0.00216326308133141,0.7050374233114934,0.7091311706813107,0.49801193017963485,0.0034918785098777727,0.7070872596285726,0.70708725965931,0.006559061131413262
204,0.7071053052346846,0.7071052998304506,0.001449381683078979,0.0014453386980491103,0.49965085456236624,0.9999979051421974,0.0014473616022660982,0.0014473616022296798,9.735776016048104e-11
205,0.7071067307480057,0.707106730743379,0.0002662212727712479,0.00026794497243255613,0.4999881545961537,0.9999999286658587,0.00026708451314650983,0.00026708451315102174,3.3158128950385213e-12
206,0.7071067596945917,0.7071067596926206,0.00017421550090952629,0.00017447113190898158,0.5000313924643996,0.999999969604391,0.00017434336326239904,0.00017434336326087557,1.3775613809766768e-12
207,0.012252056401730072,0.010211188241569115,0.7046813480048416,0.709344638749524,0.49876128762758226,0.0014426408104922222,0.7070168381173365,0.7070168381072532,0.015883955391143498
208,0.7071067616918474,0.7071067616900594,0.00016554302188588046,0.00016654540782939868,0.49998891163563824,1.27878434286336e-12,0.00016604497126259955,0.00016604497126553497,0.9999999724290666
209,0.008943516587517868,0.0058425454949547545,0.7087039293772031,0.7054251332767312,0.49881788973184005,0.0021887831217475852,0.7070664318670485,0.707066431885988,0.010456149160076873
210,0.7071067811781931,0.7071067811781924,3.430263192456849e-06,3.4444570857194866e-06,0.4999995653694263,0.9999999999881848,3.437367465402691e-06,3.4373674654710002e-06,5.333330415983222e-16
211,0.008118612562435014,0.004478698863349837,0.707399315462416,0.706753307646904,0.4984813161903099,0.008907811331517992,0.7070763853229691,0.7070763853397585,0.002573229630168762
212,0.707093561334256,0.7070935601212711,0.004317911599633366,0.004331661917168937,0.5006385271957089,0.9999812959973066,0.004324792223131801,0.00432479222317544,8.734537042173972e-10
213,0.7070719836216223,0.7070719804295788,0.0069985730350937535,0.007032733798241919,0.49923900341956395,0.9999507791040492,0.007015674208740008,0.007015674208605749,2.2418016593166647e-09
214,0.21762498269858505,0.21752958123766014,0.6744886570378735,0.6711075184650558,0.4424936017304574,6.759774594134694e-05,0.6728002117435005,0.6728002117203745,0.30770074035897116
215,0.6906800875859372,0.6906785630218085,0.15185595870504462,0.15120815784930794,0.5370011442986047,1.0940366777819698e-06,0.15153240444573313,0.15153240444638968,0.9767680690954184
216,0.00858067630725822,0.00527034138639324,0.7059042885485057,0.7082356464515198,0.4979345817124867,0.009794287059819962,0.7070709283786009,0.7070709283640492,0.002340180593226786
217,0.014752211155363617,0.013106833515403649,0.7049602008597066,0.7089722832276822,0.49979668746193995,0.019699233866381363,0.7069690881391753,0.7069690881480564,0.0011649050822092222
218,0.7071062092237143,0.7071062091712459,0.0008980706034625544,0.0009007207823818304,0.5001363279148917,3.717728029813809e-11,0.0008993966690604656,0.0008993966690515779,0.9999991910853036
219,0.007948153260499866,0.0041617816935002,0.7051979577763614,0.7089536986157351,0.4979319582770453,0.0026776213796757624,0.7070783218468624,0.7070783218336613,0.008562938214412816
220,0.7071066632501882,0.7071066632388875,0.0004160246198794251,0.00041882576986443485,0.4999921804194939,8.004737377304905e-12,0.00041742754452356074,0.00041742754451687484,0.9999998257542301
221,0.00991838503421233,0.007247366044494407,0.7087153078317054,0.7053876336942226,0.503784107524707,0.001893755507869906,0.7070534284365023,0.7070534284337444,0.012137230587996178
222,0.7068607556439299,0.7068607330717461,0.01861033474387331,0.018693089966314354,0.4977497266345298,1.5523630641774883e-08,0.01865175825162497,0.018651758251990096,0.999652051379996
223,0.018494697558844687,0.01721125992874215,0.70919188060052,0.7045626978375831,0.49638626518129125,0.025247967950880468,0.7068810786350163,0.7068810786558599,0.0009063225028508266
224,0.007773321531121172,0.003817317028315186,0.7093679254668224,0.7047851799540523,0.5038227161923233,0.0027920576817880944,0.707080265445658,0.7070802654446433,0.008197612452262639
225,0.015732377436463198,0.014201107642678087,0.7082180765072752,0.7056755465157111,0.5048435043387394,0.021165981229453266,0.7069479545330649,0.7069479545365615,0.001086460619027913
226,0.7071065921476347,0.7071065868614578,0.0005228423530096285,0.0005255901008934754,0.5000502816614787,1.2573110210620583e-11,0.0005242180272865842,0.0005242180272802727,0.999999725195424
227,0.6440154823523067,0.644009407053059,0.2927689612470643,0.29117397588694455,0.5682935018916709,4.232499864244955e-06,0.29197255770274544,0.2919725577036531,0.9107711299105761
228,0.7070630120530345,0.7070630080380735,0.007841622578872467,0.007894523811482044,0.5001346926412674,0.999938090808186,0.007868117655377014,0.007868117655493214,2.8531195316000216e-09
229,0.007970403842937727,0.004204030417244953,0.7051480264699389,0.7090028628689558,0.49793283183679965,0.0026732163385515826,0.7070780716474353,0.7070780716343632,0.008605528663361605
230,0.15321672132438569,0.15307402909052306,0.6903185366676977,0.6903283971108014,0.468705738159972,0.21658026664657962,0.6903234668988989,0.6903234669148117,0.00010086970439637409
231,0.00688168154130341,0.0012261495047562172,0.7066915363668508,0.7074872517890403,0.4984522454487732,0.003975648123622865,0.7070895060170288,0.7070895060012867,0.005749365655536619
232,0.01744028027749684,0.016072625993616543,0.7045297438554179,0.7092780465660088,0.4985934477124873,0.0009738123845627832,0.7069078820124337,0.7069078820229476,0.023696927478641525
233,0.009039629474618706,0.0059886389204961464,0.7092829886052654,0.7048404524273749,0.5041113716803476,0.01062663287433207,0.7070652096168224,0.7070652096181533,0.0021571673353362
234,0.06645693157539778,0.06611406978483934,0.7047522476286383,0.7032330164920158,0.515716850509542,0.09374185048263989,0.7039930418790064,0.70399304187472,0.0002438155493407264
235,0.01354430862946118,0.011730598657841448,0.7070585963395153,0.7069279214327832,0.5028344677012283,0.017872098409153013,0.706993261907934,0.7069932619025875,0.0012819280693543878
236,0.06765048893646526,0.06731381896690829,0.7016584838109274,0.7060932185682036,0.5020520545612664,0.00023793291136820315,0.7038793437793317,0.7038793437888573,0.09543417719077629
237,0.009466528555521351,0.006615511996279795,0.7078229015313394,0.7062955188204793,0.5027515388155238,0.01137248609120568,0.707059622603365,0.707059622607685,0.0020116465819712166
238,0.7057048630671436,0.7057047290860272,0.04463565612792398,0.04437507438685131,0.5121627167531534,0.9980172899179565,0.044505555972252794,0.04450555597236754,9.107458125667703e-08
239,0.7071052030033973,0.7071051975897983,0.0014949006855297096,0.0014980485704574262,0.49974786595820986,0.9999977605587025,0.0014964754557197498,0.0014964754556874974,1.0294795981139356e-10
240,0.007553616396142969,0.003347220677753317,0.7059797607122713,0.7081838154446332,0.4981027457431857,0.002975476449622096,0.7070826468569078,0.7070826468715689,0.00770762913115334
241,0.7065186166825821,0.7065185627096834,0.028925205130321333,0.02874564705319581,0.5080306794783086,0.9991681641664025,0.028835565854871986,0.02883556585481572,3.840356076431282e-08
242,0.7071066975774508,0.7071066975697836,0.00034486934954613225,0.0003428676074161526,0.5000952581686833,5.34039095441936e-12,0.0003438699350570412,0.00034386993505614244,0.9999998817534602
243,0.12673370840470155,0.12655846933472958,0.6958886376337101,0.6954570619426738,0.4729969156216387,0.17910461675230147,0.69567288324718,0.69567288326353,0.00012354905433323694
244,0.020319507111794855,0.019158860114831446,0.704450822729342,0.7092031402065122,0.4979778287132305,0.0008221137419386069,0.706830975448471,0.7068309754597547,0.027915379384170047
245,0.023825205775324113,0.022843695950363174,0.7050987304631801,0.7083405292825603,0.4961000219181291,0.03299992523806243,0.7067214886871915,0.7067214886734704,0.0006926826051426015
246,0.006872473754936488,0.0011734426825485366,0.7052429660026549,0.7089314149059384,0.49937619726426546,0.004013917318161148,0.7070895955070915,0.7070895954986014,0.005700555324219174
247,0.7070961386492292,0.7070961376730264,0.003891277955898582,0.003867913017259037,0.49891737635012845,6.908547663924584e-10,0.003879613075957895,0.003879613076068371,0.9999849484891069
248,0.6882472328288227,0.6882454741691236,0.16190951397934247,0.16253993455154925,0.47850548980957835,1.2406623814526767e-06,0.16222503050100653,0.16222503049775128,0.9733273236467842
249,0.7071064400668634,0.7071064347667323,0.0007000594612962204,0.0006997819486196623,0.49985366646507556,0.9999995101108676,0.0006999207187200501,0.0006999207187036937,2.2260114422941477e-11
250,0.7065764993883961,0.7065764454700488,0.02729083158415658,0.027469895802775698,0.49898643397183684,0.9992500264378555,0.02738051007555511,0.02738051007509864,3.409580356855877e-08
251,0.707101679029221,0.7071016785612247,0.0026788513317229238,0.002693593417067814,0.4997634609181035,3.31178462286227e-10,0.0026862324875381346,0.002686232487488646,0.9999927841289884
252,0.1161031901900993,0.11591086438563285,0.6997838901551423,0.6952605468748049,0.5330076635532499,0.1640587102007459,0.6975258851683953,0.6975258851694064,0.0001365501797500905
253,0.7071066841714442,0.7071066841625461,0.0003693328197659144,0.00037149156263904435,0.4999720141144565,6.270506030597704e-12,0.00037041376383253714,0.0003704137638258788,0.9999998627936334
254,0.7049720121189795,0.7049718213096768,0.05509125079108005,0.05471887062607459,0.48405250728476007,1.396812690668056e-07,0.05490537640569944,0.054905376404021065,0.9969808419842687
255,0.7048096668161047,0.7048094610440839,0.05703788311232162,0.05686514311736118,0.48595231915187387,1.5136746239395483e-07,0.056951578606428174,0.05695157860787241,0.9967512404749159
256,0.009281121077356659,0.006347260044077227,0.7084043262525207,0.7057172830732241,0.5033052307709021,0.0020562500187418825,0.7070620811096743,0.7070620811063184,0.011054354543803872
257,0.0074727827564825084,0.003160492097760287,0.7067129306873456,0.7074538871240112,0.5011409327331652,0.007520340876506493,0.7070835059592057,0.7070835059651785,0.0030455977289742526
258,0.7067499661282896,0.7067499333883507,0.022395734369776234,0.022526609049332704,0.501686199888816,0.9994953641547201,0.022461267030556935,0.02246126703026949,2.337039163697911e-08
259,0.010091243305900312,0.007482243346566226,0.7048480714484018,0.7092470507647602,0.49903805429498876,0.012426899507994128,0.7070509821987511,0.7070509821892786,0.0018410121059699116
260,0.7071058392235795,0.7071058391371877,0.0011570046244468689,0.001151405362604907,0.49969350155297276,0.9999986678021073,0.001154208388918268,0.0011542083888871517,6.130472987736298e-11
261,0.035974818868329525,0.035333378063395086,0.7050740095720888,0.7073386783062027,0.5044633621473665,0.050422530554010365,0.7062072517299544,0.7062072517370894,0.00045123221274589553
262,0.7008043260458668,0.7008037505803398,0.09393839329131189,0.09446155523779794,0.4917634332741698,4.0479110946957533e-07,0.0942003374527493,0.09420033745101399,0.9910865718229371
263,0.7071048852669076,0.7071048850930219,0.001642965780268728,0.0016319842803133606,0.5004687462852232,1.2201046415027117e-10,0.0016374842360035863,0.0016374842360046406,0.9999973186417765
264,0.04253287706715664,0.04199226231892777,0.7081711532469116,0.7035063766666653,0.5135894026665444,0.000382204776414928,0.7058426185428259,0.7058426185420712,0.05976829943850331
265,0.0113267237604714,0.00908005139255069,0.706585629812517,0.7074786256403832,0.5017592271648712,0.014429659709555832,0.707032268707354,0.7070322687134508,0.0015896304928537056
266,0.05559585969561072,0.05518445979747889,0.7042529852796092,0.7056142774252302,0.4899405458422092,0.07833351508723121,0.7049339599576275,0.7049339599423691,0.00029091667555891394
267,0.012448501399537085,0.010446089784641416,0.7090275626040977,0.7049934960613461,0.5048428351186031,0.016188965593368656,0.7070134065271878,0.7070134065291328,0.0014154052069257322
268,0.7069405415828336,0.7069405263341884,0.015369362658554755,0.015295279807164872,0.5040612610677928,0.9997648909154041,0.015332365977099548,0.01533236597704096,1.0470037728618524e-08
269,0.7070652468390468,0.7070652430293857,0.007681171626032188,0.007647118064016584,0.5020018428670927,2.6362576728122084e-09,0.0076641637584630206,0.007664163758495297,0.9999412588686232
270,0.7070351816167626,0.7070351750498496,0.010059432643120243,0.010065833958449864,0.5019370080408614,0.9998987382738416,0.01006263380984843,0.010062633809766257,4.6235853231013445e-09
271,0.5165923377400693,0.5165716403401471,0.4839676925432655,0.4817274847451287,0.5861570650315094,0.7305572549807057,0.48284888784311214,0.4828488878450389,1.4509188590448613e-05
272,0.011847929801533283,0.009722526591088949,0.7050008785557453,0.7090408029667472,0.49763033819526137,0.0015047145615992444,0.7070237262830238,0.7070237262701803,0.015252435804965823
273,0.007823646893402205,0.0039187808335705366,0.705580114870063,0.7085761322582108,0.4979761004448541,0.008299905218690177,0.7070797104025146,0.7070797103885483,0.0027708964785717566
274,0.008589311792181874,0.005284381741326955,0.7086853314230219,0.7054526207041678,0.5033962757601024,0.009810027266676664,0.7070708235489832,0.707070823551856,0.0023375911700818687
275,0.7070449582823086,0.7070449473437455,0.009370383278762127,0.009331279139907098,0.5024074200128725,0.9999125577503378,0.009350851650479249,0.009350851650438039,3.9869837794863445e-09
276,0.7071066304857659,0.707106635740301,0.00046019569163268254,0.0004631259033329913,0.4999768254725064,0.9999997868671381,0.00046166312226990076,0.00046166312227780243,9.836312506981717e-12
277,0.00865395185072199,0.00538881116909344,0.7066495439965401,0.7074902768243716,0.5013067951149319,0.0023063632709447394,0.7070700353653107,0.7070700353713505,0.0099302999407469
278,0.7070473046175325,0.707047299161512,0.009160437570821406,0.009182165594499584,0.501494079519177,3.9076987804783515e-09,0.009171308017184264,0.009171308017271037,0.9999158835714667
279,0.013749300403211168,0.011966712585731218,0.7093755076026518,0.7045950210878585,0.5056173991237943,0.0012594028524004076,0.7069893049148708,0.70698930491508,0.01818404179885777
280,0.008604517441011946,0.0053091602966940385,0.7058933919390524,0.708245927849039,0.4979324722017819,0.002327324854029649,0.7070706382948613,0.7070706383094015,0.009839129080150976
281,0.7070277453537305,0.7070277381048957,0.010604108967304862,0.010540290475242433,0.5029386398853692,0.9998882213276167,0.010572247875770657,0.010572247875746418,5.162984793686412e-09
282,0.02844263154693775,0.027626057655317986,0.7074572413317555,0.705643018343102,0.5073621527916468,0.000577536634413433,0.7065507121372544,0.7065507121413439,0.0396465484289077
283,0.7065290413121289,0.7065289935699078,0.028658651358288736,0.028498845142054703,0.5077675855540054,3.743782123774827e-08,0.028578859950245963,0.028578859950162253,0.9991829149499352
284,0.00790995660089162,0.004088371353746226,0.7047141655904375,0.7094354534574789,0.4981496514180834,0.0026987332701510253,0.7070787501482607,0.7070787501368,0.008485224363014902
285,0.7066437262451706,0.706643678486807,0.025551941880779094,0.025621505123608623,0.5039854391586429,3.03657680109469e-08,0.025586747142466865,0.025586747142715888,0.999345103926228
286,0.06600832848770996,0.06566308713498709,0.7020383587929433,0.7060264884134695,0.49315497654687185,0.00024488531359480526,0.7040352475466749,0.7040352475338412,0.09310574887203002
287,0.7068401536210831,0.7068401291598498,0.019360114189168515,0.01947382634015002,0.4985319295369308,1.723475049508727e-08,0.019417053506615482,0.019417053506265994,0.9996229069335334
288,0.7070916506229072,0.7070916545032707,0.0046135870243100485,0.004638104827247622,0.49956516021749575,9.738920465848036e-10,0.004625862169294561,0.00462586216938088,0.9999786011702348
289,0.7070986989529465,0.7070986929427931,0.0033710939666623516,0.0033928680500594248,0.500150190775977,5.309426806278623e-10,0.003381998531701702,0.0033819985317484827,0.9999885620205169
290,0.0181690747661229,0.016860823631343374,0.7092755807735132,0.7044953852701995,0.49648326870050974,0.0009228540198777099,0.7068895236591382,0.7068895236807292,0.02476996148245344
291,0.028214561084543906,0.027391167163528206,0.7082561341688316,0.7048594972965939,0.50859372913183,0.0005817549596312506,0.706559856810855,0.7065598568135679,0.03931919434812652
292,0.7071059399227685,0.7071059398456215,0.0010882228185925423,0.0010933124330825368,0.5001231737481393,0.9999988102188032,0.0010907705943990083,0.0010907705944114868,5.328784112619479e-11
293,0.706090112140377,0.7060900241089398,0.03779193285472936,0.03801853025037062,0.49740205351047634,0.9985621468735444,0.03790540087668053,0.03790540087735343,6.641299982603416e-08
294,0.010334445746078688,0.007807173552313861,0.7062368962105722,0.7078571139030085,0.49772860028930704,0.0017840187750840912,0.7070474691608839,0.707047469145763,0.012828484117959551
295,0.7069099996808077,0.7069099763600606,0.01669450835408231,0.01666848863035305,0.4962356488148262,1.287094808923841e-08,0.016681503565195356,0.01668150356559947,0.99972168871021
296,0.017169466893109744,0.01577843117146845,0.7045719632036741,0.709249320894522,0.49778440188486206,0.0009847285581935082,0.7069145105804934,0.7069145105688255,0.023297634807842794
297,0.007094359860342051,0.002115836359705142,0.7092223160541161,0.7049460260938508,0.5034909403900968,0.0035242193563815006,0.7070874038237408,0.7070874038253541,0.006510497926978303
298,0.6980530425884257,0.698052212085706,0.11251576702521755,0.11307196142809496,0.48802006417315413,5.914130152481764e-07,0.11279420705422782,0.11279420705638044,0.98719548910496
299,0.5559936558405989,0.5559779128218979,0.43640046618680206,0.43739484248348637,0.4393301528706427,0.7862826366862756,0.43689793722964687,0.4368979372389984,1.1245746890565053e-05
300,0.7071067049142178,0.7071067049072223,0.00032862157119936604,0.0003282506073634737,0.5000719673866765,4.979727041284117e-12,0.00032843614165507513,0.00032843614165733477,0.9999998921296905
301,0.7071067793959701,0.7071067793958059,5.039664088634707e-05,5.024866951121095e-05,0.5000122129734862,1.1676615421364743e-13,5.0322709586461126e-05,5.032270958673653e-05,0.9999999974676252
302,0.7071062259591652,0.7071062259082391,0.0008839066647669678,0.0008883696299118087,0.5000915737807256,3.6229573408315886e-11,0.0008861409570117948,0.0008861409570013845,0.9999992147538957
303,0.007625454582916996,0.0035062920534900195,0.7070020436689467,0.7071616990521884,0.5014737222225816,0.007867545715584307,0.7070818758695141,0.7070818758639587,0.002922903688746537
304,0.701789188620987,0.7017887042329398,0.08678121154911297,0.08633410717881633,0.4763184502021924,0.992479442235246,0.08655794804841617,0.08655794804605142,3.4928618339660327e-07
305,0.7070488051785159,0.707048794592494,0.009061919073582694,0.009048659216301842,0.502016846885561,0.9999179983324115,0.009055291571999365,0.009055291572059037,3.797711100726494e-09
306,0.021753615009387765,0.020673742856709518,0.7086755601816654,0.7048959689142101,0.5071763464458917,0.0007603676402009898,0.7067882910014613,0.706788290999175,0.03000075416941621
307,0.7067211322442964,0.7067210968609511,0.023279884895537294,0.023421772995301512,0.5015189048652073,0.9994545850157506,0.023350936715457345,0.023350936715763826,2.483099920270726e-08
308,0.7067232382857224,0.7067231978310776,0.02331017814457357,0.02326433226561692,0.5053263861906041,2.5246578363860634e-08,0.023287266487181595,0.0232872664873267,0.9994575560968574
309,0.616394794689137,0.6163858671217576,0.34734476452325574,0.3456552342227851,0.5750825392290635,0.8717075619570315,0.3465010291373038,0.34650102913860714,6.2890826745463745e-06
310,0.354892631523145,0.35484429198196327,0.6102410896344107,0.6129784344169489,0.46145766468050675,3.462848039024125e-05,0.6116112934388193,0.6116112934507844,0.5018597914382781
311,0.7066991430783414,0.7066991109449563,0.02392625019451362,0.024087958814701826,0.5004729841284709,2.5976530489364746e-08,0.024007240660331455,0.024007240659979296,0.9994234862118102
312,0.026317889016767754,0.025433002600468022,0.7057391131169908,0.7075258548726482,0.49513498691971847,0.000627646911139565,0.706633048730957,0.7066330487159668,0.036593373210586304
313,0.7071066024758962,0.7071066077278602,0.0005010369559257401,0.0005044354669743334,0.49999683351371216,0.9999997472533824,0.0005027390831918021,0.0005027390831996379,1.1553001746802083e-11
314,0.7048172585354967,0.7048170482056276,0.05694658298704032,0.0567683654451537,0.5137192611583229,1.493922178027347e-07,0.05685754404319934,0.056857544042897605,0.996761977289847
315,0.7071054213680672,0.7071054265116922,0.0013821267343531397,0.0013914186492457298,0.4999727933966655,0.9999980768380647,0.001386780474195665,0.0013867804742179399,8.9719985821165e-11
316,0.7071009993096962,0.7071009987793935,0.002859764574084415,0.002859378777885434,0.5005866461575705,3.709856560371195e-10,0.00285957168250197,0.002859571682480206,0.9999918228163605
317,0.407213982447909,0.40717634727506563,0.576188037644218,0.57999270684583,0.4878005016287105,2.656706326476408e-05,0.5780935022683079,0.5780935022587693,0.5758609246819427
318,0.014826323266353029,0.013190196380081584,0.7089380479897692,0.7049915197860986,0.5054182258676275,0.0011622681570016271,0.706967537746575,0.70696753774866,0.019810357767459392
319,0.049437155827874425,0.04897351075510754,0.7075197686269379,0.7032590844884279,0.5150494949691251,0.0003286333135224566,0.7053926434657285,0.7053926434673454,0.0695868456431622
320,0.7070941012937112,0.7070941001306889,0.004237038685053654,0.004232372761414285,0.5009226119393223,0.9999820671012006,0.004234706365850829,0.0042347063658800775,8.333735419208417e-10
321,0.7071064403085132,0.7071064402772415,0.0006965236057052373,0.0006921326005034952,0.5001958821037181,2.2122621619393858e-11,0.0006943315742446264,0.0006943315742434121,0.9999995179035486
322,0.7069880757191382,0.7069880700982486,0.012917650309964467,0.012995048653287279,0.499094845535104,7.485734883049547e-09,0.01295640727643778,0.012956407276668129,0.9998321174182027
323,0.7071020330395746,0.7071020326040363,0.002590759716545227,0.0025919727289661775,0.500508052272765,0.9999932847981828,0.0025913662937213063,0.0025913662937421607,3.109196468427734e-10
324,0.7070996251111391,0.7070996297230392,0.0031902300020702234,0.003172332937692758,0.5008712810888395,0.9999898793169198,0.0031812940553821926,0.0031812940553914955,4.670412595816682e-10
325,0.7071020085412945,0.70710200810307,0.002591253825324648,0.0026076729370266742,0.49986773936035206,3.077788848991589e-10,0.0025994763447656855,0.002599476344721102,0.9999932426999029
326,0.7071029307164453,0.7071029250944333,0.002327952418052306,0.002342388350887579,0.4998584460605474,0.999994546912307,0.0023351815397201067,0.0023351815397608484,2.5075926766084704e-10
327,0.007327666306080739,0.0028002114173196206,0.7048459716661657,0.7093170097696088,0.4980469168791411,0.0032008620097250676,0.7070850246276439,0.707085024639785,0.00716172883245777
328,0.7070749426159441,0.7070749396950634,0.006688235895282492,0.00673331871967658,0.5001322616553326,0.999954963945691,0.0067108151655748925,0.0067108151654759725,2.0643837485419703e-09
329,0.7070997674322882,0.7070997720573502,0.0031393183556229663,0.003159649414388193,0.5001363094526091,0.9999900805987259,0.0031495002905278916,0.003149500290484138,4.556062141246227e-10
330,0.015260099831902995,0.013675975952033997,0.7091802719517691,0.7047293373411535,0.5058624632058836,0.0011148218854016895,0.7069583074823865,0.7069583074810893,0.020461186116256497
331,0.7071029380952184,0.7071029430110287,0.0023376170702935992,0.0023250632732333496,0.4993669959420383,0.9999945647988335,0.002331348621667031,0.002331348621746187,2.5232007739907915e-10
332,0.013305076284227862,0.011453502182297685,0.7046296832181709,0.7093580208615957,0.4986362187363114,0.01750685576811946,0.7069978048931403,0.7069978048828026,0.001310636594668055
333,0.1290740345545013,0.12890219371935036,0.6967937033686626,0.6936877203352714,0.5331145445724441,0.18241673974622377,0.6952424463430477,0.6952424463459467,0.00012108753862806556
334,0.687553470070957,0.6875516513775665,0.16506698653800042,0.16521453458044227,0.529466850390941,1.2864872138582925e-06,0.1651407770372199,0.16514077703859764,0.9723461562206016
335,0.7070868473472017,0.7070868402503047,0.0053198124130115175,0.005300726336586942,0.5013328793603404,0.9999718005504928,0.005310277949634048,0.005310277949660289,1.2770892168409358e-09
336,0.7071066849121321,0.7071066796344623,0.0003792021471276122,0.0003787152113914991,0.4999162431023018,0.9999998563902498,0.00037895875747394553,0.0003789587574648494,6.776128505142787e-12
337,0.7010097147144961,0.7010091583686585,0.09292829551640036,0.09238982107306094,0.5248137628235019,3.937447426601896e-07,0.09265944945212344,0.0926594494518775,0.9913770487833314
338,0.08679921191814419,0.08653863615548983,0.7031841446751715,0.7003634913775258,0.5225607555162664,0.00018420810924852328,0.7017752351617118,0.7017752351649315,0.12256836741310281
339,0.7071067691756234,0.7071067691745215,0.00013034591912920428,0.00013032083795309196,0.49997322304379044,0.9999999830132094,0.00013033337914197406,0.00013033337914696898,7.71307623369209e-13
340,0.006772286646195197,9.876852025941855e-05,0.7079167390791398,0.7062634189237875,0.5021841029327904,0.00486114675349482,0.7070905622239545,0.7070905622281863,0.004716235138308397
341,0.7070253715574175,0.7070253640915132,0.0107374571183247,0.010722197536184887,0.4976034185053283,0.9998848641191853,0.01072983003983013,0.010729830040088708,5.260258812684688e-09
342,0.703667873831104,0.7036675576744351,0.06949841141994983,0.06981018854442843,0.491659605157394,0.9951364270216633,0.06965447442445825,0.06965447442309614,2.2186704000927207e-07
343,0.5510830193584946,0.5510666849107313,0.4423777318532336,0.4437735423802696,0.4452917676328476,1.1638609312647711e-05,0.4430761867739936,0.44307618675591415,0.7793375297702024
344,0.007032740096065699,0.001898927258472341,0.7094019921099223,0.7047664494231315,0.49964906507564655,0.0036190065897488384,0.707088019511738,0.7070880194890746,0.0063220367995713185
345,0.04661034403312313,0.04611794467017983,0.7043479512612258,0.7068200439734509,0.5056480784725046,0.00034804817957827537,0.7055850802696356,0.7055850802769355,0.06556880244409348
346,0.29870449459677806,0.29864142817034933,0.639315796760384,0.64254512360924,0.47034124415923223,0.42238735085146906,0.6409324940572706,0.6409324940451259,4.448900069133863e-05
347,0.7071067637004872,0.7071067636988833,0.00015672737548908663,0.0001577873336540835,0.49999912850817346,1.1567837361384833e-12,0.00015725824761931006,0.00015725824762175756,0.9999999752698424
348,0.035397801945818375,0.03474566003885651,0.7073053027692419,0.7051658977860341,0.509310962425523,0.04959891750363368,0.7062364103935989,0.7062364103897766,0.0004611470469539254
349,0.034955957895885605,0.034295369568000694,0.7071103400282355,0.7054054689743497,0.4922969700719764,0.048968076872689,0.7062584189222776,0.7062584189481738,0.00046777517580284144
350,0.7065048935647653,0.7065048383457019,0.02916135832575743,0.02917814154033031,0.5056409239348431,3.897157467565701e-08,0.029169751140218178,0.029169751139982533,0.9991487633164771
351,0.7071033316566796,0.7071033313402416,0.0022115297014723566,0.0022059700662915827,0.5005238967750791,2.223916159964588e-10,0.002208751633154551,0.0022087516331416733,0.9999951214043217
352,0.7071010218657712,0.7071010213373594,0.002851785334059183,0.0028561898484812153,0.5005087721104029,3.7843159447786615e-10,0.002853988440934796,0.002853988440959909,0.9999918547168047
353,0.7066299093424776,0.7066298655946446,0.026044735933861436,0.025885826285251743,0.4926883880939335,0.9993255704362132,0.025965402676354162,0.025965402677208448,3.099890241128673e-08
354,0.6195224249602186,0.6195138296834529,0.3415353141716241,0.34021789415560355,0.5711719538463196,0.8761309340693836,0.3408772406094848,0.34087724060788643,6.059602542327393e-06
355,0.7071016122855556,0.7071016170797911,0.0027093558457511697,0.0026981230032657585,0.5006963077735713,0.999992689734861,0.002703745257933234,0.0027037452579452502,3.307048700676283e-10
356,0.02720909702959077,0.02635421378763871,0.7042213902854317,0.7089692193028747,0.4978431755672107,0.0006044958590108819,0.706599292540867,0.7065992925521655,0.037874980267805954
357,0.7071066509111265,0.707106645630339,0.0004370145788474161,0.00043864734877899713,0.49994082393515266,8.870139566263182e-12,0.0004378317249288132,0.0004378317249376613,0.999999808303362
358,0.2821272205639191,0.2820588776866377,0.6467080920623209,0.6500889666777545,0.5234994089389718,0.3989398159294684,0.64840073292869,0.6484007329364889,4.82817749790662e-05
359,0.7070859609360486,0.7070859590263767,0.005439350867762412,0.005413303707926988,0.5014378938611145,0.9999705543690307,0.005426342916581027,0.0054263429166018185,1.3467724245604718e-09
360,0.011838327917449766,0.009710845783517852,0.7093663074689761,0.7046736800066538,0.5050240887076888,0.015237786665812596,0.7070238869604291,0.7070238869611527,0.0015021289024318002
361,0.7003316221448035,0.7003310029498976,0.09752764428884253,0.09777766263249842,0.4842167253406057,0.9904180366337236,0.09765273347635768,0.09765273347429214,4.421340656398267e-07
362,0.7071067811547473,0.7071067811547443,6.726079687259702e-06,6.686342503202503e-06,0.49999814183249086,0.9999999999550259,6.706240527748855e-06,6.7062405275592895e-06,2.0795119495361575e-15
363,0.7070982098335736,0.7070982090474103,0.00349310050348668,0.003470253732711486,0.500992695941225,0.9999878777204753,0.003481695858114883,0.0034816958581189396,5.46878608984172e-10
364,0.00945417074756886,0.006597760740668805,0.7094477310623017,0.7046637532179645,0.5043953370920098,0.0020191714652185644,0.7070597882104873,0.7070597882105993,0.011350539102145963
365,0.7070159977441692,0.7070159841479875,0.011342740372984411,0.011319310205292697,0.5026199339324149,0.9998715994853073,0.011331031345251909,0.011331031345181816,5.884926789834427e-09
366,0.7070947223422142,0.7070947212361918,0.0041364469569520725,0.004122940971620159,0.4989759205167986,0.9999829454367215,0.004129699485699308,0.00412969948555063,7.717211004535619e-10
367,0.006804228414041162,0.0006655276151063407,0.7068585789005027,0.7073218567126583,0.49853495383084884,0.005300615788223921,0.707090255740414,0.7070902557563901,0.004317860996204667
368,0.6961627000526618,0.6961616883427135,0.12352370065547202,0.1243313882958996,0.49514897867210417,7.15741081946249e-07,0.12392820247767507,0.12392820247974551,0.9845220166457822
369,0.016779882003248314,0.015353548326686488,0.7092834806003636,0.7045563485351352,0.5064453446379888,0.001011134379291169,0.7069238658133369,0.7069238658138915,0.022721652526386586
370,0.011817259264534655,0.009685122364378495,0.7070523464597072,0.7069961316401122,0.5024349456633947,0.001507057778406408,0.7070242396059131,0.7070242396113031,0.015204538420838676
371,0.15911418347109704,0.15897732260521366,0.6912397352623909,0.6867288518112424,0.5437160157982622,9.700678277602178e-05,0.6889879852052571,0.6889879852061344,0.2249246608846621
372,0.7070847797554699,0.7070847777380851,0.005560439707301936,0.005595787657141501,0.5002969863846782,0.9999688838512721,0.00557814168166751,0.005578141681743196,1.4228766342455688e-09
373,0.7071059324951016,0.7071059324167766,0.0010952923363469296,0.0011026364187370085,0.4999777474969456,0.9999987922630823,0.0010989705123487946,0.001098970512331118,5.5071262142561995e-11
374,0.014349174047526064,0.012651504038278421,0.7091641823058186,0.7047837988945552,0.5055593963363259,0.01909234185517103,0.7069773831770386,0.7069773831784637,0.0012007634080264844
375,0.6640135691763641,0.6640094936768741,0.243437953274975,0.24272482806341686,0.552704917765575,2.8782377929646546e-06,0.2430816521793381,0.24308165218067676,0.9390541095903857
376,0.11078466066906614,0.11058258300618455,0.697943032681128,0.6988374449240363,0.47921770559467364,0.00014359091440109832,0.6983903819919305,0.6983903819764785,0.15653027849438314
377,0.029925664509798534,0.029150802010559022,0.7046174578996396,0.708356494548359,0.49585256695352575,0.0005475302120217029,0.7064894498024813,0.7064894497892926,0.04177337507167397
378,0.707103124923502,0.7071031193192706,0.0022819260186122963,0.0022692810667752387,0.5006225444784199,2.3845531985366416e-10,0.0022756123257790723,0.0022756123257722735,0.9999948215751334
379,0.7071067717896742,0.7071067717888123,0.00011567043633215724,0.00011489098266213244,0.5000331317053275,0.9999999867102051,0.00011528136826553788,0.00011528136826550728,5.983674302095965e-13
380,0.7070589985056737,0.7070589888538218,0.00821049950053027,0.008231285512781857,0.501319756056208,0.9999324145344817,0.008220899076209095,0.008220899076130592,3.1114626869884084e-09
381,0.7070460892022046,0.7070460783657699,0.009295953473922747,0.009233824256857816,0.50264142782501,0.9999141571848084,0.00926494094411792,0.009264940944111818,3.964635775738464e-09
382,0.11417056087343086,0.11397479494862356,0.6976711319448258,0.6980184961802675,0.4773629662360176,0.16132312808789298,0.6978448356837835,0.6978448356679371,0.00013778611181463658
383,0.7070154297502068,0.7070154213716773,0.011381636169057527,0.011350524035167517,0.5027218679981866,5.983288646933586e-09,0.01136609074739972,0.011366090747464079,0.9998708036352699
384,0.04488657836748485,0.04437490445816192,0.7037294053927957,0.7076588068570113,0.49476407123384036,0.06311739642695276,0.7056968410567853,0.7056968410438447,0.00036239687395253276
385,0.010711125957118532,0.008299453903216429,0.704703805250487,0.7093722137997331,0.4987086557434076,0.013443026536463681,0.707041862562393,0.7070418625724741,0.0017012324652457653
386,0.049373794424313874,0.04890947560111109,0.7076731197981081,0.7031136800943193,0.5153200364687693,0.06949676522919065,0.7053970837829784,0.7053970837840446,0.00032863674299820565
387,0.6275365732467325,0.6275288127965154,0.3266550758122593,0.32511828585003194,0.4170478543240177,0.8874652453037134,0.3258875867079084,0.32588758671921136,5.484160336158491e-06
388,0.707106598461735,0.707106598444976,0.00050685166148865,0.0005098517859449069,0.5000365207501327,0.9999997415762417,0.0005083539369269871,0.0005083539369335593,1.1850713992539574e-11
389,0.011922449544940634,0.009813255739016901,0.7080405146310735,0.7060029637682951,0.5036018886583054,0.0014984067758648065,0.7070224731941429,0.7070224731980518,0.01536878552407593
390,0.0276087163226334,0.02676663653317862,0.7044012420223531,0.708759618066604,0.4967696613224763,0.03844926900062915,0.7065837904831663,0.7065837904955033,0.0005897022501951224
391,0.7071067621059194,0.7071067621041692,0.00016445783489854552,0.00016408614018487518,0.49996159775833704,1.2328687410946463e-12,0.00016427209267290519,0.00016427209266686854,0.9999999730146796
392,0.6169897006110556,0.6169808323912174,0.3446701025313533,0.3462093040672545,0.46250633573537825,6.2657434443653165e-06,0.3454405605935539,0.3454405605867926,0.8725489316703221
393,0.7062874006043737,0.7062873201529177,0.033941873689639225,0.034121632304095234,0.5032462166483342,5.239852487129749e-08,0.03403187168399215,0.03403187168440186,0.9988411602548846
394,0.7069357222249668,0.7069357065341925,0.015603206261836174,0.015502626345823408,0.49556477985578457,0.9997580750015144,0.015552997609014595,0.015552997609515926,1.095898602994403e-08
395,0.7071067807160885,0.7071067807160453,2.586512926700555e-05,2.572376754661889e-05,0.500007027201712,0.99999999933464,2.5794545245026748e-05,2.5794545244947795e-05,3.1005476413152336e-14
396,0.703680631862632,0.7036803169318125,0.06958011246879056,0.06947076977394516,0.48414565982480967,2.198019461996044e-07,0.06952546261807463,0.06952546261548173,0.995154470469686
397,0.03412401081130525,0.03344692356702804,0.7050964363909672,0.7074997318577556,0.5040346731401093,0.047779861236250505,0.706299106328297,0.7062991063210309,0.00047923918176679737
398,0.012651811435305827,0.010687638617382436,0.7050523958649634,0.7089617938471918,0.4975260296344972,0.0013876457212995475,0.7070097969729875,0.7070097969859884,0.01650358716773076
399,0.08450095971219598,0.08423306465570812,0.6999085342923196,0.7041962952552466,0.5038754395175434,0.00019001005598040678,0.7020556881805912,0.7020556881898433,0.11931297192574454
400,0.007488767171048181,0.0031982618686440894,0.707215572783202,0.7069510754643508,0.5016601268425221,0.007555434793998177,0.7070833364886525,0.707083336493903,0.0030374195950236306
401,0.013755246626567524,0.011973561554041796,0.7075000924349664,0.7064779162992038,0.5034369470114618,0.0012597085111952229,0.7069891891042601,0.7069891890995589,0.018193023951859885
402,0.018906415048874668,0.01765294884561797,0.7091105337384827,0.7046227159369801,0.4962531049448137,0.0008857709143924194,0.70687018642243,0.7068701863994558,0.025851393320441705
403,0.006771119643055684,0.0,0.7071890366758511,0.7069920961901198,0.5014815415618008,0.00472965464127348,0.7070905732921726,0.7070905732868775,0.004844862965443197
404,0.7071067763396084,0.7071067763391637,8.307433302468025e-05,8.251362102444877e-05,0.5000237790312515,3.137190980807928e-13,8.279445169230347e-05,8.279445169232458e-05,0.9999999931450788
405,0.7071010795099589,0.7071010789870897,0.0028354756126653326,0.002843858153033468,0.4995679292979188,0.9999919362419161,0.002839669975917836,0.0028396699759770634,3.734736219092863e-10
406,0.7056111322645361,0.7056109949166393,0.046069364923869684,0.04586575511882231,0.5118554374359098,9.603130940537577e-08,0.04596767275537647,0.04596767275556889,0.9978847358903139
407,0.011056702968931067,0.008740885287538334,0.705037711611401,0.7090297394676751,0.49951691522519887,0.0016326986922926342,0.7070365429934833,0.707036542984636,0.013999573248255076
408,0.006802126918611772,0.0006441572341182784,0.7080654209619144,0.7061137838683426,0.4990635837075925,0.004351899734463958,0.7070902757665541,0.707090275740814,0.00526733688502476
409,0.007134530119789402,0.0022467381788583616,0.7052798915798782,0.7088895013897465,0.4994518434133384,0.003459912439969271,0.707086999822386,0.7070869998307887,0.006631618081755605
410,0.008269318317593718,0.004746437532247793,0.7094413873049404,0.7046999415951136,0.5040363953587312,0.002479608781150704,0.7070746388133288,0.7070746388128457,0.009206619085074709
411,0.7068616355598661,0.7068616078029388,0.018573551271712025,0.01866349991371746,0.4979743619472617,0.9996532883775892,0.018618579912086954,0.01861857991173009,1.5913410041363712e-08
412,0.7070760929270264,0.7070760901126395,0.006610196780790551,0.00656558455828879,0.5018815224155183,0.9999565982571078,0.006587928432855074,0.006587928432853054,2.0150617349353003e-09
413,0.00800944464989235,0.004277700463109709,0.7094676224388718,0.7046795319761193,0.5039861199918317,0.00868543056969742,0.7070776301351727,0.7070776301351759,0.0026482486044070276
414,0.7071065545938934,0.7071065545731091,0.0005650324185154925,0.000567158237538352,0.5000771400563324,0.9999996795348989,0.0005660963258968566,0.0005660963258908826,1.4701510079848117e-11
415,0.7066236247524281,0.7066235804226085,0.026108917492408054,0.02616281635921573,0.50441357259362,3.138170019649491e-08,0.02613588081985056,0.026135880820090714,0.9993166822722047
416,0.7020957263649937,0.7020952650764273,0.08377740553667068,0.0842922066315788,0.4947734217730109,0.9929129721292914,0.0840352002943668,0.0840352002958416,3.2271106268955443e-07
417,0.7071067452763777,0.7071067452730848,0.0002246998776637838,0.0002260175195540306,0.49998311463970274,0.9999999492130226,0.00022535966161815393,0.0002253596616141123,2.3072407287417452e-12
418,0.7068961040905742,0.7068960847624217,0.017309990926321187,0.01721010119883245,0.49521485167862617,1.3769668493471324e-08,0.017260118324140126,0.017260118324625078,0.9997020439265257
419,0.7071020060931311,0.7071020109234798,0.00259490193239423,0.0026025106201436527,0.5003954237048429,3.126060361856243e-10,0.002598709060941372,0.002598709060915636,0.999993246688411
420,0.015194525719664917,0.013602776618674912,0.7045710776869962,0.7093403184250853,0.49815126521198766,0.0011260051788494379,0.7069597198004496,0.7069597198115936,0.020362741856644256
421,0.007274971856468824,0.0026592681367212344,0.7048720079574841,0.7092922214964992,0.49885278579388137,0.0032597027119647217,0.7070855687699809,0.7070855687359822,0.007026468584218116
422,0.0698091070159436,0.06948309107432116,0.7059169250810902,0.701412919410846,0.481586040725885,0.00023111152080050292,0.7036685258928588,0.7036685258700712,0.09849445646873144
423,0.7033953720276672,0.703395030793695,0.07240601346178017,0.07230328693991665,0.5158188618813973,2.389760654573115e-07,0.0723546684315309,0.07235466843201371,0.9947510260925603
424,0.007007892701835734,0.0018045810589819486,0.7086993218543203,0.705473531843052,0.5029839497295016,0.006237775079519118,0.7070882663868061,0.7070882663896952,0.003668410304257574
425,0.7070862447381462,0.7070862428544947,0.00539924938729769,0.005379198274509166,0.501359043947328,0.9999709557442054,0.005389233156138029,0.005389233156164189,1.333500290306314e-09
426,0.7070995646042182,0.7070995692106341,0.0031840191658337917,0.0032053753467817365,0.5000705249687882,4.6000182479170147e-10,0.0031947151017306013,0.0031947151016839506,0.9999897937433336
427,0.706954172872101,0.7069541641414968,0.014680521708251319,0.014700237857297715,0.5026577940415539,0.9997841693532193,0.014690383090372792,0.014690383090500277,9.98710661799048e-09
428,0.7071066835288444,0.7071066835198864,0.0003706376538652865,0.0003726366805073471,0.5000342490786197,0.9999998618848177,0.000371638511275182,0.00037163851127065015,6.363487597981064e-12
429,0.7061972959158257,0.7061972124479131,0.03573291135886819,0.035972703787623225,0.5008373464181614,5.9376485486300436e-08,0.0358530080468172,0.035853008046294745,0.9987137345746399
430,0.010953144782659196,0.00860955155959934,0.7081707152706677,0.7059037769231316,0.5034904827105305,0.013832804793576374,0.7070381546409042,0.707038154644639,0.0016580923466756592
431,0.707104256951711,0.7071042567202523,0.0018880030670321332,0.0018908657512558043,0.5003383401275868,0.9999964300291938,0.0018894349512925727,0.0018894349513092414,1.6383579802708338e-10
432,0.7066936762526764,0.7066936330851152,0.024133725802878127,0.02420181039799704,0.503742313774006,2.6634209090546018e-08,0.024167792076237874,0.024167792076001428,0.9994157471504709
433,0.7071064394042842,0.7071064446412986,0.0006967866205676721,0.0006937137164093535,0.500181053283147,2.2166843521048864e-11,0.0006952518662084001,0.0006952518662113259,0.9999995166247261
434,0.7071008970283142,0.707100896488583,0.002887975573610622,0.0028815280465895564,0.49932445019070054,0.9999916781619759,0.0028847536114603,0.0028847536113541117,3.803049167001164e-10
435,0.007025963320054082,0.0018735504403194594,0.7073711227099404,0.7068049380163548,0.5017161937399064,0.003649745666926903,0.7070880870356002,0.7070880870305769,0.0062891738995982166
436,0.7068024414071576,0.7068024082168193,0.020721505566815967,0.020767551955176225,0.5034342999856958,0.9995695713620139,0.02074454153697391,0.020744541537168117,1.9872244454145393e-08
437,0.0067775660863973524,0.00028424272215962765,0.705589968378385,0.7085878776331092,0.49979343831366085,0.0046928397076077205,0.7070905118136579,0.7070905118214388,0.004898311001642262
438,0.006993281567082879,0.0017470116051401623,0.706374281127165,0.7078018203745028,0.4983166512207744,0.006183827266847873,0.707088411015549,0.7070884110002692,0.00370382463931331
439,0.010847622491944842,0.008474873025409477,0.7083634776824893,0.7057136027460565,0.5036789928363237,0.013662931215468637,0.7070397816284469,0.7070397816318739,0.0016788970605796738
440,0.7071067531643827,0.7071067531618129,0.00019935825696315384,0.0001987927825744278,0.5000481387076419,0.9999999603688575,0.0001990757205470174,0.00019907572054812824,1.8297079760330354e-12
441,0.1720569706704628,0.17193155646808153,0.6838191492169541,0.6879151909199016,0.5101354420362424,8.935041443943094e-05,0.6858702277932642,0.6858702277843673,0.24323661994514123
442,0.008859197801012486,0.0057126291699002366,0.7059294852653958,0.708203672904822,0.5005074751897202,0.0022249000105717424,0.7070674934095146,0.7070674934166705,0.010303850590346305
443,0.010374687879451509,0.007860385678569795,0.7082683276913542,0.7058233179611461,0.5034482830841222,0.0017754040571175515,0.7070468797022808,0.7070468796986926,0.012894485334664342
444,0.7071038477800871,0.7071038475110017,0.0020377236712920787,0.0020359204240498036,0.4995597342710986,1.8812850245327127e-10,0.0020368222472523186,0.0020368222472040157,0.9999958513465279
445,0.007764793844761273,0.0037998559926084832,0.7051699083282031,0.7089856623794271,0.49936965837016795,0.008179422078059835,0.7070803593153352,0.7070803593239585,0.0027978533313902983
446,0.06188872427645275,0.06151993001323166,0.7058594030076294,0.7029563195564185,0.5166158381995316,0.08726309325884989,0.7044093568423637,0.7044093568455209,0.0002617943792044516
447,0.7071054143282578,0.7071054142028697,0.0013856464382946323,0.0013950686715210002,0.4999909252862969,8.912005880898726e-11,0.0013903655365187886,0.0013903655364970724,0.9999980668818063
448,0.08288551581413182,0.08261227644229498,0.6999310096723982,0.704557864726721,0.5010177474526009,0.11702460829359575,0.7022482477953917,0.7022482477853553,0.00019494738611021273
449,0.7071062038463022,0.7071062037933517,0.0009066551728116062,0.0009005639469158062,0.4997412052603382,3.7536307889537094e-11,0.0009036146924495623,0.0009036146924767781,0.9999991834801535
450,0.7070962069131467,0.7070962059432522,0.00387255606119873,0.003861737853903969,0.4990673078781214,6.936920588785166e-10,0.0038671507404450284,0.0038671507405423616,0.9999850450333255
451,0.7071037301732666,0.7071037246246308,0.0020857922300125385,0.002072273714513837,0.5005898684653927,1.999037105611198e-10,0.002079043959931708,0.0020790439599289714,0.999995677566871
452,0.7070914943834751,0.7070914982495721,0.004662660655843861,0.004636671192882009,0.501274287360224,0.9999783802042229,0.0046496840829419375,0.0046496840829558074,9.83645845800428e-10
453,0.7070473894719205,0.7070473892917879,0.009133725127325484,0.009195697464844006,0.4999709429881829,0.9999160035790188,0.009164763678597422,0.009164763678455486,3.959012116948902e-09
454,0.28033130136134277,0.2802623526680503,0.6495462163144285,0.6488120590938554,0.5537058160819034,0.39639957424058875,0.6491792414842766,0.6491792414887422,4.886567900277165e-05
455,0.6160023533573735,0.6159933798148061,0.34689639924335963,0.34749984874025047,0.44390837625486745,0.8711525373191773,0.3471982550991319,0.3471982550915595,6.312709006904138e-06
456,0.008728456192664059,0.00550767114740402,0.7047361135694203,0.7093944529262528,0.49806956218943815,0.010066784877139917,0.7070691195449013,0.7070691195332087,0.0022760120296713253
457,0.7070510841023576,0.7070510789926181,0.008904207582435377,0.008845973794960325,0.5025152005743612,0.9999212288150228,0.008875138451101185,0.008875138451089636,3.654054613443968e-09
458,0.0072674398752367985,0.002638553362178031,0.7049121856251008,0.7092524465316125,0.4980206784154028,0.003302849110940914,0.7070856462874091,0.7070856462750124,0.006990624717119328
459,0.03708062655142558,0.03645875835359146,0.7045169221981612,0.7077794094280321,0.5030947207986519,0.052000193323032566,0.7061500499487282,0.706150049940714,0.0004402504958585408
460,0.7071067452619364,0.707106745258642,0.00022578655563666803,0.00022502273612062538,0.5000560833084078,0.9999999491925985,0.00022540496941833398,0.0002254049694194934,2.3022729514133485e-12
461,0.7071066680903103,0.7071066680794572,0.0004077526037783389,0.00041053472854491027,0.5000010631181574,7.55531713304257e-12,0.0004091460309196389,0.0004091460309133699,0.9999998325995129
462,0.707102227876259,0.7071022274586088,0.0025440007265912267,0.0025312676284417585,0.5006790345526264,0.9999935603515132,0.002537642163873795,0.0025376421638646732,2.9661933063579513e-10
463,0.01314076021854524,0.011262213845941156,0.7071088539875662,0.7068928855014376,0.49735441418976206,0.017255413633599594,0.7070008779827919,0.7070008779992566,0.0013295639008318778
464,0.7070614539245023,0.7070614444981888,0.008010647058138998,0.008003190746047351,0.5017315974003985,0.99993588718057,0.008006919770067202,0.008006919770011186,2.924437319285141e-09
465,0.7070094318841648,0.7070094229541523,0.011704036769908496,0.011762423396350528,0.501219933412081,6.3231531189392925e-09,0.011733266400913522,0.011733266400775972,0.9998623209818106
466,0.007211385360674631,0.002479998206059552,0.7089650018127396,0.7052024331599693,0.5032851446290045,0.006857435367601926,0.7070862201764456,0.7070862201787462,0.003336172972340198
467,0.7070879732767724,0.7070879768198126,0.005169721980190585,0.005145144239043535,0.5013600897114538,0.9999734003789338,0.005157447750235804,0.005157447750255567,1.2501595714567109e-09
468,0.7071037530309219,0.7071037527531354,0.0020672034069251764,0.0020717051176800255,0.5003467494222811,1.9490677754202558e-10,0.00206945548637136,0.0020694554863905975,0.9999957173448207
469,0.008113181459786265,0.004468939670678026,0.7093365687443277,0.7048090784793,0.5038893552345388,0.0025794291688511356,0.7070764473743928,0.7070764473755466,0.008896160989014272
470,0.7040153385292786,0.7040150543031424,0.06614175683301217,0.06595812636134102,0.5155814719282038,2.0075815222245123e-07,0.06605000541296333,0.0660500054125922,0.9956278388885634
471,0.007131963144187701,0.0022385523038479433,0.704766059175616,0.7094003988012437,0.4981125600304531,0.003461328785560229,0.7070870257502545,0.7070870257619997,0.0066253466132246116
472,0.09142152334216516,0.09117457449152834,0.7019514324167428,0.7004237921174407,0.5212226651644987,0.00017447600845825467,0.7011880282884642,0.7011880282927178,0.12911493918999373
473,0.5564754258489778,0.5564597408130543,0.43634653143961927,0.436221688801777,0.5667027914464038,1.1133956498761502e-05,0.4362841145877982,0.43628411458452415,0.7869640033670968
474,0.011456425730774515,0.00924138030417952,0.7046370278184706,0.7094152565505608,0.4982225337207745,0.014635664355369166,0.70703017869956,0.7070301787106509,0.0015652888960847068
475,0.7071066902786826,0.7071066902703438,0.0003573740675859735,0.0003597524401564558,0.4999898459584428,0.9999998714309684,0.00035856522584967623,0.0003585652258555465,5.881038215934965e-12
476,0.7071006876124704,0.7071006923220444,0.0029450661422770258,0.002926180375387898,0.5008312976246094,3.9235911293803794e-10,0.002935638446033991,0.002935638446038422,0.9999913819897784
477,0.036131054032055444,0.035492479173845154,0.7038931991011157,0.708497844115148,0.4997796704150568,0.00045408247408799176,0.7061992745828195,0.7061992745927423,0.050645463296132155
478,0.020127981503961105,0.018955592559802913,0.7050747561727325,0.7085937750779703,0.5008687009111839,0.0008272570979411498,0.7068364555832611,0.7068364555749655,0.02763631260517514
479,0.7065153043192977,0.7065152500556869,0.028942358379357293,0.028890845980817443,0.506541497037984,3.867846605169453e-08,0.02891661365078162,0.028916613650597115,0.9991634795717578
480,0.25678649470175435,0.2567089660948395,0.6591071155134994,0.6585886524567255,0.549052423173624,0.3630961224264998,0.658847934981626,0.6588479349863203,5.489568196813207e-05
481,0.6930723249747662,0.6930710247757623,0.1400673911396839,0.14030122205336418,0.5236426420380818,0.9801513623052327,0.1401843553503659,0.14018435535161172,9.221062101619367e-07
482,0.7067298076326275,0.7067297783225923,0.023124581190815265,0.023049091674168454,0.5056790726794601,0.9994668544367756,0.023086867286936753,0.023086867287057347,2.426057864328983e-08
483,0.7071065439559617,0.7071065439341956,0.0005811687568080261,0.0005772893265530749,0.49983467121712477,0.9999996644898974,0.0005792322895099192,0.0005792322895272558,1.565513188443758e-11
484,0.7071067760174403,0.7071067760169661,8.530028632354334e-05,8.570282847820955e-05,0.4999904853363805,0.9999999926894435,8.550179429626545e-05,8.550179429791515e-05,3.3540785384986165e-13
485,0.7068868068014548,0.7068867866188762,0.01764685472011462,0.017626735153385465,0.4961294472668573,1.4475336267991254e-08,0.01763679780539844,0.017636797806062178,0.9996888949699891
486,0.006955785856612349,0.0015903309109927635,0.7085633762218548,0.7056111037730263,0.5028401037368326,0.0060456233483256695,0.7070887808101439,0.707088780806998,0.0037897951949527574
487,0.028390475638832527,0.02757233776061861,0.7055237819776232,0.7075803418322282,0.5036074201550016,0.0005771925850299361,0.7065528101541946,0.7065528101611604,0.03957170409907267
488,0.007720135032319816,0.003707757934198624,0.7051991026399329,0.7089575993541631,0.4979555813545025,0.008080148131593912,0.7070808482998385,0.7070808482866482,0.0028388659685451806
489,0.7069653012239017,0.706965293515971,0.014147913930886298,0.014141450059140285,0.4970247045812496,0.999799907942402,0.014144682364517172,0.014144682363978431,9.09417057872735e-09
490,0.7067556517209234,0.706755619501852,0.022212225101080302,0.022350841575808814,0.501297752862146,0.9995034051652418,0.02228164113234492,0.022281641132047728,2.2707431660019906e-08
491,0.7071066352769029,0.707106629994683,0.0004638276043156341,0.0004609549557489811,0.5001298046345043,9.803320372497456e-12,0.0004623935108508039,0.0004623935108517347,0.9999997861922181
492,0.010711932693658407,0.008300409799122945,0.7082591826574576,0.7058224195054488,0.5035334275826631,0.013444278424157428,0.7070418508476718,0.7070418508440888,0.0017010827494802177
493,0.007096159208301162,0.002121348601750271,0.7062739537083418,0.7078998846713949,0.5006060450443096,0.0035258588384478157,0.7070873865354979,0.7070873865421352,0.006513364326601472
494,0.02015026145994439,0.018979234638512064,0.7074184328952708,0.706252728430568,0.5049481578445196,0.000827215020213782,0.7068358209687498,0.7068358209733405,0.027668756742545365
495,0.006775142235640671,0.0002200824204610614,0.7065724556012785,0.7076082348284163,0.5008598918753059,0.004842524472713071,0.7070905348751872,0.7070905348690009,0.0047435161342756155
496,0.01277556425163051,0.010833828191100361,0.7068995904047494,0.7071155366785244,0.5024540720016422,0.016694338686414623,0.7070075717891804,0.7070075717835895,0.0013732913971408387
497,0.011026557442988881,0.008702772281114353,0.7088797867460653,0.7051894247139866,0.5042699253762103,0.001637367278442301,0.7070370134519863,0.7070370134543781,0.01395142440096897
498,0.03388275939187073,0.03320068769540765,0.70850460325081,0.7041100056986404,0.5109492936972103,0.0004863693965959425,0.7063107223292411,0.7063107223278388,0.04743511876516652
499,0.7042715214946974,0.7042712609420425,0.06347413354542882,0.06304493821645638,0.5177661031955612,0.9959901456018062,0.06325989987370625,0.06325989987368298,1.850918534585885e-07
500,0.007134254185108245,0.0022459169647555,0.7090904276771741,0.7050778848124789,0.5033802258179666,0.006630160963218983,0.707087002524389,0.7070870025223998,0.0034616023112977214
501,0.7070930845954215,0.7070930780702933,0.0043907353871820536,0.004413338374329566,0.4995649860774866,0.9999806217558188,0.004402051388037861,0.004402051388120842,8.888406356727182e-10
502,0.009249920642110743,0.0063016348773692705,0.7054985011442176,0.7086230261918163,0.49779604650809356,0.01099767530121115,0.7070624895814992,0.7070624895953668,0.0020791276974138737
503,0.7067583234542455,0.7067582862187992,0.022197187542486417,0.02219660787872408,0.50448772480083,2.2671966505702527e-08,0.022196897712582413,0.022196897712412525,0.9995071762943379
504,0.7068960163913942,0.7068960023305023,0.017287481440015597,0.0172399052477728,0.5041374649981315,0.9997019199003813,0.01726370973295882,0.017263709733055955,1.3454490666902949e-08
505,0.7071067498024871,0.707106749799609,0.00021094470034422548,0.0002104137110528923,0.5000502036998616,1.9928310029001197e-12,0.00021067937298398305,0.00021067937298520925,0.9999999556142012
506,0.7071064389924532,0.707106438961063,0.0006964260884725855,0.0006949143266038784,0.5001623035278369,0.9999995160422748,0.000695670618187464,0.0006956706181916981,2.2255038976550507e-11
507,0.012733057504208183,0.01078364775053652,0.7076786345744612,0.7063374068776177,0.5033951703465241,0.016628966298939986,0.7070083387702951,0.7070083387747554,0.0013766960600807817
508,0.6731630286857522,0.6731598370540708,0.2171493674889658,0.2157626538284735,0.5553408519507471,0.9519940280311171,0.21645712114425247,0.21645712114390242,2.264297732070791e-06
509,0.010621081577062949,0.008182847694201814,0.7078225735689292,0.7062630090667344,0.4980751816519644,0.001725986534656084,0.7070432213289436,0.7070432213114918,0.013296140069031908
510,0.15529189128819032,0.15515129600482366,0.690411720414801,0.6893070144442448,0.46502225148412496,0.21951648281793104,0.6898595885653861,0.6898595885486845,9.961468035140997e-05
511,0.7070066879253053,0.7070066840134686,0.011865696741870267,0.011929152506250923,0.4988941207835396,0.9998584402610726,0.011897466929606228,0.011897466929827948,6.554127702160216e-09
512,0.038497428912270294,0.03789893831098871,0.7051976827837844,0.7069496776035634,0.5055540917789735,0.00042278375739495175,0.7060742236043303,0.7060742235975931,0.05402039232084164
513,0.7070648181475387,0.7070648142983444,0.007679352352098985,0.007727798307495221,0.5004228444714871,0.9999406525793242,0.007703613412893259,0.007703613412789178,2.7542795653254155e-09
514,0.030203123298262677,0.02943558363607515,0.7051617031056644,0.707791134619432,0.5031741716728941,0.04217096927635012,0.7064776421664803,0.7064776421739298,0.0005399792149297225
515,0.7068887529915039,0.7068887329912222,0.017601637408573477,0.01751549099272047,0.4952964109382028,1.4118020870322647e-08,0.017558617032133978,0.017558617032608807,0.999691647427255
516,0.7071066345055259,0.7071066292232306,0.0004647913211711145,0.00046234882403088244,0.4998744199420528,9.764415338316373e-12,0.00046357168124624873,0.0004635716812589576,0.9999997851012731
517,0.707106774220844,0.707106774219722,0.00013176561901703527,0.00013131090320791337,0.5000328559331477,0.9999999826976339,0.00013153845760155997,0.0001315384576008975,7.941337008012268e-13
518,0.031682952433988686,0.030952275486119885,0.7076997905924267,0.7051235023724772,0.5088077953933269,0.0005155116971733255,0.7064128209508553,0.7064128209473898,0.044289807463063276
519,0.02387218669962997,0.02289268191501911,0.7086689463621011,0.7047654704076675,0.5078523896465341,0.0006938587044704641,0.7067199034320115,0.7067199034341399,0.03306772963453137
520,0.028212902651011795,0.02738947947271927,0.704340627604399,0.7087722686759534,0.4968760018286065,0.0393168276668919,0.7065599226254478,0.7065599226376614,0.0005818281480839493
521,0.7050963817609888,0.7050961970679219,0.05346329750475001,0.05310481266167318,0.48455147328390386,1.3025216092377404e-07,0.05328435656027057,0.053284356558663315,0.9971567352688679
522,0.7070662038459247,0.707066200124947,0.007573012033553628,0.007577698101692093,0.501464657475329,0.9999426123434378,0.007575355429938663,0.0075753554300002895,2.600746579550129e-09
523,0.7071061390376678,0.7071061389787676,0.0009498248118315994,0.0009561310621282245,0.5000324029973231,4.145869501763541e-11,0.0009529831533431004,0.0009529831533566694,0.9999990918226968
524,0.08319642295229376,0.08292419008068735,0.703936848605608,0.7004818678539718,0.5227542136448388,0.11746501062181518,0.70221148310913,0.7022114831065214,0.00019303531977715653
525,0.008054269422033532,0.004360900517913431,0.7056271320163907,0.7085241434513114,0.5000119810806416,0.008780924696615688,0.7070771214308844,0.7070771214231912,0.002604624802774072
526,0.03938528397903421,0.038800571709698875,0.7036396142019719,0.7084028574138674,0.498846281968601,0.0004126278875089021,0.7060252527641349,0.7060252527535908,0.055285754691269264
527,0.706989799231725,0.70698978323198,0.012819997094423153,0.012904468672904519,0.49954531575544614,0.9998345474941188,0.012862302228324062,0.012862302228537556,7.606810276351139e-09
528,0.7070464420436251,0.707046436508118,0.009214763010447864,0.009261126128739522,0.49904563645532546,3.910982873463587e-09,0.009237973655363517,0.00923797365518812,0.9999146562009622
529,0.018188489136638453,0.016881740007302335,0.7069347077722618,0.7068433381338415,0.4962967294416016,0.024798387488331342,0.7068890244375,0.7068890244211217,0.000924262260583482
530,0.006833399226305959,0.0009169655599522838,0.709479922609592,0.7046919208016227,0.5036516514649889,0.0042162093570039475,0.7070899744124047,0.707089974412492,0.005455249716446193
531,0.7069808537825926,0.7069808422301156,0.01332130713839294,0.013368017076466102,0.5018796830933383,0.9998219035886179,0.013344682544664973,0.013344682544526944,8.161516272613562e-09
532,0.007169786025284073,0.0023563240093436633,0.7092719243621534,0.7048945873092979,0.5035578376047001,0.006736534369439194,0.7070866431733727,0.7070866431719308,0.0034025282276653824
533,0.7069042017756503,0.7069041779224459,0.01697660634410327,0.016874093552194366,0.4952436042065154,0.9997134888575989,0.016925427559658836,0.01692542756014146,1.2886319794467409e-08
534,0.020744379986541113,0.019608946853593198,0.7081624280154867,0.7054722783046103,0.5061702646260632,0.0008045696727536413,0.7068186330006675,0.7068186329972882,0.028534063127150098
535,0.012561428216773023,0.010580417134305364,0.7093932055013421,0.7046215617511968,0.5052698660011308,0.0014027990589695707,0.707011409135887,0.707011409135562,0.016363583306821257
536,0.7039183172487259,0.7039180188934318,0.06729198165403054,0.0668597183730731,0.48074754491209315,2.0995338334889858e-07,0.06707619822108853,0.06707619822305282,0.9954906163616528
537,0.7071067686810525,0.7071067686799054,0.00013290622618772598,0.00013307305225828469,0.500024278969421,0.9999999823137484,0.00013298966538251018,0.00013298966538136388,8.101762529176069e-13
538,0.7071066395112536,0.7071066342294207,0.0004547617015745778,0.00045697944638997516,0.5000486364204889,9.583670235435824e-12,0.0004558719226091527,0.00045587192260384765,0.999999792180768
539,0.7069501255104974,0.7069501111403343,0.014895987317317196,0.014871784062518477,0.4966321250076373,1.017908160609979e-08,0.014883890609827163,0.014883890609466073,0.9997784452570676
540,0.6861622044054452,0.6861602540570916,0.17032151339628515,0.17133626899219004,0.4879200670944731,0.9703785163534517,0.17082964467082928,0.17082964467387762,1.3807931684838896e-06
541,0.007777477621913398,0.0038257588680946047,0.7094554738921044,0.7046969596751841,0.5039086511525948,0.008202797820956094,0.707080219781118,0.7070802197807577,0.0027999458895996867
542,0.04040559904570575,0.039835952322358474,0.7036708780143938,0.7082568601355059,0.4967563571489213,0.05673934358464208,0.7059675929098438,0.7059675929216828,0.0004029826568779512
543,0.7071066696651381,0.7071066696549072,0.00039629518185404144,0.00039798838298402074,0.5000489988679832,0.9999998422776761,0.0003971426847793439,0.0003971426847837162,7.347082273776189e-12
544,0.7071066214651301,0.7071066267188392,0.00047443471326395894,0.000476122627433608,0.5000664186310304,1.0298524440398401e-11,0.00047527941966217367,0.00047527941965724206,0.9999997741094485
545,0.6868407501158326,0.6868388642705338,0.16837516376023814,0.16778546640497266,0.5393069940067997,1.3227538640417532e-06,0.16808057369652374,0.16808057369567936,0.9713381705103362
546,0.6429730513565225,0.6429668761205465,0.29458960830232767,0.29393232915307316,0.5592147733565366,0.9092968429175222,0.2942611522458566,0.2942611522440743,4.3770911674868845e-06
547,0.707106717484079,0.7071067174782364,0.00030110828806194037,0.0002991986690136048,0.49991508903718584,0.999999909906974,0.0003001549971967413,0.00030015499718800184,4.100676504984265e-12
548,0.006770012512400675,0.0,0.7078268638992059,0.7063535366412945,0.5020998100231732,0.004726156951551336,0.707090584004944,0.707090584009289,0.004845147821610172
549,0.6917822574348111,0.6917808415628199,0.14691248582541724,0.14592225444641535,0.4571654455374602,1.01065192082161e-06,0.14641820725717272,0.1464182072616771,0.9783268457754035
550,0.7069767546027045,0.7069767426737582,0.013598339471436892,0.013522345649729754,0.5036946775206573,0.9998160987560409,0.013560395795335335,0.013560395795295053,8.641103231377369e-09
551,0.02432560162565471,0.023365148469459824,0.7050301169299834,0.7083748083918855,0.5015407455178075,0.033722403652056226,0.7067044413795192,0.7067044413876348,0.0006815785924903629
552,0.011058340357903805,0.008742994740666359,0.7046699186094446,0.7093952205635745,0.49860332163238175,0.014001382148436726,0.7070365171495855,0.7070365171392975,0.0016395567815727314
553,0.7070959223144083,0.7070959265868271,0.0039316881811450165,0.0039059607223195015,0.5011158709856002,6.981003459707478e-10,0.003918845564582184,0.003918845564577998,0.9999846425315149
554,0.7070616620268934,0.707061657888366,0.00796642963377717,0.008009621390083628,0.500723582687119,0.9999361889461136,0.007988054704396194,0.007988054704493592,2.9549727225015115e-09
555,0.7070686130815118,0.7070686148493147,0.007325405865421976,0.007368593430434713,0.4994539548855437,2.4786648685877642e-09,0.007347031381386089,0.0073470313812540895,0.9999460196729437
556,0.5985830148908289,0.5985721535459655,0.37521215977059413,0.37765803678848175,0.5123408049304817,0.8465165340089373,0.37643708477425303,0.37643708477952337,7.671262590269924e-06
557,0.009706738472374663,0.00695491875943472,0.7069780980278115,0.7071346245533754,0.5018898428207786,0.01178185118745617,0.7070563656248027,0.707056365619256,0.0019441320217652726
558,0.022906817212893747,0.02188406309896581,0.7060914431576194,0.7074116477745129,0.5034867278007207,0.0007230483959182922,0.7067518537352828,0.7067518537288763,0.03167193858230978
559,0.7071066858840495,0.7071066911436656,0.0003683596650369217,0.0003658957091367531,0.5001052663207086,0.9999998652157348,0.0003671297541680323,0.00036712975416781576,6.1414167129025704e-12
560,0.0234630740576805,0.022465695361478827,0.7090593749904596,0.7044001557536959,0.5082775465761482,0.0007091693002261896,0.7067336049349872,0.7067336049342001,0.03247645903134435
561,0.7070600435694926,0.7070600392825097,0.008103974483533864,0.008156055106003588,0.5003814791536537,2.989166624643526e-09,0.008130056498074186,0.00813005649796217,0.9999338999967334
562,0.7068624871991555,0.7068624700574452,0.01857485305485641,0.01859717443330972,0.5034116163587466,0.9996545002835142,0.018586017094936493,0.0185860170950956,1.5730590431680854e-08
563,0.707106628129922,0.7071066281158833,0.0004648799757472253,0.00046563496981338583,0.500082760054339,0.9999997835353177,0.00046525762592353756,0.00046525762592766523,9.793563593766843e-12
564,0.7062002350537733,0.7062001518565749,0.035721498980171074,0.03586848252093384,0.49542710004541096,0.9987178913348108,0.03579506619490885,0.035795066194197686,5.847795651826158e-08
565,0.7071065168437646,0.7071065168195242,0.0006109432030355584,0.000611928788200591,0.49989202032451985,0.9999996261457109,0.0006114361942101473,0.0006114361941967475,1.7355138603229223e-11
566,0.7071032258119772,0.7071032254858615,0.0022354535453970523,0.0022492890508380085,0.5001340116400738,0.9999949717104649,0.002242381968768241,0.002242381968798151,2.2671031031343142e-10
567,0.006966684260530534,0.0016371257447634394,0.707711490627461,0.706465307827334,0.5020321133794248,0.0037669579337728703,0.7070886737659327,0.7070886737613943,0.006084808806797201
568,0.010083799744645449,0.007472257095553247,0.7084190582495371,0.7056804661221135,0.5035259446751695,0.012414305039012169,0.7070510880950469,0.7070510880983744,0.0018446335464339244
569,0.007108714990922634,0.002163578106364956,0.7087915452856836,0.7053788559579128,0.5030969676213108,0.006562503785983024,0.7070872595009627,0.7070872595036484,0.003485461677234232
570,0.7070332195307828,0.7070332127834742,0.010199143557139715,0.010199998613814047,0.5020452198744977,4.8760728650307644e-09,0.010199571094476688,0.010199571094397487,0.9998959633376795
571,0.015594310822407906,0.014048007749018132,0.7053358078985582,0.7085625371465963,0.49705211837735697,0.020960165561502146,0.7069510134977466,0.7069510134839916,0.0010956770080433325
572,0.354417934463032,0.354369488690047,0.6102986400542946,0.6134702626569472,0.46798603543312783,0.5011883933349254,0.6118865063190119,0.6118865063075173,3.4202976298028e-05
573,0.7065104589057594,0.706510404186438,0.029028069339822257,0.029041202170192727,0.5056451512402389,0.9991566342505611,0.029034636497414616,0.029034636497647696,3.8339095665970136e-08
574,0.008809712998961192,0.0056356124264776986,0.7076421504344176,0.7064936063107748,0.5024024846037398,0.010214490478735098,0.7070681115832965,0.7070681115787095,0.0022439596265008306
575,0.7070519393398962,0.7070519343101288,0.008798767665150456,0.00881470087780761,0.5015341531861519,3.5797978047099934e-09,0.00880673787475031,0.008806737874829584,0.9999224383600976
576,0.5451368715804412,0.5451198085201678,0.4509053273356163,0.4498383836254805,0.576183202262674,0.7709278917325258,0.45037217143426794,0.4503721714315915,1.210033231656485e-05
577,0.707098977123954,0.7070989764081439,0.0033109968300934615,0.0033333785825960132,0.5000387781452715,5.073209659096391e-10,0.003322206554646191,0.003322206554695937,0.9999889628826847
578,0.7070860489337805,0.7070860470323278,0.005401074631731612,0.005428617525356379,0.499448980819495,1.3272524706183442e-09,0.005414863590860321,0.005414863590757987,0.9999706788224284
579,0.02507767991111838,0.02414724580915117,0.7088452993149422,0.7045043379066069,0.5084690735334688,0.0006583943328304204,0.7066781518088691,0.7066781518103684,0.03480726974059552
580,0.707096032463213,0.7070960367457088,0.003898730889282936,0.0038991077450049702,0.4992137806041066,0.9999847983125738,0.0038989193217419827,0.0038989193216523096,6.880698220996784e-10
581,0.024665440376961563,0.023718795962940704,0.7090240866643208,0.7043535186956194,0.49460376359698466,0.03421280770491366,0.7066926612045925,0.7066926611821054,0.0006700894475062477
582,0.7071067611064745,0.7071067611046326,0.0001682304727969332,0.00016880798090092,0.5000240461798967,1.2956141746146376e-12,0.00016851947423479017,0.00016851947423652546,0.9999999716011861
583,0.06952618039907112,0.06919880672302861,0.703392696222409,0.7040002487841666,0.5127884965409761,0.09809338172630981,0.7036965380684171,0.7036965380742779,0.00023037854006674433
584,0.7071067137399346,0.7071067137337487,0.00030870478189169037,0.0003089950244293813,0.49994183533316566,0.9999999046117114,0.00030884993725851856,0.0003088499372516033,4.3426746007392385e-12
585,0.0068714249982015545,0.0011652982150456045,0.7080373165886957,0.7061406261619619,0.5023236506624813,0.003973804601815937,0.7070896073316415,0.7070896073356714,0.005725668382161527
586,0.06822080654871893,0.06788701431086282,0.7053364158748422,0.7023089173380117,0.518382160759456,0.00023561261298670415,0.703824294454012,0.703824294457055,0.0962427636502857
587,0.007897847431800793,0.004064900009027128,0.7081760860776213,0.7059799796748107,0.4988507587849198,0.008460319051983788,0.7070788854709792,0.7070788854965073,0.00270599476681521
588,0.006944259337171405,0.0015390242311095043,0.7071475968669688,0.7070301867048719,0.501477517849,0.006017973664545576,0.7070888942255497,0.7070888942201998,0.0037914807527759326
589,0.0345569367739145,0.03388854516839889,0.705426293572047,0.7071287923618572,0.5050280446835568,0.0004707167644381971,0.7062780559526449,0.7062780559593279,0.04839828277736032
590,0.7070893617582344,0.7070893548918119,0.004960824698062827,0.004967530143393208,0.500897185393513,1.1249568155000092e-09,0.004964178552935928,0.004964178552892842,0.9999753566276468
591,0.7070821700397952,0.707082162513355,0.0059190943527466545,0.0058814997761079,0.5016659026355845,0.9999651855351903,0.005900327006750888,0.005900327006741299,1.5998521723203944e-09
592,0.009951889399950752,0.007293189855602067,0.7074316330201417,0.7066740789659709,0.4980969525911186,0.012194683319128992,0.7070529574423992,0.7070529574592733,0.0018762779100728
593,0.6836107194477278,0.683608527513312,0.18024520644643227,0.18129376966769434,0.48616929953129046,0.9667700008949025,0.18077024833807598,0.18077024833481414,1.5586399161731468e-06
594,0.706946266107213,0.7069462513841713,0.01510933905405869,0.015022728257071847,0.495825212338027,0.9997729869870774,0.015066095893579467,0.0150660958931568,1.0414650548596436e-08
595,0.009495741233593057,0.006657080994289382,0.7074053465988388,0.7067129472253851,0.5023120582941641,0.011420541871323887,0.7070592316650818,0.7070592316700193,0.002014212188892758
596,0.7070836258861399,0.7070836237622197,0.0057304438041624346,0.0057146325163030314,0.5013754028116296,0.9999672519582846,0.005722543621040383,0.005722543621008197,1.4956354276945981e-09
597,0.009480058704686354,0.006634848290554753,0.7074166704161474,0.7067020317591042,0.5023227174954116,0.002013855281556649,0.707059441377476,0.7070594413725666,0.011394608891397864
598,0.04525555137358079,0.04474812513238522,0.7063177266340908,0.7050282330584076,0.5106561501070829,0.00035773264834777416,0.7056732743843642,0.7056732743888353,0.06364221602319269
599,0.7071067518902796,0.7071067518875924,0.00020323648484865241,0.00020386536854870876,0.5000303215209138,1.925152867751467e-12,0.000203551169569604,0.00020355116957164292,0.9999999585669207
600,0.023003873602910944,0.021985600551928188,0.7063559181068132,0.7071412674445688,0.503991230586899,0.03181223062448316,0.7067487018591369,0.7067487018651364,0.0007258202686232103
601,0.1134876703527806,0.1132906615284219,0.6972542747624546,0.6986574632921556,0.5182456106888609,0.00013922606530271072,0.6979562216498285,0.6979562216562313,0.16035649636903274
602,0.007452281541046899,0.0031117833698368425,0.7064926983172962,0.7076742524130982,0.5009068494948689,0.0030735080497116206,0.7070837221627966,0.7070837221690918,0.007468148644488765
603,0.6949752662072887,0.694974143915091,0.13009311689667463,0.13075205384870703,0.5127726314496993,0.9828426534037726,0.13042300151649752,0.13042300151804026,7.983938047875034e-07
604,0.03604134975492296,0.03540111268145519,0.7054679043234936,0.7069390485028938,0.5055234502976991,0.05051745583540898,0.7062038594973693,0.706203859490855,0.0004520256179426703
605,0.7070823458773581,0.7070823436357354,0.0058622920491270035,0.005894828165200351,0.5005141226760093,0.9999654416692771,0.005878582616823722,0.00587858261689627,1.5925640779581418e-09
606,0.7071053096584287,0.7071053042546275,0.0014492482546926153,0.0014411377064916658,0.500396729448261,9.533837616613815e-11,0.0014451986702204145,0.0014451986702162431,0.9999979113986224
607,0.7070942651906169,0.7070942640425106,0.0042062960725975365,0.004208202237650139,0.5008255153160779,0.9999822988969748,0.004207249263059495,0.0042072492630932205,8.195870344870567e-10
608,0.7070982573583455,0.7070982618448242,0.003478508059531127,0.003465540216416774,0.5008738013175189,0.9999879449336827,0.003472030192260844,0.003472030192244037,5.708316413958064e-10
609,0.006820848674315245,0.0008175334952644644,0.7062787736843736,0.7079004884199863,0.5005650365909686,0.005455569599641223,0.7070900959820282,0.7070900959753887,0.0041748171199899545
610,0.0067812681815080595,0.0003645491965460222,0.7054423691722679,0.7087347495942038,0.4996155325777903,0.004564578266157748,0.7070904756444997,0.7070904756525694,0.005028232245864974
611,0.007043214833259753,0.0019372762476595243,0.7089587200329445,0.7052121477788071,0.5032333379383254,0.003607602118198877,0.7070879153573575,0.7070879153550398,0.006351780963160094
612,0.7070967465709644,0.7070967509190468,0.003778336472887169,0.003755988878744109,0.5010474314651588,0.9999858082598176,0.003767179247107061,0.003767179247097856,6.443666540023848e-10
613,0.7071063836949967,0.7071063836585443,0.000751131401068807,0.0007484174885436155,0.5001883768074532,0.9999994378362823,0.000749775672729859,0.0007497756727261894,2.5963080624083097e-11
614,0.007387723542622002,0.0029539215783761933,0.7073126632506196,0.7068560619344527,0.5017363839301716,0.00313709067252674,0.7070843994463869,0.7070843994515154,0.007311824255666546
615,0.7071040662813382,0.7071040660318784,0.0019626985480396594,0.001960093134678291,0.49956641046545136,0.9999961529172573,0.001961396273994003,0.0019613962739468025,1.796905488952422e-10
616,0.10631908806798565,0.10610809027623393,0.6994940690237689,0.6986740098865047,0.4766371931328295,0.0001491476208813834,0.6990841596928563,0.6990841597095805,0.15020869836552306
617,0.7070471198896204,0.7070471144169361,0.00917703615746592,0.009194033816059346,0.5015913587791769,3.866940830013604e-09,0.009185538918533898,0.009185538918451044,0.999915622314965
618,0.02103021958122071,0.01991111077141766,0.704782795509133,0.7088317774243402,0.4968904636946071,0.00079259669389704,0.7068101858173629,0.7068101858045365,0.02894985765538144
619,0.7071041744921087,0.7071041689841628,0.0019274507062511422,0.0019165086427246655,0.5005277802164727,1.7055058421157194e-10,0.0019219874612813872,0.001921987461286753,0.9999963059573758
620,0.7070967010003878,0.7070967053441982,0.0037833673872231265,0.0037680641493186336,0.5009673891295168,6.582217584249354e-10,0.003775723521389921,0.0037757235214070975,0.9999857438102694
621,0.22727848073938173,0.22718798761162826,0.6718692949430463,0.6673243296856916,0.5597746128484108,0.3213563215655991,0.6696006684874641,0.6696006684874688,6.412526937644636e-05
622,0.7071042643601995,0.7071042641293399,0.0018828901763797627,0.0018904227862150474,0.49975580987366586,0.9999964405068023,0.0018866602405847176,0.0018866602406223797,1.6535332384732757e-10
623,0.7071067450160204,0.7071067450122186,0.00024216920297737442,0.00024200476691412586,0.500051477359042,0.9999999413938814,0.0002420869989063986,0.0002420869989081416,2.7367315218460462e-12
624,0.7039200658447474,0.7039197728715002,0.06697484037360994,0.0671406361200103,0.5106764989311806,2.0693373382258604e-07,0.06705778948632445,0.06705778948696388,0.9954930967808344
625,0.7071062395709784,0.7071062395212986,0.000872284478236969,0.0008781284785766919,0.5000234586558492,0.9999992340047879,0.000875211356141591,0.0008752113561542463,3.5532176113055946e-11
626,0.006884165856136242,0.00123946807609499,0.7092814344608916,0.7048907140177494,0.5034838664792668,0.0057439220513268805,0.707089482308062,0.7070894823066385,0.003991914342108492
627,0.69656847948759,0.6965675003748467,0.12189515428339139,0.12135752761018025,0.5303069227037708,6.946626579344694e-07,0.12162663800654974,0.12162663800603539,0.9850958947504003
628,0.7071067477883205,0.7071067477852565,0.0002172902955783581,0.00021737917459672244,0.5000427565376444,0.9999999527656079,0.0002173347396317929,0.0002173347396300541,2.1815892115163253e-12
629,0.7065677973213339,0.7065677478772081,0.027696774827500954,0.02751098166834963,0.49204181605365005,0.9992377267456382,0.027604034561596564,0.027604034562428423,3.501646760558039e-08
630,0.038759365264943335,0.03816501176805878,0.7061554132196216,0.7059643587757334,0.5080127613198981,0.0543937427286172,0.7060598924625558,0.7060598924572699,0.0004210355927542119
631,0.7016573493468282,0.7016568476921275,0.08773787295345051,0.08750255907076426,0.5204654006395711,0.9922929848616003,0.0876202950070398,0.08762029500753656,3.557893878437147e-07
632,0.25238401117394976,0.25230472165436746,0.6627298035051968,0.6583569289379598,0.5645337311534446,0.35686882538589565,0.6605469848291414,0.6605469848298371,5.597348824560644e-05
633,0.7070995288909714,0.7070995282257607,0.0031950353734538414,0.0032101672906668212,0.5003575992666794,0.9999897432348631,0.003202610269133933,0.0032026102690971272,4.6397693251882267e-10
634,0.2124947522582386,0.21239657080487664,0.6754663197712613,0.6734084405676131,0.5478601634980907,6.94536900426213e-05,0.6744381650596165,0.6744381650559629,0.30044353579856925
635,0.03559303384961674,0.03494455084765119,0.7039015693988943,0.7085439964499062,0.49961472184704075,0.04987759628863782,0.7062265976022133,0.7062265975921843,0.00045943555772999837
636,0.6802105003846628,0.680207979695955,0.19359830112573184,0.19274460950404665,0.5463176262831266,1.7883556270980836e-06,0.1931719269088062,0.1931719269096207,0.961961128791193
637,0.6864633757262527,0.6864614485341161,0.16953898301833817,0.16969164367503445,0.4678859621200127,0.9708044495685696,0.16961533051988226,0.1696153305236833,1.356253894566668e-06
638,0.7071007306821023,0.7071007301271369,0.0029343077246971466,0.0029161551203954823,0.5008234627689377,3.8655038231796414e-10,0.0029252455033261554,0.002925245503320405,0.9999914429021348
639,0.7069287874142711,0.7069287710880067,0.01590842565963908,0.01582163474554467,0.5043108586656309,0.9997482672488166,0.015865089552034313,0.015865089552083256,1.147077067338936e-08
640,0.40685656922911523,0.40681886980197324,0.5785152982107498,0.5781748775105068,0.5661825971048732,2.6576590391655087e-05,0.5783451129096802,0.5783451129054795,0.575355420627568
641,0.007947702379485047,0.004160933090231961,0.7063205611983989,0.7078352813268636,0.5008114485461334,0.008563687380305536,0.7070783268747385,0.7070783268681923,0.0026725635159253612
642,0.7049739366622318,0.7049737407380329,0.0548953163477353,0.05486613341647546,0.5113841208946388,1.3805830839161283e-07,0.05488072682206601,0.0548807268216647,0.9969835563573696
643,0.7071063096841339,0.7071063096408805,0.0008178114199140244,0.0008153866681814738,0.5001986383342643,0.9999993331643074,0.0008165999440353779,0.0008165999440309165,3.067092717647683e-11
644,0.0077025181407527465,0.0036709235224286325,0.7090719589313621,0.7050845003203644,0.503523002539495,0.0028527679024752534,0.707081040453514,0.7070810404514845,0.008041528493436553
645,0.7071029956392951,0.7071029952921494,0.0023140911917427743,0.002313566242739754,0.5004753963469158,2.469415459014658e-10,0.002313828732119755,0.0023138287321371755,0.9999946461822657
646,0.009332030650322686,0.0064215510397324874,0.705172631376474,0.7089451578544753,0.499551166815521,0.011139072045446981,0.7070614106638361,0.7070614106552515,0.0020601422874169917
647,0.7071014749011942,0.7071014691456319,0.002733001145846959,0.002748577796809815,0.500219095758575,0.9999924879842004,0.0027408005371155893,0.0027408005370810175,3.428341588629732e-10
648,0.7071014135347623,0.7071014130419998,0.002764802538899749,0.0027483484341791716,0.500766823516364,0.9999924011950312,0.002756587763413111,0.002756587763406548,3.467786963611229e-10
649,0.010596063501876545,0.008150360332987794,0.705889389497187,0.7081959226513483,0.4976434452553183,0.0017288148208515768,0.7070435966204995,0.7070435966350693,0.01325579626459856
650,0.706963048140435,0.7069630349554598,0.014224870626797252,0.014288765734096516,0.49831725718617564,0.9997967214536413,0.014256853975282929,0.014256853975561002,9.313573066785482e-09
651,0.7070924472943022,0.7070924459794644,0.004497517806819045,0.004507344196992103,0.5007525397757429,9.329577814935977e-10,0.004502433682600729,0.00450243368264267,0.9999797278854545
652,0.7070993425265263,0.7070993471127098,0.0032346262236775465,0.003252346080776903,0.5002858582322619,4.755340464776495e-10,0.0032434982531448255,0.0032434982531047898,0.9999894796637434
653,0.007031995978369025,0.0018961647562603292,0.7051996919311112,0.7089713323485197,0.49933505519165966,0.0036367832205334884,0.7070880269031703,0.7070880269117498,0.0063101676704765955
654,0.007280144282987997,0.0026734351977597617,0.7083493076393895,0.7058194603510611,0.5027256519047271,0.003256553671992554,0.7070855154252663,0.7070855154217569,0.007038651484423379
655,0.7070726267503301,0.707072623617662,0.006929456990944051,0.006971582107290114,0.500455433208457,2.2324702447784992e-09,0.006950551462628613,0.006950551462537513,0.9999516886673749
656,0.706916011683186,0.7069159941855483,0.016417819017207253,0.016431667792872032,0.5031002635603204,0.9997301913577803,0.016424744864708934,0.016424744864572415,1.2341275495551705e-08
657,0.2059719735059381,0.20587007003655017,0.6752330744930224,0.677682341148049,0.5257704271083006,0.29121630184344827,0.6764588163309165,0.6764588163379762,7.174545709217979e-05
658,0.007008944996110974,0.0018087017794258238,0.7056047121781012,0.7085686935223522,0.49984222165321224,0.0036762011453361056,0.7070882559047946,0.7070882559125348,0.006235563905889886
659,0.7070925371718094,0.7070925305960246,0.004488359039340587,0.0044898925161791035,0.5008889826283285,9.167552103669385e-10,0.004489125843221154,0.00448912584325673,0.9999798475461026
660,0.7056567639642708,0.7056566361164254,0.04539745040239443,0.04512562806861199,0.5124484669913626,0.9979492718512132,0.0452617432918474,0.04526174329174113,9.354037864697927e-08
661,0.6998279188683323,0.6998272530824596,0.1013126263578672,0.10108639339609203,0.5228798879891672,0.9897056596839356,0.10119957309503476,0.10119957309564606,4.796390018409296e-07
662,0.13731598077806043,0.13715520252714694,0.6954183032177556,0.6919003941265026,0.536068243363536,0.1940804351175716,0.6936615788117725,0.6936615788142165,0.00011341021758170179
663,0.019703246930205736,0.018503926379283785,0.7070112256690282,0.7066855832358705,0.5042333550791098,0.02701649535137953,0.706848423207834,0.7068484232026292,0.0008498255607900763
664,0.0072817301672376475,0.0026780508681204574,0.7048005129154694,0.7093631238260405,0.49807295082879427,0.007051297809359143,0.7070854985195384,0.7070854985314885,0.003236471695646602
665,0.007182534480997774,0.0023948231054362326,0.7061254530585731,0.7080462700730688,0.5004569497305307,0.006776616345184168,0.7070865138125851,0.7070865138057192,0.0033766032267767174
666,0.4352735808681306,0.4352408604947992,0.556180080865072,0.5583601203936072,0.5429561053507159,0.6155466619761985,0.5572711666641258,0.5572711666700925,2.308543557169292e-05
667,0.0073703786624583845,0.002909932461161594,0.7064543843088287,0.7077142168292758,0.5008500773019909,0.003155386646495972,0.7070845811508135,0.7070845811571771,0.007268681012925161
668,0.02080861872950734,0.019676887341281934,0.7058954199217837,0.7077368703346221,0.4960493298900149,0.0007988078686813375,0.706816744806064,0.7068167448210015,0.02862761618405181
669,0.7067728829452623,0.7067728575834469,0.021654940356544028,0.021801163312721594,0.499865849749794,0.9995277749199202,0.02172817483876814,0.021728174838429492,2.1823840858498242e-08
670,0.7069859228237901,0.7069859117371986,0.013088170610486163,0.013058534534753252,0.5030561026569322,0.9998290726248584,0.013073360970435152,0.013073360970356477,7.772396814423452e-09
671,0.00751981762468599,0.0032703063382159467,0.7048284669508362,0.7093303811448367,0.4980454910704103,0.0030099936316308777,0.7070830069455313,0.7070830069576073,0.0076277453413085994
672,0.707014562573056,0.7070145488465688,0.011382287263252754,0.011458054598297678,0.5003015091730032,0.9998695697547147,0.011420233765658115,0.011420233765492666,5.873980733295434e-09
673,0.7054496784119882,0.7054495209699674,0.04854171717020162,0.04822275105126198,0.5135797632962337,1.0715228011310522e-07,0.04838249696314924,0.04838249696320657,0.9976563877283615
674,0.010172880687937714,0.007592000604691965,0.7071682004781148,0.7069314042096766,0.49797882894316636,0.012562057143622084,0.7070498122652454,0.7070498122487566,0.0018222774193389613
675,0.043044543370674836,0.04251051852883467,0.7071648975478684,0.7044556982355424,0.5117474437869249,0.0003774228092306722,0.7058115977742,0.7058115977708528,0.06049656561825122
676,0.7071065570219631,0.7071065622697627,0.0005649529545049737,0.0005611508887987615,0.5001614993998506,0.9999996829688691,0.000563055130872421,0.0005630551308724396,1.4546154313677282e-11
677,0.040169399377341757,0.03959632682534034,0.705298772617111,0.7066627141716224,0.5063761949901576,0.056402883386032915,0.7059810727861904,0.705981072779765,0.0004055738368351584
678,0.7071042130611768,0.7071042075567869,0.0019133136812626427,0.0019021587561086426,0.4994718429523025,1.6744320889424806e-10,0.001907744371842096,0.0019077443717784607,0.9999963605047894
679,0.029257063286912483,0.028463931650084165,0.7077269551208727,0.7053058810557281,0.508064352898911,0.04081489328505025,0.7065174551457968,0.706517455149387,0.00056180927470471
680,0.007020510988354071,0.0018529846813846345,0.7094290020147438,0.7047395050467831,0.49966714346004726,0.003657469972080604,0.7070881411965074,0.7070881412189632,0.006272482775614064
681,0.039056981862788616,0.038467262260850815,0.7066876764453803,0.7053987169411057,0.50929224403593,0.054817916383089756,0.7060434908331016,0.706043490837595,0.00041730263821018423
682,0.7070066824205535,0.7070066679713413,0.01191227963004468,0.011883917716296492,0.5027958664934408,0.9998584250251284,0.011898107124113561,0.011898107124042935,6.548445341517515e-09
683,0.028180056278372948,0.02735561723042306,0.7087981117549426,0.7043172519680699,0.5094633437866111,0.03926965176936748,0.7065612339525125,0.7065612339512614,0.0005829259815265137
684,0.023962282156202535,0.02298663566199851,0.7088660074065265,0.7045611450813337,0.5081660508954003,0.033197880167364954,0.7067168540572052,0.7067168540556235,0.0006907514634086248
685,0.182415707534816,0.1822983363049639,0.6828521483707152,0.6835237886793147,0.5318173571239072,0.2578917735232657,0.6831880510638546,0.6831880510581242,8.32106358115978e-05
686,0.7035160904497771,0.7035157655899221,0.07136455565325872,0.07097736014984032,0.5189651685893024,0.9949217630258758,0.07117122121145182,0.07117122121122972,2.3174983404264795e-07
687,0.009952034559837912,0.007293374849000152,0.7093723997025841,0.7047258773676689,0.4988157800947046,0.0018784090138936089,0.7070529554853006,0.707052955464395,0.012194584377696499
688,0.7066971255099862,0.7066970879260366,0.023985098669087563,0.02414774843766005,0.50028287045331,2.6951362391229735e-08,0.02406656095869348,0.024066560959054174,0.9994206328104385
689,0.7070485052813014,0.707048499935934,0.009075362056690999,0.009081174007899777,0.49824770426292253,3.785352452267444e-09,0.009078268497297615,0.009078268497502977,0.999917581644696
690,0.7069836777448137,0.7069836717199067,0.013210680958576129,0.013177734317911327,0.5031169148006156,8.129907673965088e-09,0.013194217921891408,0.013194217921968074,0.9998258974575825
691,0.04188556664576082,0.04133646699688337,0.7037675438019361,0.7079887994127917,0.5014393081343789,0.0003874920728823891,0.7058813270621512,0.7058813270713094,0.05884686947420699
692,0.19795208509789627,0.19784529725940667,0.6811433996200067,0.6765470268294972,0.44385695248853846,7.61388866157941e-05,0.6788491034043779,0.6788491033836646,0.27987101287046096
693,0.007898408040104481,0.004065989398511038,0.7048312699842413,0.7093193665289615,0.4980209561043357,0.008461118565769601,0.7070788792148753,0.7070788792269799,0.002706767809173935
694,0.7063872691810991,0.706387203163367,0.031805368985480816,0.0319775491494223,0.5028822892950471,4.626035352172895e-08,0.03189157526629222,0.03189157526590249,0.9989824096820188
695,0.7071046449523917,0.7071046447564038,0.001733228345690623,0.0017430921316569131,0.49985804778842396,0.9999969787701003,0.0017381672355731167,0.0017381672356047353,1.4021565488117694e-10
696,0.7027681869631289,0.7027677878268588,0.0783474827327684,0.07807678102315274,0.5190530828475336,0.9938640189756444,0.07821224899451702,0.07821224899412153,2.8374218810584716e-07
697,0.7071066573732977,0.7071066573614602,0.0004287026311982605,0.00042582706064403373,0.5001223012403107,0.9999998174426721,0.00042726726505385717,0.00042726726505367394,8.405722262137548e-12
698,0.7070571910693849,0.7070571865206444,0.008387307974978945,0.008361615364978446,0.5020423202447488,0.9999298657673039,0.008374471523019985,0.008374471522974833,3.225038154728239e-09
699,0.7071008062164902,0.7071008056684743,0.002898426631969995,0.0029154063257489982,0.5002194525719643,0.9999915497288047,0.0029069288764015217,0.002906928876438706,3.947868702815579e-10
700,0.006854822319412695,0.0010654914419242832,0.7050433000596119,0.7091303273588047,0.49909911615232866,0.004103343443923804,0.7070897666320891,0.7070897666231153,0.005593427716949589
701,0.7064660627864953,0.7064659987252595,0.030064488223719647,0.030126877829366072,0.49492637240326254,0.9990938383255599,0.030095699193894154,0.030095699193246297,4.2307864742920905e-08
702,0.7071050160600965,0.7071050211665517,0.0015852049139638488,0.0015747633616847224,0.500449950155869,1.1434583792653846e-10,0.0015799927633622685,0.0015799927633639865,0.9999975036197526
703,0.00745215355084705,0.0031114584382407264,0.7080797506438746,0.7060862914417417,0.5025086356808951,0.007471733055074275,0.7070837235573403,0.7070837235533931,0.003064142834792822
704,0.707106531090985,0.7071065310680523,0.000594495702890163,0.0005949657457828869,0.49988661994968964,1.6051438834622164e-11,0.0005947307707668846,0.0005947307707802609,0.999999646295248
705,0.7048007716555902,0.7048005597846849,0.057245817233779896,0.056876705338083394,0.5158912990316449,1.5014981844449267e-07,0.05706155974422589,0.057061559744145084,0.9967386602310049
706,0.7065436798101506,0.7065436281302567,0.028197256065711,0.02823198220527886,0.5051138413086546,0.9992036178533052,0.028214624477926213,0.02821462447816851,3.6865888821684426e-08
707,0.14218284545224114,0.14202801693478248,0.6947795178542036,0.6905747623791021,0.538880618557672,0.20096742822258376,0.6926803306224774,0.6926803306240251,0.00010921961088769598
708,0.010098448895337776,0.007491953271871819,0.7060283359997037,0.7080719460136572,0.5008347458401332,0.0018455104486312696,0.7070508793488419,0.7070508793418674,0.01243793090122519
709,0.7051230828439787,0.7051229006484515,0.05300995171548904,0.052849579381861606,0.5127148786816015,0.9971944980685895,0.052929826287679345,0.05292982628796604,1.289288823856665e-07
710,0.0614195540668332,0.0610479423442782,0.7021933068100972,0.7067003233230169,0.5012903730535606,0.08659759503484352,0.7044504195115886,0.704450419521277,0.00026347755162481985
711,0.03837516945501915,0.03777471661528739,0.7084556426463351,0.7036981025670734,0.5125436474340556,0.053846106943007926,0.7060808796286938,0.7060808796283194,0.0004238079150496442
712,0.7071051641378846,0.7071051587207129,0.0015192155570862705,0.0015102300296251136,0.5004208464794908,0.9999977055920409,0.0015147294562537776,0.0015147294562500445,1.0462276504174716e-10
713,0.7071064153963347,0.7071064153627774,0.0007168222790932503,0.0007216813485820865,0.5000006978635432,0.9999994826707916,0.0007192559171503519,0.0007192559171393082,2.400494194899789e-11
714,0.01212726009623725,0.010061095246986972,0.7049300813207172,0.7091017447264959,0.49942355417849754,0.0014652466258931066,0.7070189898220027,0.7070189898129108,0.015689140426933566
715,0.7071058782376787,0.7071058834232125,0.0011292733756322357,0.001130832530936739,0.5002046010242966,0.9999987229788996,0.0011300532221888446,0.001130053222179038,5.906716470233203e-11
716,0.7070767832863387,0.70707678053544,0.0065027201499632285,0.00652407815195137,0.5009469971128462,1.9144155138812127e-09,0.00651340790526145,0.006513407905327648,0.999957574617503
717,0.7071067266185646,0.7071067213447206,0.0002899289151850737,0.0002918761737155103,0.5000081212953627,3.875853101271719e-12,0.000290904173776138,0.0002909041737803413,0.9999999153747575
718,0.014341735257446697,0.012643023456643119,0.7050279363932792,0.7089217710669578,0.4998955343698627,0.019081104605596592,0.7069775344999807,0.7069775345087047,0.0012011908050757224
719,0.18883965827272117,0.18872687034389501,0.6835817128173708,0.6792921269787556,0.5502065656775816,0.2669798526834653,0.6814402952113072,0.6814402952100641,7.992167843047933e-05
720,0.7045620330428496,0.7045617992483011,0.05974197670542168,0.0601324276398075,0.5022546788192119,0.9964010173446478,0.05993752011315055,0.059937520112309524,1.6800398189958283e-07
721,0.7069244872517758,0.706924470528739,0.016101934433375074,0.01600905990308463,0.49554511940648405,1.1774846765010987e-08,0.01605556432353762,0.01605556432300055,0.999742185620135
722,0.704093340160463,0.7040930579190419,0.06524162215703691,0.06518490844544882,0.5138163225209393,0.9957381475313863,0.06521327146671618,0.06521327146625523,1.9834847704184034e-07
723,0.7020595787734258,0.702059114223766,0.08405873962095406,0.08461368849752501,0.4971527058107245,0.992861849409108,0.08433667051779689,0.08433667051640183,3.2441835407491054e-07
724,0.7070359731431068,0.7070359666475181,0.010040265165460286,0.009973345667134651,0.5028592437155219,0.9998998577115665,0.010006861355816337,0.01000686135580875,4.5453174918809805e-09
725,0.00690550641119433,0.001353334385220154,0.7088990283465723,0.7052748755460909,0.5031390635530038,0.005847761513282091,0.7070892738794526,0.7070892738769958,0.003914232748469488
726,0.7071019148384105,0.707101914392118,0.0026160361390775524,0.0026307888131638086,0.4997754237299931,0.9999931176288891,0.0026234228463043155,0.0026234228461908685,3.094437182610955e-10
727,0.7071053696409824,0.7071053642426994,0.0014194575190185422,0.0014116214105008933,0.5003867986070936,0.9999979962306653,0.0014155448871185077,0.0014155448871143081,9.202614507246134e-11
728,0.008657936649033318,0.0053950104070294635,0.7067368115186416,0.7074030062419527,0.5014052911559971,0.0022994348109731753,0.7070699873376395,0.7070699873435718,0.009938742569395554
729,0.7071066930741509,0.707106698334423,0.00035368758603488413,0.00035232939701665465,0.4999103221813094,5.777961098481566e-12,0.0003530091447192357,0.00035300914472842883,0.9999998753845377
730,0.016145721956073777,0.014657755232174633,0.7069710461179493,0.7069062213794485,0.5033259641177018,0.021781367437529016,0.7069386344944254,0.7069386344890447,0.001051740690729716
731,0.7070439050041906,0.7070438992363502,0.009421256321216308,0.00943826670588966,0.5016403614333487,0.9999110755716817,0.00942976534914736,0.009429765349232361,4.080116293998186e-09
732,0.2093045919083579,0.20920461843974736,0.6772686582330116,0.6735964518944666,0.44369553469403916,0.2959307006625071,0.6754350506911551,0.6754350507098336,7.053964961965234e-05
733,0.7070472850318859,0.7070472795749156,0.009146721174996458,0.00919884049743484,0.4992542665044579,3.874036634876805e-09,0.009172817853509053,0.009172817853676234,0.999915855872508
734,0.7008334564401878,0.7008328785184189,0.09381992777776768,0.09414650218389362,0.48661350457112146,4.039042755684382e-07,0.09398335682802104,0.09398335682994254,0.9911277704101277
735,0.006914260370956052,0.0013977252334865771,0.7051523629566906,0.7090207221120541,0.49925674417813076,0.0039026651352646415,0.7070891879317677,0.7070891879230631,0.00587620941999928
736,0.008915270968638046,0.005799241369007478,0.7047229147605153,0.7094029180617628,0.4986275198235009,0.0022044092108049677,0.7070667884750212,0.707066788485162,0.010404510412872216
737,0.00677928092390167,0.00032312668441571987,0.70791260771677,0.7062674258203787,0.49899863485946905,0.005050854231677471,0.707090495256468,0.7070904952389508,0.0045334238969794525
738,0.15664384283554247,0.1565045903114001,0.6909644902153176,0.688140314888369,0.5386496826447612,9.808448538059388e-05,0.6895538484112239,0.6895538484081201,0.2214293807656497
739,0.7070956891888392,0.7070956881715544,0.0039518635653112005,0.003969492929451159,0.4995285370824933,0.9999843128270783,0.003960688056082149,0.003960688056159575,7.176883689483253e-10
740,0.013039431069871148,0.01114376001801802,0.7047342640442179,0.7092639895920902,0.49778922627236216,0.017100121961928456,0.7070027545445019,0.7070027545324852,0.00134014135533165
741,0.031032967393034194,0.03028656537889861,0.705553404489758,0.7073288289892831,0.4943650923005441,0.043359459319780636,0.7064416744953589,0.7064416744803723,0.0005276182904630422
742,0.010608550020446857,0.008166505452556493,0.7065052359103752,0.7075811744855627,0.49772990442014364,0.0017316650137420384,0.7070434098530345,0.7070434098685437,0.013275333559769405
743,0.00869822633777012,0.005459406136293747,0.7063372452867985,0.7078009830908063,0.5009655415366682,0.010010729449467279,0.7070694929612218,0.7070694929546996,0.002291190132712796
744,0.7071046446667728,0.707104639201973,0.0017456086453311295,0.0017352264232936016,0.5004854660881836,1.3622907819238678e-10,0.0017404252760082044,0.0017404252760124046,0.9999969709152712
745,0.7071067492749982,0.7071067492720715,0.00021219105270548917,0.00021269364062012614,0.5000347520590065,0.9999999548681848,0.00021244249528914582,0.0002124424952871444,2.055741215913422e-12
746,0.02076240218788382,0.01962799431054196,0.7046482309410995,0.70898133623271,0.49718256188822607,0.000801660738365091,0.7068181040806218,0.7068181040682361,0.028560336926000622
747,0.007795882124836615,0.003863032671152283,0.7089929697469115,0.7051618750683633,0.4992428705134463,0.0027858507985095275,0.7070800171247864,0.7070800171008137,0.008242441073564363
748,0.13501282690358693,0.13484908237865312,0.6963949137982911,0.691824678360786,0.5379262508180656,0.00011498833100676719,0.6941135575517353,0.6941135575509303,0.19082118651907196
749,0.7071060873893992,0.7071060873257733,0.0009906050111741964,0.0009905278389781406,0.5002020734264535,4.4602646258539186e-11,0.0009905664258314907,0.0009905664258239128,0.9999990187776732
750,0.6955061911828218,0.6955051184381034,0.12786377559338558,0.12725809657450218,0.5322647094336995,0.9835935297401429,0.12756129556587054,0.12756129556537762,7.503605320090305e-07
751,0.03797035679937821,0.0373633708716905,0.7055188044509388,0.7066862437551494,0.4928487973829454,0.0004290024339953897,0.706102765384919,0.7061027653694716,0.05326899107617896
752,0.01601707483760478,0.014515906058060217,0.7072949548689081,0.706587990700351,0.5037338387335888,0.021589804373823462,0.7069415611604432,0.7069415611555215,0.0010670342730647925
753,0.7070337365093154,0.7070337298096744,0.010184362043656458,0.010142934429802354,0.5025994202709941,4.733695939466264e-09,0.010163669344397162,0.010163669344351076,0.9998966944894377
754,0.7071036068955328,0.7071036118727191,0.0021240976892696337,0.002113492710361295,0.5005682158429486,2.0416616396953955e-10,0.002118801834797018,0.002118801834804691,0.9999955106687082
755,0.7071061079647836,0.7071061079030543,0.0009724607831046066,0.0009790633858255725,0.5000065422734566,0.999999047877002,0.0009757676691122504,0.0009757676690974677,4.380474447814982e-11
756,0.05107897475461087,0.05063045779930851,0.7031162334944593,0.7074284820938496,0.5017038669337003,0.07191943536063114,0.7052756535808907,0.705275653590205,0.00031581063588157155
757,0.7070833078994341,0.7070833110148984,0.005754285020025903,0.005769109847158387,0.5009180056407644,0.9999668022366865,0.005761702201590966,0.005761702201646336,1.4992131386918126e-09
758,0.7060758990690971,0.706075809708454,0.0381601882933373,0.038178307550910014,0.5074054777358612,6.716131708419312e-08,0.0381692489971407,0.03816924899744694,0.9985420456154869
759,0.7042818474538236,0.7042815878508776,0.06320444439921878,0.06308504235915507,0.5142518212540371,1.8317064231915242e-07,0.06314477160193338,0.06314477160153482,0.9960047568353733
760,0.7071067679494798,0.7071067679482657,0.00013659657549652492,0.0001370517288862185,0.5000197699057791,0.999999981279101,0.00013682434145367134,0.0001368243414522743,8.786473167642276e-13
761,0.04158157219734762,0.041028367621400046,0.7080004167045196,0.7037919123222036,0.5128647740088826,0.0003914090194367911,0.7058993008589576,0.7058993008572493,0.05841404706968595
762,0.026573635851942883,0.025697547917352008,0.7081869520738243,0.7050565359128323,0.507980071565128,0.036961292101130964,0.7066234775059513,0.706623477502986,0.0006204556364700307
763,0.011466406361312052,0.009253761349545106,0.7069548649408054,0.7071051607523167,0.5022375757859856,0.014651240463942668,0.7070300168374026,0.7070300168429446,0.0015657991010348254
764,0.12196657664939708,0.12178403670872875,0.6964204197092364,0.6966285967590883,0.523196208379869,0.17235771085282017,0.6965245160088931,0.6965245160144063,0.00012922477102651753
765,0.009412243959982398,0.006537566281799792,0.7079863731627556,0.7061331073587653,0.5029088273130935,0.011277673008214499,0.7070603474550674,0.7070603474591246,0.00203573063575353
766,0.0123599713072185,0.01034044746826041,0.707792814015918,0.7062362484911605,0.503437043973371,0.001426678443219841,0.707014959623037,0.7070149596187311,0.016051739257126302
767,0.012114103817691723,0.010045164837831714,0.7086021478977148,0.7054327318368527,0.4979607575987216,0.0014621766296072161,0.7070192158340406,0.7070192158587195,0.01566904232647466
768,0.6457796041186777,0.645773717375176,0.2888389719793282,0.2872578352655988,0.5676004951401922,4.147381828365784e-06,0.28804948850419,0.28804948850506157,0.9132661081671091
769,0.010792022699191803,0.008403472365565275,0.7094268598993464,0.7046463257206541,0.49860788632309544,0.013573507687264614,0.7070406331777624,0.7070406331561534,0.001687006461890097
770,0.7071006591473997,0.7071006638542288,0.002936779943221133,0.0029481832206860493,0.5003877957974704,3.967608594325076e-10,0.0029424871059577674,0.0029424871059892475,0.9999913417321484
771,0.7070591174704753,0.7070591130989187,0.008214633142493937,0.008205777719302792,0.5017880224750091,3.0803575901653233e-09,0.008210206624845022,0.008210206624788254,0.9999325902351405
772,0.7069899320719404,0.7069899266227277,0.012851786387418913,0.012857629598976246,0.5025170488795022,0.9998347428189059,0.01285470832525889,0.012854708325156042,7.548441895421416e-09
773,0.7071065430030748,0.707106537712392,0.0005875179065428155,0.0005860374754017504,0.50013927854186,1.586322313848271e-11,0.0005867781578619463,0.0005867781578585308,0.9999996556913348
774,0.07829441970769961,0.07800461798347229,0.7004650504443054,0.7050772840773858,0.5011603813313976,0.11052010986683321,0.7027749509629287,0.702774950972884,0.00020469278441273314
775,0.007863657537658249,0.003998101937849594,0.706779729233735,0.7073786768171982,0.5012947433645889,0.0027256375315355976,0.7070792664415577,0.7070792664474268,0.008390043426143553
776,0.6909289425371375,0.6909274413384594,0.1500098693102129,0.1507763935095921,0.4848814220812668,1.0528798603730129e-06,0.15039361976056742,0.15039361976340754,0.9771200122137845
777,0.7065891869137836,0.7065891394196993,0.02700551777910701,0.027096328166920213,0.5038802830999055,3.393177850118752e-08,0.02705096107961849,0.0270509610793418,0.9992679775762617
778,0.01782326070173181,0.01648751467652994,0.7046524256169693,0.7091371181300968,0.4975127300754446,0.0009453977383728574,0.7068983283403003,0.7068983283524065,0.024261347558760363
779,0.05033909298425553,0.04988385062203859,0.7054738368316253,0.7051838361099229,0.5104896624070854,0.0003219188446007404,0.7053288513726426,0.7053288513778452,0.07086832299142458
780,0.07514017472546311,0.07483786194621467,0.7018346277756722,0.7044014508184215,0.48866539534084774,0.10605048554683899,0.7031192106180044,0.7031192106037413,0.00021413819225567517
781,0.7071049209999581,0.7071049208293605,0.0016186054537624271,0.0016253470188880967,0.49979445523018085,1.2022593202107363e-10,0.0016219797388767852,0.0016219797389089338,0.9999973691782662
782,0.7071067809221583,0.7071067809221341,1.9396519066608264e-05,1.9277305375391334e-05,0.5000054254100176,1.7112767501649858e-14,1.9337004091066347e-05,1.9337004091106595e-05,0.9999999996260802
783,0.7071055329658671,0.7071055275825399,0.0013288841770089262,0.0013340272431575345,0.5001773157893459,8.1109468842893e-11,0.0013314581933783981,0.0013314581933642213,0.9999982272175076
784,0.7071064714467652,0.7071064714183579,0.0006630137343272997,0.0006607035428186231,0.5001648798852323,0.9999995619417122,0.0006618596465279233,0.0006618596465245815,2.046077110257978e-11
785,0.04919863913509617,0.04873263844935395,0.7032371366575962,0.7075748395244379,0.49542322178618003,0.0003301526199295449,0.7054093222802711,0.7054093222679283,0.06924786709237056
786,0.010970256544017279,0.008631270870083928,0.705250699381145,0.7088205736706126,0.4976261339510716,0.013860790372594635,0.7070378895983113,0.7070378895849198,0.0016504102263379084
787,0.009136851873507932,0.006134544829523811,0.7049568662383071,0.7091647918791892,0.49917640074738934,0.002132810578145796,0.707063959380806,0.7070639593716587,0.010796565262230957
788,0.7069121423413632,0.7069121244874845,0.01660096829680364,0.01657947871741046,0.5036584243553135,0.9997247264807773,0.016590226986524778,0.016590226986636775,1.2523017686450055e-08
789,0.02802778371714985,0.02719876104556419,0.7049160996175302,0.7082146307795266,0.5020000032820123,0.039051063691611126,0.7065672900586244,0.706567290050555,0.0005862374922779861
790,0.7069609782100339,0.7069609701060419,0.01431316036459899,0.014404961800079762,0.49933102349290925,9.47873679578988e-09,0.014359134446015269,0.01435913444625903,0.9997937939975022
791,0.7070502566771666,0.707050251492531,0.0089382471547008,0.00894338498031667,0.4982615345875537,3.688025379500399e-09,0.008940816436462806,0.008940816436665467,0.9999200586061362
792,0.014320517951017566,0.012618926836686192,0.7063731505093337,0.707582262136778,0.5020843938391629,0.001203975370376375,0.7069779648122089,0.7069779648058837,0.01904901551793642
793,0.007263527929985139,0.002627875293531706,0.705781086175513,0.7083878837405189,0.5000838284037863,0.003276661522542923,0.707085686265803,0.7070856862583748,0.006994859241951568
794,0.02326660140893619,0.02226041628545708,0.705865338454855,0.70761378102301,0.5031447338370086,0.0007121614159817481,0.7067401004383326,0.7067401004316108,0.03219244787899394
795,0.008939327731440464,0.00583614717116524,0.7069117549772719,0.7072211807354604,0.49814539657713264,0.010447292800826003,0.7070664847746465,0.7070664847907374,0.002196876698271837
796,0.10121640907004865,0.10099427831185644,0.697468999236095,0.7022053755047932,0.4980279666495351,0.00015603169627742718,0.6998411942248212,0.6998411942356667,0.14298454941313732
797,0.030350446604021336,0.02958675388835782,0.708815697076678,0.7041191532425373,0.4929703735557541,0.0005396108288891054,0.706471327922668,0.7064713279450676,0.04238200602693499
798,0.03959205594327344,0.03901046586500193,0.7061247213870098,0.7059026352871153,0.4918335878900509,0.000411756194804438,0.7060136870778094,0.7060136870613584,0.05558037241379206
799,0.008402834247402725,0.004975655154231017,0.7082379261386889,0.7059062793396592,0.5029049096941338,0.002420199666795298,0.7070730638439008,0.7070730638475712,0.009460835120431693
800,0.006875596234228956,0.001191466749429727,0.7091601834773491,0.7050128656654341,0.5033712280360264,0.005695718677632268,0.7070895652553404,0.7070895652535321,0.0040314024031856445
801,0.023559392789594666,0.022566295533462677,0.705176210157114,0.7082811800102388,0.4960609747345099,0.0007016088575717152,0.7067304002618887,0.7067304002757471,0.032615800109122926
802,0.12286402193130737,0.1226828995303187,0.6943331320429951,0.6983944730773897,0.5077648412132759,0.00012869026089267646,0.696366763374488,0.6963667633833628,0.17362789280849958
803,0.023946048607320167,0.02296971706093732,0.7075666795269197,0.7058671070941701,0.4949370729570676,0.0006902727689945052,0.7067174042285393,0.7067174042109894,0.03317445808552176
804,0.018782897820573036,0.01752058965222704,0.7069055477759608,0.7068414095193221,0.5038636052831359,0.02567045180710007,0.7068734793777868,0.7068734793723946,0.0008923095422360277
805,0.707049204764661,0.7070491994833819,0.008995790027200752,0.009051370799777126,0.4994399204903059,3.728860315012416e-09,0.009023623207051948,0.009023623207209844,0.999918570908867
806,0.7071060792591669,0.7071060791947934,0.0009997336130530777,0.0009929618391729803,0.4997136329281768,0.9999990072792598,0.0009963534792387736,0.0009963534792084285,4.495045394427708e-11
807,0.7071066443068742,0.7071066442943215,0.0004413146695267124,0.00043864935735620414,0.5001226613182879,0.9999998064140336,0.00043998403167009475,0.00043998403166911805,8.997451962110398e-12
808,0.7071067835316102,0.707106783531342,6.45028305930822e-05,6.409434030270477e-05,0.5000181857189271,1.881986355002098e-13,6.429890984046435e-05,6.429890984057682e-05,0.9999999958656494
809,0.5178585379534936,0.5178380085989698,0.4826801722501128,0.48029801460710414,0.5871613070244911,0.7323480513195278,0.4814905666368934,0.48149056663511913,1.4476430680586778e-05
810,0.7071066292572995,0.7071066292433632,0.00046475710706568964,0.0004623216413302105,0.5001253093609194,0.9999997851297427,0.0004635409737076869,0.0004635409737061638,9.906022355843909e-12
811,0.03071375327564942,0.02995935283051999,0.706655237981323,0.7062559572642679,0.5065858028463974,0.04290236600327694,0.7064556258339851,0.7064556258288416,0.0005333419371469936
812,0.70710660319214,0.7071066031758116,0.0005031302710702167,0.0005003270608253351,0.5001373707485086,0.9999997482663492,0.0005017306236730809,0.000501730623671637,1.1741835592659791e-11
813,0.04407418750004862,0.043552880714155875,0.7045359620558034,0.7069580544472186,0.492827066545094,0.061961693928883364,0.705748047307709,0.7057480473221651,0.00036865668895843514
814,0.018921307588997804,0.01766889419088458,0.7056814832898735,0.708056098374428,0.5018995597441659,0.025873273312519533,0.7068697879713021,0.7068697879785361,0.0008828503109496289
815,0.7036744054239983,0.7036740951146727,0.06981358057042011,0.06936260085955742,0.519256807676125,0.9951456644983231,0.06958845604714409,0.06958845604724619,2.2598115575363359e-07
816,0.032519914901420255,0.03180849110200952,0.7078107396935526,0.7049359061667245,0.5092938490227933,0.045487018317479797,0.7063747854447113,0.7063747854479049,0.0005060987724666135
817,0.050196563010576664,0.049740001510641625,0.7074208094369296,0.7032510474128343,0.515138658413503,0.00032285557178442876,0.705339009735453,0.7053390097372043,0.07066582237993975
818,0.026894861709089765,0.02602962453836754,0.7062329134295705,0.7069895310832831,0.5047233072920155,0.0006131651075536936,0.7066113235297872,0.7066113235238044,0.037423240853598334
819,0.0073777094320700886,0.0029289789974338994,0.7046892227802981,0.7094716976617419,0.49837935055383875,0.0031524905611837587,0.7070845036135506,0.7070845036028678,0.007285006350211588
820,0.7062762047311799,0.7062761285030178,0.034303888357903996,0.03422274361936298,0.5080018884417472,0.9988253336107812,0.03426334001009116,0.034263340010294935,5.419567172498569e-08
821,0.7071013390729937,0.7071013438421283,0.0027705269139658797,0.0027780296932947866,0.49956441328888707,0.9999923033362015,0.0027742808399216445,0.002774280839980064,3.5642361126273396e-10
822,0.028661551625408375,0.027851417504166406,0.7064891171028396,0.7065946089637761,0.4941968762191683,0.0005723085188987196,0.7065418650102553,0.706541864994037,0.03996071147422845
823,0.7071067800793757,0.707106780078791,9.527369366462569e-05,9.463860125474931e-05,0.5000271680305935,0.9999999909832288,9.495667841697255e-05,9.495667841690779e-05,4.1288775210742036e-13
824,0.019235162538647824,0.018004641673795098,0.7076197971702509,0.706102020994872,0.49605408164618514,0.0008699550176918693,0.7068613164634695,0.7068613164460487,0.02633252319769514
825,0.008086214279219125,0.004419778165879084,0.7086628264433718,0.7054871204472065,0.5032400818737379,0.008842590035365616,0.7070767563339386,0.7070767563368747,0.0025942054412635687
826,0.7071067654652116,0.707106765463286,0.00017221482871078222,0.0001723733928061844,0.49996763123994453,1.3742995739907254e-12,0.00017229412900144,0.00017229412899757895,0.9999999703147316
827,0.706695553877861,0.7066955161515828,0.02407691713368875,0.024148367271010388,0.5036549071153954,2.7002711788074657e-08,0.02411266866718214,0.02411266866742074,0.9994184100863304
828,0.7071054736184196,0.7071054734984971,0.0013607368226412886,0.0013590153181378768,0.5003004118723119,8.500075601078377e-11,0.0013598763428066397,0.0013598763427974414,0.999998150734622
829,0.012087636845605038,0.010013325099796279,0.7079720153949933,0.7060660364112458,0.5035794124261795,0.015628154030314246,0.7070196681711182,0.7070196681671153,0.0014623425283467064
830,0.058792550167323494,0.05840397196133961,0.7024173846261936,0.706924486726556,0.49563846462637956,0.00027621894904305405,0.7046745391227087,0.7046745391107195,0.08287045036908848
831,0.7071058136123809,0.7071058187919796,0.0011703637538299024,0.0011692242516203233,0.5002532098750775,6.293598486586508e-11,0.0011697941414785455,0.0011697941414703693,0.9999986315807303
832,0.006772998921246818,0.00013934744321113585,0.7073035112349894,0.7068775354072018,0.49872706509897163,0.004859475699065259,0.7070905554072292,0.7070905553906099,0.0047200028854329085
833,0.012122130028721256,0.010054861134952,0.7059595540345038,0.7080770168551641,0.501092140686698,0.015681304528118587,0.7070190781517326,0.707019078144698,0.0014638842757545636
834,0.5008596933569602,0.5008368811810296,0.4975749200853156,0.5007206655624635,0.47996445546769867,0.7083064405518763,0.49915027096590026,0.49915027097447634,1.5921697875496157e-05
835,0.7071067758610603,0.7071067758605717,8.696464928688838e-05,8.660595197359754e-05,0.49997766552467937,3.4464143053268865e-13,8.678548594796415e-05,8.678548595024576e-05,0.9999999924682784
836,0.7070680871771708,0.7070680836287415,0.0074149636639736565,0.007379940586345826,0.5019516532285179,2.5032978708734134e-09,0.007397472852145797,0.0073974728521171325,0.9999452758980386
837,0.007109909709899382,0.0021672874565590535,0.705433711002091,0.7087369268147502,0.49964413647999945,0.003503161991828478,0.7070872478123067,0.7070872478203917,0.0065555935704776636
838,0.7070497088719696,0.7070497036375293,0.008998531731640154,0.00896951485982617,0.5022118857507207,3.6694360432656427e-09,0.008984035010696103,0.00898403501064883,0.9999192838573798
839,0.4283916375316736,0.42835775789080016,0.5643976537324724,0.5607544245112713,0.3926710031160541,2.3897657914762036e-05,0.5625789882884378,0.5625789883065709,0.6058133072830311
840,0.019689374885317544,0.018489132707295415,0.7052982975498239,0.7083959288150008,0.5012881944516937,0.02699617088713691,0.7068488100284296,0.7068488100363054,0.0008522142189944491
841,0.5628373175401671,0.5628223894286349,0.4267403100749386,0.42934580433395403,0.5209208714944069,1.058680755495128e-05,0.4280450396552082,0.4280450396495631,0.7959616121056898
842,0.7071067786181991,0.7071067786179636,6.044727856094991e-05,6.009031041458209e-05,0.49998327677656346,1.6799718721323655e-13,6.026905877372149e-05,6.026905877542484e-05,0.9999999963676405
843,0.008742107866951255,0.00552928681934203,0.7089553086736353,0.7051775470339248,0.5037049028848086,0.0022731773462621382,0.707068950860011,0.7070689508577197,0.010091091489051181
844,0.7068759897615373,0.7068759738580536,0.018108529020112576,0.01802168986977683,0.5047645589667545,1.514864735779156e-08,0.01806516162447994,0.01806516162441105,0.9996735966659199
845,0.017919069855775765,0.01659108604184271,0.7057221573509886,0.7080677082195694,0.501778809944483,0.0009397347240756972,0.7068959056287052,0.7068959056359148,0.024402337986192357
846,0.7071056782183053,0.7071056781171279,0.0012528220499554077,0.0012450874900071737,0.5003505868568809,0.99999844009581,0.0012489607573165139,0.001248960757313934,7.149423258931352e-11
847,0.7070333565706666,0.7070333551027576,0.01020494806301246,0.010175163556194987,0.4975188488685757,0.9998961571491507,0.010190066691608381,0.010190066691865852,4.787257900133475e-09
848,0.7070948975658632,0.7070948964758841,0.004106911478760724,0.0040922478157905,0.49896887595497713,0.9999831932517267,0.004099586203469314,0.004099586203575038,7.672421810010802e-10
849,0.7070228999629912,0.7070228922676539,0.010896360540363508,0.010887284499268905,0.4976542713027077,5.439205566744109e-09,0.01089182346539357,0.010891823464981151,0.9998813611440126
850,0.7071031200897515,0.7071031197539475,0.0022745483580925083,0.0022764057926156146,0.5004322676999308,0.9999948221898088,0.0022754772648688223,0.002275477264887601,2.3821204967366456e-10
851,0.008266015335343959,0.004740779123635194,0.7078200707062867,0.706328496883084,0.5024525309900036,0.00919764682115038,0.707074677106285,0.7070746771019399,0.0024910417854020696
852,0.7071060889920963,0.7071060889286137,0.00099275501485402,0.0009860770056398455,0.5002836991813965,4.452836601787146e-11,0.0009894216443382517,0.000989421644337964,0.9999990210443305
853,0.02782571323252331,0.026990423407529975,0.707291096459532,0.7058587334562403,0.506916581954347,0.03876082414700012,0.7065752779149502,0.7065752779193354,0.0005931138690824783
854,0.7071026850346833,0.7071026846585263,0.002410730812960944,0.0024061262377055035,0.49944439760873055,0.9999941994499165,0.002408429625774659,0.0024084296257157107,2.609177918704761e-10
855,0.12504103052182097,0.12486326578236673,0.6979749502230899,0.6939775748576272,0.534128791725822,0.00012554773849004548,0.6959791324266961,0.6959791324248037,0.176709022671629
856,0.00846332847562768,0.0050770337001386605,0.7056627344155112,0.7084791465224248,0.5001166196892171,0.0023864390976991797,0.707072342758905,0.7070723427665333,0.009576487274135898
857,0.7070996726474325,0.707099671995531,0.00317800306161041,0.003163400424787028,0.5008307038603901,0.9999899465466111,0.003170710149719352,0.003170710149732167,4.651496727114078e-10
858,0.7067683987036297,0.7067683676649362,0.02186811655244568,0.02187899770555794,0.5042553109154689,2.1994684744822293e-08,0.021873557805703048,0.02187355780552688,0.9995214329557177
859,0.0893594163578838,0.08910656216121317,0.7022972834301546,0.700609335489194,0.4792245988697881,0.00017830156305000353,0.7014538171941337,0.7014538171767006,0.12619450431997584
860,0.7052411963814635,0.7052410250468419,0.05116329273833029,0.051500184401665386,0.5018131115742581,1.212691562850292e-07,0.0513320149483158,0.05133201494758904,0.9973615435150205
861,0.70710027235077,0.7071002717538422,0.0030408550865527145,0.0030271649204215074,0.4992043716570356,0.9999907946940767,0.0030340177251735514,0.0030340177250927163,4.212203323974147e-10
862,0.026177327997933063,0.025287494259016583,0.7050099259823495,0.708262870973304,0.5018698994183347,0.036391130573963766,0.7066382703138567,0.7066382703058377,0.0006288740413525625
863,0.7071067698741432,0.7071067698731054,0.00012648210307678395,0.00012649132181815863,0.4999745529426109,0.9999999840011108,0.00012648671253291338,0.00012648671253000183,7.460446742698989e-13
864,0.00721377664618212,0.0024866195814754197,0.7076891952547001,0.706482682780908,0.4988002770702605,0.006859587092541733,0.7070861963674396,0.70708619634114,0.0033418431087970644
865,0.7071027311552232,0.7071027255148129,0.002389352827108067,0.0024003345502423383,0.5002769551563298,0.9999942646771106,0.002394849983362848,0.0023948499833357775,2.650776481331555e-10
866,0.10921899074849911,0.10901386591906913,0.6999682972694194,0.6973030704926256,0.5275405234953114,0.00014516783025123717,0.6986369548289576,0.69863695482562,0.15431393205283303
867,0.7070420010076437,0.7070419950650355,0.009555635656890204,0.009587275566099703,0.498610375270564,0.999908382790363,0.009571468685403867,0.009571468685206941,4.263324659368605e-09
868,0.10264794685363261,0.10242904222925382,0.69899616439218,0.7002685573976295,0.5169458479143042,0.1450113299902141,0.6996326501541981,0.6996326501478835,0.00015446597583143463
869,0.7071063029537168,0.7071063029098561,0.0008245682222627697,0.0008202411339665564,0.5002221765559269,0.9999993236456308,0.0008224075239842457,0.0008224075239870009,3.111923938920877e-11
870,0.7068504988674439,0.7068504753571601,0.019040767142360502,0.01903226010834472,0.503975966927209,1.6620194566255748e-08,0.019036514100485485,0.019036514100625217,0.9996375454442463
871,0.006775793645649302,0.0002416052243591042,0.7055673811104256,0.7086104013921475,0.49976638256045464,0.004647458631436996,0.7070905282420412,0.7070905282342258,0.004936687157713629
872,0.6578938891834549,0.6578892067013486,0.260036944921714,0.2583373948090423,0.5645998343519761,3.329196532558791e-06,0.2591885629042781,0.25918856290460934,0.9303991496707092
873,0.13282929581697878,0.13266266173279326,0.6964194132519428,0.6926449286615425,0.535513933999918,0.1877311635515217,0.6945347350412855,0.6945347350391233,0.00011780006709213888
874,0.012143019381752102,0.010080123747233155,0.7058744146110606,0.7081611744391376,0.5009835873484955,0.0014541829588698854,0.7070187190504225,0.7070187190575838,0.015714552694469974
875,0.018667382695282498,0.017396693369843647,0.7079887268365261,0.7057625992935864,0.5053441247783192,0.0008978012856241613,0.7068765393951765,0.7068765393913881,0.025501177690478823
876,0.7071020906981268,0.707102084999039,0.002584390865570647,0.002569648756445125,0.5007094551401475,0.9999933588925075,0.002577030352703336,0.0025770303527104027,3.045241559568408e-10
877,0.0844835855743826,0.08421562812041256,0.7041852395927559,0.6999238530643623,0.47764129942141875,0.00018901097630334978,0.7020577795739684,0.7020577795939874,0.11928835871982854
878,0.6779468382110324,0.6779441009127848,0.2016001635845676,0.20034286057462664,0.4426959714009675,1.9222505232721877e-06,0.2009724953049784,0.2009724953107742,0.9587596738785766
879,0.013667404076327138,0.01187253722193362,0.7052141317338446,0.7087631997561675,0.5001704207200187,0.01805978611925904,0.7069908927763877,0.7069908927680526,0.0012645946379854314
880,0.21966810873299755,0.21957378062231295,0.6700345802958845,0.6742306267714417,0.510277403548385,0.3105909185477121,0.6721358779505638,0.6721358779595972,6.668430222309437e-05
881,0.01074614198277851,0.008344573338400389,0.7048210363717776,0.7092546758519614,0.49903631164686,0.0016991664034194717,0.7070413313649208,0.7070413313744667,0.013499048243423122
882,0.03876727217920815,0.03817304366108376,0.705746028011718,0.7063727495388773,0.5070604008987724,0.05440501637710669,0.7060594583155699,0.7060594583096771,0.00042053248931340305
883,0.013929570878532886,0.012173414042065647,0.7060845603169607,0.7078858444182253,0.49713187345187865,0.01845786295605696,0.706985776032489,0.7069857760474672,0.0012378406177908298
884,0.6787227125147213,0.6787200598699176,0.1985485644727105,0.19812378591207996,0.5425317314165949,0.9598569857005202,0.19833628891081312,0.1983362889120301,1.897172894481868e-06
885,0.6513690595116872,0.6513637288376761,0.27436699824234456,0.2759825924601445,0.5181287334949415,3.7724695925780073e-06,0.27517598102268287,0.2751759810262172,0.9211711887158817
886,0.018967637336765302,0.017718524639693183,0.7083247688881761,0.7054093169203002,0.5058958940911397,0.025941026891858416,0.7068685459878569,0.7068685459910251,0.0008834621340760938
887,0.707106625588476,0.7071066255742072,0.00046917832149300344,0.00046903052827366987,0.49990262962104715,9.920700300241853e-12,0.0004691044307091596,0.00046910443069822456,0.9999997799410076
888,0.01402134274597554,0.012278292655988392,0.7079361313824855,0.7060305088027474,0.5040307762275988,0.018596880401209798,0.7069839621488485,0.7069839621528782,0.001229049343728066
889,0.7069833052959131,0.7069832939689614,0.013258696130152445,0.01316947449916526,0.5037703544884568,0.9998253707114746,0.013214160617611421,0.013214160617604545,8.035803800630337e-09
890,0.7071066913977814,0.7071066913895453,0.0003574392867598629,0.0003552601426362697,0.5000995801540079,5.87491514853659e-12,0.0003563513804280097,0.00035635138042723255,0.9999998730136856
891,0.020232592176581837,0.01906665140685496,0.7044812719585491,0.7091778637858726,0.4977949686051738,0.0008222621187942434,0.7068334687323915,0.7068334687208612,0.02778882618579421
892,0.016599387712069185,0.015156086781298771,0.7084746712546358,0.7053781918625067,0.5054036319501396,0.022454582046528303,0.7069281269550509,0.7069281269580434,0.0010190095803182693
893,0.04864191223293449,0.04817046757549844,0.703316835815647,0.7075726103278374,0.501783128780254,0.00033433921706657127,0.7054479323149596,0.7054479323241594,0.06845668549825196
894,0.01609490366615082,0.014601750604782962,0.7054266725329713,0.7084496824999732,0.5009223989975738,0.001055414414002697,0.7069397933934287,0.7069397933856246,0.02170583205412016
895,0.5060553144299009,0.5060332108743385,0.49232828160129904,0.49543039002968614,0.5183027324802627,1.57066881890632e-05,0.49388177139010936,0.4938817713967817,0.7156546594020322
896,0.09241110091889718,0.09216690020636642,0.7031736180955726,0.6989365591723566,0.5264357194863265,0.0001724289840727622,0.7010582896362935,0.7010582896347113,0.13051635658007912
897,0.02733603143763177,0.026485267919312286,0.7068200509502407,0.7063686626282301,0.4943440900734024,0.03805738055867696,0.706594392842168,0.7065943928255471,0.0006031720558701943
898,0.007367859185105792,0.002903793193505285,0.7046877523568583,0.7094733640626356,0.49836607701064217,0.007264210728018876,0.7070846068968486,0.7070846069075776,0.0031541411479404187
899,0.578801205234933,0.5787881338566406,0.40542454760123664,0.4069697742187314,0.5425597882734594,0.8185392715005589,0.40619789568744,0.4061978956917531,9.27350580363368e-06
900,0.006869508379160327,0.0011558824327523119,0.7066306789440742,0.7075482721097307,0.4984310971534253,0.004037747464370451,0.7070896243646619,0.7070896243802978,0.005676513453139114
901,0.028053355001110766,0.027225068546259855,0.7048710805176893,0.7082574142066649,0.5019075436772361,0.03908774672069221,0.70656627605533,0.7065662760634629,0.0005857707764552331
902,0.7057182166692357,0.7057180944603303,0.044434471565369914,0.04415150037232893,0.5123387974636344,9.003255722277306e-08,0.0442932119428477,0.044293211942772956,0.9980361830873518
903,0.019098784527524816,0.01785884483957635,0.7083172981170915,0.7054097414118097,0.5059166442026667,0.0008742772041127575,0.7068650147287979,0.7068650147256049,0.026133073849114136
904,0.007132039068992563,0.0022388692308249105,0.7092402897178889,0.704927182710507,0.5035187323264126,0.0034545170542384595,0.7070870248722868,0.707087024870734,0.00662908957824123
905,0.7071043099064642,0.7071043044109316,0.0018755255013675662,0.0018674715210151925,0.5004841756829482,1.624015264453142e-10,0.0018715028437131002,0.0018715028437212271,0.9999964974709714
906,0.7071060325590999,0.707106027221583,0.001029901716242777,0.0010352480219299799,0.5001011084011365,0.9999989337814259,0.0010325783292456036,0.0010325783292332415,4.956400016768302e-11
907,0.7070475926505093,0.7070475872214986,0.00912123299416396,0.009176831699919893,0.5005886157513998,3.832763439783619e-09,0.009149074581078637,0.009149074581198947,0.9999162909307077
908,0.007575171292345079,0.0033955483720431836,0.7092795964504571,0.7048783874478598,0.5036817195345414,0.007756709170576764,0.7070824163525827,0.7070824163540003,0.0029574365278866913
909,0.021330455145881964,0.02022804055739784,0.7048989143166049,0.70869835519334,0.5006316781982073,0.029386228226511543,0.7068011877629727,0.7068011877715862,0.0007820052056035544
910,0.05353713287713442,0.05310959898491028,0.7032199117110517,0.7069617398926616,0.4935932307490482,0.0754106262486553,0.7050933079672478,0.705093307980414,0.00030257202043867487
911,0.707097825710689,0.7070978248892414,0.0035643766160147103,0.0035533268153197513,0.4991269952568302,5.832823743859544e-10,0.003558856004154907,0.0035588560042453905,0.9999873344637324
912,0.7070799734844725,0.7070799710258235,0.006175884731302529,0.006138739211116361,0.5017169937892231,0.9999620864456223,0.0061573399823406025,0.006157339982354645,1.730375006099853e-09
913,0.008129101511106237,0.004497776517755003,0.7070223876124557,0.7071301373366858,0.501598653567581,0.008928592934106395,0.7070762645242828,0.7070762645297921,0.0025675889855199608
914,0.7070293543078151,0.707029347205197,0.010433455858061099,0.01049463370100297,0.5007925622434831,0.9998904968356952,0.01046408948889316,0.010464089488759763,5.0493166355989024e-09
915,0.007066726749892298,0.002021106405088982,0.7068179305999455,0.707357328006974,0.501172525311352,0.0064302173125093745,0.7070876807350394,0.7070876807408674,0.0035603093334097458
916,0.039292702052493154,0.03870657887581043,0.7075498678925191,0.7045076783030186,0.5111407983134382,0.0004150755522901445,0.7060304116460939,0.7060304116491571,0.05515381554934547
917,0.00688266826664992,0.0012314347656360947,0.7092588005003682,0.7049135169357447,0.49961831871941154,0.0040436197490369705,0.7070894966264278,0.7070894966031717,0.005704094439607854
918,0.7070286431289456,0.707028641228436,0.010508454641397673,0.010515612617398466,0.5020234866848325,5.0064176030246134e-09,0.010512034238616574,0.01051203423870257,0.9998894910300486
919,0.025927034724319113,0.025028261401023363,0.7080706658384732,0.7052214596711422,0.5076207802560819,0.0006332828811958765,0.7066474987595328,0.7066474987562978,0.036030874970591396
920,0.17225438898601825,0.17212912960456472,0.6874124870352306,0.6842251539793708,0.5431252863478153,8.813012413855193e-05,0.6858206721389724,0.6858206721417075,0.24351592055353177
921,0.7070248516316587,0.7070248441178535,0.010744057572317346,0.010783978961298563,0.4985286179942997,5.332872984282436e-09,0.010764036774363158,0.010764036774145535,0.9998841287992547
922,0.7069997125198094,0.7069997079680772,0.012345127954727869,0.01226477456736074,0.503490853935687,0.999848575095543,0.012305016851007721,0.012305016850992057,6.980205441296249e-09
923,0.351122721642603,0.3510735154162789,0.6123323569177178,0.6152311010026884,0.5319416704374396,0.4965277191060288,0.6137834402205885,0.613783440213539,3.449606213647309e-05
924,0.006796963785766383,0.0005866135163892826,0.7088507423035953,0.7053255151377287,0.5030652743846793,0.004398618864865878,0.7070903256205313,0.7070903256179594,0.005214880958661051
925,0.008935428974892396,0.005830211155846738,0.7070336615953999,0.7070994046945546,0.5017892792595159,0.010439792681080952,0.7070665339063364,0.707066533911818,0.002200904448643913
926,0.25087727858529546,0.2507973748085712,0.6633082333589372,0.6589259863118279,0.5642405534739894,5.6648205047333954e-05,0.661120740818059,0.6611207408174022,0.3547375493406581
927,0.009089869319786741,0.006064249182182109,0.7094348823802121,0.7046862754586447,0.5042682912198024,0.002144998555830336,0.7070645653539164,0.7070645653534621,0.010714467956454135
928,0.7071064477031856,0.7071064476725991,0.0006844668488722769,0.0006890439414310121,0.5000163021974071,2.1599944595757952e-11,0.0006867592083162072,0.0006867592083261973,0.999999528361679
929,0.007899293905480038,0.004067611040980845,0.7088824906233745,0.7052706361275963,0.5033991010693044,0.008461096609967817,0.7070788696106473,0.7070788696081597,0.002711853230293721
930,0.7070964411289422,0.7070964454488479,0.003835940770720857,0.003812189038115286,0.5010729200081531,0.9999853762796433,0.0038240833449825775,0.00382408334499024,6.73768621040475e-10
931,0.10224218210834944,0.10202238278429564,0.6977342691181461,0.7016443966190669,0.5072143423944153,0.14443685808111817,0.6996920642885869,0.6996920642542293,0.0001562655341789913
932,0.007478253046883858,0.003173557961723487,0.7074385269079021,0.7067281902602055,0.4986349940589282,0.0075341309558250875,0.7070834477930765,0.7070834477762464,0.0030385207979444864
933,0.008120302394093957,0.004481844479358461,0.7075108135885134,0.7066416506365877,0.5021053635947127,0.008911394743849072,0.7070763656608448,0.7070763656656425,0.002571630733208627
934,0.007289287670001267,0.0026981253392237775,0.7085021952276968,0.7056658031692102,0.5028718150328282,0.007062561391744791,0.70708542143094,0.7070854214341732,0.0032455849503640827
935,0.5688997577629366,0.5688855423700359,0.4211647331635262,0.41873926593873667,0.5863420157269219,1.011436987527334e-05,0.4199537506075354,0.4199537506086596,0.8045357012576121
936,0.7063277998560334,0.706327728374124,0.03326277431039178,0.03310237341281502,0.5087219959475878,0.998898303492209,0.033182670781427046,0.03318267078155299,5.0590492805293536e-08
937,0.007527976080512873,0.0032890298394312382,0.704788534473288,0.7093698848518373,0.4980683931413419,0.002994896113646181,0.7070829201171844,0.707082920129082,0.007649754083991087
938,0.03232746831688678,0.031611749269332697,0.7039888762577532,0.7087702689910866,0.49842924791695076,0.04521186176738867,0.7063836182084474,0.7063836181757717,0.0005054257344202159
939,0.7063820350667459,0.7063819685650389,0.03191711399087225,0.03209724062351176,0.502701154071418,0.9989750071842914,0.03200730401896077,0.03200730401936042,4.69795117768538e-08
940,0.04661323984048701,0.04612087545397454,0.7035737107633174,0.7075903506161456,0.4947824791234878,0.00034734601044025316,0.70558488886188,0.7055848888490406,0.06557292572704734
941,0.019111964600304662,0.017872944223153598,0.7087946865469982,0.7049293461070752,0.5065497449988776,0.026152231912571773,0.7068646584308549,0.7068646584330253,0.0008775453180783918
942,0.10715471122021206,0.10694544080192617,0.7012922159046322,0.6966130694055072,0.47056338655903696,0.00014792718434930536,0.698956558229593,0.6989565582086151,0.15139166939615098
943,0.045549304642009236,0.04504520933811696,0.704768766267435,0.7065388708741989,0.5066804656457382,0.00035642333357909287,0.7056543736036106,0.7056543735968812,0.06405999531761321
944,0.7070676176430664,0.707067614051151,0.007417011849893747,0.00746734061066276,0.5000438379231665,2.5629328534686955e-09,0.007442218774626182,0.007442218774513361,0.999944611845791
945,0.6909102620816423,0.6909087592581267,0.15025959691868296,0.15069887081366265,0.5220551797358199,0.9770936003619286,0.15047939415601938,0.15047939415453343,1.0449343800320432e-06
946,0.030549263705773887,0.029790672220842952,0.7085052718230466,0.7044143227778804,0.509779027059774,0.0005358837483271692,0.7064627585134968,0.7064627585153871,0.042666784422345415
947,0.7071055678734316,0.7071055677621517,0.0013069678524985392,0.0013129193380671958,0.500154248056826,0.9999982840374495,0.0013099469752048565,0.0013099469752196446,7.645275531489895e-11
948,0.6671609874591256,0.6671572138050295,0.233904740876186,0.23470415649519127,0.53065104060646,2.661762867013079e-06,0.2343047896217116,0.2343047896241143,0.9435054483745394
949,0.7071067165944471,0.7071067165885243,0.00030318630485293575,0.0003012979921906678,0.5000849897153272,4.162069638328559e-12,0.00030224362321490546,0.00030224362321549706,0.9999999086487877
950,0.009821382606607122,0.0071140863332984855,0.709095105242621,0.7050085545156771,0.5041477283301578,0.01197451645342668,0.7070547822540485,0.7070547822559499,0.0019185245293201277
951,0.7070546693752569,0.7070546698639576,0.008574232990165093,0.008595249669288041,0.5013915567109509,0.9999262993899865,0.008584747761245851,0.008584747761164331,3.3918278391467716e-09
952,0.7071064638287506,0.7071064690679959,0.0006681169549806285,0.0006717768242229286,0.5000597613553717,2.0371507504057157e-11,0.0006699493887916472,0.0006699493887998776,0.9999995511677153
953,0.1387712751494293,0.1386123166111372,0.6921980298293807,0.6945437685109682,0.5183572998248783,0.19613981894790913,0.6933718911547195,0.6933718911476162,0.00011200886659253204
954,0.014489804602816887,0.01281070957510743,0.7092824445338741,0.7046590275862531,0.4975152387647304,0.019304819365984296,0.7069745155633994,0.7069745155425683,0.0011801129150554096
955,0.6808873841307006,0.68088493261235,0.1913617484505385,0.1901808610325295,0.4456613788466513,0.9629184396010907,0.19077221845834122,0.19077221846381212,1.753190445509312e-06
956,0.009912603397066816,0.0072393429186981524,0.7079783101945258,0.7061274987579271,0.5030253405306585,0.0018929066531255452,0.7070535100732372,0.7070535100691726,0.012127847970872605
957,0.05149851043474988,0.051053709495702405,0.7054579902713983,0.7050322305625193,0.4891995216645319,0.07251536928958646,0.70524514255438,0.7052451425378088,0.0003147174359923632
958,0.12394674113829561,0.12376729962081359,0.6938147089223163,0.6985270295773855,0.49938598894032765,0.1751602770238131,0.6961748564052762,0.696174856394755,0.00012643484337527072
959,0.03038753881095195,0.02962478731398139,0.7086994547633544,0.7042329531537371,0.5100569409204212,0.04243515437578033,0.7064697337789145,0.7064697337776471,0.0005368272944059402
960,0.011024965248276723,0.00870072142341265,0.7060926025589496,0.7079802145549884,0.4975976515628302,0.0016430290981449143,0.7070370384812706,0.7070370384961687,0.013948220875118192
961,0.7071067706312074,0.7071067706302393,0.0001217928316291773,0.00012256788268991218,0.500006073522244,6.875167164746671e-13,0.00012218097172585673,0.00012218097172418712,0.9999999850718104
962,0.707089839198856,0.7070898323759198,0.004910793421057038,0.004880554344199914,0.5013730989964459,0.9999760318613986,0.0048956972297663345,0.00489569722975635,1.0902091356705294e-09
963,0.009197156457973511,0.006223813438894626,0.7090198705875258,0.7051010562840772,0.4988837731297133,0.010905374628419404,0.7070631783966,0.7070631783769902,0.0020967458916739063
964,0.693351174273457,0.6933499002483388,0.13906393668753728,0.13853261880217607,0.4641809026723085,8.938169758454487e-07,0.13879853197750447,0.13879853198112035,0.9805457332730405
965,0.07884031491191941,0.07855257284305378,0.7048774396803255,0.700543712538964,0.5229716115825411,0.00020181388410660383,0.7027139169499319,0.7027139169484622,0.11129358078070078
966,0.017390803239372143,0.016019032016787248,0.7045124162654121,0.7092976849699978,0.49838129673158654,0.0009694423630275252,0.7069090997294767,0.7069090997402627,0.023624343495009113
967,0.7070543439127037,0.7070543391038024,0.00859215948475545,0.00863082290690608,0.5010152719558252,0.9999258390957497,0.008611512894381074,0.008611512894477735,3.3726712698464866e-09
968,0.00717113475861829,0.002360385184795993,0.7094602252674699,0.7047050391273554,0.5037303198947617,0.006738647107487926,0.7070866295612802,0.7070866295608522,0.0034040016315525527
969,0.7066440226425772,0.7066439854523375,0.025491561828609042,0.025664972409807224,0.499905580458031,0.9993455305682525,0.02557841407552143,0.025578414075918217,3.0100227013241164e-08
970,0.07999526163598557,0.07971179972463331,0.7049203541180332,0.7002385889470529,0.4784614705814998,0.00020020923513133172,0.7025833712346768,0.702583371255661,0.11292994649698553
971,0.4266138431513414,0.4265796541616654,0.5630453454687416,0.564810026852333,0.4459793439748951,2.4210611797187337e-05,0.5639283764362849,0.5639283764245985,0.6032989076128762
972,0.7049666319186882,0.7049664353497302,0.05497164604591904,0.054977186564213694,0.5109194322707541,1.3920867841141053e-07,0.054974416374651974,0.054974416375079105,0.9969732328846476
973,0.7071065688356865,0.7071065688162081,0.0005497565485013018,0.0005462729430607847,0.4998452476336984,0.9999996996767593,0.0005480175138432068,0.0005480175138273105,1.3681119222369752e-11
974,0.009892407775588832,0.007211825969694411,0.7062438911698162,0.7078627663748833,0.5010740502904515,0.012094536548879271,0.707053792092666,0.707053792099277,0.0018953498578132403
975,0.7035160894994852,0.7035157540696011,0.07135884777892101,0.07098322229708363,0.48043469593478316,2.317627293147615e-07,0.0711712828454504,0.07117128284740493,0.9949217542078207
976,0.008719690186663662,0.005493802386264498,0.7094020556262036,0.7047286773019091,0.5041310542658404,0.0022797818734279006,0.7070692275644984,0.7070692275652545,0.010050744063019099
977,0.011021793504946465,0.008696662244445616,0.7073133323395294,0.7067607360546383,0.4978316551196354,0.001635668446346409,0.7070370881917618,0.7070370881750538,0.013944047296006736
978,0.7070087280389008,0.707008719043822,0.011814838773830121,0.011736236942965649,0.5033573249284907,0.9998613255482837,0.011775603441709767,0.011775603441719006,6.334107613793503e-09
979,0.7070877106933866,0.70708770894417,0.005195281511147211,0.005191367496956954,0.5011087978477476,0.999973029013048,0.005193324872801352,0.005193324872764267,1.238147516181601e-09
980,0.021313562905276546,0.020210159493995322,0.7070924623573348,0.7065108146192628,0.5047708820565108,0.02936171966474744,0.7068016983226731,0.706801698317653,0.0007796934017476891
981,0.015758547733438072,0.014230141733851084,0.7090417956065809,0.7048467232828494,0.5058281064394171,0.0010792972608440429,0.7069473711801642,0.7069473711819216,0.021205279480715912
982,0.6844429393649811,0.6844408315710259,0.17811366211242696,0.17707100669632617,0.5456820697210827,1.4936019567660906e-06,0.17759309958919017,0.1775930995896355,0.9679469933597739
983,0.6976036345868167,0.6976027623662135,0.11590623281096053,0.11517511665416168,0.5311890753421983,6.242573348476003e-07,0.11554125302393098,0.11554125302413985,0.9865599007150453
984,0.006808660001901712,0.0007102398858161364,0.7087227462384906,0.7054539011675044,0.4993755914903313,0.004300868099697724,0.7070902126797649,0.7070902126608487,0.005325863808426089
985,0.7070924057261957,0.7070923991390604,0.004495217118126027,0.004524302996065752,0.5001901261290445,0.999979661645907,0.004509783505820161,0.004509783505883097,9.39611420046523e-10
986,0.0250043922653678,0.02407111877249677,0.7086423487001161,0.7047136888391379,0.4945104918805002,0.034701563041892515,0.7066807488662159,0.7066807488465827,0.0006632601070404175
987,0.008584822760726727,0.005277084401850459,0.7087239128927669,0.7054139695900435,0.5034370858333164,0.009802018069910658,0.7070708780605973,0.7070708780578038,0.002338213621568979
988,0.6926824388878136,0.6926810968756278,0.14257948533783776,0.1416157990728251,0.538502033524204,9.486562591128362e-07,0.1420984591511057,0.1420984591511077,0.9795999468216081
989,0.11377811298440085,0.11358163058530632,0.6995987029581743,0.6962150594597474,0.5301158350786537,0.16076761629602038,0.6979089318109394,0.6979089318083079,0.00013910860378750885
990,0.7069543708942503,0.7069543569125817,0.014667177554442721,0.014694509805197122,0.5025324312627925,0.9997844494110556,0.014680850040523628,0.014680850040656375,9.879971569126793e-09
991,0.14337097723391584,0.14321754159946215,0.6901188317844389,0.6947441951406942,0.4949980551585404,0.00010814561459126413,0.69243537555849,0.6924353755697227,0.2026486852642468
992,0.7071063102045669,0.7071063048925466,0.0008206880424604097,0.0008207142035672848,0.5001661279882919,3.054518528410648e-11,0.0008207011231212477,0.0008207011231149286,0.9999993264494397
993,0.6987455678576685,0.6987447965615237,0.10878449909063258,0.1080568065188549,0.4682949370907208,5.355359485440459e-07,0.10842126331620223,0.10842126331293062,0.9881749133236759
994,0.7070782946586662,0.7070782920460871,0.006325621148851073,0.006368724900750019,0.4999952763079152,1.8487738642190162e-09,0.006347209614428373,0.006347209614526163,0.9999597121185532
995,0.70710405809514,0.7071040525765017,0.0019688929050629984,0.0019597873747488463,0.4994836402795189,0.9999961413396432,0.001964345415913277,0.0019643454158606846,1.7941836116268163e-10
996,0.7067892156336905,0.7067891812316563,0.021207671245812573,0.02117309815208689,0.49518833209239926,0.9995508664370053,0.021190391749641664,0.02119039175015624,2.0504286837374368e-08
997,0.073505878277033,0.07319666048057434,0.7034113836137085,0.7031724967288375,0.5150712421066608,0.00021765747271736927,0.7032919503167085,0.7032919503114903,0.10373436206007651
998,0.7071067312102365,0.7071067312056528,0.0002661234742555744,0.00026559203164728824,0.5000614429458092,3.233935603903526e-12,0.00026585788574303354,0.0002658578857446882,0.9999999293195823
999,0.0113118072279161,0.009061477948804176,0.709031505126045,0.7050278415589731,0.5045167759952335,0.014406097776821364,0.7070325072554172,0.7070325072574302,0.0015911355136700085
1000,0.011078006724840122,0.008767832143735744,0.7061166292064006,0.7079545951857966,0.4975928417034419,0.014033309422459903,0.7070362094143902,0.7070362094429293,0.0016319743104065397
