traj,F_phi_plus,F_phi_minus,F_psi_plus,F_psi_minus,F_plusplus,F_ee,F_eg,F_ge,F_gg
1,0.01833805399992022,0.017042734118027807,0.6845084596576088,0.728574930705468,0.4806238511791901,0.0009134459456540875,0.7068851607497647,0.7068851607631111,0.025018085881776307
2,0.09768361454002286,0.09745312007718661,0.7113335250042916,0.6891773482972867,0.5485247317494357,0.1379825062154834,0.7003430592200832,0.7003430592240965,0.00016363803321479031
3,0.7071067691816983,0.7071067691805969,0.00013165746454420272,0.00012892909316865897,0.5000554324634716,7.853351463336169e-13,0.00013030042025204415,0.00013030042025120807,0.9999999830218009
4,0.008549799291892202,0.005219861372981708,0.7061144853591653,0.7080268268542294,0.49613288436638014,0.0023610640517570374,0.7070713026342942,0.7070713026069935,0.009735060206710977
5,0.020145912576662088,0.018974629331672484,0.6995726780668358,0.7140253313134016,0.48815025901759057,0.027662306179284505,0.706835944768301,0.7068359447837393,0.0008313615524585484
6,0.7070795110468981,0.7070795085453795,0.005967514477528958,0.006443789557699059,0.5006273956854117,0.9999614324298195,0.006210219517234163,0.006210219517150184,1.7754982735448545e-09
7,0.7054516487229117,0.7054514967244682,0.046651046814495604,0.04999851778527794,0.5070974468746361,0.9976591742926917,0.04835375864228116,0.04835375864167166,1.0765970924506797e-07
8,0.7071062207751384,0.7071062154549091,0.0009299766083315053,0.0008574381716840195,0.5004775088186748,3.608911904578846e-11,0.0008944430418719399,0.000894443041871016,0.9999991999713245
9,0.007716258903033687,0.00369968267811914,0.6801950082301595,0.7329812565648578,0.4800659955166088,0.008073353105810942,0.7070808906038095,0.707080890591415,0.0028371240731265715
10,0.008463730514918054,0.0050776965675507265,0.686521884716378,0.7270421473815935,0.4872987443636157,0.002403296355368262,0.7070723379807886,0.7070723379726775,0.009572977743187277
11,0.7070680916610415,0.7070680881132438,0.007639461729457396,0.007146408271245943,0.49622190865570587,0.9999452822396361,0.007397044230576316,0.007397044230371635,2.512922950350249e-09
12,0.7071062785754976,0.707106273260566,0.000878959453344491,0.0008148592018035185,0.5004450145517881,0.9999992817171223,0.0008475155571994986,0.0008475155571978238,3.286141182089138e-11
13,0.009048845093906535,0.0060025322447196,0.6835853960833025,0.7297897603219297,0.4850168054139208,0.010643058471138424,0.7070650917777205,0.7070650917691166,0.002153438474241508
14,0.0384344660832977,0.03783494926101148,0.7273094065749635,0.684187354139067,0.4960400544641249,0.00041694634603465754,0.706077654540665,0.7060776545215097,0.05393067494033434
15,0.03853903690031672,0.037941209270374095,0.6910026417675653,0.7208263010907262,0.4789309220103696,0.054079705684759324,0.7060719535978206,0.7060719535687917,0.0004220890333875725
16,0.7071067520413739,0.7071067520387008,0.00021115631188753486,0.0001945553863173802,0.5001085766451321,1.885120864270713e-12,0.0002030255973947653,0.00020302559739488428,0.9999999587806102
17,0.026030437682886633,0.0251354130836963,0.6805295744627011,0.7318265679823112,0.4780147841042967,0.0006330015083035489,0.706643696393521,0.706643696406085,0.03617971788089539
18,0.7070219600710708,0.7070219522918204,0.01132815936429086,0.010563132117810983,0.505597946800055,0.9998800393273567,0.010952327486013578,0.010952327485982707,5.507494683151854e-09
19,0.7071067786296721,0.7071067786294375,5.771848823557462e-05,6.245671646839884e-05,0.500004668035166,0.9999999963838664,6.013428853954848e-05,6.0134288538706935e-05,1.6334629536562514e-13
20,0.7061227451757222,0.7061226548534744,0.03576422049250144,0.03876061894194494,0.4977926225665926,6.395739038930699e-08,0.037292526384281405,0.03729252638366832,0.9986082990601536
21,0.6615550042992829,0.6615506873030091,0.24423081887090287,0.2550430914565281,0.5561623536986592,3.0583273791233508e-06,0.24969548592971552,0.24969548592711488,0.9355770030332009
22,0.7070987880795028,0.7070987873460869,0.0032778463832536303,0.0034444960842005424,0.49919213965277787,0.9999886955210087,0.003362203904125359,0.0033622039041923046,5.301195546789255e-10
23,0.7070284567665361,0.7070284495826719,0.010816357053597033,0.010224442436732104,0.5051296608070469,0.999889227463196,0.010524561821136268,0.01052456182109391,5.140782748410655e-09
24,0.009991517219889348,0.007347194680262742,0.6780742410777119,0.7348887751909884,0.4801229798558235,0.012260610936018166,0.7070523984474215,0.7070523984575509,0.0018679145176619596
25,0.3808281735388094,0.3807854302880971,0.6120216744953135,0.5791388703104228,0.32064257196569423,3.027744041028154e-05,0.5958071672846073,0.5958071672687166,0.5385421412729008
26,0.009637684999821912,0.006858211929057602,0.6897326064621738,0.7239675486787314,0.4901534983666501,0.011664663566869723,0.7070573102541884,0.7070573102465655,0.0019635852136850153
27,0.013701816912286993,0.01191212544927486,0.707783733055641,0.70619582886222,0.505782786330044,0.0012654616649017648,0.7069902267670115,0.7069902267616625,0.018111795222775676
28,0.007186673305289098,0.002407207279812944,0.7259698573719635,0.6876847557327642,0.5099380210162625,0.003366181934238851,0.7070864717463173,0.7070864717651197,0.006790562515030943
29,0.7070889069034482,0.7070889052643756,0.0052262056913349566,0.004821261264900197,0.49731285737628,0.9999747207874241,0.005027811955218333,0.005027811955068782,1.1383828231763784e-09
30,0.047167654828008096,0.046681187915435775,0.6760129839503347,0.733895445283124,0.47806831838095865,0.06636115312709867,0.7055480419831393,0.7055480419719902,0.00034391697225621276
31,0.707096503161773,0.7070965022184221,0.003882586789069853,0.003743285673925974,0.498262350878869,6.698776328927834e-10,0.003813572328671358,0.0038135723285747853,0.9999854565603393
32,0.009622034787959024,0.006836091252642323,0.7008831752537792,0.713178420138105,0.4923695613928143,0.0019618252461948704,0.7070575239204424,0.7070575239483677,0.011639026471075857
33,0.705354733470127,0.7053545726042171,0.04858976697145102,0.05087903583505674,0.5122719704465244,1.1288577049702544e-07,0.04974757150805109,0.049747571507524325,0.9975221091575572
34,0.06527352594442154,0.06492430032380558,0.7306907945860455,0.6764725897961098,0.550783608401823,0.00024599681256055905,0.7041037572829689,0.7041037572817296,0.0920637683745402
35,0.7070834007974479,0.7070833986530882,0.005980880756570893,0.005510057286015387,0.5030656624745665,1.5145791753612772e-09,0.00575028981528424,0.005750289815281456,0.9999669336203507
36,0.7070242031373908,0.7070241902938783,0.011212205343303609,0.01038577961794111,0.4942810265990265,0.9998832041959034,0.010806895181439208,0.010806895181791721,5.3173161546000924e-09
37,0.7071063954787148,0.7071063954433435,0.0007570194763279295,0.0007196650155228058,0.500355967673749,0.9999994545017408,0.0007385784393387258,0.0007385784393354747,2.4483405660358888e-11
38,0.7065632139318239,0.7065631693255264,0.026602587622980726,0.02879621932842749,0.4979543846114597,0.9992312445496024,0.02772111033017036,0.02772111032970706,3.513947280954198e-08
39,0.7070883305614184,0.707088328869295,0.004950079932253903,0.005261622312626181,0.49902362005664236,0.9999739056791964,0.005108226732215348,0.0051082267323122035,1.1932099063555035e-09
40,0.7069433212306035,0.7069433009666272,0.014562030633512114,0.015819750268062153,0.5000125650288445,1.0554694805357518e-08,0.01520390138619494,0.015203901385962011,0.9997688146593139
41,0.019830222390295853,0.01863908611541842,0.7337935472450744,0.6788272068625096,0.5290192645053932,0.0008453792534587205,0.7068448722162951,0.7068448722151103,0.027201812047267265
42,0.7070473855122228,0.7070473800640941,0.009201145623167133,0.00912885009470986,0.5036214619947196,0.9999159979794151,0.009165069144016236,0.009165069144082518,3.856512171113311e-09
43,0.7050301834633319,0.7050299927233966,0.05285950863523196,0.05541680352519787,0.5131359158337784,0.9970631124627337,0.05415325367035235,0.05415325366977517,1.3591801270466596e-07
44,0.009897731761624734,0.007219134628762486,0.6892004636213068,0.7244671420743336,0.4897861076380751,0.0018954232935279693,0.7070537175456618,0.7070537175533674,0.012103237969718036
45,0.7071062323394516,0.7071062322886357,0.0008861423750253087,0.0008843631118557456,0.499661648628426,3.59645992791728e-11,0.0008852531904461916,0.0008852531904667231,0.9999992163264806
46,0.7071067802404315,0.7071067802403447,3.5043394395407686e-05,3.8053990760316165e-05,0.499999527189296,0.9999999986619287,3.657967812583993e-05,3.6579678125268785e-05,6.16536534401259e-14
47,0.006787189543850076,0.00046011450273871857,0.7303779129125361,0.6830093898931879,0.5131131979061259,0.004485836035415303,0.7070904193900942,0.7070904193662066,0.005114188334735811
48,0.008323341538223599,0.004840054455269056,0.7234806863758388,0.6902774748603977,0.5154618461479319,0.002464450751643753,0.7070740045616863,0.7070740045650121,0.009307557358652742
49,0.7070111262972119,0.7070111175238841,0.011839237931135043,0.011418381443355255,0.5052497290798924,0.9998647173545149,0.011630713425612916,0.011630713425549355,6.249443823856635e-09
50,0.7071067165914182,0.7071067165850126,0.00030209423654621224,0.0003261163893264241,0.4999677410640282,0.9999999011935823,0.00031433487489498533,0.000314334874881068,4.439849935626425e-12
51,0.009916074584488356,0.00724425249308099,0.7331560358770035,0.6799495711664212,0.5234449940538134,0.001891872315718885,0.7070534605934458,0.7070534605919946,0.012133777105959977
52,0.7071009317497935,0.707100925944421,0.0027810795311789933,0.0029708406684465297,0.49951726581270256,0.9999917198169018,0.0028775247727632013,0.0028775247728165063,3.8401310167350447e-10
53,0.008867907394432693,0.005726129054121118,0.7319321821821914,0.6812957157875803,0.5220137428432222,0.002222888717868666,0.7070673842241059,0.707067384222308,0.010319258754806776
54,0.7071063929145254,0.7071063928789054,0.0007705651432140307,0.0007102665338242694,0.5003972151366244,2.4464916334347373e-11,0.000741029415410256,0.0007410294154107084,0.9999994508752534
55,0.028583806195461952,0.027771396794326123,0.7340292301256515,0.6779474941797602,0.5046301791361176,0.0005737921173335339,0.7065450146704885,0.706545014693156,0.039849155814568056
56,0.016283428782028472,0.014809322392673643,0.6814522619200113,0.731531508987457,0.47959355681552,0.001042367589521615,0.7069354758163411,0.706935475803619,0.021985894397041333
57,0.2847310085413293,0.2846635269789585,0.6730504158661051,0.6204015368174136,0.35747070137130027,0.4026227372233621,0.6472615117585879,0.6472615117392145,4.783126948281271e-05
58,0.008549433212045168,0.005219263903059468,0.726586874886056,0.6870015864023704,0.5097129771628027,0.0023556787638906933,0.7070713070296855,0.7070713070485829,0.009735722957148842
59,0.7071051076748783,0.7071051127897333,0.0015011744796080482,0.0015748309311357958,0.49962234643625647,0.9999976331885592,0.0015384435770924045,0.0015384435771232108,1.0760353601092784e-10
60,0.23260384068653112,0.2325159136726249,0.6546370383767575,0.6806483321353822,0.42574378691886355,0.32888933104066115,0.6677693479169897,0.6677693479307721,6.224347614069937e-05
61,0.13966540043076592,0.1395075448238144,0.693272807174343,0.6931118493377257,0.5497210670625979,0.0001118109104597377,0.6931923329251364,0.6931923329304526,0.19740508260573
62,0.7071040538331184,0.7071040535829963,0.0019045908508005165,0.002021631261082482,0.49960524926882016,0.9999961427629283,0.001963983103872274,0.0019639831039098108,1.7827063322849806e-10
63,0.017433244969695682,0.016065115863015903,0.7308831948178638,0.6820907194464415,0.5255371293232973,0.000968733975001928,0.7069080541411622,0.7069080541431734,0.02368686413080512
64,0.00955112803434793,0.006735915360285831,0.7303168570576613,0.6830085590202751,0.5211566341095256,0.0019908862673183483,0.7070584853463551,0.7070584853442122,0.011516639021001085
65,0.7070679562708281,0.7070679527096511,0.007328673450645168,0.007490394611023354,0.49758852645907437,0.9999450907594994,0.007409975235364421,0.007409975235203226,2.5366443562341863e-09
66,0.008195749380096587,0.004617116244042847,0.6798323029246475,0.7333072697238635,0.47982057433718706,0.009061140628369352,0.707075495243286,0.7070754952309966,0.002526618456608003
67,0.04238836864590514,0.04184590722696848,0.7119222204101631,0.6997277315771876,0.5215219478668948,0.0003826413259937271,0.7058513109212531,0.7058513109165715,0.05956263370373115
68,0.016446298339993427,0.01498823121686529,0.6781984878505798,0.7345418186006077,0.48085564405262493,0.0010314281801642423,0.706931705403725,0.7069317053937265,0.022227549572713792
69,0.04744735495854092,0.04696382543844389,0.7339794481687706,0.6758826209287285,0.5438948878344539,0.0003401461076756788,0.7055292862835351,0.7055292862836144,0.06675879487378304
70,0.7070673703838192,0.7070673667683277,0.007152148973176449,0.007766553603663149,0.5000218979319938,0.9999442621517393,0.00746567444424107,0.007465674444126787,2.5664242661276434e-09
71,0.7071002467001114,0.7071002408320118,0.0029982554550472044,0.0030835769310789325,0.4990622246658016,4.2530990807306784e-10,0.0030412154201245652,0.0030412154201896087,0.9999907509659959
72,0.012047099501138126,0.009964309071176321,0.6870059732470822,0.7264835666846347,0.4831952692587428,0.0014736861212279301,0.7070203603576751,0.7070203603713985,0.015564328100880688
73,0.02339933869980765,0.02239912451751195,0.7247724785106522,0.688226419547218,0.5236560035924765,0.0007071835168322836,0.7067357179897189,0.706735717992811,0.03238440554051968
74,0.0278351046931862,0.02700010367867959,0.6825099670581052,0.7298467964082445,0.47824780744198436,0.03877432492516982,0.7065749080527275,0.706574908039702,0.0005919168655375832
75,0.06874643527368793,0.0684152569114836,0.6746515412368904,0.7317366863603165,0.47636384440690366,0.09698796203350192,0.7037731453653633,0.7037731453539781,0.0002344391001116522
76,0.010805681758967317,0.00842109166505223,0.6785676836989262,0.7344101177791365,0.47901945435884,0.0016876865536789036,0.7070404240353283,0.7070404240471931,0.013595192429819545
77,0.7069605419039031,0.7069605337570086,0.01475068531547513,0.01400073686300728,0.5069131323543052,0.9997931769371181,0.01438060064783671,0.014380600647774876,9.51632462332817e-09
78,0.010847875218956752,0.008475198311173006,0.7344103644887161,0.6785660698475663,0.5248691844847757,0.013663689019300934,0.7070397777417522,0.7070397777407684,0.0016760028531004683
79,0.01903950273773502,0.01779543785153629,0.6840626624392167,0.728957538944309,0.4874709680664638,0.026046254188207506,0.7068666139078801,0.7068666139163611,0.0008791561814564399
80,0.7037917697624139,0.7037914597030879,0.06783865091343082,0.06893947288444675,0.4761352900040071,2.1287715037496888e-07,0.0683912767797655,0.06839127678127678,0.995311642914227
81,0.006781345485295434,0.00036387331651745945,0.7266478421122081,0.6869765603739946,0.5170712318369207,0.0044983016056156224,0.7070904754533345,0.7070904754504836,0.005087664793038758
82,0.022676466786190796,0.02164279248489996,0.6935329560860557,0.7197425971901904,0.4971007326702269,0.000731916287821538,0.706759282711414,0.7067592827043673,0.0313384254709339
83,0.17331602020568015,0.17319162923875975,0.7039469191409601,0.6666520469732528,0.42525155439105694,0.24501790875940826,0.6855531404372242,0.6855531404189885,8.766685844453153e-05
84,0.007256731171160003,0.0026089573914142537,0.7337169061887764,0.679411535644492,0.5225047430125458,0.006973986918201851,0.7070857561837464,0.7070857561824425,0.0032909440021747205
85,0.7071062097705574,0.7071062097181486,0.0008845602748369503,0.0009131457018019037,0.5002675224048998,3.689580515792841e-11,0.0008989666157659371,0.0008989666157746077,0.9999991918586987
86,0.707106536669182,0.7071065366467573,0.0005634797147610921,0.0006116549316850536,0.5000201066386857,1.5965366580676077e-11,0.0005880608575613878,0.0005880608575700773,0.999999654184369
87,0.7071052558177872,0.7071052556779219,0.001504113672612945,0.0014325604981121607,0.49929646787257126,9.719934086955859e-11,0.0014687728756992262,0.001468772875737699,0.9999978427039121
88,0.007639731739239664,0.003537281902274743,0.7130736256640282,0.7010386055838462,0.5010891553428163,0.0028955461942317606,0.7070817216250557,0.7070817216420843,0.007905294153375602
89,0.7036573463384485,0.7036570239066666,0.06691738803702167,0.07249277373150502,0.49541917204773167,0.9951215307363059,0.06976080226324703,0.06976080226439964,2.2692571228292482e-07
90,0.7070922394714568,0.70709223286885,0.004394181276647552,0.0046730843264399195,0.5008751935368635,9.474057627137764e-10,0.004535777012516357,0.004535777012462865,0.9999794265152605
91,0.006945466527454722,0.0015443794011568324,0.7339030637457495,0.6792169523882542,0.5224909221781933,0.006000160721403558,0.7070888824570412,0.7070888824558329,0.00382396186383147
92,0.012110233010425887,0.01004057118253822,0.6973875611333908,0.7165215410322127,0.49699639399463513,0.01566298314296977,0.7070192816244191,0.707019281631022,0.001463479518637262
93,0.7068918221248626,0.7068918024055721,0.017871407685400624,0.016986591539609974,0.5082817822189658,0.9996959880359664,0.01743461362905184,0.017434613629129434,1.42954255969603e-08
94,0.09273292328178531,0.09248960106959592,0.7291506860615796,0.671703473135145,0.5651194071273771,0.13097210359115688,0.701015791122271,0.7010157911225008,0.0001710994753191114
95,0.7070816123251542,0.7070816100166202,0.005997576400307814,0.005934590574840303,0.502389471164609,1.6341550064245397e-09,0.005966166607169791,0.005966166607127623,0.9999644042224882
96,0.7070698966652429,0.7070698932819289,0.006922061048043887,0.007510813200340249,0.4996845469866807,2.346515576280845e-09,0.0072224387876105465,0.007222438787727488,0.9999478350173653
97,0.1749737853783711,0.17485072180494307,0.6649094113870397,0.7047743427251049,0.5207188625540701,8.676792667489561e-05,0.6851318849409502,0.6851318849330574,0.24736328134279106
98,0.0536535266904399,0.053226934879515485,0.6813538922949937,0.7280419396789389,0.49250389674466755,0.07557589791481308,0.7050844603537972,0.7050844603624481,0.00030195589029352105
99,0.7070826715910044,0.7070826693790252,0.005935182026473591,0.005741760520023995,0.5026105129743417,0.9999659023188943,0.005839272195928838,0.0058392721959619085,1.5866947768055546e-09
100,0.7056065516521689,0.7056064191875606,0.04412903116947208,0.047870779288187226,0.4979513894156721,9.796282524729942e-08,0.04603793491136919,0.04603793490928008,0.9978782576538962
101,0.006921473334451413,0.001432712417668997,0.7074103441735637,0.7067677450896184,0.5028694728336467,0.0038697550221512412,0.7070891176277583,0.7070891176331471,0.005914765697306584
102,0.03775605534472661,0.037145557451497585,0.7341369408103454,0.6769325224747725,0.5388344509283515,0.05296344489505993,0.7061142569893903,0.7061142569887346,0.0004308809864894033
103,0.027872828905480217,0.02703899992775198,0.7090258049627366,0.7041124951413866,0.512575597883756,0.0005893621132817416,0.7065734207816075,0.7065734207867316,0.038828529910572986
104,0.007880379820907365,0.004030764094109055,0.7346184496268628,0.6784227192706067,0.5154448724341755,0.002709763748565738,0.7070790806494553,0.7070790806286251,0.008426424255345904
105,0.014199108692723315,0.012480993478365256,0.6779373349428698,0.7348765746782937,0.4786530655805862,0.01886578188243921,0.7069804134853839,0.7069804134969927,0.0012133233810695883
106,0.6332448597205543,0.6332376900520046,0.31381343482034996,0.31548708953196086,0.5939599103813945,0.8955383991985115,0.31465137496654816,0.31465137496402956,5.086346808835705e-06
107,0.006941765187084402,0.0015276874306569563,0.7190661372691438,0.6949052944826613,0.5053946454783467,0.006000526012736164,0.7070889187692002,0.7070889187513867,0.0038099370557636313
108,0.03927169589779035,0.0386852654421834,0.6935309755015067,0.7183146734954664,0.47959260077826005,0.0004153756626263389,0.7060315800720652,0.7060315800868353,0.0551238906834379
109,0.01366920513391715,0.011874564944780076,0.7283938372634067,0.68491938604353,0.5217340240866721,0.018061969630741723,0.7069908583373379,0.7069908583348096,0.0012718928793183871
110,0.015559411023612295,0.01400924539418985,0.6789984698430654,0.7338410752491722,0.4817355172319653,0.02090825041718889,0.7069517825702053,0.7069517825798978,0.00109512209751154
111,0.015985518727916564,0.01448104109480141,0.7057600734911835,0.7081225044478775,0.4932099820177551,0.02154297407644211,0.7069422758183607,0.7069422757910099,0.0010665965177338046
112,0.7068230150695805,0.7068229890393063,0.02011410258582764,0.01994769186287946,0.5079055097804979,1.8105518534049885e-08,0.020031070034870882,0.0200310700350152,0.99959867570266
113,0.6763830214063833,0.6763801394039876,0.19826165551063032,0.21379483465976634,0.4759056780048347,0.9565480043483875,0.20617458060043858,0.20617458060402588,2.025636779180312e-06
114,0.687709953374975,0.6877081491867328,0.15766429277037364,0.17103944678453753,0.4919436888666417,0.972567467288102,0.16448787428500256,0.1644878742775405,1.2880074316048634e-06
115,0.3981376591009769,0.3980983247411109,0.5611705613276674,0.6067056364853969,0.5149134296127593,2.7863569210858207e-05,0.5843817794273531,0.5843817794193111,0.5630238635970116
116,0.011413032197590482,0.009187541130146871,0.6794342155219022,0.7335901298151261,0.48170466796241507,0.014566991460326298,0.7070308804421328,0.7070308804325728,0.0015719337632859446
117,0.7064852682860728,0.7064852112496487,0.029746768985160637,0.029535431523104196,0.4881665410689682,0.9991210076961168,0.02964128860450571,0.029641288605202248,3.9927781020231976e-08
118,0.006780320871642442,0.0003473608911242767,0.6928952463255094,0.7210062997017441,0.48808439031307593,0.004953679162344315,0.7070904845246784,0.7070904845101124,0.004642679471849773
119,0.15225918745538927,0.15211551234872125,0.7183150449693492,0.6615901351357739,0.5908840400437858,0.00010192576518222566,0.6905353034922294,0.6905353034922869,0.21522541409607682
120,0.011078277359092809,0.008768192420696909,0.685483825825907,0.7279507642038394,0.4870201668401658,0.0016358450986050964,0.7070362050792001,0.7070362050709142,0.014033297436495944
121,0.015243008747641867,0.013656965490896369,0.6793938344594703,0.7334883473350908,0.48214108411475365,0.020435287621122872,0.7069586755830947,0.7069586755926418,0.0011229612380680384
122,0.012070165982261433,0.009992180808514191,0.6786517324484619,0.7342930569344872,0.478945086703105,0.0014700148308998164,0.7070199669862045,0.7070199669742853,0.015600373037246295
123,0.035319863663569394,0.03466625786059629,0.6930273937468853,0.7192105319815184,0.4804553319137746,0.04948765942431318,0.706240312442363,0.7062403124135956,0.0004623504879113854
124,0.5818888514651784,0.5818761320710933,0.4140985025087622,0.3890346535805208,0.298222532928311,8.989538812585674e-06,0.4017620760197901,0.40176207603354464,0.8229061115659971
125,0.02596054002442524,0.025062992115027993,0.6843997914910024,0.7282134455000453,0.4893145947480516,0.0006348100212554555,0.706646268231785,0.7066462682234073,0.0360790828079905
126,0.024821662845696178,0.023881232697891684,0.6896382591770851,0.7233343924199872,0.494182161886652,0.0344380287056775,0.7066871909795229,0.7066871909719775,0.0006711188145164232
127,0.7071066293262672,0.707106629312336,0.0004724892734208595,0.0004542018059975382,0.49978690256438957,0.9999997852272814,0.00046343575285779216,0.000463435752874472,1.0070686871907148e-11
128,0.044195857185521874,0.043676017516216824,0.7185880956204629,0.6926545174429444,0.4888984721136192,0.00036763481329653373,0.7057404380068858,0.7057404380247819,0.062134798165633234
129,0.7015089002717613,0.7015083847222988,0.0886176960976685,0.08898400385508323,0.4663619511523098,3.616472687516658e-07,0.08880103885681825,0.08880103885479076,0.9920830363412402
130,0.009105560808520622,0.006087720254358254,0.7117487628783201,0.702348721765509,0.49961872880854047,0.010743362242001337,0.7070643635485415,0.7070643635654111,0.0021334814904588515
131,0.700911179385162,0.7009106032234995,0.0960877810799594,0.09063658540677912,0.5441175378890086,0.9912376847723086,0.09340196006278059,0.09340196006241687,4.0398102536468755e-07
132,0.050210958231209975,0.04975453047889437,0.6929427029481381,0.7175191682465794,0.5057505125353532,0.07068627709380615,0.7053379850683446,0.7053379850752849,0.0003222736247338444
133,0.7068604997923723,0.7068604719305195,0.01855818443390117,0.01876454886057587,0.5065240028688746,0.9996516820856021,0.018661651901933026,0.01866165190208816,1.6263651098693454e-08
134,0.14048434683227554,0.14032748721108815,0.6813029767124668,0.704555603590561,0.4493163532456827,0.19856395206273106,0.693026819325183,0.6930268193397341,0.00011096440261077979
135,0.0432424614626692,0.04271092552026259,0.6760808468388544,0.7343163861265687,0.47908867726107573,0.00037780981428903345,0.7057994992955258,0.705799499284685,0.060778210432810474
136,0.7071061996659004,0.7071061996125713,0.0009419620148977383,0.0008703855908368991,0.5004800121563419,3.813989730182785e-11,0.0009068802330639662,0.0009068802330652884,0.9999991775679049
137,0.011280607084459797,0.009022499440996387,0.6877145690121776,0.7258374569943588,0.48375609411878406,0.014356163385337656,0.7070330057455648,0.7070330057317236,0.0015994265254256743
138,0.007122125247774058,0.0022070633003967682,0.6970024615568826,0.7170299664499313,0.4950925029916814,0.006597123583326007,0.7070871248276717,0.7070871248343307,0.003474731195828365
139,0.7054563305519735,0.7054561789966434,0.04769901840319918,0.04886459703069038,0.5150832362516079,0.9976658031627568,0.04828532489047682,0.04828532489091887,1.0655151051563885e-07
140,0.007838918275822788,0.003949136186507351,0.7353941619061409,0.677582749424749,0.5240453801924685,0.008334634637044687,0.7070795413823945,0.7070795413827928,0.00275284976371493
141,0.707106761783285,0.7071067617815053,0.0001715152676711223,0.00015957989761569122,0.5000860713162654,1.2355784978623995e-12,0.0001656551097418875,0.00016565510974230304,0.9999999725583848
142,0.7070353013095368,0.7070352947528658,0.010098916347887213,0.010010068137189078,0.5039860265854843,0.9998989001016478,0.01005459038236374,0.010054590382291579,4.593125921474273e-09
143,0.013951473984766509,0.012198491027667683,0.6797799510917293,0.7331819496463831,0.4823462032936649,0.01849079937098789,0.7069853439806604,0.706985343971212,0.001239816548223594
144,0.01733325762874581,0.015956558168079883,0.734168218667281,0.6785587470000781,0.5280340794248627,0.02353958163723417,0.7069105128762594,0.706910512877287,0.0009703942187481086
145,0.017190762781928624,0.01580160994258628,0.7168494699667578,0.6968368705849203,0.49952499187701804,0.02332917487644569,0.7069139929421802,0.7069139929162177,0.0009812244322270893
146,0.5827798607803711,0.5827672365544178,0.41649275969555327,0.3837756755310324,0.2836420441685263,0.8241662525929861,0.40046846817102955,0.40046846818303605,8.871987905376806e-06
147,0.7067687536818863,0.7067687226659731,0.022486748057086482,0.021219039608349116,0.48909798050421505,0.9995219349868907,0.021862084531406496,0.021862084530648227,2.191825434880206e-08
148,0.7070571359874129,0.707057131434394,0.008698575284006103,0.00804699478493325,0.4955494467689489,3.2210488840772408e-09,0.008379120987196982,0.008379120987441339,0.9999297878666068
149,0.7071067771414014,0.7071067771410303,7.867335314224072e-05,7.247364999741514e-05,0.500040538367137,2.5884561300960303e-13,7.56370492503114e-05,7.563704925033446e-05,0.9999999942790373
150,0.7034715821999062,0.7034712479378362,0.07057804614843724,0.07262696306334154,0.47765587553524574,0.9948588159321903,0.07160983299001712,0.07160983299154365,2.385603952955883e-07
151,0.7069480567625641,0.7069480422004691,0.01547973222900272,0.0144668088628865,0.5075891422517866,1.0365367395631075e-08,0.014981833475172074,0.014981833475216928,0.9997755194699669
152,0.7071041637372758,0.7071041634972077,0.0018658717002755286,0.0019804325591769507,0.5003818833343978,1.687060922461136e-10,0.0019240049796259537,0.0019240049796483878,0.9999962981979876
153,0.050968129255933685,0.050518608760725725,0.7278365536616318,0.6819853892298492,0.49026955735077715,0.00031812594018142484,0.7052836734238248,0.7052836734044157,0.07176195946917156
154,0.016189137738431194,0.014705574253533344,0.6839401489413753,0.7292102101391629,0.48672935209836304,0.021845772814869897,0.7069376414837167,0.7069376414922275,0.0010508591538219746
155,0.5645841581112022,0.5645694362936466,0.44211585819370786,0.4087048420884823,0.6609342494139375,1.0434774791422293e-05,0.4257382294400394,0.4257382294393945,0.7984321636045085
156,0.10717193423983455,0.10696269565191015,0.674485290644372,0.7225944581537725,0.4994909948915745,0.000147847329168478,0.6989539177450883,0.6989539177363269,0.1514160489875424
157,0.006772715112726559,0.0001224359819697866,0.6978547197066395,0.7162073062477083,0.4956247581588181,0.004800479926126535,0.7070905583198521,0.7070905583264081,0.00477912680797359
158,0.007124846791724497,0.002216166515393334,0.6782794079457137,0.7347662008564112,0.4791498752948071,0.006603297500438511,0.7070870968797084,0.7070870968914498,0.0034743773471227948
159,0.7071067135788316,0.7071067135726297,0.00030674594146980867,0.000311671600882523,0.5001047078056049,4.391712457673243e-12,0.00030921857916894945,0.00030921857916627564,0.999999904383866
160,0.02222215172359392,0.02116628634121232,0.6819233224301348,0.7307795472104659,0.478923242430209,0.0007462405268785492,0.7067737135311051,0.7067737135439738,0.030680267759272635
161,0.7071065179168186,0.7071065178926721,0.0005856909094324461,0.0006337502740501495,0.5000510173716389,1.7264395144556586e-11,0.0006101939246095339,0.0006101939246010732,0.9999996276633049
162,0.7071055239068522,0.7071055237915264,0.0013875512316899128,0.0012771004298808336,0.4992843645238587,8.09895738903743e-11,0.00133346989629984,0.0013334698962586668,0.9999982218564557
163,0.008027764439811213,0.004312101952490052,0.7119968823024405,0.7021234936722002,0.5067443351130048,0.008726867428285148,0.7070774217750107,0.707077421779861,0.0026231679395154585
164,0.018188109938820068,0.01688132652990959,0.7249753966630801,0.6883276020255317,0.5041602776241654,0.0009220680891696605,0.7068890342344777,0.7068890342593079,0.02479790945697676
165,0.013424566966861716,0.011592015660286406,0.7003906413707099,0.7135393161242156,0.49984124011712994,0.001291173210232986,0.7069955467269449,0.7069955467207388,0.017689734227999493
166,0.02218642461963616,0.021128760895614187,0.7285210604831655,0.6843379300207193,0.5260637367923098,0.0007498878486186829,0.7067748361522311,0.7067748361497785,0.030628412228586265
167,0.11463795180273409,0.11444302699830339,0.722561609907299,0.6720607516384275,0.5712220441474194,0.00013801071002902208,0.6977682043494982,0.697768204351211,0.16198471208236825
168,0.7071049924616956,0.7071049870288197,0.0016552079555770863,0.0015279698624527445,0.5008465320415775,0.9999974627941416,0.0015928598928911645,0.001592859892893373,1.1401621166064517e-10
169,0.09617638452102326,0.09594210046196541,0.7130819796402321,0.6877930697032217,0.46429265077142184,0.1358482845682739,0.7005516456317106,0.7005516456494238,0.00016480426835692926
170,0.7053807295686785,0.7053805710461292,0.05131445497733731,0.047361408912470336,0.5256647056006317,0.9975588823002842,0.04937750674042144,0.04937750674036751,1.1195584621811039e-07
171,0.7070801227471886,0.7070801150331019,0.005907845198952786,0.0063651988190835005,0.49928887358253693,1.748141663505308e-09,0.006140781338827031,0.006140781338719463,0.9999622900935337
172,0.014741866593217674,0.013095188876879212,0.6974892652671058,0.7163238919917483,0.4979299855160892,0.01968364022939943,0.706969303934183,0.7069693039275964,0.0011665788702778
173,0.006968219031187411,0.0016437259740212445,0.6788150649559617,0.7342743694813905,0.4806244705205854,0.0037595444638427525,0.7070886585290415,0.7070886585627442,0.006092925156988541
174,0.7069821077630334,0.7069820963257585,0.013000636232216058,0.013550392387886223,0.4964580177607387,0.9998236696156437,0.013278359769100181,0.013278359768828218,8.177781367777026e-09
175,0.7070860206551655,0.7070860134819179,0.005280030828238526,0.0055549668861283015,0.49872095721251575,0.9999706313774154,0.005419242689449161,0.00541924268934166,1.3510968669283154e-09
176,0.022343385824279683,0.02129352113396182,0.7314565496997243,0.6811891623983723,0.5285246601823235,0.0007419126867443454,0.7067698915029489,0.7067698915011388,0.03085596373378004
177,0.7071043032648059,0.707104303037529,0.0018380428545097401,0.0019053946225673522,0.5005302781229097,0.9999964955287577,0.001872021661553805,0.0018720216615723843,1.6064198789337483e-10
178,0.7049511363133613,0.7049509382687613,0.05480919140006677,0.05553397683010762,0.5187201596616446,1.3778880292242236e-07,0.05517277428473052,0.055172774284263294,0.996951317746001
179,0.7046020519433062,0.7046018218160539,0.05698139824716011,0.06184934393005609,0.4988068481508027,0.9964576152095952,0.059465204493429506,0.05946520449249663,1.6259325166040206e-07
180,0.12220600482579883,0.12202384823334458,0.7239633181837171,0.6678719838197007,0.5776918184891755,0.17269658472798258,0.6964825456699723,0.6964825456706836,0.0001295239291595243
181,0.03304331787388819,0.032343463214999785,0.7255129490770966,0.6866534790217262,0.4975479221405171,0.0004941172569466528,0.7063504935569971,0.7063504935816023,0.046235444379731566
182,0.03749701793428077,0.036882201403208956,0.7309545632209865,0.6803962840669429,0.535979502356383,0.00043515590947780936,0.7061280609309519,0.7061280609291642,0.052594046941123386
183,0.7070957007236975,0.7070956997072572,0.003944986626008617,0.003972222814260374,0.5014299317202591,0.9999843291404285,0.003958628144052631,0.003958628144020588,7.310355180277209e-10
184,0.7071000941358716,0.7071000935220152,0.0031982808137020705,0.0029496635497803622,0.49835406832884244,4.350126544757147e-10,0.003076484618910444,0.0030764846188149767,0.9999905351975995
185,0.7071033749539446,0.7071033746410454,0.002180422336581563,0.002212545933901661,0.49924523251508335,2.2363441958416713e-10,0.0021965428604143033,0.0021965428604631258,0.9999951751878229
186,0.7071067811137159,0.7071067811137092,1.0433771549183316e-05,9.856143480672563e-06,0.5000050220358652,4.606261860822853e-15,1.014906776633543e-05,1.0149067766375528e-05,0.9999999998969961
187,0.007111961397263419,0.0021740714314645183,0.7346560835931761,0.6783989477135529,0.523126319346683,0.0034905212932948063,0.7070872270875029,0.7070872270866065,0.006566798442040804
188,0.7040213767284524,0.7040210983972248,0.06582602411574137,0.06614481149811435,0.5235647570513752,1.9815552762667367e-07,0.06598561032125883,0.06598561032178328,0.9956363786347675
189,0.7070713295488532,0.7070713262971641,0.0070571088838109275,0.007104341812444199,0.5025594518594318,0.9999498615138731,0.007080764732187948,0.0070807647322453406,2.351808925661884e-09
190,0.3507865188230777,0.3507372333745322,0.6342280154936659,0.5930320712641233,0.6466646328787046,3.501368407460833e-05,0.6139756563525695,0.6139756563507074,0.496052200468064
191,0.008191660426275145,0.004610110989910446,0.6781946047224787,0.7348222381647399,0.4790232194652948,0.009053449993053993,0.7070755417891124,0.7070755417773625,0.00252813510358249
192,0.06945690979763482,0.06912920182695426,0.7311039093304667,0.6751917986008439,0.5534977248002007,0.0979951792151514,0.7037033789654651,0.7037033789663947,0.00023176379984027603
193,0.7008488065809794,0.7008482299171929,0.09741525192242646,0.09018302295247786,0.5471846346709976,4.046995050282998e-07,0.09386881520485241,0.09386881520502023,0.9911494796769467
194,0.015066459219536053,0.013459591301710325,0.702127615439463,0.7117644644444324,0.5018333770757285,0.02017094543469937,0.7069624605310025,0.7069624605369985,0.0011365525475753812
195,0.6873798903534458,0.6873780553454475,0.16878108626079688,0.16289027069724069,0.5688168993458981,0.9721006658937865,0.1658618331125202,0.16586183311343639,1.289039402390279e-06
196,0.707105900431879,0.707105900351115,0.001156173613561717,0.0010744885452233484,0.49941684905834516,5.6158527141744564e-11,0.0011160786393851116,0.0011160786393533502,0.9999987543676941
197,0.07275287937914005,0.07244037936691895,0.7033166981581577,0.7034237926535636,0.47177165963716616,0.1026671386203672,0.7033702474522423,0.7033702474360061,0.00022060889634945737
198,0.013646584416181873,0.01184858694045505,0.735455442972603,0.6773320257622975,0.5271130959373682,0.01802757804243157,0.7069912947560443,0.7069912947557826,0.0012746405915155703
199,0.12813015087816468,0.12795695700581033,0.6832089152294071,0.7074144893489351,0.4531856421600714,0.00012277040419865216,0.6954170265277853,0.695417026542356,0.18108093035346354
200,0.015278760393812542,0.0136968504439192,0.6991630479978233,0.7146677466394387,0.49947577158337025,0.001117283009099238,0.7069579039028194,0.7069579038964285,0.020488921552264266
201,0.04688749025768403,0.04639805852657779,0.7326578530128783,0.6773929833123906,0.5424022351801073,0.06596284180120605,0.705566716697945,0.7055667166968573,0.0003465244713108768
202,0.006808947962957277,0.0007124915080221211,0.7170888827622629,0.696948107682527,0.510026157669369,0.0043303283185080425,0.7070902101533586,0.7070902101491474,0.005302610033294078
203,0.024848419117974023,0.023908999418261412,0.677071619693776,0.7351087930499883,0.4787983395976947,0.0006587876286482277,0.7066862513869246,0.7066862513979316,0.03447680647486455
204,0.007983738114822215,0.004229403468988698,0.6775462729141881,0.7354246529265303,0.4789180834513813,0.0026534959487341946,0.7070779207830218,0.707077920750729,0.008636370026788446
205,0.01277677543417738,0.010835250970904212,0.7184749209968552,0.6953510906329685,0.5137131086332721,0.001373035838176563,0.7070075499425715,0.7070075499385411,0.016696209949715
206,0.02615257988637833,0.02526186317142715,0.6921529362663654,0.7208343732455129,0.4969022750794028,0.000628966418724339,0.7066391868642014,0.7066391868714214,0.0363555163193899
207,0.7071038075405058,0.7071038019988859,0.0019746502959473015,0.0021276200780876724,0.5002460102064861,0.999995786985631,0.0020525607162585205,0.0020525607162856035,1.9503696991273674e-10
208,0.6696883753903792,0.6696848477573683,0.2361127989552483,0.217463630799971,0.37026573506756033,0.9470798886274752,0.22697982790114518,0.22697982790801957,2.486865375497358e-06
209,0.7060999250408434,0.7060998326266512,0.03897918305879489,0.03642177247186189,0.518936555119739,0.9985760250366847,0.037722156764503474,0.03772215676439173,6.56773248095186e-08
210,0.6926783902613465,0.6926770477550429,0.14783848094264054,0.13615779826889782,0.5703118401820393,0.9795942208497411,0.14211819460726596,0.1421181946072798,9.63568350830621e-07
211,0.008808659119411796,0.005633920809164106,0.6801219436903695,0.7330244253581675,0.47991013383830927,0.010212502829837839,0.7070681248926189,0.707068124880251,0.0022446213748610506
212,0.7057558578229791,0.705755733793641,0.04186657669128575,0.045439004413624515,0.5013043730047964,0.9980894181555292,0.043689320010113386,0.04368932001076015,8.730631609414375e-08
213,0.706630672700542,0.7066306342888787,0.026988267028749898,0.024857191547429273,0.5137337557900642,3.0567844587582986e-08,0.02594461918048653,0.025944619180481895,0.9993266500354925
214,0.6178887419949879,0.6178799690113426,0.3342220350251875,0.35317627003243174,0.5587922324912068,0.8738204355305419,0.34382978813817133,0.3438297881208944,6.2306444882332616e-06
215,0.00825116339075105,0.004714810723483888,0.6780330203484247,0.7349700076736024,0.47995578712524034,0.009166595256856818,0.7070748506618282,0.7070748506516806,0.002506924182363552
216,0.08890704218557649,0.08865285220301199,0.6908105300527663,0.7120512770961708,0.46472188017628346,0.12555380586245568,0.701511300559431,0.7015113005743299,0.00017940838821976933
217,0.707102127179957,0.707102126753119,0.0026003612823687506,0.002530256903719367,0.4988785653766167,0.9999934179389405,0.002565548557066977,0.002565548557130332,3.0431426904964827e-10
218,0.2194485512064744,0.21935410973949315,0.6557539849439147,0.6882679849767445,0.4339839388369963,0.31028033717214915,0.6722075973729549,0.6722075973595151,6.671254551664699e-05
219,0.7071064298380574,0.7071064350741889,0.0006763225706000771,0.0007323910878834849,0.49995181115106463,0.9999995030954142,0.0007049145072740308,0.0007049145072623073,2.3251413760736043e-11
220,0.7071052571095394,0.7071052569697707,0.0014456459206903943,0.001490315952523074,0.5004397538632169,0.9999978445307939,0.0014681508380122907,0.0014681508380263062,9.774017795675619e-11
221,0.7071064407904476,0.7071064460275874,0.0006961283339526169,0.0006915452406743732,0.5002729793891951,2.1955427305626623e-11,0.0006938405714658049,0.0006938405714708737,0.9999995185851459
222,0.7062137295169464,0.7062136475622125,0.036632104764267065,0.03438809589349706,0.5175830701592723,0.9987369762662023,0.035527821764301984,0.035527821764422575,5.845712958746929e-08
223,0.01881839824833167,0.017558651318723046,0.7064014138059884,0.707343342540322,0.49256056441963686,0.02572245016676552,0.7068725350748144,0.7068725350585637,0.0008910074105295998
224,0.6123789150108452,0.6123695549321377,0.35504551980016996,0.3520486777594604,0.3585858677001554,0.8660279483444902,0.35355027411123247,0.35355027410289164,6.624043822622654e-06
225,0.7029809425331331,0.7029805682724131,0.07332819773228104,0.07911446069500637,0.5078657393473912,0.9941649146525955,0.07627621671782822,0.07627621671885097,2.6694322555247764e-07
226,0.030591734330710704,0.029834237877561454,0.6887983146752531,0.7236925768278025,0.4799491338611806,0.0427276350049563,0.7064609203753806,0.7064609203894471,0.0005339960051858302
227,0.7071038976912233,0.707103897426756,0.001971989301033847,0.002065761837190791,0.49949913884720426,1.8735380375393223e-10,0.002019419937905662,0.002019419937946272,0.999995921934799
228,0.025387949526317018,0.02446933617249208,0.7319245879808726,0.6804727041744894,0.5304632376992131,0.035254418818853314,0.7066670728213961,0.7066670728196924,0.0006498740060265456
229,0.7070684270867015,0.707068423568485,0.007652478112002626,0.007065648467294276,0.503901313270516,0.9999457566240706,0.007364910370065115,0.00736491037005642,2.478193618452087e-09
230,0.006777377508280319,0.00028041794871857954,0.730404601538732,0.6829810440787661,0.519831839701258,0.004994113575475762,0.7070905134835447,0.7070905134856872,0.00459024070294317
231,0.020150941376927814,0.01897997298323707,0.7126438877702752,0.7009795927254076,0.5123373019533612,0.027669728877548573,0.7068358013665993,0.7068358013713288,0.0008281968537730382
232,0.009185142263758078,0.006206082882688335,0.6885662267492585,0.7250887318646878,0.4847470862639944,0.01088278086312612,0.7070633343898904,0.7070633344038587,0.0021088821298137876
233,0.013206723452397326,0.011339109963384433,0.6804247222004447,0.7326112232708499,0.4795439708894523,0.01735661073616312,0.7069996488776843,0.7069996488901499,0.001319477088926864
234,0.03206444805436477,0.031342696992009325,0.7345300335569389,0.6770931518772593,0.536075456030569,0.044835616259250546,0.7063956067661623,0.7063956067655751,0.0005108800418849856
235,0.28195977477812306,0.28189137829079425,0.6233699543339002,0.6726409426816179,0.45532502126649177,4.842046588225746e-05,0.6484735683713008,0.648473568360081,0.3987029720451148
236,0.7070577535668253,0.707057749069259,0.008580138635619525,0.008065595026715501,0.4958107977675706,3.1269855028146545e-09,0.008326842202680047,0.008326842202965975,0.9999306612949985
237,0.02769496840375227,0.02685556631858907,0.7350458549020723,0.6769190191404756,0.5341469898023372,0.03857302656012367,0.7065804155518045,0.7065804155518759,0.0005952639489897563
238,0.7070535261231637,0.7070535265061392,0.009027848645294018,0.008314279938396198,0.5046215041218541,3.5021902281412034e-09,0.008678401409717304,0.008678401409716614,0.999924682512612
239,0.7070748053515307,0.7070748076870186,0.006747335476621269,0.006702006093010127,0.502653256348781,2.046581655097872e-09,0.006724708979036794,0.006724708978987773,0.9999547772666003
240,0.7016248606890535,0.7016243560635408,0.08823764859255852,0.08752105582288269,0.5336430657770731,0.992247036860474,0.08788008261718712,0.08788008261655406,3.487533718223889e-07
241,0.010782812939101587,0.008391759237960983,0.7068836081875536,0.7071979028529035,0.49581625613875746,0.001689721971595605,0.707040772975919,0.707040772992205,0.01355859564523652
242,0.7069484983078653,0.7069484785206116,0.01464715728483267,0.015268847043319593,0.5039774200476049,9.976565175456335e-09,0.014961231676628628,0.014961231676475055,0.9997761364892848
243,0.008606206045719605,0.005311789354404311,0.6791261034501864,0.7339519423803746,0.4794379522460069,0.0023320796302736617,0.7070706181472608,0.7070706181593244,0.00984089900593469
244,0.060644367959721966,0.060267891197917166,0.679521162504872,0.7286570055175754,0.49166128201447556,0.00026557481042001287,0.7045175803233374,0.7045175803322178,0.0854978800217803
245,0.7071032350062032,0.7071032346809164,0.0021962943410073054,0.002281849844891431,0.5006219092338711,0.9999949847136502,0.0022394806928250706,0.002239480692802576,2.2585068508820718e-10
246,0.7021667646967203,0.7021663099841955,0.08101664923530337,0.08579399877152938,0.4821880630489575,0.9930134401514296,0.08343952204422506,0.08343952204774818,3.233421265917571e-07
247,0.053155126010898966,0.052724462341246954,0.7290535166905716,0.6803496405898306,0.4898177221618797,0.0003045521768908901,0.7051222105716721,0.7051222105480156,0.07486817480331458
248,0.08193003007386794,0.08165346793812531,0.7088790702524854,0.6957806012700896,0.5373717529259247,0.00019485515539237455,0.7023603709419096,0.7023603709465241,0.11567100192224404
249,0.07029943277851838,0.06997574874188095,0.7319223251024953,0.6741298794413284,0.5547343462474813,0.0002285376512411624,0.7036197070644388,0.7036197070645313,0.0991895328727293
250,0.7071067209760159,0.7071067209704933,0.00029913384980229037,0.00028430237775964345,0.500140435456393,0.9999999148455447,0.00029181235588693555,0.0002918123558882364,3.938811573616689e-12
251,0.009049518828964797,0.00600354818808313,0.6779919588336275,0.7349890933715045,0.47894846671695673,0.00215531129502029,0.7070650831551829,0.7070650831436099,0.010643825210138628
252,0.7071067636283815,0.7071067636262871,0.00017712785608138857,0.0001821862727398836,0.49994509371034007,1.5302450312329313e-12,0.00017967486660106053,0.0001796748665972275,0.9999999677169422
253,0.7071067801715567,0.7071067801714637,3.737230338026982e-05,3.8396210187537205e-05,0.5000118293472283,0.9999999985645206,3.7887715797378217e-05,3.788771579773003e-05,6.484013770753751e-14
254,0.707106773179871,0.7071067731786533,0.00013544727098578616,0.000138575682975678,0.5000441416326187,0.999999981225408,0.00013702040565188213,0.00013702040565064124,8.66376920321784e-13
255,0.007190747049375978,0.0024193973061910653,0.7113658330876922,0.7027809695700602,0.5059249303727397,0.00679018055642026,0.7070864302478682,0.7070864302429424,0.0033843424217140134
256,0.01829499204653567,0.01699644681713572,0.732289356452066,0.6805356070689025,0.5270670132312181,0.0009216215775006205,0.7068862758831712,0.7068862758815185,0.024954689981212187
257,0.7070305161147329,0.7070305091199942,0.010791340911959761,0.009962701309216022,0.5054943969007127,4.9438673974525e-09,0.010385289019932081,0.01038528901991993,0.9998921399550775
258,0.7070712815341008,0.7070712782789413,0.006998753423722997,0.007171311820280989,0.5022580097318996,0.9999497936083053,0.007085557942416985,0.007085557942352023,2.273636181143339e-09
259,0.7071066665475427,0.7071066665370284,0.00038796490355507194,0.00041682867881848976,0.5000548685992369,7.49613973534841e-12,0.00040265550652629766,0.00040265550653147006,0.9999998378685301
260,0.7071065468785881,0.7071065521254506,0.0005988908853241474,0.0005514371959604654,0.5003083474708963,1.515914722697647e-11,0.0005756532261757053,0.0005756532261757804,0.9999996686233079
261,0.0175634964543898,0.016206359157148662,0.6854970056784143,0.7276831265881356,0.48124434297397617,0.0009618290361469559,0.7069048300417656,0.706904830071757,0.02387880586920301
262,0.707102506081853,0.7071025109580462,0.002555739141933689,0.002358079211648336,0.5013060280684528,0.9999939538116597,0.002458896106999599,0.0024588961069964325,2.768340364513903e-10
263,0.7071014812802932,0.707101486062529,0.002624430423220733,0.002846646246779735,0.5001119836571891,3.4220219476927386e-10,0.002737793810794581,0.002737793810754674,0.9999925044569571
264,0.7068167667862826,0.7068167349128518,0.020925387584032402,0.019552417725341137,0.4895326270163966,0.9995898314386527,0.02025054177634589,0.020250541775781755,1.865440060098467e-08
265,0.007484095340985394,0.0031872262637199365,0.6855250528181938,0.7280035933045131,0.48323723497134147,0.007546341458520296,0.7070833861450679,0.7070833861315762,0.003036910423526386
266,0.7071050543154785,0.7071050594254576,0.001508638137348542,0.0016151030791981618,0.5002433862576511,0.9999975577235246,0.0015627774931126633,0.0015627774930931028,1.1394738092352022e-10
267,0.6281628735050604,0.6281551767427925,0.33342249237481647,0.3156927618106748,0.33480856492754396,5.4731800593266466e-06,0.3246786706011769,0.32467867059253924,0.8883510126571299
268,0.033643239715230505,0.0329562312257614,0.728729631120042,0.6831801694813008,0.4990431586285042,0.047092940596593164,0.7063221712566562,0.7063221712760648,0.00048549058493677647
269,0.008617349103811548,0.005329900826469161,0.7348307616949616,0.6781748189949558,0.5240320599505961,0.009862568164895141,0.7070704821483159,0.7070704821491186,0.002322993144847429
270,0.7065621749289226,0.706562124951769,0.027318420909703427,0.02817020451385359,0.491664812265866,0.9992297751051296,0.02774758136653235,0.027747581365944782,3.5545033555929136e-08
271,0.6975771037415643,0.6975762236325834,0.11262991827911943,0.11869335603479723,0.5249856854696876,6.258796012683753e-07,0.11570136399079564,0.11570136398951264,0.9865223711306526
272,0.6954438252966298,0.6954427466842477,0.12578440771528837,0.1299829016324015,0.5355082221830127,7.515555851777729e-07,0.12790088338117436,0.1279008833878004,0.9835053269089984
273,0.06787476761957495,0.06753924113808678,0.6747906845218784,0.7317711383414703,0.4760371052705639,0.09575216264817121,0.7038577508314229,0.7038577508428872,0.00023774170459072493
274,0.15864667127621662,0.15850934315228205,0.7145551380822188,0.6626590197580043,0.43238444346827315,0.2242631688527108,0.6890957922520944,0.6890957922718706,9.627944944779183e-05
275,0.7070840645196131,0.7070840624360054,0.005660331385585412,0.005675825933217682,0.49788450152058755,0.9999678723081965,0.005668083954049222,0.005668083953919472,1.4632201288218096e-09
276,0.7071059855441867,0.7071059854712171,0.001017369895256723,0.001102486671926435,0.5000607359192744,0.9999988747401853,0.001060782344682981,0.0010607823446678306,5.193830376553135e-11
277,0.0819076849991893,0.08163104568233286,0.7272173259582988,0.6765962344355679,0.5567904059001829,0.00019345593418353417,0.7023629772503199,0.7023629772520726,0.1156393486163067
278,0.007012906515777227,0.0018238144973881584,0.6882845864210342,0.7254045912028079,0.48835756689311915,0.003666205536389226,0.7070882168555166,0.7070882168633368,0.006250287520175604
279,0.7070639722230574,0.70706396829611,0.007699315287702971,0.007861581622665235,0.4974508793921823,0.9999394562064702,0.007780871465071463,0.007780871464901674,2.793328385017215e-09
280,0.5844644193157124,0.5844519959921446,0.3862122125507079,0.4094598148410162,0.5591396699547707,8.775892592024292e-06,0.39800578706667106,0.3980057870865602,0.8265487201792985
281,0.7071067032927737,0.70710670328563,0.00032026389250547447,0.0003431588431343128,0.4999497570279458,5.058129612953498e-12,0.0003319088372279569,0.0003319088372339967,0.9999998898365174
282,0.7070231535025455,0.707023140564035,0.010784333599863073,0.01096561520348259,0.5036550544363021,5.376506704764465e-09,0.010875352131909394,0.010875352131814309,0.999881719720896
283,0.008044602469930518,0.0043431084853922134,0.7009115229468711,0.7131896373198643,0.49291461884802357,0.008758054336805633,0.7070772312138842,0.7070772311982966,0.0026219656922129705
284,0.017496366366378413,0.016133595153097032,0.7063905834309925,0.7074220295632778,0.4930050445419413,0.0009626337170572727,0.7069064946279661,0.7069064946117039,0.023780013980596364
285,0.013073328146468962,0.011183443851970603,0.7241535466503735,0.6894241506855365,0.5182276210987513,0.0013360843289940464,0.7070021282394561,0.7070021282426724,0.017152148666603063
286,0.015050293288569752,0.013441485579898941,0.68124580957442,0.7317765793451809,0.48398493693950617,0.0011387519164168128,0.7069628049367325,0.7069628049457969,0.02014666481667094
287,0.010343667321181107,0.007819412434372695,0.7267115033787658,0.6868203958781404,0.5188312003417958,0.012843010797303371,0.7070473341089735,0.7070473341061583,0.0017865431501925724
288,0.707106610352519,0.7071066050680134,0.0004813814117072436,0.0005161273847325976,0.4999270940080079,0.9999997509422001,0.0004990568809350144,0.0004990568809259969,1.1486662214800455e-11
289,0.7071055732777133,0.707105573166929,0.001293918209514697,0.0013200043682261681,0.5004292062063719,7.852043776537107e-11,0.0013070263702543111,0.0013070263702426692,0.9999982916806084
290,0.00833198075752542,0.004854867475652866,0.6821306400148317,0.7311667376951788,0.48107382009625343,0.002463588087850621,0.7070739029185769,0.7070739029057328,0.009323216981476038
291,0.015178867957989894,0.013585303304120737,0.6817513419122124,0.7313003140339003,0.4844923261485279,0.0011224897635092762,0.7069600559764799,0.7069600559854257,0.020339579925548062
292,0.7071064132212914,0.7071064131875489,0.0007246830141345896,0.0007180841848060336,0.5002878767856407,0.9999994795946849,0.0007213911447461411,0.0007213911447513007,2.4037760405450482e-11
293,0.006777666846149192,0.00028727217655112624,0.6880960636972357,0.7255878911828557,0.4881481805399546,0.0049965731215906315,0.7070905107261507,0.7070905107182854,0.004588414782899476
294,0.7026504263145826,0.7026500163336921,0.0809973798223238,0.07749036977660308,0.5358300300783281,2.926498699515173e-07,0.07926327316688937,0.0792632731665022,0.9936974726010513
295,0.027399844744500787,0.026551113626219588,0.7068047757188,0.7063790030193701,0.5104566017075937,0.03814907619643114,0.7065919214362264,0.7065919214416511,0.0006009158096078305
296,0.7071021149383377,0.7071021197787666,0.0024627574079464647,0.0026708670100682695,0.5000918954771997,2.997486567642957e-10,0.002568920457670075,0.002568920457707943,0.9999934006259062
297,0.0095858914987605,0.006785320188426962,0.6806331284819841,0.7325302823275962,0.48257599986231503,0.001983879205149522,0.7070580139214407,0.7070580139306739,0.01157558245553366
298,0.7071066621815524,0.7071066674389933,0.0004142263898803244,0.00040623744441674634,0.4998269044586541,7.603277788474232e-12,0.00041025136399997983,0.0004102513639900442,0.9999998316938039
299,0.7071055776013373,0.7071055774909571,0.0013161604110128269,0.001293107895375296,0.4994556157995465,7.798439239476253e-11,0.0013046850686432763,0.0013046850686118364,0.9999982977954219
300,0.011978344502647464,0.009881065810291625,0.6860225433734451,0.7274145680317803,0.4876774705242007,0.015456974568522772,0.7070215285936753,0.707021528601849,0.0014826111288733616
301,0.051190149804016614,0.050742604407493244,0.7289147733858696,0.6807995371976147,0.5413822561114672,0.07207734434878292,0.7052675934373273,0.7052675934393848,0.00031578943213233173
302,0.6696566351846701,0.6696531096116347,0.22026452896762133,0.23368407749616682,0.5397560113094403,2.5440082428462217e-06,0.2270734581532612,0.22707345815590554,0.9470349989292756
303,0.09262620066215828,0.09238258126463351,0.7033936413978563,0.698658164534592,0.536509993016198,0.00017234496142259264,0.7010299015152408,0.7010299015101376,0.13082096417408529
304,0.7071063524546845,0.7071063524148796,0.0008121114222062403,0.0007537034859076022,0.5004103625929555,0.9999993862028579,0.0007834519470728959,0.0007834519470744854,2.7763227002141517e-11
305,0.7044426382694525,0.7044423881600256,0.06353501813648985,0.059032194981029094,0.5309920862259238,1.7265227069009397e-07,0.06132494832392901,0.06132494832406931,0.9962321523751823
306,0.1610497258003212,0.16091467357800496,0.7120114890987833,0.6642357209893577,0.5889719476081192,0.22766321006108614,0.6885381084748611,0.6885381084767782,9.559161217029856e-05
307,0.7071064394715698,0.7071064447085863,0.0006663291112030201,0.0007228869304861776,0.5000362203855617,0.9999995167198839,0.0006951834285705812,0.0006951834285605393,2.187437962522638e-11
308,0.5029030949541273,0.5028805607902259,0.4994621275131686,0.4947092093795196,0.3312228934310964,0.7111964433853203,0.4970913490764059,0.49709134908816216,1.584939173966757e-05
309,0.7070857903310187,0.7070857831365935,0.005356319826616134,0.005540549281905487,0.5015797101123822,0.9999703056349084,0.005449213173919962,0.005449213173973071,1.3902270689151843e-09
310,0.7071056293406426,0.7071056292350102,0.0013223760117010586,0.0012285685238303463,0.5006644058048489,7.502253170734034e-11,0.001276334386843134,0.0012763343868402344,0.9999983709692063
311,0.006776968082775758,0.0002702929042262181,0.7329122395576038,0.6802893860350928,0.5216751895537046,0.004557015077281291,0.7070905174189241,0.7070905174173844,0.005023342336977183
312,0.0068618685153406045,0.0011096285316285412,0.6888055564026602,0.7249128147259029,0.48873564373905937,0.004065224228293506,0.7070896985086328,0.7070896985163768,0.0056383035525667344
313,0.7071066406236367,0.7071066406107445,0.00044493858848519214,0.00044678831255492714,0.49983572635337553,0.9999998012049092,0.0004458644097423558,0.0004458644097525337,9.22484356248584e-12
314,0.15614070324325469,0.15600095163145827,0.6884523980347003,0.6908813787627099,0.4389831187908419,9.900670618580574e-05,0.6896679577530552,0.6896679577372888,0.22071748076872133
315,0.7059437282149233,0.7059436267158123,0.04030472976884572,0.040774804597008926,0.5139434186187238,7.598654400091496e-08,0.04054044851559705,0.040540448515256525,0.998355119217771
316,0.00727454041913467,0.0026580016085313352,0.7355958821706795,0.6773763460755484,0.5239005977784413,0.007023008277334507,0.707085573353541,0.707085573353336,0.003265159352477337
317,0.21524907545676805,0.2151523936133374,0.6527660946538798,0.6937389346935949,0.5251962280293667,6.801283635637875e-05,0.6735641334906944,0.673564133482783,0.30433979617350526
318,0.7070759153281126,0.7070759124964183,0.006706452857133875,0.006505952684840963,0.5029094966989518,0.999956347082077,0.006606963381987167,0.006606963382025754,2.0387469627612674e-09
319,0.11020027811656295,0.10999707459761492,0.726264424786619,0.6695494961372278,0.5725972229265046,0.15570304047421082,0.6984828353250582,0.6984828353256237,0.00014387085649800613
320,0.007581171796071192,0.003408998460268854,0.7123815705341973,0.7017431171925628,0.5006508580879538,0.007773103650566727,0.707082351847318,0.7070823518303723,0.0029452157379005603
321,0.0662243369426777,0.065880260517612,0.7098313259018049,0.6981501394679629,0.4761550980730978,0.09341206106112872,0.7040149602439308,0.7040149602269737,0.00024161472988438724
322,0.7060000956959922,0.7059999940933825,0.04114173658284186,0.03788443913193246,0.47841707025330754,7.059330785965857e-08,0.039546638398832094,0.03954663840005954,0.9984348385260812
323,0.7069942316200012,0.7069942212976716,0.012875322795712048,0.012351257856895505,0.49412194798965364,0.999840823577562,0.012616011805493819,0.01261601180504148,7.38796477970694e-09
324,0.029322126142789843,0.028530805430439846,0.7342938091349579,0.6775978216855224,0.5344602637531323,0.0409081923282713,0.7065147578387924,0.7065147578379973,0.0005601013627823579
325,0.5732499921927255,0.573236283329133,0.4295524632519689,0.39783073189512197,0.6581941072008718,9.606861025824345e-06,0.41399553737127587,0.41399553737052663,0.8106882199598477
326,0.7070449643535948,0.7070449586840859,0.009137243591558843,0.009558010315575394,0.5023802510323125,4.005362396163875e-09,0.009349994161556758,0.009349994161655044,0.9999125737875073
327,0.006803194573918507,0.0006552689299165599,0.7047449171697786,0.7094278602434441,0.49586893774146057,0.005261592048659471,0.7070902655048935,0.707090265520923,0.00436216493207119
328,0.7071005742596321,0.7071005736898791,0.0028435830950327102,0.0030798547625884264,0.50023134217698,4.034514160729609e-10,0.0029640740693545205,0.002964074069313141,0.999991214226319
329,0.7070936774588863,0.7070936762570542,0.004193604355371735,0.004413386167404521,0.5009965525737599,8.608941997010898e-10,0.004304898079607916,0.00430489807965513,0.9999814676808004
330,0.20938961004793993,0.20928968104111023,0.7018301278872182,0.647910713141467,0.40247592338925536,7.053647348723159e-05,0.6754086987093366,0.6754086987309494,0.296050965901015
331,0.026686922719608666,0.025814705016823647,0.6799546062567178,0.7323135548321652,0.48446830954989883,0.0006163719689564341,0.7066192076266439,0.7066192076173313,0.03712426329159772
332,0.7071067452540063,0.7071067452507098,0.00021821057621077266,0.0002324249923745071,0.5000413007785763,2.383313201103725e-12,0.00022542984790097434,0.00022542984790366766,0.9999999491813821
333,0.011801637487373893,0.009666080936766146,0.6783936659017904,0.7345402114903354,0.47888688608106383,0.0015101492854409772,0.7070245003588118,0.7070245003706094,0.01517996104063462
334,0.7071067785680126,0.7071067785677724,6.31412920080679e-05,5.847948629590498e-05,0.49996800786527107,0.9999999962966628,6.085504528835548e-05,6.0855045286592665e-05,1.730708554122273e-13
335,0.03050984983558976,0.02975025657571654,0.7335404026430681,0.678308594215735,0.5344117437649224,0.04261032787527627,0.7064644617028764,0.7064644617017523,0.0005372724380206817
336,0.008186835122564694,0.004601350103863629,0.6775373773913624,0.7354283823363847,0.4793741771220091,0.009041706645218722,0.7070755982648245,0.7070755982543295,0.0025385493230225234
337,0.022239859364865215,0.021184881457962032,0.7197065296444267,0.6935986596297721,0.5190241231608753,0.030705897782161276,0.7067731564821883,0.7067731564860432,0.0007472538714186825
338,0.00782822685793626,0.003927901642702028,0.7345216810613872,0.6785286954165567,0.5233900832459472,0.008312981589131966,0.7070796597454759,0.7070796597464554,0.0027575141255864713
339,0.7052469025916879,0.7052467264977935,0.05289113123337758,0.04956205016759523,0.5253561630352821,0.9973696062243055,0.05125362709105933,0.05125362709089209,1.1868674050352539e-07
340,0.7071057721825372,0.7071057773583529,0.0012240045282447029,0.0011644037349347785,0.5005742086243566,6.48161384178188e-11,0.0011945758960988538,0.0011945758961042286,0.9999985729874084
341,0.7068739683735421,0.7068739470187247,0.017691522491370154,0.01858563676469583,0.49559231149101685,1.4988324566792427e-08,0.018144088045403788,0.018144088045765894,0.9996707378622175
342,0.006912789567081861,0.001390118287910036,0.7355945909025935,0.6773853251637612,0.5237120359589644,0.0039037291675835723,0.7070892026160916,0.7070892026159843,0.005871966130227628
343,0.04986550221173265,0.049405849972860676,0.6757283580767581,0.733800844758656,0.47927685332136183,0.0701954454135005,0.7053624932343717,0.705362493201772,0.0003252161887177099
344,0.7071061454148423,0.7071061453565175,0.0009836577281926134,0.0009114456016619077,0.4995025208511501,4.1886014398283183e-11,0.000948239318706152,0.0009482393186751876,0.9999991008417902
345,0.7070888330583383,0.707088836680491,0.005087142335512698,0.0049887512740502855,0.5021177490019074,0.9999746163496259,0.005038186996154235,0.005038186996121356,1.1704767716914435e-09
346,0.017878580734385974,0.016547340833564995,0.7039981884602892,0.7097838350560635,0.5043560431046558,0.02434291651883079,0.7068969308919665,0.7068969309296658,0.0009383779064748678
347,0.0072706390827019535,0.002647334059418962,0.6983525400934252,0.7157121342934356,0.4915008029258644,0.0032664330421206754,0.7070856134342531,0.7070856134189907,0.007014341406394001
348,0.09346871444114198,0.09322738097379345,0.7284748864977858,0.6722325450314919,0.4694429984791341,0.13201407492592712,0.7009180604137333,0.7009180604345485,0.00017077460078681334
349,0.7070815304807766,0.70708152816487,0.006125739874337479,0.005822120918555405,0.5028703546386807,1.645750942603492e-09,0.005975858975829757,0.005975858975856404,0.9999642884718462
350,0.012260969896939524,0.010221899053466254,0.6907495157045872,0.7229178984855803,0.4916754134500363,0.0014353931648406926,0.7070166834617082,0.7070166834691645,0.01589837254360459
351,0.023555897868448666,0.022562628713510634,0.7180171760574188,0.6952606578454434,0.5182090022361807,0.032610779954313204,0.7067305170485504,0.7067305170526019,0.0006996925209572442
352,0.7067473802342533,0.706747352522983,0.021835307448742933,0.02322815165241183,0.4957108595497206,0.9994917069788186,0.022542489664939526,0.022542489664512794,2.3536339523547384e-08
353,0.0288570187168664,0.028052547565735553,0.7089161963271203,0.7041435603844793,0.4902351281931161,0.04024113576526274,0.7065339082478118,0.7065339082746958,0.0005691629600796187
354,0.7071067462139868,0.7071067462107788,0.0002221271230608445,0.0002226688447389125,0.4999166446602647,2.227450688234615e-12,0.00022239814883939397,0.0002223981488444998,0.9999999505390621
355,0.707098985909387,0.7070989799254679,0.0031851867102396098,0.003452354327682669,0.5001805397835883,5.141011927527778e-10,0.003321457871422804,0.0033214578713751264,0.9999889678567574
356,0.7071000576900218,0.7071000518045175,0.0030160132016769725,0.003152184590701734,0.5007954175137128,4.3308147607830905e-10,0.0030848503469979188,0.0030848503469656473,0.9999904836530566
357,0.707104185082066,0.7071041795750718,0.0019270469522032388,0.001909085495445563,0.5007637579209823,1.719186585744739e-10,0.0019180872484025327,0.0019180872483888806,0.9999963209345099
358,0.006773196123092676,0.00014862431158134463,0.7100746810784275,0.7040937785667912,0.5047967068167196,0.004747254310548977,0.707090553507088,0.7070905535121598,0.004833409916285278
359,0.4080485882150032,0.4080111069397393,0.5996212008510291,0.5545067193096325,0.662865392011702,0.5770413442979597,0.5775046693623324,0.5775046693614392,2.6481169516411514e-05
360,0.0084237662119061,0.0050107029534437325,0.722372951662718,0.6914341991290447,0.5146869837719295,0.0024012300428738094,0.7070728155622239,0.7070728155657242,0.00950268778552834
361,0.7070072114245627,0.7070072022913387,0.012336756397786827,0.011376438081294673,0.5062945979740113,6.488303899349441e-09,0.01186631581063887,0.011866315810648558,0.9998591806340345
362,0.011938088529921606,0.00983222177871235,0.7045085739897343,0.7095269400326542,0.5025498938557593,0.0014872360035190733,0.7070222094987612,0.7070222095045111,0.015394111599045525
363,0.6841174327478058,0.6841152887988035,0.17142712627053247,0.1859633034254517,0.49124443528146633,0.9674866356469333,0.17884296162179986,0.17884296161891067,1.5157171842560996e-06
364,0.00885065584858395,0.005699375942568095,0.6773894553663118,0.7355492565174958,0.4791396590767753,0.0022292181708862473,0.7070676003930888,0.7070676003602974,0.01028822537813922
365,0.13367233222312755,0.1335068274810945,0.6705426583241736,0.7174121395554418,0.5048929807106076,0.18892419575180291,0.6943729670090505,0.6943729670004547,0.00011681426019181954
366,0.7041380612240659,0.7041377883775971,0.06275933918143588,0.06663956077158699,0.5124144908056963,0.9958014030345822,0.06472853201727453,0.06472853201803064,1.9498043825186725e-07
367,0.7070908443753119,0.7070908429134318,0.0049395919440252106,0.004547317891305011,0.502536661361693,1.040815470809538e-09,0.004747508218953537,0.0047475082189533955,0.9999774609117046
368,0.007709442458898406,0.0036854503452782438,0.6773978388985009,0.7355672299723969,0.47914385072084364,0.002846422306694862,0.7070809649427523,0.7070809649320586,0.008057042039671242
369,0.7071065766612581,0.707106581910852,0.0005475752564771006,0.000527894558550989,0.5002448489938147,1.3390279927708006e-11,0.0005378249373404686,0.0005378249373433955,0.9999997107442952
370,0.7056241694389331,0.7056240333195614,0.0473935835430064,0.04408081458292943,0.5232565212080227,9.572395016581281e-08,0.04576718243104355,0.04576718243093091,0.997903166657279
371,0.030853062581888323,0.03010216600614788,0.6986808567599121,0.7141337469568609,0.4842731513707348,0.0431018419383174,0.7064495552292264,0.7064495552138449,0.0005320489646920798
372,0.7071045628258793,0.7071045626224034,0.0016970577807865277,0.001842483186366599,0.4999728684370063,1.4340167691693824e-10,0.001771263588977282,0.0017712635890050447,0.9999968626203778
373,0.7048958288880351,0.7048956257766222,0.05572771477859125,0.056021861650517216,0.5200280246198178,1.4292661182652124e-07,0.05587498177755307,0.055874981777105086,0.9968730976522268
374,0.3080652897603903,0.3080049805870039,0.6419257230724786,0.6309992672232901,0.607237987310393,4.272036355389969e-05,0.6364859421751096,0.6364859421793362,0.4356274658426906
375,0.10094826659281915,0.10072551190960088,0.7211640653182152,0.6779278793619296,0.5615153417870289,0.14260489621583336,0.699879924960672,0.699879924958205,0.00015764776383933883
376,0.07412041736266253,0.07381382429615371,0.6830988228020944,0.7227957397212258,0.46948298239529057,0.00021618767135852393,0.7032274465113022,0.7032274465249172,0.10460530670156985
377,0.7071067724612596,0.7071067724604594,0.00011015210193803807,0.00011201110594927427,0.5000375731238812,5.622080664640945e-13,0.0001110854927917287,0.0001110854927907613,0.9999999876600139
378,0.7070417721574909,0.7070417661944655,0.009370672556493856,0.009801213029199474,0.5024201085918286,0.9999080591329359,0.00958835963559051,0.009588359635691358,4.187167038361944e-09
379,0.130269517400742,0.1300993665953693,0.6893310312901475,0.7006616422697334,0.5381827909541754,0.0001202378708792917,0.6950194269368758,0.6950194269428699,0.1841086035338733
380,0.007840459904935619,0.00395231154783776,0.6903470015713002,0.7234251335441955,0.4901739994774074,0.002748158721952116,0.7070795239615117,0.7070795239690401,0.00833913674975014
381,0.7070501243846586,0.7070501139190719,0.008987711528872492,0.00891552051896947,0.5035463943648393,0.9999198640567907,0.008951688797351073,0.008951688797415407,3.6250279957645268e-09
382,0.7060094718681065,0.7060093711512038,0.038601106532530675,0.040141600038640556,0.5106547453034145,7.062487373559923e-08,0.03937888697785503,0.03937888697745648,0.9984480990621377
383,0.006778011576453907,0.00029511303878536636,0.6885955741740148,0.7251138577460231,0.48531937365219086,0.004539547926214578,0.707090507448509,0.707090507462497,0.005041927930889823
384,0.7071067758193376,0.7071067758188453,8.75958900645887e-05,8.665112370405196e-05,0.5000350807893756,0.9999999924092711,8.712478750473173e-05,8.712478750411834e-05,3.5004318447455466e-13
385,0.7070033417608201,0.707003332272917,0.012473182916158213,0.011703956679779113,0.5060742191842424,0.9998537078522919,0.012094686726432836,0.012094686726473602,6.610088935149353e-09
386,0.01137829623477005,0.009144357471597272,0.7017220004879829,0.7123013050194179,0.4923056369498345,0.014511952814452616,0.7070314402765483,0.7070314402922212,0.001577378928995845
387,0.6810386443412887,0.6810362074618471,0.19379451705298906,0.18660046677317402,0.40866034391181844,1.7418347556390812e-06,0.19023150244058898,0.19023150243575304,0.9631323641936257
388,0.7070700747435545,0.7070700661073418,0.007327121967425981,0.0070817900965182414,0.5032374747303465,0.9999480794184782,0.007205500235835918,0.0072055002357954865,2.3875803786188803e-09
389,0.14736891005040698,0.14722001343766997,0.6775971432655833,0.7053160876035282,0.52857846290697,0.00010495686117588867,0.6915955002759194,0.6915955002688553,0.2083058256268652
390,0.7069325220012014,0.7069325060186115,0.015301244542747474,0.01608456361567348,0.5037059384287965,0.9997535489953179,0.015697790788168933,0.015697790788339782,1.1040079556276147e-08
391,0.7054549365472014,0.7054547848870399,0.04638208022145777,0.05015572232400527,0.4954811757530986,0.9976638242175944,0.048305764912648284,0.04830576491182418,1.0745359664318565e-07
392,0.14202843447702881,0.14187341952839314,0.7070982058445355,0.6780206367971163,0.5699364367341123,0.2007489265424231,0.6927120096534326,0.6927120096499205,0.00010890702426226085
393,0.025528125300470064,0.024614772495900918,0.6776301883450327,0.7345473134094848,0.4809806879107319,0.0006445977132528313,0.7066620224010822,0.7066620223909229,0.03545640562958306
394,0.7071064474812068,0.7071064527189554,0.0006599751873232621,0.0007129775961341111,0.5000652545275125,2.1735969019942488e-11,0.0006869877365931294,0.0006869877366024811,0.9999995280477387
395,0.010145922088139208,0.007555847187436557,0.7254564336723579,0.6881518235692251,0.5177984084609003,0.0018300598094617392,0.7070501995735535,0.7070501995765679,0.012517245816563518
396,0.7071066326873626,0.7071066274049028,0.0004466408558355406,0.0004852340949840546,0.5000050549653475,1.0070591065871592e-11,0.00046633688522520827,0.00046633688521813266,0.9999997825298855
397,0.006772273097455537,9.598211699856224e-05,0.7130446485612065,0.7010859121839133,0.5070071654834779,0.004599985635735762,0.7070905624804567,0.7070905624851714,0.004971219933208369
398,0.006824595041977492,0.000848681309990928,0.7118046114447444,0.7023438614876241,0.5005695344025587,0.004294094072522349,0.7070900595635566,0.7070900595467008,0.005371788599223978
399,0.0067890406556893315,0.0004867610320512333,0.6903002204995516,0.7234910348918889,0.4864103435862058,0.004437559968543043,0.707090401579163,0.7070904015649516,0.00516101451775816
400,0.012766288706703688,0.010822887328952507,0.7212915079137374,0.6924293809436761,0.5042839393016328,0.016680017573401786,0.7070077393523058,0.7070077393342015,0.0013747840663604436
401,0.015309544373300924,0.01373117181407082,0.6781476878053655,0.7346378606491383,0.47859911628579155,0.0011110340762373319,0.706957238024865,0.7069572380131354,0.02053516078315446
402,0.7070889908942275,0.7070889892626965,0.005207793609329523,0.004816544961274025,0.5026466211886288,0.9999748395736561,0.005015985428670536,0.005015985428678247,1.1449383472482657e-09
403,0.030316510185358927,0.029551912765886344,0.6768425749339139,0.7349093293955387,0.47948991148217746,0.04233327532186217,0.7064727856368029,0.7064727856261326,0.0005478363841169493
404,0.7070218182086564,0.7070218104152538,0.011215118720885158,0.010701835643443654,0.5051682913930075,0.9998798386935991,0.010961481972381504,0.010961481972433528,5.508847668329146e-09
405,0.14971501690187206,0.14956865745722295,0.6767003918970262,0.7051887764430892,0.5283868753292076,0.21162551470878266,0.6910913943990005,0.6910913943918964,0.00010348599300502978
406,0.7070248502305005,0.7070248427148225,0.011122149453554794,0.010393783341578002,0.5054736047411351,0.9998841268163934,0.010764128869030462,0.01076412886906222,5.326397063280807e-09
407,0.011528322116913342,0.009330387471502402,0.6795925319345064,0.7334398627001725,0.4793685350216668,0.00155235096736692,0.7070290098984862,0.707029009886276,0.014749527032206741
408,0.01686252046505956,0.015443842079537948,0.6780513908837418,0.7346587333354233,0.48069765291141897,0.022844034541812348,0.7069218992079768,0.7069218991979049,0.0010034642319206631
409,0.03073440777405052,0.029980537705633532,0.6977665506075533,0.7150373447623934,0.48391073553513164,0.042931942144860465,0.7064547273439353,0.7064547273286688,0.0005336591141451758
410,0.006941347472345394,0.0015258942975196535,0.7352879596211096,0.6777175708051908,0.523503537729083,0.005986144661841015,0.7070889227468542,0.7070889227463241,0.003831022086408682
411,0.7070566250517479,0.7070566257192197,0.008734798324493958,0.008097391262693168,0.5043974104196522,3.3191399501630672e-09,0.008422127018485392,0.008422127018468704,0.9999290652606139
412,0.007558749638796433,0.0033588145138078764,0.7336410952990352,0.6794868114668533,0.5149424031634502,0.007721375582737955,0.7070825919367651,0.7070825919572237,0.002965921467347001
413,0.04417135629873789,0.0436512290262657,0.6760751651741864,0.7342110272407554,0.47939165655885546,0.0003674651320728438,0.7057419718046093,0.7057419717719581,0.06209994752131651
414,0.6999296564570228,0.6999289948084637,0.10453381384381959,0.09628374733889286,0.44404283247514315,4.698864471822827e-07,0.10049347799170724,0.10049347799476514,0.9898495450124791
415,0.5240730681628916,0.5240533478365854,0.4572820083929871,0.49153705114434504,0.4422222072114076,0.7411372962934641,0.4747186049943871,0.4747186049859281,1.3971905674533562e-05
416,0.007341361356380651,0.002835821482451442,0.735278149809023,0.6777197834971324,0.5237025870388506,0.007196615148214317,0.7070848826451984,0.7070848826446556,0.0031853101032371244
417,0.016291497703835207,0.014818197070595751,0.6806793414092137,0.7322503959168016,0.47927128701612837,0.0010425666442493088,0.7069352898688268,0.7069352898813808,0.021997838830195317
418,0.10018990611484327,0.09996538352144725,0.6764440390936554,0.722767159453718,0.5004394680780445,0.1415311601510251,0.699988894491247,0.6999888944826606,0.00016092295062194594
419,0.02663436855681674,0.025760365472272572,0.691350382799084,0.7215688894248966,0.4820214639579879,0.000617291473053727,0.7066211905974332,0.7066211905830344,0.037048683767749384
420,0.012698017003132122,0.010742249339987913,0.6884226638580947,0.7251190249399265,0.4838615414433467,0.016574770695389533,0.7070089689676944,0.7070089689972421,0.0013829436320977474
421,0.008614531248560677,0.005325290289593186,0.6868720645335604,0.7267077804028962,0.48761296547244504,0.009856469783984518,0.7070705166825002,0.7070705166905505,0.0023278463648325485
422,0.008254129998642267,0.004720016784117995,0.6801240152219148,0.7330354116261624,0.481936904782256,0.0024967007305048408,0.7070748159822938,0.7070748159729086,0.00917473192737196
423,0.7071004033061062,0.7071003974523593,0.0030096350409396983,0.0029995190431320274,0.5011554320184616,4.139073334270832e-10,0.0030045812994408806,0.0030045812994182615,0.9999909724504665
424,0.008341249288724912,0.0048705454097169145,0.728191386637587,0.6853057753839079,0.5108846031444485,0.009337509486143562,0.7070737943744339,0.7070737943501033,0.0024717542112733266
425,0.010182831597573463,0.007605348802761442,0.704911045314926,0.7091818432561209,0.5022065141226733,0.0018195640778942107,0.7070496689127245,0.7070496689070281,0.012578576049667282
426,0.017716982811668888,0.01637259304749088,0.7306023256552496,0.6823769401614455,0.5079109550819944,0.0009501549286508541,0.7069009996771546,0.7069009996968432,0.024104988874904674
427,0.6883028129996495,0.6883010649071191,0.15520184556106312,0.1685030231151205,0.49975047200403644,1.2228925455074154e-06,0.1619890145431116,0.1619890145406364,0.973405937075591
428,0.7071067698352808,0.7071067698342396,0.00012806772532401848,0.00012532501839281372,0.5000541062930953,7.364081408356319e-13,0.00012670379336196378,0.00012670379336277243,0.9999999839461486
429,0.013994371445283685,0.012247530622745709,0.6774321076083446,0.7353501853830007,0.47951426312117734,0.0012372051740870997,0.70698449613362,0.7069844961441439,0.01855569351603107
430,0.707106725153388,0.707106725148249,0.00026975298445588514,0.0002927905342272163,0.5000075414607807,0.9999999207535123,0.00028150752170551154,0.00028150752170969916,3.6602996285170995e-12
431,0.01014287329023137,0.0075516004866791435,0.7130814906804711,0.7009671055765916,0.5084426237439499,0.01251160747178365,0.7070502441333957,0.707050244128671,0.0018341829145723796
432,0.7071067719254859,0.7071067719246366,0.00011205980983993187,0.0001167820090833897,0.49996928486002545,0.9999999869022806,0.0001144452677623173,0.00011444526776466606,5.957689909574086e-13
433,0.7069725509790957,0.7069725386659145,0.01404047318119632,0.01350950951111098,0.5062668867137666,8.795633919098021e-09,0.013777549389870965,0.013777549389944407,0.9998101611134078
434,0.00937098747934156,0.006478055587080473,0.7228943962480204,0.6908646113844907,0.5155140402039604,0.0020447855083355992,0.7070608953213943,0.7070608953248243,0.011207116578229953
435,0.15018332639182155,0.15003746356038686,0.6745646588689204,0.7070334143499554,0.4498583206218692,0.2122881567873972,0.6909897712640618,0.690989771277939,0.00010239900534960397
436,0.7070886534843525,0.7070886518216243,0.005151344057513265,0.00497375443342298,0.5022840979517641,0.9999743623819749,0.005063327895889595,0.005063327895917689,1.1877230264731028e-09
437,0.013483442550245134,0.011660257580436857,0.6867817189185338,0.7266451030128706,0.48866566836604924,0.01777905758722328,0.7069944254242423,0.7069944254322854,0.0012922608168384705
438,0.7062738593671863,0.7062737881985476,0.03288130384501141,0.035684716301350596,0.5010381706437224,5.361297227597001e-08,0.03431165341411711,0.034311653414624964,0.9988220166175459
439,0.7070885432836737,0.7070885416109561,0.00516325975864733,0.00499269748015613,0.5022819833367604,1.1812206873029803e-09,0.0050786946878068236,0.005078694687778251,0.9999742065276168
440,0.7050754543677231,0.7050752677751402,0.052950235116192235,0.054164175240240676,0.5168855502764179,0.9971271306717451,0.05356064449933097,0.053560644498846614,1.3293413029104752e-07
441,0.010379931302709335,0.007867297186786738,0.6953043954557058,0.7185973561885012,0.494798984260447,0.0017750651451694716,0.7070468027898993,0.7070468027830334,0.012902964101499787
442,0.007683928768277511,0.0036317351530373403,0.6892020391142778,0.7245193696645909,0.4892397949200495,0.008003471146278567,0.7070812427682313,0.7070812427605393,0.0028594949114234057
443,0.7071063198535325,0.7071063250795738,0.0007796792425362823,0.0008348691548989885,0.5001257690826939,0.9999993475466725,0.0008077456985423816,0.0008077456985524483,2.999147607398526e-11
444,0.7068729919850614,0.7068729758101526,0.018645894926586526,0.01770613797224385,0.508707558339507,1.5100038164085034e-08,0.018182088982132017,0.018182088982052487,0.9996693569778442
445,0.7069637563563785,0.7069637432355729,0.013665091715312815,0.014757815400192973,0.5013338366833536,9.269126969805219e-09,0.01422195216873566,0.014221952168541387,0.9997977156170279
446,0.7062119675964622,0.7062118801953722,0.034505870189836814,0.03658947195638527,0.49284542145383464,5.799304589511177e-08,0.03556293390352736,0.03556293390284775,0.9987344769579121
447,0.6999022021025982,0.6999015326556062,0.10222185435319232,0.09912341774539767,0.5426350849990917,0.9898107094524923,0.10068455555111872,0.10068455555052908,4.682090042939705e-07
448,0.008067438773735213,0.004385313485884222,0.7312261210435117,0.6820733430950866,0.5210802481589907,0.008804729371864578,0.7070769708666895,0.7070769708647251,0.002606009099306749
449,0.7062487292454157,0.706248645222105,0.035491059040540715,0.03414638679122451,0.5157239175667989,0.9987864681688879,0.03482521358676712,0.03482521358658278,5.633285577304368e-08
450,0.006790377604795039,0.0005052031931374047,0.7257430550528321,0.6879321576902071,0.5164085621175514,0.004448087347806295,0.7070903886865987,0.7070903886836231,0.0051554803101499505
451,0.7068863855183987,0.7068863600307547,0.018327714183178703,0.01695329797676032,0.4906005230637512,1.4202332427073104e-08,0.017653886533697438,0.01765388653312499,0.9996882917092396
452,0.014553549086675055,0.01288283488192145,0.6780549595679899,0.73475417561455,0.48049984255514344,0.019400590126593606,0.7069732055714688,0.7069732055614043,0.0011791204198550382
453,0.007611838930969179,0.0034764653357219188,0.6907329534425464,0.7230615195995497,0.4864703211010642,0.007844344274675044,0.7070820228430841,0.7070820228723156,0.002914132090264628
454,0.7070977026747267,0.7070977071105493,0.003655614509916104,0.003509331014186615,0.5016530020709207,5.889025041529721e-10,0.003583219335484052,0.0035832193354655892,0.999987160456767
455,0.042447626815438504,0.04190595241363815,0.6839124456303172,0.7271216245374341,0.49283934236418836,0.05964697264148254,0.7058477492158758,0.7058477492242087,0.0003853527078179164
456,0.6267514855345355,0.6267436433906258,0.3365974891772896,0.3179262668122713,0.331593707987384,5.585492394957434e-06,0.3273950067150439,0.32739500672383437,0.8863549058470348
457,0.018864270473063275,0.017607802747378266,0.7254603738262071,0.687780016131513,0.5041437114906401,0.0008867254169687793,0.7068713123884004,0.7068713124071632,0.025789709887983816
458,0.7044682068397804,0.7044679643800258,0.05893568105356221,0.06305567550160374,0.5096180954262142,0.9962683209285359,0.061030454341676456,0.061030454340921546,1.7005102118792163e-07
459,0.7070988911252775,0.7070988904016533,0.0033064389263861844,0.0033741404503949105,0.5010960674038376,5.040309267912223e-10,0.0033404612071324773,0.0033404612071622737,0.9999888412566645
460,0.7070757663670911,0.7070757635225798,0.006704474047817587,0.006540281575936258,0.4971337451989835,0.9999561364103172,0.006622886657362699,0.006622886657200014,2.0245337196117577e-09
461,0.007265197509591757,0.002632401755800329,0.6887998330011482,0.7249103926856961,0.48533857115515233,0.006996605228945823,0.7070856692602251,0.7070856692742117,0.0032802666244692554
462,0.016479086741612872,0.015024214983635611,0.6772994852728003,0.7353693765156274,0.479461822271788,0.0010286571258083215,0.7069309417060303,0.7069309416954448,0.02227620247554615
463,0.7071061763635765,0.707106171039258,0.0009649875715738703,0.0008913339670002333,0.5004930916006736,0.9999991371609998,0.0009288910737854315,0.0009288910738413612,3.971323166738151e-11
464,0.6947925139842942,0.694791374306506,0.13630647785412264,0.12628876749602397,0.4275396879646123,0.9825841904379912,0.13139312900945535,0.13139312900515715,8.103331220027345e-07
465,0.013907500547930192,0.012148161868222521,0.6969729154142451,0.7168596506783631,0.4885729590157932,0.0012445705285747905,0.7069862104783537,0.7069862104632555,0.018424099773574218
466,0.7025187662235319,0.7025183440840178,0.0827361632419809,0.07803910190206126,0.45894835253715,0.9935112610666391,0.08042193150543983,0.08042193150265892,2.9888317800509424e-07
467,0.026432057313962566,0.025551155390938007,0.6914370182033261,0.7215007516796681,0.49630998653196107,0.0006222692151042753,0.7066287868557903,0.706628786848475,0.036757692593336326
468,0.7071067591817312,0.7071067591792296,0.000204085167706375,0.00018839575212085748,0.5001042838314923,0.9999999614281411,0.00019639719332875097,0.00019639719332900876,1.7730442096058993e-12
469,0.7041522173019314,0.704151945745945,0.06715169477484442,0.06188975730953668,0.5334188137883664,0.9958214236643991,0.06457434541275366,0.06457434541272254,1.9125772061240227e-07
470,0.010212902319244412,0.007645560609465343,0.677971767970481,0.7349772267662821,0.4788583432246486,0.001818662349657781,0.7070492352186195,0.7070492352070259,0.012627368577154657
471,0.7067522033749862,0.7067521708510919,0.022609674640048483,0.022169678268813713,0.50936383171355,2.279253292735229e-08,0.022390757265868432,0.022390757265722903,0.9994985282521074
472,0.7055169205463434,0.7055167798334435,0.04904922537076623,0.0456741625058654,0.47501739900334305,0.9977514942960044,0.047391748384913224,0.04739174838624859,1.0290127848096224e-07
473,0.6940131889684336,0.6940119766675327,0.13428644781943264,0.13660246826887243,0.4528372338555769,0.9814819996281916,0.13544940827537844,0.13544940827836555,8.578723431464879e-07
474,0.04788462636075852,0.04740557664219158,0.706361935919615,0.7046364944745653,0.48197362419893236,0.00033903544326248407,0.705499742678343,0.7054997426947106,0.06738034723460813
475,0.011041769776229062,0.00872200121520877,0.6778994706514436,0.7350199410267294,0.48001192531507614,0.0016403974666578031,0.7070367762719344,0.707036776282136,0.013975087824581824
476,0.01480306152377746,0.013164080077805089,0.6788772538386517,0.7339845029601839,0.4788310918197513,0.0011580455103794875,0.7069680248717712,0.7069680248597701,0.019775807578136868
477,0.011593690665044499,0.009410978619203467,0.7047298328328061,0.7093186043899111,0.4941403624516087,0.014852261241327812,0.707027941384049,0.7070279414000837,0.0015461299515876618
478,0.707101286774638,0.7071012862707629,0.002670797382806852,0.00289966157069117,0.5000442651709854,3.50434557118537e-10,0.002787579226167075,0.002787579226209166,0.9999922293718669
479,0.7004696307014487,0.7004690244331803,0.09867128888762731,0.09460140804712747,0.5429486834620432,4.290853934275206e-07,0.09665777168740919,0.09665777168789587,0.9906132193467697
480,0.016489590703571685,0.015035733691506742,0.7263031245366298,0.6870122207057977,0.5215120152106916,0.0010257543076409466,0.7069306967853533,0.7069306967824769,0.022291875589855265
481,0.6898005296391282,0.6897989224472344,0.14902217151851382,0.1616943669276141,0.4927424424462538,0.9755241278915081,0.1554874205538744,0.15548742055136766,1.1404381336183487e-06
482,0.707039831598729,0.7070398307257028,0.010119203080661898,0.009325421121650627,0.4947785154472614,4.381702034364672e-09,0.009730409808681248,0.009730409808375223,0.9999053146422988
483,0.006784704216229745,0.0004216754675416508,0.7190258064476872,0.6949501274491175,0.5114429671298376,0.005059372952195647,0.7070904432902843,0.7070904432863179,0.004540128416950313
484,0.7071065188731749,0.7071065188491142,0.0006155396340845104,0.0006025604579522026,0.4997411977912685,1.6804516105228566e-11,0.000609084619161566,0.0006090846191764092,0.9999996290158576
485,0.7071067784419346,0.7071067784416829,6.063936710057177e-05,6.392308552020441e-05,0.4999858833322767,1.77107862276328e-13,6.23028639186582e-05,6.230286391743508e-05,0.9999999961183533
486,0.7071025589432482,0.7071025585555087,0.002543247769451664,0.002342992108017724,0.5013089464852967,2.70761138942771e-10,0.0024451708769584264,0.002445170876959025,0.9999940211215089
487,0.7064979122333672,0.7064978510945802,0.02828693314003721,0.030353636789154027,0.5042313508470755,0.9991388823117636,0.02933848882286429,0.029338488822492004,3.898436733366472e-08
488,0.0595274012312596,0.059143709611729586,0.6756817194906819,0.7324020235240696,0.4830681782774231,0.0002704371297797968,0.7046128405378983,0.7046128405480212,0.08391315002872198
489,0.7067703500686912,0.7067703191984444,0.02089148614658444,0.022692156585368592,0.49991488976674253,2.201371001919397e-08,0.021810412236970198,0.021810412237306242,0.9995241927217626
490,0.7070860171306024,0.7070860152262002,0.005263655783004684,0.005570042882690218,0.5011402446629086,0.999970633843857,0.005419015128060401,0.005419015128122375,1.337656891968521e-09
491,0.020068029336827994,0.018891912217938133,0.7319894244132882,0.6807582922040732,0.5076312950836425,0.027548805175533115,0.7068381603612697,0.706838160341248,0.000832752000301926
492,0.707102883810876,0.7071028781845542,0.002441513495766392,0.00225340450203493,0.4987486487993633,2.5342465078692e-10,0.0023493424612143184,0.0023493424611444307,0.9999944805747674
493,0.7070458414320313,0.7070458411117497,0.009644184973163002,0.00890807646531204,0.5049060596917273,0.9999138142209121,0.009283429595473038,0.009283429595484885,3.95050524777364e-09
494,0.2589272569604972,0.2588505646434387,0.6694981852770671,0.6463166721487258,0.605422215326197,5.400061094940067e-05,0.6580095215047804,0.6580095215084201,0.3661242088379959
495,0.006961240978200608,0.001614215988117832,0.7093198336237005,0.7048505579616428,0.5043112470050739,0.003805411156701763,0.7070887269018928,0.707088726907065,0.006048422533299435
496,0.7060573053634421,0.7060572090287177,0.040062768030192195,0.0368954433399781,0.47906531806641944,0.9985157489386449,0.03851168083455112,0.03851168083571779,6.919118394500157e-08
497,0.03628902333012303,0.0356532598955319,0.7049919156582637,0.7073884016044678,0.5124038352471599,0.05087089280963285,0.7061911752053884,0.7061911751997931,0.0004476569044971058
498,0.03044769237245741,0.029686531463060287,0.7094488479328245,0.7034727997909184,0.4899426291049672,0.042521338954172955,0.7064671428456485,0.7064671428724707,0.0005365208844062177
499,0.7069348206883513,0.7069348049157945,0.015322855938296165,0.015860358851231535,0.49547887997480183,1.1189465058049024e-08,0.015593923448026018,0.015593923447699781,0.9997567999783769
500,0.0068043389819602415,0.0006672226750661671,0.7269228383789333,0.6866851118438815,0.5107680743951504,0.004334622354500047,0.707090254429971,0.7070902544053964,0.005287273789337439
501,0.7070543022749263,0.7070542974612063,0.008496618714044796,0.008731640543645747,0.4973265784319465,3.3927809040757367e-09,0.008614931112855098,0.00861493111267036,0.9999257802076328
502,0.7071067810715854,0.707106781071575,1.2229080811568221e-05,1.3252371753005273e-05,0.49999938907368996,7.58532460158393e-15,1.2750995541152979e-05,1.2750995540945622e-05,0.9999999998374118
503,0.04918838114981605,0.04872227810366173,0.6918553619250213,0.7187091212706757,0.47635613861731213,0.0003295353633035494,0.7054100377945781,0.7054100377799576,0.06923329101223066
504,0.7071048743936227,0.7071048689498686,0.0016120583506341278,0.0016761964685239853,0.500447826250072,1.2513844273392358e-10,0.001644440136777071,0.0016444401367937094,0.9999972958129795
505,0.7070985452637913,0.7070985445084154,0.0032746521557315716,0.003545742963923054,0.5002322586100765,5.381491467500825e-10,0.0034128902639534615,0.003412890263905207,0.9999883521122083
506,0.7068598404055089,0.7068598177522397,0.01797197814130465,0.01937452117753525,0.49787263659087144,0.9996507569800721,0.018686413101268055,0.01868641310094187,1.5976067359607777e-08
507,0.06193393804834862,0.06156546158856322,0.6772308780646881,0.7305697907186072,0.47387489404657274,0.0002609272416348921,0.7044053809178837,0.7044053809056467,0.08732726150569271
508,0.04948603306588033,0.04902278049010105,0.7136128324413542,0.6970685941466046,0.5263942751686678,0.0003262930795957294,0.7053892186505102,0.7053892186460743,0.06965625572995424
509,0.03922408478980721,0.03863691205814937,0.7307946438167586,0.6803733157375779,0.5367310886080704,0.00041710506502234897,0.706034227287013,0.7060342272852215,0.0550560244146986
510,0.7002148246118245,0.7002141894506448,0.09706070439191956,0.09989248194309376,0.4690016275031544,0.9902528524139638,0.09848677140872077,0.09848677141267906,4.4793263120233476e-07
511,0.7062749566949288,0.7062748803465634,0.03333301733041901,0.035219155195312296,0.5072776114493158,0.9988235685359919,0.03428905756249377,0.03428905756210715,5.5018891385088143e-08
512,0.11782221262508616,0.11763285587460516,0.6789934127707253,0.7150163514527946,0.4588745062632692,0.00013391529095839526,0.6972375625962407,0.6972375626253627,0.16649187558491105
513,0.046949602893683946,0.04646082692305646,0.6800863014173477,0.730150497482691,0.4889472616022908,0.00034815712452904623,0.7055625862963599,0.705562586287383,0.06605113501572449
514,0.007037739418041536,0.0019172008401048132,0.7306022917583821,0.6827642974279551,0.5201087713272594,0.0036247938749754812,0.7070879699754163,0.7070879699732803,0.006329794979752235
515,0.701743211590518,0.7017427229694057,0.08992276146000047,0.08383030544843768,0.5428449009240458,3.543233750707807e-07,0.08692992332945579,0.0869299233296881,0.9924144179019692
516,0.7071066495595196,0.7071066495474475,0.00042551596837481453,0.00043732214005193096,0.49986636374689875,8.477557547168935e-12,0.0004314594381361847,0.0004314594381454239,0.9999998138427358
517,0.7070755383434352,0.7070755354783724,0.006898655585388621,0.006385824569159624,0.503490335041603,0.9999558139216383,0.006647187537374573,0.006647187537362588,2.0340695910406054e-09
518,0.7071067648088188,0.7071067648068335,0.0001807198542546827,0.0001690192721943516,0.5000892187466707,0.9999999693864098,0.00017496739709889627,0.00017496739709837157,1.4031917762239115e-12
519,0.7071062236983952,0.7071062236472536,0.0008666854513307737,0.0009087038260515803,0.5002175977671508,3.7001071631887715e-11,0.0008879432175010884,0.00088794321751057,0.9999992115565317
520,0.7070986507674873,0.7070986500218125,0.0034405505795769855,0.003340633448743605,0.4985010616745826,5.283548408646587e-10,0.0033909600505350737,0.003390960050659298,0.9999885013238258
521,0.5792509218080192,0.5792379011656436,0.3928225298176588,0.41790224156545125,0.4260128200824897,9.170759600542277e-06,0.4055562990781953,0.4055562990705135,0.8191753026539053
522,0.00889314872385734,0.005765180258116651,0.6801832075207369,0.7329655372588537,0.48206903136927026,0.0022129395213900285,0.7070670670414163,0.707067067050791,0.010364762240779743
523,0.009574391857442122,0.006769051192913065,0.7336099134877967,0.6794696503884032,0.5236157562403075,0.011556198757050802,0.7070581698010066,0.7070581698022893,0.0019857753598202716
524,0.7071019584206264,0.7071019579782604,0.002514287261326094,0.0027055093045681945,0.4996698155921049,0.9999931792662264,0.0026116490030068536,0.002611649002960593,3.1164562893851317e-10
525,0.7068767718752333,0.7068767507780571,0.018648618615169518,0.01739878203904345,0.5091699631062527,1.5093187354454984e-08,0.01803453066611869,0.018034530666169626,0.9996747027945113
526,0.7071027168869354,0.70710272178254,0.002338269006068458,0.0024553141206474158,0.4994184377055298,2.6474543077274846e-10,0.0023975059307560303,0.002397505930708125,0.9999942519487921
527,0.7071066693874088,0.7071066693771536,0.0003816473692009509,0.0004130078433701644,0.5000295821228061,7.216570640480173e-12,0.00039763689032762026,0.0003976368903332051,0.9999998418848906
528,0.7071043040428235,0.707104303815586,0.0018114207514997244,0.001930151405986433,0.4996602820484162,1.6022568855303752e-10,0.0018717277564944711,0.001871727756529621,0.9999964966290686
529,0.09783513833303603,0.09760498886221833,0.718439579017169,0.6817229080355242,0.46468858691591597,0.00016320623915728121,0.7003219088436486,0.7003219088621799,0.13819703804687503
530,0.7071064865063629,0.7071064812104966,0.0006749596893549403,0.0006267780548540684,0.5003391545148523,0.9999995757892534,0.0006513145600625192,0.000651314560063979,1.9636807701989093e-11
531,0.02322233008746447,0.022214135254417525,0.7241171762256962,0.6889278414138345,0.5013088169599773,0.03212839789903369,0.7067415565625758,0.7067415565874908,0.0007144705970724288
532,0.7071065225121319,0.707106517219565,0.0005920224152984215,0.0006293539963932687,0.5001167281136456,0.9999996267114332,0.0006109734008240683,0.0006109734007937071,1.7250278410690212e-11
533,0.06425913602171,0.06390429486219029,0.6909274704569972,0.717221189803956,0.5085334970236829,0.09062522030677787,0.7041970621018818,0.7041970620948271,0.00025477134526320506
534,0.18560451114708412,0.1854894501496041,0.6911452817704198,0.6733964870798997,0.577865345720262,0.2624030565159551,0.6823285972794779,0.6823285972753033,8.127751873087188e-05
535,0.0426784953307511,0.04213978857059078,0.7333927619594998,0.6771542224345407,0.4972502301303968,0.0599755707213564,0.7058338275702214,0.7058338275494327,0.00038296359959674216
536,0.012322121116579212,0.010295125634596423,0.7046625855133557,0.709360850552795,0.5028271424836374,0.015992732930390705,0.7070156206588668,0.707015620664572,0.001434145760014847
537,0.006778704832057978,0.0003109705147514099,0.7288843543260536,0.6846032065925712,0.5187155040557259,0.005017256569969677,0.707090500733354,0.7070905007357926,0.004568881523119971
538,0.7046525003319187,0.7046522748347761,0.06122782370936499,0.05640194101239101,0.5306267438293817,0.996528963278953,0.058864358257580164,0.058864358257553186,1.5884948907420797e-07
539,0.021233210274326075,0.02012541052924411,0.7019026145213305,0.7116718614461405,0.5038845003368758,0.0007824454072950791,0.7068041166598407,0.7068041166538271,0.029244984751076772
540,0.7070680478982385,0.7070680443456224,0.0074508837077661766,0.0073512338151093,0.503020276625881,2.4712113717719105e-09,0.007401226473761424,0.007401226473710622,0.9999452203462794
541,0.13887305006044842,0.13871421984912027,0.7212726105301229,0.6642578283148807,0.5853946845086792,0.00011193785301733867,0.6933515130069641,0.693351513007287,0.19628384113665334
542,0.7070943785291613,0.7070943826599845,0.004115513997253681,0.004259560792395601,0.49879145147711823,0.9999824591893579,0.004188156730976009,0.004188156730888324,8.008498016523263e-10
543,0.7061698328428728,0.7061697468498148,0.037758857278860455,0.03496747794356062,0.5188405569407305,6.068204837485708e-08,0.036389942406821876,0.036389942406754916,0.998674894138858
544,0.7053901377157855,0.7053899800849414,0.04975749846064757,0.048722899708557754,0.4786957919177976,0.9975721880600507,0.049242916287286415,0.04924291628848587,1.113934025081857e-07
545,0.032291351437503904,0.03157479386922896,0.6766357439410305,0.7349315417342135,0.47927356532312726,0.04516020365757583,0.7063852705851337,0.7063852705958893,0.0005049664849868772
546,0.5924030197138633,0.5923914808026691,0.4003282152177412,0.37130622915175865,0.6520224294307585,0.8377762256281214,0.3860900126310775,0.38609001263028675,8.122953771186056e-06
547,0.1918104244286587,0.19169965306117823,0.6526519325415822,0.7074641044225936,0.4701330748717689,7.824193427434728e-05,0.6806100220066967,0.6806100219955393,0.27118257647105215
548,0.017226879088209225,0.015840918739844695,0.6845784015960427,0.7285634577705457,0.4875344763125049,0.000978889449376818,0.706913113452519,0.7069131134441015,0.023382511522247608
549,0.7062165119540177,0.7062164302455454,0.03478305876004161,0.036148730517623705,0.4901158480468874,0.9987409114005782,0.03547246745570701,0.035472467454972664,5.9091728929733965e-08
550,0.043990054618316246,0.04346773256961926,0.7022356501975202,0.709253496953365,0.5129985714425163,0.0003676049183150718,0.7057532966060727,0.7057532966119054,0.061842004476900726
551,0.055282088034737276,0.05486830815738603,0.6776442365579749,0.7312534774377507,0.4867387187808982,0.0778880915025856,0.7049586369396759,0.7049586369491464,0.000292569707289871
552,0.041593989238291454,0.04104096189695848,0.7314900750638123,0.6793436903283588,0.5385560489057878,0.00039151491525828987,0.7058985690251905,0.7058985690267431,0.05843173119336646
553,0.012799820524176433,0.01086242077482785,0.7121184173625452,0.701858626836984,0.5088147520299624,0.016731705109948543,0.7070071330635953,0.7070071330684218,0.0013702670083131404
554,0.008527694004887565,0.00518362816510534,0.722925254754184,0.6908541701926615,0.5072723553623989,0.002365440619826026,0.707071569364824,0.7070715693831554,0.009695166665361962
555,0.7070623976891528,0.7070623936179071,0.00812132036619295,0.0077189028295467955,0.49616840528615874,2.8586938261090223e-09,0.007922667018719777,0.007922667018928404,0.9999372293772336
556,0.020310060936897394,0.019148839663191804,0.6993244427579581,0.7142591596371473,0.5013686072676504,0.0008203980833847623,0.7068312469653691,0.706831246959042,0.02790167705877
557,0.7071009686242602,0.7071009680912185,0.0028152353623397647,0.0029181406642025502,0.5008174214927087,0.9999917794186639,0.0028671497241405477,0.0028671497241688645,3.7991945882722316e-10
558,0.7070983586501255,0.7070983631459821,0.0033061147334075636,0.0035906944210343517,0.4999151805615773,5.420449758115429e-10,0.0034513389471391557,0.0034513389470844755,0.999988088188523
559,0.013090757763751314,0.01120384613893237,0.7261937513041001,0.6872741385064187,0.519778864315961,0.01717844961555448,0.7070018054746333,0.7070018054775181,0.0013397671215331732
560,0.05514543791081583,0.05473061160209721,0.7026348283477645,0.707296146478961,0.5180098146030006,0.00029320716332704565,0.7049693400564845,0.704969340050761,0.07769410015100657
561,0.7056717289983138,0.7056715919654395,0.045616320614495505,0.04443167692696284,0.5191067420429554,0.9979704291105218,0.04502789480378615,0.04502789480406141,9.413344458831949e-08
562,0.023205456633563486,0.022196505090086773,0.7325328747445304,0.6799738299101835,0.5297801689363982,0.0007133948765487956,0.7067421106535451,0.706742110655069,0.03210403593843861
563,0.14598329320736655,0.14583284406150127,0.7193260895372521,0.6633186541872965,0.4394727328147565,0.00010635431098480116,0.6918893192238662,0.691889319201949,0.20634516860578214
564,0.055329947716662116,0.05491653641183335,0.7210378900905948,0.6884962831910839,0.4852025887124587,0.00029142151068029155,0.7049548818683632,0.7049548818500347,0.0779560399154799
565,0.006768276331011826,0.0,0.7335759103854648,0.6795738511021054,0.5221578311887562,0.004784535588330836,0.707090600772446,0.707090600771126,0.004782553668924139
566,0.7030439585237633,0.7030435847936157,0.07872306890547488,0.0725368091790783,0.4581890682919618,0.9942540368216528,0.0756931643658208,0.07569316436817138,2.6250624761383475e-07
567,0.00793618810035875,0.004138799238383304,0.7210694761315639,0.6928049493549006,0.5134827770957758,0.008537228177181243,0.7070784564899781,0.7070784564862974,0.0026885824797950107
568,0.09075029947240386,0.09050145659818176,0.675765476334989,0.7258890345590083,0.49493308026756827,0.00017580861552191055,0.7012752204063251,0.7012752203973305,0.1281643460251496
569,0.7067914645843056,0.706791435663232,0.02140100312297177,0.02082556178644612,0.49068237098177525,2.0404364474288273e-08,0.021115242816654684,0.021115242816132748,0.9995540470838005
570,0.7071046030318835,0.707104597563295,0.0018184033263057369,0.0016939114123424458,0.499091231331765,0.9999969120319671,0.001757260158572128,0.0017572601586216,1.418675207118445e-10
571,0.7066250454114541,0.7066250012019178,0.02650720647677337,0.02568113857330062,0.4882882806782257,0.9993186914725198,0.026097441192474084,0.026097441193127013,3.137318838519271e-08
572,0.7051735718475959,0.705173394287195,0.05065719617995861,0.0538011712917204,0.5099545318190835,1.267164417521673e-07,0.05225283512518662,0.05225283512457403,0.9972659035797848
573,0.7071052216987492,0.7071052215557371,0.0014973507605635236,0.0014727646339338918,0.4993850945661457,0.9999977944500806,0.0014851085763828578,0.0014851085763272248,1.003485593809674e-10
574,0.022555128088915206,0.021515608841963466,0.6993083908757082,0.7141401257623614,0.5021269197189454,0.0007354810141514772,0.7067631657005038,0.7067631656941781,0.03116270679234349
575,0.7070736073385998,0.7070736095637113,0.006568636691802337,0.007119334657960649,0.500438985481171,0.9999530829424177,0.006849522390731495,0.006849522390634224,2.1481118018846124e-09
576,0.706617776224124,0.7066177366325872,0.026408776502462192,0.026177787709937117,0.4894056484827134,0.9993084108293387,0.026293535761769436,0.026293535762390085,3.1268091635134254e-08
577,0.7071060677447134,0.7071060676792711,0.0010435144703016094,0.0009638917565269848,0.5005319492999857,4.6837325343848354e-11,0.0010044923513975667,0.0010044923513961232,0.9999989909946078
578,0.48635678875516314,0.48633195020637865,0.4920803675039869,0.5336620876367582,0.5070038004856267,0.6877948006689725,0.5132924662685261,0.5132924662759586,1.7579740834720476e-05
579,0.707088775994483,0.7070887743429018,0.004835375687232184,0.005248542925406018,0.4997622874290825,1.1665492834913627e-09,0.0050461896951467106,0.005046189694918418,0.9999745356453453
580,0.7071020401174386,0.7071020449509959,0.0025792840927659193,0.0025995445706895556,0.5009335847581609,0.999993294808317,0.002589434147269169,0.0025894341472903403,3.0335141345533765e-10
581,0.007562081990669453,0.003366313413313276,0.7256368654115375,0.6880280680362459,0.5166933007439197,0.007728921187263241,0.7070825563023844,0.7070825562993736,0.002963262950082823
582,0.7071059137936828,0.7071059137141223,0.0011020452159700648,0.0011130879831451402,0.5003941333944004,5.5824573496387755e-11,0.0011075803619251074,0.0011075803619342804,0.9999987732649893
583,0.031810295158377105,0.031082626072406732,0.6936617498754938,0.7189265277151138,0.5001556290146479,0.0005151034904649041,0.7064070977498415,0.7064070977428587,0.04447200440209846
584,0.6970182632099703,0.6970173367443216,0.11558721053702654,0.12236003078750664,0.5238013780562574,6.56318128676167e-07,0.11902180551137218,0.11902180551001394,0.9857320222178486
585,0.023648720866234187,0.02265951286220442,0.7096482043482604,0.7037945087477733,0.511334766567849,0.032744846574180926,0.706727417209435,0.7067274172145237,0.0007003888882756131
586,0.008450128270302497,0.0050551055095952625,0.680129732781725,0.7330256392697004,0.4819693919464767,0.009550584670889796,0.7070725002527073,0.7070725002620872,0.002396892142310694
587,0.6261273096057315,0.6261193968197567,0.31506524062296914,0.3415742874404707,0.4778203097842578,5.594302792190641e-06,0.32858720279837195,0.32858720280378606,0.8854721341066746
588,0.011408440601847564,0.009181849503818309,0.7004566732368088,0.71354466576434,0.49919338512008604,0.00157414258156147,0.707030954460808,0.7070309544545844,0.01455956566692728
589,0.007011319619775851,0.0018177064398880738,0.708840541033728,0.7053315707718589,0.4985110572568713,0.0062479767216102565,0.7070882325786287,0.7070882326056045,0.003664075108193163
590,0.009407278203496149,0.006530429637114262,0.701544132807527,0.7125339895965939,0.499336019246514,0.011269680706574242,0.7070604134781308,0.7070604134720309,0.002034131182191688
591,0.008024269806812047,0.004305407782727164,0.7232747210858275,0.6905003637914414,0.5077410045886005,0.00872061955623485,0.7070774619949213,0.7070774620200503,0.0026222579322975415
592,0.03254862809681742,0.03183790423140637,0.690244153616685,0.7221426057650618,0.4969914855202374,0.000502864708878303,0.7063734616595072,0.7063734616520729,0.04552815023606496
593,0.025380046287338406,0.02446114277598131,0.7350983067123783,0.6770435622713944,0.532984390908683,0.03524304014902961,0.7066673565917793,0.7066673565915811,0.0006499049994190843
594,0.22427455207518796,0.2241825768592922,0.6730291065456075,0.6681877874270259,0.5793382075904975,0.3171070768696556,0.6706128158373943,0.6706128158325373,6.538333912544812e-05
595,0.7071066307630619,0.7071066307492629,0.0004473440107545379,0.0004747258900741379,0.5000929341815851,9.770365134313528e-12,0.0004612381893662401,0.00046123818937159923,0.9999997872593095
596,0.7071067807601602,0.7071067807601211,2.4088675915836597e-05,2.5015926662197907e-05,0.500006828354803,0.9999999993969698,2.455667825825363e-05,2.4556678258007216e-05,2.761655988166823e-14
597,0.006895584550278205,0.0013019033305003765,0.6983816344198736,0.7156911684982965,0.49163479066702237,0.0057805643262256595,0.7070893705830376,0.707089370567763,0.003978581988896389
598,0.6933597845215297,0.6933585111400062,0.1335802628134814,0.14374455685227336,0.5160428170052282,0.9805579104577415,0.1387555120319173,0.1387555120301016,8.811307416592303e-07
599,0.7071031808938081,0.7071031805635989,0.002218465031654996,0.0022939092404514008,0.4993392271180059,0.9999949081836864,0.0022565024595478044,0.0022565024595951667,2.3342925577312754e-10
600,0.7038876747626219,0.7038873787977248,0.06506323442173433,0.06965252912216688,0.4891231962136393,0.9954472867577763,0.06739695574244446,0.06739695574121168,2.1071908861357957e-07
601,0.7071047881057738,0.7071047826540985,0.001696063716036552,0.0016660744280777241,0.5007023150554221,0.9999971737779323,0.0016811359446499018,0.0016811359446387189,1.2876022268313405e-10
602,0.0068525401557707425,0.001050333140760929,0.7348565399627457,0.678187146123908,0.5161237032709205,0.005589490370573248,0.7070897890161515,0.7070897890387078,0.004100988135839969
603,0.006823647896429085,0.0008414824981796943,0.7351953644239992,0.6778204082690762,0.5163697789240477,0.0054024490136149374,0.7070900684159799,0.7070900684382998,0.0042525060922325355
604,0.028879631236820708,0.02807579767398905,0.6801393321053284,0.7319755497428623,0.4850892495304708,0.04027355919734078,0.7065329845396452,0.706532984548881,0.0005691498358798147
605,0.01683280727750042,0.015411406538973823,0.71632629757205,0.6973921282566757,0.5138645423649394,0.0228000982009296,0.7069226072045314,0.7069226072002543,0.0010051738053507631
606,0.7048565218680677,0.7048563151662085,0.054961154502687154,0.05774192624171936,0.5132710044042696,0.9968175065926631,0.056368690557363925,0.056368690557973423,1.4757207417256848e-07
607,0.018919469478560186,0.017666942538066752,0.7014796580951361,0.7122192233397968,0.489675187005258,0.0008844948218142809,0.7068698369551142,0.706869836970756,0.025870540251485025
608,0.01907181594685029,0.017829998536812237,0.6819430788035501,0.7309391180302821,0.485369767572651,0.02609352862524572,0.7068657429039755,0.7068657429128694,0.0008779344718839765
609,0.0292702461326841,0.02847748682617773,0.7090327050830988,0.7039921225112902,0.513154107214706,0.040833813646776594,0.706516909013036,0.7065169090078975,0.000560560133578116
610,0.020807396993328595,0.019675599408852735,0.6939322510974246,0.7194706066999065,0.4848876885189311,0.028625801968160156,0.706816780713878,0.7068167807285991,0.0008002770865797144
611,0.007830576033113703,0.003932548950369927,0.7007099237573302,0.713392472546315,0.49814709389333894,0.008317570730134073,0.707079633821038,0.7070796338272342,0.0027569692429636125
612,0.08227142656771144,0.08199603811161246,0.7293227848741359,0.6742375972666869,0.5590562657126322,0.0001944743826214746,0.7023204617929097,0.702320461791848,0.11615463862972435
613,0.7067848830869456,0.7067848535547208,0.02167455425294087,0.020988414025935244,0.49036266355230707,2.0647821424293156e-08,0.02133424272577972,0.021334242726313672,0.9995447464594047
614,0.7070900997372639,0.70709010347549,0.00485542332137227,0.00485888210821563,0.49817165555570997,0.999976407786218,0.004857153022725864,0.004857153022614041,1.0822449609870318e-09
615,0.7067299474359081,0.706729918128671,0.023835576257980887,0.02230419176160526,0.48814027505761237,2.4594291069230006e-08,0.0230825872213125,0.02308258722195117,0.9994670521504496
616,0.007146101405893613,0.0022834257274947437,0.7336587470200433,0.6794766825452005,0.5151623414893407,0.0034259443256139223,0.707086882649704,0.7070868826292674,0.006674106969032889
617,0.7070616831914942,0.7070616790552062,0.008299012216849805,0.007660585504232218,0.49574087509736436,2.916976871350438e-09,0.007986181003681979,0.007986181003427375,0.9999362188789627
618,0.7069987457212272,0.7069987358125338,0.012788417301340078,0.011917109171914205,0.5063239335620403,0.9998472077732227,0.012360443116841363,0.012360443116808758,7.137254614368161e-09
619,0.006859252507297684,0.0010932513862954027,0.7158559004352502,0.6982134954786343,0.5091263144940039,0.004091485153385707,0.7070897239610584,0.7070897239566775,0.005612868499451126
620,0.028460531646648933,0.0276444997141538,0.7133446829927758,0.6996893189357264,0.5165048267756321,0.000573157480863496,0.7065499910810744,0.706549991076455,0.039672303987604664
621,0.046094922443902175,0.04559691205121418,0.7221135451137392,0.6887294154452445,0.4897689110669915,0.0003519104585642191,0.7056189409880755,0.7056189409696623,0.0648359192326651
622,0.7070870839514587,0.7070870821443359,0.005439385813800914,0.005112920530065938,0.4973420247441238,0.9999721351745869,0.005278677598425655,0.0052786775986062625,1.2697869190064117e-09
623,0.7065833248196709,0.7065832767894927,0.02715818127540172,0.027249059396888303,0.5099601601945345,0.9992596869441881,0.027203658285155308,0.027203658285370906,3.378821935734834e-08
624,0.7070955177398707,0.7070955219752664,0.003934763836180119,0.0040468109324658256,0.5012197993377693,0.9999840703505375,0.0039911806003572765,0.003991180600394771,7.256552077189342e-10
625,0.7069569785764941,0.7069569648336643,0.015131753127144298,0.01395386550269296,0.5077009116538805,9.755535450261753e-09,0.014554729732436052,0.014554729732421284,0.9997881373995356
626,0.042312120126325424,0.04176866581227724,0.6762123073519913,0.7343037371961565,0.47949854598457586,0.05945409216444345,0.7058558858079218,0.7058558858186709,0.0003845131463840235
627,0.015831468345467826,0.014310898343353912,0.6789972199350349,0.7338305922480484,0.48175682017319293,0.0010752179952895494,0.7069457414866849,0.706945741477003,0.021313871249258435
628,0.014907884614173013,0.01328183808265861,0.6888412957736233,0.724637162302889,0.4907973256817723,0.01993326962921154,0.7069658222871849,0.7069658222794599,0.0011476098695157439
629,0.6806760920146422,0.6806736207333358,0.1944243782159955,0.1885805953771264,0.41082697931830914,0.9626196134504225,0.19152477620310254,0.19152477619832753,1.764783529850269e-06
630,0.7071049796893718,0.7071049742552888,0.0015334717497751697,0.0016610228400103296,0.5001053997198693,1.1636561413410399e-10,0.001598520015900157,0.0015985200158775193,0.9999974447304946
631,0.07940568323651984,0.07912005350457404,0.6904677286023039,0.7146251258292924,0.4676844808885734,0.0002019125907892285,0.7026502525184398,0.7026502525037118,0.11209462308044271
632,0.012288649672178744,0.01025506141215522,0.7335593579768447,0.6794368926760315,0.512523314664368,0.015940903038206458,0.7070162030589374,0.7070162030793817,0.0014369431648864916
633,0.03694358667957431,0.03631934669120811,0.7221355080542979,0.6898089478010131,0.4939679562592295,0.05180472109846475,0.7061572333712398,0.7061572333529244,0.00044092259827752
634,0.7071004109578773,0.707100410373633,0.003032101828817066,0.0029706617349497294,0.5012709217717042,0.9999909907230963,0.003001538992244388,0.0030015389922249695,4.045369551137978e-10
635,0.7069959167385994,0.7069959065687321,0.01232914189873868,0.012710392206533673,0.49619368523611074,7.1819795422308355e-09,0.012521218191729792,0.012521218191463665,0.9998432068029448
636,0.021039526613428366,0.01992094156822607,0.7172255320282415,0.6962384868852617,0.49813114820894644,0.028963440256177662,0.7068099088292112,0.7068099088116374,0.0007903891758192855
637,0.7070961850051547,0.7070961840332842,0.003712931734932784,0.004023159784959021,0.49974630929055835,6.836807105758137e-10,0.0038711546548852705,0.0038711546548210398,0.9999850140493489
638,0.7071064957268269,0.7071064904318097,0.0006352671679949979,0.0006471293039114619,0.4997864880590188,1.9148876909154593e-11,0.000641225666490115,0.000641225666476028,0.9999995888295591
639,0.010085515779973846,0.007474527975936945,0.7140437331544432,0.699988543439002,0.509141300051771,0.0018460649115538046,0.7070510638548366,0.7070510638594172,0.012416853117980232
640,0.008842514451776418,0.0056867217457109735,0.7206310215614584,0.6932390654725419,0.5135760418867478,0.0022319681400885237,0.7070677022494631,0.7070677022531997,0.010273615929391496
641,0.011649642140946529,0.009479862412218017,0.7329144390762071,0.6801550139797542,0.5241539172074009,0.0015308500809617903,0.7070270214235317,0.7070270214250374,0.014941166280969928
642,0.0177444167217325,0.01640227790161687,0.7058932600731029,0.7079059304301771,0.5058768686371639,0.024145382197537354,0.7069003115583902,0.706900311552838,0.0009484533152536134
643,0.7070204852276699,0.7070204773098373,0.011477114261091648,0.010600418887087666,0.49410718747144894,0.9998779460352437,0.011047466504852934,0.011047466504499158,5.634905143940382e-09
644,0.024450062916038,0.02349472481323825,0.7330453717305451,0.6793339939336072,0.5060830417424709,0.0006753895812660429,0.7067001458745271,0.7067001458541535,0.03390208724491056
645,0.019527342702001498,0.018316486455429423,0.6838454863539025,0.7291354743834065,0.48016332855708005,0.0008557012180083377,0.706853304876476,0.7068533048632685,0.02675964432683738
646,0.014040574683457964,0.01230031063019444,0.72623942683731,0.6871883726664522,0.5202754637526246,0.0012300795495091671,0.7069835799425906,0.7069835799454685,0.018625849869010395
647,0.7071052117450136,0.7071052116010239,0.0015493326905294382,0.001427871816619291,0.4992063435672258,1.0343678036068439e-10,0.0014898405469208674,0.001489840546967827,0.9999977803726815
648,0.012033786890883587,0.009948195446072757,0.7130152533591363,0.7009746570723058,0.49926572279894116,0.0155437739961591,0.7070205871671422,0.707020587184178,0.0014729933892562606
649,0.7014099212793693,0.701409396680198,0.08656826744614149,0.09249278702124336,0.5143495251609844,0.9919430525086975,0.08957951936625987,0.08957951936516319,3.7156817940285167e-07
650,0.01138230670322317,0.009149200912366349,0.7170866019772778,0.6968310702612612,0.512033146151113,0.014517983033143046,0.7070313766767555,0.7070313766809404,0.0015789084427081737
651,0.019354893060230315,0.018132505025037177,0.6795141306566211,0.7331828875622469,0.47854640804415133,0.02650756631017862,0.7068580481110855,0.7068580481233306,0.0008651890934552085
652,0.008751853001916799,0.0055446797319687055,0.6785260429447311,0.7345032815729708,0.4805287953745734,0.002267812233248068,0.7070688303063977,0.7070688303162861,0.010109175632661404
653,0.7071067783213706,0.7071067783211077,6.453107137478267e-05,6.276988808273388e-05,0.49997211230941535,0.9999999959478422,6.365657084109851e-05,6.365657084267454e-05,1.855061250687339e-13
654,0.7071066359263968,0.707106635913074,0.00046015540461503924,0.00044624382834846434,0.5002007817443515,9.437200890229346e-12,0.0004532529926751237,0.0004532529926724904,0.9999997945617043
655,0.022169472475991422,0.021110945301864973,0.6964729935441856,0.7169297118561859,0.49954413195288283,0.03060385653989492,0.7067753683059522,0.7067753682992772,0.0007493238869857678
656,0.009277715812286397,0.006342285087439929,0.7195768509500243,0.6943218669950856,0.5047066427201353,0.002078710148560972,0.7070621257659865,0.707062125783852,0.011044435404978131
657,0.13140212283163352,0.13123354208689664,0.7093402036274602,0.6799615541075953,0.5659674203850977,0.00011913292068756438,0.6948061742498924,0.6948061742463804,0.18571145969131844
658,0.7069258787202367,0.7069258621262555,0.015749876985651116,0.01623480297412692,0.5047738061542726,0.9997441535449602,0.015994177888793697,0.015994177888640795,1.156778339907717e-08
659,0.022964892471161322,0.021944842766136376,0.6899772432950014,0.7231337644756939,0.4822945284349322,0.031755989101405216,0.7067499690731079,0.7067499690873139,0.0007208095683906723
660,0.7071042267662424,0.7071042212630855,0.0018944642332866326,0.0019108158108210155,0.5006801553457187,1.6567981746899485e-10,0.0019026575879577499,0.0019026575879733812,0.9999963798875509
661,0.05051082891876917,0.05005716181793355,0.7122784204147494,0.6982853202840048,0.5255426790794687,0.00032079189884753,0.7053165731496427,0.7053165731450743,0.07111230821654989
662,0.00695430329409384,0.001583632322453335,0.7123908529532955,0.701746679652169,0.5065939777999556,0.003791644480910573,0.7070887956146593,0.7070887956194601,0.006040998077250463
663,0.707105663538111,0.7071056581667572,0.0013049171330177965,0.0012138462548334187,0.49934640971724836,7.338114965480775e-11,0.0012602046370573567,0.0012602046370156078,0.9999984118830123
664,0.7063019222773163,0.7063018536800048,0.033788680915024245,0.03366925243761489,0.48681950864182866,5.219236004109887e-08,0.03372901953535095,0.033729019536136454,0.9988617053838541
665,0.03627598912450753,0.03563999822435383,0.6807516370233369,0.7307469136641291,0.48736744179173563,0.05085228744512306,0.7061918447392008,0.7061918447302037,0.0004491347146612535
666,0.011751270279178255,0.009604532675605657,0.6816936220952874,0.7314803252265331,0.4803343956339623,0.015100759483377179,0.707025339213825,0.7070253392265959,0.001518704749537997
667,0.7047821872420064,0.7047819789463408,0.05905433973027153,0.05547092106644162,0.5280196258447812,0.9967123767040517,0.05729065423330486,0.05729065423310887,1.5154015397070422e-07
668,0.2826398977834812,0.2825717215197628,0.6734708837099125,0.6218559955273578,0.6358042605060757,4.867025028748355e-05,0.6481774102733217,0.6481774102741488,0.39966496875871654
669,0.011016089487265044,0.008689473947255822,0.7355474094510709,0.6773279466143043,0.5144588551042071,0.013934040226119389,0.7070371768104357,0.7070371768322089,0.0016442956085679723
670,0.7017625232720992,0.7017620311350399,0.08726045641654391,0.08628456022935643,0.4638112280059008,3.4873297575618037e-07,0.0867738802530896,0.0867738802510264,0.9924417299831155
671,0.7070764366137828,0.7070764338303535,0.006301524554968192,0.006791192500926551,0.5007782424680863,1.972818165784768e-09,0.006550935326449184,0.006550935326362813,0.9999570843254703
672,0.03367008365214193,0.032983636665999364,0.7292165436374543,0.6826577749405336,0.5324712126232709,0.04713128205592386,0.706320892089578,0.7063208920873703,0.0004868782687645409
673,0.7070841895407511,0.7070841821999629,0.005882110810716406,0.005414462749221949,0.5030248901593513,0.9999680416721072,0.005653124554273259,0.005653124554273655,1.4435994406716085e-09
674,0.7070953234103803,0.7070953223594779,0.004181313283820117,0.0038633311710586193,0.5021316861036409,7.275290889894548e-10,0.00402546323512429,0.004025463235130391,0.9999837955144497
675,0.03988544181787071,0.0393082168084287,0.7340132747779726,0.6768223755892769,0.5398027031913539,0.00040780871685289205,0.7059971726747553,0.7059971726741178,0.05599837536437381
676,0.34866318056367757,0.3486134028775312,0.6397424776952837,0.5896034634274667,0.6540674253992731,0.49304900051314116,0.6151839894912867,0.6151839894917206,3.52082964728961e-05
677,0.01895802766077465,0.01770821704252094,0.7287558099569974,0.6842820921888257,0.5246446259111415,0.0008811927805622756,0.7068688040340276,0.7068688040364349,0.025927037294978594
678,0.07556611380182318,0.07526555196295445,0.6853491103654475,0.7203620313099711,0.5055187470547584,0.10665409455528388,0.70307355918229,0.7030735591746325,0.00021185575145889765
679,0.7071067251300158,0.7071067198560347,0.0002999314373910166,0.0002889672246429891,0.5001342961048187,3.9440020351449935e-12,0.0002945003599779271,0.0002945003599763241,0.9999999132695346
680,0.006956766453749566,0.0015944859996911197,0.7042054628439511,0.7099603701021937,0.4954583863280655,0.003778400377720285,0.7070887713142836,0.7070887712983177,0.00605497115442093
681,0.7070745560167383,0.7070745530605305,0.006627484067446959,0.006872052306930689,0.501900203207114,2.0438713362638887e-09,0.006750875794019259,0.006750875794086244,0.9999544246374517
682,0.21418968347504694,0.21409243499404307,0.6683245239521216,0.6794332492989327,0.5615273731479916,0.30284118890227674,0.6739017768104749,0.6739017768046177,6.881510335080658e-05
683,0.020202540574545902,0.019034749642420187,0.6923335713743459,0.7210435226912998,0.49526732594459044,0.02774492181384873,0.7068343284240131,0.7068343284167872,0.0008268291885716974
684,0.707084770402294,0.7070847736518636,0.0057701649515747916,0.0053817266376919365,0.49711696845576014,1.4071809094177052e-09,0.0055793272519848395,0.005579327252141104,0.9999688706228927
685,0.008858327772778764,0.005711326467015922,0.6864563686984472,0.7270946050222109,0.48353723378125657,0.010302083927498604,0.7070675041181652,0.7070675041317994,0.002226272151735981
686,0.0075085105792824305,0.0032440771432843555,0.6789189564430322,0.734167657157101,0.4807769476539314,0.0030312158941442793,0.7070831274493261,0.7070831274395699,0.00759693997342072
687,0.7070498339384691,0.707049833983764,0.009122837057158438,0.00882303151570225,0.504022858899928,0.9999194607361659,0.008974186344718152,0.00897418634466728,3.6175586388875908e-09
688,0.7003925336053075,0.7003919148910921,0.0984814328840669,0.09593159960214095,0.4562580390065809,0.9905041825124643,0.09721487649701153,0.0972148764994086,4.3345076675137204e-07
689,0.707106752510487,0.7071067525078568,0.00020372200588004733,0.00019902062491966766,0.5000863458398879,0.9999999594440667,0.00020138503522195114,0.0002013850352232226,1.848848313332075e-12
690,0.025779277517954023,0.024875163643845535,0.7342950142140768,0.6778845677434258,0.5325188019549284,0.0006397500809544756,0.7066529045730776,0.7066529045739329,0.03581809089677594
691,0.007674833886856491,0.0036126050971415982,0.6803831891634965,0.7328074521406918,0.48209740675757384,0.0028700651420324394,0.7070813411561592,0.7070813411468514,0.007982275168097408
692,0.7071067793614404,0.707106779361273,5.220434007125972e-05,4.936726939996531e-05,0.49997506933603447,0.9999999974187905,5.080561194467925e-05,5.0805611946035565e-05,1.1724885937744169e-13
693,0.031057606758881112,0.03031177864141903,0.6968715913535535,0.7158816985385054,0.48338243446653023,0.0005270004856609437,0.7064405923923927,0.7064405923772326,0.04339471318586861
694,0.7064215141317984,0.70642145652636,0.031856728051331315,0.03037312055312255,0.5146440189796803,4.3946851158775094e-08,0.031123765632246655,0.03112376563239059,0.9990308415788403
695,0.7070940735114123,0.7070940670771128,0.0044098533465835735,0.004063514893524507,0.4977289477375513,8.168916329262966e-10,0.004240221682255937,0.004240221682128952,0.9999820203584506
696,0.020106438822848634,0.018932761488323402,0.7292955019772027,0.6836412454321904,0.525639211211203,0.02760501617855162,0.706837068091714,0.7068370680940317,0.0008254825816454977
697,0.7069173930500717,0.7069173756784523,0.01585018821674084,0.016864011998251938,0.5030814544506075,1.216465542581083e-08,0.016364952905365035,0.016364952905171475,0.9997321524452537
698,0.7071060239351671,0.7071060238652356,0.0010011924399564867,0.0010744500695546565,0.4998526147326983,0.9999989215847982,0.0010384674414325272,0.001038467441413842,4.948388292189491e-11
699,0.020243079256713002,0.019077775680414015,0.6843336469446536,0.7286382613318665,0.4802453049493971,0.027804107420984308,0.7068331685052941,0.7068331685186131,0.0008218231124313657
700,0.6901630407855669,0.6901614673972328,0.15946628964976334,0.14806292081088554,0.5737376397969223,1.1288771550947634e-06,0.15387027986881885,0.15387027986847937,0.9760368199740254
701,0.7071031722266361,0.707103171895645,0.00234950746600348,0.002165164382790979,0.49879261680344433,0.9999948959259013,0.0022592169149548056,0.0022592169148833025,2.335133088475527e-10
702,0.007005389366313536,0.001794942612218308,0.7138699190417237,0.700240988080671,0.5018794289652355,0.0036854488285026615,0.7070882910441673,0.7070882910705502,0.006222119099414943
703,0.0072428103529172,0.0025699712386434126,0.7311859757522591,0.6821348882803473,0.5206410018765503,0.003312704853430105,0.707085898934221,0.7070858989361971,0.0069346261997197504
704,0.7071064646903616,0.7071064646613336,0.000645413140309363,0.0006918591811802194,0.4999003770129819,2.0344528200449583e-11,0.0006690393293021718,0.0006690393292731437,0.9999995523862758
705,0.7069224595048096,0.7069224425964401,0.015686819004716118,0.016589759210736438,0.4965121747627879,0.9997393178218243,0.01614460283108287,0.01614460283139627,1.2011083918496155e-08
706,0.706526158220856,0.7065261049477267,0.029510247561421617,0.027763214257944407,0.5141372884193641,3.763261329541429e-08,0.028650050410731015,0.02865005041062739,0.999178837457503
707,0.6895098981775997,0.6895082636238711,0.15131224688488654,0.16204647065626848,0.5224001388627907,1.1498398751503093e-06,0.15677125806233122,0.1567712580642884,0.9751130935892349
708,0.6886663814828063,0.6886646675536409,0.15532137927141018,0.16539304646761152,0.527186698921896,1.2179294626116725e-06,0.16043626566022443,0.16043626566213973,0.9739201247124458
709,0.011220812175793007,0.008947646692371731,0.7348570513839454,0.6780701637913801,0.52539795282942,0.014261283859153168,0.7070339571031493,0.7070339571023716,0.0016071060651347221
710,0.7070669861743965,0.707066982524144,0.007188624410868727,0.007802753714859296,0.4999678338702931,0.9999437187729832,0.007501975954825115,0.007501975954941082,2.590281722087389e-09
711,0.02359424192935239,0.022602682173762233,0.6772191309047073,0.7350555620107946,0.4784165286811116,0.0326661359548186,0.7067292375875857,0.7067292375763172,0.000702179072763945
712,0.6759325041179556,0.6759295788355121,0.1996609060648846,0.2153368916870161,0.5197262227657852,0.9559108460853817,0.20764688094325678,0.20764688094602662,2.0622744332440895e-06
713,0.07715921325509918,0.07686502225066259,0.7104998017269764,0.6952181354871272,0.5367088100510943,0.00020829275996253488,0.7029004994202875,0.7029004994157999,0.10891158088039528
714,0.09457229176966836,0.09433387706679405,0.6719402869195187,0.7284596434130628,0.48478798935539336,0.00016899638837606469,0.7007700055229138,0.7007700055127841,0.13357683247195606
715,0.7068329125326455,0.7068328874072209,0.01902841261397804,0.020308189323072635,0.496574742164385,1.7729201827536992e-08,0.01967870727720675,0.019678707276840377,0.999612673468985
716,0.05049869172273491,0.05004489272282558,0.6805637389966123,0.7292313679550363,0.49032419307718805,0.0003222511577733773,0.7053174430120384,0.70531744302093,0.07109504418409382
717,0.006878833058474736,0.00121034740257779,0.6902572055658656,0.7235303773029292,0.4863565558527961,0.0040055533955762074,0.7070895334877313,0.7070895334735339,0.005721785235018708
718,0.7071065261594243,0.7071065261360335,0.0006159190185470041,0.000584809661966627,0.5002900300108736,1.657393326828585e-11,0.0006005658074435306,0.0006005658074408881,0.9999996393206441
719,0.5712268514545744,0.5712129115515887,0.41610312569127006,0.4174612421084612,0.6121776038471546,0.8078268997938292,0.4167827370918371,0.416782737088547,9.835369008434001e-06
720,0.7071067069189344,0.7071067069121221,0.000336738177920178,0.0003109301460000421,0.49982802165623114,4.885945916990123e-12,0.0003240911570587243,0.0003240911570483624,0.9999998949649174
721,0.7071064212811021,0.7071064212480888,0.0006995341494615055,0.0007270933424179406,0.500198120927055,0.9999994909934942,0.0007134468287269485,0.0007134468287341288,2.3662493708146014e-11
722,0.7071043681112269,0.7071043731582852,0.0019178558058342186,0.001774073875275036,0.5009765084926717,1.5586996702133954e-10,0.0018473642043320558,0.0018473642043349214,0.9999965872396737
723,0.006922312303034957,0.0014365236238176753,0.7336058043184535,0.6795384771023111,0.5222570069907791,0.005911462006162765,0.7070891096567448,0.7070891096581008,0.003877708690996464
724,0.7071057727881395,0.7071057726956402,0.0011537426912401705,0.0012333644997314884,0.5002001792656345,6.561573872168528e-11,0.0011942173560167391,0.0011942173560019994,0.9999985738438885
725,0.006896689524392626,0.001307633507302525,0.6828943405327137,0.7304834326913946,0.4840603189422387,0.005796538024277675,0.7070893598958469,0.7070893599045986,0.003959088117027754
726,0.7071047004209342,0.7071047054984243,0.001704857549308394,0.0017259825895650461,0.5005992826675066,0.9999970572180871,0.0017154525879436557,0.0017154525879291749,1.3659073805519e-10
727,0.09176184384740164,0.09151584565127074,0.7281923253767442,0.6730085818701441,0.5634808529692642,0.12959689741484576,0.7011435708932559,0.7011435708922295,0.0001737008580482635
728,0.013096406953059287,0.01121042102201787,0.6961976067225135,0.7176431585260826,0.49637065500569905,0.001331931636846715,0.7070017010569972,0.7070017010502596,0.017187651750189922
729,0.015194500917787998,0.013602794990355008,0.717831651297664,0.695917963203351,0.5010050346452565,0.0011228227517719126,0.706959719888222,0.7069597199058789,0.020362911265844226
730,0.7070461612106406,0.7070461556500125,0.009327750719752946,0.009189818514972912,0.5038018037042999,0.999914266475964,0.009259041468455487,0.009259041468392517,3.915159344948261e-09
731,0.04685988864894037,0.04637016469914911,0.6919017345065591,0.7189756243770745,0.5033709013560241,0.06592361185364133,0.7055685504157684,0.7055685504086623,0.000344584659766779
732,0.7068187655979433,0.7068187339066431,0.020193987627615127,0.0201673079128227,0.5076453896291866,1.8645667299101267e-08,0.020180652179113103,0.020180652179266453,0.9995926583139978
733,0.7071015672082452,0.7071015719982838,0.002644965486677616,0.0027842660257438485,0.5006299486903922,3.3930060652303727e-10,0.0027155091352880022,0.002715509135317835,0.9999926259829497
734,0.706127048415872,0.7061269584754297,0.03588954701822109,0.038487016311448304,0.5054066701584237,0.9986143850307129,0.03721095275430276,0.03721095275383095,6.47963949444115e-08
735,0.7071067308475777,0.7071067308424775,0.0002761348782285121,0.00028467174676830134,0.49991536114583107,3.6094268269692166e-12,0.0002804357987006348,0.00028043579869468905,0.9999999213557594
736,0.7071048324735489,0.707104832294794,0.0017122271066138742,0.0016063362794045651,0.5008367508894073,1.2693777809174446e-10,0.0016601261860376977,0.0016601261860432629,0.9999972439772497
737,0.7070678168464849,0.7070678080036371,0.007119792047321464,0.007715780987729434,0.49951515144536845,2.552688690617393e-09,0.007423769765070021,0.007423769764946999,0.9999448861237068
738,0.7071063551822521,0.7071063551431728,0.0007610547000228888,0.0007910579937675804,0.5002139339359265,0.9999993975113147,0.0007762013288826517,0.0007762013288904656,2.780142867456833e-11
739,0.686960097629892,0.6869582223328038,0.16605294390532105,0.16911725179316017,0.44215429688022456,0.9715069608420516,0.16759210159629967,0.16759210159261811,1.3257462438931706e-06
740,0.009861940342347312,0.007169988499796578,0.6973179689314747,0.7166582055655927,0.4962138187152599,0.0018997141390152007,0.7070542176553982,0.7070542176487781,0.012043989661637323
741,0.03917694128137709,0.03858905554022829,0.6998949482389103,0.7121257708396734,0.4822309825496535,0.0004159048786318632,0.7060368446626546,0.7060368446782002,0.05498886213391966
742,0.006779026493297843,0.000317636644788096,0.7350771126582416,0.6779495426304109,0.5232645111543931,0.005074771786983341,0.7070904977114626,0.7070904977108073,0.004505861132456726
743,0.5525274615272624,0.5525112996534879,0.45706770251629236,0.42489267271860165,0.6607439149998411,0.7813804015044954,0.4412735364898755,0.44127353649091333,1.1455151311417917e-05
744,0.7071067535968131,0.7071067535942827,0.00019318686096329225,0.00020178693211378814,0.5000509476239214,0.9999999609804343,0.0001975337049993728,0.0001975337049973137,1.7765813086151622e-12
745,0.700974567204121,0.7009740022786652,0.09093885208564964,0.09486961692605861,0.5235191453618665,0.9913273329054769,0.09292502094304639,0.09292502094208625,4.007945523327352e-07
746,0.030168598859411304,0.02940016704178832,0.7348496933322158,0.6769205374564519,0.5043364321764386,0.04212147043125606,0.7064791170974599,0.7064791171195206,0.000543974203387777
747,0.7071065402078437,0.70710654018574,0.0005609595025956671,0.0006057609116373637,0.5000587116525155,1.556598159229555e-11,0.0005837901359267992,0.0005837901359347191,0.9999996591890193
748,0.008034045286257308,0.004323354993778743,0.7249535304219543,0.6887373530212181,0.5164141521552632,0.008737507256984781,0.7070773517523822,0.7070773517492749,0.0026254997615698197
749,0.7044864797553577,0.7044862389826897,0.05838651820789479,0.06315816192296088,0.4947448649460501,1.6942285806587744e-07,0.060819153750289144,0.060819153751318085,0.9962941639265198
750,0.7067712110921985,0.7067711803052428,0.021547787943738402,0.02201503100200023,0.4928806561726118,0.9995254030011992,0.021782662317862224,0.02178266231738753,2.238805998617682e-08
751,0.26689974630410607,0.26682606934916375,0.6778078699607504,0.6309872150509656,0.6271686418219943,0.3774011435854401,0.6548161475316219,0.654816147533297,5.1787286258772326e-05
752,0.7067426854387815,0.7067426520373493,0.021896154337171004,0.023455464080593087,0.4964744449233303,2.3738610200980715e-08,0.02268920855797335,0.022689208558387276,0.9994850672371278
753,0.1755616271781198,0.17543903013407947,0.6725554604300322,0.6971860687176238,0.5384291959673836,8.597087670305552e-05,0.6849814821502406,0.6849814821434577,0.24819494523624763
754,0.011019197073818996,0.008693421026472609,0.677935009965027,0.7349878393486625,0.4788186711753941,0.0016462613980524955,0.7070371283543315,0.7070371283427467,0.013938726509421854
755,0.011220603710616875,0.008947409828354312,0.6776197628163765,0.7352723977890223,0.47966693102942926,0.014261112871413961,0.7070339602505175,0.707033960260899,0.0016058486653578838
756,0.01246175931410235,0.01046200287999157,0.6808454551729025,0.7322463500925243,0.48317786262323265,0.016210783942515232,0.7070131721072831,0.7070131720981003,0.0013997966035033443
757,0.017287013879731333,0.015906419893042777,0.7353119299075015,0.6773215711115146,0.5288987479966901,0.0009740194712441546,0.7069116440394638,0.7069116440395417,0.02347139383934086
758,0.7070815613870984,0.7070815590740862,0.00580310322098345,0.006136640508161382,0.49870865447961293,1.6211308584862351e-09,0.0059722007552150585,0.005972200755098943,0.9999643321820324
759,0.00793427329487793,0.004135394256315159,0.7352270701216111,0.6777618321962415,0.5239708383511598,0.00853179594202745,0.7070784771941764,0.7070784771935712,0.002694927898215726
760,0.7070601892318019,0.7070601849588629,0.008445069791582821,0.007775888736504409,0.49563674937096536,3.0315535481848244e-09,0.008117377945591961,0.008117377945840526,0.9999341060042773
761,0.009901184595000138,0.007223884768870511,0.7354303624626867,0.6774894567460794,0.514961961115957,0.0018892858974868668,0.7070536691317609,0.7070536691096448,0.012109854033209981
762,0.04041200174698156,0.0398424581136934,0.6973035421784303,0.7145258698687417,0.5066951171332371,0.05674847687193491,0.7059672260937949,0.7059672261002637,0.0004021522782771982
763,0.011508467235414549,0.009305829868002232,0.69883411379838,0.7151306440811959,0.4979453395076435,0.01471822146004019,0.7070293334513831,0.7070293334449756,0.0015547490775122397
764,0.7068694475739647,0.7068694258026116,0.018942508975149205,0.01767428373908057,0.509335503888545,0.9996643441916072,0.01831937433381606,0.018319374333766358,1.55999557248383e-08
765,0.7066444566721906,0.7066444142546109,0.02602454220162846,0.02509993745842507,0.5114768529683373,0.9993461444078208,0.025566419941285758,0.02556641994114579,3.019955730933187e-08
766,0.7065631873733299,0.7065631375013759,0.02847978829542454,0.026942468923628043,0.48623821160675185,0.9992312069921289,0.02772178721776375,0.027721787217022904,3.488062618986491e-08
767,0.00947994801829019,0.006634702952170941,0.6859589027725911,0.727548276755111,0.483120323468639,0.01139498046946443,0.7070594428057255,0.7070594427921644,0.0020107505547815123
768,0.016019718506375926,0.014518845223905832,0.7300950975950864,0.6830034554963603,0.5242096627066324,0.0010585496829571416,0.7069415010294082,0.7069415010272315,0.021594159400818734
769,0.706470530725644,0.7064704723342209,0.030534388298015944,0.02943657703190228,0.5134692106830983,0.9991001646801532,0.029990506298651604,0.029990506298488345,4.1526811945826074e-08
770,0.7071065562510217,0.7071065562303952,0.0005823946347029815,0.000545031465691478,0.5002868408900891,1.4621999294706452e-11,0.0005640225213245703,0.0005640225213263164,0.9999996818785438
771,0.7071050783755584,0.7071050782193666,0.001600476381507493,0.0015016548305804116,0.4992162745173149,1.1041679258561234e-10,0.0015518524218064668,0.001551852421753502,0.999997591751161
772,0.0073698488896763665,0.0029088574918715803,0.7049183200128273,0.7092442357789919,0.495777815089528,0.00726802836261221,0.7070845861345558,0.7070845861184908,0.0031546613582040615
773,0.03684052523741303,0.03621449797646904,0.7073370779005936,0.7049862013454226,0.48646090873194014,0.051657713069085065,0.7061626178994378,0.7061626179158822,0.00044138427630299666
774,0.044484921037923765,0.043968519840177744,0.7195838023441752,0.6915829758576716,0.529479839566498,0.06254603144460451,0.7057222757880922,0.7057222757917806,0.0003644972726028332
775,0.7065508577739688,0.7065508067726524,0.0281053507297612,0.027963048620243174,0.48894682072441903,0.9992137695069139,0.028034289966405165,0.028034289965335087,3.603344271092405e-08
776,0.008111617539219053,0.0044660918537898255,0.6980471381344017,0.7159919333531793,0.4962102789812452,0.002577692142403926,0.7070764653464509,0.7070764653399391,0.008893807889090201
777,0.7071066986050425,0.7071066985974681,0.00035521380811967117,0.0003277340666942041,0.500181527753718,0.9999998832067599,0.0003417502508781334,0.0003417502508785218,5.4393201369258e-12
778,0.01525898934862684,0.01367478134111213,0.6792017472931167,0.7336655573715474,0.47884467199474184,0.020459259523231372,0.7069583310268336,0.7069583310146931,0.0011203126482381641
779,0.7067650878770464,0.706765056530204,0.021928845842951607,0.022031594268328607,0.49188249632603664,2.225492754160786e-08,0.021980280093424346,0.02198028009427541,0.9995167505219668
780,0.0074223570459450335,0.0030393719438209376,0.7265017290880513,0.6871178272073443,0.510190271042437,0.007400546860572828,0.707084037013716,0.707084037038354,0.0030920983320136246
781,0.7070901901388422,0.7070901938851567,0.005038868822480836,0.004640902094265964,0.502585929648094,1.0881204092752013e-09,0.00484397415655414,0.0048439741565544335,0.9999765356390754
782,0.7064653856609434,0.7064653320883265,0.030496284260798107,0.029721667355079893,0.5129100100337917,0.9990928881419944,0.03011146678669588,0.030111466786510683,4.1880638022830046e-08
783,0.7048695007790817,0.7048692952733218,0.055847790950529115,0.05656237753421643,0.47995438507683713,0.9968358549398335,0.05620621988053601,0.056206219879280934,1.442838652814089e-07
784,0.7070575030629026,0.7070575038109309,0.008160017817107975,0.008532011860939163,0.502128322984349,3.2003018859600215e-09,0.008348087121289005,0.008348087121376663,0.9999303070128589
785,0.12702438113623166,0.12684958534366506,0.719234027803085,0.6711753888107542,0.5751935785352723,0.00012300589658704582,0.6956198636100925,0.6956198636081294,0.1795160036722404
786,0.5568026743226366,0.5567870281065578,0.4224850245423697,0.4488489626108796,0.5579770745968281,1.1025605296371699e-05,0.43586637126754746,0.43586637126244343,0.7874268300477252
787,0.7071067262007572,0.7071067261957139,0.00026728682627866315,0.0002899796161016909,0.49998603293093213,3.542773823156194e-12,0.0002788641472599774,0.0002788641472645237,0.9999999222347836
788,0.009466928933782348,0.006616041712736281,0.6998150963544111,0.7142306603353612,0.4917426480158534,0.011373758204050502,0.7070596174547293,0.7070596174392878,0.002008077612480589
789,0.7071065791180827,0.7071065790995507,0.0005229467908648059,0.0005459750034564589,0.5001404625274528,1.298533055914906e-11,0.000534584909289918,0.0005345849092843622,0.9999997142189326
790,0.013856022977272066,0.01208930348113929,0.6932904271881793,0.7204236551764643,0.4942176045040635,0.001243912165283799,0.7069872203154178,0.7069872203083056,0.018346479605930863
791,0.058974297355111775,0.0585869303077994,0.7289845564929908,0.6794638476352477,0.48699577226847224,0.0002735783953818377,0.7046593516782967,0.7046593517018706,0.08312834237660265
792,0.00677408607976319,0.00018451077252759138,0.7059136982093628,0.7082654363965153,0.5016859639203006,0.004630256380869674,0.7070905450172772,0.7070905450228675,0.00494803115268736
793,0.01611123654768322,0.014619742938277634,0.7070096423996545,0.7068691935055864,0.5061423210080563,0.021730061300786835,0.7069394214378101,0.7069394214432381,0.0010551125725575237
794,0.7069024596601505,0.7069024409172278,0.01689917189738418,0.017095892514751753,0.49398577375241925,1.3031232227729838e-08,0.01699781679628825,0.016997816796668494,0.9997110324730369
795,0.03121325106963268,0.03047126185408309,0.7070599027142003,0.705807005605061,0.5122305186615688,0.0005254443970662029,0.7064337319168228,0.7064337319221584,0.043617527678417624
796,0.017113213399918142,0.015717156231725326,0.7313902860584621,0.681563172704081,0.5087168607385385,0.023214476341553176,0.7069158750847638,0.7069158751084,0.0009895256798426988
797,0.01272584624907222,0.010775128852091441,0.6800714601368968,0.7329561777778636,0.4824760490425684,0.0013837082536521303,0.7070084686275656,0.7070084686369541,0.016617337813349467
798,0.019677881503399934,0.018476916381553642,0.7323919013793525,0.680348063381576,0.5278832502574279,0.026979581377507614,0.7068491297833127,0.7068491297849196,0.0008471337343672075
799,0.006780339460134328,0.00034467452675178927,0.6775725402117792,0.7354246126879481,0.4793699110788182,0.005016506368589155,0.7070904850800463,0.7070904850905059,0.00457454561436988
800,0.006923921350472603,0.0014445833419374182,0.7325062895378919,0.6807235182359406,0.5214507726107479,0.005923394034440136,0.7070890935711016,0.7070890935694633,0.003865347463306818
801,0.7069967280221326,0.7069967231956308,0.01221945814691652,0.012726046073105887,0.49659539894945787,7.153257635076872e-09,0.01247532376464545,0.01247532376438908,0.9998443541841601
802,0.028258378902239714,0.027436305661035557,0.6977773245457344,0.7152310944745697,0.484637735397341,0.039382081349064534,0.7065581055989152,0.7065581055836574,0.0005818205255769067
803,0.707106767843678,0.7071067678424544,0.0001339733982811066,0.00014068472324020858,0.5000333606776499,8.694415556367367e-13,0.0001373700527781964,0.00013737005277671564,0.999999981129468
804,0.7070843255693797,0.7070843182408302,0.00540317859315515,0.005859739193592529,0.5002993920572816,1.4609913982884717e-09,0.005636083849951532,0.005636083849870408,0.9999682340542927
805,0.027570209558702884,0.026726915005791167,0.7178725971533516,0.6951147314133945,0.49570517382861934,0.038393858877485275,0.7065852940716405,0.7065852940539504,0.0005966815630072782
806,0.006785155385469109,0.0004292105476765994,0.7005130004267905,0.7136072545019082,0.4976360761696831,0.005067822296243149,0.707090438853441,0.7070904388596585,0.0045320781627083764
807,0.6932096333290428,0.6932083511690349,0.13944754069506982,0.13955993990953053,0.5490445368583096,0.980345554672275,0.13950375162295195,0.13950375162187098,9.22500577691501e-07
808,0.03224353125391891,0.031525907123440416,0.687067235625186,0.7251931367592258,0.49365623869684905,0.0005079302274902114,0.7063874545393392,0.7063874545472574,0.045091796754645294
809,0.7063084005827719,0.7063083220360802,0.034348664573837694,0.0328203317007325,0.5155834486666657,5.2737480513954286e-08,0.03359319076048901,0.033593190760651426,0.9988708600560164
810,0.7071067818735409,0.7071067818731208,7.81846519622655e-05,8.273935476216934e-05,0.4999829509651184,0.9999999935206779,8.049422534931151e-05,8.049422534775377e-05,2.9554621640244327e-13
811,0.7063708950535458,0.7063708275364043,0.03352978848015243,0.03092193252737986,0.5169598726691709,4.741821384803265e-08,0.03225222958768336,0.03225222958765731,0.9989592521085183
812,0.007065134743284746,0.002015291440631104,0.7122233292506386,0.701914490335857,0.5007487634010483,0.006425166548889482,0.7070876969826213,0.7070876969995465,0.003562971025421329
813,0.22025427720723703,0.22016025447032955,0.6891710387094957,0.6542635517339659,0.6024946882568681,0.3114201018779248,0.6719440139354751,0.6719440139325237,6.650462894952962e-05
814,0.0500718837804622,0.04961416256831188,0.6847888641254274,0.7253243777077382,0.49610353366273496,0.07048867641377013,0.705347872087201,0.7053478720953007,0.00032429941998359673
815,0.707104029934206,0.707104029681853,0.0019495806480493438,0.0019952929071854783,0.5006327794450501,0.9999961089631848,0.001972569198867628,0.0019725691988855304,1.7693110706537493e-10
816,0.02020097241849495,0.019033090086517077,0.7273423497070244,0.6857133282340131,0.5046866740857797,0.0008258178867305974,0.706834373159855,0.7068343731842829,0.027742671639772273
817,0.007506004111308744,0.003238326569658853,0.7017640721940658,0.7123625201545221,0.49883063522095167,0.007596108562508152,0.7070831539330877,0.7070831539269888,0.003020925586195827
818,0.026725506292125372,0.02585459213471151,0.6773380047860501,0.7347315936118991,0.4804014866589968,0.0006148897757098737,0.7066177493398927,0.7066177493502787,0.03717975970318322
819,0.19230308239396884,0.19219263411498164,0.6720649471058647,0.6887744353308404,0.550488311469689,7.808841038191927e-05,0.6804709824460642,0.6804709824398213,0.2718795284836226
820,0.7071062662738148,0.707106266226594,0.0008877680352637882,0.0008175128758276796,0.5004564109266202,0.99999927177004,0.0008533637520367782,0.0008533637520365409,3.3519132639533586e-11
821,0.01048802188105819,0.008009300962407595,0.7156254904752144,0.6983595133433875,0.5105275359431956,0.013078377197081858,0.7070452080627085,0.707045208067112,0.001761690885152092
822,0.7070698779140561,0.7070698745293039,0.007441233190581871,0.007000594854468124,0.49638463491451984,0.9999478084981657,0.007224274348190778,0.007224274347994793,2.42075390256714e-09
823,0.030012314956221187,0.029239752204269626,0.67760504600549,0.7342313664530457,0.48149933586928423,0.000545826233047669,0.7064857740499255,0.7064857740398507,0.04189754429684401
824,0.5447405499384688,0.544723439127684,0.433092387694173,0.4679370596982009,0.5224674131934579,0.770367374528315,0.4508514767149206,0.4508514767211183,1.2029458870054946e-05
825,0.6918376974598079,0.6918362814510631,0.14897772354599936,0.1432787420677858,0.5623324522504862,1.0065255255277515e-06,0.14615601260587813,0.14615601260511216,0.9784052534392438
826,0.027010438298878628,0.026149036653035543,0.7080539069899484,0.7051569533807929,0.5114049776141832,0.0006098240878164806,0.7066069148092193,0.7066069148039871,0.03758941353042429
827,0.7062203867265403,0.7062203106354468,0.036675282857461876,0.034067129118017285,0.5181254417638286,5.753881248356133e-08,0.03539523738459846,0.035395237384518594,0.9987463914032271
828,0.06120813256689876,0.06083519450936458,0.7234170584469471,0.684996644678862,0.5414818869460145,0.08629766381581536,0.7044688224745939,0.7044688224716495,0.00026371688342258486
829,0.33880240743162576,0.3387502632490294,0.6030495313427009,0.6378028305162952,0.5504575244057075,3.685412454975453e-05,0.6206694723556964,0.6206694723868341,0.4791020880506843
830,0.7067015700554174,0.7067015328795532,0.023074856592277444,0.024766616647124484,0.5034106387432395,0.9994269186354258,0.02393568786232368,0.02393568786262899,2.5952055657987043e-08
831,0.7065813684185435,0.7065813202122979,0.026275665381637062,0.02819924005308708,0.4960804604265623,3.3809166854852625e-08,0.027254428363043825,0.02725442836353579,0.9992569200506818
832,0.6893625754723195,0.6893609215153748,0.16132864567887376,0.15340741433439445,0.4206100881712179,0.9749047303759288,0.15741786221398532,0.15741786221811974,1.1743167840893919e-06
833,0.7071033404878398,0.7071033401722624,0.0021174283800710794,0.0022910009215329416,0.4998318945551052,2.219023604877874e-10,0.002205922501739212,0.0022059225017021433,0.9999951338940768
834,0.7018496678834352,0.7018491786712124,0.08574367804394216,0.08638751739190752,0.529944927253308,3.4403218527438534e-07,0.08606619976948003,0.08606619977017861,0.9925649694172357
835,0.7070961948039893,0.7070961991013707,0.0040238745070435705,0.003708422108160293,0.5020600037287584,0.9999850279076271,0.003869364326392011,0.0038693643263942056,7.003163695887125e-10
836,0.1933649824644565,0.19325523735399494,0.6891262457572113,0.6710941917498112,0.5806724047592711,7.72209881242128e-05,0.6801699775740454,0.6801699775781668,0.27338177928521046
837,0.707106781132481,0.7071067811324759,8.914685121559088e-06,8.570899256131015e-06,0.4999959861822692,3.5048773421489596e-15,8.744481828010283e-06,8.744481827695233e-06,0.999999999923535
838,0.7070849257239216,0.7070849289875959,0.005494692597101866,0.005623772418679046,0.501775442914532,1.4396866671899046e-09,0.005559607133295517,0.0055596071333459205,0.9999690902908185
839,0.7071052523650548,0.7071052522248494,0.0014995167201862995,0.001440764862858867,0.4993218072472161,1.0060175319135864e-10,0.0014704342529203147,0.0014704342528673918,0.9999978378207707
840,0.26168539237303684,0.26160975955612586,0.6335418198393064,0.6794894050964017,0.5203194864849057,0.3700255504952803,0.6569174564336419,0.6569174564253233,5.345193238468546e-05
841,0.007499529192994968,0.003223286999694275,0.6948669066381478,0.7190920313442551,0.49357484180565026,0.007578228996053979,0.70708322264549,0.7070832226385692,0.003033638345170449
842,0.03274974262999415,0.03204350291793353,0.7018343093317504,0.7108651563575459,0.5081708527121662,0.04581573905052241,0.7063641653814187,0.706364165387391,0.0004997767870843204
843,0.7070724717435373,0.7070724685976151,0.006970146024366427,0.006961387660440591,0.49732695672435984,0.9999514768958747,0.006965768218857115,0.0069657682190183345,2.175309445447085e-09
844,0.7071063433647601,0.7071063433246024,0.0008021878363597413,0.0007712963773290382,0.49963820084184235,2.8725002812340447e-11,0.0007868937115179019,0.0007868937115379705,0.9999993807980948
845,0.007047449590249074,0.0019525432807181808,0.6899884125699073,0.7237834700711697,0.4861439582955054,0.0063680436653535824,0.7070878732475622,0.7070878732768965,0.0035954124751312886
846,0.7070982013624669,0.7070982058439296,0.0034137922728383597,0.003551674966219354,0.5009481642450835,0.999987865740005,0.0034834159059755373,0.0034834159059401425,5.53485622918487e-10
847,0.03914514544873814,0.0385567784271788,0.7058948714303673,0.706182315633446,0.4848956672228442,0.0004201437390399917,0.7060386081681685,0.7060386081518961,0.05494352604378401
848,0.008971525792867262,0.005885288423964437,0.6774965901109404,0.7354476497308561,0.4793386577462543,0.010506219091462493,0.707066077213313,0.7070660772238824,0.0021781308065596584
849,0.7070105977323433,0.7070105836411512,0.011591825651373304,0.011733982324125751,0.5040673237108109,0.999863962365321,0.01166312057549404,0.011663120575395735,6.233579048667337e-09
850,0.707106055495963,0.7071060554294148,0.0010478133227982708,0.0009771096326530867,0.5005209804623384,4.6952856359901603e-11,0.0010130784751566264,0.0010130784751594165,0.9999989736714768
851,0.7071041908847067,0.7071041959154534,0.0019834005534283394,0.0018419893653307188,0.5009982672740042,0.999996336591991,0.0019140013815757083,0.0019140013815714947,1.677037789730616e-10
852,0.7071031766975765,0.7071031763670059,0.0023177880852711307,0.0021962090700864976,0.5011000734907587,2.3177978233767779e-10,0.0022578170749418427,0.002257817074932351,0.9999949022490633
853,0.7070899626133363,0.7070899610707712,0.005067488441242449,0.0046789192454358775,0.5025841513532932,0.9999762138549069,0.00487707516896635,0.004877075168960176,1.0906973558172233e-09
854,0.7062737099544846,0.7062736282222388,0.03478897303965534,0.03383405830777683,0.5147931835969222,5.491375828477713e-08,0.03431483751027971,0.034314837510485315,0.9988217978464784
855,0.7070601529093565,0.7070601486318921,0.008236144707550333,0.008003268382211385,0.5035620151403323,0.9999340546333826,0.008120541374877463,0.00812054137482946,3.0276609503436734e-09
856,0.01301761779909784,0.011118255884336325,0.7348228729582994,0.6780429716398815,0.5262993289372312,0.017066559973969157,0.7070031562913339,0.7070031562921216,0.001344067605398713
857,0.009181214533121514,0.006200346925303014,0.7327725776542845,0.6803834289836853,0.5227912471072392,0.0021059880427173063,0.7070633850637061,0.7070633850652681,0.010876755796709239
858,0.707096649828729,0.7070966488993329,0.003733134174531952,0.0038367467412363378,0.5011696134985678,0.9999856714391857,0.003785294989939003,0.003785294989903523,6.561594642786425e-10
859,0.7070628857997884,0.707062881773681,0.007613615428853111,0.008135699261413155,0.49867066140125993,2.838673577932381e-09,0.007878982877660253,0.007878982877514413,0.999937919701832
860,0.00797920422199681,0.004220874228396186,0.6813908411751226,0.7318640844332984,0.482999866256886,0.002651189039067316,0.7070779718347591,0.707077971843824,0.008628712299491748
861,0.027332878994660508,0.026482009860295988,0.6809686335201476,0.7313230045891711,0.47793399277916654,0.03805287345434857,0.7065945148731172,0.7065945148604357,0.0006016163602351337
862,0.007022107688956967,0.001858131945703354,0.6773156799860199,0.7356566502074163,0.4789656734147698,0.006286265340978275,0.7070881265209963,0.7070881265318698,0.0036394393504724323
863,0.011955074493116407,0.009852846249332817,0.6806312254101923,0.7324623762428131,0.47978441086113294,0.0014864208562832006,0.7070219224438355,0.7070219224313146,0.01542053625484408
864,0.4917880405557174,0.49176396633271346,0.5120891437201338,0.5040609422153844,0.32561955833319794,1.7115698010197617e-05,0.5080908996285454,0.5080908996407402,0.6954762937181735
865,0.010694265534315973,0.008277624086679076,0.7233413461943239,0.6903581755219135,0.516459318284716,0.013415141709170398,0.7070421181299653,0.707042118133322,0.0017089027946916436
866,0.016774456630145946,0.01534762269612331,0.6933176814416618,0.7202733235950766,0.4951194837901511,0.022713667907736785,0.7069239945327807,0.7069239945256895,0.0010105482849694892
867,0.08948723509617466,0.0892347488801384,0.7060827322585855,0.6967613433259576,0.5380418849373149,0.00017970677508919705,0.7014375219340464,0.701437521929193,0.12637552515552364
868,0.7070842380712641,0.7070842360036423,0.005874352746744977,0.005408830386917966,0.5030142625599785,1.4671527734706792e-09,0.005646391163726648,0.005646391163728126,0.9999681177585988
869,0.7071040696910146,0.7071040747106523,0.002028888941521052,0.0018849971384960163,0.5010197107843213,0.9999961651903728,0.0019582651185611703,0.0019582651185657157,1.7458307102232284e-10
870,0.7063046217916812,0.7063045481711374,0.03228938297687907,0.03500088878078863,0.5015152508445628,5.182562288586354e-08,0.03367244027766387,0.03367244027717421,0.9988655232470095
871,0.046140251873244935,0.045642739197749034,0.7264103566012419,0.6841898942092398,0.5364675017197225,0.00035187323025623183,0.7056159782485419,0.7056159782459207,0.06490037495754589
872,0.7070783442895028,0.70707833641263,0.00637729918320152,0.006307037194291022,0.5025540146662552,0.9999597748594472,0.00634226548808862,0.0063422654880439374,1.8576726051241827e-09
873,0.7020910692117038,0.7020906128204797,0.08504581464993206,0.08309102677657854,0.5347683173388995,3.270390142972139e-07,0.0840741021961217,0.08407410219665021,0.9929063856575993
874,0.7070819559565013,0.7070819589480447,0.005889991317516819,0.005960397932937311,0.4979233279276696,0.9999648902130301,0.005925299200792184,0.00592529920092466,1.6278214339552065e-09
875,0.6910265970595958,0.6910251049644626,0.1547651346174534,0.14496309727626766,0.5700933302532345,0.9772581304516237,0.14994423374246876,0.14994423374198496,1.053239354208807e-06
876,0.6913197285701186,0.6913182691813146,0.14969917324398796,0.14746609237438996,0.436459902904174,1.0377314835205697e-06,0.14858682793075612,0.14858682793431427,0.9776727004109366
877,0.20267154101312554,0.2025676730876725,0.6953494557232818,0.6590748961298286,0.40953814435761526,7.37176451984767e-05,0.677455011168748,0.6774550111450652,0.28654739622355324
878,0.017217568297698497,0.0158307913442208,0.6942392919447089,0.7193641267865897,0.48601702880177616,0.000980866064909886,0.7069133402922977,0.7069133403070775,0.023368708018050056
879,0.7037206156895215,0.7037203043520361,0.0673057899366132,0.07088694475889147,0.483586409757096,2.198411835651532e-07,0.06911956414948861,0.0691195641481221,0.9952110186808191
880,0.010720717112065426,0.008311790526188486,0.6773866304750417,0.7355020959985681,0.4792443314169455,0.013457565299012032,0.7070417174324494,0.7070417174218155,0.0017069187461560913
881,0.008451074817891664,0.0050564972700050765,0.6911401889782471,0.722653617128502,0.4909512621566925,0.0024128506133286203,0.7070724896289987,0.7070724896215697,0.00954814024493415
882,0.7071065643688595,0.7071065643489771,0.0005335692442584225,0.000573223269832681,0.5000749703950792,0.9999996933594263,0.000553751323017961,0.0005537513230250857,1.3957272530428043e-11
883,0.021414641770946166,0.02031676119219298,0.7336171956070422,0.6789215364400648,0.5079665665646982,0.0007753816947267015,0.706798642577952,0.7067986426008785,0.029508582662439657
884,0.7071063491258962,0.7071063438174332,0.0007545599160072359,0.0008170978512996364,0.5000559506377996,0.999999381495027,0.0007864507503416647,0.000786450750352724,2.8128204176890443e-11
885,0.0520532521141979,0.051613289643120314,0.7327952581710945,0.6764891993805345,0.492206178339936,0.07330331519115803,0.7052044126518189,0.7052044126726386,0.00031097497426727324
886,0.36157571778790615,0.3615288838977951,0.6283663106407753,0.5862726721120249,0.3212428747907413,3.316211336885538e-05,0.6076840735073146,0.6076840735277091,0.5113121673562045
887,0.7070737544795129,0.7070737514507769,0.006566473706964903,0.007092048972329683,0.4993273943166056,0.9999532910413516,0.006834315458353436,0.006834315458470967,2.152175450361906e-09
888,0.7030605826362428,0.7030602052269859,0.07741309855426905,0.07361646928201683,0.5350101952196996,2.6416610850470207e-07,0.07553864036827146,0.0755386403679339,0.9942775405401696
889,0.7071057051973939,0.7071057050986976,0.0012673833272331364,0.0011988468092951822,0.4993942347531996,0.9999984782517574,0.0012335911337253789,0.001233591133682433,6.946941317386986e-11
890,0.7071020649847626,0.7071020592833948,0.0025082242495856892,0.0026577646839260555,0.5005355905063761,3.009376927139453e-10,0.00258407643090213,0.0025840764308724252,0.9999933225267069
891,0.009057536783584568,0.006015558314924783,0.7213540753415223,0.6924810987122729,0.5142080818328232,0.002157480559522573,0.7070649807799636,0.7070649807763141,0.010656978561559106
892,0.006773481908380719,0.0001632280685196041,0.7115468181718709,0.7026060196503593,0.5058940694803519,0.004720205827242185,0.7070905505330874,0.707090550528184,0.004860695167769986
893,0.02100031345525247,0.019879534806428782,0.7325655908242946,0.6800819407034081,0.5287341144651198,0.02890648329340973,0.7068110748045824,0.7068110748030574,0.000790122108724952
894,0.0285788137658917,0.027766246126937136,0.7250838270578224,0.6875068950431393,0.49944350888121997,0.039841986935879384,0.7065452168895995,0.7065452168708706,0.0005736587127589289
895,0.7070986911439847,0.7070986904020866,0.0035139588697635843,0.003245782983897779,0.5017923617842093,0.9999885584274866,0.0033825296834120596,0.0033825296832085384,5.226257031434704e-10
896,0.7070327466242493,0.7070327345650887,0.010627939139230047,0.00982149753536737,0.49455159935423776,4.745618406047093e-09,0.01023266593294561,0.010232665932646275,0.9998952870655092
897,0.007806750004798607,0.0038847608896462093,0.691838889575866,0.7219992480312097,0.48713351401591515,0.0027895858247963742,0.707079897652421,0.7070798976233463,0.008261653813446979
898,0.7071065008203447,0.7071065007946287,0.0006032747346222725,0.0006550505164923078,0.5000087084319879,1.8351657161252434e-11,0.0006296949994252807,0.000629694999415756,0.9999996034841298
899,0.7070606210513762,0.7070606168170532,0.008050517656250145,0.008109646748720088,0.4970837872471972,0.999934709266101,0.008080136289864714,0.008080136289681811,3.0401978728056975e-09
900,0.006774084634484264,0.00018492455778710954,0.7119797872198008,0.7021672593987176,0.5062158806743912,0.004941734861880746,0.7070905449756517,0.7070905449707945,0.004636989917337952
901,0.7042141468380174,0.7042138809786754,0.06213457119174143,0.0656089955186898,0.48563362270455085,0.9959090092823791,0.06389540370790982,0.06389540370915792,1.8760873934243515e-07
902,0.7058741922622827,0.7058740791154849,0.04221465212494609,0.04124720932261039,0.4817589443912636,7.975082462853725e-08,0.041733734141605416,0.04173373414315154,0.998256776019606
903,0.14012044655648662,0.1399631421822868,0.6666663098229575,0.7185628786921141,0.46516264855582307,0.00011213294252636628,0.6931004902985128,0.693100490286379,0.19804900438762996
904,0.706620986697411,0.7066209421188518,0.025664919634862667,0.026738309931396906,0.49291171062323974,0.9993129513231358,0.026207110846863255,0.02620711084632605,3.174638213007035e-08
905,0.13024583059985378,0.1300756415825006,0.7230791963312752,0.6657873736495552,0.44875319365392713,0.18407507839187218,0.6950238668739599,0.6950238668951042,0.00012015311521711719
906,0.1241425231353837,0.12396338528034745,0.6833878131925967,0.7086626913211159,0.525176519744845,0.17543736971564047,0.6961399691514139,0.6961399691445074,0.00012655673573138911
907,0.6546257443331256,0.6546207381308079,0.2769696087920836,0.2573415506017063,0.3519883814977109,3.5390541670320924e-06,0.2673357793717441,0.26733577936414094,0.9257770585443046
908,0.04365593140313542,0.04312953449255218,0.689779316363594,0.7214142344403525,0.4771598977381828,0.00037267542026477637,0.7057740441940424,0.7057740442083239,0.06136658844068104
909,0.6656575869516056,0.6656536666909211,0.2445368566334973,0.2323938439427806,0.5997311255386775,2.7630424009409292e-06,0.23854263031394096,0.23854263031500184,0.9413792153206211
910,0.7052538978609616,0.7052537276711267,0.04903644276581143,0.05319348116806226,0.5024877958638246,0.9973795069290753,0.05115720456507642,0.05115720456581478,1.2104993481666913e-07
911,0.7071066734805562,0.7071066734701937,0.0004017915647963796,0.0003976403863467992,0.5001613820887042,7.273150301319122e-12,0.0003997213644486046,0.0003997213644514151,0.9999998402228186
912,0.6979644763538128,0.6979636324152699,0.11260533984579534,0.11407188528311459,0.459388829385167,0.9870702317595353,0.11334098458722591,0.11334098458470063,5.897214007730779e-07
913,0.02242228955955664,0.021376319761653807,0.6776507157399552,0.7347311081943648,0.4782142941397313,0.0007394573323832443,0.7067673923841865,0.7067673923957236,0.03097029724526437
914,0.006971593726010023,0.0016581706880450587,0.6774904317916112,0.735496677206429,0.4789354010302019,0.006105121257243408,0.7070886250340587,0.7070886250664246,0.0037523517353239733
915,0.012147352981530572,0.010085372309138581,0.6869000384029613,0.7265803908203063,0.48310102688023343,0.01572072429100219,0.7070186443936518,0.7070186444234283,0.0014600497175494232
916,0.061648827931674824,0.06127862016033866,0.6860633389623787,0.7223305667474551,0.47225856370305086,0.0002628919278945302,0.7044303914317986,0.7044303914178822,0.08692282877322025
917,0.7062578674488681,0.7062577895390825,0.03492558918489335,0.03435058372190006,0.48544400055616127,0.9987993995883513,0.0346392795962146,0.03463927959704815,5.58362837631749e-08
918,0.008171240149199949,0.004573528905593083,0.6988354912467795,0.7152211335255921,0.49683102534726575,0.00901153176269147,0.7070757787036246,0.7070757787100502,0.002545314816716288
919,0.7071067601662517,0.7071067601643234,0.00017335907878528563,0.00017147516035924954,0.5000694516121856,1.375220145141121e-12,0.00017241969263557822,0.00017241969263679245,0.9999999702714493
920,0.7071033858258193,0.7071033855143922,0.002262821098584819,0.002117448564603456,0.501115674115053,0.999995198014597,0.00219134065675698,0.0021913406567637393,2.184102413070087e-10
921,0.0820973069136224,0.0818213139917665,0.6736155847465888,0.7299365375625763,0.4848495633910589,0.00019696535086829753,0.702340837794667,0.7023408378047062,0.1159079648787341
922,0.04022242392185606,0.039650155867248876,0.7336023020887382,0.6772279410388019,0.49854130449174744,0.05647844104024912,0.7059780526981784,0.7059780526773052,0.0004049001231592969
923,0.7071059387589121,0.7071059439500031,0.0010831089632769681,0.001099876355170738,0.500372469681429,0.9999988085727783,0.0010915248561107294,0.0010915248561013298,5.47420307866583e-11
924,0.6926722155812549,0.6926708778981678,0.14523382680808028,0.13899421651356128,0.5619088015987652,0.97958549566924,0.1421482618144481,0.1421482618137462,9.553540896667498e-07
925,0.7071035602921444,0.7071035652650182,0.002073840028581762,0.0021930913725121937,0.4995442137952455,2.12023589902068e-10,0.0021342987410332315,0.002134298741123038,0.9999954447585149
926,0.006798720630685383,0.0006061960228794387,0.7273026210559297,0.6862829644755488,0.5175617637496726,0.005266615123957173,0.7070903089140488,0.7070903089167665,0.004341985831636244
927,0.70708082374088,0.707080821359282,0.005954861826020792,0.00616240902969217,0.5017519629517487,0.9999632814936679,0.00605952409086356,0.006059524090922938,1.7093724977622912e-09
928,0.7070612346146072,0.7070612251683295,0.008110101159766254,0.007941541286609169,0.503392628510524,0.9999355770154253,0.008026263726958747,0.0080262637269072,2.9406615899345616e-09
929,0.0590709482263591,0.05868422803848276,0.6861206688279462,0.7227068647604886,0.47281000599464706,0.00027306945189149257,0.7046512558018895,0.704651255772431,0.0832654842551236
930,0.152305641780269,0.1521620109899813,0.6718472388784739,0.7087108024467822,0.4513154730468837,0.00010152727607691216,0.6905250588907351,0.6905250588771839,0.21529114194231735
931,0.7070804712916136,0.707080468878599,0.00623795508784176,0.005958654610767987,0.4971111114462425,0.999962790483501,0.006099903624062818,0.006099903624279881,1.6885401969779232e-09
932,0.7069186488025112,0.7069186315438688,0.016849742523086762,0.01575304822199104,0.5082480609571792,0.9997339284272714,0.016310615429484532,0.01631061542953406,1.230155075192846e-08
933,0.3200755378187767,0.3200185740266961,0.6456354263929802,0.6150566303636543,0.6292802701358835,0.4526148870876227,0.6305314275956433,0.63053142759274,4.023329175477371e-05
934,0.6522157816182436,0.6522105357462528,0.28192419680246367,0.2641112237807713,0.35318623359834783,0.9223686945664429,0.2731629470340178,0.27316294704330113,3.7559195604698027e-06
935,0.030705102986834334,0.029950472235971616,0.7073141856830849,0.7055967747905917,0.48873019937688006,0.04288994764428177,0.706456002128433,0.7064560021120371,0.0005352827856177618
936,0.0072273587647140244,0.0025260763655977968,0.7258958075212022,0.6877620670309819,0.5167271049819956,0.003324616785186755,0.7070860570748766,0.7070860570778438,0.006896571586404657
937,0.007047635202616741,0.001953279865450836,0.708088030771931,0.7060862951603947,0.5034187039247959,0.006371402917555576,0.7070878713173753,0.7070878713226996,0.003590221308513261
938,0.1411829444903896,0.14102693038523842,0.6769169086313329,0.7084929639030474,0.523334050765475,0.19955251599169022,0.6928848320973949,0.6928848320900743,0.00011077114037480516
939,0.7071051061284415,0.7071051059747793,0.001487329389086897,0.001589290019746609,0.49973692440464335,1.0944577157554112e-10,0.0015391542285611804,0.0015391542285326765,0.9999976310014533
940,0.707106743087338,0.7071067430838431,0.00023778623651576946,0.00022632605505045042,0.500111334485653,0.9999999461171101,0.0002321268806833071,0.00023212688068224822,2.4461902222489894e-12
941,0.0069612332485277035,0.0016139457783245878,0.7049326578521994,0.7092382422741413,0.5010229871001769,0.006067582560224637,0.7070887272537824,0.7070887272480776,0.00377465643345685
942,0.7071054366844173,0.7071054365610919,0.001429620697111927,0.0013263414914761395,0.4992771542894988,8.618165350260674e-11,0.0013789483474276657,0.001378948347382328,0.9999980984996487
943,0.7070039156655943,0.7070039062297181,0.01244904707398601,0.011660233119187024,0.5060773932212491,0.9998545195129955,0.0120610905278745,0.012061090527913376,6.695118346217557e-09
944,0.010009711821917499,0.007371922462025818,0.7136647313457092,0.7003771210296065,0.5088250114177406,0.01228924719976319,0.7070521410836388,0.7070521410882694,0.001874559896900705
945,0.7071066524958444,0.7071066524840388,0.0004436902131580984,0.00040883729184229437,0.5002278993551011,0.9999998179955147,0.00042661981696408405,0.0004266198169644159,8.32698117094247e-12
946,0.06567788940302072,0.0653308668020053,0.7063184863962825,0.7018065891307691,0.47527889778712196,0.09263717953355068,0.704066152009253,0.7040661519824565,0.0002453478325049858
947,0.4097504691435895,0.4097132926994231,0.5599342718096884,0.592210420437602,0.5585517224467946,2.620284987294019e-05,0.576298347565909,0.5762983475724447,0.5794483829396762
948,0.021155874342001283,0.020043801692166453,0.6949358683514585,0.7184809071041132,0.49786707205468705,0.0007853039404878542,0.7068064356683023,0.7068064356614302,0.029132598634013025
949,0.007968143631454426,0.004199830551884269,0.685450266215815,0.7280637352973145,0.486334323235543,0.0026657702155227355,0.7070780968613348,0.7070780968530723,0.008603694482840506
950,0.008670857338336693,0.005415940618443247,0.722940846929127,0.6908342895825723,0.5152192377095207,0.009960886818960202,0.7070698281734553,0.7070698281700483,0.0023015021435182866
951,0.7071010147735525,0.7071010142447098,0.0029535170434994364,0.0027545049261006515,0.49852848791403337,3.742561900200311e-10,0.002855745114205034,0.002855745114124944,0.9999918446865881
952,0.707098070517112,0.7070980697180644,0.0036469802118712243,0.003367195761900431,0.49813022280575936,5.631826141184505e-10,0.0035098769184595453,0.003509876918355606,0.9999876806881353
953,0.2643326460973768,0.26425801458768894,0.6457264128856789,0.6658328270933707,0.5630515329638087,0.3737700406964148,0.6558566741008097,0.6558566741070653,5.238767767514732e-05
954,0.0069208018508347775,0.0014293961236535183,0.6809956216603775,0.7322533868872511,0.48249890973567966,0.00388457636859846,0.7070891242769252,0.7070891242677586,0.005903451361141228
955,0.7046492448295546,0.7046490243189596,0.05646191050610508,0.06124748463541226,0.5032256495331854,1.6166847602198974e-07,0.05890331787032034,0.0589033178694756,0.9965243591040882
956,0.01486480721429679,0.013233572676026543,0.6792949696009916,0.7335954296058409,0.4789202427344133,0.001148000786138133,0.7069667283829444,0.7069667283707961,0.019868870888999492
957,0.5902229520815357,0.5902111641612872,0.37375413772055077,0.4044694046418171,0.46789469653754273,0.8346929646127789,0.3894147241370325,0.38941472414357603,8.449022092358364e-06
958,0.707095165123102,0.7070951587888229,0.0041752661789052235,0.003929183087685568,0.5020145916066305,0.9999835642012321,0.00405409221658465,0.004054092216599407,7.576718497143489e-10
959,0.707106544746126,0.7071065394556005,0.0006030115166834525,0.0005657419970581517,0.4997045700871773,0.9999996581564926,0.0005846737964484844,0.0005846737964324551,1.5630530852153387e-11
960,0.05176139972588359,0.05131890824574324,0.7200179531002179,0.690116855589144,0.5334884021139612,0.00031381248666995494,0.7052258954228257,0.7052258954263868,0.072888780802267
961,0.7071017614319507,0.7071017609710468,0.0026290090514429396,0.0027021887317237904,0.4991757567318367,0.9999928932184807,0.0026658500084395568,0.002665850008332568,3.252327542037234e-10
962,0.6973418967064409,0.697341000000118,0.11340392352888892,0.12070362998949079,0.5208503728036618,0.9861897301408133,0.11711066596185901,0.1171106659632498,6.401830307325261e-07
963,0.7070669608621838,0.7070669572101792,0.00780102144231094,0.007195480741976997,0.5039789310015734,0.9999436829748697,0.007504361353621115,0.007504361353628622,2.6103242071480935e-09
964,0.7069801596501643,0.7069801480358924,0.01368333755626347,0.01307250616746143,0.5062792874482153,0.9998209218934281,0.013381407702082333,0.013381407702017721,8.359756021625183e-09
965,0.7071065340136852,0.7071065339910166,0.0006147567497318288,0.0005667596518339027,0.5003157117462962,0.999999650428757,0.0005912454499986535,0.000591245449998238,1.596037297400494e-11
966,0.032792972894950825,0.03208767769748503,0.7178252829615037,0.694709914287915,0.493499570997372,0.04587755875323924,0.7063621598881464,0.7063621599058363,0.0004977289922645476
967,0.03721547858369496,0.03659592674236401,0.6813323479470593,0.730110935365722,0.4882769588472602,0.0004381389605964968,0.7061429551751908,0.7061429551840839,0.05219254481817436
968,0.006908148874793579,0.0013670005988285347,0.7184919921503212,0.6954995801611683,0.5111074148433168,0.00390960512055575,0.707089247808462,0.7070892478479379,0.0058571494188584304
969,0.009068639161475668,0.006032330865211913,0.6810842533705901,0.7321240404321501,0.48038774417669133,0.010677353525679417,0.7070648381691207,0.7070648381817232,0.002150198501557424
970,0.03690222167834935,0.036277286129884435,0.7317988773943592,0.6795532264588294,0.5363675859474317,0.00044153213861330845,0.7061593957967345,0.7061593957983147,0.05174572932250655
971,0.007332857616874584,0.0028137629177783586,0.6817094412866508,0.7315808565005412,0.4831595295163561,0.0071844446097753,0.7070849708309942,0.7070849708220048,0.0031736128049733594
972,0.7070918222764877,0.7070918209044594,0.004663249177588012,0.0045349516908695636,0.49798083524131015,0.9999788439363447,0.004599547789171642,0.004599547789285623,9.645106510671712e-10
973,0.7071063246599545,0.7071063298864375,0.0008357367114765535,0.0007699708737606676,0.500429626903266,0.9999993543442921,0.0008035269122282155,0.0008035269122278356,2.956568714582242e-11
974,0.009171002781939214,0.006185186780293033,0.6803122147484376,0.7328389500006453,0.4799636476418208,0.0021151712793863343,0.7070635177112488,0.7070635177236678,0.010857710462267325
975,0.7070970961170463,0.7070970952286736,0.003546220773007744,0.003849532470342895,0.5001393634218059,0.9999863026151847,0.0037009851399011123,0.0037009851398468315,6.261976742679056e-10
976,0.6682417227020182,0.6682380596727916,0.23754032692889515,0.2246897767334486,0.3796177806001151,0.9450339133106472,0.23120434975241017,0.2312043497462334,2.598247884883134e-06
977,0.7071058344205644,0.7071058343332356,0.0012063463733368155,0.0011124791526184329,0.49938183147655746,0.999998653558375,0.0011603623221980155,0.0011603623221635316,6.233458527738964e-11
978,0.7070629212423236,0.7070629172193272,0.007702338336207505,0.008045525571428123,0.5020429350472249,2.8629771854018883e-09,0.007875801469285683,0.007875801469203825,0.9999379698273458
979,0.7071024426348862,0.7071024422369306,0.002567579282517504,0.0023831363730293883,0.4987052037786789,2.8385781485347517e-10,0.002477075124503877,0.002477075124422527,0.9999938640800027
980,0.7069637155326013,0.7069637024082619,0.013625964620195523,0.014797347252480674,0.5001289269540022,0.9997976653315703,0.01422371958271016,0.014223719582927145,9.220074667567264e-09
981,0.7070904220749602,0.7070904153058599,0.004954940517280869,0.004662146213901764,0.4975898484393677,1.0594209219874778e-09,0.0048107713959579385,0.004810771396088479,0.999976856210758
982,0.007634209157368772,0.0035255730871131836,0.677484663565924,0.7354888305195505,0.47926534467491105,0.0029041590270194695,0.7070817807018565,0.707081780691273,0.007891557153240233
983,0.7071029485069487,0.707102948155431,0.002310265875673521,0.0023459740541179343,0.49920670714525794,0.9999945795239708,0.0023281884244124454,0.0023281884243608756,2.510339864841792e-10
984,0.006882255150369752,0.001229362273263963,0.7244984490621037,0.6892409742166046,0.5155360328998585,0.004001257510008036,0.7070895004269063,0.7070895004300914,0.005732949144403779
985,0.006998168394757864,0.001766492331312247,0.6827725142022061,0.7305953729623319,0.4816526768178923,0.006198811685424049,0.7070883626184221,0.7070883626489477,0.003697240826159843
986,0.7071066078156469,0.7071066077992684,0.0005223575791056864,0.0004821138633734984,0.49973292497979427,0.9999997473543594,0.0005026386463907858,0.0005026386464056585,1.1696423493568649e-11
987,0.025559473659919302,0.024647278190218638,0.714513019995563,0.6987205229853066,0.4946487100763284,0.0006456717510470196,0.7066608893268466,0.7066608893095974,0.035501522839845
988,0.7069284377821506,0.7069284214203726,0.01596421251155694,0.01579666932847308,0.5063411201639669,1.1615141803831146e-08,0.01588066187208272,0.015880661871970316,0.9997477727692182
989,0.022420771847690847,0.021374721117483574,0.7292666480358618,0.6835280435720543,0.526777210562664,0.0007381266713948815,0.7067674406373577,0.7067674406350517,0.03096812687447177
990,0.1303159276011307,0.13014584436620358,0.704318539211843,0.6855765555575468,0.4480265130493078,0.00012020680606081537,0.6950107258997945,0.6950107258826266,0.18417428523726925
991,0.02715350522383886,0.026296805837540682,0.7348160696535564,0.6772123071354441,0.5336641884620046,0.0006074968421610381,0.7066014312034173,0.7066014312029759,0.03779504981852944
992,0.6814993199956617,0.6814969267147725,0.1837515703143761,0.19327694153931751,0.454234028531366,1.688362447735777e-06,0.18857440935444827,0.1885744093465836,0.9637838887807677
993,0.010138233136580787,0.007545399779354569,0.7269914381528821,0.686530212025903,0.5189454871775708,0.012503044007356792,0.7070503105069181,0.7070503105041384,0.0018413904077213003
994,0.7056149114699428,0.705614779753559,0.04623456301667092,0.04558236415664074,0.5184337358778717,9.713936232373038e-08,0.04590962175557522,0.04590962175526104,0.9978900807506457
995,0.010935117481236297,0.00858657158656488,0.7084978467100032,0.7055760024286164,0.49679470832550404,0.0016599339581960056,0.7070384338819817,0.7070384338984501,0.01380400751208704
996,0.015009748107766915,0.01339610208085927,0.6998422348276115,0.7140140742746186,0.49994437030718225,0.02008553804340104,0.7069636666413166,0.7069636666475954,0.0011485864035867275
997,0.007047230565800977,0.0019518017241996,0.6779742261887937,0.7350493015001756,0.47980715431577714,0.003601706923480104,0.707087875382761,0.7070878753725616,0.006364015637559196
998,0.7071029400356701,0.7071029396833929,0.002410127493914146,0.0022485927775887705,0.4988024769763108,2.521562195429489e-10,0.0023307599636867155,0.0023307599636213866,0.9999945675432367
999,0.007013405343541346,0.0018260117755151874,0.6901181678758012,0.7236604122066114,0.48623681690043835,0.003662579535971572,0.7070882115433756,0.7070882115575723,0.0062536136627832145
1000,0.011030344902653333,0.00870751741967999,0.6884287204673948,0.7251678477892965,0.4842336465181368,0.0016374166460350066,0.7070369547101111,0.7070369546961371,0.013957372066861599
