traj,F_phi_plus,F_phi_minus,F_psi_plus,F_psi_minus,F_plusplus,F_ee,F_eg,F_ge,F_gg
1,0.042420898326242275,0.041878875242706205,0.7058655394875071,0.7058331725083026,0.5034957312684769,0.05960895447646163,0.7058493561834299,0.7058493561834299,0.0003811785769279671
2,0.008040789727349841,0.004336078561467756,0.7070934863387641,0.7070610622149687,0.5006852443379798,0.00875445913714619,0.7070772744627238,0.7070772744627238,0.002610617158204674
3,0.707103870232282,0.7071038699652744,0.002029058927852935,0.0020289658766126308,0.500167080483315,1.8763529428885043e-10,0.002029012402766204,0.002029012402766204,0.9999958831001956
4,0.16790658292608476,0.16777767138188776,0.6869138614016205,0.686882362133502,0.5132730176074851,9.134651830910587e-05,0.6868981119481201,0.6868981119481201,0.23736461248479418
5,0.008141327904472917,0.004519829391240844,0.7070923356554276,0.7070599117330536,0.5006921802315085,0.008953170458242931,0.707076123880096,0.707076123880096,0.0025594562210861154
6,0.7071066042745444,0.7071066095266715,0.0005002142288368863,0.0005001912869648268,0.5000411622454115,1.148590503004972e-11,0.0005002027580323857,0.0005002027580323857,0.9999997497971705
7,0.022103218278318692,0.021041358068844784,0.7067936482811797,0.7067612381432236,0.5018408332057797,0.030507811062244865,0.7067774433979777,0.7067774433979777,0.0007513134037878526
8,0.6997606301893318,0.6997599581690519,0.10166616111772729,0.10166149928576228,0.5082174772399892,4.753083783833754e-07,0.10166383022846605,0.10166383022846605,0.9896104947131116
9,0.04005992778757433,0.03948527935280926,0.7060034792509325,0.7059711057724994,0.5033010709857036,0.056246952124113264,0.7059872926972793,0.7059872926972793,0.00040678822840288406
10,0.006770751411913655,0.0,0.7071067891911728,0.7070743644945113,0.5005797756905443,0.004806101804031702,0.7070905770287026,0.7070905770287026,0.004767928258748698
11,0.7071055049628835,0.7071055048458323,0.0013435091071633159,0.001343447500236372,0.5001105354398592,8.342531326116702e-11,0.0013434783040529774,0.0013434783040529774,0.9999981950644182
12,0.7063615515561434,0.706361483187663,0.03245697257792766,0.032455484639689336,0.5026613639879247,4.815363684900135e-08,0.03245622861733522,0.03245622861733522,0.9989460378057843
13,0.6984945891534093,0.6984937944318653,0.11002917404113656,0.11002412882367912,0.5088682680630934,0.9878199592719843,0.11002665146132612,0.11002665146132612,5.574158629129046e-07
14,0.7071066561776739,0.7071066561662079,0.0004204823948041769,0.00042046311258511825,0.5000346408842108,0.9999998232026481,0.00042047275380517916,0.00042047275380517916,8.054490461005253e-12
15,0.1320850888113516,0.13191743537336056,0.6946925868645067,0.6946607296469856,0.5105917732243702,0.00011883791262816019,0.694676658438364,0.694676658438364,0.18667797491760493
16,0.7071067448688049,0.7071067448649909,0.00024252219835290765,0.00024251107831267614,0.5000199348140318,0.9999999411856785,0.00024251663839652742,0.00024251663839652742,2.7415427328315247e-12
17,0.007949090786418875,0.004163553281202521,0.7070945232598516,0.7070620990801808,0.5006772738161579,0.008564991348734485,0.707078311355874,0.707078311355874,0.0026765917604754715
18,0.7071022926004273,0.7071022869198119,0.0025210777002686075,0.00252096206868887,0.5002070225437744,0.9999936444385411,0.0025210198851416984,0.0025210198851416984,2.952790935478207e-10
19,0.7057059781338646,0.7057058495456905,0.04448889021784564,0.04448685043860598,0.5036374356182451,9.149780381639156e-08,0.044487870339916365,0.044487870339916365,0.9980188669485318
20,0.014769856357318248,0.013126700415445378,0.7069849289314429,0.7069525099655686,0.5012358661674674,0.019725912485869673,0.7069687196343326,0.7069687196343326,0.0011607298452285292
21,0.7070067750826478,0.7070067659129674,0.011892558735898895,0.011892013590415185,0.5009764475539823,0.9998585635276018,0.011892286166280743,0.011892286166280743,6.511729421807304e-09
22,0.09996208781608806,0.09973704050094075,0.7000375152462264,0.7000054149786598,0.5081014350526839,0.14120860761717594,0.7000214652964424,0.7000214652964424,0.00015932123538884674
23,0.7071035322381893,0.7071035372085791,0.0021436225558864176,0.0021435242653351297,0.5001763647821592,2.1080987067076687e-10,0.002143573411174146,0.002143573411174146,0.9999954050824746
24,0.7070968094850353,0.7070968085702152,0.003755437366842143,0.003755265114968621,0.5003086212628299,6.54987673714052e-10,0.003755351241892997,0.003755351241892997,0.9999858972376061
25,0.027235838701803287,0.026381823797508714,0.7066144630457283,0.7065820611154873,0.5022550739595527,0.03791341789560468,0.7065982622663367,0.7065982622663367,0.0006035460725513127
26,0.7069263926378179,0.7069263708213149,0.015972045498438503,0.015971313056889504,0.5013123537560294,1.1641831999242692e-08,0.015971679281862616,0.015971679281862616,0.9997448729160024
27,0.7048434718332378,0.7048432638907554,0.056532940378380026,0.05653034772638631,0.504609010598581,1.49150018780015e-07,0.056531644067246194,0.056531644067246194,0.996799050179164
28,0.009093234224123262,0.006069272264574763,0.7070807336748604,0.707048310295234,0.5007699283076182,0.0021401172885328217,0.7070645221708994,0.7070645221708994,0.01072114137895896
29,0.7066684967366673,0.7066684617996624,0.024893624558563365,0.024892483201567745,0.5020465001991157,0.9993801437573191,0.024893053886607022,0.024893053886607022,2.7829294328926016e-08
30,0.706788974998661,0.7067889405736142,0.02119890286850498,0.02119793073803091,0.5017435107048446,2.033324803415707e-08,0.021198416808840524,0.021198416808840524,0.9995505261114107
31,0.012335138503431207,0.010310722639590323,0.7070316039614802,0.7069991827159136,0.5010374221726643,0.01601327223769276,0.7070153935245377,0.7070153935245377,0.0014288984993393366
32,0.7068859168138212,0.7068858965510121,0.017672839536216605,0.017672029036997088,0.5014561105533829,0.9996876362806758,0.017672434291253272,0.017672434291253272,1.3960945993106787e-08
33,0.7070779718130328,0.7070779639023504,0.0063838047986183154,0.00638351212463425,0.5005251463116029,0.9999592480742648,0.006383658463303576,0.006383658463303576,1.8616934509250934e-09
34,0.7036294256167351,0.7036291059016494,0.07004342458821439,0.07004021277996596,0.5057065031696084,0.9950820505192729,0.0700418187025001,0.0700418187025001,2.2551069000198936e-07
35,0.05300556531925921,0.05257365990219087,0.7051496368384923,0.7051173023650439,0.5043592296310192,0.0746557770755796,0.7051334697871088,0.7051334697871088,0.00030744306551821966
36,0.7071055400282092,0.7071055399143779,0.001324923543807052,0.00132486279108448,0.5001088163195998,8.17102232968487e-11,0.001324893167793992,0.001324893167793992,0.9999982446565542
37,0.7071059567689142,0.7071059566933038,0.0010798188956344169,0.0010797693819404289,0.5000888842363552,5.3005486606691896e-11,0.0010797941390712279,0.0010797941390712279,0.9999988340439375
38,0.13873392854303193,0.13857492456708295,0.6933952626613634,0.6933634667842046,0.5111017539115503,0.19608697074403234,0.6933793649050397,0.6933793649050397,0.00011203653354537212
39,0.008952118413307748,0.005855723947121529,0.7070825344307823,0.7070501110783572,0.5007597918434779,0.002197141975246915,0.7070663229404213,0.7070663229404213,0.01046912098370175
40,0.06182821935542375,0.06145909436467431,0.7044308197240625,0.7043985173829798,0.5050671667863755,0.0002600008973458373,0.7044146687386823,0.7044146687386823,0.08717729825524234
41,0.23752938974688237,0.23744373541114583,0.6660484016935605,0.6660178593750108,0.5181004492647999,0.3358567163677105,0.6660331307093584,0.6660331307093584,6.054483510582093e-05
42,0.012231015209041176,0.010185944760704559,0.7070334125975438,0.7070009917035482,0.5010289113544987,0.0014453041110130454,0.7070172023363823,0.7070172023363823,0.0158512553727096
43,0.019345018649595275,0.018121927259023927,0.7068745261730763,0.7068421112620833,0.5016137358175008,0.02649321585834827,0.7068583189033892,0.7068583189033892,0.0008622688777332905
44,0.7071029819899433,0.7071029763726601,0.002319656208494707,0.0023195498422693326,0.5001906181419647,0.999994619427327,0.0023196030259917027,0.0023196030259917027,2.472090623281136e-10
45,0.09394040302946662,0.09370032295690899,0.7008710649272817,0.7008389263437511,0.5076333171832881,0.00016965130043186915,0.7008549958197359,0.7008549958197359,0.1326820292559376
46,0.7071026611107478,0.7071026554640156,0.002415499065903674,0.002415388299181636,0.5001988051667855,0.9999941656147933,0.0024154436831775945,0.0024154436831775945,2.6849730856460027e-10
47,0.7070961755997123,0.7070961746270193,0.0038729611194931114,0.003872783528456701,0.5003190961609737,0.9999850007474631,0.0038728723249928394,0.0038728723249928394,6.823006698163232e-10
48,0.7070875133872683,0.707087511619835,0.005220240537513605,0.005220001131186484,0.5004291354054144,0.9999727499671783,0.0052201208357225085,0.0052201208357225085,1.2590666110705622e-09
49,0.008278992756090389,0.004763329982460404,0.7070907372377816,0.7070583132096927,0.5007032269717733,0.009224894461461618,0.7070745254095943,0.7070745254095943,0.002476359374585635
50,0.7020048076050824,0.702004337928146,0.08479333423132171,0.08478944568370742,0.5068702315736003,3.340591273886325e-07,0.08479138997980577,0.08479138997980577,0.9927843876544757
51,0.0069290662242546715,0.0014688149767824374,0.7071052556604298,0.7070728307899088,0.5005925994294544,0.0038709025009564363,0.7070890434110322,0.7070890434110322,0.005931735830384591
52,0.7069604651985976,0.706960446510403,0.01438495984734924,0.014384300303442716,0.5011837768405322,0.99979306100561,0.014384630079176043,0.014384630079176043,9.346853868350636e-09
53,0.7070974143160137,0.707097413456934,0.0036397640739263847,0.0036395971765903977,0.5003000393530198,0.9999867526371932,0.0036396806262150258,0.0036396806262150258,6.012685158207072e-10
54,0.7068461003147402,0.7068460816707679,0.01919959047780064,0.019198710108853684,0.5015753013775599,0.9996313246670695,0.019199150298373283,0.019199150298373283,1.6902577214477686e-08
55,0.014108942159578333,0.012378263665834168,0.706998428988,0.7069660089078801,0.5011804984002927,0.018729171501524918,0.7069822191337761,0.7069822191337761,0.0012254763268481194
56,0.0077463955357396485,0.003762009857619943,0.7070967736327451,0.7070643488086571,0.5006599690107413,0.0028179630932442562,0.7070805614065657,0.7070805614065657,0.00813747171854195
57,0.7061932022999683,0.7061931237284863,0.035934376849404925,0.03593272916596451,0.5029468132605075,0.9987079450645842,0.03593355301712876,0.03593355301712876,5.901679324864039e-08
58,0.0475954138133075,0.04711340195595851,0.7055354897920693,0.7055031372207111,0.5039152397654726,0.06696924552666422,0.7055193136918368,0.7055193136918368,0.00034083601097965817
59,0.7069759166779523,0.706975904673856,0.013604051256224287,0.013603427412529083,0.5011175588049659,8.472801617196606e-09,0.013603739337952737,0.013603739337952737,0.9998149211489337
60,0.5879422937442703,0.5879302523013581,0.3928587766982693,0.39284076344201363,0.526214694360443,0.8314674473938182,0.39284977017338624,0.39284977017338624,8.593138737105817e-06
61,0.006993607197821944,0.0017483648501628447,0.7071046197136265,0.7070721953650589,0.5005980954795899,0.0061785335368964005,0.7070884077251998,0.7070884077251998,0.003713898843554887
62,0.7026669702500494,0.7026665564889071,0.07911833158011403,0.07911470358545776,0.5064203483102806,0.9937208628606319,0.07911651760358174,0.07911651760358174,2.9043490240164056e-07
63,0.707106150753922,0.70710614542725,0.000948208319305963,0.0009481648304640931,0.5000779323231208,0.9999991009418149,0.0009481865751343569,0.0009481865751343569,4.175374855497105e-11
64,0.3190301141551692,0.3189728666996425,0.6310755187055002,0.6310465801049426,0.5229276193184739,0.4511362341804998,0.6310610495711014,0.6310610495711014,4.047079834176052e-05
65,0.22239178546669588,0.22229886268733481,0.671254955771591,0.6712241754860578,0.5170955566029843,6.586174352270411e-05,0.6712395658052568,0.6712395658052568,0.314443772807442
66,0.026231358368074782,0.025343406821159632,0.7066524688575695,0.7066200647010848,0.5021720898481074,0.0006289326520238441,0.7066362669650716,0.7066362669650716,0.03646884784380969
67,0.7071067640571215,0.7071067640555503,0.00015564988862752513,0.000155642750591881,0.5000127944442,1.1260075330703882e-12,0.00015564631965062244,0.00015564631965062244,0.9999999757742226
68,0.019310646257962104,0.018085276868769068,0.7068754648172374,0.7068430511373125,0.5016108509401556,0.026442866459438222,0.70685925816307,0.70685925816307,0.0008678201014591772
69,0.7058464526918096,0.7058463317223919,0.04220137431462259,0.04219943909212052,0.503453681085388,0.9982175370861107,0.04220040671446472,0.04220040671446472,8.161052614418874e-08
70,0.707103955529941,0.7071039605391475,0.0019991099025652784,0.0019990182368723013,0.5001646619217969,0.9999960037348582,0.001999064070244199,0.001999064070244199,1.8097623246420735e-10
71,0.046639565903345684,0.04614748459997227,0.7055993265764188,0.705566971231185,0.5038387988872828,0.06561035655060991,0.7055831490892636,0.7055831490892636,0.00034721154796953004
72,0.04127075227242672,0.04071330377616284,0.7059337270044819,0.705901356427982,0.503400701502416,0.05797148427571557,0.7059175419017804,0.7059175419017804,0.00039380396274332443
73,0.7032623701920846,0.7032620166208702,0.0736378705446229,0.07363449376352822,0.5059887337408541,2.509815839525297e-07,0.07363618217343197,0.07363618217343197,0.9945629318196909
74,0.7070951331746186,0.7070951373746868,0.004058836228690479,0.004058650116594205,0.500333727725907,7.573409957625026e-10,0.0040587431737091045,0.0040587431737091045,0.999983526468162
75,0.031200234114642532,0.030457931489951046,0.7064505038637557,0.7064181094728478,0.502579357372018,0.0005234702788908342,0.7064343068539874,0.7064343068539874,0.04359892405005167
76,0.7071067484610624,0.7071067484580599,0.00021513965395872071,0.00021512978515598013,0.5000177070658873,2.1295841970400726e-12,0.000215134719613939,0.000215134719613939,0.9999999537170521
77,0.7070974907872694,0.7070974899352307,0.0036248761768801737,0.0036247099675418277,0.5002976816721698,6.096907433268547e-10,0.0036247930731636607,0.0036247930731636607,0.9999868607888588
78,0.707100346470916,0.7071003511490714,0.0030167623989289676,0.003016624058357981,0.5002481103514987,0.9999908995205492,0.0030166932294364837,0.0030166932294364837,4.202608081827794e-10
79,0.027001354054239278,0.026139659837717606,0.7066234628029032,0.7065910605712722,0.5022405159317549,0.0006086156975717851,0.7066072618728177,0.7066072618728177,0.037576382531141025
80,0.7071059224601393,0.7071059223813728,0.0011020586136477792,0.0011020080740891248,0.5000906858687386,5.554469837050616e-11,0.001102033344158172,0.001102033344158172,0.9999987855217709
81,0.08334439756061314,0.08307265913634768,0.702210035113018,0.7021778345940963,0.5067796250899178,0.11767462800540358,0.7021939350381348,0.7021939350381348,0.00019265279949198328
82,0.7071038182306784,0.707103817958922,0.002047102321719038,0.002047008450342968,0.5001687581208959,0.9999958095554645,0.0020470553865690835,0.0020470553865690835,1.884198394906626e-10
83,0.04833252814526729,0.04785800919400753,0.7054853726340158,0.7054530223360628,0.5039833885686009,0.06801697846937374,0.7054691976704731,0.7054691976704731,0.0003360301359553873
84,0.7057945267813069,0.7057944063317316,0.043061072801755584,0.043059098522268996,0.5035307685515132,8.377545474209909e-08,0.043060085673327246,0.043060085673327246,0.9981441068521139
85,0.707070765273331,0.7070707619697892,0.007137055937986637,0.007136728647374834,0.5005866820570557,0.9999490634711113,0.007136892294556889,0.007136892294556889,2.34754948736372e-09
86,0.02718167328777569,0.026325912643497436,0.7066165483030725,0.7065841468907148,0.502252574801985,0.000602659968477597,0.706600347782616,0.706600347782616,0.03783561586574049
87,0.022249925648946817,0.02119541985112402,0.7067890450320623,0.7067566347821691,0.5018515328043246,0.0007465566925805506,0.7067728400928941,0.7067728400928941,0.0307204763497223
88,0.022500232551769694,0.021458025990370423,0.7067811210838859,0.7067487103172629,0.5018650483889814,0.03108315860488981,0.7067649158863609,0.7067649158863609,0.0007379670930292337
89,0.017312323620548582,0.015933789947678953,0.706927234118125,0.7068948178129872,0.5014416308813087,0.023508586485651742,0.7069110261513676,0.7069110261513676,0.0009739469626174338
90,0.007093309601148785,0.0021121752895293306,0.7071036265750215,0.7070712021846904,0.5006064588974939,0.0035234069888275456,0.7070874145657138,0.7070874145657138,0.006508604208471204
91,0.7071040377313844,0.7071040374793016,0.001971707641231528,0.00197161723591696,0.5001624109796211,0.9999961125396708,0.0019716624390924064,0.0019716624390924064,1.7634883388569266e-10
92,0.023787465217230255,0.022804317989681227,0.706738963890508,0.7067065561451531,0.5019742191606942,0.0006954720426765856,0.7067227602035935,0.7067227602035935,0.03294535990201494
93,0.14395632720304832,0.1438035694157631,0.6923297866069902,0.6922980397619248,0.5114929431929697,0.20347697432818673,0.6923139133664311,0.6923139133664311,0.00010787377701319696
94,0.006899463879155408,0.0013222486083022981,0.7071055449214381,0.707073120262805,0.5005902027731779,0.0039446384532706895,0.707089332777982,0.707089332777982,0.005812982938878677
95,0.7071043767576465,0.7071043765371315,0.0018440938238207924,0.0018440092670176616,0.5001517653564678,0.999996599468111,0.0018440515459038841,0.0018440515459038841,1.5532983661902834e-10
96,0.006774963429382921,0.00021551611390577908,0.7071067483434191,0.7070743241488333,0.5005801477542061,0.0049572249425301595,0.707090536431981,0.707090536431981,0.00462303985857638
97,0.7071067238244261,0.7071067238191658,0.0002848327994307848,0.0002848197402453154,0.5000234576372192,3.700505111981373e-12,0.00028482626991289505,0.00028482626991289505,0.9999999188739905
98,0.00748136935435213,0.003180751395170898,0.7070996272241717,0.7070672026848539,0.5006378546512898,0.003049155093842786,0.7070834151403734,0.7070834151403734,0.0075359617878419105
99,0.09478138525038793,0.09454351795139346,0.7007578206580141,0.7007256874198436,0.5077058596391396,0.00016836920770616488,0.7007417542231169,0.7007417542231169,0.13387292268572393
100,0.707098669962404,0.7070986692185557,0.003387032528240514,0.0033868772341278906,0.5002790119319472,0.9999885284708289,0.0033869548820742454,0.0033869548820742454,5.210481481802381e-10
101,0.1693507868516922,0.16922311445537044,0.6865592017692463,0.686527720483822,0.5133788493409778,9.033950968873234e-05,0.6865434613069802,0.6865434613069802,0.23940790152381292
102,0.08641029186294787,0.08614851000665087,0.701839322226702,0.7018071398710422,0.5070490391387567,0.0001848140991200085,0.7018232312333389,0.7018232312333389,0.1220174989341471
103,0.04455069954439232,0.04403508049460698,0.7057343067230182,0.7057019449952586,0.5036708337858623,0.06263960311793491,0.7057181260446378,0.7057181260446378,0.0003650551860129658
104,0.04461795639097391,0.044103128513987594,0.7057300574973912,0.7056976958779769,0.5036747517141217,0.00036376698200573136,0.7057138768731833,0.7057138768731833,0.0627352823442356
105,0.019424784341628646,0.018207099096904787,0.7068723375139747,0.7068399237165883,0.5016158865341491,0.0008598829415232309,0.7068561308010787,0.7068561308010787,0.02660979705247914
106,0.007608573773975394,0.0034695199324407747,0.7070982692890962,0.7070658453108316,0.5006494853804874,0.002911170922587434,0.7070820574858184,0.7070820574858184,0.007839199391083174
107,0.040787068676637284,0.04022287396163869,0.7059618406190713,0.7059294688768618,0.5033644248053643,0.0003990838282940494,0.705945654933521,0.705945654933521,0.057282678822350774
108,0.022050973177310133,0.020986471705414254,0.7067952801238302,0.7067628701211597,0.5018307608454343,0.030432078844438232,0.7067790753082689,0.7067790753082689,0.0007523230120762209
109,0.2462684496402913,0.24618662539478703,0.6628666128217935,0.6628362171092956,0.5186835364092269,0.3482183216200089,0.662851415139773,0.662851415139773,5.8159550892767015e-05
110,0.7071043799073541,0.7071043796870798,0.0018428856037446704,0.0018428010838991832,0.5001514129681621,1.577506244707684e-10,0.0018428433443064777,0.0018428433443064777,0.9999966039226403
111,0.7071067091839013,0.7071067091772978,0.0003191182442038135,0.0003191036117589901,0.5000262501609442,0.999999898168212,0.000319110928065271,0.000319110928065271,4.6914316718159206e-12
112,0.6848054608105176,0.6848033822355929,0.17619400579671393,0.17618592691839643,0.5138414804229049,1.4580538308108556e-06,0.17618996640386056,0.17618996640386056,0.9684597004909845
113,0.03274332018975994,0.03203692121053994,0.7063806591911707,0.7063482674877556,0.5027070999701465,0.045806524318744525,0.7063644635251363,0.7063644635251363,0.0005016647643124292
114,0.7070965069798305,0.7070965060373734,0.0038119745196317054,0.0038117996959532397,0.5003137326992804,6.638172123520516e-10,0.0038118871087947106,0.0038118871087947106,0.9999854694111006
115,0.7071053452616731,0.7071053398611337,0.001427704406777532,0.0014276389382831016,0.5001173811425063,9.382879993645597e-11,0.0014276716729055893,0.0014276716729055893,0.9999979617515199
116,0.7070990192888639,0.7070990133082613,0.0033144197805731273,0.00331426782627325,0.5002728609147549,4.997730117806135e-10,0.0033143438042940294,0.0033143438042940294,0.9999890150648113
117,0.012437567686401323,0.010433101739083708,0.7070298086996161,0.7069973881918109,0.5010450172880004,0.016172128378996287,0.7070135986315462,0.7070135986315462,0.0014159674528333843
118,0.036315138265700014,0.03567984737844013,0.7062060241112699,0.7061736406385751,0.5029953907779158,0.0004512362158455629,0.7061898325605472,0.7061898325605472,0.050908124715836875
119,0.007418029351440496,0.003028693480214986,0.7071002948774712,0.7070678700389436,0.5006324700989255,0.007385562422492026,0.7070840826440712,0.7070840826440712,0.00310702598892107
120,0.7071039575253066,0.7071039572659034,0.0020002673444752942,0.002000175642130329,0.500164396054811,1.841072205200736e-10,0.0020002214938283362,0.0020002214938283362,0.9999959991059715
121,0.7064391788489037,0.7064391175907369,0.030721012046602634,0.030719603363873065,0.5025191834653022,0.9990558169531867,0.030720307713312266,0.030720307713312266,4.3128714547227154e-08
122,0.7070435258533142,0.7070435200517694,0.009458369457842172,0.00945793576377825,0.5007768365552573,4.1479655000477315e-09,0.009458152613296038,0.009458152613296038,0.9999105393475375
123,0.007038774609840088,0.001921087305716831,0.7071041715501506,0.707071747174215,0.5006021751681772,0.00633879629526809,0.7070879595480403,0.7070879595480403,0.0036131130504732903
124,0.02107928840782932,0.01996295083440192,0.7068249292391875,0.7067925180703448,0.5017550677411814,0.0007893412148397996,0.7068087238405457,0.7068087238405457,0.029021246462613413
125,0.03811441013263471,0.03750977502004645,0.7061111929278182,0.7060788141137236,0.5031435049916565,0.053474375832877175,0.7060950037063671,0.7060950037063671,0.0004273301971440153
126,0.7060598210478712,0.7060597249400806,0.03846641155004896,0.038464647429140415,0.5031506632329451,6.825699115328516e-08,0.038465529499708044,0.038465529499708044,0.9985193068141497
127,0.04678689945755139,0.046296404610214274,0.7055895711532039,0.7055572167011998,0.5038471636945723,0.0003466703468036553,0.7055733941126558,0.7055733941126558,0.06581983637441179
128,0.031327525474909704,0.030588328748636078,0.7064448698650179,0.7064124759286261,0.50258585181375,0.0005205395168001959,0.7064286730825038,0.7064286730825038,0.043781145855075594
129,0.7065864462491619,0.706586398513323,0.027123079396908587,0.027121835796637107,0.5022264414468635,0.9992641015202376,0.027122457603900443,0.027122457603900443,3.3367560203423926e-08
130,0.7070488969153454,0.7070488916055645,0.00904792127184995,0.009047506330033348,0.5007457658742194,0.9999181355240361,0.009047713803320383,0.009047713803320383,3.6687510009124506e-09
131,0.7069131139268161,0.7069130961626634,0.016549153262894224,0.01654839443251682,0.5013578669862869,0.9997261005735476,0.016548773852054968,0.016548773852054968,1.2685856741575268e-08
132,0.046669256291625445,0.04617748497406673,0.7055973638566548,0.7055650080022232,0.5038424982073268,0.06565254948626707,0.7055811861149072,0.7055811861149072,0.00034978178459322347
133,0.024482062927307726,0.02352803047053072,0.7067152409514983,0.7066828345126432,0.5020359874465702,0.0006750531697601265,0.706699037917825,0.706699037917825,0.0339482534935272
134,0.7071055115286492,0.7071055114121897,0.0013400486951731373,0.0013399872413972166,0.5001102628253412,8.226474435723056e-11,0.001340017968637464,0.001340017968637464,0.9999982043502315
135,0.6681871080069869,0.6681834343159295,0.2313674525635975,0.23135684276298782,0.517682206064045,0.9449566726544337,0.23136214772411073,0.23136214772411073,2.6139284133265195e-06
136,0.18158251602935324,0.1814645305278459,0.6834256537183155,0.6833943150717952,0.5142832934055523,8.354628403152436e-05,0.6834099845746897,0.6834099845746897,0.2567130284719891
137,0.48996950172797066,0.48994517418607075,0.5098565742360925,0.5098331956399342,0.5282253796841491,0.6929043123215987,0.5098448850720148,0.5098448850720148,1.726000313194383e-05
138,0.7071030515392597,0.7071030511972289,0.0022967341091300816,0.002296628804603591,0.5001888518365912,2.400023344182781e-10,0.002296681457470373,0.002296681457470373,0.9999947252403707
139,0.10614653755437896,0.10593517905236415,0.6991264104860716,0.699094351690251,0.5085822766307208,0.14996441996621213,0.6991103812719247,0.6991103812719247,0.00014946517052119045
140,0.7069516133629704,0.7069516043965665,0.014813388878549147,0.014812709525752584,0.5012169799616464,0.9997805494939582,0.01481304920604541,0.01481304920604541,1.0099376127618516e-08
141,0.707105999141058,0.7071059938004861,0.0010552399855401956,0.0010551915932795512,0.500086833759203,5.1010439939066027e-11,0.0010552157896872826,0.0010552157896872826,0.9999988865190177
142,0.006784743754958185,0.0004223505363849117,0.7071066550528424,0.707074230369743,0.5005809263801527,0.005095140798742826,0.7070904428971532,0.7070904428971532,0.004500074137963389
143,0.707084004101806,0.7070840072809459,0.005675746458364084,0.005675486178007349,0.5004677916415746,0.9999677868605485,0.005675616319677755,0.005675616319677755,1.4504617933950802e-09
144,0.7070089021564451,0.7070088879095228,0.0117657306163945,0.011765191077294523,0.5009667482096315,6.368626801888107e-09,0.011765460849937279,0.011765460849937279,0.9998615643487717
145,0.7068107010790924,0.7068106739142517,0.02046145744764325,0.020460519057009362,0.5016804114271393,0.9995812602880452,0.020460988257705922,0.020460988257705922,1.9350098521652645e-08
146,0.020853789015715506,0.01972466004683496,0.7068316191187511,0.7067992073309693,0.501736916743826,0.0007984017767904017,0.7068154134106451,0.7068154134106451,0.028693296863170018
147,0.7071066136913252,0.70710660840712,0.0004943146561216076,0.0004942919836594766,0.5000405488100924,0.9999997556641975,0.0004943033200205334,0.0004943033200205334,1.1523085841760204e-11
148,0.007733752298038218,0.0037358911500220355,0.7070969121112862,0.7070644872113105,0.500659029204793,0.008107404145925192,0.7070806998471638,0.7070806998471638,0.0028351023450414316
149,0.017679114552917537,0.01633164210385778,0.7069181547153762,0.7068857396415816,0.5014781792487321,0.024049258227587855,0.7069019473642787,0.7069019473642787,0.0009522625092268877
150,0.7069950093151696,0.7069949990629794,0.012572640929388909,0.012572064406647293,0.5010335027496695,7.233765545638966e-09,0.01257235267132276,0.01257235267132276,0.9998419234542125
151,0.014041907524069069,0.012301825781935045,0.7069997631417051,0.7069673435407619,0.5011765699226924,0.0186279349685358,0.7069835535270637,0.7069835535270637,0.0012288707383572297
152,0.7070935939752405,0.7070935927658141,0.004318688404272783,0.004318490381814419,0.500355525068639,8.511280744219137e-10,0.004318589394178605,0.004318589394178605,0.9999813496117262
153,0.011105930930283135,0.008803093580694397,0.7070519822073952,0.7070195600534463,0.500935636190481,0.014077632174699388,0.7070357713162666,0.7070357713162666,0.001629856058844218
154,0.7071047931712353,0.7071047929889048,0.0016768220299525842,0.0016767451406594891,0.5001378346173132,1.3013909512123115e-10,0.0016767835857467589,0.0016767835857467589,0.9999971883928563
155,0.7062682326942186,0.7062681557435051,0.03442807259589924,0.03442649396882666,0.5028244366172577,0.9988140589370698,0.03442728329141124,0.03442728329141124,5.4213608559177594e-08
156,0.007134885129544742,0.0022479494412010895,0.7071032079713043,0.7070707838782394,0.5006099327980377,0.003449460833606777,0.7070869961106264,0.7070869961106264,0.006637852247482452
157,0.7071061660880524,0.707106171300005,0.0009327164749436397,0.0009326737135438722,0.5000766817759668,4.001189163448753e-11,0.0009326950944888171,0.0009326950944888171,0.9999991300794829
158,0.7071040487575226,0.7071040432380575,0.001967749067071258,0.0019676588298362502,0.5001618317780184,0.9999961281336734,0.0019677039489710297,0.0019677039489710297,1.784767848028787e-10
159,0.7056062900841733,0.7056061523155798,0.04604299962429548,0.046040888280413396,0.5037659067938809,0.9978778877156957,0.046041943964456926,0.046041943964456926,9.683929664770771e-08
160,0.03395703313742411,0.03327653140629135,0.7063233483735101,0.7062909598195823,0.5028035468006902,0.0004784807144554773,0.7063071542821984,0.7063071542821984,0.0475413364954509
161,0.012042758326647923,0.009959059207911554,0.7070366448362708,0.7070042234489748,0.5010126856129842,0.015557458282854665,0.7070204343284638,0.7070204343284638,0.0014752544710756137
162,0.03484158587019635,0.0341787785569746,0.706280263844569,0.7062478771061866,0.5028767461125758,0.0004679691811785194,0.7062640706610205,0.7062640706610205,0.04880477426950877
163,0.009165112911612526,0.006176448347098988,0.7070798055989259,0.7070473822208216,0.5007768200667406,0.0021124522600164323,0.7070635940957263,0.7070635940957263,0.010848288082280078
164,0.7070912757106738,0.707091279556568,0.00468292915509748,0.004682714367866113,0.5003854082955401,9.99724506982455e-10,0.004682821762713254,0.004682821762713254,0.9999780709398961
165,0.007012203781645707,0.0018213367269640656,0.7071044355203299,0.7070720111828229,0.5005996776690296,0.003676447996361146,0.7070882235374334,0.7070882235374334,0.00624275575994822
166,0.7071064533619897,0.7071064480630781,0.0006863727980556195,0.0006863413187541289,0.5000565346317606,0.9999995289138779,0.0006863570585853465,0.0006863570585853465,2.1446419250446917e-11
167,0.008252250462732962,0.004716728074281488,0.7070910496366564,0.7070586258311934,0.5007014339188285,0.009170945955897571,0.7070748379197793,0.7070748379197793,0.002498181678821131
168,0.020606902388657835,0.019463432634767127,0.7068388605545648,0.7068064484572373,0.5017136097599622,0.0008059127240456193,0.7068226546916876,0.7068226546916876,0.028334080784096927
169,0.7070982944942774,0.7070982937159109,0.003464538071278131,0.0034643792061610523,0.5002845477394109,5.583719472302121e-10,0.003464458639630201,0.003464458639630201,0.9999879974543039
170,0.006776917964346795,0.0002692177047230712,0.7071067299367431,0.7070743054189568,0.500580244857241,0.005006869196435842,0.7070905178637084,0.7070905178637084,0.00457497052765015
171,0.7071048423446188,0.7071048421667971,0.001655954179115736,0.0016558782461849474,0.5001362850445289,1.2544455510880106e-10,0.001655916213085585,0.001655916213085585,0.9999972579377103
172,0.00823038617770316,0.004678399139205906,0.7070913042751217,0.7070588806764004,0.5006992289830682,0.002507392726920464,0.7070750926616131,0.7070750926616131,0.009129055638609955
173,0.7068297308690814,0.706829700190452,0.019793305147843773,0.019792397712332786,0.5016278214192211,1.774236126064233e-08,0.019792851435288642,0.019792851435288642,0.9996081662652226
174,0.5419499630312754,0.5419325069425376,0.45421267917020397,0.454191851061198,0.5278864581560362,1.2415671589427325e-05,0.45420226523508905,0.45420226523508905,0.766420644526539
175,0.014285047532337116,0.012578671958218886,0.7069948917861899,0.7069624724248081,0.5011974629881312,0.0012066157643436362,0.7069786822913278,0.7069786822913278,0.0189955165665704
176,0.7070718572244628,0.7070718487519425,0.007028563331823971,0.007028240986260912,0.5005784111012225,2.2575539645593006e-09,0.007028402160890421,0.007028402160890421,0.9999506003429013
177,0.007618511235758473,0.003491238435292987,0.7070981623892048,0.7070657383062433,0.5006495122735413,0.007855460704146045,0.7070819505335798,0.7070819505335798,0.002919280114525236
178,0.7070881291240906,0.7070881274128257,0.0051361534072469975,0.005135917814048969,0.5004223349335332,1.213194970277015e-09,0.005136035611998836,0.005136035611998836,0.9999736207902603
179,0.7071066609087112,0.7071066608971961,0.0004213850957673426,0.000421365772527774,0.5000346778630758,0.9999998224427299,0.00042137543425832286,0.00042137543425832286,8.14447487697994e-12
180,0.707071427740662,0.7070714244973657,0.007071114428754311,0.007070790110031806,0.5005810825336404,2.3157311454121327e-09,0.007070952271252475,0.007070952271252475,0.9999500003839954
181,0.007713197159486127,0.0036933447562194463,0.7070971356217692,0.7070647117411375,0.5006573791343248,0.008065799432606614,0.707080923867307,0.707080923867307,0.002842021362052261
182,0.008915062489880667,0.005798918541316711,0.7070830025843851,0.7070505792804358,0.5007559544975113,0.010403309363957473,0.7070667911182612,0.7070667911182612,0.002208381698234888
183,0.7070185632647165,0.7070185551738951,0.011169719773462762,0.011169207630627242,0.5009176945093418,5.751094915073848e-09,0.011169463704980355,0.011169463704980355,0.9998752352974277
184,0.007708286238403038,0.0036830263766138333,0.7070971894419542,0.7070647652967625,0.5006559722419283,0.0028642806820999927,0.7070809775552152,0.7070809775552152,0.00804849397718437
185,0.02502357463058138,0.024091006596985726,0.7066962737988247,0.7066638668509289,0.5020754564075628,0.034729146402149004,0.7066800705106417,0.7066800705106417,0.0006650385901487411
186,0.02236452930249559,0.021315715936538346,0.706785427312366,0.7067530175592249,0.5018610740508078,0.0007401281184000043,0.7067692226215692,0.7067692226215692,0.03088663335747454
187,0.015640820815616862,0.014099622794203072,0.7069661948356135,0.7069337767600417,0.501309399973931,0.001090826267793562,0.7069499859836491,0.7069499859836491,0.021029615628815286
188,0.7071066188387933,0.7071066188239031,0.00047918203974709313,0.0004791600664577305,0.5000395500634861,1.0261550094859591e-11,0.00047917105322836526,0.00047917105322836526,0.9999997703950755
189,0.03499066754558289,0.03433072990651975,0.706272894130936,0.706240506615641,0.5028857759850898,0.049017625439136,0.7062567005589419,0.7062567005589419,0.00046714827248485675
190,0.7037190802017603,0.7037187740214027,0.06913678112766028,0.06913361092830561,0.5056304003592476,2.1811381830326042e-07,0.06913519604615417,0.06913519604615417,0.9952088470945525
191,0.00735082843310434,0.002860297664892245,0.7071009961082432,0.7070685718665118,0.5006270826720889,0.007217032067010049,0.7070847841732344,0.7070847841732344,0.003182833569081475
192,0.037195808834269276,0.03657590581160577,0.7061601823511058,0.7061278013257686,0.503073076138914,0.0004393332612518064,0.7061439920240459,0.7061439920240459,0.05216447107920925
193,0.7071037761947442,0.7071037759190855,0.002061572450545923,0.002061477899505429,0.5001694106822228,1.9661043779225391e-10,0.0020615251755677446,0.0020615251755677446,0.999995750104917
194,0.018704787434717214,0.017436829830206925,0.7068917576018763,0.7068593430994737,0.5015601491338568,0.0008940541639063706,0.7068755505364752,0.7068755505364752,0.025556071189788757
195,0.10268603451177641,0.10246721703108712,0.6996431014695327,0.6996110192930418,0.5083160492663039,0.1450652558239632,0.6996270605651829,0.6996270605651829,0.00015428084054825764
196,0.7071065040523997,0.7071065040269758,0.0006260692831235762,0.0006260405677317401,0.5000516245835248,1.7757721733300952e-11,0.0006260549255922952,0.0006260549255922952,0.9999996080551524
197,0.6449199110975696,0.6449139325065758,0.2899758949618068,0.28996259805343855,0.5213074076292074,0.9120502574165711,0.28996924658384104,0.28996924658384104,4.190482660050904e-06
198,0.7071067280719386,0.7071067280670671,0.0002740844525868358,0.00027407188447544875,0.5000225701153894,3.4318091752945995e-12,0.00027407816860318266,0.00027407816860318266,0.9999999248811553
199,0.707100673343987,0.7071006727833782,0.0029404081025735,0.0029402732859450725,0.5002425014326684,0.9999913543592234,0.002940340695031966,0.002940340695031966,3.89003816570055e-10
200,0.7070190025436895,0.7070189997632471,0.011141877015703131,0.01114136625939591,0.5009170192724198,5.655819208811996e-09,0.011141621640476296,0.011141621640476296,0.9998758565614237
201,0.0075049032664350765,0.003235777559114049,0.7070993775584774,0.7070669532844537,0.5006395082743518,0.0075973018837858204,0.7070831656073232,0.7070831656073232,0.0030124464372397403
202,0.006769981971606353,0.0,0.707106796529518,0.7070743718620415,0.500579707591712,0.0047047120113292784,0.70709058438164,0.70709058438164,0.0048658650356820715
203,0.011296104829809207,0.00904186065871701,0.7070489691356786,0.7070165472026108,0.5009515296111786,0.001590950345051014,0.7070327583549887,0.7070327583549887,0.014381449957052178
204,0.26665916205937845,0.2665853933441283,0.6549291778929656,0.654899145891785,0.5199302650615955,5.1921958612895504e-05,0.6549141620645204,0.6549141620645204,0.37706084118980554
205,0.015863287456880582,0.014346023639648845,0.7069612376967546,0.7069288196919523,0.5013247956332159,0.0010751341258562444,0.7069450288801755,0.7069450288801755,0.02136109477111152
206,0.0070219676057870295,0.0018584723286333314,0.7071043388925035,0.7070719142852048,0.5006002943860994,0.0062822914931451685,0.7070881267747143,0.7070881267747143,0.003646198300720093
207,0.04473025656391673,0.044216750021268604,0.7057229477759313,0.7056905866934313,0.5036799601970176,0.00036280164901881644,0.7057067674201762,0.7057067674201762,0.06289503326718766
208,0.7033242842868371,0.7033239364632834,0.07304409899363952,0.07304074980727834,0.5059337126377335,0.9946504956364015,0.07304242441965507,0.07304242441965507,2.480166575437263e-07
209,0.7071047014183991,0.7071047064960319,0.0017150806741153487,0.0017150020396743003,0.5001410657334056,1.3574722984262453e-10,0.0017150413573454974,0.0017150413573454974,0.9999970586288163
210,0.009653415488099237,0.0068802811518433055,0.7070733071834002,0.7070408839447785,0.500815374551027,0.01169146785869265,0.707057095749942,0.707057095749942,0.001958642035554534
211,0.6994577181253059,0.69945701274363,0.10372987671716431,0.10372512017318068,0.5083706403375904,4.985728798138775e-07,0.10372749847243712,0.10372749847243712,0.989182092499179
212,0.010731796095897734,0.00832608270664294,0.7070577602620323,0.7070253379848246,0.500904140162538,0.013475724946023443,0.7070415493092741,0.7070415493092741,0.0017029203918287022
213,0.007153083243752355,0.0023049335493613957,0.7071030245171708,0.7070706000111343,0.5006107626637789,0.00342760606313705,0.7070868124500119,0.7070868124500119,0.0066881114849386735
214,0.15413400253676787,0.153992245245495,0.6901350508445812,0.6901034047604727,0.5122625352535988,0.00010052652343358239,0.6901192279839223,0.6901192279839223,0.2178781591352634
215,0.7071059378083914,0.7071059377310255,0.001092165522489526,0.001092115431971343,0.5000895931155378,0.9999988072284677,0.0010921404775176072,0.0010921404775176072,5.664712774078104e-11
216,0.032858137361066304,0.03215426522755675,0.7063753274482821,0.7063429356970685,0.5027187797640624,0.04597070177743689,0.7063591317583504,0.7063591317583504,0.0004985391185538595
217,0.7053073827667705,0.7053072227954139,0.05041556212360526,0.05041325038804763,0.5041207095188374,0.9974551495085174,0.050414406269076936,0.050414406269076936,1.1706204085187356e-07
218,0.007216461339186781,0.0024946653282957925,0.7071023805963345,0.7070699560055858,0.5006167098698264,0.006865311483564199,0.7070861684868206,0.7070861684868206,0.0033418808313795648
219,0.7056648832587911,0.7056647509132569,0.045136009111683396,0.04513393994939597,0.5036945674539042,0.9979607548125847,0.045134974542397,0.045134974542397,9.293970509713975e-08
220,0.006789301846656262,0.0004902586155857802,0.7071066112309305,0.7070741866172428,0.5005812866237223,0.005142088237635649,0.7070903991099463,0.7070903991099463,0.00446025802297752
221,0.2280866806055307,0.2279965993878246,0.6693411317614784,0.6693104414098054,0.5174838357970879,6.389378366602941e-05,0.6693257867615462,0.6693257867615462,0.32249957871283635
222,0.7062169904330916,0.7062169034997247,0.0354638578169233,0.03546223152637218,0.502907883346463,0.9987415806523252,0.0354630446809702,0.0354630446809702,5.746882610452401e-08
223,0.685399822859816,0.6853978055439592,0.173867349946345,0.17385937657697165,0.5136688457725804,0.9693002949534412,0.17386336330736568,0.17386336330736568,1.4405720667759628e-06
224,0.7070933313707666,0.7070933301369747,0.004361476332957136,0.004361276302987169,0.5003588292828921,0.9999809782156888,0.004361376319118924,0.004361376319118924,8.712154607448004e-10
225,0.04222600312501404,0.04168147815354862,0.7058772233231212,0.7058448587756813,0.5034830684691011,0.05933154625164724,0.7058610412348953,0.7058610412348953,0.0003854256322357996
226,0.02181656425627389,0.0207399925639343,0.7068025556748094,0.706770144759982,0.5018169647988371,0.0007617350041311188,0.7067863504031783,0.7067863504031783,0.03009201766720968
227,0.007495497829134677,0.0032138975883177867,0.7070994773455074,0.7070670530524606,0.5006396254838055,0.007571902475663465,0.7070832653848418,0.7070832653848418,0.0030295079326186068
228,0.706792420527826,0.706792386422613,0.021083702118636187,0.021082735393791577,0.5017312714068843,2.0390524202387092e-08,0.021083218761754768,0.021083218761754768,0.9995553990516419
229,0.009311116698325867,0.006391166870219579,0.7070778973960642,0.7070454745671118,0.5007888309008871,0.011102029866660717,0.7070616861674347,0.7070616861674347,0.0020709517069716116
230,0.7048767231894933,0.7048765183155524,0.056116788284292715,0.05611421482692067,0.5045825569674403,0.996846076867935,0.05611550157035906,0.05611550157035906,1.4345169011861875e-07
231,0.1537947009546514,0.1536525928729465,0.6902107509330213,0.690179099914199,0.512243473597938,9.951002710449321e-05,0.6901949256050423,0.6901949256050423,0.21739806677168183
232,0.7071064404858667,0.7071064457229743,0.0006941668384422145,0.0006941350066937971,0.5000572407309642,2.1757181956823543e-11,0.0006941509227504699,0.0006941509227504699,0.9999995181543807
233,0.014074275697683259,0.01233876950620493,0.7069991193538209,0.7069666998972378,0.5011787113929114,0.018676756284392578,0.7069829098113581,0.7069829098113581,0.001228512936461276
234,0.00983848488301195,0.007137644633220018,0.7070707560273524,0.7070383329178189,0.5008315749467376,0.012003872827314209,0.7070545446584374,0.7070545446584374,0.001910181365487802
235,0.7057086024672259,0.7057084740868401,0.04444715516255191,0.04444511675960758,0.5036299760985037,9.219031771436368e-08,0.04444613597276549,0.04444613597276549,0.9980225859138726
236,0.7071067636053826,0.7071067636032871,0.00017976947919154322,0.0001797612359996589,0.500014796580789,0.999999967684416,0.00017976535764285034,0.00017976535764285034,1.4748691681752081e-12
237,0.7071063605681034,0.7071063552606797,0.0007761120783798633,0.0007760764834016323,0.5000637831307888,2.7901081130375916e-11,0.000776094281094815,0.000776094281094815,0.9999993976774864
238,0.7064008558746755,0.7064007963697029,0.031589908695506395,0.031588460227194554,0.502590228640389,0.9990016250482684,0.031589184469652615,0.031589184469652615,4.58873096009502e-08
239,0.7070847423052908,0.7070847402839113,0.005583015102421193,0.00558275909034197,0.5004587837976887,0.9999688308858963,0.005582887097849062,0.005582887097849062,1.443832635226317e-09
240,0.707097389960824,0.7070973890993139,0.0036444929596940725,0.0036443258073559667,0.500299402548696,0.9999867181920351,0.0036444093844833344,0.0036444093844833344,6.121451703067338e-10
241,0.7058658433975098,0.7058657242071943,0.04187576135967867,0.04187384102547898,0.5034296801492987,8.014364697300375e-08,0.0418748012035869,0.0418748012035869,0.9982449609431111
242,0.010018249398536476,0.0073835310112882755,0.7070682311281303,0.7070358086256926,0.5008465307970252,0.0018624764236327214,0.707052020062757,0.707052020062757,0.012305000281096639
243,0.7070227325598211,0.7070227195807386,0.010902935231257882,0.010902435202257086,0.500896759911569,0.9998811243892973,0.010902685219624085,0.010902685219624085,5.429782568738166e-09
244,0.007029026304854691,0.00188529290036945,0.7071042678917171,0.7070718441496642,0.5006008528724598,0.006315644862911582,0.7070880562065409,0.7070880562065409,0.003615822185907544
245,0.012468502044489517,0.010469926924843668,0.7070292643391161,0.7069968433166227,0.5010496689516464,0.0014129438787939983,0.7070130540137082,0.7070130540137082,0.016219941368994118
246,0.007606821502193947,0.003465656111119135,0.7070982882370106,0.7070658641644532,0.5006480445371266,0.0029304290067948342,0.7070820763865875,0.7070820763865875,0.007828607250521197
247,0.07694519974626109,0.07665016094199356,0.702940077693374,0.7029078433450633,0.5062824497455936,0.10860832056061276,0.7029239607039922,0.7029239607039922,0.00020890531041302662
248,0.7070995705028883,0.707099569841492,0.0031934824214584112,0.0031933359720171467,0.5002622986794338,0.9999898020856975,0.003193409197577299,0.003193409197577299,4.722801152695331e-10
249,0.7070779790831013,0.7070779764408803,0.006382415864692815,0.006382123138679342,0.5005239147295651,0.9999592658063493,0.006382269503364333,0.006382269503364333,1.901480513806618e-09
250,0.7069854987791863,0.7069854929224786,0.013096573844403258,0.013095973272139202,0.5010800078500619,0.9998284729080247,0.01309627356171388,0.01309627356171388,7.651976634947953e-09
251,0.032006138341027494,0.03128303664024192,0.7064144474871463,0.7063820546336804,0.5026457554529443,0.0005087157244157871,0.7063982512460908,0.7063982512460908,0.044752234371609224
252,0.042350768126632396,0.041807820176116575,0.7058697515828648,0.7058373838689586,0.503490068987298,0.05950910854251685,0.7058535679114442,0.7058535679114442,0.0003838409137342845
253,0.07540466265692486,0.07510343532441818,0.7031070146161789,0.7030747732991136,0.5061754748774724,0.10642529448345678,0.7030908941424558,0.7030908941424558,0.0002141075505694972
254,0.09898643185444544,0.09875907122073065,0.7001761534439883,0.7001440468280268,0.5080268456081726,0.00016060426935085825,0.7001601003200433,0.7001601003200433,0.13982718636204045
255,0.010088017276911776,0.007477906074706872,0.7070672393207982,0.7070348166161393,0.5008527103793943,0.012418972214187432,0.7070510281543169,0.7070510281543169,0.0018591129563985658
256,0.7009090729031536,0.7009085019096187,0.09341986914363229,0.09341558500614906,0.5075691858159559,0.9912347131365925,0.09341772709944951,0.09341772709944951,4.025122198642588e-07
257,0.7071050078146398,0.7071050076519565,0.0015837151026652356,0.0015836424653343545,0.5001302667866104,0.9999974919583627,0.001583678784416245,0.001583678784416245,1.1548360922825084e-10
258,0.008965602971375075,0.005876276342501603,0.7070823639268246,0.7070499402187652,0.500760639892975,0.0104959594095178,0.7070661522586505,0.7070661522586505,0.0021788750233844045
259,0.7070958420249093,0.707095835752655,0.003934343814881335,0.003934163386168626,0.5003238820647501,7.07448892953831e-10,0.003934253601559311,0.003934253601559311,0.9999845215288066
260,0.04179485619017067,0.04124452037965504,0.705902889595059,0.7058705192852616,0.5034421445976704,0.058717712334257315,0.7058867046257138,0.7058867046257138,0.00038823129219007184
261,0.007712837542876341,0.003692505933314811,0.7070971400026503,0.7070647156646486,0.5006571869054547,0.002815443752850073,0.7070809280195084,0.7070809280195084,0.008074387816238015
262,0.1584925145191834,0.15835505030287755,0.6891470656134084,0.6891154640852175,0.5125858889391488,0.22404506166992014,0.6891312650304573,0.6891312650304573,9.7243828292904e-05
263,0.015918219090657902,0.014406782853807101,0.7069600021272844,0.7069275849059707,0.5013334641123662,0.001067508937051578,0.706943793702441,0.706943793702441,0.021443076175872045
264,0.04055570063398222,0.03998822572543162,0.7059751708122126,0.7059427987776967,0.5033448433529393,0.05695315220318738,0.7059589849805089,0.7059589849805089,0.00040187647583734567
265,0.008743968793553955,0.005532232198624261,0.7070851394329404,0.7070527158633488,0.5007435259826717,0.0022678834196605017,0.7070689278339979,0.7070689278339979,0.010095508315927903
266,0.7039508882569673,0.7039505928542421,0.0667350194437647,0.06673195890690814,0.5054302450863014,0.9955366808110298,0.06673348919288176,0.06673348919288176,2.0630065949098053e-07
267,0.0785244680109615,0.07823554031162024,0.7027653948738124,0.7027331697903495,0.5063960999148984,0.11084606532326283,0.7027492825167942,0.7027492825167942,0.00020407500245122945
268,0.13673211214914802,0.13657058733746372,0.6937928182637114,0.6937610031612009,0.5109387959246987,0.00011454893448242241,0.6937769108948277,0.6937769108948277,0.1932541919260967
269,0.7070934011588902,0.7070934051999571,0.004350146338735543,0.00434994684477963,0.5003577265027905,8.672588696440819e-10,0.0043500465929011915,0.0043500465929011915,0.9999810769155978
270,0.06950265803944193,0.0691751807208303,0.7037149951309906,0.7036827271756938,0.5056777227935992,0.09806003965086382,0.7036988613382973,0.7036988613382973,0.00023178864975242702
271,0.006826588984824517,0.0008649912500437182,0.7071062521220804,0.7070738276047451,0.5005844281262462,0.004217939047436827,0.7070900400492715,0.7070900400492715,0.005436866416215117
272,0.020424959547498615,0.019270674424879387,0.7068441420239331,0.7068117295533535,0.5016993036937646,0.02806902623308381,0.7068279359744327,0.7068279359744327,0.0008170792877302387
273,0.7071062382890251,0.70710623823923,0.000876266605662186,0.0008762264224217365,0.500072121581186,0.9999992321917506,0.0008762465142723038,0.0008762465142723038,3.510876568985716e-11
274,0.007433546165080554,0.003066576065932063,0.707100131601764,0.7070677070772019,0.5006339071416611,0.003079864578989316,0.7070839195253433,0.7070839195253433,0.007428050318328368
275,0.04013580063154873,0.03956225411621087,0.7059991700060548,0.705966796320945,0.5033175614820371,0.00040499298685370055,0.7059829833490667,0.7059829833490667,0.056355039027328094
276,0.7066979522473746,0.7066979094704902,0.024042977145914468,0.02404187462824567,0.5019716677225075,2.6646834041880972e-08,0.024042425893399864,0.024042425893399864,0.9994217945964159
277,0.7064691777736836,0.7064691140048717,0.030023173669231386,0.03002179707544365,0.5024632382527406,4.117610064006904e-08,0.03002248538022749,0.03002248538022749,0.9990982437894631
278,0.7071065006032479,0.7071064953086772,0.0006358398155916148,0.0006358106621926296,0.5000523129937975,0.9999995957261754,0.0006358252390592124,0.0006358252390592124,1.8598284356437736e-11
279,0.707089768743035,0.7070897619142511,0.004905975545100095,0.004905750638183854,0.5004035385723259,0.9999759322176859,0.004905863092930819,0.004905863092930819,1.0989347693890791e-09
280,0.01105391236038246,0.00873741463755514,0.707052796886801,0.7070203752520329,0.5009311558766305,0.013995076454410543,0.7070365862552566,0.7070365862552566,0.0016337772353606558
281,0.011650309776699884,0.009480723957114296,0.7070432206543301,0.7070107992683744,0.5009811322968599,0.0015347402943931623,0.7070270101471915,0.7070270101471915,0.01494183445473935
282,0.015055526686587533,0.013447269445431235,0.7069789041721618,0.7069464839124658,0.501259816446244,0.02015433476998135,0.706962694228157,0.706962694228157,0.0011404952117825562
283,0.06497487497656748,0.06462401393170346,0.7041475249003963,0.7041152360386606,0.5053179568948265,0.09164025268638878,0.7041313806546097,0.7041313806546097,0.0002482789568098083
284,0.6990559052460897,0.6990551625630199,0.10640432178248384,0.10639944238843835,0.5085795205873039,0.9886138168997851,0.1064018821134311,0.1064018821134311,5.281696361791344e-07
285,0.7063447325157454,0.7063446625693491,0.032820994192628634,0.03281948883301617,0.5026918744961985,0.9989222509749923,0.032820241521453165,0.032820241521453165,4.9550579326813044e-08
286,0.007597850582214823,0.0034459227890660266,0.7070983846794787,0.7070659606199485,0.5006480922456088,0.0029298938726650217,0.7070821728355691,0.7070821728355691,0.007811365959145775
287,0.7071066581802516,0.7071066581689711,0.00041710083834076893,0.0004170817142982088,0.5000343580947032,7.898409731019623e-12,0.00041709127642909594,0.00041709127642909594,0.9999998260348518
288,0.41035637205183384,0.4103193131978619,0.5758802490247756,0.5758538424951766,0.526778737387005,0.5803053421973144,0.575867045911336,0.575867045911336,2.6152746254621482e-05
289,0.03243148437392298,0.03171812322596497,0.7063950457492087,0.7063626538976336,0.5026843023064201,0.0005044070976770993,0.7063788500090923,0.7063788500090923,0.045360622715669624
290,0.007909833325717743,0.0040879696557562855,0.7070949642757207,0.7070625393391652,0.5006726998176576,0.002711718492463819,0.7070787519933093,0.7070787519933093,0.008480774844591086
291,0.006961906208913452,0.0016168697514262512,0.7071049326176483,0.7070725082068601,0.500595289541328,0.006066175176266009,0.7070887205981119,0.7070887205981119,0.0037794079676106594
292,0.7065897918920254,0.7065897444609884,0.02703577301567246,0.027034533359834113,0.5022153850023795,3.347320981609018e-08,0.027035153194858608,0.027035153194858608,0.9992688331892775
293,0.7071026725205439,0.707102672143606,0.002410611410253873,0.0024105008408247825,0.5001987194561149,2.6239126106351835e-10,0.00241055612617329,0.00241055612617329,0.9999941892022793
294,0.7053565608480395,0.7053564001329993,0.0497227190671219,0.049720439143651776,0.5040692494380118,0.9975247010174461,0.04972157911845474,0.04972157911845474,1.1388408728351518e-07
295,0.7071062173704247,0.7071062225870666,0.0008929889277254709,0.000892947977370478,0.5000734097976552,0.9999992026070251,0.0008929684527827159,0.0008929684527827159,3.6735815234185683e-11
296,0.7071014954897621,0.7071014950044469,0.0027355461975293507,0.0027354207472339784,0.5002249459765993,0.9999925171021694,0.002735483473100815,0.002735483473100815,3.443283737679411e-10
297,0.28934840528751105,0.2892824222939618,0.6452252941041098,0.6451957070204136,0.5212695178797717,4.670489048749226e-05,0.6452105007318568,0.6452105007318568,0.4091537819809821
298,0.5498359412818756,0.5498194614550941,0.4446330684941662,0.44461268276410204,0.5276700817905746,1.1811885455068803e-05,0.44462287574596865,0.44462287574596865,0.7775737885161035
299,0.011861760966782476,0.009739376324685191,0.70703970507236,0.7070072832931301,0.5009973024791912,0.0014962223905985621,0.7070234943685898,0.7070234943685898,0.015274754997151772
300,0.0841224201481905,0.08385327570028762,0.7021172467290159,0.7020850507085402,0.5068561905596953,0.11877675420032194,0.7021011489033285,0.7021011489033285,0.00018994444831855047
301,0.7071067747299612,0.707106774729369,9.556060714801231e-05,9.555622441047263e-05,0.5000078539123715,0.9999999908685896,9.5558415804369e-05,9.5558415804369e-05,4.2639777082348815e-13
302,0.041970927025965526,0.041422967059090154,0.7058924406735237,0.7058600720288574,0.50345680493667,0.00038728102881100594,0.7058762565367277,0.7058762565367277,0.05896838923357256
303,0.033256386208763374,0.03256118890515664,0.7063566867929313,0.7063242971725794,0.5027532799350308,0.0004903951415137007,0.7063404921684109,0.7063404921684109,0.046540066170869414
304,0.7071031340227395,0.7071031336881953,0.002271195353392929,0.0022710911956071384,0.500187208264597,0.9999948418949204,0.0022711432750971367,0.0022711432750971367,2.3389690383600173e-10
305,0.01850445151932822,0.017221718464019806,0.7068970309834002,0.7068646159442196,0.5015452082999745,0.0009063401671589161,0.7068808236496148,0.7068808236496148,0.025262241792575017
306,0.012732303567356483,0.010782768930068779,0.7070245624405163,0.7069921417143697,0.5010684873554517,0.01662766731446619,0.7070083522632796,0.7070083522632796,0.0013785280592022626
307,0.16679445242630578,0.16666458423219133,0.6871847759974846,0.6871532660761916,0.5131663482443805,0.23579114491908218,0.687169021217448,0.687169021217448,9.23897315691023e-05
308,0.7071061543795161,0.7071061595903775,0.0009415518686495207,0.0009415086891403366,0.5000775036915213,0.9999991135203404,0.0009415302791424607,0.0009415302791424607,4.063010309230754e-11
309,0.7071067828473612,0.7071067828470302,7.143041153557596e-05,7.142713542896378e-05,0.5000058759570928,2.354851757660735e-13,7.142877350105236e-05,7.142877350105236e-05,0.9999999948979308
310,0.0922025342764039,0.09195775491070114,0.701101826635605,0.7010696774736497,0.507487670360152,0.00017298809050494865,0.7010857522389076,0.7010857522389076,0.13022098943844868
311,0.18653653575014353,0.18642213443775577,0.6820900144348049,0.6820587370823251,0.5146144455758701,8.080133085025555e-05,0.6820743759378478,0.6820743759378478,0.2637216048205725
312,0.7071061001328941,0.7071060948015853,0.0009852382713568385,0.0009851930891042321,0.500080953439045,4.477996189503965e-11,0.0009852156804895443,0.0009852156804895443,0.9999990293495918
313,0.7070179340194297,0.7070179206023964,0.01120981476498874,0.011209300805296321,0.5009221631327473,5.763847781021202e-09,0.011209557788088173,0.011209557788088173,0.9998743379187183
314,0.707106761864202,0.7071067618624298,0.00016531312393874395,0.00016530554336005774,0.5000135910996354,0.9999999726728239,0.00016530933369285364,0.00016530933369285364,1.2611486851253777e-12
315,0.7071053919140274,0.7071053917861105,0.0014044064859033256,0.001404342079476039,0.5001156063389655,9.016167001632463e-11,0.001404374283058903,0.001404374283058903,0.9999980277309289
316,0.4882224299600079,0.48819785269291116,0.511529921180948,0.511506463812027,0.5282612493040033,1.7372467428220966e-05,0.511518192630952,0.511518192630952,0.6904333978837668
317,0.006904782838034338,0.0013499237508593945,0.7071054926288349,0.7070730683415682,0.5005910346590013,0.005834803462634958,0.7070892806710578,0.7070892806710578,0.003931079842227954
318,0.05574331606363626,0.055333026813201736,0.7049384768500635,0.7049061517437216,0.5045744628350137,0.07854283486392086,0.7049223144821813,0.7049223144821813,0.00029014083615417214
319,0.03939251169221272,0.03880790033539031,0.7060410376681784,0.7060086614359475,0.5032508797071833,0.0004117944363637447,0.706024849737648,0.706024849737648,0.05529605348670812
320,0.021077177475827918,0.01996070578173571,0.706824992647592,0.7067925810233533,0.5017517805664201,0.0007915241329167509,0.7068087870212574,0.7068087870212574,0.029018109322060757
321,0.7069317633809803,0.706931747327217,0.01573227958339262,0.015731558189186767,0.5012929601885431,0.9997524760939854,0.01573191889042468,0.01573191889042468,1.1264846706555522e-08
322,0.01575386956231214,0.01422494670384457,0.7069636842803709,0.7069312665272466,0.5013194715364967,0.0010812208827640462,0.7069474755896273,0.7069474755896273,0.021198218706208277
323,0.023911532230088923,0.022933732625219323,0.706734776212317,0.7067023691954117,0.5019845010729501,0.03312468836825243,0.70671857288962,0.70671857288962,0.0006873763319997249
324,0.05610202636759117,0.05569441042376265,0.7049100174486221,0.704877693389036,0.5046036821769802,0.00028737294431522594,0.7048938556041133,0.7048938556041133,0.07905202135253617
325,0.7071037305763908,0.7071037355649816,0.002077161668478643,0.0020770664291582556,0.5001708324322875,0.9999956855879192,0.002077114049364311,0.002077114049364311,1.9767157084331954e-10
326,0.08949283683091121,0.08924037263425133,0.7014528892891476,0.70142072407076,0.5072786339161589,0.12638346431262976,0.7014368068643257,0.7014368068643257,0.00017860650150828617
327,0.01637885320326273,0.01491416209818776,0.7069494803512582,0.7069170624392588,0.5013705675409961,0.0010293819357598919,0.7069332715810825,0.7069332715810825,0.02212779781576516
328,0.7071067163105385,0.7071067163045883,0.00030291408363295835,0.0003029001935158643,0.5000249179638722,4.210349984961237e-12,0.0003029071386540296,0.0003029071386540296,0.9999999082472609
329,0.7070962217834168,0.7070962208148366,0.0038645192942307915,0.003864342067780756,0.5003177740770642,0.9999850660639926,0.0038644306820217462,0.0038644306820217462,6.891230586779718e-10
330,0.7070725775939991,0.7070725744574492,0.006955174341045502,0.006954855467773195,0.5005722241608037,0.9999516265976607,0.006955014906236812,0.006955014906236812,2.2031446202859293e-09
331,0.7071048624372204,0.707104867529591,0.001647351365003042,0.0016472758237520194,0.5001352753709689,0.9999972863542385,0.001647313594810545,0.001647313594810545,1.264138799443093e-10
332,0.5532918651935275,0.5532757990464884,0.44032475536751525,0.4403045672153081,0.5275960545979196,1.1280923825263652e-05,0.44031466140711356,0.44031466140711356,0.7824614992270251
333,0.7068860865249937,0.7068860662778822,0.01766604942203151,0.01766523923922567,0.5014510457391305,0.9996878762996176,0.017665644335273175,0.017665644335273175,1.428001917851443e-08
334,0.006821362096346501,0.000822829375134711,0.707106302441034,0.7070738780489279,0.5005837616727168,0.004223068144545494,0.7070900904308381,0.7070900904308381,0.005419753173771725
335,0.018226232711799843,0.016922376744932334,0.7069042602540314,0.706871844425234,0.5015194943282518,0.0009227864798291561,0.7068880525254448,0.7068880525254448,0.024853789624014164
336,0.007361287854133065,0.0028869718941560538,0.7071008877050581,0.7070684630514816,0.500628246971116,0.007245931099896308,0.7070846755641315,0.7070846755641315,0.0031653826352658837
337,0.011816766774663886,0.009684553218502995,0.7070404581273648,0.7070080367456859,0.5009945482362761,0.0015098207635252604,0.7070242476223654,0.7070242476223654,0.01520351897788289
338,0.008902437531056923,0.005779480107256479,0.7070831617353733,0.7070507383533433,0.5007556813761099,0.010381998193771471,0.70706695023021,0.70706695023021,0.002206784495384681
339,0.7070800663085746,0.7070800638582588,0.006146811710232202,0.0061465298390378014,0.5005049130381394,1.7425126608810064e-09,0.006146670776250742,0.006146670776250742,0.9999622177246188
340,0.601197880583904,0.6011873113978408,0.37225504242956514,0.37223797278276644,0.5254316741059453,7.457472421643597e-06,0.3722465077040086,0.3722465077040086,0.8502147228487218
341,0.006932647448297818,0.0014857467382670786,0.7071052202866528,0.7070727956861045,0.5005931661021368,0.0038447501432641615,0.7070890081722384,0.7070890081722384,0.005957091601489081
342,0.6495935596800508,0.6495880562620587,0.2793481054279723,0.2793352953391228,0.5206990376371551,3.897550025939715e-06,0.2793417004569785,0.2793417004569785,0.9186601269002627
343,0.7071063457890528,0.7071063457491157,0.0007847301016277513,0.0007846941140474981,0.5000644026653139,2.8847601450709536e-11,0.0007847121080439276,0.0007847121080439276,0.9999993842267184
344,0.7035275517359351,0.7035272173546802,0.07105951337562197,0.07105625490629174,0.5057771086763535,2.3227121653218627e-07,0.07105788415963463,0.07105788415963463,0.9949379649995559
345,0.05054452368580741,0.05009116181787522,0.7053303308056362,0.7052979874672667,0.5041596292002279,0.00032180666856006625,0.7053141593218463,0.7053141593218463,0.0711601697630546
346,0.16341407792617965,0.16328120322518183,0.687996546992305,0.6879649987942674,0.5129374703994133,0.23100844780421112,0.6879807730741215,0.6879807730741215,9.382832174732365e-05
347,0.006884051728933343,0.0012394648754713482,0.7071056948765301,0.7070732704831879,0.5005893573055532,0.003982725442630034,0.7070894828657163,0.7070894828657163,0.005750159948452284
348,0.7071056973756723,0.7071056972762662,0.0012380950875633967,0.0012380383130466636,0.5001018375553171,7.026200253737663e-11,0.001238066700630472,0.001238066700630472,0.9999984671896707
349,0.7070339670151465,0.7070339656034524,0.010147853608871866,0.01014738817738584,0.5008325829443808,4.777377194739014e-09,0.010147620895797295,0.010147620895797295,0.9998970204877632
350,0.7071050464724322,0.7071050463128522,0.0015687349875058018,0.001568663055362941,0.5001291786773594,1.1279274111132233e-10,0.0015686990218466744,0.0015686990218466744,0.9999975391803508
351,0.7071004212610632,0.7071004154088393,0.0030004214115180584,0.0030002838099641243,0.5002468862838633,4.120355557624247e-10,0.003000352611529924,0.003000352611529924,0.9999909978436871
352,0.026009929846739843,0.025114144208526312,0.7066606538931356,0.7066282498947862,0.5021572053812703,0.0006317810134940714,0.7066444520797014,0.7066444520797014,0.03615020805901361
353,0.7071038967182655,0.7071038964536966,0.0020198069214148037,0.002019714297709726,0.500166408349118,0.9999959205587571,0.002019760610093216,0.002019760610093216,1.8424860693669844e-10
354,0.07378800028911817,0.07347999594593922,0.7032785295996091,0.7032462804831154,0.5060290889971002,0.10413419873736436,0.7032624052262162,0.7032624052262162,0.0002178169168258316
355,0.061911725757702554,0.06154311373198565,0.7044234842830618,0.7043911827041587,0.5050772319059489,0.08729575683938864,0.7044073336787646,0.7044073336787646,0.0002595322468349585
356,0.7070759183017125,0.7070759207390758,0.006606796594669359,0.006606493607793152,0.5005430361468898,2.0064448849189066e-09,0.006606645102968164,0.006606645102968164,0.9999563512878784
357,0.7070893863005893,0.707089389973749,0.0049600440470798915,0.004959816635342586,0.5004082058353739,0.9999753987883879,0.004959930342514587,0.004959930342514587,1.13162216399464e-09
358,0.008052959644280802,0.004358640310916527,0.7070933476243687,0.7070609237123516,0.5006846030519287,0.008776170200763865,0.7070771358542153,0.7070771358542153,0.0026128032837521636
359,0.561610660256312,0.5615955868128965,0.42966312021428493,0.429643417599369,0.5273196263127302,1.077432461345962e-05,0.4296532690197649,0.4296532690197649,0.7942267539721678
360,0.02314266531886996,0.022130793193100573,0.7067603752281625,0.7067279653741937,0.5019238933596376,0.0007177083517293059,0.7067441704869595,0.7067441704869595,0.03201312012501861
361,0.6579791513667655,0.6579744773388723,0.2589779665736785,0.2589660911522407,0.5194681771882687,0.9305197345848049,0.25897202893102955,0.25897202893102955,3.3039209391807853e-06
362,0.7070993417078966,0.7070993410256349,0.0032437510868472278,0.00324360235846673,0.5002668187814411,0.9999894785059632,0.0032436767235094126,0.0032436767235094126,4.823173531588551e-10
363,0.006972194898844804,0.0016605330282270846,0.7071048314288779,0.7070724068291053,0.5005958780505346,0.006102627547616642,0.7070886193148516,0.7070886193148516,0.0037585645995127865
364,0.7071051718231564,0.7071051716755572,0.001508704636614301,0.0015086354577123536,0.5001242945381451,1.0265755771226423e-10,0.0015086700475598458,0.0015086700475598458,0.9999977239120973
365,0.498232860493695,0.49820968483336536,0.5017839275407319,0.5017609195985255,0.5283120557675867,1.646847212981914e-05,0.5017724237015027,0.5017724237015027,0.704591278227425
366,0.5135052817815556,0.5134841784310357,0.48614195303535734,0.48611966179375254,0.5282111237626949,1.4992316494413095e-05,0.486130807542324,0.486130807542324,0.7261912115219938
367,0.006884552587793703,0.0012421739833587766,0.7071056901226354,0.7070732656066511,0.5005889842535298,0.005750971025303222,0.7070894780505019,0.7070894780505019,0.003983264086096963
368,0.02641788028767075,0.02553644007990723,0.706645519499025,0.7066131159277387,0.5021890876750166,0.03673725625623291,0.7066293178991214,0.7066293178991214,0.0006230358033626233
369,0.7070966064554101,0.7070966055223522,0.003793475814864955,0.0037933018907000664,0.5003124458688138,6.532644597616202e-10,0.003793388853779299,0.003793388853779299,0.9999856100974606
370,0.7070848629661924,0.7070848609565159,0.005567711029131055,0.00556745579957713,0.5004594121369335,1.3860283628142082e-09,0.005567583415816625,0.005567583415816625,0.999969001534455
371,0.009671967872739702,0.006906424482888053,0.7070730523085084,0.7070406304007409,0.5008188364741312,0.011723625507258922,0.7070568415404621,0.7070568415404621,0.0019499401618235678
372,0.7071058555329321,0.7071058607163783,0.001144198898801329,0.0011441464239377742,0.5000939954359837,6.103477902212259e-11,0.0011441726616703816,0.0011441726616703816,0.9999986908680629
373,0.7070913050071724,0.7070913035877892,0.0046785030214067285,0.004678288496243798,0.5003837179666052,1.0283214666186399e-09,0.00467839576005488,0.00467839576005488,0.9999781123735787
374,0.013764463501990721,0.011984074557063013,0.7070052206009562,0.7069727997203983,0.5011547038290273,0.0012558992216054796,0.7069890103465207,0.7069890103465207,0.018207174839388194
375,0.19955630911013922,0.19945053135501423,0.6783947859043448,0.678363677900238,0.5155381557017419,0.28214044261224647,0.678379232080604,0.678379232080604,7.48733907640163e-05
376,0.7066024990038722,0.7066024527384658,0.026701568942420865,0.026700344594880743,0.5021846145704569,3.319381686607097e-08,0.026700956775668472,0.026700956775668472,0.999286804583415
377,0.06694320823463908,0.06660288811254277,0.7039631064871744,0.7039308253452597,0.5054762583592232,0.00024129563269263628,0.7039469661012582,0.7039469661012582,0.0944313486618495
378,0.02557481781767349,0.024663178915972733,0.7066765367590456,0.7066441315779767,0.5021235646418991,0.035523624399994576,0.706660334354261,0.706660334354261,0.0006448334176992977
379,0.006774101361925285,0.00018510116457008314,0.7071067569593419,0.7070743324083667,0.5005800384935306,0.004641642189367639,0.7070905448697131,0.7070905448697131,0.004937395010392182
380,0.7071067527341828,0.7071067527310895,0.0002183865236177594,0.00021837650802529132,0.5000179573319954,2.210211116959549e-12,0.00021838151587894335,0.00021838151587894335,0.9999999523095122
381,0.006993007209055733,0.0017458668787831797,0.7071046258856184,0.7070722012992542,0.5005980135036896,0.006181428209939072,0.7070884137782961,0.7070884137782961,0.003706770328696806
382,0.03736808026886572,0.036751097682959845,0.7061510864137366,0.7061187057266082,0.5030816776673529,0.0004349807569636057,0.7061348962557796,0.7061348962557796,0.052410183852202676
383,0.060458418725855785,0.06008076105243012,0.7045497158833898,0.7045174090149751,0.5049520857820884,0.0002671428148557282,0.7045335626343643,0.7045335626343643,0.08523407111118528
384,0.7066617531933059,0.7066617123577507,0.025084343475786648,0.02508319305357058,0.5020622452937297,0.9993706065012243,0.025083768271273874,0.025083768271273874,2.8600335909795364e-08
385,0.007097128404993135,0.002124214618265837,0.707103590510113,0.7070711638643178,0.5006066084630348,0.006520024376788553,0.7070873773730991,0.7070873773730991,0.003517215015818301
386,0.011132695601859833,0.008836852194484306,0.7070515610934924,0.707019139124701,0.500938289944089,0.0016228966736444364,0.7070353502949405,0.7070353502949405,0.014120661209824423
387,0.012005347837444346,0.009913806622724943,0.707037280798011,0.7070048596886022,0.501011139385033,0.001476696227367004,0.7070210704291443,0.7070210704291443,0.015499396978685808
388,0.7070951634031827,0.7070951623369308,0.0040544851915822995,0.004054299234827514,0.5003336154352263,7.508463697503186e-10,0.004054392214271033,0.004054392214271033,0.9999835617686664
389,0.7071060861737887,0.7071060808412033,0.0009952072116267818,0.0009951615749759603,0.5000819125785977,4.53628885273268e-11,0.000995184393562969,0.000995184393562969,0.9999990096075331
390,0.706737569235891,0.7067375353602039,0.02284854728390364,0.02284749943745249,0.5018772334200011,0.9994778314982634,0.022848023366685056,0.022848023366685056,2.385079383035503e-08
391,0.7071057395097435,0.7071057394142004,0.0012137905490521965,0.0012137348882016632,0.5000998552196539,6.750519206555445e-11,0.0012137627189459928,0.0012137627189459928,0.9999985267789773
392,0.7070944524558784,0.7070944513251967,0.004175752042359363,0.004175560575729028,0.5003443669759235,0.9999825637423685,0.004175656310141613,0.004175656310141613,7.831380183819633e-10
393,0.011302998555828675,0.009050483598384857,0.7070488588114932,0.7070164370250853,0.5009524504436961,0.0015921504586828427,0.7070326481041317,0.7070326481041317,0.014392153648242314
394,0.09506334612970298,0.09482619097623597,0.70071962546009,0.700687491127546,0.5077146057604717,0.00016710925446383352,0.7007035584780287,0.7007035584780287,0.13427218009302735
395,0.7071049090899141,0.7071049141865706,0.0016272012053143475,0.0016271265911054903,0.5001336289741077,1.2305966263368108e-10,0.001627163898637602,0.001627163898637602,0.9999973523341412
396,0.7071057206667982,0.7071057205695409,0.0012247194908879787,0.0012246633369609758,0.5001008503281195,0.9999985001298163,0.0012246914142463204,0.0012246914142463204,6.782051809910595e-11
397,0.7067738565086109,0.7067738312367282,0.021696979652230823,0.021695984788564708,0.5017800801302301,2.1688927694638875e-08,0.02169648222610004,0.02169648222610004,0.9995291518100037
398,0.7069983530791277,0.7069983378628534,0.012383467170448251,0.012382899209723188,0.5010184870091408,0.9998466450151237,0.012383183193341946,0.012383183193341946,6.984180765062446e-09
399,0.7066733008305154,0.7066732610601165,0.02475685970919746,0.024755724455251826,0.5020333319995414,2.8042482228195178e-08,0.02475629208873209,0.02475629208873209,0.9993869380795586
400,0.06778972212041509,0.06745375731751338,0.7038820857386164,0.703849808961281,0.5055519859127797,0.09563158232966847,0.7038659475349611,0.7038659475349611,0.0002371972532094762
401,0.7070923399306113,0.7070923333368787,0.00452019205434806,0.004519984721325839,0.5003722954334873,0.9999795685922342,0.004520088389025726,0.004520088389025726,9.292510068046757e-10
402,0.7066533449645598,0.7066533033673382,0.025320127172391373,0.02531896621895101,0.5020783844581681,0.9993587149315165,0.02531954670232521,0.02531954670232521,2.9323814438251772e-08
403,0.7070758909793105,0.7070758881456847,0.006609720341362757,0.0066094172068392526,0.5005427909205072,2.0275505357382518e-09,0.006609568775838837,0.006609568775838837,0.999956312646305
404,0.0072521226696130635,0.002596189029120785,0.7071020151312223,0.7070695911413446,0.5006191111445084,0.006969086273053148,0.7070858033221371,0.7070858033221371,0.0032810542668368684
405,0.007178370346625666,0.002382343087917996,0.7071027679491957,0.7070703437424066,0.5006131107962256,0.003396920933245509,0.7070865560316572,0.7070865560316572,0.006757624342879052
406,0.7071045205005172,0.7071045202931825,0.0017881221848177532,0.0017880401934059905,0.5001475261959956,0.9999968027605481,0.0017880811895818309,0.0017880811895818309,1.4392566473027965e-10
407,0.707106212531216,0.7071062124790638,0.0008968129750808305,0.0008967718539360537,0.5000738832299171,0.9999991957630409,0.0008967924147441363,0.0008967924147441363,3.66118134905021e-11
408,0.17679346878065505,0.17667183863494673,0.6846802621905692,0.6846488657673383,0.51390922369354,8.638003578588663e-05,0.6846645641589209,0.6846645641589209,0.24993771565859874
409,0.015641186343790515,0.014100026776272593,0.7069661867785416,0.7069337686726808,0.50130974458466,0.0010904252346895752,0.7069499779114331,0.7069499779114331,0.021030179144681985
410,0.114348417695917,0.11415297359903645,0.6978317122476563,0.6977997129337602,0.5092357805842681,0.00013818334629384183,0.69781571277413,0.69781571277413,0.16157488330933442
411,0.009698337833532163,0.00694321185261455,0.7070726920261916,0.7070402691808031,0.5008201407180701,0.011766671920078929,0.7070564807893457,0.7070564807893457,0.0019522754643837045
412,0.006995484666422566,0.0017558030928213507,0.7071046012829683,0.7070721767926363,0.5005983066239102,0.003696058561004048,0.707088389223661,0.707088389223661,0.006193448254522062
413,0.021128549971381468,0.020014956846866792,0.7068234585116869,0.7067910471816343,0.5017561120110424,0.0007828471641255447,0.7068072530324424,0.7068072530324424,0.02909297633094154
414,0.7056897215900876,0.7056895914868625,0.04474595475688008,0.04474390284836866,0.5036565979366467,9.308955520026789e-08,0.0447449288143864,0.0447449288143864,0.9979958831031228
415,0.006921038543564151,0.0014305568355090005,0.7071053340960881,0.7070729094127977,0.5005921021395783,0.0038758300552646408,0.7070891219403036,0.7070891219403036,0.005909755389508894
416,0.706798232301219,0.7067982039952287,0.020887767451758976,0.02088680961448454,0.5017210957985514,0.9995636259663558,0.020887288538612256,0.020887288538612256,1.9699349192252797e-08
417,0.7068785761412325,0.7068785552095262,0.017964080407725857,0.017963256735521828,0.5014770679618349,0.9996772545289623,0.017963668576344734,0.017963668576344734,1.4690323030531653e-08
418,0.012351325774484861,0.010330144707251557,0.7070313204592246,0.706998900106358,0.5010374652595796,0.016039104549407778,0.7070151104686219,0.7070151104686219,0.0014192474461411626
419,0.7070886916581233,0.7070886899988793,0.005058109890944569,0.005057877934825646,0.5004158355181967,0.999974416370303,0.005057993914214778,0.005057993914214778,1.1918776766542919e-09
420,0.7069061314453128,0.706906113040316,0.016844801756969206,0.016844029358258465,0.5013857737440474,1.2898554207418535e-08,0.01684441556204112,0.01684441556204112,0.9997162254003614
421,0.03925436237339885,0.03866766274875282,0.7060487319463208,0.7060163560673736,0.5032392969515715,0.00041429770951120635,0.7060325441924262,0.7060325441924262,0.05509919636198805
422,0.707104999138107,0.7071049989746886,0.0015875846452379908,0.0015875118575452089,0.5001305579101457,1.142853767887945e-10,0.0015875482518087566,0.0015875482518087566,0.9999974796873725
423,0.7009288653449436,0.7009282909529859,0.093271276080712,0.09326699904968348,0.5075519635541491,4.0422864985214345e-07,0.09326913758971417,0.09326913758971417,0.9912626977478649
424,0.017131898833032896,0.015737596505402147,0.7069316289827745,0.7068992134967903,0.5014292383785962,0.023242513643525333,0.7069154214255834,0.7069154214255834,0.0009795207617293057
425,0.061136793403607635,0.06076340716923917,0.7044911698163286,0.7044588650512226,0.5050125470734559,0.0002640732894352183,0.7044750176189487,0.7044750176189487,0.08619645797160046
426,0.0071514623538325005,0.0022997446368416235,0.7071030414124239,0.707070616407019,0.5006114092195457,0.0066883341448142385,0.7070868290955865,0.7070868290955865,0.0034202961078862826
427,0.013202604941008129,0.011334301112493011,0.7070159359012307,0.7069835155240703,0.5011099934786782,0.01735014755230533,0.7069997258984854,0.7069997258984854,0.0013219451010636186
428,0.02438127421643968,0.023423184906049683,0.706718723694064,0.7066863190041146,0.5020252983212202,0.0006735430571480943,0.7067025215348225,0.7067025215348225,0.03380293555895875
429,0.7070741125525389,0.7070741148237913,0.0067973227369141145,0.006797010963726951,0.5005581273559492,0.9999537974554488,0.00679716685210809,0.00679716685210809,2.141745023453129e-09
430,0.05571862570262863,0.05530815080773757,0.7049404290110083,0.7049081037991394,0.5045785412631199,0.0785077861649303,0.7049242665903633,0.7049242665903633,0.00029026806685943584
431,0.7071052479992744,0.7071052425898141,0.001475093895226789,0.001475026253571059,0.5001216427354034,9.816746248191489e-11,0.0014750600747866537,0.0014750600747866537,0.9999978241954086
432,0.007283693828000793,0.0026828359564935312,0.7071016916902558,0.707069266624007,0.5006216907463025,0.003255781718596406,0.7070854793429976,0.7070854793429976,0.007046253610988243
433,0.707081238681137,0.7070812363382041,0.006010425811623942,0.006010150176917952,0.5004957571631107,1.6179127940208851e-09,0.006010287995851041,0.006010287995851041,0.999963875785728
434,0.7071066931244204,0.7071066931163438,0.0003529165168219473,0.0003529003338279383,0.500029005240461,0.9999998754556347,0.00035290842541770397,0.00035290842541770397,5.773664025554242e-12
435,0.7071059395195476,0.7071059394423544,0.0010910569842970817,0.0010910069548044133,0.5000897631318106,0.9999988096485302,0.0010910319698375119,0.0010910319698375119,5.493559809924121e-11
436,0.7067400184945076,0.7067399901158562,0.022772655044075406,0.02277161079906778,0.5018724476360423,2.3357224694252606e-08,0.022772132927557247,0.022772132927557247,0.9994812954347178
437,0.7071067496630513,0.7071067496596766,0.00022811468016857217,0.00022810421912194896,0.5000188098694628,2.359706861721432e-12,0.00022810944970522826,0.00022810944970522826,0.9999999479660775
438,0.7070989906899646,0.7070989899755225,0.0033193938599754926,0.0033192416656550915,0.5002732263214796,5.004325360826839e-10,0.003319317763687577,0.003319317763687577,0.9999889820688881
439,0.703768375148545,0.703768073491946,0.06863312719694724,0.06862997989780326,0.5055845758829515,2.1876446130349018e-07,0.06863155356541632,0.06863155356541632,0.9952785638756314
440,0.5654587579534466,0.5654441416225146,0.424585589374877,0.4245661232997513,0.5272265155318631,0.7996691091539448,0.424575856448875,0.424575856448875,1.0315684427900658e-05
441,0.7059569485385324,0.7059568429996947,0.04031058496683649,0.040308736629039964,0.5033032608396978,7.432677736077779e-08,0.04030966080853232,0.04030966080853232,0.9983738089969095
442,0.7068409494152261,0.7068409302976026,0.019388313588258144,0.01938742452672514,0.5015921619272585,0.9996240398601963,0.019387869062587815,0.019387869062587815,1.719303261327591e-08
443,0.7066045826163062,0.7066045365363938,0.026646368348947066,0.026645146380441694,0.5021853969287663,3.2641490566943045e-08,0.026645757371699285,0.026645757371699285,0.9992897513875421
444,0.3724945368546341,0.3724500608678993,0.6010665122592445,0.6010389504960939,0.5254255343635347,3.134725029217026e-05,0.6010527315356526,0.6010527315356526,0.5267553766639693
445,0.7071045063769292,0.7071045061682656,0.0017936991200543922,0.0017936168597003797,0.5001473220317298,0.9999967827858388,0.0017936579903489623,0.0017936579903489623,1.4981025449559785e-10
446,0.009517961889975453,0.006688915440556077,0.7070751433977991,0.7070427203521993,0.5008058920731747,0.0019991354493342304,0.7070589320608491,0.7070589320608491,0.011460220042366432
447,0.1329365715829466,0.1327700828036324,0.6945301326165172,0.6944982853009437,0.5106380199287088,0.1878829764036122,0.6945142091412776,0.6945142091412776,0.00011738591233376266
448,0.007137131369934409,0.0022551620521303536,0.7071031850049333,0.707070761208389,0.5006097995014254,0.006648272062123846,0.7070869732925122,0.7070869732925122,0.0034387321298778376
449,0.7071063242310011,0.7071063241890766,0.0008039227651334163,0.0008038858887309333,0.5000661798551409,0.9999993537376239,0.0008039043271436226,0.0008039043271436226,2.954928781805615e-11
450,0.02828231785936372,0.02746095084351698,0.7065733480529605,0.7065409475016308,0.5023415183278587,0.0005801081490416068,0.7065571479630196,0.7065571479630196,0.03941645340798124
451,0.049486021966411414,0.04902277758397817,0.7054053921525922,0.7053730457211563,0.5040738510221391,0.0003273883364130479,0.7053892191222847,0.7053892191222847,0.0696562409909229
452,0.705570782690603,0.7055706469418418,0.046584005929768524,0.04658187000721306,0.5038075616064217,1.0042562891299941e-07,0.046582937980732854,0.046582937980732854,0.997827670381091
453,0.0912786716430008,0.0910313167819917,0.7012227173765415,0.7011905619038904,0.5074211037969044,0.12891262917533375,0.7012066398245367,0.7012066398245367,0.0001748458663447292
454,0.7070946130691761,0.7070946119530757,0.004148463201671862,0.004148272960928615,0.5003406578111859,0.9999827908941828,0.004148368082390775,0.004148368082390775,8.008923761716438e-10
455,0.7071066507965108,0.7071066507845513,0.0004294371374200391,0.00042941744447082665,0.5000352777686644,0.9999998155921852,0.00042942729105831945,0.00042942729105831945,8.562721515479864e-12
456,0.011034038381605998,0.008712250067269946,0.7070531074104415,0.7070206856924267,0.500931353207842,0.01396297483042465,0.7070368967372745,0.7070368967372745,0.0016397067196079085
457,0.7070325160560471,0.7070325039750652,0.01024882055414262,0.010248350562662224,0.5008417232867299,4.865254139905075e-09,0.0102485855610966,0.0102485855610966,0.9998949609774006
458,0.7071060812100318,0.7071060811458149,0.0009949907622691595,0.000994945124420967,0.5000818387929362,0.99999901003831,0.0009949679436067318,0.0009949679436067318,4.5513717672666964e-11
459,0.7071019742182939,0.7071019790457305,0.0026074278784837153,0.0026073083038672265,0.5002143261414326,3.149173020167304e-10,0.002607368091860937,0.002607368091860937,0.999993201608525
460,0.007429605981274531,0.0030571004780157846,0.7071001726323275,0.7070677484907849,0.5006337892561448,0.003098298112306956,0.7070839607474121,0.7070839607474121,0.007412520240244194
461,0.020387521189160103,0.019230964715029147,0.7068452235125233,0.7068128104242092,0.5016970850042078,0.0008173407889233056,0.7068290171541625,0.7068290171541625,0.028014513592273697
462,0.13812053985620912,0.13796077264114967,0.6935177180233053,0.6934859165619912,0.5110554377298472,0.1952189681881875,0.6935018174749358,0.6935018174749358,0.00011303739690361935
463,0.7070727743288234,0.7070727764774649,0.006935143449831378,0.0069348253719491255,0.5005702192955193,0.9999519048346218,0.006934984412713861,0.006934984412713861,2.2169773673256705e-09
464,0.012930031573881,0.011015573783827205,0.7070209736169204,0.7069885531488493,0.5010860820292523,0.016932175449814717,0.7070047635687194,0.7070047635687194,0.0013527811446027314
465,0.7071006851338943,0.7071006845747166,0.0029363027717840347,0.002936168111292725,0.5002416313097413,0.9999913784842629,0.002936235442310349,0.002936235442310349,3.945719535437065e-10
466,0.12866829920306608,0.12849588116089516,0.6953335951359506,0.6953017106121567,0.5103292364833305,0.18184253598541483,0.6953176530568161,0.6953176530568161,0.00012166148836245485
467,0.6939642825392374,0.6939630657310529,0.13570284964273388,0.1356966269286072,0.5108463454418956,0.9814128397561873,0.13569973832133955,0.13569973832133955,8.583535890548091e-07
468,0.7071061284485777,0.7071061283882296,0.0009647001514614141,0.0009646559165488215,0.5000794803701137,4.225150672624002e-11,0.0009646780342586648,0.0009646780342586648,0.9999990693958575
469,0.01394656256993276,0.012192859325979435,0.7070016507628955,0.7069692308668639,0.5011688233333147,0.0184832422206154,0.7069854410007128,0.7069854410007128,0.0012418466387736937
470,0.7063955699595892,0.7063954994268121,0.031708017748466114,0.03170656374548143,0.5025997957492828,4.61164222716528e-08,0.03170729075530831,0.03170729075530831,0.9989941418376286
471,0.008076400285890144,0.004401829233291878,0.7070930800816811,0.7070606563502313,0.5006870361455393,0.0026019906616364286,0.7070768684018093,0.7070768684018093,0.008822357211864992
472,0.7066180821325427,0.7066180372972876,0.026285915736899333,0.02628471044781248,0.5021572090020485,0.9993088434665948,0.02628531309926434,0.02628531309926434,3.183240947826721e-08
473,0.007498449852998438,0.003220836662980278,0.7070994457720855,0.7070670217523952,0.5006396590290303,0.007578690200238116,0.707083233948095,0.707083233948095,0.0030272089218197364
474,0.007178159954620821,0.002381765463239172,0.7071027698950618,0.7070703458777327,0.5006130063108744,0.006768819398390125,0.707086558072251,0.707086558072251,0.0033737028630243136
475,0.7071064783867888,0.7071064730901695,0.0006600863433095774,0.000660056066283962,0.5000544357497951,0.999999564305909,0.0006600712049703683,0.0006600712049703683,1.987234510183877e-11
476,0.7071066834589723,0.7071066834500089,0.00037177994675796394,0.00037176289853013326,0.5000305694382102,0.9999998617859999,0.0003717714227417707,0.0003717714227417707,6.409889325742291e-12
477,0.00910670752572016,0.006089522595650504,0.7070805595648606,0.7070481368899431,0.5007722388363317,0.002132180568627849,0.7070643484132461,0.7070643484132461,0.010745613613257229
478,0.007057321705866057,0.001987949949770795,0.7071039867339133,0.7070715622978603,0.5006033146771455,0.006397111908219293,0.707087774701745,0.707087774701745,0.0035825541023968978
479,0.03112041244236732,0.0303761482861507,0.7064540251249881,0.7064216304229483,0.502578587357352,0.04348462283084697,0.7064378279596565,0.7064378279596565,0.0005272879139995541
480,0.7071067810813316,0.7071067810813221,1.2198801606550644e-05,1.2198242100942191e-05,0.5000010068354245,6.887420107685599e-15,1.2198521856954252e-05,1.2198521856954252e-05,0.9999999998511957
481,0.012410556659810773,0.010400848141051692,0.7070302839044056,0.706997862856311,0.5010431822609398,0.016130042830634975,0.7070140735661972,0.7070140735661972,0.0014217161958257909
482,0.006773705416041197,0.0001710094084860575,0.7071067605077626,0.7070743362016024,0.5005799880746349,0.004890583701374145,0.7070905485405385,0.7070905485405385,0.004689831589828165
483,0.00983635474187174,0.007134721932808563,0.7070707855249989,0.7070383625556604,0.5008313070882358,0.012000347704888252,0.7070545742261799,0.7070545742261799,0.0019104414746925775
484,0.39404346511863725,0.39400334395856995,0.5871638314384752,0.5871369070305005,0.5262591461362133,0.5572332425901254,0.5871503693888188,0.5871503693888188,2.8385427299616233e-05
485,0.012178721662009331,0.010123113944457139,0.7070343149834163,0.70700189443783,0.5010235934873944,0.015770115685259472,0.7070181048964552,0.7070181048964552,0.0014498787972417515
486,0.7071063720092527,0.7071063667028827,0.0007656162536660213,0.0007655811440634287,0.5000630992060577,0.99999941385846,0.0007655986990659867,0.0007655986990659867,2.6538658548101174e-11
487,0.707082796693324,0.7070827944939829,0.005824236480316702,0.005823969466444223,0.5004802222361859,1.5189368971080864e-09,0.0058241029749106655,0.0058241029749106655,0.9999660792492279
488,0.7071051872920807,0.7071051871458831,0.0015014364403381534,0.0015013675866571649,0.5001233875563952,0.999997745789451,0.0015014020138923595,0.0015014020138923595,1.0433295113706072e-10
489,0.0073848747863666225,0.0029467289890620554,0.7071006412019929,0.7070682170945417,0.5006294887249045,0.003135669042044817,0.7070844293341226,0.7070844293341226,0.00730665218443723
490,0.021741793311822882,0.0206613336555977,0.7068048594190476,0.7067724488288931,0.5018070070789648,0.02998358832601121,0.7067886543097485,0.7067886543097485,0.0007620427383300191
491,0.09742657762089119,0.09719541992887973,0.7003949245567438,0.7003628073884838,0.5079147708872059,0.13761853423605575,0.700378866156713,0.700378866156713,0.00016345271600316696
492,0.7070910037274427,0.7070909970115833,0.00472461058328425,0.004724393943182912,0.5003884385239937,1.0275666767363383e-09,0.004724502264475325,0.004724502264475325,0.9999776788292344
493,0.009335785732666241,0.006427034481482095,0.7070775722845221,0.7070451492689512,0.5007914744636284,0.011146560597324818,0.7070613609625855,0.7070613609625855,0.002053741542302794
494,0.7071065901230502,0.7071065901055296,0.0005198358685694186,0.0005198120355727293,0.5000427760822538,0.9999997297830221,0.0005198239522076616,0.0005198239522076616,1.2376475715967896e-11
495,0.01906713667026984,0.017824959598629026,0.706882077022264,0.7068496617380531,0.5015897834980216,0.0008775358200993015,0.7068658695659702,0.7068658695659702,0.02608667890667474
496,0.019667961500566225,0.01846634175646252,0.7068656125659393,0.7068331990578957,0.501633977831662,0.02696494998829969,0.7068494059977132,0.7068494059977132,0.000852029050132146
497,0.707097787874078,0.7070977817803961,0.0035674922902902977,0.0035673287021363016,0.5002931106517146,5.881883001840823e-10,0.0035674104971509936,0.0035674104971509936,0.999987273501361
498,0.7035922049254385,0.7035918818100855,0.07041636067664095,0.07041313207179407,0.5057400329217401,0.9950294101084882,0.07041474639272198,0.07041474639272198,2.2772569803297886e-07
499,0.02083647335602862,0.019706271163402424,0.7068321320347878,0.7067997180093472,0.5017324448262704,0.028667978257738976,0.7068159252078778,0.7068159252078778,0.0008017279437829029
500,0.21525998101055133,0.21516331156220098,0.6735760902508228,0.6735452030675703,0.5166169209788259,0.30435522892788536,0.6735606468362442,0.6735606468362442,6.849328582159354e-05
501,0.011318392918921982,0.009069681252192263,0.7070486128138445,0.7070161907493568,0.5009544925010159,0.001585836329192571,0.7070324019674462,0.7070324019674462,0.014417012846650453
502,0.7070808471744597,0.7070808447958394,0.0060563126406471095,0.0060560349278700725,0.5004982220943839,0.9999633220864405,0.006056173785850447,0.006056173785850447,1.6683965893998414e-09
503,0.3559985632395863,0.3559504770116859,0.6109822075274833,0.61095419056698,0.5247273218380609,0.50342399421971,0.6109681992078273,0.6109681992078273,3.4020141440398174e-05
504,0.007231341103743985,0.0025376019383109307,0.7071022278118684,0.7070698039839077,0.5006180058594256,0.003310979950078004,0.7070860160837398,0.7070860160837398,0.006911521498320968
505,0.04885342603844914,0.04838405817917574,0.7054494899807593,0.7054171409629235,0.5040144957488524,0.00033235614428847577,0.70543331565727,0.70543331565727,0.06875728223958127
506,0.707101611944501,0.7071016167387586,0.002703896440383149,0.00270377245504211,0.50022247116647,3.3537210047511e-10,0.0027038344484233046,0.0027038344484233046,0.9999926892525526
507,0.6962071615754892,0.6962061593383001,0.12368100515089814,0.12367533372099594,0.5099265446631068,0.9845848977073263,0.12367816946845596,0.12367816946845596,7.186167857742659e-07
508,0.026736941223063887,0.025866422781756666,0.7066335175835339,0.7066011151802957,0.5022157845974724,0.037196196950630075,0.7066173165676441,0.7066173165676441,0.0006154558473942884
509,0.04942246092095754,0.04895861042381033,0.705409848574127,0.705377502020386,0.5040575951866405,0.06956592453854187,0.7053936754826673,0.7053936754826673,0.00032759916346987775
510,0.7068233920662919,0.7068233713370693,0.02001822118206875,0.020017303212508504,0.5016410559886298,1.876720772082046e-08,0.020017762202550634,0.020017762202550634,0.9995992088796415
511,0.6928762215158044,0.6928749028620406,0.14115370694358578,0.1411472339721179,0.5112587310454936,0.9798740170844615,0.14115047049495708,0.14115047049495708,9.27925030220947e-07
512,0.7070394537088026,0.7070394528023082,0.009758054667056953,0.009757607245604665,0.5008012039390486,4.422146266812689e-09,0.009757830958895238,0.009757830958895238,0.9999047802015744
513,0.7071067640621023,0.7071067640605314,0.00015562725730611354,0.00015562011954065318,0.5000128104961844,1.1113595169478923e-12,0.00015562368846430558,0.00015562368846430558,0.9999999757812668
514,0.7070984733222052,0.7070984725601476,0.003427842339883926,0.003427685138295548,0.5002815474067644,0.9999882503667169,0.003427763739990921,0.003427763739990921,5.442184715437607e-10
515,0.6990926476293091,0.6990919083387492,0.10616262852475963,0.10615776010562224,0.5085610604225097,0.9886657808753149,0.10616019434309866,0.10616019434309866,5.252167363981847e-07
516,0.7071020848339358,0.7071020896716124,0.0025772529115646132,0.002577134746456484,0.5002116435660773,0.9999933580499065,0.0025771938296877874,0.0025771938296877874,3.0934299208151737e-10
517,0.7071067744383472,0.7071067744377283,9.769478549505025e-05,9.76903053977619e-05,0.5000080371446658,0.9999999904561662,9.769254547208777e-05,9.769254547208777e-05,4.429198073338549e-13
518,0.018823616378261136,0.017564242867341952,0.706888603227194,0.7068561886737926,0.5015665974586745,0.025730141170306507,0.7068723961362949,0.7068723961362949,0.0008893797923338681
519,0.006797035837731251,0.0005879080083123161,0.7071065367850681,0.7070741123134262,0.5005820913118962,0.004399439513495126,0.7070903247351051,0.7070903247351051,0.005214428441616445
520,0.7071067619657719,0.7071067619640093,0.00016487805646679202,0.00016487049725733517,0.5000135525327748,1.2618042530425149e-12,0.00016487427690538577,0.00016487427690538577,0.9999999728164723
521,0.4129327661675416,0.41289617039365567,0.5740354975733051,0.5740091729451727,0.5268841555264376,0.5839492411393671,0.5740223354101447,0.5740223354101447,2.5947674703213293e-05
522,0.02671506016776426,0.025843780129299773,0.7066343460578645,0.7066019427939821,0.5022127371043743,0.037164719322531264,0.7066181446116623,0.7066181446116623,0.000615669405059457
523,0.00744299709628621,0.0030894484049848675,0.7071000320382909,0.7070676076544757,0.500635150770471,0.0030824147694656664,0.707083820032242,0.707083820032242,0.007445912731920005
524,0.017642518386048373,0.016291989568153864,0.7069190696790573,0.7068866539587451,0.5014682034322174,0.0239953723395893,0.7069028620047082,0.7069028620047082,0.0009536694266685039
525,0.7070935586663182,0.7070935627220513,0.0043244661497432845,0.004324267869177087,0.5003556706504659,0.9999812996751092,0.0043243670105966294,0.0043243670105966294,8.555841635283311e-10
526,0.01245598437220863,0.010455018621356277,0.7070294849478506,0.7069970639637163,0.5010449588621575,0.016200596055584323,0.7070132746416218,0.7070132746416218,0.0014140892819754565
527,0.7071052605697025,0.7071052656985535,0.0014665169417279128,0.0014664496755100935,0.5001203829156584,0.9999978494243897,0.0014664833090046831,0.0014664833090046831,1.0029966103364813e-10
528,0.008647891736150031,0.005379200454311372,0.7070863201918683,0.7070538975000057,0.5007336263211418,0.009919468241839027,0.70707010903178,0.70707010903178,0.002307807917316197
529,0.7071067697330208,0.7071067697319704,0.00012727614319801985,0.00012727030736378153,0.500010481340477,0.9999999838015246,0.00012727322531434938,0.00012727322531434938,7.398238757367448e-13
530,0.7022132698384584,0.7022128193841697,0.08304911975774415,0.08304531090182571,0.5067451957323174,0.9930792113646241,0.08304721535162099,0.08304721535162099,3.1758380917090543e-07
531,0.7071067196162969,0.7071067196106494,0.00029509569001969844,0.00029508215717554467,0.5000242712060258,4.01910964653752e-12,0.000295088923675199,0.000295088923675199,0.9999999129225233
532,0.7071053942439353,0.7071053941167257,0.0014005752492410781,0.0014005110237620725,0.5001153892882515,0.999998038476997,0.0014005431368697286,0.0014005431368697286,8.884747164834348e-11
533,0.015885679956123163,0.014370748675450193,0.7069607355309792,0.7069283168556255,0.5013274905596831,0.0010816207338491801,0.7069445263791322,0.7069445263791322,0.021394002471473973
534,0.7070889157382294,0.7070889140992354,0.005026684584546673,0.005026454026804413,0.5004132993677443,1.165408191769558e-09,0.005026569306997442,0.005026569306997442,0.999974733281747
535,0.7070989556349141,0.707098954917166,0.0033268536259669274,0.003326701070251588,0.5002735104412157,0.9999889324912226,0.0033267773489837247,0.0033267773489837247,5.112996443851486e-10
536,0.7054045614084697,0.7054044051386764,0.04903697799568703,0.04903472997910496,0.5040136820785968,1.0892271666472208e-07,0.049035854000278364,0.049035854000278364,0.9975925872042726
537,0.70710619150463,0.7071061914505531,0.000913242735774486,0.0009132008640718822,0.5000751444960694,3.8130853728509155e-11,0.0009132218001631642,0.0009132218001631642,0.9999991660255968
538,0.7070621457404992,0.7070621363770943,0.007945772577886735,0.00794540816770977,0.5006528040521475,0.9999368656006187,0.00794559037488738,0.00794559037488738,2.9356155253513893e-09
539,0.009975283416629266,0.007325113813185533,0.7070688387332773,0.7070364161206686,0.5008431426809064,0.0018729356884190855,0.7070526276128196,0.7070526276128196,0.012233383976858019
540,0.08279730986121414,0.08252372158322892,0.7022747577523014,0.7022425545918918,0.506745472068709,0.00019351405675781009,0.7022586563566875,0.7022586563566875,0.11689962231123775
541,0.009890427554904881,0.007209021228754075,0.7070700319013083,0.7070376082237599,0.5008353130824085,0.0018914405488193518,0.7070538202483927,0.7070538202483927,0.01209185663766035
542,0.009380010786580703,0.006491037870509523,0.7070769876239476,0.7070445639403757,0.5007933268470214,0.0020334202919567008,0.7070607759680183,0.7070607759680183,0.011224231684575026
543,0.7058629363111389,0.7058628221416581,0.04192465048409789,0.04192272822964632,0.5034322863916905,8.07038272675867e-08,0.041923689367889344,0.041923689367889344,0.998240856977695
544,0.00728482653527432,0.0026860412245965255,0.7071016795217929,0.707069254954811,0.5006211587815326,0.0070369536071034485,0.7070854674241623,0.7070854674241623,0.0032809753185207976
545,0.009334411307225439,0.006425019710296227,0.7070775905955972,0.7070451674154574,0.5007890898151303,0.011143638656006871,0.7070613791913781,0.7070613791913781,0.002057043870833047
546,0.7071061417661798,0.7071061364386881,0.0009548878210998812,0.0009548440295576464,0.5000786937285956,4.1288637462507967e-11,0.000954865925579807,0.000954865925579807,0.9999990882306483
547,0.707100228007328,0.7071002274063252,0.003044405019554751,0.0030442654261166498,0.5002503123483627,4.2793972328346513e-10,0.003044335223635807,0.003044335223635807,0.9999907319800981
548,0.7071060191410787,0.7071060190711981,0.0010381682339348356,0.0010381206365160218,0.5000854558046129,4.916127986173196e-11,0.001038144435498213,0.001038144435498213,0.99999892225555
549,0.7071060700221009,0.7071060699568836,0.0010029108291863635,0.001002864846382605,0.5000824861624299,4.6324292099587936e-11,0.0010028878380480258,0.0010028878380480258,0.9999989942154791
550,0.012323082152794143,0.01029635627785362,0.7070318133217857,0.7069993929603144,0.5010350326703107,0.0014341648992179388,0.7070156033268806,0.7070156033268806,0.015994263837129492
551,0.7070503126453949,0.7070503074658228,0.008937010824142836,0.00893660103365259,0.5007355654190603,0.9999201303101636,0.008936805931246544,0.008936805931246544,3.6218126088687103e-09
552,0.02487347561236626,0.023935088358984443,0.7067015717721638,0.7066691660253476,0.502060912963374,0.000665147166712877,0.7066853690845055,0.7066853690845055,0.03451283562731388
553,0.052629947998147145,0.052194897812202455,0.7051777738208835,0.7051454378876072,0.5043291598694686,0.0003075496814395704,0.7051616060395953,0.7051616060395953,0.07412235930201555
554,0.007400573990135738,0.0029855971151918196,0.7071004781570018,0.7070680529520995,0.5006317037160181,0.0031219068146316293,0.7070842657404186,0.7070842657404186,0.007344112097247137
555,0.1606873189764449,0.1605519360208749,0.6886385669129677,0.6886069891601153,0.5127074553040563,9.568023134279321e-05,0.6886227782175469,0.6886227782175469,0.2271504556129752
556,0.7070164056160727,0.7070163920574928,0.01130581098395287,0.011305292537407603,0.5009296032379854,0.9998721763298735,0.011305551763652083,0.011305551763652083,5.870150318858406e-09
557,0.7071059041490978,0.7071059040686659,0.0011137464856317521,0.0011136954191713353,0.5000918797108617,5.578607261664316e-11,0.001113720952694232,0.001113720952694232,0.9999987596248703
558,0.1033627879817603,0.1031454684888611,0.6995434313394836,0.6995113537753644,0.508360059026693,0.14602338875703563,0.6995273927412929,0.6995273927412929,0.0001534439983041826
559,0.7071067813071498,0.7071067813066777,8.532696214254594e-05,8.532304944133508e-05,0.5000070289701777,3.30911565407442e-13,8.532500581436836e-05,8.532500581436836e-05,0.9999999927196431
560,0.017706901157075683,0.01636168906528687,0.7069174599137664,0.7068850441601128,0.5014778548256297,0.0009498220279646186,0.7069012522227474,0.7069012522227474,0.02409018575977317
561,0.07707057095558734,0.0767760343435406,0.7029263407715514,0.7028941080223844,0.5062826303538998,0.00020851386142214603,0.7029102245817267,0.7029102245817267,0.10878597740017024
562,0.00696762184329688,0.0016414059652016812,0.7071048760873478,0.7070724519070498,0.5005959397499931,0.006085697546031325,0.7070886641830539,0.7070886641830539,0.0037691183351341727
563,0.010718203937256806,0.008308556552997478,0.7070579664270857,0.7070255441668,0.5009036247182987,0.013453647656691731,0.7070417554827882,0.7070417554827882,0.001706274410690666
564,0.7071064580291354,0.7071064579994988,0.0006760587266696655,0.0006760277283543562,0.5000556612007061,0.999999542965449,0.00067604322768968,0.00067604322768968,2.089026771980405e-11
565,0.7070890010069728,0.7070889941074627,0.005015417439847465,0.0050151874694593255,0.5004125438034223,1.154855518046195e-09,0.005015302455971522,0.005015302455971522,0.9999748464249235
566,0.7044964079717256,0.7044961627980819,0.06070549071359616,0.06070270651306846,0.5049529153500955,0.9963081977075072,0.06070409862929453,0.06070409862929453,1.701254750040133e-07
567,0.007806466748934335,0.003884374979084952,0.7070961120181973,0.7070636881334672,0.5006646285230302,0.0027728880684964596,0.7070799002616863,0.7070799002616863,0.00826682427621685
568,0.060140331737314055,0.05976063187948811,0.7045769417724076,0.7045446334324889,0.5049279338703073,0.00026822688564520685,0.7045607877876398,0.7045607877876398,0.08478278527182093
569,0.65262665149717,0.6526214462395308,0.27218605384620503,0.2721735728459642,0.5202853473756806,3.65226600146281e-06,0.2721798134176253,0.2721798134176253,0.9229497810405757
570,0.7069244758838922,0.7069244538931005,0.016056664907165157,0.016055928654032492,0.5013190802747635,1.1846547724079178e-08,0.01605629678481889,0.01605629678481889,0.9997421620933643
571,0.6008935529285181,0.6008829500855409,0.37274613384513183,0.37272904105923643,0.5254223486425378,7.462213578318596e-06,0.3727375875501631,0.3727375875501631,0.8497843147522058
572,0.7071067665652931,0.707106766563469,0.00016772219739647818,0.00016771450652370388,0.5000138378589021,0.9999999718705535,0.00016771835200417504,0.00016771835200417504,1.2687134768712725e-12
573,0.04048199960205936,0.039913484111468354,0.7059794004164478,0.7059470289676255,0.5033326577716232,0.00040369645539622094,0.7059632148775831,0.7059632148775831,0.05684817946587795
574,0.018707542773118906,0.01743977629514158,0.7068916849155743,0.7068592701871823,0.5015582752879624,0.025559953570261182,0.7068754777371812,0.7068754777371812,0.0008981765744404446
575,0.7071061483766655,0.7071061483186258,0.0009460496796869993,0.0009460062981437214,0.5000779238335266,0.9999991050306424,0.0009460279891640263,0.0009460279891640263,4.079072069838819e-11
576,0.7071065740260886,0.7071065792754492,0.000541291005433825,0.0005412661903875396,0.5000446040160276,1.3255725952306544e-11,0.0005412785980528889,0.0005412785980528889,0.9999997070174377
577,0.7071067453054962,0.7071067453022055,0.00022527343638720275,0.00022526310672817075,0.5000185440394803,0.999999949254204,0.00022526827161689503,0.00022526827161689503,2.312710891596874e-12
578,0.0099977012207616,0.007355554326064284,0.7070685227193709,0.7070360994817009,0.5008449067958478,0.012269710362727318,0.7070523112863898,0.7070523112863898,0.0018741442735507063
579,0.00796428681035683,0.004192398380853472,0.7070943528241596,0.7070619280767444,0.5006779702237361,0.008595829595378872,0.7070781406363164,0.7070781406363164,0.0026679171929831894
580,0.5239499049567556,0.5239301709870424,0.4748654292844355,0.4748436554233502,0.5281484430880886,1.387127500340824e-05,0.4748545424786946,0.4748545424786946,0.7409631075716878
581,0.7068551162605297,0.7068550879061021,0.018864906606075316,0.01886404156699202,0.5015496017456619,0.9996440682735538,0.018864474091492014,0.018864474091492014,1.632007046303608e-08
582,0.7070757985678344,0.7070757957256898,0.006619599601377154,0.006619296009334877,0.5005428754234109,0.9999561819507187,0.006619447807096497,0.006619447807096497,2.0559832503214585e-09
583,0.006780701704113334,0.0003518972795856855,0.7071066936243073,0.7070742691432034,0.500580491518696,0.004528064638004968,0.7070904815696134,0.7070904815696134,0.005059483958823689
584,0.08092947143463307,0.08064937569623676,0.7024924756223557,0.7024602626863012,0.5065930443314199,0.00019794778085360407,0.7024763693389742,0.7024763693389742,0.11425349822799952
585,0.7071062471379697,0.7071062470885036,0.0008733721924795454,0.0008733321423816393,0.5000719666144158,3.4498690921993654e-11,0.0008733521676601693,0.0008733521676601693,0.9999992372557
586,0.021821554211875455,0.02074523273723586,0.7068024018908634,0.7067699907125329,0.5018164024292341,0.0007615627364042543,0.7067861964874838,0.7067861964874838,0.030099251348537272
587,0.0069799151505755466,0.0016924198398359771,0.7071047558283637,0.707072330659668,0.5005967984053129,0.0037349221580058206,0.7070885434298824,0.7070885434298824,0.006134643991067588
588,0.7071065312258723,0.7071065312029486,0.0005945839997794771,0.0005945567373514602,0.5000489103720792,1.6175075598865367e-11,0.0005945703687217244,0.0005945703687217244,0.9999996464860138
589,0.01419125912817053,0.012472073106165228,0.7069967803288416,0.7069643613113514,0.5011894138480953,0.0012174858732709839,0.7069805710059209,0.7069805710059209,0.018853704369511
590,0.008514956307406448,0.005162640710306569,0.7070879345179724,0.7070555109176924,0.5007229676678965,0.009671874355363808,0.7070717229036853,0.7070717229036853,0.002369005376695364
591,0.007302795754268815,0.0027344418115565275,0.707101494007737,0.7070690695929331,0.5006239374472632,0.003232464004537943,0.7070852819861938,0.7070852819861938,0.007096419763413408
592,0.06393050629263168,0.0635737816772661,0.7042431215732585,0.7042108280658314,0.5052280260852265,0.09015914458100172,0.7042269750046543,0.7042269750046543,0.00025298221863938547
593,0.008066891236315687,0.004384357527556775,0.707093188631511,0.7070607649034053,0.5006866878683701,0.0026039233893834033,0.7070769769533112,0.7070769769533112,0.00880436869572218
594,0.7070966577918549,0.7070966568633565,0.003783893849558428,0.0037837203369892563,0.5003109394193592,6.57969390684386e-10,0.00378380709426843,0.00378380709426843,0.9999856827013812
595,0.7071050999441111,0.7071050997899115,0.00154202824146607,0.0015419575308016256,0.5001269779479719,1.086659103261383e-10,0.0015419928865391674,0.0015419928865391674,0.9999976222551095
596,0.7055353295713471,0.7055351800005049,0.047118040936078326,0.04711588013262421,0.5038495939201677,1.0263627889460327e-07,0.047116960546738196,0.047116960546738196,0.9977775223253235
597,0.7070943711165708,0.7070943647094691,0.00419039331222432,0.004190201153862454,0.5003447627595405,0.9999824412549339,0.004190297234144886,0.004190297234144886,8.005820900676819e-10
598,0.006775497142359998,0.00023114754112698883,0.7071067434064107,0.7070743190347667,0.5005802025642763,0.004945818128499848,0.7070905314064455,0.7070905314064455,0.004636774067355433
599,0.706661973607137,0.7066619327923598,0.02507813274859973,0.025076982626625312,0.5020572295362987,2.9018880370004808e-08,0.025077557694205974,0.025077557694205974,0.9993709182281457
600,0.08433469588763132,0.08406625351970645,0.702091778281079,0.7020595837032249,0.5068656435798045,0.11907745256865841,0.7020756811766925,0.7020756811766925,0.00018997456405500185
601,0.022987385010332255,0.021968393049763252,0.7067654417887258,0.7067330331393803,0.5019098385184827,0.03178852271866059,0.7067492376498193,0.7067492376498193,0.0007211006638010536
602,0.7071058040779135,0.7071058039883054,0.0011755705214476315,0.0011755166209584298,0.5000966758488069,0.9999986180963555,0.0011755435715119584,0.0011755435715119584,6.382989738607842e-11
603,0.007565244085993199,0.0033733427364023624,0.7070987346607126,0.707066310243896,0.5006446767090463,0.0077352855853165215,0.7070825226381637,0.7070825226381637,0.002962721082297171
604,0.7070687348516916,0.7070687313619345,0.007335470688661111,0.007335134301957749,0.5006032584565695,0.9999461918896175,0.0073353024972377095,0.0073353024972377095,2.4706575273178803e-09
605,0.007013640318372725,0.0018271932692834104,0.707104420410982,0.7070719969354572,0.5005995343429175,0.003655030213080922,0.7070882088590668,0.7070882088590668,0.0062586371586623
606,0.7070757841304133,0.7070757760187363,0.006621704274604156,0.00662140065345777,0.5005439182188247,0.9999561540817095,0.006621552465771225,0.006621552465771225,2.0295139540462023e-09
607,0.007720622009929083,0.0037082516270065553,0.7070970576024784,0.7070646307062572,0.5006577424769991,0.0028526010875215444,0.7070808443402562,0.7070808443402562,0.008076001558260154
608,0.007043520392190186,0.0019381569463506113,0.7071041249686302,0.707071699914857,0.5006022235808579,0.003603643920280541,0.707087912627609,0.707087912627609,0.006354634714892055
609,0.03590657141778133,0.0352638799491213,0.706226917336727,0.7061945327804671,0.5029619244219398,0.0004547317153073266,0.7062107252442287,0.7062107252442287,0.050325106250393194
610,0.7070978917669822,0.7070978962200304,0.0035457878806620983,0.00354562528895164,0.5002914010664279,5.800471865091522e-10,0.0035457065857388446,0.0035457065857388446,0.9999874278857795
611,0.7071018492082131,0.7071018487557755,0.002641114568586891,0.0026409934353516127,0.5002167396017863,0.9999930248094286,0.002641054002663732,0.002641054002663732,3.276792875688477e-10
612,0.6983445131142456,0.6983436991459503,0.11097782599759022,0.1109727370189779,0.5089401039368758,5.711223667940375e-07,0.11097528153745467,0.11097528153745467,0.987607702367211
613,0.3752901137524409,0.3752462251337621,0.5993248455744695,0.5992973640186312,0.5255634182465196,0.5307093347531444,0.5993111049540721,0.5993111049540721,3.1037608506968915e-05
614,0.007059594382205479,0.00199602215738733,0.7071039639936572,0.7070715396110754,0.5006035168389728,0.006412406989538702,0.7070877519882239,0.7070877519882239,0.0035641286554666655
615,0.016239928619828894,0.014761482584880631,0.7069526848608001,0.7069202675821512,0.5013584279965108,0.001047493817523644,0.7069364764072916,0.7069364764072916,0.021921209053862013
616,0.0888992656740571,0.08864506492458654,0.701528368966308,0.7014962013885933,0.5072218158771272,0.12554280174368235,0.7015122853618297,0.7015122853618297,0.0001786147172693225
617,0.14245327646416112,0.14229876682353912,0.6926406434512059,0.6926088824326654,0.5113942868370581,0.00010936292554153316,0.6926247631239901,0.6926247631239901,0.201350100706767
618,0.7062935504061408,0.7062934810410455,0.033904661640165694,0.033903106858942635,0.5027779986020504,5.3221637657745454e-08,0.03390388425846666,0.03390388425846666,0.9988498652271902
619,0.7066392037773936,0.7066391608772612,0.025711793299574112,0.025710614244918734,0.5021075318485271,0.999338715351541,0.025711203779005008,0.025711203779005008,3.0748611839844196e-08
620,0.7071067724245781,0.7071067724237745,0.00011132129617348068,0.00011131619193133538,0.500009179221302,0.999999987608136,0.00011131874408166334,0.00011131874408166334,5.592988114105863e-13
621,0.7057852043304464,0.7057850830172594,0.043213615797795334,0.04321163440821517,0.5035365062601669,8.57062990745999e-08,0.04321262511436162,0.04321262511436162,0.9981309223050064
622,0.03141977287514217,0.030682794482533228,0.7064407732589811,0.706408378965368,0.5025958449347325,0.043913137453735734,0.7064245762978616,0.7064245762978616,0.0005218848074086712
623,0.7071067621123623,0.7071067621106131,0.00016424811898143712,0.00016424058810839438,0.5000135245805986,0.9999999730237918,0.00016424435358807865,0.00016424435358807865,1.232609231442401e-12
624,0.7070985227984807,0.7070985220409794,0.0034176201460420926,0.0034174634170130455,0.5002815746759101,0.9999883203399585,0.0034175417824260225,0.0034175417824260225,5.326794937956698e-10
625,0.7027174340125771,0.7027170301949353,0.07866877064008385,0.0786651634129806,0.5063842010339928,0.9937922401544137,0.07866696704720814,0.07866696704720814,2.8776437303476436e-07
626,0.006902880782219477,0.0013400266366349204,0.7071055114539962,0.7070730869131642,0.5005903676941058,0.0039195978451697575,0.7070892993694393,0.7070892993694393,0.005837995136394572
627,0.04893761258322136,0.04846907380582817,0.7054436539401273,0.7054113056045015,0.5040262800443376,0.06887693302049573,0.7054274799577367,0.7054274799577367,0.00033036136340530774
628,0.7071056060975879,0.7071056059898181,0.0012891771697181448,0.0012891180573681748,0.5001059760147779,7.669537687797656e-11,0.001289147613881976,0.001289147613881976,0.9999983380970517
629,0.05645721137445261,0.05605221354225822,0.7048816562778508,0.7048493337471586,0.5046426185423627,0.00028578317572135127,0.7048654951977789,0.7048654951977789,0.07955617944033647
630,0.7065247488093742,0.7065246953990977,0.028685575393503453,0.02868425987009922,0.5023506574450208,0.9991768367011121,0.02868491763934277,0.02868491763934277,3.814856176661127e-08
631,0.7043364967505289,0.7043362421877571,0.06253365446566111,0.06253078717874669,0.5050938701621984,1.8100671097825318e-07,0.06253222083863812,0.06253222083863812,0.9960820461758892
632,0.7016730096952091,0.7016725093647724,0.08749679766564934,0.08749278521836733,0.507090742906053,3.585228132668229e-07,0.08749479146500934,0.08749479146500934,0.9923151328750668
633,0.010234093575755502,0.007673854857397967,0.7070651398227131,0.7070327172972087,0.5008651846164583,0.012666128048427672,0.7070489287458075,0.7070489287458075,0.0017871538985800928
634,0.13375154675891798,0.1335861495936162,0.6943736318702978,0.6943417917276712,0.5107208072906531,0.00011703632481179731,0.6943577119814905,0.6943577119814905,0.18903629790638019
635,0.7071067634645893,0.7071067634629636,0.00015831908542665238,0.00015831182440156701,0.5000130254550568,0.9999999749362171,0.00015831545495573746,0.00015831545495573746,1.1577926083065517e-12
636,0.7070991150529028,0.7070991143492733,0.0032939242513404855,0.0032937732013605765,0.5002711806625871,0.9999891505017071,0.0032938487272163915,0.0032938487272163915,4.932162265971656e-10
637,0.706141312395658,0.7061412237901233,0.0369401145665047,0.0369384207585706,0.5030293096166311,0.9986345582883019,0.03693926767224611,0.03693926767224611,6.220931744526874e-08
638,0.009374096770642824,0.006482504826972637,0.7070770659066513,0.7070446423750544,0.5007937936846866,0.0020407950381052618,0.7070608543267078,0.7070608543267078,0.011213015346740135
639,0.7071017226769932,0.7071017274813403,0.002674779137123086,0.002674656469382599,0.5002200856158774,0.9999928458590792,0.0026747178039560654,0.0026747178039560654,3.279867875176695e-10
640,0.6903156467217642,0.6903140878532724,0.15318766305189987,0.15318063810779234,0.5121602021667634,1.1080620356455211e-06,0.15318415062011617,0.15318415062011617,0.9762526476257852
641,0.009139994782679486,0.006139162636147569,0.7070801303120671,0.7070477073697927,0.5007737913729431,0.010804802915696698,0.7070639190267773,0.7070639190267773,0.0021177948315777516
642,0.00679536714092018,0.0005678867479285816,0.7071065531478578,0.7070741283524824,0.5005817201692014,0.005177963421114553,0.7070903409360318,0.7070903409360318,0.004437139252713431
643,0.7070965972806358,0.7070965963462482,0.003796167280668104,0.003795993232116752,0.5003124332662714,6.594810054937017e-10,0.0037960802573899347,0.0037960802573899347,0.9999855896708495
644,0.7069421477822513,0.7069421326783905,0.015258718588905196,0.015258018805339547,0.5012535234229231,0.9997671550762017,0.015258368701134084,0.015258368701134084,1.071380962487373e-08
645,0.7071065714076475,0.707106576656762,0.0005447011403735147,0.000544676161175408,0.500044854696902,1.3554979289515122e-11,0.0005446886509176534,0.0005446886509176534,0.9999997033142289
646,0.01955443518364176,0.018345375100306795,0.7068687623685379,0.7068363488564012,0.5016283229632716,0.026799189001925964,0.7068525557982644,0.7068525557982644,0.0008556820444850393
647,0.7069922797369366,0.7069922745045193,0.01272522063852421,0.012724637219498978,0.5010466156410902,7.376097477778334e-09,0.012724928932355209,0.012724928932355209,0.999838063071881
648,0.7068993822931192,0.7068993632706508,0.017125717723750742,0.017124932514077727,0.5014052113396563,1.356490072363836e-08,0.01712532512341455,0.01712532512341455,0.9997066802211764
649,0.7070563646545889,0.7070563600299333,0.008444154263216916,0.008443767016966872,0.5006930845078192,3.3085411107571437e-09,0.00844396064231182,0.00844396064231182,0.9999286969866112
650,0.7071049820223413,0.7071049818573156,0.001595190447189757,0.0015951172941336194,0.5001312347187572,0.999997455480888,0.0015951538710810343,0.0015951538710810343,1.1663559779400378e-10
651,0.707105410788914,0.7071054159315451,0.0013921964091855633,0.0013921325512199533,0.5001146395000029,8.842804478788195e-11,0.0013921644805689006,0.0013921644805689006,0.99999806187618
652,0.707106754804057,0.7071067548016368,0.00019316806002681066,0.00019315920016965945,0.5000158912779611,1.7195581550810728e-12,0.0001931636301490321,0.0001931636301490321,0.999999962687813
653,0.07146932617107393,0.07115107152896397,0.7035179635377383,0.7034857037756054,0.5058394542975541,0.0002251546772743387,0.7035018338415848,0.7035018338415848,0.10084785009328857
654,0.7071059371001649,0.707105931753903,0.001096028487176845,0.0010959782249209996,0.5000901082719317,0.9999987987759218,0.0010960033563370483,0.0010960033563370483,5.5150883271871944e-11
655,0.17917634652866052,0.1790565541901659,0.6840604873851052,0.6840291198806121,0.5140763683667658,0.25330891318462156,0.684044803812657,0.684044803812657,8.51765244869924e-05
656,0.70710271542247,0.7071027203178886,0.0023979928231659094,0.002397882851530209,0.5001971487482397,0.9999942498775937,0.002397937837978485,0.002397937837978485,2.652087734139025e-10
657,0.008287909663877345,0.004778832788779281,0.7070906326328888,0.7070582087448002,0.5007053612620423,0.0024778621947995974,0.7070744208747,0.7070744208747,0.00924050260339157
658,0.7071067797878885,0.7071067797877602,4.447677908638399e-05,4.447473957785093e-05,0.5000036542267509,0.9999999980219069,4.447575934380809e-05,4.447575934380809e-05,9.275671068958037e-14
659,0.11805701405200657,0.11786805451714233,0.6972138278350043,0.6971818567871078,0.5095152746373185,0.0001335738861484467,0.6971978424943162,0.6971978424943162,0.16682421586972518
660,0.051458069735758866,0.05101291678809415,0.7052642641739084,0.7052319243050922,0.5042348220372612,0.07245793157881666,0.7052480944248726,0.7052480944248726,0.00031427930056925947
661,0.7070741789121702,0.7070741759216563,0.0067904156508242835,0.0067901042466805206,0.5005580512511245,0.999953891306799,0.006790259950537544,0.006790259950537544,2.125886640685847e-09
662,0.7069167976075384,0.7069167801816475,0.016391031011245012,0.016390279445505515,0.5013459907831147,0.9997313103239717,0.016390655232682988,0.016390655232682988,1.2411041492351543e-08
663,0.7070716443485155,0.7070716411264514,0.00704941946182026,0.007049096274577664,0.5005796885056003,2.269552209881958e-09,0.007049257870051109,0.007049257870051109,0.999950306728773
664,0.7068361382397914,0.7068361186789863,0.01956294401550009,0.019562046883119737,0.5016059236579311,1.764026891195106e-08,0.019562495454452707,0.019562495454452707,0.9996172355172688
665,0.014033745788451608,0.01229251781457994,0.7069999250394443,0.7069675056057486,0.5011761590050953,0.018616031844216094,0.7069837155084248,0.7069837155084248,0.0012228532963094486
666,0.09763713444281355,0.09740649387263646,0.7003656009195759,0.7003334848326149,0.5079285751564607,0.1379166721689183,0.7003495430601899,0.7003495430601899,0.00016312147358169316
667,0.7071062761188716,0.7071062760725488,0.000845185667224468,0.0008451469114464689,0.5000696774550761,0.9999992856936879,0.0008451662895576158,0.0008451662895576158,3.229736767927745e-11
668,0.014367797930985811,0.012672578066883941,0.7069932147942709,0.7069607955060973,0.5012039718150579,0.0011990915560611609,0.7069770053360125,0.7069770053360125,0.01912040877405844
669,0.010374480819338314,0.007860098555240216,0.7070630939673621,0.7070306712920776,0.5008756662288324,0.012894310003141694,0.7070468828155687,0.7070468828155687,0.0017741959056958869
670,0.007912091422914333,0.004092497366787163,0.7070949380849113,0.707062514074475,0.5006738751649221,0.002704253541822473,0.7070787262655489,0.7070787262655489,0.008487445915188801
671,0.006822143925147243,0.0008290900342115535,0.7071062951280447,0.7070738705059457,0.5005839498221822,0.005417869094782341,0.707090083002855,0.707090083002855,0.004227970256760888
672,0.7070305144655433,0.707030512739273,0.010385639384192858,0.010385163195152116,0.500855067949533,4.910065880428375e-09,0.010385401292401755,0.010385401292401755,0.9998921376228506
673,0.7071032500057817,0.707103244413061,0.0022364571363145164,0.0022363545792648703,0.5001840223241069,2.310705275125098e-10,0.002236405858377576,0.002236405858377576,0.9999949984763289
674,0.006936790971915783,0.0015047864103082734,0.7071051800248004,0.7070727550478905,0.5005933781060043,0.0038702299380090734,0.7070889677222095,0.7070889677222095,0.005950190863480266
675,0.00707567248258228,0.002052030053504048,0.7071038036757119,0.7070713789001385,0.5006047026561464,0.0035458155188063233,0.7070875914737874,0.7070875914737874,0.006457798379024503
676,0.1648347559857873,0.1647031582774046,0.6876575235198451,0.6876259907966714,0.5130573980168673,9.312460974693031e-05,0.6876417573390052,0.6876417573390052,0.23301849380521908
677,0.7070624635215927,0.7070624541876563,0.007917441387682451,0.007917078305088102,0.5006508348563662,0.9999373150317884,0.007917259848466631,0.007917259848466631,2.8895116696695253e-09
678,0.009629465957181503,0.0068466656909579844,0.707073633484458,0.7070412105283375,0.5008146252571293,0.011650593614053854,0.707057422192247,0.707057422192247,0.0019664979390851887
679,0.021803091815951657,0.020725821682823647,0.7068029713545179,0.7067705604984327,0.5018126680156603,0.0007611118304008274,0.706786766112257,0.706786766112257,0.030072499163598714
680,0.7071067455840402,0.7071067455807742,0.00022439733994726,0.0002243870483252103,0.5000184902721185,2.281600393455236e-12,0.00022439219419523765,0.00022439219419523765,0.9999999496481421
681,0.7067514552297375,0.7067514279009792,0.02241487467650282,0.022413846850738505,0.5018416110565344,0.9994974701631756,0.022414360769512125,0.022414360769512125,2.299538081344848e-08
682,0.03545323325662414,0.03480212619856956,0.7062498226633858,0.7062174369495958,0.5029290529164252,0.04967804420106265,0.7062336299921297,0.7062336299921297,0.00046006591596033374
683,0.7070883803567285,0.7070883786693595,0.005101445945584242,0.005101212061618437,0.5004198025705747,1.1882887652199041e-09,0.00510132900494172,0.00510132900494172,0.9999739761037612
684,0.7071067752647316,0.7071067752641887,9.151764736327251e-05,9.151345167896435e-05,0.5000075346892288,3.8240461296680275e-13,9.151554954516322e-05,9.151554954516322e-05,0.9999999916249039
685,0.24012536074647342,0.24004086759051715,0.6651168182254875,0.665086319225495,0.5182693936394583,5.997805859286497e-05,0.6651015689003122,0.6651015689003122,0.3395287947955638
686,0.007149318351019409,0.002293428999165871,0.7071030619247997,0.7070706380886687,0.5006109607382581,0.0066583199695203375,0.7070868501925858,0.7070868501925858,0.003469775877765677
687,0.6975960338428324,0.6975951555882465,0.11558978717780055,0.1155844867045269,0.509300747071391,0.986549151098438,0.1155871369715467,0.1155871369715467,6.258640739630711e-07
688,0.6907012158475909,0.6906996986771758,0.15143953752228445,0.1514325936734248,0.5120118453225525,0.9767979504724575,0.15143606563765447,0.15143606563765447,1.088457854798407e-06
689,0.7070816993020123,0.7070816970016413,0.0059559856681159675,0.005955712566806588,0.50048939099799,0.9999645272321126,0.0059558491190266375,0.0059558491190266375,1.6368808439259994e-09
690,0.7070345939841065,0.7070345873631891,0.010104072058546458,0.010103608747830974,0.5008296790829653,0.9998979071975828,0.010103840405844352,0.010103840405844352,4.722631373780014e-09
691,0.0230087372777214,0.02199074560887252,0.7067647466502325,0.7067323383070045,0.5019101193875347,0.0007175324772820356,0.7067485426643815,0.7067485426643815,0.031819491364467135
692,0.008836436065143744,0.005677311096687581,0.7070839894515404,0.7070515662931958,0.5007483542854919,0.0022330284447072,0.707067778058217,0.707067778058217,0.010262945366076621
693,0.008462256237487345,0.005075221936260414,0.7070885673822712,0.7070561436119258,0.5007190151396077,0.0023947967973374468,0.7070723556829532,0.7070723556829532,0.009572492163113653
694,0.06880579495843206,0.06847489507113601,0.7037834815020784,0.7037512078711766,0.5056258988480646,0.0970721073169084,0.7037673448716296,0.7037673448716296,0.0002335930905990725
695,0.5453232905136514,0.5453062519468226,0.45015674113325543,0.4501361003334082,0.5277963553610786,0.7711915452345206,0.4501464208516386,0.4501464208516386,1.2154028359468442e-05
696,0.7071061985459679,0.7071061932236877,0.0009118687977822098,0.0009118269815070135,0.5000751856933743,3.752790824298103e-11,0.0009118478898843175,0.0009118478898843175,0.9999991685330798
697,0.059188799008418974,0.0588028624441191,0.704657522040582,0.7046252096483181,0.5048505331380183,0.00027285483858237894,0.7046413660296669,0.7046413660296669,0.08343270407890467
698,0.006926235377897051,0.001455690366395371,0.7071052828013333,0.7070728585255457,0.5005924310324155,0.0059287701046740375,0.7070890708492956,0.7070890708492956,0.003865417959130994
699,0.7069572266342193,0.7069572129146634,0.014543008902198132,0.014542341958954678,0.5011927336600304,9.871714732243625e-09,0.014542675434399754,0.014542675434399754,0.999788488222592
700,0.7069851747148265,0.7069851582912026,0.01311434161371668,0.013113740227085502,0.5010770887583826,0.9998280071398739,0.013114040923848408,0.013114040923848408,7.970295305771909e-09
701,0.7070324546616419,0.7070324478446129,0.010252692078424441,0.010252221960805346,0.5008417505957119,4.850334934233637e-09,0.010252457022309501,0.010252457022309501,0.9998948816000672
702,0.013968985491808823,0.012218496568292133,0.7070012081613518,0.7069687881707243,0.5011730615467498,0.018517427395505208,0.7069849983518723,0.7069849983518723,0.0012365651861173707
703,0.1341161327620628,0.13395121913218272,0.6943032991754075,0.6942714619894373,0.5107483976786267,0.18955224149233876,0.694287380764913,0.694287380764913,0.00011647501031265704
704,0.7071011019807336,0.707101096191,0.0028354480220529428,0.002835317998484671,0.5002335001879018,3.6428011203943834e-10,0.002835383011014127,0.002835383011014127,0.9999919605708645
705,0.020743025828276185,0.019607499126802517,0.7068348788635129,0.7068024666668348,0.5017239353693204,0.028532161711592265,0.7068186729509626,0.7068186729509626,0.0008018003202421351
706,0.705111762497062,0.7051115792656312,0.05308164264162877,0.05307920862534403,0.5043335257662106,0.9971784879479546,0.053080425647437965,0.053080425647437965,1.3009090198036343e-07
707,0.6884292601450186,0.6884275239851254,0.16145446484909823,0.16144706183818042,0.51276866686571,1.2279704419661865e-06,0.1614507633860707,0.1614507633860707,0.9735847687811271
708,0.7070917735899356,0.7070917774816747,0.004607132321490724,0.004606921036732186,0.5003791638005023,9.740423005851705e-10,0.004607026680322683,0.004607026680322683,0.9999787750799178
709,0.7071063272986863,0.7071063219882079,0.0008058562565985845,0.0008058192951672277,0.5000662295120978,3.011279284260746e-11,0.0008058377760948205,0.0008058377760948205,0.9999993506252655
710,0.015052187855139607,0.013443612456458602,0.7069789737235802,0.7069465550101858,0.5012618275422542,0.0011380852976313259,0.7069627645527086,0.7069627645527086,0.020149536814306476
711,0.7069546963425625,0.7069546823948991,0.014665505102912108,0.014664832736567043,0.5012064047406011,9.76178481513797e-09,0.014665168923592898,0.014665168923592898,0.9997849096885179
712,0.09222227824051973,0.09197755364511201,0.70109922951424,0.701067080525201,0.5075028111635788,0.13024895043511292,0.7010831552039993,0.7010831552039993,0.00017288424682305434
713,0.015274161946636118,0.013691724363328163,0.7069742121774714,0.7069417939100966,0.501277323730945,0.020481927549257737,0.7069580032296057,0.7069580032296057,0.0011198138597008035
714,0.7070876648006225,0.7070876630467063,0.0051996891394530675,0.005199450625001564,0.5004274505895907,0.9999729641075554,0.005199569883594958,0.005199569883594958,1.243419752257788e-09
715,0.707078798852226,0.7070787962851206,0.006290933474834845,0.006290644934593254,0.5005176055707901,0.9999604251880783,0.006290789206368364,0.006290789206368364,1.812789416426302e-09
716,0.7071066090944268,0.7071066090786428,0.0004933531222354125,0.0004933304991092783,0.5000405823256725,1.1274752932707565e-11,0.0004933418108020237,0.0004933418108020237,0.9999997566138281
717,0.061580662014710644,0.06121002216454304,0.7044525059836299,0.7044202027666653,0.5050513627241368,0.08682611476287148,0.7044363545603131,0.7044363545603131,0.0002655988300991072
718,0.7070804353582641,0.7070804329419961,0.006104207610993199,0.0061039277163315725,0.5005016893713341,1.7211321316931697e-09,0.006104067665266666,0.006104067665266666,0.9999627396637704
719,0.015426161711616957,0.013861100040409463,0.7069709116404091,0.7069384934595432,0.5012908012165509,0.0011057148640232157,0.7069547027357977,0.7069547027357977,0.020709272177521703
720,0.7071030144500264,0.7071030141046062,0.0023081256856551844,0.0023080198624400128,0.500190027322366,2.4394876791674534e-10,0.0023080727746540874,0.0023080727746540874,0.9999946727858772
721,0.06616583002271849,0.06582143062715148,0.7040366036437237,0.7040043202547832,0.5054137963688843,0.0002441475928435404,0.704020462134301,0.704020462134301,0.09332908541474678
722,0.007756304224138554,0.0037824909320224227,0.7070966643694123,0.7070642401830868,0.5006603045583881,0.002811476847439445,0.7070804524621069,0.7070804524621069,0.008158620588161995
723,0.7069169037799942,0.7069168863662117,0.01638645081469882,0.016385699561159053,0.5013472196777716,0.9997314604830606,0.016386075192234287,0.016386075192234287,1.2200047082272456e-08
724,0.7071054517233747,0.7071054516014269,0.0013712459815735177,0.001371183095781691,0.5001125429953592,0.9999981197689204,0.0013712145390381081,0.0013712145390381081,8.80873700804347e-11
725,0.007286563838771826,0.002690867759115849,0.707101661170937,0.7070692370541002,0.5006218759645488,0.007058170456684582,0.7070854492983738,0.7070854492983738,0.0032429941149597664
726,0.7070995419100886,0.7070995465146261,0.003199807700819696,0.00319966100557428,0.5002633545046256,0.9999897616476596,0.0031997343540376634,0.0031997343540376634,4.678323499165217e-10
727,0.02200172592496472,0.02093470472960994,0.7067968153139089,0.7067644049160389,0.5018260758034168,0.000754073362104943,0.7067806103007519,0.7067806103007519,0.030360651823664486
728,0.02043654489600838,0.019282956402672795,0.7068438070694091,0.7068113946681369,0.5016998466816142,0.0008155061184321863,0.7068276010545617,0.7068276010545617,0.02808593464146682
729,0.7058038725109171,0.7058037528687221,0.042907603480360906,0.042905635394351015,0.5035089094887251,8.601306882385549e-08,0.04290661944864025,0.04290661944864025,0.9981573242805827
730,0.008962346048663816,0.0058713447959992705,0.7070824048937194,0.7070499815100084,0.5007600223358643,0.0021835534933693918,0.7070661933877158,0.7070661933877158,0.010489443767478903
731,0.07526266664760656,0.07496085596583196,0.7031222298241419,0.7030899878458623,0.5061468922030069,0.00021358126287581252,0.7031061090198152,0.7031061090198152,0.10622407119425947
732,0.7071066980906715,0.7071066980825665,0.0003535213509425671,0.0003535051391147785,0.5000291299155828,5.678477101582631e-12,0.00035351324512160554,0.00035351324512160554,0.9999998750283737
733,0.008642063349502148,0.005369718731770236,0.7070863922610394,0.7070539687612637,0.5007344676364349,0.009907058632618513,0.7070701806970037,0.7070701806970037,0.00231718092625317
734,0.01676376454295508,0.015335941911968427,0.7069404563933739,0.7069080394212159,0.5014027935166978,0.0010119905329981202,0.7069242480931106,0.7069242480931106,0.022697814677629873
735,0.7071063364755046,0.7071063364347155,0.0007930787320737084,0.0007930423639411706,0.5000652016252128,2.9171238568584254e-11,0.0007930605482159107,0.0007930605482159107,0.9999993710547698
736,0.7069784672919596,0.7069784555221744,0.013470836183390487,0.013470218465584237,0.5011063498942737,8.365179068491872e-09,0.013470527328028198,0.013470527328028198,0.9998185284275382
737,0.7071067681191076,0.7071067681179088,0.00013594794660846845,0.00013594171162865178,0.5000111985624773,8.46835642121321e-13,0.0001359448291543053,0.0001359448291543053,0.9999999815190017
738,0.7060650949634433,0.7060649993581407,0.038369475907132265,0.03836771656305764,0.5031382239194914,0.9985267656123912,0.03836859624517903,0.03836859624517903,6.872475519871744e-08
739,0.01224052079738518,0.010197386230287223,0.7070332476723258,0.7070008271923129,0.5010272690373042,0.015865766365148252,0.7070170376181508,0.7070170376181508,0.0014472363205092148
740,0.7070982490340593,0.7070982482516005,0.0034738047610560025,0.003473645486734024,0.5002857577027118,5.534715506629744e-10,0.0034737251248078784,0.0034737251248078784,0.9999879331609531
741,0.7066422975673117,0.7066422549500941,0.025626617393698644,0.025625442216433713,0.5021012916183925,3.0392282874951705e-08,0.0256260298118027,0.0256260298118027,0.9993430908312532
742,0.7067290061126291,0.7067289767171966,0.023111921487926256,0.023110861495314283,0.5018924258206945,0.9994657208559383,0.023111391497697278,0.023111391497697278,2.5039521547967455e-08
743,0.012046926364243189,0.009964117736222885,0.707036573565595,0.7070041524384226,0.5010134892935573,0.015564044111914543,0.7070203631878469,0.7070203631878469,0.0014739763664094862
744,0.01962138625292429,0.018416724985300097,0.7068669070205625,0.7068344935000798,0.5016316174242127,0.026896962707863403,0.7068507004461166,0.7068507004461166,0.000853202650270563
745,0.7059577902102881,0.705957684740385,0.04029574860948996,0.04029390079665723,0.503303694386209,7.362566033622434e-08,0.04029482471366557,0.04029482471366557,0.9983750067998463
746,0.7062819497714584,0.70628187406773,0.03414548818475789,0.034143922256053914,0.5028037204068586,5.280255553904135e-08,0.03414470522938289,0.03414470522938289,0.9988334586954901
747,0.008290839734687274,0.004783980538778557,0.7070905978236388,0.7070581743933707,0.5007048968982362,0.0024814789405259168,0.707074386294355,0.707074386294355,0.009244823155452987
748,0.7054084216464588,0.7054082709583509,0.048981411741938624,0.0489791656753301,0.5040107171583534,1.0848399008045921e-07,0.04898028872150898,0.04898028872150898,0.997598046626748
749,0.7071030285643513,0.7071030282201118,0.002303797288990865,0.00230369162940037,0.5001894892588744,2.4410764467125175e-10,0.002303744459801368,0.002303744459801368,0.9999946927473817
750,0.3221523325567967,0.32209591971094653,0.6294872663569488,0.6294583978534244,0.5230638003729601,0.45555230787405665,0.6294728322706805,0.6294728322706805,4.0704375973549306e-05
751,0.02621568458625218,0.025327250428281375,0.7066530480976755,0.7066206463737573,0.5021742859687465,0.036446274941710204,0.7066368474214328,0.7066368474214328,0.0006330682870013545
752,0.1096801019750303,0.10947587872988436,0.6985807270317638,0.6985486922434508,0.5088528991765197,0.15496667870190187,0.698564709821239,0.698564709821239,0.00014448814865554826
753,0.23024754790097776,0.23015850426918194,0.6686008247920208,0.6685701658656213,0.5176595491915215,6.292178723056965e-05,0.6685854955045597,0.6685854955045597,0.3255562415968842
754,0.7070773416196766,0.7070773389193592,0.006452657337665289,0.006452361432133159,0.5005302783613788,1.9224672981163785e-09,0.006452509386595466,0.006452509386595466,0.9999583642558483
755,0.7068795897848845,0.7068795689419448,0.01792435384159111,0.01792353184341523,0.5014733303181511,1.4489922536730152e-08,0.017923942847215314,0.017923942847215314,0.9996786806497493
756,0.7071007495715242,0.70710074374947,0.0029220179579553833,0.0029218839651752337,0.5002407349813518,0.9999914621661269,0.0029219509623333775,0.0029219509623333775,3.915269881779876e-10
757,0.01708777761716418,0.015689506315161268,0.7069326979222155,0.706900281408985,0.5014248573648556,0.000988807713479872,0.7069164898514126,0.7069164898514126,0.023177036299167012
758,0.008273502816652867,0.004753835277668582,0.7070908011352915,0.7070583774704452,0.500703324542568,0.009210276514211583,0.7070745894887213,0.7070745894887213,0.002494114118506171
759,0.7071059427546386,0.7071059374088859,0.0010923740663329482,0.0010923239655326767,0.5000900424818374,5.415427501466607e-11,0.001092349016220048,0.001092349016220048,0.9999988067729152
760,0.1598635553248033,0.15972740310448533,0.6888302814899304,0.6887986960490802,0.5126638554757234,0.22598493400858882,0.6888144889505484,0.6888144889505484,9.604542144995957e-05
761,0.007225236639713281,0.0025203265814319207,0.7071022895974265,0.7070698663891002,0.5006175209783105,0.006898060988437156,0.707086078179108,0.707086078179108,0.0033125285171193646
762,0.7066537563477742,0.7066537147834008,0.025308642452989152,0.025307481889234214,0.5020774118562545,2.9367395512441332e-08,0.025308062177764254,0.025308062177764254,0.9993592967384648
763,0.6990639772265784,0.6990632353615209,0.1063512715762366,0.1063463950689324,0.5085797803653344,0.9886252329824922,0.10634883335053537,0.10634883335053537,5.223273160501686e-07
764,0.012228797428106458,0.01018327666127646,0.7070334510319305,0.7070010300653509,0.5010282968139069,0.001446920193039078,0.7070172407344777,0.7070172407344777,0.01584768217677909
765,0.07137162586056003,0.07105292264748014,0.7035278830176142,0.7034956226033072,0.5058459775032556,0.10070936301682212,0.7035117529953786,0.7035117529953786,0.00022582177596802114
766,0.6842185841291507,0.6842164500174195,0.17845965797782365,0.17845147556773508,0.5140185704216779,1.510083776117503e-06,0.17845556681967611,0.17845556681967611,0.9676296922582831
767,0.7071066993604329,0.7071066993529275,0.0003401914280316132,0.00034017582690752657,0.5000279653339881,0.999999884275092,0.0003401836275590051,0.0003401836275590051,5.333037626850632e-12
768,0.7071057232877034,0.707105717921863,0.0012262472045019457,0.0012261909897144374,0.5001010638404965,0.9999984963855948,0.001226219097430331,0.001226219097430331,6.791731777804191e-11
769,0.6825410365272739,0.6825387427678095,0.18477246716146908,0.1847639939389512,0.5144616442080227,1.6266615930283565e-06,0.1847682305987815,0.1847682305987815,0.9652571688001814
770,0.07690713080417616,0.076611950584368,0.7029442431855171,0.702912009666049,0.5062821480447759,0.00021032727727020772,0.702928126610546,0.702928126610546,0.10855437993013092
771,0.019347354604222416,0.018124447747533214,0.7068744615515876,0.7068420473317847,0.5016132801232778,0.0008685651469505987,0.7068582546274876,0.7068582546274876,0.026496439846695332
772,0.702477048052578,0.7024766220221316,0.08078734747687898,0.08078364289452811,0.5065575260448313,0.9934522673627536,0.0807854952069387,0.0807854952069387,3.0517133623704027e-07
773,0.7068402700862357,0.706840245634571,0.019413066508379366,0.019412176189620194,0.501590451421792,1.764620481121296e-08,0.01941262135410386,0.01941262135410386,0.9996230790974784
774,0.7071035509213176,0.7071035506251024,0.0021374502037353298,0.0021373522086581926,0.5001759926909686,0.9999954315056462,0.002137401206758369,0.002137401206758369,2.0760969040636027e-10
775,0.0068034966248140556,0.0006585406753687058,0.7071064745313657,0.707074050176977,0.5005824658688588,0.004384869336471145,0.707090262540028,0.707090262540028,0.005243487679688629
776,0.7062809836107119,0.7062809078435304,0.034165468176480834,0.03416390185392744,0.5028038922743774,0.9988320922929909,0.034164685024180394,0.034164685024180394,5.289561394017391e-08
777,0.7071020791122453,0.7071020786808796,0.002578822440568145,0.002578704159222318,0.5002123860691156,0.9999933499577291,0.0025787633005733904,0.0025787633005733904,3.0171603781957575e-10
778,0.014762926487547415,0.013118919207104101,0.7069850733635427,0.7069526547100163,0.5012351270526669,0.019715266895965325,0.7069688642226027,0.7069688642226027,0.001165457360913699
779,0.7062501124290593,0.706250028539671,0.0347979480388447,0.03479635233031305,0.5028536135014593,0.9987884243806534,0.03479715019372577,0.03479715019372577,5.5807454258895644e-08
780,0.7069905759528713,0.7069905652937771,0.012819539211113107,0.012818951354430935,0.5010535657382144,7.498464964471906e-09,0.012819245286141718,0.012819245286141718,0.9998356534453988
781,0.7071065557715215,0.7071065557508486,0.0005646363175398733,0.0005646104278127031,0.5000463953112451,0.9999996812003953,0.0005646233728246789,0.0005646233728246789,1.4793871874213727e-11
782,0.03945129238800485,0.03886760224493084,0.7060377535909316,0.7060053792676765,0.5032542909445467,0.055379810395493737,0.706021566614868,0.706021566614868,0.0004141858673787926
783,0.707070006136596,0.7070700027637433,0.007211878512559965,0.007211547822342631,0.5005914520768998,0.9999479898406348,0.007211713169346758,0.007211713169346758,2.437166597619433e-09
784,0.7070638022747038,0.7070637983332636,0.007796479111602409,0.007796121653647316,0.5006410882597141,0.9999392158529556,0.007796300384673531,0.007796300384673531,2.7865131519615417e-09
785,0.016467909431806652,0.015011940821122075,0.7069474107971392,0.7069149934461297,0.5013755611152249,0.022259797335664553,0.7069312023074527,0.7069312023074527,0.0010255880489745022
786,0.7070231336586493,0.7070231259880764,0.010876548995374243,0.01087605036324676,0.5008969533295923,5.284874022771265e-09,0.010876299682168024,0.010876299682168024,0.9998816991076734
787,0.7067804989363528,0.706780469007976,0.021479493217114943,0.02147850840442402,0.5017640111343077,2.0989599636425444e-08,0.0214790008164137,0.0214790008164137,0.999538546054055
788,0.14023546943825418,0.14007830616761194,0.6930931165011018,0.6930613343070219,0.5112201748043597,0.19821177164751855,0.6930772255862401,0.6930772255862401,0.00011103020640094126
789,0.7070830539049276,0.7070830464598765,0.0057935661748057515,0.0057933005112343,0.5004751509123148,0.9999664355667988,0.00579343334454281,0.00579343334454281,1.5772076541689661e-09
790,0.008058678388713993,0.004369252339720196,0.7070932821304372,0.707060858556482,0.500684461296351,0.0026034513823901353,0.7070770705293109,0.7070770705293109,0.008789465528711475
791,0.706961117367434,0.7069611040036816,0.014352610420924481,0.014351952152523684,0.501178221333319,0.9997939908018629,0.014352281290498026,0.014352281290498026,9.570477117173857e-09
792,0.7030509040127844,0.7030505309635701,0.07563035707863719,0.07562688917843002,0.5061536197515825,2.636677877482883e-07,0.0756286231484109,0.0756286231484109,0.9942638597079158
793,0.011277686865705617,0.009018832001851199,0.7070492632549165,0.707016841227249,0.5009496207866794,0.0016025353805764456,0.7070330524269278,0.7070330524269278,0.014351217093770309
794,0.7059435908976752,0.7059434893899252,0.040543769266063644,0.04054191004992009,0.5033236701743258,0.9983549250157476,0.04054283966864938,0.04054283966864938,7.547471576734257e-08
795,0.7071066998644453,0.7071066998569858,0.00033914209896736443,0.00033912654555256464,0.5000279151697075,5.266734125345349e-12,0.00033913432234912867,0.00033913432234912867,0.9999998849879057
796,0.7034915457089217,0.7034912132519403,0.07141507458032308,0.07141179955772162,0.5058177719752319,0.9948870498737837,0.07141343708779643,0.07141343708779643,2.3383310772240784e-07
797,0.02832345272813314,0.02750332800598896,0.7065716997931553,0.7065392997035275,0.5023470059139108,0.0005813461001189252,0.7065554999340604,0.7065554999340604,0.03947547419043483
798,0.7070933861080129,0.7070933848787052,0.004353448198198408,0.004353248527673555,0.5003578875204714,0.999981048178435,0.004353348364080743,0.004353348364080743,8.739703037772723e-10
799,0.7028589788979475,0.7028585828537174,0.07739387901416672,0.07739033007005867,0.5063014474171391,2.7395766350265867e-07,0.07739210456245557,0.07739210456245557,0.9939924166223322
800,0.7071066733217288,0.7071066785801925,0.0003905865661660817,0.0003905686569854897,0.5000321767734898,0.9999998474491157,0.00039057761167843465,0.00039057761167843465,6.945546012855375e-12
801,0.009904105677222323,0.007227851759619786,0.707069839662097,0.7070374167544003,0.5008370745608927,0.012115225875433932,0.7070536283940984,0.7070536283940984,0.0018853252956478818
802,0.7071057156858909,0.7071057208565105,0.0012275921812963913,0.0012275358828790493,0.5001010000096359,0.9999984930854108,0.0012275640324104647,0.0012275640324104647,6.925131550730896e-11
803,0.047975783159522084,0.04749766163583297,0.7055097250492897,0.7054773732943013,0.5039421683487838,0.06750990801268329,0.7054935493572396,0.7054935493572396,0.0003405154337254647
804,0.6542662376213665,0.6542611956217489,0.2682205955992196,0.2682082964950601,0.5200379679997612,3.552818403897287e-06,0.2682144461176376,0.2682144461176376,0.9252686214148823
805,0.007034915622291953,0.0019068119608165633,0.707104210189807,0.7070717855792239,0.5006016725865073,0.006308776236752019,0.7070879980703756,0.7070879980703756,0.003650385193547872
806,0.707105805771173,0.7071058109500572,0.0011745515018710545,0.0011744976365915608,0.5000966246612096,0.9999986204910823,0.0011745245695400997,0.0011745245695400997,6.365214899195523e-11
807,0.707106016747071,0.7071060219453034,0.0010397977017638628,0.001039750013655302,0.500085476066982,0.99999891886974,0.0010397738579829782,0.0010397738579829782,5.0070886650491876e-11
808,0.03166377850511715,0.030932648074428037,0.7064298771166937,0.70639748380836,0.5026184016882215,0.0005168742519946387,0.7064136806482054,0.7064136806482054,0.044262359032536454
809,0.6738016768622954,0.6737985466905848,0.21446565803791423,0.21445582355706422,0.5165551088170817,2.1969470219544718e-06,0.21446074085386146,0.21446074085386146,0.9528972564027872
810,0.7071066615906105,0.7071066615796398,0.00041127812725771815,0.0004112592651207517,0.5000338540834552,7.75513664244657e-12,0.00041126869629737,0.00041126869629737,0.9999998308580467
811,0.016296842174062,0.014824068706560568,0.7069513752635181,0.7069189578269565,0.5013628523243714,0.0010437509446608604,0.7069351667310554,0.7069351667310554,0.022005696122336913
812,0.012556207384955236,0.010574272686063896,0.7070277114492431,0.7069952911131017,0.501054116607632,0.001401857501933223,0.7070115014670038,0.7070115014670038,0.016355683485489533
813,0.7070694189361775,0.7070694155091782,0.007269226335013342,0.0072688929870361576,0.5005978828960178,0.9999471593755517,0.007269059662935605,0.007269059662935605,2.452807750132415e-09
814,0.033558528970903785,0.03286973544849848,0.7063423960739907,0.7063100063947202,0.5027759635807455,0.00048743869000382483,0.7063262014200155,0.7063262014200155,0.04697187220740466
815,0.7055789683657949,0.7055788281012839,0.046459846482960976,0.04645771625749558,0.5038032040359796,0.9978392472061375,0.046458781382437656,0.046458781382437656,9.887457239193783e-08
816,0.7070418404513865,0.707041834495219,0.009583541810615737,0.009583102374310527,0.5007881846389614,0.9999081557199386,0.009583322094981889,0.009583322094981889,4.220855755802554e-09
817,0.7068445196228484,0.7068444955668167,0.019257895386297325,0.019257012410084984,0.5015829350819789,1.6861028671567267e-08,0.019257453903251842,0.019257453903251842,0.999629081678964
818,0.707106630139366,0.7071066248566744,0.0004701954936072027,0.0004701739344202983,0.5000387330094157,1.0069292701307156e-11,0.0004701847141373187,0.0004701847141373187,0.9999997789263102
819,0.7067665832685046,0.7067665520592578,0.0219326443974876,0.02193163867480265,0.5018033526604837,0.9995188654221427,0.021932141541909946,0.021932141541909946,2.196035173927499e-08
820,0.7070995705323186,0.7070995698709615,0.0031934758964731647,0.003193329455379731,0.5002633612247986,4.59098252369144e-10,0.003193402676765874,0.003193402676765874,0.999989802127346
821,0.7071003094644828,0.7071003088709208,0.0030254247053004076,0.00302528597519735,0.5002494936955432,4.1039698995577766e-10,0.003025355341044077,0.003025355341044077,0.9999908471831727
822,0.00980316751638954,0.007088911859061589,0.7070712462889809,0.7070388234790532,0.5008279655248203,0.011943793275461483,0.7070550350698653,0.7070550350698653,0.0019236857573367364
823,0.006792597595976133,0.0005332841960069203,0.7071065800909863,0.7070741549638928,0.5005815432963303,0.004419331076808507,0.707090367713305,0.707090367713305,0.005185873790223406
824,0.7070854399973532,0.7070854380401375,0.0054939340718667086,0.005493682166689883,0.5004527251650793,0.9999698176168439,0.00549380812072211,0.00549380812072211,1.361374866740403e-09
825,0.7071058897248752,0.7071058896430893,0.0011228677815423368,0.0011228162771899255,0.5000922164533765,0.9999987392249815,0.0011228420296614421,0.0011228420296614421,5.8750344699351e-11
826,0.7068523999300367,0.7068523713224127,0.018966421799433312,0.01896555195716139,0.5015578659836436,0.9996402266230939,0.018965986883284082,0.018965986883284082,1.65320308349706e-08
827,0.008236009583403786,0.004688166818701313,0.7070912395807708,0.7070588151958315,0.5007004832864201,0.00913852454198823,0.7070750275741622,0.7070750275741622,0.002509607772814278
828,0.019455183930537485,0.018239523722108752,0.7068715016001151,0.7068390876462944,0.501623028141509,0.0008614940799000075,0.706855294809004,0.706855294809004,0.026654122175090614
829,0.7071067809336442,0.707106780933621,1.891272808147312e-05,1.891186083088017e-05,0.5000015631800511,1.589764305506446e-14,1.891229446114778e-05,1.891229446114778e-05,0.9999999996423244
830,0.7070806026791182,0.707080600277237,0.006085405646798794,0.0060851265589927355,0.5005010524154866,1.6859722637533108e-09,0.0060852661044957365,0.0060852661044957365,0.9999629688507838
831,0.7070942190815905,0.7070942179295016,0.004215088453647774,0.004214895182700927,0.5003475502432992,0.9999822336861481,0.004214991819282113,0.004214991819282113,7.932210756559899e-10
832,0.4584984995137568,0.4584695160534545,0.5383360501115559,0.5383113652372891,0.5279382095503545,0.6483943019396425,0.5383237078159134,0.5383237078159134,2.0466047789258123e-05
833,0.04779308491256856,0.047313108048337243,0.705522125667793,0.7054897738695685,0.5039289041125137,0.0672502309777237,0.7055059499541221,0.7055059499541221,0.0003399883769140862
834,0.01862060038526752,0.017346474602057228,0.7068939806073353,0.7068615658255127,0.5015510505623955,0.0009020499275425664,0.7068777734022268,0.7068777734022268,0.02543252338553652
835,0.012039607897414263,0.0099552271910349,0.7070366988011165,0.707004277102821,0.5010131061247713,0.015553113950651612,0.7070204881378134,0.7070204881378134,0.0014694737788224833
836,0.6991503252662074,0.6991495966550205,0.10578208196032039,0.10577723138821654,0.5085361022228736,5.209377711272944e-07,0.10577965670207162,0.10577965670207162,0.988747353197829
837,0.7071062712462076,0.7071062711994386,0.000849252863192468,0.0008492139214572041,0.5000699628281069,0.9999992788023849,0.0008492333925480462,0.0008492333925480462,3.270412428265781e-11
838,0.7071067058133198,0.7071067058064063,0.0003265020860278861,0.0003264871132747646,0.500026900370518,4.853033004718709e-12,0.0003264945997371551,0.0003264945997371551,0.9999998934012708
839,0.02550598109291939,0.024591796292870394,0.7066790244199156,0.7066466195549804,0.5021157997524341,0.0006465456759052748,0.7066628221731935,0.7066628221731935,0.03542447593276948
840,0.7071017530655737,0.7071017526044531,0.0026667327785600582,0.0026666105066047324,0.5002194559450918,3.237179537329542e-10,0.002666671643283196,0.002666671643283196,0.9999928888370643
841,0.007091940677938782,0.0021075932133630287,0.7071036402471997,0.7070712159163425,0.5006060103205239,0.006513434583989611,0.7070874282676283,0.7070874282676283,0.003508951645791773
842,0.15690795134958319,0.15676895172957636,0.6895096052801662,0.6894779874779188,0.5124738326568242,9.84067198916516e-05,0.6894937965602781,0.6894937965602781,0.22180306428430477
843,0.0734553503993881,0.0731459145505408,0.70331335490275,0.7032811041807534,0.5059957207513618,0.10366274864758313,0.7032972297266149,0.7032972297266149,0.00021877056453730085
844,0.5898526582084499,0.5898408348717787,0.3899843452213988,0.38996646215338276,0.5260990957166621,0.834169268678493,0.38997540378989864,0.38997540378989864,8.378542156125661e-06
845,0.7070933302807121,0.7070933237781172,0.004362507125042328,0.00436230706986643,0.5003586076324767,8.760751324498034e-10,0.004362407098601168,0.004362407098601168,0.9999809692232223
846,0.7071066170017272,0.7071066169866653,0.0004818855406989637,0.00048186343880948746,0.5000396263098917,0.9999997677969502,0.0004818744898809427,0.0004818744898809427,1.075831277076774e-11
847,0.701550354615761,0.7015498429948508,0.08847495574400113,0.08847089882273616,0.5071767450947979,0.9921416644146501,0.08847292730662241,0.08847292730662241,3.5777841164884664e-07
848,0.010606793619955484,0.008164331767434748,0.7070596464845043,0.7070272243208537,0.5008950826122016,0.013273194269841563,0.7070434355885229,0.7070434355885229,0.0017270484167666881
849,0.011779706952895494,0.009639294703517473,0.7070410765985373,0.7070086551833039,0.5009919769311273,0.0015146111172173076,0.7070248660767608,0.7070248660767608,0.015145410243402331
850,0.7070559079128371,0.7070559032461678,0.008482316001248467,0.008481926995256038,0.5006962250787776,0.9999280510265232,0.008482121500482323,0.008482121500482323,3.36266477324015e-09
851,0.008599490813518077,0.005300930559216946,0.7070869113024253,0.7070544878280214,0.5007297630007156,0.002337063088588661,0.7070706997510751,0.7070706997510751,0.009827982660005988
852,0.7071061022181179,0.7071061074241851,0.0009799459113841134,0.0009799009641214716,0.5000805338631559,4.4521539526731555e-11,0.0009799234380104987,0.0009799234380104987,0.9999990397495937
853,0.04505116590861909,0.04454138651103386,0.7057025328618827,0.7056701725666715,0.5037037213219089,0.00036165669097432975,0.7056863528997683,0.7056863528997683,0.06335149458765048
854,0.02901923808755354,0.028219408937071113,0.7065434628947049,0.7065110641885355,0.5024085772368694,0.040473834475763054,0.7065272637273309,0.7065272637273309,0.0005656348365348335
855,0.04756112209512266,0.04707877988297486,0.7055378008900246,0.7055054497770051,0.5039096436782232,0.00034161607929812144,0.7055216255189443,0.7055216255189443,0.06692051366114228
856,0.7071031502279337,0.7071031498948689,0.002266144027658664,0.002266040099337388,0.5001868270605149,0.9999948648135717,0.002266092064093826,0.002266092064093826,2.3208233133545477e-10
857,0.7069987972853801,0.7069987873801034,0.012357776623064724,0.012357209920856723,0.501016935419489,0.9998472806983629,0.012357493275209274,0.012357493275209274,6.9690672257828195e-09
858,0.7064744439132227,0.7064743911553921,0.029898864284983187,0.029897493164134432,0.5024494502281943,0.99910569902136,0.029898178732418713,0.029898178732418713,4.142547715766162e-08
859,0.034982848675762054,0.03432279839401056,0.7062732796236897,0.706240893957952,0.5028985866130155,0.00046399329639275827,0.706257086976453,0.706257086976453,0.04900651896725643
860,0.7070425166544979,0.707042510759144,0.009533518731561849,0.009533081499360507,0.5007838992195671,4.179650862339159e-09,0.009533300117967814,0.009533300117967814,0.9999091120585514
861,0.7058858674626304,0.7058857501274235,0.041536824229166464,0.0415349196971164,0.5034093924780622,7.763107946283098e-08,0.041535871974057434,0.041535871974057434,0.9982732805593385
862,0.7055198038510503,0.7055196581298312,0.04734988904279648,0.04734771772719942,0.5038764340266519,0.9977555720884992,0.047348803397444454,0.047348803397444454,1.0233959092289906e-07
863,0.059951960721780564,0.059571031042541814,0.7045929976348118,0.7045606875645634,0.504905121893748,0.08451551534360392,0.7045768427848947,0.7045768427848947,0.0002699791621487147
864,0.7071047278057074,0.7071047276173401,0.0017041658390083434,0.0017040876784991344,0.5001402606388943,0.9999970959477716,0.0017041267592018475,0.0017041267592018475,1.3283149362316013e-10
865,0.7070703523318577,0.7070703489907127,0.007177853310797954,0.007177524176362742,0.5005896147296821,2.3744270507141703e-09,0.007177688745466916,0.007177688745466916,0.9999484794570899
866,0.7071022950059589,0.7071022945945515,0.0025189241991220375,0.002518808707848851,0.5002069845266728,0.9999936552916595,0.0025188664541473615,0.0025188664541473615,2.938783036766229e-10
867,0.7031388292700044,0.7031384642671451,0.07480842244052609,0.07480499163028709,0.5060874391776744,0.9943882104887837,0.07480670705507472,0.07480670705507472,2.5786530053932373e-07
868,0.7067169370370749,0.706716895989688,0.023478264899684114,0.02347718789393654,0.5019239947723363,0.9994486443664283,0.023477726402986086,0.023477726402986086,2.5708061228841965e-08
869,0.7034608301666616,0.7034604949406472,0.0717170793466997,0.07171379109624684,0.5058324112817402,0.9948436021287609,0.07171543524031963,0.07171543524031963,2.3731889065866003e-07
870,0.009177172751079037,0.006194312885640353,0.7070796493238031,0.7070472257920927,0.5007775387729319,0.010870036162568989,0.7070634377438022,0.7070634377438022,0.002105308920990024
871,0.02255168083854897,0.021512027851979063,0.706779479515911,0.7067470705219508,0.5018747883021787,0.031157783380565202,0.7067632752046975,0.7067632752046975,0.0007336066211268574
872,0.7070054070847513,0.7070053925179749,0.011973927947903614,0.011973378906334124,0.500982216167614,6.5982135986289324e-09,0.01197365343026585,0.01197365343026585,0.9998566213448099
873,0.6450142998096797,0.6450083358593447,0.2897658597354695,0.2897525721042672,0.5213226323865208,4.206417267553617e-06,0.2897592159960356,0.2897592159960356,0.9121837498404869
874,0.09721658640485303,0.09698491277774725,0.7004241048775294,0.7003919869100327,0.5078936406117673,0.00016450217765606932,0.7004080460778817,0.7004080460778817,0.1373211961707043
875,0.7070954319957179,0.7070954362230968,0.004006435189752645,0.004006251463564096,0.5003288971444472,7.49332157951619e-10,0.004006343327711554,0.004006343327711554,0.9999839490843251
876,0.702944177129271,0.7029437942223359,0.07661606988293174,0.07661255667351108,0.5062322841483843,2.694032311775885e-07,0.07661431329835905,0.07661431329835905,0.9941129181313204
877,0.009028131885460172,0.005971283667592689,0.7070815679764633,0.7070491445682233,0.5007644904573961,0.010607527743272635,0.7070653564581957,0.7070653564581957,0.00215493583678827
878,0.04101379604788869,0.04045276838403117,0.7059487046025839,0.7059163325499347,0.5033804292220242,0.00039702057198286324,0.7059325187618207,0.7059325187618207,0.05760555775136541
879,0.7070348989877259,0.7070348923935089,0.010082704899915597,0.01008224247951934,0.5008278688770943,0.9998983385567178,0.010082473692368515,0.010082473692368515,4.722095912802197e-09
880,0.034437109295509,0.03376631358226555,0.7063001034029841,0.7062677151784379,0.5028449283416718,0.04822708341446165,0.7062839094763654,0.7062839094763654,0.00047629287343204453
881,0.25632292596819745,0.25624521419270646,0.6590435419631474,0.6590133212789395,0.5192769102263446,5.5053173275216274e-05,0.6590284317942702,0.6590284317942702,0.36244040771237446
882,0.006786923851240947,0.00045569994463015296,0.7071066343470122,0.7070742094466697,0.5005810543037044,0.005100263872068127,0.7070904220827038,0.7070904220827038,0.004500811730570405
883,0.009769281040947429,0.007041969990381864,0.7070717153575423,0.7070392925063965,0.5008263413686046,0.011887048341925457,0.707055504117818,0.707055504117818,0.0019303562156195188
884,0.006946561887641544,0.001549404398227123,0.7071050836657944,0.7070726591220597,0.5005941759942476,0.006005738055829989,0.7070888715797863,0.7070888715797863,0.003819225897068023
885,0.7062793199474221,0.706279249279879,0.03419984617671735,0.03419827794796734,0.5028040413076353,5.3264443840548134e-08,0.034199062071331415,0.034199062071331415,0.9988297393985017
886,0.07941608145023583,0.0791304869637122,0.7026651877195009,0.7026329667807263,0.5064631918443717,0.00020132938979665455,0.7026490774348056,0.7026490774348056,0.11210935476801893
887,0.7070302046961099,0.7070301976729628,0.010407066267948305,0.010406589121868535,0.5008569111036004,0.9998916920719688,0.010406827697643025,0.010406827697643025,4.872169915921414e-09
888,0.01202080503253819,0.009932522654598444,0.7070370181211978,0.7070045970475501,0.5010106133437584,0.0014736068511982372,0.7070208077702113,0.7070208077702113,0.015523634972599313
889,0.0419088369606343,0.04136007195011938,0.7058961286729947,0.7058637612065162,0.5034518454296898,0.0003871904372254218,0.7058799451252781,0.7058799451252781,0.05888001548437257
890,0.009299030792643215,0.006373479655250725,0.7070780570468053,0.7070456336247679,0.5007873981210511,0.011081347612723546,0.7070618455216401,0.7070618455216401,0.0020729086215874075
891,0.006875370795335794,0.0011902225564019559,0.7071057794773458,0.7070733549472962,0.5005884967912856,0.0040157697100973505,0.7070895673981799,0.7070895673981799,0.005706220022272978
892,0.03700712363626768,0.03638398588750661,0.7061700967691381,0.706137715180379,0.5030537194448769,0.05189535221932244,0.7061539061603711,0.7061539061603711,0.0004405075762667684
893,0.7066866473856283,0.7066866088349177,0.02437287207947223,0.02437175428357487,0.5019994583067914,2.7247975903298575e-08,0.024372313187931788,0.024372313187931788,0.99940581382126
894,0.0114063316118122,0.00917927803895355,0.7070471984642873,0.7070147774970221,0.5009607372528448,0.014556703722538826,0.7070309881664881,0.7070309881664881,0.0015703252459362685
895,0.707087808607046,0.7070878015978384,0.005180813790873524,0.00518057619053867,0.5004260187637338,1.2392037675918407e-09,0.0051806949920682206,0.0051806949920682206,0.9999731600392074
896,0.011376413289488399,0.009141986334932194,0.7070476816211577,0.7070152595387662,0.5009585942970505,0.0015721863855507265,0.7070314707658081,0.7070314707658081,0.014509545942255543
897,0.707098372225576,0.7070983661855722,0.0034497155960748096,0.0034495574255335114,0.5002835960882458,5.509939631941231e-10,0.003449636511710703,0.003449636511710703,0.9999880999371309
898,0.7053539346860358,0.7053537684563383,0.04976003742405688,0.04975775572752586,0.5040733130101639,0.9975209794387819,0.04975889658886979,0.04975889658886979,1.1240262238334776e-07
899,0.0071273218454266304,0.0022239294502666884,0.7071032839252003,0.7070708601571088,0.5006094819906839,0.006607670893710496,0.7070870722270053,0.7070870722270053,0.0034760989986578807
900,0.7071050059404173,0.7071050057770837,0.0015869012423342674,0.0015868284610499515,0.5001305876645489,0.9999974818567714,0.0015868648521093723,0.0015868648521093723,1.1570393791646533e-10
901,0.12636182166738175,0.1261860344015371,0.6957564837800742,0.6957245791438588,0.5101525047600728,0.17857830169839775,0.6957405316448483,0.6957405316448483,0.00012415957930002756
902,0.7071003120670464,0.7071003114737049,0.0030248163231906904,0.003024677616717456,0.5002490308285008,4.1655416613371143e-10,0.0030247469707491603,0.0030247469707491603,0.9999908508639094
903,0.7070918908146517,0.7070918894488508,0.0045891040144162365,0.004588893566187492,0.5003768828719306,9.741813266498525e-10,0.00458899879150824,0.00458899879150824,0.9999789408683493
904,0.0148690452027935,0.013238140739551802,0.7069828510175118,0.7069504307196967,0.501244396452588,0.0011584679911673622,0.7069666410544468,0.7069666410544468,0.019874476705415253
905,0.05004133989824202,0.04958330098519089,0.7053662142911354,0.7053338672580416,0.504112287107195,0.00032706156865331624,0.7053500409600162,0.7053500409600162,0.07044524445361612
906,0.007043356899548494,0.0019378222447626373,0.7071041258860048,0.7070717015434802,0.5006023830880084,0.0063515655819699375,0.7070879139005997,0.7070879139005997,0.0036085517965315584
907,0.6991829622198836,0.6991822315189004,0.10556612680323356,0.10556128713413065,0.5085193854793335,5.135440187547869e-07,0.10556370699641704,0.10556370699641704,0.9887935110679363
908,0.013864667172104021,0.01209910652005018,0.7070032613957509,0.7069708416953487,0.5011622855981612,0.001246514129585991,0.7069870517313803,0.7069870517313803,0.018359291131640136
909,0.006964312205022224,0.001626718115074217,0.7071049100297495,0.7070724845130922,0.5005957250781485,0.0060753335783697805,0.7070886974572913,0.7070886974572913,0.0037733510605912073
910,0.010849497867478878,0.008477203920503707,0.7070559645556299,0.7070235416137327,0.5009179727294503,0.013665688711691024,0.707039753270535,0.707039753270535,0.0016803399422119255
911,0.019371394227822834,0.0181501337995857,0.7068738024874432,0.7068413889166862,0.5016161676554175,0.000862553798455807,0.706857595887859,0.706857595887859,0.026531759689424308
912,0.5957544113345362,0.5957432432027346,0.3809067972329855,0.3808893295636459,0.5257307797294608,8.004104421962877e-06,0.38089806349844735,0.38089806349844735,0.8425160712901605
913,0.014468549778506503,0.012786704066199304,0.7069911599158235,0.7069587407107327,0.501213712924177,0.0011865390479617517,0.7069749504991061,0.7069749504991061,0.019272541572333955
914,0.008904524010797742,0.005782702390755463,0.7070831353900747,0.7070507120795084,0.5007551060583934,0.0022063123388895755,0.7070669239206424,0.7070669239206424,0.010385681521315108
915,0.7071047873237886,0.7071047818720633,0.0016815033929503923,0.0016814262808524665,0.5001386397620319,0.9999971726720027,0.0016814648373434753,0.0016814648373434753,1.2757318456149546e-10
916,0.017961356030306897,0.016636734234261475,0.7069110404244773,0.7068786244395505,0.5014950553159155,0.0009369797300854351,0.706894832617826,0.706894832617826,0.02446453157970328
917,0.015933639210652013,0.014423851912423001,0.706959654079351,0.7069272375156385,0.5013322399414266,0.0010683011972785826,0.7069434459833007,0.7069434459833007,0.021465951994696843
918,0.028034792224630536,0.027205940825384307,0.706583212922443,0.7065508123446739,0.5023197639514206,0.03906109177806646,0.7065670128192801,0.7065670128192801,0.0005864301987340191
919,0.05732003121881726,0.05692125271340529,0.7048120110990821,0.7047796918336039,0.504697104516244,0.08078078625318992,0.704795851651598,0.704795851651598,0.00028206684665203443
920,0.7071017675850028,0.7071017618562858,0.002664278464318755,0.002664156281342743,0.5002192231101997,3.2465018184681367e-10,0.0026642173735311747,0.0026642173735311747,0.9999929019205944
921,0.01233785846711536,0.010313990355790828,0.7070315562992537,0.7069991352529715,0.50103721888876,0.01601712127172408,0.7070153459619511,0.7070153459619511,0.0014328205682500835
922,0.7069638049712625,0.7069637918540681,0.014219599407788264,0.014218947237915868,0.5011660377194174,0.9997977918219904,0.014219273326591059,0.014219273326591059,9.35572231299444e-09
923,0.7071067712237514,0.7071067712228376,0.00011870473380306645,0.00011869929000542267,0.5000097929337922,6.376805649709822e-13,0.00011870201193545187,0.00011870201193545187,0.9999999859098326
924,0.0203915743344893,0.019235294152449043,0.706845105704828,0.706812693502431,0.5016967513790901,0.0008167153286363197,0.7068288997894155,0.7068288997894155,0.028020453619493995
925,0.012297263972442138,0.01026539374648306,0.7070322635433487,0.7069998425026653,0.5010335369206763,0.0014390935198359631,0.7070160532088452,0.7070160532088452,0.01595399698569055
926,0.7071064537079087,0.7071064536778712,0.0006805638133033972,0.0006805326036959526,0.500056191190917,2.0791654339980126e-11,0.0006805482086785822,0.0006805482086785822,0.9999995368540281
927,0.6849114272369012,0.6849093585541546,0.17578159905102905,0.1757735385099566,0.5138135175047692,0.9686095666431422,0.17577756882669637,0.17577756882669637,1.461884106747048e-06
928,0.03116637732727345,0.030423247260653236,0.7064519983877974,0.7064196040062092,0.5025793009211135,0.0005247475151088174,0.7064358013826884,0.7064358013826884,0.04355044993607089
929,0.7060820899734699,0.7060819959192782,0.038055420621095515,0.038053675495240566,0.5031200498520473,0.9985508012828646,0.03805454806817166,0.03805454806817166,6.582992703592721e-08
930,0.7071066507616137,0.7071066454808107,0.0004380831811580809,0.00043806309021070423,0.5000360713744163,0.999999808091908,0.00043807313579956927,0.00043807313579956927,8.824177643671905e-12
931,0.7051258229589341,0.7051256462905586,0.052894521200491575,0.052892095784599434,0.5043251232243114,1.269018960503451e-07,0.052893308506447655,0.052893308506447655,0.9971983733593184
932,0.7040603921970663,0.7040601121832669,0.06556949315409924,0.06556648640359702,0.5053458695629949,1.9730634591354702e-07,0.0655679897960832,0.0655679897960832,0.9956915573751556
933,0.33048569129380706,0.3304314625219357,0.625152021764621,0.6251233541070135,0.5235109986506302,0.46733899939082646,0.6251376881001481,0.6251376881001481,3.849521495137435e-05
934,0.7071067035628539,0.7071067035557347,0.0003313405226164815,0.00033132532920198093,0.5000272983131273,0.9999998902184859,0.0003313329259963189,0.0003313329259963189,5.002471766277211e-12
935,0.008667104223655743,0.00540989111805137,0.7070860860447548,0.7070536622522904,0.5007343295462654,0.002303934029630958,0.7070698743343782,0.7070698743343782,0.009953768407994574
936,0.707104308742627,0.707104313784186,0.0018699942110876765,0.0018699084499712321,0.5001534781685819,0.9999965032759058,0.00186995133102111,0.00186995133102111,1.6368379196766007e-10
937,0.06606980646351433,0.06572489319785742,0.7040456223954012,0.7040133384204248,0.5054117195988249,0.00024387373786288668,0.7040294805929649,0.7040294805929649,0.09319292589888993
938,0.006766553575805774,0.0,0.7071068284393311,0.7070744046793858,0.5005794361935793,0.004723068596118259,0.7070906167452082,0.7070906167452082,0.004838599467093878
939,0.7070755099095748,0.7070755123095066,0.006650364087788851,0.006650059106132088,0.5005459189457414,2.0481813685728723e-09,0.006650211598708795,0.006650211598708795,0.9999557737077104
940,0.7071065430022426,0.7071065482487459,0.0005804087580826024,0.0005803821342528194,0.5000477941974146,0.9999996631410736,0.0005803954463203717,0.0005803954463203717,1.5376632873271504e-11
941,0.012324378981939322,0.010297868347511856,0.7070317912990131,0.7069993703552382,0.5010361392036156,0.001431420719015853,0.7070155810129628,0.7070155810129628,0.015996482254493533
942,0.008456848611563775,0.005066288951877433,0.7070886314432291,0.7070562083113079,0.5007178608519954,0.009561647714350044,0.7070724200631159,0.7070724200631159,0.0024000969083535126
943,0.00801493003915036,0.004288180149622744,0.7070937784417194,0.7070613558226542,0.5006819080147572,0.008700188943493548,0.707077567318027,0.707077567318027,0.002633306582238186
944,0.7069129743537643,0.7069129565751776,0.016555114802977475,0.01655435562964911,0.5013618871067606,0.9997259031772384,0.016554735220665105,0.016554735220665105,1.2433970503539092e-08
945,0.007823625587526892,0.003918707715383498,0.707095922580409,0.7070634984799206,0.5006657267970372,0.008303551346805738,0.7070797107160214,0.7070797107160214,0.0027597866807730445
946,0.0068893350833884575,0.0012684499292638955,0.7071056434754296,0.7070732190248101,0.5005893005496153,0.003984191674671978,0.7070894314359779,0.7070894314359779,0.005761780956234544
947,0.039167315907971983,0.0385793130208112,0.7060535649699925,0.7060211904500872,0.5032290766017663,0.00041456272727610955,0.706037377895602,0.706037377895602,0.054975177729023876
948,0.012155275669074775,0.010094765020305246,0.7070347203067076,0.7070022979265401,0.5010214991800439,0.0014549230846389273,0.7070185093024768,0.7070185093024768,0.015733346949208374
949,0.007120914595941239,0.002203293996263782,0.7071033485252095,0.7070709247135787,0.500609088215201,0.00345351379214526,0.7070871368052454,0.7070871368052454,0.006605692363721118
950,0.7070766516461076,0.7070766488823897,0.00652840374919349,0.006528104410306029,0.5005362644376102,1.971547178757291e-09,0.006528254081465452,0.006528254081465452,0.9999573809904577
951,0.7071065053347002,0.7071065053093966,0.0006246191895194138,0.0006245905436319223,0.5000513921519479,1.785414580989008e-11,0.0006246048667398893,0.0006246048667398893,0.9999996098686842
952,0.01132886304544508,0.009082784190562718,0.7070484446141927,0.7070160230589537,0.500954104989301,0.0015870315707499844,0.7070322340224131,0.7070322340224131,0.014433344634845736
953,0.006876857484814987,0.0011986602817119709,0.7071057652243611,0.7070733404896085,0.5005884749609422,0.005698848645740636,0.707089553042846,0.707089553042846,0.004031262761263507
954,0.7054745705738741,0.7054744259623897,0.04801918102611826,0.04801697901377839,0.5039243433445114,0.9976915996338566,0.04801808003257082,0.04801808003257082,1.0704998170756273e-07
955,0.7069986958092275,0.7069986806261277,0.012363882598714356,0.012363315635108531,0.5010170524308963,6.958199588437931e-09,0.012363599120161387,0.012363599120161387,0.9998471297321369
956,0.7023256507041709,0.7023252107136767,0.08209322990350756,0.08208946560286264,0.5066637053313989,0.9932381493080857,0.08209134777476162,0.08209134777476162,3.106897047112247e-07
957,0.7071064596415947,0.7071064596121023,0.000674369956305427,0.0006743390313975847,0.5000555338146547,2.054853758144074e-11,0.0006743544940287774,0.0006743544940287774,0.9999995452459127
958,0.707106777533294,0.7071067775324755,0.00011233084225525055,0.00011232569033340152,0.5000092504580298,0.9999999873823603,0.0001123282663238626,0.0001123282663238626,5.776475128970496e-13
959,0.011992398871341736,0.009898108465176433,0.707037500737275,0.7070050794528306,0.5010091719543652,0.015479020435281347,0.7070212902808924,0.7070212902808924,0.0014799004864180928
960,0.7069094172330509,0.7069093938601377,0.01670655177747382,0.016705785696284177,0.501373314337047,1.2745739354807456e-08,0.0167061687412702,0.0167061687412702,0.999720864967806
961,0.7070972463754679,0.707097245500914,0.003672247951834881,0.003672079551212711,0.500302483342388,6.121827787042743e-10,0.0036721637524891257,0.0036721637524891257,0.9999865151224537
962,0.007220647206405418,0.002506736839456897,0.7071023379047845,0.707069913271605,0.5006169189554898,0.0033255153647197082,0.7070861257740557,0.7070861257740557,0.006882036269933042
963,0.011433288937432883,0.0092126943163806,0.7070467638448191,0.7070143420780597,0.5009631174131479,0.014598750605989802,0.7070305531472821,0.7070305531472821,0.001571723015677068
964,0.7069990354366926,0.7069990202885009,0.01234444454405823,0.012343878686748603,0.5010138094143244,0.9998476100625879,0.012344161618645787,0.012344161618645787,7.005260382795903e-09
965,0.007994810281843002,0.004250256481896673,0.7070940074133266,0.7070615836039721,0.500680731896092,0.0026478837008720485,0.707077795694503,0.707077795694503,0.008658543960229309
966,0.016284732311801102,0.014810755069859132,0.7069516543118496,0.7069192368959365,0.5013597259497674,0.02198783150588482,0.7069354457897109,0.7069354457897109,0.0010422273625251082
967,0.706858474108846,0.7068584565973695,0.01873845737373986,0.018737598045443237,0.5015385163635342,0.9996488246553074,0.018738027714517665,0.018738027714517665,1.6051255321424484e-08
968,0.012148512903208144,0.010086700694916403,0.707034835399987,0.707002414164362,0.5010199733155316,0.0014573720731254297,0.7070186249680143,0.7070186249680143,0.015722721243751542
969,0.020768126291257183,0.01963406018384964,0.706834141568697,0.7068017295750946,0.501723838788682,0.028568568152017,0.7068179357576824,0.7068179357576824,0.0008051684489886332
970,0.7069071591262406,0.7069071408148442,0.0168016149516255,0.016800844504626267,0.5013802248999941,1.295076183579693e-08,0.016801229732542146,0.016801229732542146,0.9997176788268528
971,0.7070920942528627,0.7070920981743755,0.004557647395989273,0.004557438436416219,0.5003747399563905,9.527771678814994e-10,0.0045575429174003245,0.0045575429174003245,0.9999792285868314
972,0.7070921927486968,0.7070921966792393,0.004542339238229526,0.004542130980064916,0.5003743912271467,0.9999793678873609,0.004542235110340782,0.004542235110340782,9.281983851820305e-10
973,0.05470147500283323,0.0542832201078481,0.7050200933411214,0.704987764917562,0.5044895133479633,0.07706381412440444,0.705003929314647,0.705003929314647,0.0002964024581551258
974,0.7071061031816752,0.7071061031194759,0.0009792503200556203,0.0009792054055487893,0.5000805951820942,4.389780947608221e-11,0.0009792278630597184,0.0009792278630597184,0.9999990411123328
975,0.006898046651227994,0.0013148571556698715,0.7071055587044192,0.7070731340909524,0.5005902250812191,0.0039400196688643176,0.7070893465835457,0.7070893465835457,0.005812756757442969
976,0.7017630482676193,0.7017625563137279,0.08677162298829785,0.08676764423528167,0.5070379125406813,3.5013250334585096e-07,0.08676963363459511,0.08676963363459511,0.9924424725684189
977,0.7061917227338744,0.7061916387446466,0.03596344487312317,0.03596179559135542,0.502950655492049,0.9987058525365133,0.03596262024169402,0.03596262024169402,5.869882811749676e-08
978,0.006782095573223116,0.0003765781947779103,0.7071066809109204,0.7070742557749014,0.500580721588593,0.0050657027597719295,0.7070904685287764,0.7070904685287764,0.004525183648290294
979,0.017382465978747964,0.01600995622195992,0.7069255132627238,0.7068930964979727,0.5014493966960343,0.0009771574914062492,0.7069093050661654,0.7069093050661654,0.023611734052550914
980,0.7071029002047345,0.7071029051171681,0.0023428669191420995,0.0023427594953978094,0.5001931442545887,0.9999945112112097,0.00234281320788566,0.00234281320788566,2.484203093821589e-10
981,0.2187384192822104,0.21864360258591234,0.6724544408718386,0.6724236051365148,0.5168334268072776,6.739180042677136e-05,0.6724390231809294,0.6724390231809294,0.3092757922393986
982,0.7070405503870326,0.707040549581286,0.009678259020868553,0.00967781527005669,0.5007953165708077,4.320426544111212e-09,0.009678037148005945,0.009678037148005945,0.9999063312100402
983,0.016970680417971926,0.015561884023534906,0.7069355188174113,0.706903102279049,0.5014181857890072,0.0009988303893068778,0.7069193107340421,0.7069193107340421,0.023003881421975507
984,0.0073352882865837556,0.002819711461167039,0.7071011591188909,0.7070687332548442,0.500626548162459,0.0032310983870166106,0.707084946372743,0.707084946372743,0.007163604492921727
985,0.7071065225221838,0.7071065224984588,0.0006048471994799319,0.0006048194629439054,0.5000498366740901,0.9999996341765729,0.0006048333313709121,0.0006048333313709121,1.6621320974967928e-11
986,0.7070741560654104,0.7070741530735289,0.006792794369873023,0.0067924829324336675,0.5005584064784743,0.9999538589956344,0.006792638652938244,0.006792638652938244,2.1209452524267047e-09
987,0.01553203881705724,0.013978847538244755,0.7069685932355809,0.7069361751743782,0.5012963322127305,0.0010963698354620268,0.7069523843908004,0.7069523843908004,0.02086744789129599
988,0.0172290668926054,0.015843294152340502,0.7069292680533167,0.7068968519197166,0.5014374193512469,0.023385682478287463,0.7069130601723257,0.7069130601723257,0.0009800870431636573
989,0.707106777276853,0.7071067772764944,7.436162075974466e-05,7.435821063615234e-05,0.5000061169326684,0.9999999944706037,7.435991571749692e-05,7.435991571749692e-05,2.572021861053706e-13
990,0.6630880409965372,0.6630838696803778,0.2456008586501582,0.24558959645590417,0.5185986766318382,2.9652653677870965e-06,0.24559522761758718,0.24559522761758718,0.9377451510587177
991,0.7062415938259508,0.7062415144223988,0.03497032036394673,0.03496871673626605,0.5028648755676708,5.642684202010143e-08,0.034969518559298765,0.034969518559298765,0.9987763841538604
992,0.49154210384946073,0.4915179976972823,0.5083404940978563,0.5083171845838426,0.5282917354608838,1.7036593762669756e-05,0.5083288394744573,0.5083288394744573,0.6951284641178596
993,0.5819958417741772,0.5819831330907416,0.40161627556398355,0.40159785875620446,0.526517097076355,8.943220398804395e-06,0.4016070672656633,0.4016070672656633,0.8230574262860204
994,0.7071067732358037,0.7071067732350744,0.00010604282415520106,0.00010603796093001927,0.5000087368211663,5.148510249522024e-13,0.00010604039257048985,0.00010604039257048985,0.9999999887554348
995,0.007536800758930799,0.0033091031167750366,0.7070990382093305,0.7070666140006314,0.5006425084901609,0.00766894565402807,0.707082826290838,0.707082826290838,0.0029901173342921053
996,0.7026714133620348,0.7026710000143472,0.07907885772340287,0.07907523156872685,0.506425920201829,0.9937271466622182,0.07907704466684999,0.07907704466684999,2.873515077453621e-07
997,0.7071050025069167,0.7071050023437827,0.0015860833520960483,0.0015860106223371708,0.5001303539370116,0.99999748445179,0.0015860469876334967,0.0015860469876334967,1.1661782142775043e-10
998,0.7071060437765868,0.7071060437089528,0.0010212493686089692,0.001021202538179119,0.500083806973776,0.9999989570970083,0.0010212259536624827,0.0010212259536624827,4.8954455889391454e-11
999,0.7070726617229065,0.7070726585937976,0.006946615657902452,0.006946297149127647,0.5005714552143966,2.2009468294114284e-09,0.006946456405340583,0.006946456405340583,0.9999517455791641
1000,0.6958930510948993,0.6958920196827642,0.1254364551247312,0.1254307037285259,0.510050450005732,7.390636653488046e-07,0.1254335794595928,0.1254335794595928,0.9841406577757903
