traj,F_phi_plus,F_phi_minus,F_psi_plus,F_psi_minus,F_plusplus,F_ee,F_eg,F_ge,F_gg
1,0.00039175197035986166,0.00031622655688268316,0.707106710476413,0.7071066726671463,0.5002764135794177,5.367215787355653e-05,0.9999998732655803,2.6676864787626392e-08,0.0005005877955243284
2,0.7071067811674541,0.7071067811659065,5.402954691432996e-06,5.196490381801942e-06,0.5000038011891494,0.9999999999719037,1.4613415765122735e-07,7.494936723802644e-06,1.1045916458495807e-12
3,0.0005888823561607884,0.0005634476198595244,0.7071065566990445,0.7071065359742972,0.5004193478938982,1.8000263841156907e-05,1.431802988055773e-08,0.9999996678721196,0.0008148200048013633
4,2.0201897988286566e-05,1.733902735637468e-05,0.7071067809739431,0.7071067808979469,0.5000142655100864,2.036685407378195e-06,0.9999999996455946,5.40544910575689e-11,2.654449970418767e-05
5,8.604004396465503e-05,4.433602100069674e-05,0.707106779796599,0.7071067759519134,0.5000608379254394,9.21903023823574e-05,2.6956219642771014e-09,0.9999999953157128,2.948762571424673e-05
6,0.007017125892980906,0.006713080227208656,0.7070749143859215,0.7070719623519216,0.5049560065554447,0.00021435575581374913,2.094888916038988e-06,0.9999528461350902,0.009708735939597516
7,0.707100761356334,0.7070952582725788,0.004036796807533998,0.002919030633600124,0.5028642586713826,3.878011001445524e-06,0.000784615054115595,0.004919435691425167,0.9999875916813751
8,0.7071066002321256,0.7071062992555069,0.0008300624998547597,0.0005058736619210635,0.5005846657081662,2.18875013847953e-07,0.00094397495784709,0.0002319982638903668,0.9999995275439038
9,0.7071067807848881,0.7071067801214463,3.8810831682144787e-05,2.3833427839424547e-05,0.5000274186226458,0.9999999989628438,1.0758608839156407e-05,4.425568070070618e-05,4.653348333400398e-10
10,0.7071067661016517,0.7071067536940886,0.00019718064934167308,0.0001696580247690684,0.5001394598977374,0.9999999661679736,1.9250113317668437e-05,0.0002594098821953447,5.16198778552045e-09
11,0.707106761442003,0.7071067610948839,0.00016856424275362027,0.00016710177523202117,0.5001186922505696,0.9999999718315473,0.00023735172361207495,1.0327241507578813e-06,2.431109922557537e-10
12,2.4178112647429933e-06,1.4415703741181692e-07,0.707106781186535,0.7071067811824161,0.5000017139738018,1.8250004769998954e-06,0.99999999999707,2.888230740766745e-12,1.5924716080054993e-06
13,0.7071067611125639,0.7071067385195949,0.00024564238612969643,0.00016849005997846955,0.5001734519772825,1.5869350807134453e-08,5.487252992992237e-05,0.00029277651482680257,0.9999999556354587
14,0.7071067808425616,0.707106779594689,4.7447101787497174e-05,2.205604482152528e-05,0.5000335881105225,0.9999999986311515,1.798684615193967e-05,4.913420343008222e-05,8.769752901641551e-10
15,0.7071065876107111,0.7071065654822106,0.0005523150750538571,0.0005232184302568905,0.5003909069489172,0.9999997105952142,2.047875063390662e-05,0.0007605196175409987,1.5583407828602965e-08
16,0.0003995046491526536,0.0002863509691397852,0.7071067232059977,0.7071066683294924,0.5002828176179857,0.00048505029735279126,3.929543330314936e-08,0.9999998791995713,7.954275445700142e-05
17,0.7071067811690763,0.7071067800171094,4.0667432042556945e-05,4.971190899279141e-06,0.5000287766987168,0.9999999991607285,3.213538054296879e-05,2.5413974212067793e-05,8.064215538603324e-10
18,0.7071067811056666,0.7071067730292965,0.00010740622148131779,1.0695056203817987e-05,0.5000760247216173,5.717437245002548e-09,8.511601584603813e-05,6.637578238027561e-05,0.9999999941747613
19,0.00021616541544605195,0.000215658675872954,0.7071067482999526,0.7071067481452223,0.5001530221680801,3.533187947523448e-07,0.9999999533819208,1.115066540506019e-10,0.0003053457477903765
20,0.7071062437769297,0.7071062279460443,0.0008845337284107494,0.0008760492315594897,0.500621142587455,7.3631610794366634e-09,6.077083490020321e-06,0.0012449197732659122,0.9999992250686134
21,0.7071054008168672,0.7071043826494137,0.0018417486232043916,0.0013971884686421736,0.5013052735611843,7.165186464112228e-07,0.0003124487316356402,0.002290534740640538,0.9999973279093689
22,0.0012956670106868387,0.0011482471547580879,0.7071058488857735,0.7071055941279183,0.5009130281575084,0.0017280116794712165,1.7774818628615e-07,0.999998501386595,0.00010583083956616948
23,0.01690840946363096,0.016884656117963016,0.7069051622302513,0.7069045944746788,0.5116978836112516,1.692579474836024e-05,3.9619066313524255e-07,0.9997144662737614,0.02389530573834834
24,4.6075822180500645e-05,2.808420407723308e-05,0.7071067806288365,0.7071067796853729,0.5000326703809298,5.2430102182956735e-05,0.9999999985441482,6.549121405386856e-10,1.2758851067956293e-05
25,0.707106769225784,0.7071067381776082,0.000246624863229728,0.00013005796203412656,0.5001744921115707,0.9999999611305506,8.170864822418078e-05,0.00026657568054293604,2.2238892176419003e-08
26,0.707106781113926,0.7071067793767185,5.059136174225711e-05,1.0134276499280576e-05,0.5000358354453954,0.9999999986689067,4.282648507944174e-05,2.877640733031388e-05,1.2247660354237118e-09
27,0.0027208138991447446,0.0009197341490302101,0.7071061830369578,0.7071015465771001,0.501921135658588,0.002572759026435112,3.292854485129057e-06,0.9999958756164847,0.0012765775223495884
28,0.7071067797245725,0.7071067769039794,7.782332226802314e-05,4.5470302607888376e-05,0.5000550149084815,0.9999999959379947,8.725612769755703e-05,2.259172608087199e-05,2.0021607477343985e-09
29,0.00011024143183052828,0.0001102359923437252,0.7071067725938045,0.7071067725929564,0.5000784532528055,0.0001559010817326955,0.9999999878474268,6.024375801233133e-13,3.824429571670805e-09
30,0.7071067811264472,0.7071067810813102,1.2199503747280586e-05,9.219241829958396e-06,0.5000086242802219,0.9999999998830889,2.09663642643656e-06,1.5146828951780869e-05,3.208403651405692e-11
31,0.00018832396275838498,2.0489620005132548e-05,0.7071067808896865,0.7071067561083578,0.5001331273055514,0.00011669074062001665,0.9999999820571298,1.7660724243062248e-08,0.0001492280487171891
32,0.7071058784628604,0.7071043134307551,0.0018681348064436918,0.0011298864106717463,0.5013225297701743,1.1007840550105746e-06,0.0005242336669816027,0.002119374912201736,0.9999976167111109
33,0.7071067811747674,0.7071067811018629,1.0943564348109033e-05,4.081532418103176e-06,0.5000077218128375,0.9999999999317893,4.8796249340744956e-06,1.0611774970474487e-05,5.2436920205244714e-11
34,0.0004246753927531965,7.465629052607611e-05,0.7071067772454456,0.7071066536604027,0.5002992687887725,0.0003511420783135837,9.03679405922816e-08,0.9999999070386183,0.00025024386458575307
35,0.7071067811252238,0.7071067810233496,1.5192022748667194e-05,9.31266695757216e-06,0.5000106946331802,7.299898174784605e-11,1.731546752924758e-05,4.206887840464814e-06,0.9999999998412394
36,8.121750970285789e-05,2.1740222748381353e-05,0.7071067808523441,0.707106776522272,0.5000573625646415,7.307573996177813e-05,3.1168549595152335e-09,0.9999999964655418,4.157953098005843e-05
37,8.473009563217493e-05,2.5356469974447735e-05,0.7071067807319241,0.7071067761101055,0.5000600281312446,7.800238578956679e-05,3.2541099052175782e-09,0.9999999960889464,4.1686538433146146e-05
38,0.7071067609628569,0.7071067612043384,0.0001889700771401206,0.00016911716654608304,0.5001339407122298,3.560426134559692e-09,0.0002532084007068674,1.3993280043978983e-05,0.9999999678448456
39,4.605642709052814e-06,3.6975714328388837e-06,0.7071067811768788,0.7071067811715471,0.500003272086465,5.871776924503462e-06,3.752757883603145e-12,0.9999999999825565,6.373499927561126e-07
40,0.7071067796143896,0.7071067640795483,0.00015554083509181397,4.715260627520344e-05,0.5001098122156231,0.9999999867918415,7.745189570595595e-05,0.00014288989996202306,1.100451626337832e-08
41,0.7071064031773235,0.7071063995795152,0.0007346248695130727,0.0007311536310553794,0.5005191294327789,2.541244973832331e-09,0.0010364618873062016,2.467240205591093e-06,0.9999994628701943
42,4.113516746498616e-05,1.7102574293177622e-05,0.7071067809797197,0.7071067799900502,0.5000291010918283,4.1154759358143754e-05,0.9999999990076995,7.017894352255154e-10,1.7055375296368552e-05
43,0.00010269515685380004,8.827842878036704e-05,0.7071067756760069,0.7071067737291903,0.500072675282622,0.00013504289409654204,0.9999999908303118,1.4031102426683467e-09,1.0138687448928952e-05
44,0.7071067809000979,0.7071067808992632,2.0156433670501055e-05,2.0127127564987303e-05,0.5000142781344441,5.825380008566615e-13,2.0764018505449903e-08,2.8484779289756068e-05,0.999999999594309
45,0.0009948826851554663,0.0009945305535970536,0.7071060817932322,0.7071060812978784,0.5007085195686324,2.4657377192762266e-07,3.509391463386776e-10,0.9999990105582203,0.0014067275921306117
46,0.000129654626219853,0.00011815308047213642,0.7071067713152289,0.7071067692998533,0.5000913358924693,0.00017522327281872682,0.9999999846147618,1.4351952619803992e-09,8.202267245035794e-06
47,0.010658119501932172,0.010635359528804561,0.7070267951978169,0.7070264524674343,0.5074865849179603,0.015056763426982613,0.9998866403829605,2.3981447614620727e-07,1.6085032787477407e-05
48,4.400179475579989e-07,4.044197837172722e-07,0.7071067811864309,0.7071067811864097,0.5000003155258911,5.971063738171899e-07,1.5291896197472906e-14,0.9999999999998203,2.520180262302762e-08
49,0.7071067703069595,0.7071067665935473,0.00014365798805585306,0.00012404055743726783,0.5001014462145569,0.9999999819881603,1.3789433505532672e-05,0.00018929746153924058,2.6484439783885065e-09
50,0.7071067802605979,0.7071067833538325,6.622349090255246e-05,3.6186524634254485e-05,0.500046972731805,0.9999999971524666,7.243973140656985e-05,2.11542106014376e-05,1.5426311251955693e-09
51,0.7071067734105376,0.7071067733815924,0.00010506128363460331,0.00010486628964674202,0.5000740548315152,0.9999999889825942,1.3963743714034568e-07,0.00014844120898393112,2.0775295991331248e-11
52,0.7071062521814899,0.7071062138108819,0.0008957622657400782,0.0008692389887577874,0.5006315210819953,0.9999992210164658,1.885444311178305e-05,0.001248042854342512,2.3157371469295484e-08
53,0.00027727285668198567,0.00026436393290136693,0.7071067317680632,0.7071067268240089,0.5001949973833876,0.0003829928135544631,3.4801882822557513e-09,0.999999926615735,9.221216693243158e-06
54,0.004358760386008437,0.004076547498055706,0.7070950302190613,0.7070933468841978,0.5030815305933494,0.005964678293193375,1.186316378733273e-06,0.999982191324918,0.00019910917921691057
55,0.017723737135914724,0.017434749137974995,0.7068918089230412,0.7068846222276521,0.5123767308156727,0.00020511284647123953,5.110558615241628e-06,0.9996909015482248,0.024860797740364954
56,0.7071067782248508,0.7071067762426803,0.00012017597446288904,6.471840446030432e-05,0.5000848896003922,0.999999990684632,0.0001308658382839231,3.879264214047025e-05,5.167955375269055e-09
57,0.0002833375320901645,0.000278832789027747,0.7071067262106033,0.7071067244199027,0.5001996932985262,3.226335318896487e-06,0.9999999209860578,1.2842548049286774e-09,0.00039751411558377044
58,0.0003459976234318894,0.0003421812521058712,0.7071066983928121,0.7071066965357049,0.5002446209006983,2.678948170798072e-06,1.322282642911684e-09,0.9999998815988036,0.0004866160580477751
59,0.707106783283951,0.7071067773147115,7.399731087372892e-05,6.696568559409954e-05,0.5000518669043736,0.9999999950199966,5.010628093296737e-06,9.967396184431388e-05,5.022514971031793e-10
60,0.7070641059902829,0.707061001739265,0.008046105857298752,0.0077685275414250705,0.505666711447011,0.999937453121684,0.00019550923667744063,0.011182647976535388,2.2116178488465633e-06
61,0.7071059743470994,0.7071014970300706,0.002735022550716122,0.0010681959717718616,0.5019294711852463,3.192119661733522e-06,0.0011694518439068237,0.0026932830099746833,0.9999956892901158
62,0.7071065586279104,0.7071065370589458,0.0005875785098257968,0.0005610217401565413,0.500416058147115,0.999999670002996,1.8721515578504676e-05,0.000812184340523641,1.518728225383171e-08
63,0.7071067704997215,0.7071067725854834,0.00014005113738722394,0.00012293678642622072,0.5000992109705683,0.999999982636112,0.00018596718553424974,1.1999185169470279e-05,2.281174338145104e-09
64,0.7071067811041116,0.7071067763544796,8.266543974630074e-05,1.0797258858170132e-05,0.5000583604711735,0.9999999965249212,6.580576124568872e-05,5.118356683716979e-05,3.391833988548185e-09
65,0.7071067761748451,0.7071067760752818,8.502014459347854e-05,8.418801063957572e-05,0.5000602967441964,7.011381564456544e-11,5.870677843219422e-07,0.00011964824057863087,0.9999999928419808
66,0.7071067731961854,0.7071067636734847,0.0001573760193247922,0.0001369330486237139,0.5001116496088399,3.0031469027156014e-09,0.00020811321188295156,1.4379231678483099e-05,0.9999999782410652
67,0.0036030028970124046,0.0025860485939850357,0.7071020522899595,0.707097601728451,0.5025470237085707,0.0007150967509230975,3.13418611430652e-06,0.999990165308128,0.004376975421812533
68,9.126467097385571e-06,5.377036963372863e-06,0.7071067811661021,0.7071067811276498,0.500006466054527,1.026280768692641e-05,0.9999999999438961,2.7341145778607243e-11,2.6229191117379553e-06
69,4.799421294906118e-05,9.163299905044309e-06,0.7071067811271692,0.7071067795577609,0.500033965797473,2.7092293372416886e-05,0.9999999988062873,1.1155743759287928e-09,4.0662245161482584e-05
70,8.196220770541863e-05,6.33501843149684e-05,0.7071067783487527,0.7071067764363416,0.5000579287108273,0.00010274557185057532,1.3416978699592653e-09,0.9999999946344734,1.3205938428787291e-05
71,3.2243637212101984e-06,9.663835089255282e-07,0.7071067811858873,0.7071067811791962,0.5000022883596291,2.9681967837536748e-06,0.9999999999943352,4.668395533524733e-12,1.5875220195670307e-06
72,0.707106781193716,0.7071067465602012,0.0002212895095019006,0.0,0.5001566958726674,2.4405674331111852e-08,0.00015365897521229545,0.00015921001323199538,0.9999999755205448
73,0.0006615274541822039,0.0006552566127577278,0.707106477582245,0.7071064717434232,0.5004684905194587,0.0009311070375958032,4.175718871604787e-09,0.9999995665100075,4.413494321873446e-06
74,0.7071067811822543,0.7071067809832331,1.6956686519135934e-05,2.463902280263916e-06,0.5000119920632858,0.9999999998531994,1.0421588506594579e-05,1.3601122202015241e-05,1.4002961680741357e-10
75,0.7070984856364935,0.7070984179345555,0.0034390920959752225,0.003425143876329596,0.5024209990260977,0.999988220448107,0.004853747698409695,9.914551930307935e-06,4.764219112868644e-08
76,0.7071066237299943,0.7071066252051162,0.0004775370248758587,0.00047188681703465806,0.5003385282807966,0.9999997746405856,4.0126354907240405e-06,0.0006713439334460438,2.664868668335646e-09
77,0.7071067809504746,0.7071067809280518,1.911981188036291e-05,1.8271743521771395e-05,0.5000135995717037,0.9999999996502873,2.6439876690200902e-05,5.972757092272415e-07,1.5459357762216744e-11
78,1.644575930053825e-05,1.6066071634632127e-05,0.7071067810040313,0.7071067809953026,0.5000116485950867,2.298931188219542e-05,0.9999999997357112,6.1958001213097025e-12,2.705474515127445e-07
79,0.7071067770829775,0.7071067754218268,9.029145150139021e-05,7.61795534582005e-05,0.5000637013457299,0.9999999930220649,0.00011771288079128164,9.977388192119842e-06,1.1852524532222488e-09
80,0.005827670724961968,0.005823681587685082,0.7070827990644172,0.707082766197796,0.5041206266498405,0.008238750232935355,2.3116475742407943e-08,0.9999660609174182,2.8129395078727417e-06
81,0.00042197553230534607,0.00022967437835883197,0.707106743886436,0.7071066552767327,0.5002971510617736,0.0001372609585308527,0.9999998845931545,6.340679006172186e-08,0.0004604053640022971
82,0.7071067809323136,0.7071067807653777,2.440537225663968e-05,1.896152306274974e-05,0.5000171652265535,1.1907854545974933e-10,3.0656435745503474e-05,3.917205537901402e-06,0.9999999995224176
83,0.7071067482062946,0.7071067424244929,0.0002341320613029511,0.0002159655528979924,0.5001649648948893,0.999999949270528,0.0003182731826596045,1.2693437998842921e-05,4.1128904450957644e-09
84,4.4208195893198406e-05,4.05676153561824e-05,0.7071067800228411,0.7071067798046046,0.5000313948901105,5.994637139002656e-05,1.5483335169135089e-10,0.9999999981999542,2.555104105037212e-06
85,0.7070994870112134,0.7070770333781116,0.006486626201815768,0.0032117703038641522,0.5045703077236522,0.9999738036364655,0.006856367912982296,0.0023199153020516308,1.590173554512186e-05
86,0.7071067806481536,0.7071067802261879,3.685332445245196e-05,2.75938023169485e-05,0.5000260491279572,2.998628480244604e-10,4.557130084700875e-05,6.545379180455947e-06,0.9999999989402214
87,0.0006836882984581323,0.0006639202176152386,0.7071064695008464,0.7071064506637672,0.5004837625157371,1.4003983033408465e-05,1.3258593179876773e-08,0.999999545890028,0.0009529027371324233
88,0.7071067810491515,0.7071067800935839,3.931521086267735e-05,1.3939479781905663e-05,0.5000278552011179,0.9999999991300045,3.774098761977406e-05,1.7765493386084203e-05,6.719998065098169e-10
89,0.000223994296820682,0.00020421110291009978,0.7071067516986559,0.7071067457085634,0.5001588009751975,0.0003027853163630115,0.9999999540621889,4.266724897793288e-09,1.402394167185978e-05
90,0.00020977909227152877,0.00016164112212144292,0.7071067627113654,0.7071067500687093,0.50014865667599,3.4056531390741137e-05,0.9999999649324393,8.926375371788114e-09,0.0002626314386827618
91,9.77463594957151e-05,6.769074746532696e-05,0.7071067779465549,0.7071067744305982,0.5000695648153077,0.00011701035971449106,2.478209468295342e-09,0.9999999929318019,2.1094165225617718e-05
92,0.7071067781521132,0.7071067727808242,0.00010902975889085434,0.0001083601361322611,0.500076705102576,7.345983645216717e-11,4.74813336486141e-07,0.00015371786486513366,0.9999999881852968
93,3.983510940908179e-05,3.54936253826066e-05,0.7071067802957357,0.7071067800644847,0.5000280872346395,5.3266587968016507e-05,0.9999999985766829,1.6415465744736827e-10,3.050244363963781e-06
94,0.0002473130760165227,4.4207117155511094e-05,0.7071067798046713,0.7071067379372392,0.5001749802652622,0.0002051755454008501,0.9999999684409869,2.951752306099606e-08,0.00014498628330093555
95,0.7071067742791719,0.707106770355317,0.0001237645830472663,9.883573840040752e-05,0.5000872192107294,2.7983168680806012e-09,1.782646828948696e-05,0.00015737977071511255,0.9999999874569115
96,0.7071065055565381,0.707106510141157,0.00062511324727844,0.0006243393484676294,0.5004415232854551,4.845435031938139e-10,0.0008834963979152861,5.557325748560418e-07,0.9999996097168276
97,0.7071067808321528,0.7071067805224206,3.0646610968302607e-05,2.2387209260892466e-05,0.5000216743860421,2.164185441631787e-10,5.8142203336944545e-06,3.7504622971638175e-05,0.9999999992797967
98,0.0001260456383904388,5.20802455905038e-05,0.7071067792686256,0.707106769952387,0.5000894681089298,0.0001260318511794747,6.475868417263705e-09,0.9999999907000736,5.211360116414138e-05
99,3.170799313483455e-05,1.3237951507874482e-05,0.7071067810626309,0.7071067804756237,0.5000224460868443,1.3012418146604595e-05,4.113927490260676e-10,0.9999999994096789,3.180121322750859e-05
100,0.000186037552580806,0.00012111133657962773,0.7071067708147337,0.7071067567135992,0.5001311345908643,0.0002171576265500625,0.9999999753610327,1.0129726284621286e-08,4.604880073903816e-05
101,2.480998313341368e-06,1.3946678233439952e-07,0.7071067811865356,0.7071067811821968,0.5000017595787397,1.8442703025110543e-06,0.9999999999969154,3.09042107658672e-12,1.6653740316977482e-06
102,0.002527907173232521,0.0024763147217498616,0.7071024450992927,0.7071022625373412,0.501784962292284,3.6511398157106924e-05,0.9999937387558026,1.3202508834187626e-07,0.003538518912114776
103,0.01654736719244528,0.015754522066733386,0.7069312519859825,0.7069131379731306,0.5116295943738457,0.0005580508279436432,0.9997389556834625,1.2744702320543616e-05,0.022840948006294205
104,8.990865459071625e-05,8.985721712246076e-05,0.7071067754771406,0.7071067754706023,0.5000634905880018,3.6236603571526724e-08,0.9999999919210563,4.603877913402e-12,0.00012711366695290614
105,0.7071065380127567,0.7071065224989972,0.0006048465685488242,0.0005864295441156031,0.5004290263360803,0.9999996451304427,1.2899240173944893e-05,0.0008423613187343402,1.0894293324257934e-08
106,0.7071067811634478,0.7071067811565215,6.516288421325273e-06,5.7154917692886695e-06,0.5000046251268664,4.826557171687233e-12,5.677773255990379e-07,8.649074509058179e-06,0.9999999999624346
107,0.7071067803909239,0.7071067762288189,8.373342775640046e-05,3.354372707330303e-05,0.5000590876460249,0.9999999959317658,8.28854385559446e-05,3.558753468833313e-05,2.9793810512954253e-09
108,1.1933873851767565e-05,1.1276762778914003e-05,0.7071067810966281,0.7071067810858432,0.5000084227379132,1.6412322246351532e-05,7.698581572221926e-12,0.9999999998652088,4.673324836428727e-07
109,0.0006436310662480418,0.0006432901802584829,0.7071064885699668,0.707106488259759,0.5004514815726006,2.4266671899191327e-07,2.1934010103593313e-10,0.9999995859583132,0.0009099907361891913
110,0.7071053860645373,0.7071051503422675,0.0015186702870390732,0.0014072842957289036,0.5010764823068835,1.61212602972489e-07,7.920704821588626e-05,0.0020689453287251127,0.9999978565934268
111,0.7071065464031613,0.707106551442872,0.000576504248538227,0.0005762237373377047,0.5004062724780285,0.9999996678044746,0.0008151017759540563,1.9720700177961612e-07,1.621842824687105e-10
112,0.00043612339371790725,0.0004042167279211864,0.7071066656515081,0.7071066466922385,0.5003070967210814,0.0005942030580323648,0.9999998232025524,1.3474950634236593e-08,2.2748703354726275e-05
113,0.00014701857819080088,0.00014276826429278938,0.7071067667737436,0.7071067659028105,0.5001039907329334,3.0060122453243335e-06,6.183785634454347e-10,0.9999999790013748,0.0002049102319200743
114,0.0007381733134431294,0.0006382591021504503,0.7071064931290935,0.7071063958840699,0.5005209825847555,0.0009732584795821844,0.9999995238626264,6.849465198934004e-08,7.101019301023643e-05
115,7.423232797684771e-05,4.426520396634565e-05,0.7071067798010412,0.7071067772900838,0.5000524256120201,2.134402471291129e-05,0.9999999962650833,1.7750582992929212e-09,8.375129496371447e-05
116,0.707106780155406,0.7071066487865011,0.00044123973166959905,3.8187069864360776e-05,0.5003125228753058,9.540095301936324e-08,0.00034236273055383436,0.00028095998618381235,0.9999999019246122
117,0.005951870044050017,0.00594903755436908,0.7070817554937879,0.7070817316569414,0.5041916275423634,0.008415212463952193,0.999964591470696,1.692140830831968e-08,2.0077592686135836e-06
118,0.7071066455398604,0.7071066402676218,0.00044641845385474927,0.00043798786086546575,0.5003159593294358,0.9999998044385799,5.96235191205269e-06,0.0006253696927156357,3.71060857010446e-09
119,0.0001509448668281518,0.00015069046250254978,0.707106765129839,0.7071067650755776,0.5001070328157174,1.793337677684958e-07,3.829562035960683e-11,0.9999999772540167,0.00021328838728444782
120,0.7069913775838242,0.7069913772718027,0.01277468055651092,0.012774663288237417,0.5089503013431632,0.9998367944392497,0.01806611428748832,1.2225308862044986e-08,2.218184273543433e-10
121,0.00032740479709212906,0.0003259660573692625,0.7071067060537104,0.7071067053890083,0.5002318664561506,0.0004620029686864301,0.9999998932761076,4.700276181130073e-10,1.0142192687445176e-06
122,0.7071067698848632,0.7071067698027578,0.00012688227394002454,0.0001264238777984202,0.5000894044378364,6.032083593647084e-11,0.0001791144964797683,3.247592653044031e-07,0.9999999839589477
123,0.7071067660983164,0.7071067630852109,0.0001599973605132685,0.0001460752572605037,0.5001133987091082,0.9999999765314318,0.00021642538466254605,9.858449604483783e-06,2.1158826872320805e-09
124,0.7071055461139898,0.7071032629866947,0.002230576957722781,0.0013216106957778526,0.5015817510786835,0.9999966389288686,0.0006379730636756789,0.0025129900050621986,1.6002594489480427e-06
125,2.8539365703550663e-05,2.4057202102319147e-05,0.7071067807773095,0.7071067806106117,0.5000202998462476,3.125718174290856e-06,0.999999999303377,1.1734878452835382e-10,3.719508372954336e-05
126,0.7071066887973475,0.7071066580261754,0.0004173428478745565,0.0003614665273331013,0.5002955178064936,0.9999998475834361,0.0005507254885149274,3.917319688628446e-05,2.1694122056719326e-08
127,0.7071067808864249,0.7071067804686623,3.186294868997007e-05,2.0601986037720222e-05,0.5000226252631007,2.9981958769117956e-10,3.711847309875826e-05,7.868181666360032e-06,0.9999999992801599
128,0.001777954067846883,0.001761988049147664,0.7071045858980921,0.7071045459331529,0.5012522729913788,1.1266992597694693e-05,2.778317378903852e-08,0.9999968671338137,0.0025031171781581215
129,3.5534873727129043e-06,2.257359485041788e-06,0.7071067811829446,0.7071067811776189,0.5000025164683483,9.24162553915797e-07,0.999999999991139,3.772518966275499e-12,4.1071727166854885e-06
130,0.7071067720926469,0.7071067657972001,0.00014752566458910374,0.00014251770430845286,0.5001044004323172,0.9999999789624392,3.5548219437907323e-06,0.0002050913966863464,7.179566044531669e-10
131,0.7071066143323239,0.7071065879281033,0.0005227893193196445,0.00048576483512270343,0.5003698008347823,1.873344389778448e-08,0.0007131572649493749,2.6131645306253197e-05,0.9999997453618907
132,0.7071003761767761,0.7070945390200912,0.004160875865619683,0.0030096529145657454,0.5029370623383761,4.1502849988626614e-06,0.0008064581864735946,0.005071540577449831,0.9999868144551453
133,0.7071066817991645,0.7071066814792251,0.0003755095722230453,0.00037490662344284796,0.5002661146616975,0.9999998592187839,0.0005306243815814681,4.252102262857385e-07,2.2386847857216322e-10
134,0.7071067774149444,0.70710677735134,7.364646144760352e-05,7.303321784721716e-05,0.5000522323936879,4.4993959038633505e-11,0.00010371820647091812,4.3109085867555935e-07,0.9999999946211727
135,0.707087018531513,0.7070868549957329,0.005308435950873846,0.005286608006733976,0.5037485053753223,1.1484268327989859e-07,1.5494105320761028e-05,0.007491827306745267,0.9999719357479628
136,0.7071067800677072,0.707106783428379,6.542281256786367e-05,3.9777776065351273e-05,0.5000463197201511,0.9999999970687845,7.437669050582039e-05,1.8180313044512264e-05,1.35021633505073e-09
137,0.7071067811862773,0.7071067810095507,1.5821353677053224e-05,6.213937525711757e-07,0.5000112171363954,1.246677738044163e-10,1.2092503207506284e-05,1.0221190172704469e-05,0.9999999998746535
138,0.7071067803109694,0.7071067800210485,4.059881428177864e-05,3.518882945921697e-05,0.500028658398906,0.9999999985567407,5.3588477787487006e-05,3.8461003908144665e-06,2.0528638380386346e-10
139,0.7071066476207952,0.7071066415512639,0.00045268606215563686,0.0004431038919234433,0.5003205867154921,4.255163029660156e-09,6.745145612461876e-06,0.0006334194762701463,0.9999997993671145
140,0.7070854130708395,0.7070854181980176,0.005497164913691126,0.005497146754305383,0.503877343666561,9.957693859032794e-11,0.007774152334918716,1.2840327251322239e-08,0.9999697808211356
141,0.0007651759894358974,0.0006617734507549815,0.7071064715132372,0.7071063671794406,0.500538958166367,0.0010089772021967317,7.442344962267304e-08,0.9999994882806698,7.350782530191307e-05
142,0.001761858769625787,0.0017523885367221987,0.7071046097533343,0.7071045862202244,0.501240445012004,6.7766052881884735e-06,0.9999969124892788,1.684515079348424e-08,0.002484947883832462
143,0.7071021328758818,0.7071021206545576,0.0025672876401703778,0.0025653718854048053,0.5018217090427604,4.883725085840679e-09,0.003629338359237821,1.346091348346164e-06,0.999993413928943
144,0.7071067731609727,0.7071067731822087,0.0001370051225969496,0.00010653569988326348,0.5000966969778905,3.7352223334955926e-09,2.1639020784727533e-05,0.00017219759506712081,0.9999999849398493
145,0.001778591261349136,0.0017783417746458452,0.7071045449581954,0.7071045443307016,0.5012557921077032,1.7579336743308347e-07,4.4849992158206503e-10,0.999996837051831,0.002515131470021943
146,0.004461920769282007,0.004142401763233913,0.7070946474890526,0.7070927034435331,0.5031404278141645,0.006084176129682446,0.9999814657126558,1.3860065031382598e-06,0.0002258985223411474
147,0.7071067752278409,0.7071067751686214,9.225309215976138e-05,9.179806094703072e-05,0.5000646118988517,4.2502094154821905e-11,0.0001301438111605952,3.246894940349977e-07,0.999999991531242
148,0.003956813453104855,0.003920232273829091,0.7070959141296992,0.7070957103725726,0.5027667830522264,2.598084529881697e-05,1.4837258231045853e-07,0.9999844875827757,0.005569911918434649
149,0.7071067690595523,0.7071067223235965,0.00028852171429151886,0.00015684623289795318,0.5002047482443905,2.8669828985617635e-08,0.0003150418712655668,9.270458317411222e-05,0.9999999460772375
150,6.492090882499521e-05,1.8002721242640276e-05,0.7071067809573747,0.7071067782062863,0.5000459208890325,5.8759876885725996e-05,0.9999999977305877,1.945333696458694e-09,3.2956019744335243e-05
151,0.7071067728327688,0.7071067776032762,0.00011188426843398058,0.00010869234279114869,0.5000789533834022,0.999999987833941,2.257895633137626e-06,0.00015597120507242825,3.5585000800584193e-10
152,0.7071067810783244,0.7071067810430297,1.4246577661977675e-05,1.2371370121410688e-05,0.5000101045117529,0.9999999998219924,1.327730756371999e-06,1.8821607391460443e-05,2.4695876393115066e-11
153,0.7071067811850825,0.7071067811850675,1.4466570087720646e-06,1.439313313511962e-06,0.5000010310703621,1.05805784057952e-14,5.18276843955715e-09,2.0406892106328745e-06,0.9999999999979178
154,1.6724780100856314e-06,8.505811266038286e-07,0.7071067811860371,0.7071067811845708,0.5000011859169183,5.87075584782233e-07,0.9999999999982415,1.0565633773937908e-12,1.7821372575947209e-06
155,0.003239624268011702,0.003196734480361059,0.7070995551467015,0.707099359944982,0.5022876876045484,3.0097235520926858e-05,1.38223697461781e-07,0.9999896428079881,0.004551194446761602
156,5.9851190361810076e-05,2.7759101582407494e-05,0.7071067806416722,0.7071067786535727,0.5000423215585028,6.197028561206172e-05,0.9999999978236315,1.4141780057467498e-09,2.26366165658109e-05
157,0.0015835543619748375,0.0015770236782395896,0.7071050226071921,0.7071050080119515,0.50111799098316,0.0022348660810180667,0.9999975026728317,1.0346675900114104e-08,4.658215624980393e-06
158,0.7071067808467006,0.707106780803255,2.3282136136105036e-05,2.192296210122532e-05,0.5000165162617165,0.9999999994886635,3.1965134011612005e-05,9.509668614495232e-07,3.0582878699173023e-11
159,0.0026235108306554753,0.000983028806837649,0.707106097876665,0.7071019142888246,0.5018540295138786,0.0011649043337348863,2.9648681443677167e-06,0.9999960754105458,0.002547970291601713
160,9.201549846820193e-05,9.17724317625638e-05,0.7071067752311677,0.7071067751995794,0.5000648541219225,0.00012995768956711046,0.999999991555485,2.215905842951936e-11,1.7304614828705137e-07
161,0.7071067569938833,0.707106750425149,0.00020857417209636507,0.00020411803701129584,0.500146679582734,9.26765251595216e-10,3.1620314050554238e-06,0.0002918173398830548,0.9999999574163195
162,0.707106777681922,0.7071067772337656,7.476682515486704e-05,7.040091787727179e-05,0.5000527947983731,0.9999999947268168,3.0679717234542868e-06,0.00010264967087723621,3.1932667064173895e-10
163,0.7071067796086568,0.70710677938185,0.00010001403959004956,4.723848413953031e-05,0.5000706046429989,0.9999999938828588,0.00010397836381605381,3.771978734108949e-05,3.890405051814329e-09
164,0.001364283826600469,6.917246908897881e-05,0.7071067778031612,0.7071054650684495,0.5009658505240575,0.00102818945903818,0.9999990669715587,9.218976393767349e-07,0.0008993784510704931
165,0.004804451455970362,0.0016233918355351496,0.7071049176741413,0.707090459026434,0.5034046387649226,0.004545725468073957,9.942085709404411e-06,0.9999871407904817,0.0022482292617439473
166,0.02779585773954035,0.027304621128400975,0.7065794064824017,0.7065602524148324,0.5193275962312228,0.03896193496926143,1.3585000818429681e-05,0.9992406355693222,0.0003459275839387948
167,0.0001621952076311817,0.00012573402878896477,0.7071067700078639,0.7071067625844875,0.5001150102392059,0.00020362927186037564,5.234951077263773e-09,0.9999999789418345,2.552353846236084e-05
168,0.7071067810919921,0.7071067810908083,1.1636007638242591e-05,1.1563843616633215e-05,0.5000082307479323,0.9999999998654415,5.104977167914942e-08,1.640477207607592e-05,8.261283472119072e-13
169,0.7071067749844855,0.7071067745510535,9.68710753719022e-05,9.365382907456091e-05,0.5000679224930539,0.9999999909224773,0.00013472130944669502,2.2833582731759103e-06,3.058492604263953e-10
170,6.248475734994254e-06,5.404043160555639e-06,0.7071067811658988,0.707106781158941,0.5000044188005216,6.003904842206392e-07,0.9999999999658785,4.932786315630077e-12,8.239336305699477e-06
171,0.0062180219577239295,0.006193884512786137,0.707079653076399,0.7070794412249105,0.5043758912870456,0.008776543324415994,0.9999614852570824,1.504592985476445e-07,1.702054987313377e-05
172,0.7071067799798011,0.7071067792765912,5.197197094755794e-05,4.131097655993624e-05,0.5000367798123292,0.9999999977961586,7.488171696024911e-06,6.59667327761521e-05,4.938600838394097e-10
173,0.7071067087939097,0.707106708782771,0.00033142869397179207,0.00033140492863127874,0.5002343242189676,7.944626731710614e-12,0.00046869414934201035,1.677856183248298e-08,0.9999998901628931
174,1.3628079045469206e-05,5.179457305192666e-06,0.7071067811675777,0.70710678105522,0.5000096523044802,5.9697817766750615e-06,7.942264101982827e-11,0.9999999998937239,1.3300865343506135e-05
175,0.7071067811850671,0.7071067811834244,2.1014920560534894e-06,1.4467696770471097e-06,0.5000014845680661,1.1640951225798061e-12,2.5086694103912314e-06,4.647463280610573e-07,0.9999999999967449
176,0.7071066993349381,0.7071066978644471,0.0003432713743912154,0.00034022881780524234,0.5002443318380391,1.017014934714551e-09,0.0004833077304084625,2.1266567677467776e-06,0.9999998832045499
177,0.7071067810857155,0.7071067810804486,1.2249344552974973e-05,1.1941433987117312e-05,0.5000086815038727,0.9999999998536778,2.1649240577122786e-07,1.710547920066613e-05,3.792789638625834e-12
178,0.7071067803017262,0.7071067801854466,3.7626717845203156e-05,3.5374081706097214e-05,0.5000265729024196,0.9999999986664517,1.5909067774639477e-06,5.161942045371675e-05,8.295585135288274e-11
179,0.7071067808455537,0.7071067753285792,9.101876098174158e-05,2.1959845169090147e-05,0.5000642475178059,3.9374025525379035e-09,4.8983917452217985e-05,7.979489633764879e-05,0.999999995616672
180,7.482126598626392e-05,4.96759459540066e-05,0.7071067794416183,0.7071067772280047,0.5000531788578104,1.775672649883572e-05,0.9999999959670364,1.5274439809182871e-09,8.803760625015987e-05
181,2.3867245816475013e-06,2.3721021929059958e-06,0.7071067811825689,0.7071067811825197,0.5000016978567455,1.0288320320075475e-08,3.513117948256163e-14,0.9999999999943388,3.364998825670224e-06
182,0.7070318565950072,0.7070314393752086,0.010322002471670678,0.010293384274450045,0.507239521223963,0.9998937456075383,0.01457727954309576,2.03953208622884e-05,3.0033460378008607e-07
183,0.7071047898594809,0.7071045765669821,0.0017678372609700682,0.0016781411663919577,0.5012525608507732,0.9999970292923925,6.298046899537956e-05,0.002436686236703166,1.5652293220478834e-07
184,0.706896242383167,0.7068953601443699,0.017290165018384752,0.017254057625967753,0.5121126397425818,0.9997016293318177,2.5668459874109444e-05,0.024426453939394473,6.236407366053665e-07
185,0.7071062731748632,0.7071062729059585,0.0008478307891538249,0.0008476064881164339,0.5006015902826118,1.8900951393667322e-10,0.0011988551959667474,1.5760013994505783e-07,0.9999992813728421
186,0.0006521653488488967,8.149235764193843e-05,0.7071067764906468,0.7071064804400836,0.5004623872033873,0.00038713688032492163,2.0854743524929385e-07,0.9999997840196331,0.0005311173841768962
187,0.12127596878170388,0.1212755184299365,0.6966292045482653,0.6966291261468027,0.5784574993945119,0.17150980139423083,0.985182413579132,5.5777168062242057e-08,3.196773110879913e-07
188,0.0008446795886076252,0.0007187357268921448,0.7071064159084961,0.7071062766772734,0.5005958716318663,0.0011054890296213267,0.9999993849674841,9.833503157034943e-08,8.921131042880557e-05
189,6.248113419621284e-05,5.955892955330261e-05,0.7071067786782513,0.7071067784260786,0.5000442957100577,2.0612978349107633e-06,0.9999999962744207,1.7942143009207487e-10,8.629547653971336e-05
190,0.0003066141448518058,0.0003066017690979209,0.7071067147152214,0.7071067147098562,0.5002172237579474,8.704658881695148e-09,0.9999999059915555,3.769609995239773e-12,0.0004336091292672646
191,0.7071067811865442,0.7071067811865205,1.9355841495551517e-07,6.236274632071004e-08,0.5000001441528897,0.9999999999999787,1.8090687415650857e-07,9.287989562695373e-08,1.6645363048812197e-14
192,0.7071058914034144,0.7071039025136778,0.002017684298828305,0.00112175870186918,0.5014278228557781,1.4219212323599255e-06,0.0022204844442010353,0.0006315388729276433,0.999997335299184
193,2.8055582588460345e-05,2.673063221076083e-05,0.7071067806813006,0.7071067806299723,0.5000197376443289,9.487048931725938e-07,3.579128770118793e-11,0.9999999992491786,3.873941625516e-05
194,0.00033161955141613027,0.00031626782795553276,0.7071067104579486,0.707106703424931,0.5002348791373127,0.00045812562171049925,4.9696224075996396e-09,0.9999998950015618,1.085267771172513e-05
195,9.340492765416978e-07,4.031104243726793e-07,0.7071067811864334,0.7071067811859315,0.500000664676466,9.443239840406852e-07,3.568071225065874e-13,0.999999999999484,3.7841548384219003e-07
196,0.7071067835502081,0.7071060673293915,0.0010047616432170186,6.409256954666349e-05,0.5007110897112648,5.006322748960855e-07,0.0006488864303771575,0.0007698053115065185,0.9999994931728355
197,0.7070999072662872,0.7070984771834545,0.0034268885047876985,0.0031178749161430985,0.5024365126138515,1.005058168315198e-06,0.0002188619425707602,0.004627829757786533,0.999989267587479
198,0.7071067124761873,0.7071066913597186,0.00036672181613477085,0.00031172282179090714,0.5002599133537226,0.9999998841719885,0.0004797538194983654,3.863004958837451e-05,1.8524202452185746e-08
199,0.7063502715876099,0.7063250511488922,0.03324036882346443,0.03270005853381521,0.5229209853279172,1.78480496239798e-05,0.000385310745766151,0.04662689656479493,0.9989123003216163
200,5.294096937637842e-05,3.213167325408522e-05,0.7071067804564992,0.7071067792047068,0.500037486060541,6.015902241869617e-05,8.787493993149124e-10,0.999999998082405,1.4699751230709556e-05
201,0.7071067725319392,0.707106758695263,0.0001783465199486518,0.00011063212166975714,0.5001266574281018,0.9999999779765282,0.00020435005342738888,4.783307628796341e-05,9.827010639892282e-09
202,0.7071067814806641,0.7071067461436348,0.00022261662191927993,8.387273719596555e-05,0.500157708691424,2.0757967161316593e-08,0.00021632654802234268,9.897282970710813e-05,0.9999999717036006
203,0.7071011212692832,0.7070939471517182,0.004260270104812551,0.002829187106824416,0.5030091923616401,0.9999869228012928,0.001004181714153929,0.0050145608119096475,5.0275266969295975e-06
204,0.0002228780382406476,0.0001398006113855438,0.7071067673666966,0.7071067460612793,0.5001573087736153,0.0002563719370304174,0.9999999653905746,1.505332897631077e-08,5.909535326100645e-05
205,0.7071067015364865,0.7071050996160981,0.0015445217614750556,0.00033562209568976367,0.5010899144769901,1.1496432864065276e-06,0.001331798156088346,0.0008511776161441751,0.9999987509037288
206,0.00035524948642799,0.00032509273651200153,0.7071067064557612,0.7071066919481132,0.5002527404755567,0.00048108488798442644,0.9999998840562524,1.0090538561035604e-08,2.1090649426327788e-05
207,0.7071066595087094,0.707106658893931,0.0004247333808754684,0.00041482338119419886,0.5002998484657087,4.20026697203569e-09,7.012995958035654e-06,0.000593656213900761,0.9999998237615471
208,0.0009768549031056234,0.0009747115122936764,0.7071061093905808,0.7071061064327618,0.5006906928153515,0.0013799658413030257,0.9999990478455391,2.0787154229876497e-09,1.5154445673640312e-06
209,0.7071066585153216,0.7071066427394248,0.0004424859091819356,0.000416513261291253,0.5003131173632325,1.1123291647466014e-08,0.000607401045619119,1.846744261777551e-05,0.9999998153614452
210,0.7071048512692616,0.7070933731424256,0.004354498600902849,0.0016520627936919357,0.5030826197262667,0.9999891544231031,0.00189045003137264,0.004256426696003265,8.16246742739785e-06
211,0.7071066979682344,0.7071065899125804,0.0005200982612836541,0.0003430575164495858,0.5003674056044604,7.634953184030574e-08,0.0001263356625199116,0.0006101065164038925,0.9999998059046475
212,0.7071067811758331,0.7071067811756216,3.930796934142435e-06,3.892576403896026e-06,0.5000028119114485,0.9999999999846981,5.5319617238011796e-06,2.6741055147167232e-08,1.495420912821784e-13
213,0.7071066699925613,0.7071063843224371,0.0007491664975574948,0.0003965501507320813,0.5005319819825639,0.9999996407486754,0.0008106805297681568,0.0002475874426602068,1.9942684510395474e-07
214,0.7071066106688249,0.7071066102466392,0.0004916762199601889,0.0004910686762059574,0.5003491741566893,2.9578305088299946e-10,4.298535791635195e-07,0.0006949055800976936,0.9999997585529938
215,1.0806547184121093e-05,7.334925923354822e-06,0.7071067811485046,0.7071067811039707,0.5000076266094006,2.4692006172706614e-06,0.9999999999147091,3.1829725229430425e-11,1.2825195852516574e-05
216,0.0033309290413525,0.00019090657063137914,0.7071067554158147,0.7070989357308638,0.502355014991735,0.0021708302841893035,0.9999944342025168,5.512699490324323e-06,0.002533580366553979
217,0.0006434759377606899,0.00043167570130785404,0.7071066494215118,0.7071064884009659,0.500454274397032,0.00015000395843915793,0.9999996997973795,1.1603006385736428e-07,0.0007601999776566758
218,0.7070940240574273,0.7070920037957303,0.004571451426193772,0.004247486583578352,0.5032152167942956,0.9999805301542253,0.00022893485108180085,0.006235936116870292,1.4357961015222462e-06
219,8.277132876564571e-06,4.726845160229881e-06,0.7071067811707489,0.7071067811381032,0.5000058671661904,9.198921336978463e-06,2.3169612470098696e-11,0.9999999999545736,2.496765920381234e-06
220,0.003473419060519447,0.003462803210329263,0.7070983022140043,0.7070982501463505,0.5024513800662672,0.004904649751046331,0.9999879721046435,3.675008517591819e-08,7.540756436151698e-06
221,1.152491299354742e-06,3.4500033462238286e-08,0.7071067811865465,0.7071067811856081,0.5000008233979019,7.873417880359857e-07,0.9999999999993352,6.565338438308874e-13,8.423297056662227e-07
222,0.7069794299892747,0.706900080598049,0.017096082898211074,0.013419596567370552,0.5119990030695826,0.9997637897385272,0.002593311896583698,0.02157860875729773,5.572383985365827e-05
223,0.7071067580841683,0.70710675114182,0.0002061301608456976,0.00018075309244899583,0.500145351271725,4.94073343301527e-09,0.0002735805433751355,1.7748519000582078e-05,0.9999999624193207
224,0.0005205643003960148,0.0002796712965169512,0.7071067258794443,0.7071065895696274,0.50036846659123,0.0005658616261780648,0.9999998253983491,9.43883443525763e-08,0.00017030514825602293
225,0.0001557920642517524,0.0001557459791734566,0.7071067640343914,0.7071067640242393,0.5001103713859038,3.244406169636101e-08,7.269125099662753e-12,0.9999999757360098,0.00022029066312466314
226,2.389017972254018e-05,2.3648286734029286e-05,0.7071067807911032,0.707106780782972,0.5000169462810007,3.361477092850287e-05,0.9999999994350078,5.744993558169575e-12,1.7125435589819818e-07
227,0.00014206026734291978,0.00013867251038693758,0.7071067675888363,0.7071067669163392,0.500100253039891,2.4146357176602148e-06,4.688102866390162e-10,0.9999999802944053,0.00019850781906239403
228,0.0001710202609548235,6.38881232898659e-05,0.7071067783003533,0.7071067605051359,0.5001207735545997,7.612847589652382e-05,0.9999999833351862,1.2526589536288789e-08,0.00016593395406675946
229,0.07814587000101485,0.07791555930952863,0.7028009430966013,0.7027753716528301,0.5521241704289888,0.1103520945752507,1.8265521798730427e-05,0.9938925436311598,0.0001631060609451869
230,0.0010876123056424616,0.0010817979036466191,0.7071059536684003,0.7071059447490701,0.5007687812552153,0.0015340046983486203,0.9999988234056943,6.294409595422783e-09,4.100873503345003e-06
231,0.00011342161386943094,0.00011197022439536134,0.7071067723213152,0.7071067720899984,0.5000803637805858,0.000159376126654498,1.630825629451822e-10,0.9999999872991028,1.0217125345635103e-06
232,0.7071067811858522,0.7071067811857958,1.0311134916610447e-06,9.916835497477197e-07,0.500000734808479,0.999999999998977,2.7657353521311236e-08,1.4303378504122261e-06,3.951507953525087e-14
233,0.7071067662449404,0.7071066685897958,0.00039904365819263724,0.00014536376304922585,0.5002822220834541,6.890314129690146e-08,0.00017896082582491627,0.0003851486564583314,0.9999999098167618
234,0.00012352836331222782,0.00011291565651851987,0.7071067721709744,0.7071067703966236,0.5000871868065735,0.00016719266088084997,0.999999985995399,1.260568223550183e-09,7.471022499445678e-06
235,0.7071067758505735,0.7071067654573779,0.00014914557727902338,8.686889784554095e-05,0.5001053671143855,0.9999999851046943,4.4062036978154865e-05,0.00016688063258547378,7.442477685313971e-09
236,7.454295527229133e-05,5.586503120069813e-05,0.7071067789797368,0.7071067772574011,0.500052911786073,1.3049067834862085e-05,0.9999999956612233,1.2207418587525048e-09,9.223489426688239e-05
237,0.0001506321303089974,0.00014906563550103402,0.7071067654742391,0.7071067651422699,0.5001061665426407,0.00021191826223175396,2.3628485808009537e-10,0.9999999775447028,1.118980770689839e-06
238,3.590227582764287e-05,3.2408938480633414e-06,0.7071067811791205,0.7071067802751058,0.5000253076451636,2.6965205081950367e-05,6.46465433687911e-10,0.9999999993502618,2.392393189730574e-05
239,0.7071067731166081,0.707106777671376,0.00011145306364509957,0.00010682986193438615,0.500078780184432,5.093247391643253e-10,0.00015434965280758666,3.2541473500894466e-06,0.9999999880827994
240,0.7071067795263092,0.707106771524472,0.0001168941866954723,4.845558942113418e-05,0.5000823400617671,0.9999999919939153,4.83906156187603e-05,0.0001169210988204561,5.815476733156011e-09
241,0.7071067811386063,0.7071067811044652,1.0774202470950842e-05,8.234119606079252e-06,0.5000076416966748,0.9999999999080597,1.3442965772065592e-05,1.780684088583646e-06,2.419882368231708e-11
242,0.7071067797547096,0.7071067796175643,4.7104958456659215e-05,4.499916156382823e-05,0.5000334072989691,0.9999999978780992,6.512772147963549e-05,1.4770062701741585e-06,9.719363560464271e-11
243,0.7071066186653605,0.7071065947952369,0.0005134170664793444,0.00047941593610670297,0.5003650909099654,0.9999997532816071,2.3872699862332216e-05,0.0007020447408439187,1.6857785975223915e-08
244,0.7071065882961328,0.7071065822517025,0.0005304114609814664,0.000522291302766763,0.5003768624552819,0.999999722937702,0.000744373456918582,5.71660050872019e-06,4.2329758973447655e-09
245,0.000266945637922907,0.0002613508179730822,0.7071067328881497,0.7071067307981375,0.5001884027963972,3.958806510181215e-06,1.4832448577800355e-09,0.9999999302178891,0.00037356197814055153
246,0.7071067811857954,0.7071067811526198,6.926657036747073e-06,1.0301859388785414e-06,0.5000049109518062,2.3269014054890168e-11,4.140273379306774e-06,5.647831187100451e-06,0.9999999999754778
247,0.7071067811862515,0.7071067811832231,2.1680254923971115e-06,6.46215607551807e-07,0.5000015326782073,2.1695721069575014e-12,1.0840077502441298e-06,1.9856626965670556e-06,0.9999999999974402
248,0.0017500894351097516,0.001747752845274722,0.7071046212265825,0.7071046154474009,0.5012313961484599,1.6682520788468443e-06,0.999996941268825,4.096179139637514e-09,0.002473347974921716
249,0.6989048495754194,0.6986216353504697,0.1092145165255022,0.10738723668939215,0.5710422098255661,0.988200450341247,0.0012969743800134443,0.15316052716395412,0.00020179445532918962
250,0.7071067742978995,0.7071067742091734,9.933527902228742e-05,9.87016722064325e-05,0.5000700174004755,6.257760005497268e-11,4.525792306655361e-07,0.0001400332565029526,0.999999990195242
251,0.00010314138010909116,0.0001028401372113804,0.70710677370812,0.7071067736642438,0.5000730880803689,2.124279513437502e-07,3.0894504690557406e-11,0.9999999893928814,0.00014565092854777504
252,0.0047489956802349974,0.0033613200361714865,0.7070987919151124,0.7070908336557832,0.5033367685921026,0.0009939098733807393,5.653348384969286e-06,0.9999830741246983,0.005732676104961823
253,0.7071067267729783,0.7071067067594603,0.00032443149030133124,0.0002905219199674512,0.5002278193650691,1.0460311434956152e-08,0.00043482124393538676,2.4274754441598307e-05,0.999999905170608
254,0.7071067753566285,0.707106775343319,9.09042005768843e-05,9.08006123773883e-05,0.5000645428317645,0.9999999917458384,0.00012848470553757053,7.303119152041109e-08,9.406447585504622e-12
255,0.7071062514314788,0.707106231968412,0.0008813123359474384,0.0008655556143848441,0.5006244993211589,1.356573423078369e-08,1.1036225341776965e-05,0.0012352231202566045,0.9999992370507307
256,0.0023802218327521486,0.002300062759562172,0.7071030403776238,0.7071027750928462,0.5016841234526349,0.0033094577007205025,0.9999945221126206,1.8933079317057407e-07,5.6871769591950156e-05
257,0.7071044257873536,0.7071043811484194,0.0018423248108476438,0.0018251114855814203,0.5013044278895508,3.1700340728952725e-08,0.0025932694877104654,1.208335946372188e-05,0.9999966373980224
258,0.7071067811864189,0.7071067811633873,5.722690258348256e-06,4.2152677058953903e-07,0.5000040600293343,1.6148398904625875e-11,3.715300760690498e-06,4.373031999531939e-06,0.9999999999835325
259,0.0002455099513728881,0.00011968041059616783,0.7071067710583828,0.7071067385655978,0.5001732025026426,8.955092209309503e-05,0.9999999627007436,2.3171157159443295e-08,0.00025802939610800485
260,0.00019677172467902392,0.00014200189140735114,0.7071067669280681,0.7071067538080025,0.5001391117056596,3.8648387755578887e-05,0.9999999705581779,9.258712119081334e-09,0.0002395619958156438
261,0.7071067811148218,0.7071067808110039,2.304556403453509e-05,1.0071470529795471e-05,0.5000163239611469,2.120168096536314e-10,9.141933173784001e-06,2.3429844176785802e-05,0.999999999683733
262,0.7071067811332883,0.7071067810875892,1.1829720115504795e-05,8.678364731183416e-06,0.5000083372327885,0.9999999998923662,1.4499654659457271e-05,2.2397114044238263e-06,3.280949616152512e-11
263,0.00010853256264813758,6.286438709477713e-05,0.7071067783921093,0.7071067728573117,0.500076887613154,3.2036492731441006e-05,3.835654429052612e-09,0.999999992134375,0.00012126380851607228
264,6.299959771037292e-05,5.153711581129444e-05,0.7071067793084203,0.7071067783800775,0.5000446510205115,8.099289679791525e-05,0.9999999966874897,6.585203169516651e-10,8.073059277489115e-06
265,0.7071067811676253,0.7071067809119467,1.9706420144017874e-05,5.172899665472253e-06,0.5000139256272446,1.8276637643609154e-10,1.0197759281836304e-05,1.7638242301071784e-05,0.999999999792448
266,0.00028176963435912265,0.0002699068021604325,0.7071067296740412,0.7071067250464194,0.5001990623716833,0.0003900951529894927,0.9999999238780923,3.286778311662109e-09,8.341481490053532e-06
267,0.7071067539631095,0.7071067528392533,0.00020022269641048715,0.00019621354550940657,0.5001422075815076,7.888516132546673e-10,0.00028032281762826094,2.8286951427928835e-06,0.9999999607055586
268,0.7071067811844494,0.7071067724190311,0.00011135142993740654,1.7226721298671128e-06,0.5000786958225246,6.235095304367054e-09,7.686291420608952e-05,8.058660538898203e-05,0.9999999937989462
269,5.927246917184192e-06,5.12736437810234e-06,0.7071067811679572,0.7071067811617047,0.5000042083521997,7.81676034402268e-06,4.320580651102608e-12,0.9999999999692882,5.660205007035975e-07
270,0.0011616832154024293,0.0011502230075368719,0.7071058456744747,0.7071058269397078,0.5008229740854853,0.001634765071325103,1.3049704232940156e-08,0.9999986637386583,8.001349281566696e-06
271,0.0002794718944575971,1.7864496434333695e-05,0.7071067809608811,0.7071067259582955,0.5001978777777173,0.0002133914714670493,0.9999999607881584,3.874059632876776e-08,0.00018134982748736802
272,5.904344221233224e-05,1.3699782692506607e-05,0.7071067810538358,0.7071067787214838,0.5000416930132838,5.131893706174464e-05,0.9999999981630955,1.65140004242418e-09,3.2251803202931825e-05
273,0.7071067794990812,0.7071067790414887,5.507786404883612e-05,4.885117524570943e-05,0.5000390915466473,0.9999999972899957,7.349108459853852e-05,4.366796949658332e-06,3.2456296335313483e-10
274,0.00032457712227065914,0.00032455661419282874,0.7071067067020359,0.7071067066926238,0.5002308719149197,0.00045900686513179506,0.9999998946563383,6.728090582996632e-12,1.4484035971872849e-08
275,0.7071067755730089,0.7071067717469502,0.00011554049916757829,8.909962334425861e-05,0.5000813508883716,0.9999999893558257,0.000144692698026062,1.8771599982973064e-05,2.6893651823807187e-09
276,0.0005042276104998979,0.0004914524709552945,0.7071066104021866,0.7071066014078201,0.5003561642526505,8.98545922080489e-06,6.411223465070147e-09,0.9999997521144632,0.0007040527508085547
277,1.3024341464182902e-05,1.2480794971557529e-05,0.7071067810764018,0.7071067810665991,0.500009256082605,1.8034906044760604e-05,0.999999999837299,6.836270845715421e-12,3.8193933333343596e-07
278,0.7071067811270508,0.7071067811204784,9.664900223462553e-06,9.171455023210033e-06,0.5000068765140543,0.9999999999112118,3.482014692624151e-07,1.3319333290711462e-05,4.62758590019137e-12
279,0.707106773343527,0.7071067781939696,0.00010808665203617941,0.00010531716670156577,0.5000770738682083,2.891456885502542e-10,1.9587049185839723e-06,0.00015089928238887503,0.9999999886127847
280,0.0018228747097614293,0.0012279528189461624,0.7071057149619707,0.7071044315571766,0.5012914866545642,0.00041809671715137845,0.9999975846265071,9.109953855860417e-07,0.002157761680110406
281,0.7071067800997304,0.7071067799937162,4.1072123084858775e-05,3.9204497255346226e-05,0.5000291233498432,7.517653636445415e-11,5.676426372276353e-05,1.315394904503045e-06,0.9999999983880453
282,0.707106781184735,0.7071067811834751,2.084991243104362e-06,1.6017490748194326e-06,0.500001477679708,8.928396779849401e-13,2.6070062796321045e-06,3.4103788714094263e-07,0.9999999999965461
283,0.707106743883563,0.7071066949942403,0.000349133665624579,0.00024536698944392546,0.5002461135257302,3.10266528950017e-08,7.424304185360304e-05,0.0004202228536354906,0.9999999089503516
284,0.7070973313405082,0.707096759326674,0.0037646978251083016,0.0036567009190577367,0.5026588165958656,0.9999862276994179,0.0052477227910452656,7.626817263428121e-05,4.0022608873300397e-07
285,0.7071067809806046,0.7071067808595285,2.150526214969852e-05,1.7066012957494766e-05,0.5000152715479412,0.9999999996231392,2.7273952319808862e-05,3.1395259593492923e-06,8.49904235245457e-11
286,4.856622382967739e-05,1.507924528476562e-05,0.7071067810257617,0.707106779518709,0.5000344430082057,4.50788969998109e-05,1.05775058831019e-09,0.9999999987069675,2.3536243980569447e-05
287,0.7071067811824393,0.707106781157248,6.437367376568309e-06,2.411186881491802e-06,0.5000045637237147,1.7793624818153903e-11,6.260510702493114e-06,2.838930549054223e-06,0.9999999999763773
288,0.7071067811674316,0.7071067811672622,5.2224502958382935e-06,5.199463183992371e-06,0.5000036978693503,1.1862218111566643e-13,7.3694058749484305e-06,1.6172336539490718e-08,0.9999999999728465
289,0.7070869569369101,0.7070281575673951,0.01054440167826173,0.005294839902965016,0.5074692747393507,4.114776895392429e-05,0.003687269491711755,0.01120820146348428,0.9999303868621587
290,0.7070984087252197,0.707098154243971,0.0034928877406787888,0.003442067511578797,0.5024663382870614,1.748921765700315e-07,3.584034941464156e-05,0.004903754581196359,0.9999879758809332
291,0.004213787923744049,0.004205284691662655,0.7070942763031413,0.7070942256809446,0.5029912656056826,0.005953183424814278,3.587763408138725e-08,0.9999822796289927,5.925769149484168e-06
292,1.278776824659464e-07,2.383307485553304e-08,0.7071067811865466,0.7071067811865355,0.5000000921073811,7.342616492131419e-08,0.999999999999991,7.859589868107184e-15,1.0737464987080906e-07
293,0.7071066374463117,0.7071065516267978,0.00056977755206465,0.0004590533185838827,0.5004021432312074,0.9999997323117588,0.0007275265367516501,7.798427060510908e-05,5.7171443641674715e-08
294,0.7071067811472577,0.7071067809934376,1.6525663029335823e-05,7.4540634928042515e-06,0.5000117064169035,0.9999999998356687,1.695530308643759e-05,6.41703189651992e-06,1.086290589789269e-10
295,4.867562812045256e-05,1.5294993945776138e-05,0.7071067810211287,0.7071067795111871,0.5000343944338489,4.5161311544710504e-05,0.9999999986983726,1.0657457362601734e-09,2.3742568359036454e-05
296,0.7071067631965725,0.707106750148492,0.0002095099916569496,0.00015950443546975567,0.500147249351822,9.35021776445432e-09,0.0002609205309110525,3.544824519937565e-05,0.9999999653319475
297,0.707105656098148,0.7071056612404499,0.0012614643381518335,0.0012613936773872517,0.5008861035425345,8.874862743562064e-11,5.0217516863981175e-08,0.0017839300107514253,0.999998408795593
298,2.2708053431116434e-05,2.1780212983784727e-05,0.7071067808511123,0.7071067808219242,0.5000160720128073,3.145785037357757e-05,0.9999999995049841,2.0671748625915436e-11,6.610734626875398e-07
299,0.0008524800946733896,0.0004080099135932749,0.7071066634729947,0.7071062673160864,0.5006028584025466,0.0008913934598708831,2.779734262074316e-07,0.9999995534026617,0.00031402563765425227
300,3.0037408072127498e-05,1.702290548041016e-05,0.7071067809816421,0.7071067805485629,0.5000211772154548,3.3261250733338353e-05,0.999999999403987,3.108453951061355e-10,9.25820686420905e-06
301,3.831838231906366e-06,3.2597438457574465e-06,0.7071067811790341,0.7071067811761654,0.5000027154868237,4.041115843941604e-07,2.034283228404629e-12,0.9999999999873461,5.01453966010952e-06
302,1.3058209171336287e-05,1.3023142669939543e-05,0.7071067810666207,0.7071067810659739,0.5000092056009533,1.844230104429406e-05,0.9999999998299407,4.65737612840256e-13,2.457550816416588e-08
303,0.7071067831372481,0.7071067764489696,8.185321896208064e-05,6.849726916580396e-05,0.5000577054447707,0.99999999430409,9.456775135111815e-06,0.00010631272144795679,1.0215096008735904e-09
304,0.7071067691812719,0.7071067675762128,0.000163396752900924,0.00015629652163040453,0.5001154195879023,0.999999974436448,0.0002260567291951354,5.0454650852398125e-06,1.1303248723168002e-09
305,0.0002087697966335155,0.00019507183939052012,0.7071067542789965,0.7071067503674192,0.500148367028661,9.63382727072228e-06,0.9999999591810738,2.728020128831017e-09,0.000285560921489125
306,0.7070992287554,0.7070990640393955,0.0033035790652736134,0.0032681330370876093,0.5023273071627318,1.1781748204063981e-07,2.5220631335894227e-05,0.004646901344807375,0.9999892027776386
307,0.00013996925156308713,7.424725547037754e-05,0.7071067772885117,0.7071067673333414,0.5000986980538117,4.677553061842495e-05,7.1462036243440324e-09,0.9999999874479767,0.00015138063305251132
308,0.7070800496369539,0.7070800378677435,0.006149800724560732,0.006149053236325528,0.5043464670620538,4.526032688442137e-09,0.00869660303667491,5.26754155701102e-07,0.9999621838326429
309,0.7071067597821524,0.7071067633150204,0.00018089974369276846,0.00017398381118043722,0.5001275613956297,0.9999999685024391,0.0002509402482761165,4.906690952198504e-06,1.232723008942064e-09
310,0.7071067738684054,0.7071067722420716,0.00011246956735213097,0.00010173210047062723,0.5000793669372928,1.1404232869840623e-09,7.662091730763312e-06,0.00015145994915108976,0.9999999885005927
311,0.7071067796513971,0.7071067814383017,8.42291333355936e-05,4.659432374180036e-05,0.5000594739317112,0.9999999953672117,9.252941763291994e-05,2.65308269741747e-05,2.4805518050037163e-09
312,0.7071067811865379,0.7071067811819314,2.5538344994878888e-06,8.660934485879127e-08,0.5000018087660353,3.2509011639231078e-12,1.7285955372194358e-06,1.8818951347236322e-06,0.9999999999967293
313,0.707106582769217,0.7071061652612806,0.0009333003226592809,0.0005297211022696883,0.5006579497085463,0.9999994241728271,0.00028161306921546073,0.0010355423785209275,2.964156500878204e-07
314,0.028881883972126477,0.028815176871072937,0.7065194162808902,0.706516692507453,0.5199716510181313,4.699861619671087e-05,0.9991674145856752,1.9335286728419482e-06,0.04079798300861814
315,0.7071055999086011,0.7071055297669467,0.0013303281569576454,0.001292508374076245,0.5009396236845808,0.999998279823068,0.001854623963283831,2.6848781441988823e-05,4.9885000275683184e-08
316,4.9487376221330696e-05,3.8607082888460484e-05,0.7071067801326005,0.7071067794548432,0.5000348746950413,6.22830611379965e-05,0.9999999980302473,4.805812796872259e-10,7.76708115758923e-06
317,0.7071067838086521,0.7071067836825357,6.261565441428495e-05,6.117486979919494e-05,0.5000442553924059,0.9999999961684577,8.753309288362453e-05,1.0210401090949854e-06,8.919327977950324e-11
318,0.00025076713268153453,0.0002495255033279655,0.7071067371599734,0.7071067367207352,0.5001781381011343,8.720897801520907e-07,0.9999999374264337,3.103813952984224e-10,0.0003537603282077313
319,0.7071067811827839,0.7071067801804519,3.7720463286305516e-05,2.306933186923334e-06,0.5000266660205722,0.9999999992859219,2.5824507507354367e-05,2.7590761194012914e-05,7.072699863287452e-10
320,5.213612785703517e-06,4.355839204010747e-06,0.7071067811731282,0.7071067811673241,0.5000036827623513,6.7662723841581306e-06,0.9999999999769182,4.163840865354618e-12,6.104518603684042e-07
321,0.0007752728253647896,0.000734662070488163,0.7071063995408614,0.7071063561813425,0.5005497402857753,2.84988077790442e-05,0.9999994296116851,3.049865511590558e-08,0.0010676910218956265
322,0.707106774712505,0.7071067584648572,0.0001792576970967603,0.00012886527379447118,0.5001269562560193,7.825984980557853e-09,3.535398693474337e-05,0.00021792126185018272,0.9999999756302093
323,6.63620108335724e-06,5.51215183569878e-06,0.707106781165062,0.7071067811554063,0.5000046997899832,7.891010111853898e-07,6.8005580578162775e-12,0.9999999999627874,8.590710230981805e-06
324,0.7071067720496965,0.707105674651793,0.0012509497308379222,0.00011367257788868397,0.5008821535526085,7.805329097463089e-07,0.0008680408987673668,0.0009079106135046951,0.9999992111010388
325,4.0290482668681955e-05,3.8001991474020666e-05,0.7071067801653796,0.7071067800386862,0.5000283933335007,5.536058049128113e-05,0.9999999984662649,9.031021616719699e-11,1.6372163373497768e-06
326,0.7071067234002166,0.7071066802490794,0.0003778189056414861,0.0002858709650990052,0.5002672411416151,0.9999998877653256,0.00046936529558884,6.454109887170948e-05,3.038334298891524e-08
327,0.7071041997757883,0.707104121740254,0.0019393344076821327,0.0019106698937450162,0.5013754793587698,5.507315064780893e-08,0.0027223638850327994,2.0304313643297583e-05,0.999996294154439
328,0.0007614564592951507,0.0007137289924272903,0.7071064209798474,0.7071063711946488,0.500539806675924,3.359709958104756e-05,3.458372596621575e-08,0.9999994553873481,0.0010431185210383928
329,9.27398681767286e-05,9.272833923742355e-05,0.7071067751064589,0.707106775104947,0.5000656439663186,8.083763994166887e-09,0.9999999914003874,1.0581775826219233e-12,0.00013114582716129578
330,0.7071064264930998,0.7071063515527565,0.000779483000588748,0.0007134863234868683,0.5005519185647745,4.869468895287479e-08,0.0010556996578389686,4.6418901843228475e-05,0.9999994416716008
331,0.00013503006828704975,6.663999121278745e-05,0.7071067780463648,0.7071067682937847,0.5000950096951595,4.896446324262462e-05,0.9999999886629957,7.055776492496587e-09,0.00014239553753473942
332,0.0008048688134621042,0.0007824070674024573,0.7071063483233572,0.7071063231128638,0.5005676136948322,1.5897386167300198e-05,1.762984907407483e-08,0.999999370012495,0.0011223733281456468
333,0.7071067804756155,0.7071067719442372,0.00011432674357367989,3.170825790001471e-05,0.5000808882169195,0.999999992961995,0.00010347599867781542,5.8040809891356175e-05,6.068296083759268e-09
334,0.7071065069118632,0.7071003679984534,0.003011573750018711,0.0006287555018161708,0.502128909174318,0.9999952675243232,0.0016892236978622147,0.0025712707425408496,4.3617726949300555e-06
335,0.03623425060865845,0.036168076283000714,0.706181187997623,0.706177795659675,0.5250614855959527,0.05119617624072088,2.3851038240899788e-06,0.9986886148138485,4.662289978811374e-05
336,0.0023676477287923174,0.002355483827859062,0.707102857932224,0.7071028173075078,0.5016763473137875,0.0033397583243512867,2.894965339408983e-08,0.999994422954515,8.61196187218414e-06
337,8.683399429185422e-07,6.713938572704824e-07,0.7071067811862284,0.7071067811860139,0.5000006168846817,1.3852164864895214e-07,0.9999999999993973,1.542023134487584e-13,1.0888506390489596e-06
338,0.7071067811851515,0.7071067811837888,1.9751166955635323e-06,1.4049442931427184e-06,0.5000014007562349,0.9999999999970623,3.994579057249649e-07,2.3906877273039924e-06,9.616142827046076e-13
339,0.000799588971453678,0.0007393556374949026,0.7071063946488111,0.7071063291029686,0.5005656528434618,0.0010881783629739226,4.661437692905477e-08,0.9999994070051812,4.30944581267614e-05
340,4.385957693663924e-05,3.3775835499312937e-06,0.7071067811784805,0.7071067798263124,0.5000310009512214,2.909448148181935e-05,9.531965173990856e-10,0.9999999990324645,3.2993661014076064e-05
341,0.7071030284867813,0.7071017399464752,0.0026700870143945205,0.002303715437966228,0.5018892455779295,0.9999937817455039,0.0035171455901029255,0.00025720882873984696,9.145746313891722e-07
342,0.003271126697039725,0.0032334862055306574,0.7070993880402991,0.7070992149126873,0.5023129517897494,2.6625250321617418e-05,1.2389394610048677e-07,0.9999894220925987,0.004599455837975661
343,0.7070388739828176,0.7070325597857312,0.010244969635855134,0.009799524330930414,0.5072134963355346,4.50867981936706e-06,0.0003135345614345599,0.014173629599748858,0.9998994998997282
344,0.7071052474074938,0.7071052454751702,0.0014762357741916758,0.0014727826670183543,0.5010373497830767,5.093553125963617e-09,0.0020852709053887633,2.46909135551483e-06,0.9999978258172114
345,7.903939322468034e-05,6.592859389729587e-05,0.7071067781130508,0.7071067767690911,0.5000560702926741,0.00010251091585032565,0.9999999947030964,9.539742271451379e-10,9.236731265205972e-06
346,0.0003447029127040337,0.0003147698493416961,0.7071067111263637,0.707106697168046,0.5002445520223657,2.0973184041106157e-05,0.999999891049917,9.924826922204481e-09,0.0004663263681504797
347,0.7071046902096748,0.7071046749855268,0.0017258660462171913,0.0017217822264223158,0.5012167798469112,7.054922181942614e-09,0.0024378554638757083,2.895161568087929e-06,0.9999970284217596
348,0.002191444145990817,0.002147326433473255,0.707103520702018,0.7071033853493817,0.5015466671661201,0.003067973800633377,0.9999952932697916,9.499302154849698e-08,3.122523847119462e-05
349,1.0539480875596941e-05,8.496931771664907e-07,0.7071067811860365,0.7071067811080013,0.5000074718366966,7.144156237974516e-06,0.9999999999440983,5.456438272430523e-11,7.795105340520218e-06
350,0.7070964561829188,0.7070964082395262,0.0038300724225293933,0.003822185766019312,0.5027019203248544,0.9999853606134487,0.005410963694954163,5.539284142174183e-06,2.980824842428073e-08
351,0.0017904146881798553,0.0017868319075030597,0.7071045235548516,0.7071045144922325,0.5012666439957325,0.002529495313459293,6.517044242111716e-09,0.9999968008183977,2.5354291038996868e-06
352,0.7071067811680317,0.7071067811453717,7.630585217587462e-06,5.116604404958707e-06,0.5000054169331045,1.5970668700757797e-11,1.7668965544120338e-06,9.015738902924933e-06,0.9999999999577919
353,0.00018000036400944654,0.00017316261194804061,0.7071067599837466,0.7071067582761963,0.5001272687384147,0.00024972376818281015,1.2085885922306555e-09,0.9999999688072913,4.843637556534293e-06
354,3.2401768658780774e-05,1.1523554888585036e-05,0.7071067810926494,0.7071067804441743,0.5000228791487626,3.103600349139396e-05,4.599599807737057e-10,0.999999999408667,1.48132851444088e-05
355,0.7071067811186996,0.7071067811032384,1.0854367139397502e-05,9.795505401471916e-06,0.500007710282425,0.999999999893116,7.507470090002735e-07,1.4601561251988603e-05,1.0761561207238079e-11
356,1.93982384014216e-05,1.1089079251064146e-05,0.7071067810995959,0.7071067809204687,0.5000137182922822,2.156542180273318e-05,1.2824633158809898e-10,0.99999999975037,5.847385243420312e-06
357,0.00036386140649348334,0.0003358092039364215,0.7071067014476532,0.7071066875690522,0.5002578791118065,0.0004947396636695719,0.9999998774185215,9.679093066268862e-09,1.988989814580116e-05
358,0.7071066886340354,0.7071066322781193,0.00045889900832390593,0.00036178586565950967,0.5003224767823291,0.9999998292613318,0.0005802495264318979,6.91939268088137e-05,4.0747553151141596e-08
359,0.7071055116942714,0.7071053342960169,0.001430458007436119,0.001342677229484698,0.5010133345609324,0.999998075502007,6.205199463582401e-05,0.00196090331316374,1.2107427551871957e-07
360,0.0021110973343749177,0.0018719476895004076,0.7071043033470384,0.7071036297941364,0.5014870083373365,0.00016781750869805794,4.792493124507073e-07,0.9999960195319352,0.0028165151050055337
361,3.897650231974968e-05,1.4971961454425287e-06,0.7071067811849656,0.7071067801123369,0.5000275990332311,2.57386681229165e-05,7.543417158438453e-10,0.9999999992393,2.9307512563125226e-05
362,9.526463214890229e-05,9.524592988867244e-05,0.7071067747718255,0.7071067747693061,0.500067227439078,1.3247443768604435e-08,0.9999999909264319,1.801379975906617e-12,0.00013471131030217475
363,0.00020756264320831729,0.00020631198251271491,0.7071067510888045,0.7071067507227942,0.5001472734359127,8.906678196213971e-07,0.9999999571765554,2.5720932810129634e-10,0.0002926535352507896
364,0.7071067811812322,0.7071067811298578,8.953738980655682e-06,2.7413643967012486e-06,0.5000063426613661,0.999999999956156,4.422688955684541e-06,8.253747202966679e-06,3.669698845893172e-11
365,0.7071057113803962,0.7071050088036609,0.0015832007994444203,0.0012300135042214826,0.5011178677220078,5.03203262048523e-07,0.0019891872052217744,0.0002501844409843489,0.9999979902688549
366,0.7071066963717755,0.7071066872202906,0.00036453853769956643,0.0003463324891789158,0.5002574108386417,6.5591647063068425e-09,1.278607047661423e-05,0.0005026639582571732,0.9999998735827224
367,2.928847667376954e-06,0.0,0.7071067811865572,0.7071067811804798,0.5000020832545796,2.0581904242023e-06,4.181586088652078e-12,0.9999999999957165,2.0797010053370335e-06
368,0.7071067809080129,0.7071067794292648,4.985152523692374e-05,1.9847138686368367e-05,0.5000351962051175,0.99999999856046,2.1595010665994986e-05,4.9119639624280104e-05,1.0438002156121307e-09
369,4.293710531877142e-05,4.286950764369748e-05,0.7071067798870276,0.7071067798829263,0.5000303416632754,4.756303196345001e-08,2.9074546720930627e-12,0.9999999981593014,6.06744380816691e-05
370,0.7071067809886656,0.7071067808771919,2.0916400624323552e-05,1.6728664416390463e-05,0.5000148175135397,7.793121881310165e-11,2.9392811067598002e-06,2.6621507372965498e-05,0.9999999996413291
371,0.7071067307064236,0.7071067245304343,0.0002830615381393388,0.00028078505534901907,0.5001999074522574,6.245559499495845e-10,1.6274805435707254e-06,0.00039869967768765553,0.9999999205179502
372,0.707106781186324,0.7071067810472097,1.4037457191992479e-05,5.59404485294483e-07,0.5000099328404374,9.907813403248565e-11,9.361571232944756e-06,1.0474928250145211e-05,0.9999999999013155
373,0.7070858593818862,0.7070834975992952,0.005738242131293404,0.005440120637405293,0.5040700935585408,1.650890196826533e-06,0.007904340618192507,0.00020912842577176221,0.9999687383423483
374,0.7071036008314933,0.7071035472382685,0.0021403115672603903,0.0021207760695038202,0.5015063937637159,4.121331251580319e-08,1.3870906046495793e-05,0.003013043700296123,0.9999954606773265
375,0.7067608294113659,0.7067529704545158,0.022366017833209063,0.022116452172323678,0.5156225591972623,5.55103464806997e-06,0.00017712135995973465,0.031453852521272384,0.9995051894606524
376,2.553175211306704e-06,9.430388022587335e-07,0.7071067811859187,0.7071067811819381,0.5000018139399081,2.4740059112490026e-06,2.885113793141552e-12,0.9999999999962963,1.1346014618697464e-06
377,0.707103870561238,0.7071030977756066,0.0022823488212586314,0.0020306865505939765,0.5016080140545448,5.473877048944521e-07,0.000178466253501034,0.0030497465148804142,0.9999953335869594
378,0.7070832666359741,0.7070776037901759,0.006423567412422773,0.0057666318903628186,0.5044905662833441,4.063810008117095e-06,0.008619667517428254,0.00046646923787268017,0.9999627411667611
379,0.7071067811862181,0.7071067811857461,1.063730453182823e-06,6.811867000669055e-07,0.5000007537326123,0.9999999999992005,1.2337430271495588e-06,2.709537605135208e-07,3.310432466136656e-13
380,6.902355179774076e-06,4.947881540136092e-06,0.7071067811692385,0.7071067811528612,0.5000048964450459,8.381193777882183e-06,1.1534455470943096e-11,0.9999999999639411,1.37099584994358e-06
381,0.0009176165117363214,0.0008582433022486772,0.7071062603445353,0.7071061857882004,0.5006477068830437,0.0012557228929362496,0.9999992106988727,5.3456360719513766e-08,4.197195041531682e-05
382,0.0335911901623753,0.03344083477834058,0.7063155885079322,0.7063084538241448,0.5231957200956101,0.00010671844120888746,5.007488953422576e-06,0.9988760396003531,0.04739879849079973
383,0.7071064229955025,0.7071064008594838,0.0007333918070785429,0.0007117292330844682,0.5005187306885764,1.554918956143432e-08,0.0010218559735678426,1.5245104153560312e-05,0.9999994777888376
384,0.70710677889305,0.7071067804844894,9.18881911077179e-05,5.6951684748836575e-05,0.500065002846652,2.640535617431225e-09,0.00010525955782286741,2.4644665705052474e-05,0.9999999941565322
385,0.7071067794384539,0.7071067790667052,5.475317483541346e-05,4.9721002142672284e-05,0.5000387098504827,0.9999999972649565,7.387526812733168e-05,3.5401931788859457e-06,2.621499296879064e-10
386,5.434935939021862e-05,4.842369902925252e-05,0.7071067795284848,0.7071067790978581,0.5000385446395822,4.2037838899842995e-06,0.9999999973506464,3.0315660969053437e-10,7.267073478924709e-05
387,0.004428495229117359,0.0044048685794275755,0.7070930611544659,0.7070929135764273,0.5031272253078826,0.006246131597049832,0.9999804925911223,1.0474938297673131e-07,1.665138670650849e-05
388,1.090843006986127e-06,1.0320707892000394e-06,0.7071067811857943,0.707106781185706,0.5000007731438725,4.174302507386707e-08,0.9999999999988726,6.18530769330836e-14,1.5011216138835024e-06
389,0.7071011920637837,0.7071011052879024,0.0028331785380282487,0.0028114377064906155,0.5020012536222307,6.084617399636043e-08,1.5403581651857373e-05,0.003991346306134485,0.9999920344269718
390,0.7071067810223732,0.7071067809808464,1.705596280332297e-05,1.5237397074830607e-05,0.5000121465307008,2.9585627196331506e-11,2.2835492235145972e-05,1.2745317347878494e-06,0.9999999997384588
391,0.7071067457522123,0.7071063676104279,0.0007647775998347118,0.00022385644254611445,0.5005413344757499,0.9999996825016632,0.00038472895572754954,0.0006978396052841468,2.658420311796862e-07
392,0.7071067809189865,0.707106780895484,2.0288636870880912e-05,1.9452279868473532e-05,0.5000143254692387,1.6698970040210815e-11,2.810106482651333e-05,5.917210288512114e-07,0.9999999996049929
393,0.0007184715281641564,4.651112833976019e-05,0.7071067796568611,0.7071064161769821,0.5005076775080616,0.0005304555991429332,2.569310767062615e-07,0.9999997408176097,0.0004868074246812093
394,0.7071067810473597,0.7071067804631109,3.19858767968909e-05,1.4030106507710018e-05,0.5000226608632339,4.082962768945384e-10,3.2507180440093896e-05,1.2775892255288792e-05,0.9999999993900326
395,0.7071067253960706,0.7071066539464751,0.00042419879249318943,0.0002808908003224186,0.5003008580480227,5.0703158141436236e-08,0.0004985982171568202,0.00010121301846348237,0.9999998705778576
396,0.0008142550200041504,0.0007687280310561019,0.7071063633267729,0.7071063123666499,0.5005785753019172,3.2115616562267726e-05,0.9999993730227913,3.5576106566119434e-08,0.0011193402568058456
397,0.7071067811861239,0.7071067805626277,2.970450300731456e-05,7.749895800307643e-07,0.5000209992921483,4.4206209463021883e-10,2.165590405343296e-05,2.034649668589712e-05,0.9999999995585227
398,0.69706213647433,0.6970265642791047,0.11897045300946117,0.11876185369828057,0.5773079621017878,2.528298604985053e-05,0.00014735525379780073,0.1681021263088525,0.9857695738749809
399,0.7071039889434954,0.7071039829441543,0.0019892974932624948,0.0019871638585419868,0.5014109375667282,0.9999960469298317,1.5058775266554373e-06,0.0028117827885042615,4.231887290173369e-09
400,6.230229410328646e-05,4.3503427922408236e-05,0.7071067798483125,0.7071067784418575,0.5000440114916272,7.4796575842861e-05,9.914309357421552e-10,0.9999999971129362,1.3401355667085226e-05
401,1.3709895724341785e-06,5.700861602682683e-07,0.7071067811863148,0.7071067811852155,0.5000009740136423,1.3760116136128446e-06,0.9999999999988938,7.803896882962216e-13,5.57855426661107e-07
402,1.4508847696282061e-05,6.6533850423926085e-06,0.7071067811552458,0.7071067810376971,0.5000102857502806,5.531280863763046e-06,0.9999999998726133,8.199063360690437e-11,1.4972612505705526e-05
403,0.0017251538547757728,0.0011229986186406637,0.7071058894353186,0.7071046767234592,0.501223256921568,0.00042294526744031467,8.530246350804844e-07,0.9999978813565424,0.002014546852487276
404,0.0003553219067330961,0.00014927098711266126,0.707106765430916,0.7071066919117247,0.5002516838869109,0.0003575561777410353,5.159016125537593e-08,0.9999999257322537,0.00014383693808355552
405,0.00013359306691879992,0.0001321584844245655,0.7071067688363152,0.7071067685667363,0.5000945484020762,1.0123068428446664e-06,1.919683730844067e-10,0.9999999823435131,0.000187914734455191
406,0.00011136807794016762,7.472696117757943e-05,0.7071067772379805,0.7071067724164103,0.5000787894346886,0.00013155377751435224,0.9999999910065183,3.4078122011965584e-09,2.6087752565799594e-05
407,0.00011302917185215159,3.8743059768111235e-05,0.7071067801251625,0.7071067721528381,0.5000799290700606,5.256216259352915e-05,5.608229334046854e-09,0.9999999928616905,0.00010730255091688207
408,0.7071067519740293,0.7071067361574159,0.0002523505623658997,0.00022082418032007606,0.5001778908615111,7.463956074307917e-09,2.2233889331776047e-05,0.00033458897038844796,0.9999999437779359
409,0.707106657199423,0.7071062959070038,0.0008284254227068509,0.0004187412827359796,0.5005853369497972,2.547896833896565e-07,0.0002900869497722649,0.0008817496835418894,0.9999995691834077
410,0.707106554723651,0.7071064840143957,0.0006482783308953712,0.0005659212343993946,0.5004606708075716,0.9999996297341066,5.7719207963953405e-05,0.0008586035935661096,5.072969259076396e-08
411,0.7071067811065427,0.7071067811000293,1.1061505196905957e-05,1.0636989241588247e-05,0.5000078276607889,0.9999999998822506,2.99637116124685e-07,1.5343163133639757e-05,4.6161112452644315e-12
412,0.0002238243865644027,0.00022337164958249713,0.7071067459055284,0.7071067457623659,0.5001581884888113,3.203419448574724e-07,1.005717397663025e-10,0.9999999500038732,0.00031621534946800966
413,0.7071067810296767,0.7071067810265294,1.504326166336554e-05,1.4894585196877838e-05,0.5000106782378788,0.9999999997759259,2.1169253487617978e-05,1.0533962459650617e-07,2.2024577229197116e-12
414,2.4090737857478257e-05,9.379130393673394e-06,0.7071067811243452,0.707106780776169,0.500017052578652,1.0231889315436241e-05,0.9999999996658351,2.4985597121809256e-10,2.3741107356143396e-05
415,9.929277204036925e-05,6.023102112455799e-05,0.7071067786213217,0.7071067742151422,0.5000702075584249,0.00011279731715834924,3.1110669459833867e-09,0.9999999932565836,2.7633235913415232e-05
416,0.014387389213264441,0.014382893395123114,0.7069604885547542,0.7069603970744177,0.5100822114176197,0.020343661936520478,0.9997930462896766,6.5599205336864e-08,3.1308149229670968e-06
417,7.26498385282041e-05,7.263791272122719e-05,0.7071067774556652,0.7071067774544401,0.5000516305581483,0.00010273395413655147,8.656853172220851e-13,0.9999999947228695,8.374944202675002e-09
418,0.0003446178949854931,0.0003163377957219781,0.7071067104266502,0.7071066972094847,0.5002431748486315,2.0031766644917293e-05,9.316635812986969e-09,0.9999998905844464,0.0004673647642597332
419,3.963545377646338e-05,3.95337166428709e-05,0.7071067800814,0.7071067800757047,0.5000279892811984,7.215127976578609e-08,0.9999999984330584,4.068428931859101e-12,5.598105699125199e-05
420,5.622558140619608e-05,4.7597283336917505e-05,0.7071067795845977,0.7071067789511611,0.5000395362449388,6.141231301258773e-06,4.5168254433380435e-10,0.9999999972865937,7.341050785564713e-05
421,0.7071067811348971,0.7071067811159035,9.995088180929427e-06,8.546391126247383e-06,0.5000070417775249,1.3503002550861732e-11,1.3110101115726211e-05,1.0333623579313835e-06,0.9999999999135251
422,0.7071067811864465,0.7071067811841526,1.8403660284827404e-06,3.7809403430431966e-07,0.5000013045859778,0.9999999999982353,1.0099320506123174e-06,1.584278848787628e-06,1.6547031405364373e-12
423,2.2189374807403983e-06,1.2773918711796695e-06,0.7071067811853937,0.7071067811830658,0.500001567868478,2.4716602941774514e-06,0.9999999999967224,1.638888897071926e-12,6.680635644735309e-07
424,0.0003220400504326817,0.00032174821245578095,0.7071067079854977,0.7071067078526451,0.5002277118522037,2.0538441584694036e-07,0.9999998963841418,9.457016036897003e-11,0.00045522704677821633
425,0.001254344534148679,0.0012053956920819173,0.7071057537746577,0.7071056686378571,0.5008804668911263,3.541582912355393e-05,0.9999984868193624,6.054553871752453e-08,0.0017392828130829683
426,0.7071067811931441,0.7071067689361609,0.00013162316618870243,8.626266132219335e-05,0.5000934181345349,4.901038661044369e-09,0.0001540786548669072,3.202612574650127e-05,0.9999999876170429
427,0.0005155918721817524,0.000495133800837925,0.707106607834009,0.7071065932128062,0.5003635616855487,1.4414302753720983e-05,1.0383428368331627e-08,0.9999997445037375,0.000714692022670058
428,0.7071067811776142,0.7071067811601833,6.106091432764077e-06,3.554360273613464e-06,0.5000043343538686,1.2481912230809443e-11,6.829309530169246e-06,1.8106244450619741e-06,0.9999999999750411
429,0.7071067811289491,0.7071067800762424,3.962584509442289e-05,9.025274087402686e-06,0.5000280075781339,7.432382227695699e-10,2.137235288598211e-05,3.456711882580024e-05,0.9999999991741677
430,0.7068607055292416,0.7068585959310393,0.01873320064390461,0.018653229712364695,0.5131142408853236,0.9996505010316097,0.026436199216544814,5.617873431060823e-05,1.477938745742794e-06
431,0.00022628062437133183,0.00022227618849902808,0.7071067462507312,0.7071067449806145,0.5001604711248226,2.8186170975623893e-06,0.9999999496951869,9.012400274963514e-10,0.0003171776781458438
432,0.05196582050640149,0.051965721726629784,0.7051946991898268,0.705194691910749,0.535426246000576,7.032074832561323e-08,5.141241216603723e-09,0.9972959025607832,0.07349069829215203
433,5.507161873789026e-06,3.459019198871437e-06,0.7071067811780857,0.7071067811651004,0.5000038808329256,6.339816176790209e-06,9.295035790062687e-12,0.9999999999788514,1.4492675966797346e-06
434,0.7071067452512072,0.7071067425621856,0.00023371584798669527,0.0002254334646734802,0.5001646580950222,1.8956139701380977e-09,5.895617686549163e-06,0.00032466688510983594,0.9999999472783292
435,0.0010459219546557117,0.0010059479524063498,0.707106065642712,0.7071060076447258,0.500738950792354,0.0014508912479826491,3.9830209178304357e-08,0.9999989470574341,2.8259594984792217e-05
436,0.7071067773038886,0.7071067767452123,7.925275720510522e-05,7.41006886820676e-05,0.5000561744390553,0.9999999941140475,0.00010843737371096553,3.6397212031235016e-06,4.0035156929853965e-10
437,0.00019871076102081676,0.00019227807627067808,0.7071067550442012,0.7071067532657512,0.500141268659203,4.543072679626098e-06,0.9999999617715855,1.2336975702707475e-09,0.0002764709490171662
438,2.108146494329323e-05,1.5888365038942915e-05,0.7071067810080455,0.7071067808722894,0.5000148907640597,3.659292705667432e-06,9.699575102803708e-11,0.9999999996515662,2.6143409836542084e-05
439,0.7071067060485441,0.7071066362778106,0.00045269402583696116,0.00032597726730750575,0.5003197231186858,4.966178668644731e-08,0.0005506408832064478,8.937380808361871e-05,0.9999998444034578
440,1.2390569330352553e-05,4.801383005256938e-06,0.7071067811702475,0.7071067810779892,0.5000087670983362,1.2162551320629472e-05,6.564035913742183e-11,0.999999999911712,5.352740650031327e-06
441,0.7071067807729324,0.7071067788668629,5.727589577797618e-05,2.4185511372837297e-05,0.5000404549147811,0.9999999980672655,5.769001380678316e-05,2.3180368946770486e-05,1.3525164409541833e-09
442,0.707102847900563,0.7071027615333346,0.0023842466171783436,0.0023600723404283014,0.5016870937787545,5.769882180704286e-08,1.7036355833588405e-05,0.0033547403992203345,0.999994372697473
443,0.7071061590558942,0.7071059180078012,0.0011048612337455383,0.0009379899900853119,0.5007837815145231,1.6973435742607682e-07,0.0014444864100331847,0.00011833249157944592,0.9999989497276517
444,0.7071067806555896,0.7071067806355562,2.791446221540293e-05,2.7402293937554997e-05,0.5000197673242186,0.9999999992349466,3.9114865982072244e-05,3.6079498312662053e-07,1.4195664605451267e-11
445,0.7071059858673565,0.7071059835011129,0.0010621190819596407,0.001060542584791436,0.5007504886943512,1.659675714071385e-09,1.1098532687024413e-06,0.0015009484623545917,0.9999988735756269
446,0.00022819644942149674,0.00020570579302483589,0.7071067512654128,0.7071067443649368,0.5001622179254084,0.0003068211352160793,0.9999999528057523,4.8050960961848675e-09,1.5788723737869763e-05
447,8.51839833711563e-06,3.0253366890064744e-06,0.7071067811800748,0.7071067811352368,0.5000060328214351,3.861020073363915e-06,3.138287088953265e-11,0.999999999959141,8.173634132693817e-06
448,0.0006029049041402093,0.0005993890638791926,0.7071065271461923,0.7071065241571988,0.500428362635684,0.0008501502447479521,2.0693689058404286e-09,0.9999996386191468,2.4768304922470276e-06
449,0.7070965195519516,0.7070920782163714,0.004559925838019758,0.0038094668277665364,0.5032055427605974,0.9999823473587742,0.0005387224321352044,0.005917325350291987,3.1091694891922214e-06
450,0.7071067811260414,0.7071067786574307,5.980560594006369e-05,9.25027546099394e-06,0.5000421478699824,1.7854767964125559e-09,4.899918344366944e-05,3.55156038920371e-05,0.9999999981688602
451,0.0011700593364470737,0.001162949312220696,0.7071058248585701,0.707105813129228,0.5008250263334705,0.0016496861603060224,8.412667006659064e-09,0.9999986392541073,5.049966672768372e-06
452,0.7071067811863698,0.7071067811860631,8.275184224743765e-07,5.008861659439707e-07,0.5000005915285083,2.193023254490954e-13,9.388101027075209e-07,2.3304351916074857e-07,0.999999999999532
453,6.306623420718419e-05,3.7638430945695525e-05,0.7071067801848228,0.7071067783741356,0.5000446157985522,1.803206391869121e-05,0.9999999973029983,1.2570049215517535e-09,7.119582889440599e-05
454,0.00021706819939099403,0.0,0.7071067812582246,0.7071067478686636,0.5001535166921599,0.0001581869731074259,0.999999976491382,2.3757917061756914e-08,0.00014830413790825053
455,0.0007834218948613622,0.0007188874271418841,0.7071064157542808,0.7071063471997217,0.5005522257593051,0.0010622831936751987,4.8455693009189744e-08,0.9999994347253387,4.586299909584598e-05
456,0.7071067811822633,0.7071067811794921,3.1594569366277552e-06,2.4623290973822856e-06,0.5000022453096462,0.9999999999919819,3.9752508494127e-06,4.925580193889049e-07,1.9684874681441647e-12
457,0.00039915618096652644,0.0002938099249534048,0.707106720146068,0.7071066685262875,0.5002826457117251,7.421496099764709e-05,0.9999998771750294,3.6652420394255705e-08,0.0004900429250270078
458,0.004613877251879714,0.004578615290509859,0.7070919574440234,0.7070917282338294,0.5032519820966365,2.4919689778729387e-05,1.6153972347327164e-07,0.999978873986195,0.0065000738675006706
459,0.7071067811855481,0.7071067811801582,3.0059000895398756e-06,1.1886496794957515e-06,0.5000021282249828,0.9999999999947756,1.288543315034487e-06,2.9644526533815856e-06,3.835373269629315e-12
460,0.7061680024069857,0.706167983399652,0.03642498073119637,0.03642471437383476,0.5251805570983746,9.686118042285267e-09,1.8794849421756232e-07,0.051512513416141395,0.998672349152371
461,0.7071067832042821,0.7071067753513177,9.084194723968969e-05,6.780170463496761e-05,0.5000642724248482,1.812130077914029e-09,0.00011215859939298145,1.6424953939377117e-05,0.9999999935753332
462,3.475175119306751e-06,1.9390161110823835e-07,0.7071067811865205,0.7071067811780075,0.5000024671782656,2.5605454693311174e-06,6.0365168459838855e-12,0.9999999999939424,2.3575510268341925e-06
463,0.0002781663630337671,3.207010418496141e-05,0.7071067804592945,0.7071067264730799,0.5001969113457948,0.00021839144301893977,3.763337708503774e-08,0.9999999607974909,0.00017524324444032936
464,2.4474965026575953e-05,2.4395138768789827e-05,0.7071067807657324,0.7071067807629738,0.5000173727522773,3.455638211974464e-05,0.9999999994029272,1.9391355838753233e-12,5.6244064772597e-08
465,4.445981548716627e-05,3.5917004815144663e-05,0.707106780274358,0.7071067797888275,0.5000314591088146,5.68343243328036e-05,0.9999999983666475,3.463784616599374e-10,6.046983188143048e-06
466,5.120262286972086e-06,9.041842042849696e-07,0.7071067811859695,0.7071067811680094,0.5000036181092072,4.225275812643684e-06,0.999999999986483,1.2860441612669e-11,3.030128521720478e-06
467,0.0032735994407693727,4.1402286355884704e-05,0.7071067799744604,0.707099203469146,0.5023121818506322,0.0024128218780188598,5.4350843719278916e-06,0.9999946408871454,0.002212794168664269
468,5.6185613303650844e-05,4.275799980556838e-05,0.7071067798937829,0.7071067789543374,0.5000395994494862,9.54349841988746e-06,0.9999999975074666,6.646480774079985e-10,6.995706774579664e-05
469,0.707106780325123,0.7071067803047788,3.531301056258107e-05,3.490326100807923e-05,0.5000249643420703,0.9999999987673764,2.9164796616533853e-07,4.9650390587133336e-05,1.409790854665201e-11
470,0.7071061911734993,0.7071061326747261,0.00095767102503527,0.0009134572273603169,0.5006791922304239,4.171818907568787e-08,3.1146594731371596e-05,0.001323090241837473,0.9999991242306662
471,0.0007705343587133002,0.0007702875916122572,0.7071063616295823,0.7071063613607231,0.5005454838355989,0.0010895256496421897,1.9034788778970692e-10,0.9999994064667377,1.7470344373141932e-07
472,0.7071067800234777,0.7071067732719142,0.00010579688962405173,4.055649465298827e-05,0.50007479726489,4.8112432074807045e-09,0.00010369850397210978,4.565557344517741e-05,0.9999999935810947
473,0.011460476205356304,0.010952283725878814,0.7070219568605848,0.7070139019037223,0.5080390626801079,0.01584822305132076,0.9998743445729698,5.733353611519488e-06,0.0003589679346845449
474,0.7071067771631809,0.707106777114239,7.588882588515427e-05,7.543142196190418e-05,0.5000535625627751,3.50450830989181e-11,3.2180852692033533e-07,0.00010699957828278628,0.9999999942754935
475,0.7071067811099379,0.7071067770932558,7.608406559028625e-05,1.0408592702628457e-05,0.5000536442323096,0.9999999970514346,5.982421976969822e-05,4.814754996615135e-05,2.8689782993438324e-09
476,4.5377825655143345e-05,4.502424797596197e-05,0.7071067797531121,0.70710677973051,0.5000321430676377,6.392392060988393e-05,0.9999999979568343,1.585991001913953e-11,2.496814986337037e-07
477,0.1993058069068681,0.19925755457014285,0.678451491962935,0.6784373186472042,0.6210393124624884,0.2818268556254789,1.0068131037612956e-05,0.9594652792980962,3.418079544591542e-05
478,0.7071063790901555,0.7071061128175519,0.0009722222241988212,0.0007540888614498745,0.5006882891182834,0.9999992430666661,0.00015498806755306224,0.0012205919724072574,1.8550528837781175e-07
479,0.7071067550997618,0.7071062801487218,0.0008417685185803894,0.00021057746102599512,0.5005931605402613,3.3114964160499563e-07,0.0007366077565170302,0.0004586132564635758,0.999999623541323
480,0.7071067811848536,0.7071067810302113,1.4869191425510095e-05,1.5477731783575228e-06,0.5000105196007812,1.0897783554921656e-10,1.1495644509357728e-05,9.55712366638517e-06,0.9999999998882559
481,0.7071049592078633,0.7071049552518681,0.0016069406497686107,0.0016051989422870422,0.5011369802491246,2.772281534292422e-09,0.0022713256907314315,1.2258962403925605e-06,0.9999974205357236
482,7.718110598710892e-06,6.8511241335257175e-06,0.7071067811533569,0.7071067811444253,0.5000054652151515,1.0301741204420098e-05,0.999999999946746,6.3251026479450815e-12,6.174635730673655e-07
483,0.7071065587101815,0.7071064156851312,0.0007189554413323977,0.0005609180376604703,0.500506832009213,0.9999995842369233,0.00011239094180725152,0.0009049277583288155,9.973684397947296e-08
484,0.004770691313127425,0.003465170331753699,0.7070982906177433,0.7070906876096994,0.5033631570204156,0.005823318505934294,5.393140633505029e-06,0.9999826163838081,0.0009251284298186439
485,0.000575722462226441,0.00033290528054644966,0.7071067028207803,0.7071065468114783,0.5004056573775078,0.0001738168779844254,1.1021299221419787e-07,0.999999778858834,0.0006419267608781308
486,0.7071067832666507,0.7071067596649604,0.00017445951047211693,6.714812955314942e-05,0.5001234496406495,1.2890854252790411e-08,7.554215133039828e-05,0.00017099232576063883,0.9999999825275048
487,0.7071067764334641,0.7071067738630504,0.00010176928478095353,8.198703305096625e-05,0.5000719689742654,0.9999999914605683,1.3965147013116732e-05,0.00012993781428910175,1.808851705815174e-09
488,7.469016631138238e-05,1.1436003245603253e-05,0.7071067810940705,0.7071067772418668,0.5000526539702415,4.530280589675647e-05,0.9999999971452985,2.793640582585571e-09,6.0473621453789405e-05
489,2.1832183015173227e-05,1.742540119255977e-05,0.7071067809718279,0.7071067808494987,0.5000154527254559,2.7757058751486676e-05,0.999999999609841,8.751367922248313e-11,3.136002454750179e-06
490,0.707106781142723,0.7071067803904654,3.355341750173082e-05,7.872673373327662e-06,0.5000237204519774,0.9999999994060964,2.9027622471768027e-05,1.8579772488517367e-05,5.286435754975712e-10
491,0.007546910791149226,0.007236926195689477,0.7070697468420188,0.707066506163591,0.5053132198546408,0.010453779381527771,2.2905458489065105e-06,0.9999453340220044,0.00021785090128354802
492,0.00023967447715086344,0.00023618828487743642,0.7071067417406471,0.707106740567593,0.5001690920366734,0.0003364857757618711,8.327363375656932e-10,0.9999999433855984,2.4664997094366494e-06
493,5.7300750972869146e-05,5.713458878609149e-05,0.7071067788782961,0.7071067788648506,0.5000403966703035,8.091800449292526e-05,9.585796572068207e-12,0.9999999967261324,1.1767197400122077e-07
494,7.369761611943403e-05,4.5006078920292274e-05,0.7071067797542676,0.7071067773460095,0.5000521631698635,2.017156692358895e-05,1.6866819753304157e-09,0.9999999962715549,8.39642403009413e-05
495,0.7071022879924255,0.7071022566889101,0.0025295425372970537,0.002520776839439009,0.5017868176809955,2.206037612778221e-08,0.003571115120365318,6.174086615962987e-06,0.9999936235290064
496,1.0176198968296161e-05,9.362827727627218e-06,0.7071067811245597,0.7071067811133221,0.5000071844640869,1.381605710177839e-05,0.99999999990439,7.90312646558054e-12,5.7804382184738e-07
497,0.7070994046286156,0.7070994096698945,0.003229906343672768,0.003229856630965273,0.5022832473293838,0.9999895678111614,3.516051874607733e-08,0.0045677422042242795,1.6274069783658057e-10
498,0.7071067811595186,0.707106781149103,7.277017546025968e-06,6.182640637688209e-06,0.5000051343692278,0.9999999999544106,9.516521542576186e-06,7.847594215088561e-07,7.315637891782936e-12
499,2.583131959105792e-05,2.1462062370876573e-05,0.7071067808608382,0.7071067807147239,0.5000183870410364,3.0482860247847928e-06,1.043268076061758e-10,0.9999999994360592,3.344525594666411e-05
500,0.7070927579995171,0.707022199046046,0.01093697882368441,0.004453266738406396,0.5077489388014208,4.920284192233672e-05,0.01089337936921123,0.004558878848089869,0.999930271813321
501,0.0005961831674819059,0.0005379027490347667,0.7071065765926828,0.7071065298564482,0.500421262906576,0.0008019234635810659,3.2914899137080694e-08,0.9999996776130735,4.11398715540529e-05
502,0.7070996615625826,0.7070994940014625,0.003210230965438325,0.00317310857943892,0.5022695768125516,1.1827311811922318e-07,2.622657366673708e-05,0.004513702812016058,0.9999898128476259
503,0.7071067811640886,0.7071067811590992,6.230392971442493e-06,5.635750900329093e-06,0.5000043986123723,0.9999999999647106,8.390567784679405e-06,4.217310041488293e-07,3.4898946030223823e-12
504,0.707106021750319,0.7071060002319102,0.0010509215145368164,0.0010363418534986835,0.5007407479052043,0.9999989107791732,0.0014759185058156377,1.024847405120426e-05,1.522965639494003e-08
505,0.707106779743402,0.7071067793830663,5.0502544281997096e-05,4.517648966102012e-05,0.5000357384956532,2.510960030060283e-10,3.756751635090675e-06,6.76558128633422e-05,0.9999999977042884
506,0.7071067367333925,0.7071066561918801,0.000429208250856418,0.0002507314455673892,0.5003039701652003,0.9999998764570056,0.00012614983258873503,0.0004808037022916657,6.035385244838617e-08
507,0.7071067769134756,0.707106768378733,0.00015988610197978343,0.00011616202981279502,0.5001128634899848,6.024903668995559e-09,3.1181358313783665e-05,0.00019515354383209605,0.9999999804714089
508,0.008860935920618634,0.00878691114009602,0.7070521835003494,0.7070512596796688,0.5061980094188798,0.012478911392051078,6.544465652340572e-07,0.9999221339718359,5.256655391999214e-05
509,0.7071066462384316,0.7071066495822109,0.0004399627290095351,0.00043685860531214246,0.5003103891221682,0.9999998077936632,0.0006200062930631241,2.20011702223946e-06,1.3679928672894914e-09
510,0.707106781140825,0.7071067811329245,8.708212617445167e-06,8.041135155764721e-06,0.5000061276953732,0.9999999999297523,4.7261643326469296e-07,1.1843540656869243e-05,5.6629173868319636e-12
511,0.008504992912258745,0.008504009017755483,0.7070556426693968,0.707055630835064,0.5059239032099689,0.012027180605379396,0.999927670847349,8.392141194772356e-09,7.05141002301021e-07
512,0.7071067740905422,0.7071067708347215,0.00012099460363381351,0.00010017618664142909,0.5000860217926628,0.9999999876625204,1.4680268724106032e-05,0.00015639517955714016,2.294156099385998e-09
513,0.0027768758892182535,0.002662323370918096,0.7071017692201513,0.7071013286370599,0.5019689028874551,8.07224291071145e-05,3.1484693874445403e-07,0.9999926004698558,0.0038461005349441158
514,0.7071067488479357,0.7071067487571101,0.00021415449773151744,0.00021385439451568014,0.500151641850064,0.9999999542020734,0.0003026479909694694,2.1098447973903624e-07,6.323526120578697e-11
515,0.7070004715428698,0.7069957329542473,0.012531304181474636,0.012261045557448905,0.5088263656109779,0.9998463047721186,0.01753083695171237,0.00019125486387932433,3.3006003983531824e-06
516,0.7071067146207732,0.7071067106978364,0.00032731738941348576,0.00031872998513712337,0.5002316558759194,2.8263353595516123e-09,0.0004568251300847787,6.023069067804288e-06,0.9999998956372635
517,0.7071067797723275,0.707106770355646,0.0001237627203372936,4.472149799239169e-05,0.5000874201813078,0.9999999913413917,0.00011928498262869047,5.55726213817889e-05,6.7367399889056485e-09
518,0.0008821080339302608,0.0007002807791494073,0.7071064344261275,0.7071062309762357,0.5006226062171817,0.0011187335631913865,0.9999993657459136,1.4130717117472926e-07,0.0001301651557042642
519,0.7071067792626392,0.7071067790542452,5.491384547360651e-05,5.2161449038661415e-05,0.5000388492905081,1.4657450311590546e-10,1.9419722006261083e-06,7.571377638504108e-05,0.9999999971318261
520,7.057308352698308e-06,3.579273625063614e-06,0.7071067811774894,0.7071067811513304,0.5000049812809717,7.523516800843956e-06,0.9999999999686928,1.87215236134157e-11,2.452242975747293e-06
521,0.06881452745808898,0.06728290140793758,0.7038984381131506,0.703750354039501,0.5462670420954424,0.0962352982565597,0.00010359813520690789,0.9953580065766702,0.0010933346337385615
522,6.042856421700441e-06,2.774349636863994e-06,0.7071067811811054,0.7071067811607271,0.5000042806391898,2.2914367589685093e-06,0.9999999999778942,1.4513775850160577e-11,6.241990645659567e-06
523,0.0003181967614770835,0.0003180489904847007,0.7071067096590442,0.707106709592563,0.5002255692793875,1.0401060318762221e-07,0.9999998987978257,4.698991574538035e-11,0.0004498936858243687
524,0.7071064801275428,0.7071064297633511,0.0007049732788817278,0.0006581885832720513,0.500499058703091,3.1869423870344616e-08,0.0009638997727101,3.311741620873378e-05,0.9999995349001211
525,0.7071067811845176,0.7071067811605157,6.067538481172884e-06,1.6945106939435235e-06,0.5000043066206995,1.6787895241037022e-11,3.039448700780555e-06,5.517983445764052e-06,0.9999999999801577
526,0.0013128745950780746,0.00021432765833299155,0.707106748704648,0.707105562388177,0.5009282789050853,0.0010913134190494865,8.465998330190578e-07,0.9999991152112295,0.0007606648855775606
527,7.556710491028936e-05,7.535181851872547e-05,0.7071067771716699,0.7071067771486956,0.5000536032390602,0.00010671579405703986,1.6187097557716653e-11,0.9999999943058606,1.5198743757111656e-07
528,0.0025874303350167747,0.0017965019319291027,0.7071044990528697,0.7071020472352364,0.5018318135386831,0.00310104330832339,0.9999950388787059,1.74595392937177e-06,0.0005529424290943359
529,0.0002386045065081198,0.0002380425227493521,0.7071067411188752,0.7071067409294639,0.5001683402419783,0.00033704034856737677,1.360293094748758e-10,0.9999999432018206,3.957277351877928e-07
530,3.450965972837802e-05,2.8998221933709497e-05,0.7071067805919428,0.7071067803444414,0.5000244528479361,4.4906674785763345e-05,1.7281010773685206e-10,0.9999999989840922,3.8992353588786176e-06
531,0.707106773920048,0.7071067674876632,0.00013918745036203538,0.00010137248519789433,0.500098200087155,4.503664375559643e-09,0.0001700679683632761,2.6952054286623393e-05,0.9999999851752351
532,0.01141336241430405,0.0033179598179760494,0.7070989967060173,0.7070146640335049,0.5080676348630783,0.010408581233199541,5.985319136496768e-05,0.9999293588642458,0.005738914153900408
533,4.126023065086763e-06,4.113664307947539e-06,0.7071067811745815,0.7071067811745094,0.5000029049607255,5.826338709828356e-06,5.07567106997386e-14,0.9999999999830267,8.809680194708456e-09
534,0.7071067837327781,0.7071067837238173,6.21477092278998e-05,6.204567088440054e-05,0.500043885751776,6.36526054799297e-12,7.241307248999107e-08,8.781798104100245e-05,0.9999999961439971
535,6.61804983874731e-06,4.248687459024729e-06,0.7071067811737848,0.7071067811555788,0.5000046764292808,1.672834491603418e-06,1.2956496116182616e-11,0.9999999999690773,7.68450086578948e-06
536,0.7071067766692634,0.7071067761506502,8.439095412915204e-05,7.992748817672305e-05,0.5000599505929866,0.9999999932448809,0.00011619145502237586,3.1276644404510267e-06,3.6969737048992625e-10
537,2.968670800499144e-05,7.382465415121235e-06,0.7071067811480074,0.7071067805633717,0.5000210885898602,1.551468659814438e-05,0.9999999995320964,4.079731071475389e-10,2.636467170363575e-05
538,1.6702937142870412e-06,8.093572532045724e-07,0.7071067811860832,0.7071067811845737,0.5000011840974745,6.052519662822213e-07,1.0848726943209185e-12,0.9999999999982762,1.7545968953410796e-06
539,0.00171453599004887,0.0017125888927943468,0.7071047072670944,0.7071047025485955,0.5012107624866857,0.0024233432390133288,0.9999970636984997,3.3139346588318973e-09,1.3866592289566677e-06
540,0.7071067811806973,0.7071067811617819,5.918243305208027e-06,2.8766819396144345e-06,0.5000041903685583,0.9999999999783515,6.224928242965981e-06,2.1333474098861594e-06,1.3261078084849488e-11
541,0.0001398695925714934,0.00012341394053163376,0.7071067704166026,0.707106767353061,0.5000986631229293,1.1694644057597177e-05,2.189683486088786e-09,0.999999982602747,0.00018616589092534464
542,0.7071067801653944,0.7071067767944359,7.881235602881196e-05,3.800174088651732e-05,0.5000558750204102,0.9999999961722439,8.26411216436343e-05,2.8739603106171358e-05,2.344401329883551e-09
543,0.7071067806431043,0.7071067801386088,3.849691353010472e-05,2.7722696166795635e-05,0.5000272542082688,0.9999999988747232,4.681778445654051e-05,7.658674342321907e-06,3.506886936718368e-10
544,0.7071067811679325,0.707106781132522,8.740793496855997e-06,5.130637017868601e-06,0.5000062105020743,2.464230152061772e-11,2.5214187318153196e-06,9.816687564685685e-06,0.9999999999486355
545,1.5653882668271604e-05,1.2167040185835998e-05,0.7071067810818696,0.7071067810132753,0.5000110616139704,1.967189450164632e-05,0.9999999998034598,4.839474267331579e-11,2.469306824163366e-06
546,1.8823267282304768e-05,5.436433664813082e-06,0.707106781165648,0.7071067809360075,0.5000133279056009,9.414535432526394e-06,1.6275578477201476e-10,0.9999999998080634,1.7182453979647473e-05
547,0.7071067769270883,0.7071067392316525,0.00025842553665728134,7.761303389335556e-05,0.5001828378515847,3.056653289862851e-08,0.00023807469978725406,0.00012699597768411363,0.9999999635962267
548,0.7071067559782085,0.707106754203065,0.00019534689529035284,0.00018881201654123855,0.5001382987669503,1.2526094278879126e-09,4.619412375021363e-06,0.00027164139618117585,0.9999999630948093
549,0.0004923789582601338,0.00039972021431117563,0.7071066682076714,0.7071066097576554,0.5003465903945747,0.0006307483030515074,0.9999997988933387,4.1309466799083556e-08,6.61049655014713e-05
550,0.0065426121531575445,0.006541638234682763,0.7070765212973565,0.7070765122857755,0.5045951129902424,6.935488480586953e-07,6.35414455612758e-09,0.9999571996821603,0.009251962134463766
551,0.0041335260792019655,0.0021808832609845623,0.7071034180006405,0.7070946994300968,0.5029162124195256,0.0013761721585367735,0.9999890787766451,6.145295438545773e-06,0.004466367633273562
552,0.02309693369457397,0.023058291669038417,0.7067307232574815,0.7067294614305453,0.5160640411855036,0.03263667255960437,8.941137590455297e-07,0.9994672815300922,2.746426418152435e-05
553,4.904740656743921e-05,1.1980715758412069e-05,0.7071067810850509,0.7071067794854972,0.5000346841733376,2.633232077791853e-05,0.999999998725407,1.1281205072448713e-09,4.307893363959168e-05
554,0.7071067808828999,0.7071067808673934,2.1245024156284172e-05,2.0722488888259197e-05,0.5000149524106644,1.1060100337337875e-11,2.9675532305203855e-05,3.679395710257961e-07,0.9999999995596129
555,3.7737259049249307e-06,2.6692436699884626e-06,0.7071067811815088,0.707106781176477,0.5000026765275877,4.5565016871410464e-06,0.9999999999893163,3.6222375844694634e-12,7.772781679397449e-07
556,0.7071067619412233,0.7071066940171573,0.0003511070001688691,0.00016497574812908699,0.5002469599406878,0.9999999247534341,0.00013284269415441888,0.00036448037210270984,4.872413443776383e-08
557,0.0002943271297030681,7.826670909264795e-05,0.7071067768550404,0.707106719930975,0.5002076120574316,0.00026283524354657234,4.0527440994704245e-08,0.9999999536229315,0.0001538563345481288
558,0.7071067811857138,0.7071067811577886,6.377334953573244e-06,1.0854159141773712e-06,0.5000045065834815,1.989975045400902e-11,3.7780281201510586e-06,5.251193420563027e-06,0.9999999999790751
559,0.7071067811747694,0.7071067811422921,7.911111056997719e-06,4.08115271445772e-06,0.5000056126153298,0.9999999999603786,2.698990225230509e-06,8.48274350661314e-06,2.2709665060184833e-11
560,0.7071067698082637,0.7071067625816161,0.00016220769690872023,0.0001534336809632199,0.5001145731361851,1.3884903826630648e-09,6.1824603684170755e-06,0.00022319276102541357,0.9999999750733751
561,0.7071067827916236,0.7071067773737545,7.34309463357636e-05,7.197680597960419e-05,0.5000516498334396,1.060645389468369e-10,0.00010281876114892568,1.0328768520749325e-06,0.9999999947136183
562,0.7071067811865465,0.7071067811850745,1.443332981402725e-06,4.0064759215545627e-08,0.5000010260498896,0.999999999998958,9.441761458649651e-07,1.0924040853619414e-06,1.0354765098285796e-12
563,0.7071067803821033,0.7071067803030275,3.5348044712467515e-05,3.372912820311427e-05,0.5000250915480094,0.9999999988064292,1.1414271373755931e-06,4.884501508267537e-05,5.684936666809095e-11
564,0.7071032530580197,0.7071025716079805,0.0024399232327350275,0.002235389297286932,0.5017094308888711,0.9999945248895477,0.0033058772111070178,0.00014617303837713078,4.878464332684831e-07
565,0.7070499615699946,0.7070499595768813,0.008964076211755878,0.0089639190016964,0.506314889461303,1.3979823876839833e-09,0.01267700698851308,1.1104953568337958e-07,0.9999196435183183
566,0.7071067807567721,0.7071067806409529,2.777741772464533e-05,2.465343092343185e-05,0.5000197249736834,0.9999999993103095,3.7074290391489126e-05,2.2076194675269335e-06,8.322158662352122e-11
567,0.00021543333200837008,8.940599025697117e-05,0.7071067755343393,0.7071067483686471,0.500152241002157,0.00021561560084654884,1.93253535792191e-08,0.9999999727975255,8.896552312913125e-05
568,3.404848843527634e-05,3.2271760791822366e-05,0.707106780450117,0.7071067803667964,0.5000240617662277,4.689589515107004e-05,5.974221665457325e-11,0.9999999988996136,1.2414214882933621e-06
569,0.7071067745706472,0.7071067793567588,0.00010019127673816139,9.672794477052091e-05,0.5000709990989487,3.4363039894441146e-10,0.00013924274935225918,2.4584521097060618e-06,0.9999999903027059
570,7.190998290428896e-05,6.134248593377053e-05,0.7071067785257752,0.7071067775300661,0.5000506188873272,7.553537558520559e-06,7.101726873923424e-10,0.9999999955330272,9.421725050213463e-05
571,2.9587705878472037e-05,1.923918500883473e-05,0.7071067809248139,0.7071067805675227,0.5000209195741226,3.4524966096989446e-05,0.99999999937721,2.5378125965718534e-10,7.321563696156006e-06
572,0.00010234367788759638,0.00010062077392512727,0.7071067740274175,0.7071067737801505,0.5000728450427028,1.218640909915988e-06,0.9999999897006173,1.7236178561820034e-10,0.00014351753712764283
573,0.00023269423857862745,0.00022578383252443127,0.7071067451394183,0.7071067428991138,0.5001651209140492,4.8668640091696405e-06,0.9999999474375267,1.5972832717370884e-09,0.00032419324558862606
574,0.7071067809901541,0.7071067804355934,3.258850431404155e-05,1.6665628898457658e-05,0.5000230106179592,3.8922940443100334e-10,3.477922967022194e-05,1.1408724010745721e-05,0.9999999993301244
575,0.7071067801736745,0.7071067838138502,6.11147533505865e-05,3.784730232505229e-05,0.5000432143128005,0.999999997416284,1.6616803237744044e-05,6.993792405086838e-05,1.153975673347256e-09
576,0.7071067737852105,0.7071067625917754,0.0001621634316759995,0.00013385683252101053,0.5001147506328039,0.9999999778926848,0.00020932981806030696,1.989114014663877e-05,4.200996402642296e-09
577,0.00025166534922770517,0.00021582603490924077,0.7071067482488929,0.7071067364016217,0.5001787028893648,2.52673060046353e-05,8.228659976766275e-09,0.9999999450418365,0.00033057206263357433
578,0.7070733068760413,0.707062325649501,0.007928912101893426,0.006880312738527982,0.5056030542834599,7.5726590899514514e-06,0.010471704923075021,0.0007414489217396284,0.9999448952778132
579,0.001915087176064562,0.001911071716572771,0.707104198689953,0.7071041878260366,0.501355188777569,0.0027055029004816574,7.639605970447728e-09,0.9999963401163424,2.828016472998343e-06
580,0.0003243773440166199,0.0002248399892610145,0.7071067454401679,0.7071067067843051,0.5002292483315904,7.063450500107395e-05,0.9999999221131627,2.7295862153810666e-08,0.00038830973200199335
581,1.2792307419013596e-05,4.714220080060973e-06,0.707106781170833,0.7071067810708345,0.5000090435737632,5.647767762027595e-06,7.111970191979565e-11,0.9999999999070669,1.2408453544741272e-05
582,0.005755919683590192,0.005753909897331159,0.7070833702760173,0.7070833539184712,0.5040657250465421,0.00813867854929136,0.999966880406289,1.1608458237732349e-08,1.407782369327604e-06
583,0.707106780742318,0.7071067807168878,2.5772057984062887e-05,2.506462070978427e-05,0.500018207288736,1.806152049373999e-11,5.001671652695077e-07,3.5946961163164167e-05,0.9999999993537829
584,1.014466114539463e-05,2.063427487351559e-06,0.7071067811835376,0.7071067811137771,0.5000071822807658,8.603026221211328e-06,0.9999999999464154,4.865163739870228e-11,5.758456615065169e-06
585,0.7071067384616474,0.7071067097515176,0.000329355377195424,0.0002605239204350957,0.5002332508797701,2.0366707924186395e-08,0.0004171435736147917,4.8362346906379825e-05,0.9999999118261589
586,0.7070759071510994,0.7070720380087235,0.007010029700596613,0.006607686921176935,0.5049594511552391,2.6903700929519736e-06,0.00028155533739778523,0.009629266298297199,0.9999535978983763
587,2.689823927626705e-05,1.4949426407100283e-06,0.7071067811849674,0.7071067806749451,0.5000189898627084,1.7970528006744368e-05,3.6535764567789485e-10,0.9999999996371253,2.0070133353347332e-05
588,0.7071067755955178,0.707106740244425,0.00025563935806912415,8.892079641417114e-05,0.5001805529453576,0.9999999633708024,0.0002434163751770898,0.00011835057128958289,2.8936151433573276e-08
589,0.707106376426239,0.7071062896935147,0.0008337121041463352,0.0007614905985281302,0.5005870311222563,5.820519107344065e-08,5.1271129379976985e-05,0.0011279694479634375,0.9999993625278946
590,0.7071067811226647,0.7071067811163919,9.960654416938584e-06,9.504930618522162e-06,0.5000070349470259,4.397607837959019e-12,3.2232470804972006e-07,1.3764245321091126e-05,0.9999999999052207
591,0.0019464627427835117,0.0013923121590688767,0.7071054104352958,0.7071041021538537,0.5013782433362447,0.000394963445743791,9.132035709923259e-07,0.999997136370321,0.0023603504472559877
592,3.942296207128406e-06,5.515908529834531e-07,0.7071067811863296,0.7071067811755551,0.5000027952363054,3.2209326687506125e-06,0.9999999999920733,7.603770390929257e-12,2.3391333004361024e-06
593,0.00010476204014627596,8.895003026201419e-05,0.7071067755918412,0.7071067734259893,0.5000740794310542,0.00013698307102796324,0.9999999905564021,1.5265697975301385e-09,1.1082923394626375e-05
594,0.7071067670733944,0.7071067653478739,0.00014966384834231672,0.00014127637126877304,0.5001053916851295,0.9999999788208603,0.0002057259558564533,5.925509805310643e-06,1.2211011193017536e-09
595,1.6620203980148958e-05,5.521336171395015e-06,0.7071067811649898,0.707106780991221,0.500011743917035,1.5647899960203132e-05,1.2556881246875488e-10,0.9999999998466399,7.865084887958249e-06
596,0.013709289573888131,0.013118423522484301,0.706985082561383,0.7069738717798701,0.5095880547047454,0.018969919656305127,7.928372298658895e-06,0.9998199649341311,0.0004240336888924118
597,1.3100837854634795e-05,5.420039528542705e-06,0.707106781165775,0.7071067810651854,0.5000092539396486,1.3078449630611717e-05,0.9999999998994957,7.248559988181027e-11,5.473841086837448e-06
598,0.7070036607423504,0.7069847057906339,0.013138996438678469,0.012076056740506071,0.5092608230911071,0.9998407550452294,0.017829727024612333,0.0007518031945505433,1.3294778296812628e-05
599,0.00248403585180467,0.002483297114502496,0.7071024206120637,0.7071024180173535,0.5017623679694762,5.165351345890236e-07,1.8538110772629858e-09,0.9999938313816883,0.003512434811195551
600,0.7071067796044472,0.7071067745919882,9.6571802563897e-05,4.7301433405654986e-05,0.5000683928723896,3.47973578726697e-09,0.00010170581566942258,3.492084924063781e-05,0.9999999942182288
601,0.020749904390277348,0.0031087776391759,0.7070999473211985,0.7068022647634048,0.5146754012697204,0.012666201008144274,0.99977984207628,0.00021060448477302574,0.016726935637002036
602,0.0001393229497270378,0.00011257053973791073,0.7071067722259997,0.7071067674609782,0.5000980136228721,0.0001781043404658768,0.9999999839584929,3.403854039143516e-09,1.9022477355547084e-05
603,0.7070506182706412,0.7070500516267408,0.00895681274877555,0.008912387619841184,0.5062887282428952,4.02212046744301e-07,3.141211501875391e-05,0.012635432758000682,0.9999201692395862
604,0.005531064581621127,0.005420908600750815,0.7070860016648536,0.7070851485674089,0.5038978640098338,7.798250443507604e-05,0.9999700100876037,6.182992757301847e-07,0.007744213565399731
605,0.7060971517916318,0.7060970891386391,0.03777433930513972,0.037773266627162766,0.5259821332255303,0.9985721203890936,0.053420224457136414,7.587606169537034e-07,4.057540080776475e-08
606,6.170969069372555e-05,4.195413141060421e-05,0.7071067799419514,0.7071067784938414,0.5000436299924962,7.330522734893123e-05,1.0310948859795923e-09,0.999999997215907,1.3949147330752216e-05
607,0.001988034048949418,0.00197163468065564,0.7071040324143858,0.7071039864974733,0.5014087818271109,0.002799908666756032,0.9999960801809691,3.2011381522925955e-08,1.1582381911545546e-05
608,5.464725368376643e-05,5.018224577747853e-06,0.7071067811687406,0.7071067790748986,0.5000386699154552,3.660074861801143e-05,1.456315611758984e-09,0.9999999984942475,4.0888752291924785e-05
609,0.7071067811718127,0.7071067811660451,5.38470849377867e-06,4.5649208684887355e-06,0.5000037960203617,4.037936957180447e-12,7.035809956937529e-06,5.752967481177493e-07,0.9999999999750836
610,0.002917063743723687,0.002916571970016118,0.7071007662334577,0.7071007642048722,0.502055070318387,0.00412500337208291,1.4575510146505148e-09,0.9999914921373371,3.486195306644741e-07
611,0.7071067811476579,0.7071067811367683,8.390376457076093e-06,7.416087033961571e-06,0.5000059388800419,7.651724385106915e-12,6.879590744285897e-07,1.1176917119611343e-05,0.9999999999373018
612,0.002949551090038964,0.002613470797234543,0.7071019514683755,0.707100629435698,0.5020740384569221,0.003933548893129324,9.399438825004958e-07,0.9999922349287829,0.0002393205927388463
613,0.7071067554653203,0.707106760481618,0.00019165534690148862,0.00019072311741791196,0.5001356193717383,1.7886447622457198e-10,0.0002703824160396292,6.546832130791113e-07,0.9999999634464597
614,0.7071067569763131,0.7071067090430914,0.00033087282965922485,0.00018503632628356917,0.5002342557790199,3.735864274451628e-08,0.0003649061116168418,0.00010275602734583957,0.9999999281423619
615,0.0020500736338371632,0.002040975872286774,0.7071038356687697,0.7071038093505744,0.5014455839521541,0.002892808787194952,1.8505843093942637e-08,0.9999958157990362,6.460351286285455e-06
616,0.7071067811834295,0.7071067811817074,2.6161774001138334e-06,2.0997579787353068e-06,0.5000018508007223,0.9999999999943731,3.6427723132264485e-07,3.3347668369571017e-06,1.2317691601245261e-12
617,1.1794556621999455e-05,6.3383716909566625e-06,0.7071067811581389,0.7071067810881801,0.500008303701882,1.2804161452195996e-05,0.999999999910356,4.955197548148832e-11,3.91662751718493e-06
618,0.695691280034773,0.6956901334300661,0.12655132653613568,0.12654502314819777,0.5812602287664379,0.983855232677918,0.1789661451540142,4.510640241542622e-06,8.028487857952017e-07
619,0.0016647389230024692,0.0001391719934751629,0.7071067674907081,0.7071048215394375,0.5011728644167273,0.001172697773094147,0.9999986046358056,1.3858023381686658e-06,0.0011897497460177453
620,0.7071067811032105,0.7071067829484962,7.04188038256372e-05,1.085612544231735e-05,0.5000498727641547,0.9999999974616676,5.711522058082233e-05,4.259712396226907e-05,2.3915044452745004e-09
621,0.707106773690086,0.7071067679292223,0.00016186188041058207,0.00010296405403619601,0.5001146807514139,7.954168472487624e-09,0.00018738358084820174,4.108842150927346e-05,0.9999999815995666
622,0.7071067635650342,0.7071067234705205,0.00029845161061373653,0.00017991987754766042,0.5002110660840154,2.7999079989617984e-08,0.00033847680564241367,8.293357737856426e-05,0.999999939277734
623,0.707106319377919,0.7071060744115018,0.000999765148660438,0.0008081434335846392,0.5007082551930198,1.7384029083317712e-07,0.0012785302166388468,0.00013411430521544844,0.9999991736865597
624,0.7071061505772179,0.707106135979183,0.0009552280288565956,0.0009482965995687623,0.500671634301739,6.58612266379381e-09,0.0013459950827664157,4.92595529467486e-06,0.999999094136074
625,0.0010584468269796605,0.0007540954006199658,0.7071063790831811,0.7071059890075285,0.5007478303414789,0.00021668436327793727,2.741370363368632e-07,0.9999991555148273,0.0012814122855234118
626,0.7071025332490666,0.7071023365375858,0.0025071224743712307,0.002451014640406013,0.5017753125777417,0.9999938534131805,3.969054966623145e-05,0.0035059321911938258,1.3921682748286892e-07
627,0.7071067692762183,0.7071067638599388,0.00015653605156277475,0.00012978351098451416,0.500110763596432,0.9999999793263631,1.8973664477101647e-05,0.00020245319266102367,3.851013101935314e-09
628,2.5849335017037806e-05,1.5210665504011542e-05,0.7071067810229478,0.7071067807140669,0.5000183295017732,7.527743491422563e-06,0.9999999995502235,2.1959161271090436e-10,2.903249097253649e-05
629,1.0072926813094156e-05,9.960053108617469e-06,0.7071067811164006,0.7071067811148016,0.5000070975374084,1.4165455715036227e-05,1.1383344202393625e-12,0.9999999998996668,7.984531470057683e-08
630,0.011735053421712837,0.01173453641164867,0.707009406341389,0.7070093977601635,0.5082420130589929,0.016595506122782003,6.025884342118198e-09,0.9998622851055002,3.680594363579653e-07
631,0.0002207434542926277,9.445232085108665e-05,0.7071067748782779,0.7071067467308793,0.500156349790538,8.870223180545561e-05,0.9999999711755433,1.993756060421229e-08,0.0002231161751194415
632,0.0011812585910961836,4.960381393171932e-05,0.7071067794466835,0.7071057945089547,0.5008360914231358,0.0008960899051567492,6.972871760601343e-07,0.9999993010833133,0.0007712686168069346
633,0.00023809345047767565,2.7645787702805974e-05,0.7071067806461143,0.7071067411017311,0.5001684861791952,0.00014972575691523515,0.9999999712736107,2.7682544122663967e-08,0.0001871763298449725
634,0.7071066405017241,0.7071066390020715,0.0004484185476706973,0.00044604749207121915,0.5003166143343525,1.0662766296904047e-09,0.0006324829699653074,1.6887219978542021e-06,0.9999997999812004
635,1.6570135146418467e-06,6.639320063495293e-07,0.7071067811862348,0.7071067811846051,0.500001179393996,1.6402172036104575e-06,1.1503974275793517e-12,0.9999999999984056,7.044054384666044e-07
636,0.01593407015402355,0.015918293477263538,0.706927583230963,0.7069272278023567,0.5111540602036152,1.1184228888988636e-05,2.4895636951450765e-07,0.9997463244948859,0.022523022306401495
637,0.7071067456593446,0.707106737967445,0.0002472266885471362,0.0002401949783202353,0.5001743540238889,0.9999999405926635,5.018386183295479e-06,0.00034465849610934644,1.7299245499663573e-09
638,0.7071067801094094,0.7071067542736971,0.0001950910433794247,9.47305746574141e-05,0.5001382265438404,0.9999999764827993,0.00020487997460910326,7.112378635850098e-05,1.4471116323174638e-08
639,3.0348740928310693e-06,8.860386930965273e-07,0.7071067811859927,0.707106781180035,0.5000021603090488,2.803292196510308e-06,4.142645113046393e-12,0.9999999999950029,1.4618748282507653e-06
640,0.7071067808563339,0.7071067808473904,2.190089986941028e-05,2.161021346195283e-05,0.5000154691453036,0.9999999995266836,3.076700036179401e-05,2.059847044572824e-07,6.3149354632787194e-12
641,0.7071013352841063,0.7071013227861096,0.002778365371029097,0.0027765247987291504,0.5019654090441876,0.9999922857682,0.003927900506139293,1.3064311300915782e-06,5.044436786817346e-09
642,3.448748446349441e-05,9.156878789935141e-06,0.7071067811272564,0.707106780345523,0.5000244048254555,3.085983805685979e-05,5.501342788935008e-10,0.9999999993633809,1.7913832273371304e-05
643,3.3103760569551856e-05,2.8565597100345527e-06,0.707106781180778,0.7071067804116586,0.5000233720025767,2.1586929232267555e-05,0.9999999994479913,5.503694295241425e-10,2.525912475486641e-05
644,0.7071045544159859,0.7071045489908792,0.0017767375735967626,0.0017766751890132603,0.5012545854445399,1.1034799412072358e-10,0.002512642260800535,4.387475689738775e-08,0.9999968433094517
645,0.014902024747451,0.014810348306714132,0.7069516628334862,0.7069497363026764,0.5104309754026277,0.021009822458094414,0.9997792672583402,1.353336850684984e-06,6.417802726750783e-05
646,0.0002706515096603004,0.00025305581387926874,0.7071067359053742,0.7071067293893885,0.5001919109382318,1.2414216056328949e-05,0.999999931355253,4.60783182680562e-09,0.00037031793348311616
647,0.7070495024312851,0.7070494988137543,0.009000345949937111,0.009000061759338956,0.5063231716577035,2.5257671420933097e-09,2.018602892461591e-07,0.012728210355337364,0.9999189930494917
648,0.0010845665684271017,0.0010751309110546116,0.7071059638367648,0.7071059494272092,0.5007653555108909,0.0015271369047116575,1.029103798879906e-08,0.9999988339037578,6.6326105386139106e-06
649,0.0006277447460884539,0.00010541194578100252,0.707106773329407,0.707106502541546,0.5004439984419703,0.0003663608306351273,0.9999997974123924,1.9288544178997015e-07,0.000520533270924723
650,0.7071053001644272,0.7071052571962443,0.0014680754180396256,0.0014472316245250658,0.5010346052947042,0.999997875135338,1.4708412626340223e-05,0.002061433595989863,3.0138451705946504e-08
651,0.0024164956376942067,0.0024164155108028005,0.707102652332873,0.7071026520590469,0.5017035081810023,0.00341738421687165,0.9999941607255123,1.9145933884643887e-10,5.658705268308316e-08
652,8.03431179805263e-06,1.6903754615458869e-06,0.7071067811845276,0.7071067811409042,0.500005683807682,4.506571275647064e-06,0.9999999999662972,3.0863602050540886e-11,6.862823807066371e-06
653,0.7071067811825213,0.7071067811804909,2.926926745364282e-06,2.3865224433330497e-06,0.50000207885233,0.9999999999928705,3.7570068583497737e-06,3.83782505559943e-07,1.4323162793531302e-12
654,0.002420016513660824,0.002418157642832539,0.7071026463771811,0.7071026400177501,0.5016900107199534,1.315559783822026e-06,4.6090224866797045e-09,0.9999941479997196,0.003421105754179922
655,0.7071058941804824,0.7071058914168454,0.0011217502350626518,0.0011200067954733374,0.5007928164285688,1.966827748237174e-09,1.2172592787780415e-06,0.0015851616100730605,0.9999987436298066
656,0.36823209790252603,0.3682291255176151,0.6036615865868395,0.6036597734438764,0.6874480174287239,0.5207567251612927,1.2726373130959875e-06,0.8537051207490988,2.1092764978481803e-06
657,0.7071067448539233,0.7071067199371142,0.00030670891185600687,0.00024255446784499364,0.500218484869862,0.9999999235484849,4.508429998285484e-05,0.0003884204324936059,1.7477095205016767e-08
658,0.01470661858214597,0.014694387178679129,0.7069540826570128,0.7069538283178604,0.5102686863902772,8.659927535397046e-06,1.7648790416848182e-07,0.9997838718236389,0.020789650460244745
659,1.2809381119085356e-05,1.199928833474574e-05,0.707106781084736,0.7071067810705252,0.5000090423290747,5.747859328036302e-07,9.944314218106109e-12,0.9999999998459683,1.7542314166773914e-05
660,0.05891241487930934,0.05891225468575417,0.7046483848330595,0.7046483714400302,0.5400763296004903,0.08331462284052185,9.425732696274442e-09,0.9965232930649071,1.123813205225521e-07
661,0.00040790442504969445,0.00014748410565905274,0.7071067658058707,0.7071066635338547,0.5002879585324026,0.00018582004407738883,0.9999999059312024,7.270357683668146e-08,0.0003919291933707539
662,0.7071067807350518,0.7071067807313396,2.537243485158805e-05,2.5268768025963244e-05,0.5000179677936156,2.648310759585168e-12,7.37573129380746e-08,3.580873703032279e-05,0.999999999358864
663,0.7071067737145169,0.7071067733317096,0.00010539648640932149,0.0001027961472183551,0.5000744670030234,2.657400449494691e-10,0.00014721431675292944,1.8472069012945437e-06,0.9999999891622675
664,0.0008239471371865812,0.0003904611946160964,0.7071066733810767,0.7071063011394484,0.5005820689213826,0.00030696922865707833,2.6402689164725225e-07,0.9999995843254614,0.0008585561845544361
665,0.7071067761826509,0.7071067680042754,0.0001365377213437794,0.00012052867018912126,0.5000967880383368,2.0682737496851336e-09,0.00018177926735709216,1.1225312754143655e-05,0.9999999834151467
666,0.7071067811684472,0.7071067811664237,5.334613157871355e-06,5.05929463963133e-06,0.5000037950177104,0.9999999999729716,1.9482701530684941e-07,7.349598780126923e-06,1.382863265029662e-12
667,0.7071067181204832,0.707106683097106,0.00037245054708128324,0.0002986450746766248,0.5002627173498577,2.5169613154490682e-08,5.233138050969496e-05,0.0004745205130062383,0.9999998860458493
668,8.731080208658137e-05,7.239775796531497e-06,0.7071067811494836,0.7071067757961466,0.5000615778886274,6.60633857658211e-05,3.826781816407483e-09,0.9999999961622029,5.7543197475831465e-05
669,0.7071055263125952,0.7071054554173014,0.001369276849606713,0.0013349564619557178,0.5009693354051008,0.9999981714844045,0.0019121846039158172,2.4039274812761643e-05,4.628564231280151e-08
670,0.7071067779815563,0.7071067775354675,7.18568554205281e-05,6.732416163384728e-05,0.5000509555104538,3.1211378825771733e-10,9.84155242458559e-05,3.214809176362558e-06,0.9999999951520256
671,0.7071067811327179,0.7071067810725812,1.2695396457788466e-05,8.72506905106411e-06,0.5000089417658464,0.9999999998813505,1.513818339991802e-05,2.8522490278219642e-06,4.2101939860259536e-11
672,8.568780965960817e-05,2.983087335047897e-05,0.7071067805573064,0.707106775994686,0.500060570127007,8.174669736607422e-05,3.2664260269063612e-09,0.999999995883859,3.936697967382921e-05
673,0.7071063726929349,0.7071062851745572,0.0008375360578476317,0.0007600638465081301,0.5005909076921836,0.9999993604179548,5.558723025243883e-05,0.0011296343473870421,6.07733537155907e-08
674,0.7071067811852426,0.7071067811698607,4.857900469505618e-06,1.3586560310486602e-06,0.5000034380369501,0.9999999999872782,2.489952529027423e-06,4.386944219558502e-06,1.0771582455581562e-11
675,1.4001010588412376e-05,7.988567192497997e-06,0.7071067811414216,0.7071067810479342,0.5000099472515326,4.245409142733763e-06,0.9999999998700769,6.647524470966299e-11,1.5550627141587683e-05
676,0.7071067810058309,0.7071067809907203,1.6641515335940464e-05,1.598657108896004e-05,0.5000117543137541,0.9999999997337435,4.617952597023493e-07,2.3071567631975755e-05,1.0687549601383918e-11
677,0.707106647191185,0.7071063847707684,0.0007537021894428032,0.0004353137269867214,0.5005297462217102,1.904660283439318e-07,0.0002274689065651642,0.0008401326846516531,0.9999996212173945
678,8.764952942244728e-06,5.704566411598857e-06,0.7071067811635361,0.7071067811322237,0.5000061796921661,1.0229896771713067e-05,0.9999999999453159,2.260293720304491e-11,2.171563967328842e-06
679,0.7071067719354701,0.7071067610889379,0.00016858917860050837,0.0001143809361277534,0.5001189695905006,0.9999999792473446,3.813161100446056e-05,0.00020012818375446232,7.696168876467406e-09
680,8.459731631822567e-05,1.1495203866111593e-05,0.7071067810931134,0.707106776125995,0.5000599025939606,5.1194144448548295e-05,0.9999999963555813,3.505874620427738e-09,6.832280156983152e-05
681,0.7071067811669816,0.7071067811165201,9.951555284988868e-06,5.260260867676154e-06,0.5000070423875318,0.9999999999366481,1.075787978733029e-05,3.312373690806242e-06,3.600994103798008e-11
682,9.182922852636145e-05,8.562536194928629e-06,0.7071067811347075,0.7071067752237967,0.500064877079816,6.129510715877987e-05,0.9999999957470422,4.164307780051035e-09,6.89117847412899e-05
683,0.7071067809535251,0.7071067758796422,8.663193672906106e-05,1.815319628632171e-05,0.5000613011906208,0.9999999960826796,4.8013070541230066e-05,7.43597744351113e-05,3.5772632729285548e-09
684,0.017067401461584975,0.01502869792648871,0.7069470547633888,0.7069007736644122,0.511938405841764,0.02269644888526878,3.3407508128371025e-05,0.9997413870246211,0.0014244865794175257
685,0.0007155918294544111,0.0007006486669160819,0.7071064340616948,0.7071064190971074,0.5005062028141414,1.0560820114257382e-05,1.0451498400223814e-08,0.9999994985097644,0.0010014333177559595
686,0.0008583624567003237,0.0007974305497724436,0.7071063315403985,0.7071062601999042,0.5006020943339317,4.330205809691503e-05,0.9999993136589708,4.997281281238073e-08,0.0011708144688837633
687,0.7070965504121403,0.7070905342246468,0.004793371453900903,0.003803734381247078,0.5033884691700913,0.9999812774130938,0.0060797800522929815,0.0006935990584577811,4.257050250583978e-06
688,0.00032755748786911817,0.0003010519810127053,0.7071067170998385,0.707106705318298,0.5002301267611483,1.8826429556135456e-05,0.9999999010369,8.429636712952246e-09,0.0004444904596062437
689,0.009954247047563628,0.009905260066146714,0.707037400582898,0.7070367126010612,0.5069534008301347,3.475504741202285e-05,0.9999013945327292,4.905195306942543e-07,0.014042791864462332
690,0.0009118889768608785,0.0008559931152148526,0.7071062630720975,0.707106193197665,0.5006451326931507,3.991845568986869e-05,0.9999992178668331,4.8480506815121594e-08,0.0012500688926259003
691,0.7071067102093064,0.7071066143098114,0.00048579760854326287,0.0003168232515109594,0.5003439529395617,6.705401257958267e-08,0.0005674342709534288,0.00011997765338545679,0.99999983181184
692,0.004168497202665725,0.0041397353024601544,0.7070946631050345,0.7070944941314902,0.5029410255585958,2.021718187045993e-05,1.1864127863783962e-07,0.9999827429624356,0.005874807960148491
693,5.741734388833632e-05,2.9813214574131094e-05,0.7071067805580505,0.7071067788553914,0.5000405965875685,6.170553080467808e-05,0.9999999979072095,1.1964873421453812e-09,1.9442392099419784e-05
694,0.7070989898144402,0.7070986562422572,0.0033897404677714683,0.003319428180116175,0.5023934865875737,0.9999887454647446,4.950288149436728e-05,0.004744100899698559,2.3337862826985783e-07
695,0.7071067792157673,0.7071067705116427,0.00012286819918300837,0.00010118144141720772,0.5000873388315717,0.9999999873328602,1.5266372951548217e-05,0.00015843363378602256,2.373560102177211e-09
696,0.7071067163537618,0.7071066638399669,0.0004073734283205569,0.0003027992714861197,0.5002886138124223,0.9999998711797349,7.376676859655273e-05,0.000502194158433759,3.698944866134489e-08
697,0.0032218151193365617,0.003221535832329498,0.7070994425870253,0.707099441314542,0.5022750701767901,0.004556137151408921,8.934100236482944e-10,0.9999896207532455,1.9929873827531122e-07
698,0.707106586077651,0.7071065912907782,0.0005253605570920679,0.000525286216925532,0.500371790808411,0.9999997240352999,0.0007429194585347147,5.2635648532934015e-08,3.971935651357166e-11
699,0.7071056310178838,0.707105448500471,0.0013728441105927622,0.00127537555434314,0.5009722279583879,0.9999982443565767,6.911322605220231e-05,0.001872566986409288,1.2935684864624417e-07
700,0.7071016916863345,0.7071016804264386,0.0026858030657261017,0.0026828369918989563,0.5019019564891083,7.900274809654415e-09,2.0828449496746313e-06,0.0037962017984720054,0.9999927943978245
701,0.4543326585859332,0.45431322076299896,0.5418482236198057,0.5418319253626775,0.7040257249400895,1.3833664697253433e-05,0.7662775819823596,1.1551340437470632e-05,0.6425096629829324
702,0.7071067788535292,0.7071067767474563,7.923270858313056e-05,5.744027320671135e-05,0.5000559414838001,1.4875023737109842e-09,1.5330852478049764e-05,9.665491222786978e-05,0.9999999952113956
703,0.0005199219249854717,0.0002615696048208248,0.7071067328072491,0.7071065900422598,0.5003679262826868,0.0005525558022732358,1.0022120702814838e-07,0.9999998306312483,0.00018281015185405244
704,0.0020396107460997092,0.0020389890930838836,0.7071038414005943,0.7071038396077362,0.5014362398144605,0.0028840056041529154,0.9999958412470925,1.283636316831574e-09,4.387881377133127e-07
705,1.0843970832029205e-05,3.9814729870101156e-06,0.707106781175339,0.7071067811033983,0.500007676870157,1.0478817941009108e-05,5.045843774427277e-11,0.9999999999332791,4.861913729322755e-06
706,1.0825693832619292e-05,1.940071926878625e-06,0.7071067811838864,0.7071067811036781,0.5000076668788239,9.039827820289327e-06,5.666091536939959e-11,0.9999999999395209,6.264266838074278e-06
707,0.00015523679789917927,0.00015488664537785998,0.7071067642231441,0.707106764146359,0.5001095573045932,2.470757431092691e-07,5.4573732645173194e-11,0.9999999759558298,0.0002192903903320316
708,0.17367116742857178,0.16871113022366258,0.6866851935080822,0.6854475367263054,0.6085574397605266,0.24210085763812084,0.9702443589677026,0.0008743447516062264,0.003506300588922767
709,2.6494523704651572e-05,2.3946915383846438e-05,0.707106780781054,0.7071067806901873,0.5000188450189769,3.5668230383269514e-05,0.9999999993622932,6.286351355243536e-11,1.7865844686034961e-06
710,0.7071041162807283,0.7071041032563751,0.0019479754998990744,0.001941323993661803,0.5013765212782997,0.9999962183191495,0.002750150039945072,4.706842273196576e-06,1.2736126689943748e-08
711,0.000283743353290066,0.00020294532932855821,0.7071067520630806,0.7071067242571779,0.5002014020390699,0.00034427128269072586,1.9719725653319995e-08,0.9999999391514559,5.634163369325847e-05
712,0.0006168277192378516,0.0005769746365235267,0.7071065457908441,0.707106512149022,0.5004354254292656,2.832973691699718e-05,2.3516148286816875e-08,0.9999996433118433,0.0008441407420672454
713,1.6866158562371035e-05,3.198424506267754e-06,0.7071067811793129,0.7071067809853978,0.500011929159374,1.4115386618994109e-05,1.3608728516842232e-10,0.9999999998526502,9.770009445730239e-06
714,0.7071067811770732,0.7071067810650064,1.3110380484940577e-05,3.660025671100526e-06,0.5000092868622185,7.92192858892722e-11,6.6882594518676815e-06,1.1855169753214345e-05,0.9999999999073582
715,3.1189670228517985e-05,2.6979320931606628e-05,0.7071067806718553,0.7071067804986764,0.5000220060394851,3.009575795448089e-06,1.2146192497301047e-10,0.9999999991496594,4.112932944293868e-05
716,0.7071067811851811,0.707106781177337,3.608957606735168e-06,1.3898042719784545e-06,0.5000025525137373,5.658582544222997e-12,1.549455468424942e-06,3.543348511364532e-06,0.9999999999925212
717,0.0016256750998348533,0.0016131684484520922,0.7071049410713756,0.7071049124284644,0.5011450846484825,8.8394122901938e-06,2.0410382551138863e-08,0.999997377430571,0.0022902082521235392
718,0.0008887807744439484,0.0001309109456582277,0.7071067690683817,0.7071062226205828,0.5006282823638408,0.0005296715183071692,0.9999995964653821,3.851295514381805e-07,0.0007256149188619485
719,0.7071067797181225,0.7071067711080244,0.00011938670039896007,4.557046045216538e-05,0.5000842392292922,0.9999999918350749,0.0001163214627607982,5.2907167748440925e-05,6.1468043610130314e-09
720,0.7071048082870446,0.7071047918696614,0.0016772939403898854,0.0016725871879323174,0.5011827912726942,7.966088955812708e-09,3.330157046971118e-06,0.002368723659221989,0.9999971945646327
721,8.521034773900024e-05,4.89406983319081e-05,0.7071067794928924,0.7071067760523857,0.5000603546268887,2.5547073341967598e-05,2.4035182365195e-09,0.9999999951720046,9.488594336927403e-05
722,0.7068852225377877,0.7068852080247181,0.017700358071134424,0.0176997784646507,0.5123380018216774,0.9996866584917732,4.122400214201377e-07,0.02503167659934397,1.01498665632157e-08
723,0.00017720531367636878,0.00017435078778455247,0.7071067596917757,0.7071067589821758,0.5001255931135631,2.0328672135791258e-06,4.971884564379287e-10,0.9999999691000395,0.0002485875858668857
724,0.7071066849159731,0.7071066505508476,0.0004384031711785741,0.0003689812226069782,0.5003102387646924,0.9999998358277447,4.873091985338512e-05,0.000570937632834107,2.8027423898090756e-08
725,4.770068551254449e-05,4.241521810588044e-05,0.7071067799144285,0.7071067795776301,0.5000336445966275,3.7806683859416788e-06,0.9999999979627998,2.411342249879941e-10,6.371901321123844e-05
726,3.1622627300838495e-05,1.8160575084496465e-05,0.7071067809533389,0.7071067804794472,0.5000223767301603,9.472426310719829e-06,3.3259703327090683e-10,0.9999999993351013,3.521463026350487e-05
727,0.6968990245403126,0.6968648311266157,0.1199141657136998,0.11971531622029206,0.5776389181647144,0.9855398699888099,0.00014070946267214605,0.16944363156337364,2.420292317044924e-05
728,0.7071067765146805,0.7071066498711857,0.0004309384639270203,8.1283632432522e-05,0.5003052107499175,0.9999999038425086,0.0002452668494552741,0.00036353701482997453,8.857355494187628e-08
729,8.893326487868812e-06,5.593818171393601e-06,0.7071067811644219,0.707106781130622,0.5000062934926243,1.024198916292207e-05,0.9999999999448097,2.3597439717257902e-11,2.3417333548219574e-06
730,0.0001642540503404454,0.0001332147493902138,0.7071067686381115,0.7071067621092363,0.5001163817887042,2.2023278023710607e-05,4.63104651183005e-09,0.9999999776372198,0.00021033434748853882
731,0.7071067811857495,0.7071067811856061,1.1536735540118816e-06,1.06206844903049e-06,0.5000008248469946,0.9999999999987702,6.475396034864041e-08,1.5667670485019793e-06,1.0069757960578054e-13
732,0.7070808006848638,0.7070807851589259,0.006063271314994508,0.006062074988088702,0.5042626706701323,7.226952394479534e-09,0.008573914595663673,8.406612522519793e-07,0.9999632433183755
733,4.165743910522282e-05,3.7006868573870736e-05,0.7071067802181584,0.7071067799594749,0.5000294298908489,5.562320381095793e-05,0.9999999984475744,1.8434192134567818e-10,3.3029914098776397e-06
734,0.7071067811481431,0.7071067810182493,1.5427466183363102e-05,7.3694744391926395e-06,0.5000109207461488,0.9999999998538394,5.739982872716456e-06,1.610492045834588e-05,9.156091683794333e-11
735,2.4768638923507384e-06,2.096986178853159e-06,0.7071067811834373,0.7071067811822086,0.5000017459192653,3.234029532902674e-06,0.9999999999947329,8.712803778541969e-13,2.7066354731537283e-07
736,0.0001285345454915596,0.00011625909369285935,0.7071067716291686,0.7071067695043461,0.5000913254425692,8.610243553403613e-06,0.9999999849813489,1.486697826552675e-09,0.00017309872831850582
737,0.7071067596205683,0.7071067541564271,0.00019551563350627543,0.00019480626481048458,0.5001367388452765,0.9999999619120784,5.037077880887616e-07,0.0002759992573055897,1.3981360416569358e-10
738,0.7071067748611433,0.7071067744406799,9.76734168163445e-05,9.458050146304111e-05,0.5000690299293,3.003657417920183e-10,0.0001359441436072844,2.1811530119961835e-06,0.9999999907572152
739,0.7071066648349088,0.7071066554478836,0.00042168863902043567,0.0004147247659606243,0.5002967909660083,2.905569451922403e-09,0.0005914332591617317,4.96384300053307e-06,0.9999998250910154
740,0.0005562435850303232,0.000521686727029342,0.7071065887424317,0.7071065624027779,0.5003936984667654,0.0007622161278980968,0.9999997092179739,1.8775434215022917e-08,2.4301057960631845e-05
741,0.0013940209703883542,0.0013752982489725755,0.7071054437315029,0.7071054070685171,0.5009838721825663,1.3256384685078911e-05,2.6063091807556923e-08,0.999998082628291,0.0019582042814207624
742,0.7064442130964471,0.7064441603226509,0.030604832782109848,0.030603492979380767,0.5212190457759369,4.0661882988564985e-08,9.450587847331692e-07,0.0432808222110761,0.9990629461789852
743,0.7070512856917096,0.7070512284882947,0.008863424461918725,0.00885928054049016,0.5062423357921297,0.9999214733443369,2.911740530456103e-06,0.012531844892473495,3.680736785899548e-08
744,0.0003074212114529076,0.00023365582353926693,0.7071067425820228,0.7071067143594397,0.5002170527485503,5.235369918599291e-05,1.9949484409088363e-08,0.9999999254485779,0.0003825727811473905
745,0.17616692557645247,0.17540713642454236,0.6850053550822646,0.684810349171928,0.6090866945725981,0.2486003937236625,0.00013554836509221168,0.9686059737844891,0.0005416790169177394
746,0.00033811596148910974,0.0003375206635060452,0.7071067006327976,0.7071067003483955,0.5002381989914412,0.0004777472382495032,0.9999998858786919,2.0317764353010297e-10,4.219623664252465e-07
747,0.0002454933041323804,0.00015983563862060347,0.7071067631217861,0.7071067385713692,0.5001736567645952,0.0002866020554821487,1.7231205192894654e-08,0.9999999570928033,6.061068833544927e-05
748,4.5149567660010656e-05,2.7053033521049817e-05,0.7071067806690386,0.707106779745121,0.500031874339201,1.2900252688015696e-05,6.442852549888082e-10,0.9999999986148238,5.1028752318298655e-05
749,2.3593520730418108e-05,3.1040339563321366e-06,0.7071067811797361,0.7071067807929352,0.5000166607256692,1.916300726353395e-05,0.9999999997168579,2.778144839158919e-10,1.4109160140719834e-05
750,0.7071067811541492,0.7071067810856666,1.1944300022746785e-05,6.768849200182049e-06,0.5000084414987163,4.808921332145245e-11,3.6885046707952667e-06,1.322416560020766e-05,0.9999999999057575
751,0.0012641935451838573,0.001039912984035852,0.7071060165074164,0.7071056510979681,0.5009012771102958,0.0016293666836099314,0.999998660196905,2.5186874630517464e-07,0.0001573802541389931
752,0.7071067811229419,0.7071067808286715,2.2496928263700538e-05,9.48423285140853e-06,0.500015913934049,2.108443592301803e-10,2.2655692675552298e-05,9.098463797408387e-06,0.9999999997019676
753,0.00024109447538582846,0.00024099265568366205,0.7071067401195763,0.7071067400848672,0.500171716602998,0.0003408870796569676,2.4555021859700703e-11,0.9999999418979895,7.12599200125163e-08
754,0.004157492179429949,0.003826971834555639,0.7070964250275903,0.707094558923187,0.5029474699397142,0.0056458854937425215,0.9999840346444929,1.3026921752751918e-06,0.00023330540776425124
755,0.00026536405345029847,0.00025812355595168694,0.7071067340735976,0.707106731393443,0.5001876273788608,0.00037016172119752865,1.8633767395200208e-09,0.999999931477072,5.113820567800578e-06
756,0.0002121656526450382,0.00021146196340479458,0.707106749567453,0.707106749356663,0.5001496510298356,0.0002995499618163088,0.9999999551347969,1.4842013205624046e-10,4.96492853572452e-07
757,0.7071051286444084,0.7071013847691912,0.0027625454716768342,0.001528739600214861,0.5019554005353519,2.6354124739242074e-06,0.003034307654946242,0.0008727424038523148,0.9999950156329721
758,0.0009890566218075823,0.0009804402999967774,0.7071061014705036,0.7071060894710176,0.5007030027597501,6.037453750185904e-06,0.9999990302514344,8.395225186440444e-09,0.0013926448693588086
759,2.2158134576219747e-07,9.650042980407012e-08,0.7071067811865408,0.7071067811865127,0.500000156406691,8.866323171890695e-08,1.9739145647585913e-14,0.9999999999999709,2.248320641797255e-07
760,0.0002900060456432272,0.0,0.7071067812582852,0.7071067217163911,0.5002049171109022,0.00021303691571745962,0.9999999579989756,4.257834701219991e-08,0.00019651293859761102
761,0.7071050988685631,0.7071046741337794,0.001728371693942882,0.0015424506708835682,0.5012190193887194,0.9999973167849543,0.00013241339166902315,0.0023127666285725555,3.045643255438132e-07
762,2.8713336123493955e-05,9.25155368260438e-06,0.7071067811260227,0.7071067806035665,0.5000203207492732,1.3867522468914247e-05,0.9999999995449728,3.653865001173569e-10,2.6790646454630626e-05
763,0.0006698993380523745,0.0006036227381082254,0.7071065235447775,0.7071064638616082,0.5004737240456032,4.693077144874678e-05,0.9999995934371412,4.2160922632676024e-08,0.0009005126516465534
764,0.0005210785777835512,0.0004944863844741934,0.7071066082870511,0.7071065891908537,0.5003687415370798,0.0007181144753705089,0.9999997419801367,1.3456884397024503e-08,1.8742026487412386e-05
765,0.00012021484315615541,7.836516911760489e-05,0.7071067768441336,0.7071067709677166,0.5000845640541597,2.965615555656073e-05,4.182601017525755e-09,0.9999999897036452,0.00014040377653334478
766,0.004398560803500543,0.004398537941138267,0.7070931005631312,0.7070931004209133,0.503091017237606,0.006220488177101573,0.9999806525762599,1.0099000178994334e-10,1.624141238840059e-08
767,0.7071067809677564,0.70710678081742,2.2848112826076805e-05,1.7590584034880936e-05,0.5000162170413585,0.9999999995842789,3.6933752623668812e-06,2.859762027813993e-05,1.0599122108883457e-10
768,4.956059069397956e-05,4.866416337150002e-05,0.7071067795119781,0.7071067794497163,0.5000352270840863,6.945534933159867e-05,0.9999999975877757,4.296299674358548e-11,6.382756534717028e-07
769,0.7071067811864589,0.7071067811858688,9.792342737269762e-07,3.527628155498582e-07,0.5000006959503033,4.196374436793828e-13,4.444166562798871e-07,9.411881865478694e-07,0.9999999999994575
770,0.7071067809241847,0.7071067808989017,2.0169101495935482e-05,1.926232339424672e-05,0.500014292737187,0.9999999996110853,2.7882290777493807e-05,6.38450230774186e-07,1.7700859238438675e-11
771,0.7071067811793955,0.7071067811788385,3.301783987400284e-06,3.1802929786088058e-06,0.5000023330448242,0.9999999999894919,4.583515082152238e-06,8.61998893523936e-08,3.9331038751772914e-13
772,0.7071055760446258,0.7071055460012752,0.0013216710035130167,0.00130549860241663,0.5009333540660573,0.999998274428093,0.0018576892735898518,1.1463211944692565e-05,2.1232105647809307e-08
773,0.7071067807671032,0.7071067799520208,4.178375529850978e-05,2.435532205187531e-05,0.5000296088569381,5.768341356820868e-10,4.676973546625979e-05,1.2314859459709225e-05,0.999999998830466
774,3.750493913319867e-05,3.701839068608317e-05,0.7071067802175561,0.707106780191917,0.5000265197904237,5.269595420065938e-05,1.821797599349657e-11,0.9999999986115098,3.4368481845516737e-07
775,0.706219443513667,0.704734243734834,0.0578761238025281,0.03541324049223097,0.5402460907860095,0.001063871465774798,0.06593057126977518,0.01602819642402866,0.9976949057035255
776,0.7070845907733946,0.7070843025691281,0.005638178813400355,0.005601918494890548,0.503978039501154,2.019379042288313e-07,2.554426981861894e-05,0.00794794933586978,0.9999684142255739
777,0.7071066984497849,0.7071066692159707,0.00039793251119104846,0.0003420634918581666,0.5002809899516752,0.9999998623211201,0.0005232612385558769,3.9438460289237813e-05,2.057954788109439e-08
778,0.7071067811862269,0.7071067811702382,4.802606413164654e-06,6.735384332114911e-07,0.500003397399159,0.9999999999882411,3.836847846734338e-06,2.966021069006984e-06,1.1188260687379952e-11
779,0.7071067811845565,0.707106781182452,2.4067791395042156e-06,1.6781800577108864e-06,0.5000017065022989,0.9999999999956963,2.8881787648496975e-06,5.170082733597663e-07,1.4809261430935627e-12
780,0.7069545125599132,0.706954069092827,0.014695039744556519,0.014673689760089351,0.510296942601583,0.9997843460645056,0.02076682775477925,1.5141756080377729e-05,3.150397774238982e-07
781,0.7071067808683481,0.7071067801229752,3.8782946500206915e-05,2.121321686890383e-05,0.5000273891460822,0.99999999902294,1.2590623778968421e-05,4.237444633292019e-05,5.261250924295565e-10
782,0.70710678117952,0.7071067811794569,3.1664570481002706e-06,3.152330023184151e-06,0.5000022488887106,4.4216896973015356e-14,4.468057276337791e-06,9.949266153625754e-09,0.9999999999900172
783,0.706927510212176,0.7069137880627753,0.01651957162678856,0.01592153589352169,0.5115143183068279,9.681732259225657e-06,0.02293928822817327,0.0004249794419599036,0.9997367695320168
784,0.0058161130698763976,0.005730569850937595,0.7070835598210365,0.7070828613598016,0.504081714638467,6.013051003344977e-05,0.9999666661432843,4.894061768169556e-07,0.008164740435545097
785,7.958030466957872e-06,7.070084087178626e-06,0.7071067811512025,0.7071067811417667,0.5000056360681939,6.28819258279023e-07,6.669270265642224e-12,0.9999999999433427,1.0626425751550878e-05
786,0.00020132108796122315,0.00014700085692680647,0.7071067659065023,0.7071067525273849,0.5001424597727155,3.862471231959828e-05,0.9999999689302884,9.458646997251319e-09,0.00024626726054265407
787,4.6773877886950717e-05,3.313899402502492e-05,0.7071067804100071,0.7071067796395417,0.5000331344684619,5.6515728939339916e-05,5.46513341076542e-10,0.9999999983570049,9.589627731516646e-06
788,0.7070921725132607,0.707092093000186,0.004557632786358977,0.0045452800217718045,0.5032136818784473,5.565206905332946e-08,8.749515600383757e-06,0.0064367313550892395,0.9999792839918755
789,0.0001586627668276651,0.00015828155596720177,0.7071067634713667,0.7071067633859325,0.500112071355617,2.686707864977809e-07,6.054130208903397e-11,0.9999999748865401,0.0002241134800601396
790,7.5122305918990394e-06,7.154380190422445e-06,0.7071067811503537,0.7071067811466425,0.5000052853535808,1.037076372516062e-05,2.582792677832806e-12,0.9999999999461902,2.5695161386060227e-07
791,0.004377462634112044,0.004377206657023244,0.7070932329345867,0.7070932313499338,0.5030782601185776,1.7978236641450078e-07,1.1417839880392885e-09,0.999980838757812,0.006190486022842961
792,0.7071007114610862,0.7071006990306716,0.002932819520444256,0.0029298210234786053,0.5020724281158285,8.93820839078082e-09,0.004145512880213077,2.1281690683828435e-06,0.9999914073223025
793,2.754378392217694e-05,2.5755831276431862e-05,0.7071067807174791,0.7071067806500939,0.5000195579811952,3.768841666162037e-05,0.9999999992889888,4.736702300835634e-11,1.2673306718040895e-06
794,1.727755234609715e-05,1.608483550786034e-05,0.7071067810036034,0.7071067809754662,0.500012259425422,2.3590847138962768e-05,0.9999999997213821,1.9459228089865393e-11,8.412369779938724e-07
795,4.6035244270836965e-05,4.512688351152674e-05,0.7071067797465691,0.7071067796880148,0.5000327258880679,6.36544848628649e-07,0.9999999979221591,4.0821775644319644e-11,6.446141591056015e-05
796,0.7071067811819087,0.7071067811736903,4.264079209852512e-06,2.5611972355513756e-06,0.5000030103494785,0.9999999999876287,4.826249929860032e-06,1.2039162769140061e-06,5.835388481245733e-12
797,0.7070645406020419,0.7070645247679719,0.007730317886225091,0.007729351417739345,0.5054540807039318,0.9999402478708412,0.010931637000054426,6.782638760294868e-07,7.417350177154147e-09
798,8.000597652321746e-06,7.023355010756013e-06,0.7071067811516673,0.7071067811412854,0.5000056648064707,6.887939205641432e-07,0.999999999943331,7.132189075809225e-12,1.0623683040096864e-05
799,0.7071067347785669,0.7071067346944855,0.0002564170470435523,0.00025618507559048935,0.5001803342221833,5.907839455016203e-11,0.00036246443671006726,1.6459129308424116e-07,0.9999999343097501
800,0.7071067811011333,0.7071067808856083,2.0629985814259114e-05,1.0990808927711362e-05,0.5000145920938464,1.5191290024203366e-10,2.2349579331186534e-05,6.8476637841669735e-06,0.9999999997268071
801,0.00010949131540164702,4.043167018939967e-05,0.7071067800306203,0.7071067727094996,0.5000775380748231,0.00010628270961185891,5.258923012766658e-09,0.9999999931884582,4.823954306461733e-05
802,0.7071067829200377,0.7071067756575407,8.842622914552895e-05,7.070400783345183e-05,0.5000623898583009,0.9999999935908743,1.259999143505625e-05,0.00011251442103324767,1.4038024396168565e-09
803,0.7071067808843425,0.7071067808680022,2.1224735225544778e-05,2.0673186356344253e-05,0.5000149919203722,0.9999999995610634,3.922235980520587e-07,2.962627516526084e-05,1.1580262616898765e-11
804,0.00020212081323723978,7.656801339831546e-05,0.7071067770410198,0.707106752299238,0.5001430269919473,8.869103577872958e-05,1.7308457263812705e-08,0.999999976642257,0.00019710247079106824
805,0.7071067808411216,0.7071067620528475,0.00016449661942864963,2.210217434324002e-05,0.500116536685143,1.3279583400793255e-08,9.806497279063818e-05,0.0001339063292967303,0.9999999862261781
806,2.1324201056576635e-05,2.076594413530699e-05,0.7071067808816259,0.7071067808650109,0.5000150712212528,3.91719692239865e-07,0.9999999995570273,1.1748561517654309e-11,2.9762266972759394e-05
807,0.7071061255898582,0.7071061200185312,0.0009669707022992277,0.0009667491267727753,0.5006845729220152,2.1407028730389446e-10,1.5470593765074065e-07,0.0013673464042762021,0.9999990651814573
808,4.1837164979925e-06,1.3273535154909035e-06,0.7071067811852999,0.7071067811741689,0.5000029624472577,3.886888587256192e-06,7.839888419323263e-12,0.9999999999903649,2.038982148258846e-06
809,0.7071063299809995,0.7071058584159027,0.0011423633008991478,0.0007988121203769565,0.5008082966522476,0.9999990284521159,0.0013726906678683754,0.000242518133856833,3.373516886440562e-07
810,4.908573189231249e-06,2.024270290147004e-06,0.7071067811836493,0.7071067811695098,0.5000034732327513,4.899604727681111e-06,1.0031756030524597e-11,0.9999999999859033,2.045882321663833e-06
811,0.7071067810141284,0.7071067807062378,2.6062490155928658e-05,1.561506991512805e-05,0.5000184348265536,2.1654110006095147e-10,2.9469249253893152e-05,7.392371067129508e-06,0.9999999995384512
812,0.05030669848878469,0.05029251024616116,0.7053160025216648,0.7053149906865441,0.5346129816988959,9.921098429680172e-06,0.997466741049446,7.063051007155463e-07,0.07113438269412004
813,0.00016142654003080325,8.680640959488448e-05,0.707106775858247,0.7071067627603841,0.5001140792942186,5.265684175754329e-05,9.309624014308712e-09,0.9999999832030577,0.00017555949871537124
814,0.7071051993649736,0.707105154556288,0.0015191611143016378,0.0014956707593778075,0.5010727112826299,3.587394627883466e-08,1.664148240880142e-05,0.002131807817962778,0.9999977275566613
815,8.63859078115269e-05,8.365946603900743e-05,0.7071067762375737,0.7071067759097456,0.5000613933256636,1.913967606175662e-06,0.9999999927692849,2.3159557181059062e-10,0.00012024045930699026
816,4.5397544951215256e-05,4.333232176700757e-05,0.7071067798588174,0.7071067797292423,0.5000320317679348,1.4562102937901023e-06,9.17626758808769e-11,0.9999999980306828,6.274158627973434e-05
817,0.7071030877383122,0.7070987581538519,0.0033684146544432727,0.0022854563982972775,0.5023738369429653,3.0834425682370754e-06,0.003996934528795261,0.0007707415943819121,0.9999917151968148
818,1.4458473651032273e-05,3.984654474437291e-06,0.7071067811753213,0.7071067810387296,0.5000102517959782,1.305300704950828e-05,9.58498482963079e-11,0.999999999887539,7.385386825599244e-06
819,0.7071067811865459,0.7071067811864993,2.602600856046892e-07,4.202990365927126e-08,0.5000001894633508,3.31975589826961e-14,2.1482539666999004e-07,1.5281319938457298e-07,0.9999999999999649
820,0.001893339079605591,0.0017133289025362338,0.7071047054744548,0.7071042463931175,0.5013427425389748,0.00012894641486984953,3.206888429729986e-07,0.9999967398802817,0.002550215974334747
821,0.00015566694144090762,0.0001530586959819092,0.707106764621182,0.7071067640517968,0.5001099698315099,1.8483862793263021e-06,0.9999999761704195,4.1036653287859794e-10,0.00021830195725511004
822,1.0792555888231072e-05,4.378945415177174e-06,0.707106781172989,0.7071067811041846,0.5000076354841675,4.534162260349048e-06,4.901507174751359e-11,0.9999999999321734,1.0728270976560895e-05
823,0.7071066389787227,0.7071065891203975,0.0005211741725704009,0.00044845536575230827,0.5003659651918703,0.9999997636326058,5.137522521874722e-05,0.0006856349753769871,3.595631521897233e-08
824,0.7071067802599248,0.7071067802425834,3.653718895731913e-05,3.620002538506691e-05,0.5000257542973119,1.2213114403234776e-11,2.405582336367806e-07,5.143296750644048e-05,0.9999999986772955
825,0.0006628405345528926,0.0006540907654615446,0.707106478661643,0.7071064705137579,0.5004694294832539,0.0009312112549380305,0.9999995664037524,5.707362644130017e-09,6.15649130369179e-06
826,0.00026641694659781625,0.0001972099080493753,0.7071067536859256,0.7071067309975253,0.500187942548171,0.0003278157194767684,1.5948065634856103e-08,0.9999999450651259,4.9057021223016266e-05
827,0.707106771693749,0.7071067639958738,0.00015592073832329664,0.00014448327815904576,0.5001100147367702,1.7406130203671045e-09,0.00021241781604665642,8.084907719633788e-06,0.9999999774066458
828,0.00015801599827512178,0.00010679362535970825,0.7071067731220808,0.7071067635307592,0.5001117753908879,0.00018725604231712283,6.799256065931736e-09,0.9999999818130335,3.618160219772385e-05
829,0.0009028995704153657,0.0006122828272636782,0.7071065160990535,0.7071062047333253,0.5006395058666628,0.0010716679015392598,2.1825254342368284e-07,0.9999994049408535,0.00020407303503573157
830,0.0005285800128520822,0.0005282743242177483,0.7071065838515692,0.7071065836231253,0.5003744309822346,2.1570361670045897e-07,0.9999997207646634,1.6128126246808623e-10,0.0007473088685987715
831,0.008301703202966417,0.008301549334430443,0.7070580487333761,0.7070580469267931,0.505834706884955,0.011740272458941327,1.2876265990864367e-09,0.9999310806263504,1.0931241959885694e-07
832,4.785291116544663e-05,3.9081030944733586e-05,0.7071067801065624,0.7071067795673409,0.500033873746209,6.217147034226447e-06,0.9999999980913834,3.8758217542089177e-10,6.147011606842923e-05
833,0.00022751862152862334,3.998004284329288e-05,0.7071067800563052,0.7071067445833596,0.500160222296053,0.00013470800356616853,2.5495597109576397e-08,0.9999999733184358,0.0001876616123325536
834,6.210564692970953e-05,3.690027393949672e-05,0.7071067802237284,0.7071067784591568,0.5000439866472564,7.001588087645293e-05,0.9999999973906278,1.2545077920905196e-09,1.7790953388224993e-05
835,0.7071066392003452,0.707106321063702,0.0008066670673087978,0.0004481057837682428,0.5005705467823013,0.9999995742446088,0.00025240459827579194,0.0008875823734709722,2.2805948226837598e-07
836,0.015067751727007844,0.009964458351029371,0.7070365687641385,0.7069462234554259,0.5105736245174439,0.0036255647228949864,0.9998368208289213,6.43612545556768e-05,0.01769697298342986
837,4.0500977609597806e-06,7.608640901019822e-07,0.7071067811861377,0.7071067811749481,0.5000028598818942,3.386542346403819e-06,8.073130635711008e-12,0.9999999999915083,2.3480921985628816e-06
838,0.0008849083136566738,0.0008830624422282521,0.707106229784975,0.707106227477368,0.5006260305329506,1.298469641819838e-06,0.9999992185686933,1.6372680257652275e-09,0.0012501441174638279
839,0.7070594160128201,0.7070591637534087,0.008206031460459534,0.008184267078325076,0.5057672044795873,1.7979619732160563e-07,1.5440429469343106e-05,0.011589691175029004,0.9999328371545901
840,0.7070929359688973,0.7070909529156696,0.00473120542874389,0.004424918404166973,0.5033293210965434,0.9999790176750232,0.0002160063959540535,0.006474376335170686,1.41450222056683e-06
841,7.560317877772235e-06,1.1478498680959973e-06,0.7071067811856162,0.7071067811461307,0.500005345606754,6.060606810831988e-06,2.773533724104866e-11,0.9999999999707626,4.663154507159159e-06
842,0.004585492253205326,0.004573976249883345,0.7070919874678719,0.7070919128803521,0.503233426154059,8.141924248509222e-06,0.9999790257810702,5.3311255408813906e-08,0.006476722292006391
843,0.7071067811856302,0.7071067811854963,1.2187621183104987e-06,1.1384565101068852e-06,0.5000008645349463,9.345287851060313e-14,1.6668031426059075e-06,5.684725351778011e-08,0.9999999999986082
844,0.7071067811322145,0.7071067811048497,1.0748917100294023e-05,8.765816303356655e-06,0.5000076050639732,0.9999999999038118,1.3799360869216497e-05,1.3987115121865606e-06,1.9495658600636265e-11
845,0.0001321058678732456,1.6385009532377268e-05,0.7071067809967115,0.7071067688461479,0.5000935859463062,8.173243477462658e-05,8.43885795093454e-09,0.9999999911397857,0.00010507253670551091
846,0.7071067435199465,0.7071067417900997,0.00023604022547625702,0.00023079994652022546,0.5001669859165516,0.9999999455081958,0.0003301060465105182,3.6880094653926705e-06,1.2302154290337439e-09
847,6.821941232698491e-05,5.064770670952996e-05,0.7071067793726842,0.7071067778957516,0.5000481655088842,8.404179995416192e-05,0.999999996390461,1.0509508756066357e-09,1.249216664852655e-05
848,0.001430672116916998,0.001430252411954047,0.7071053347119073,0.7071053338628512,0.5010111948863281,2.9558637223768304e-07,5.998317808550519e-10,0.9999979537755731,0.0020229791350018494
849,0.00018970391052767365,0.00014070890605595823,0.707106767186524,0.7071067557394708,0.5001341183583531,3.4721715403132786e-05,0.9999999721066881,8.144564280568103e-09,0.00023362571004155336
850,0.707106781186113,0.7071067811850485,1.4606640818753523e-06,7.925064054549523e-07,0.5000010411945611,7.50446986877105e-13,4.728763160870438e-07,1.5931082676490768e-06,0.999999999998633
851,0.7071067804685168,0.7071067804190196,3.294608804565655e-05,3.186605017440172e-05,0.5000232990945263,0.9999999989495517,7.612690308782378e-07,4.582914291902335e-05,3.4837673261124725e-11
852,0.0004956346175603356,0.00048261453186543556,0.7071066164894886,0.7071066074831468,0.5003513690374493,9.146429490297334e-06,0.9999997607147405,6.333029922067598e-09,0.0006917274053552113
853,2.7900533675702985e-05,2.0156666944268765e-05,0.7071067808992575,0.7071067806361088,0.5000198394902913,3.399178693299896e-05,0.9999999994076365,1.8371356472857494e-10,5.411969152269938e-06
854,0.0016328063033549487,0.0016318031427882372,0.7071048983131865,0.707104895997457,0.5011487276333088,7.143780560766738e-07,0.9999973355774887,1.6330821202100024e-09,0.0023084274757404046
855,0.7071067708366205,0.7071067378998286,0.0002474200120800222,0.00012098349558783134,0.5001751687408693,0.9999999620731641,0.0002605618849758815,8.922540378246908e-05,2.3229873112202874e-08
856,0.7070940794541285,0.7070939794484139,0.004254906320678827,0.004238254465020876,0.5030017259016639,0.9999819663230288,1.1695881551778552e-05,0.006005571739174945,6.9203656613399e-08
857,0.0006683105366416403,0.0006528502097274501,0.7071064798080984,0.707106465365033,0.5004754779128432,0.0009342026352418505,1.0243396371690075e-08,0.9999995635737206,1.0853532044526912e-05
858,0.7071067780894958,0.7071067664964645,0.00014413503453471717,6.618070984855299e-05,0.5001019549543018,0.9999999874225967,5.5141446817059154e-05,0.0001487084912817823,8.287494075702294e-09
859,6.046326881198788e-05,5.59281433867349e-05,0.707106778974746,0.7071067786015001,0.500042711682788,8.230129487412499e-05,2.6185412695616293e-10,0.9999999966081158,3.203273350842387e-06
860,0.7071067807491835,0.7071067807166542,2.577845304385309e-05,2.4870166719665438e-05,0.5000182187966566,0.9999999993584724,6.414325168027985e-07,3.581399724024786e-05,2.2912391991061376e-11
861,0.707106186289255,0.7071047585577857,0.0016912790779381735,0.0009172303141059913,0.5011913882428145,0.9999981491295779,0.0005523692958640979,0.0018429933612395285,1.0089007178478285e-06
862,0.0001482212302021857,7.731283162413357e-05,0.7071067769599761,0.7071067656517411,0.5001047245810724,5.073621516589939e-05,0.999999986026596,7.950360777803972e-09,0.00015928792636929685
863,9.055913415630953e-05,9.034914817270364e-05,0.7071067754144557,0.7071067753875939,0.5000638210556261,1.4847444539296348e-07,0.9999999918180356,1.9237975770060567e-11,0.0001279214732170197
864,0.7070914625068573,0.7070910730035216,0.004713223815308635,0.004655222909543784,0.5033212327877672,2.721640689335295e-07,4.1212917495012085e-05,0.006624490966569835,0.9999780569696842
865,7.448239508757755e-06,6.335314795067682e-06,0.7071067811581667,0.7071067811473197,0.5000052360450912,9.745928600909592e-06,0.9999999999521937,7.667789680772416e-12,7.933227832325649e-07
866,4.7370275415669534e-05,3.3270822676446644e-05,0.7071067804038164,0.7071067795998393,0.5000336770753984,9.940123680385787e-06,5.597831596271757e-10,0.9999999983245534,5.70270512629101e-05
867,8.890020676405558e-07,6.11954825328104e-07,0.7071067811862831,0.707106781185989,0.5000006370758101,1.951353797509906e-07,2.0851142725314452e-13,0.9999999999994182,1.0614780111151483e-06
868,0.7071067811650337,0.7071067810876968,1.1823540566714316e-05,5.515902690732848e-06,0.5000083698875007,5.508577635152308e-11,4.425035120664592e-06,1.2273563386696544e-05,0.9999999999148895
869,0.707106779932841,0.7071067799320715,4.21200181773136e-05,4.2107099089075726e-05,0.5000299888747708,0.9999999982264474,9.083697620418141e-09,5.955756578673199e-05,5.437159780348176e-13
870,0.0008224181969378242,0.0008223381998119674,0.7071063030124138,0.707106302919384,0.500581670451099,0.0011630183963675191,6.592355989625199e-11,0.9999993236938731,5.716129619297522e-08
871,0.000517838899812665,4.896281303034424e-05,0.7071067794913605,0.7071065915708039,0.5003656164690907,0.0004015842738257539,0.9999998647227437,1.3401837504429592e-07,0.0003305821363321217
872,0.7071067798812481,0.7071067790989438,5.4335223222435586e-05,4.296476592274822e-05,0.5000383577042117,0.9999999976008555,6.879999889906084e-05,8.052809752979276e-06,5.577325943766677e-10
873,5.7124313000405024e-05,5.0797477944071054e-05,0.7071067793619394,0.7071067788791245,0.500040578773323,4.420804504980611e-06,0.9999999970782131,3.4109501011475714e-10,7.631531555838169e-05
874,3.2215747007077705e-05,9.540104110404827e-06,0.7071067811221933,0.7071067804526757,0.5000227854500542,1.610730065875639e-05,4.765280090608808e-10,0.9999999994355692,2.9485976448980377e-05
875,7.868599987165113e-05,6.955400623818788e-05,0.7071067777657342,0.7071067768085049,0.5000559626883772,0.00010482387600981227,0.9999999944853762,6.733999871823426e-10,6.4188299450031086e-06
876,0.7071067312105707,0.7071066930427253,0.0003530639916586694,0.00027951258101565675,0.5002509109896258,0.9999998986092634,5.186879451178231e-05,0.00044731542932016286,2.255312944487104e-08
877,8.060488066999654e-05,3.2121334391625934e-05,0.7071067804569704,0.7071067765923725,0.5000570768986974,7.971669558440214e-05,2.7077809384110245e-09,0.9999999962355389,3.426624222214623e-05
878,0.0002622771692911923,0.0002612401102641611,0.7071067329290579,0.7071067325451565,0.5001856989964579,0.0003701826288235931,0.9999999314821446,2.683640494347326e-10,7.280518427474899e-07
879,0.7071064966137637,0.7071064483511876,0.0006860759220418213,0.0006343867991987516,0.5004866532608548,0.999999563426515,3.6576005436465104e-05,0.0009337071155504196,3.3734467041249085e-08
880,0.7071065774530598,0.7071065630583524,0.0005554095815814215,0.0005436664393932443,0.5003953576540974,6.418337824485979e-09,8.247494704131552e-06,0.0007771647054943266,0.9999996979734533
881,0.00029091148303445844,1.7534756855000773e-05,0.7071067809691296,0.7071067213444525,0.500205642713619,0.00021707615618295838,0.9999999575315113,4.250673775061417e-08,0.00019446053860900392
882,0.7071067496975197,0.7071067148172564,0.00031829377110896133,0.0002110265547931764,0.5002254978321958,2.8381613226115394e-08,0.00037430753568155623,7.574298836619743e-05,0.999999927078429
883,0.0008716336477708321,0.00039927779796467916,0.7071066684576189,0.7071062439653533,0.5006163031325142,0.000897518909214566,0.9999995404158623,2.957760209225811e-07,0.0003370871857430468
884,0.7071067790642864,0.7071067540207592,0.00021417003014805917,5.478436373881963e-05,0.5001512350519614,2.1433350692763015e-08,0.00018967635035404363,0.00011354739292585268,0.9999999755649316
885,0.002682127437439407,0.0011183454308709656,0.7071058968096673,0.7071016943777556,0.5018967642163189,0.0011053654518738884,0.9999957777341582,2.9586371573043215e-06,0.0026875027978039163
886,0.7071065582531121,0.7071060899989144,0.000988679142654655,0.0005614939341930813,0.5006985648406322,3.283240041467444e-07,0.00030341034365145386,0.0010957664206487053,0.9999993536187947
887,0.015275266933301064,0.014988922116799894,0.7069478992215488,0.7069417700349168,0.5107164031414092,0.00020167769316996708,4.242276998266192e-06,0.9997709729812452,0.02140002084613872
888,0.0001217322157835163,8.233858749561433e-05,0.7071067763926071,0.7071067707081125,0.5000861020900212,2.7781281423011312e-05,0.9999999892007999,4.050888075686443e-09,0.00014431415645331877
889,1.3666373949810087e-07,1.0153432373683544e-07,0.7071067811865399,0.707106781186534,0.500000098006524,1.6840485882748556e-07,0.9999999999999852,4.2485456062024725e-15,2.501999067215575e-08
890,9.4435011581902e-05,7.114211997062929e-05,0.7071067776077338,0.7071067748805854,0.5000665276008839,0.00011708260418342889,1.9533656911671157e-09,0.9999999930104082,1.6457109224159077e-05
891,0.0009568113528277135,0.0009408782567234972,0.7071061552186524,0.7071061338385122,0.5006740067579524,1.1248480598584482e-05,0.9999990996296713,1.510241138509e-08,0.0013418693366478841
892,1.948704709605024e-05,1.503500689149591e-05,0.7071067810267038,0.707106780918026,0.5000136964159833,3.190398245699166e-06,7.70392831542889e-11,0.9999999996971002,2.4405282128769776e-05
893,5.537997222661575e-06,2.499041611326217e-06,0.707106781182132,0.7071067811648615,0.5000039185378398,5.681710134100468e-06,0.9999999999815435,1.2224590969338242e-11,2.1523921960012998e-06
894,5.572970211776741e-05,5.51059462158423e-05,0.707106779039297,0.7071067789904115,0.5000393296164167,4.4551462349267286e-07,3.484566569080904e-11,0.9999999969287621,7.837261334929856e-05
895,0.00015050290038560828,0.00015012283828700376,0.7071067652505769,0.7071067651697857,0.5001065127703923,0.0002125744970854244,0.9999999774060064,5.717068760298412e-11,2.690753528752604e-07
896,0.7071010719929548,0.7071010078796339,0.0028586895819430053,0.00284147609782128,0.5020166939144982,4.982263682962169e-08,1.2242935384035662e-05,0.004030625590517222,0.999991876920737
897,0.707106780938604,0.7071067793680679,5.071213178558299e-05,1.8725565792420315e-05,0.5000359448212336,0.9999999985388184,4.92031681741466e-05,2.239230595787862e-05,1.09638544444107e-09
898,1.256098890960241e-06,1.0679352183097352e-06,0.7071067811857404,0.7071067811854312,0.5000009027504035,1.6433580601557987e-06,2.1835805691513405e-13,0.9999999999986402,1.3283200103431435e-07
899,0.0005650256993643464,0.0005126309459637017,0.7071065953655891,0.7071065554398154,0.5004008069166512,0.0007620252911351987,2.8859527474701546e-08,0.9999997089776953,3.690505889609523e-05
900,5.864099483224956e-05,4.5158554285408164e-05,0.7071067797445482,0.7071067787549726,0.5000414412683085,9.578433224441578e-06,7.003492835104327e-10,0.9999999972609696,7.339151773847933e-05
901,0.7071016897821462,0.7071002557455094,0.003039041813751467,0.002683338821709363,0.5021531190268183,0.999991781924538,0.0002516135019481042,0.0040463283385632235,1.0034871819242014e-06
902,0.0021582919645377384,0.0021571127087346266,0.7071034909154115,0.7071034873169524,0.5015239823242436,0.0030514519072457388,2.543774445170587e-09,0.9999953443094409,8.367430641043617e-07
903,0.706720162634442,0.7067195289194782,0.0233988769780979,0.023379728953799663,0.5162264829128053,0.9994527906960031,0.03307746942963778,1.3635273262388016e-05,4.3951033276115364e-07
904,0.7071067810946512,0.7071067505037303,0.0002083075947909685,1.1399988021584681e-05,0.5001470514420133,2.1833891939686103e-08,0.00014966305977258705,0.0001453374773208812,0.9999999782389916
905,0.707099573384516,0.7070984696015431,0.003428452588869665,0.003192697830033621,0.502416927870566,0.9999890261361907,0.004681781203633921,0.0001689122533406844,7.761463641627471e-07
906,0.017575786857082342,0.017515306441425748,0.7068898174682272,0.706888316296397,0.512325628893566,0.024813149724178203,0.9996921054782194,1.069475540525654e-06,4.294354612838393e-05
907,2.4595430001109573e-05,2.4074119386104193e-05,0.707106780776734,0.7071067807587933,0.5000172611000464,3.71406171723596e-07,0.9999999994077503,1.275703779952741e-11,3.4414538477386046e-05
908,0.7071062372255378,0.707106190173223,0.0009142312114263613,0.0008770842260270234,0.500648131568131,0.999999197451952,0.0012666540535118682,2.6133430955174767e-05,3.35434051835226e-08
909,0.7071067811841187,0.7071067811792179,3.2196136034239116e-06,1.8533669084604477e-06,0.5000022855984351,3.4762437766370045e-12,9.55912107495187e-07,3.5898624897720887e-06,0.9999999999931
910,6.563481062752805e-05,2.8338604980419502e-05,0.7071067806186845,0.70710677814038,0.5000465589168265,2.618981967351383e-05,1.721476049064185e-09,0.9999999974444946,6.652141191989656e-05
911,0.7071067745425611,0.7071067610593009,0.00016871343203328214,9.693303402275563e-05,0.5001195163189283,9.538399682197808e-09,0.00018786832382101202,5.065301706699208e-05,0.9999999810698799
912,0.7071058137553311,0.707105769485377,0.0011961440198117687,0.0011728614600614623,0.5008423403120155,0.9999985968167782,0.0016751396136745317,1.6486216282210553e-05,2.7839271304031504e-08
913,0.7018052183233161,0.7017433550350037,0.086926771849519,0.08642589620087422,0.5578426110241929,4.304287385350618e-05,0.12257884145856998,0.00035612494631028294,0.9924587139770259
914,0.7071058477724494,0.7071058459625211,0.0011532806236674267,0.00114893255003541,0.5008151540895389,0.9999986749480205,0.001627910554473329,3.070519815587766e-06,5.085799721275761e-09
915,0.7071067805146203,0.7071067796732072,4.626213347293915e-05,3.0826081239281245e-05,0.5000326935366696,0.9999999984547827,1.0913940780746443e-05,5.450979888674297e-05,5.873810265970044e-10
916,0.0007314242717261999,0.0006763726393937935,0.7071064576993085,0.7071064028974323,0.5005147152341372,0.000995464289832007,3.870395722021874e-08,0.9999995037691812,3.888779062876283e-05
917,0.00013592485790656962,0.0001280915296628161,0.7071067695847378,0.7071067681223512,0.500096162874584,5.537120632384189e-06,0.9999999825585002,1.046131101795699e-09,0.00018668783373156292
918,0.7071067833929044,0.7071067747326547,9.553628915282128e-05,6.580517144109828e-05,0.5000674353282404,2.4057974786800063e-09,2.1194966793000448e-05,0.00011405383165912239,0.9999999932712486
919,0.7071067805175291,0.7071067803881329,3.3602495405040146e-05,3.075928986898567e-05,0.5000237553736367,0.9999999989623684,4.551016056054805e-05,2.021607390955494e-06,9.124066486103272e-11
920,0.7070198710218046,0.7070197517581688,0.011093720017370263,0.01108611655707716,0.5078100843415676,0.9998770061341872,0.015683512855541773,5.3526589729879075e-06,8.276549050960341e-08
921,0.7071063423227338,0.707106335881046,0.0007935722285635794,0.0007925260508913132,0.500557335265491,0.9999993710725914,7.437003212666823e-07,0.0011215408464244978,8.308475965362817e-10
922,0.0004856703675948554,0.0004756968069187224,0.7071066211771382,0.7071066143972173,0.500343643402026,7.079521180613673e-06,0.9999997689183954,4.80938495668621e-09,0.0006797889661153995
923,0.7070984092764618,0.7070980343455034,0.0035170761620240145,0.003440871793835733,0.5024638477834324,2.715289988131588e-07,0.004920007342579878,5.43247646290564e-05,0.9999878952149891
924,0.7070911637988263,0.7070911581313956,0.004700435341551632,0.004700375307971851,0.5033227005562549,0.9999779059457069,4.198574185208395e-08,0.006647376958931717,2.8433217489659246e-10
925,0.02634729468509916,0.026316095363352752,0.706616913981551,0.7066157513635181,0.5182730778320379,0.0372386401737098,8.287545795978205e-07,0.9993064010598317,2.186642591801155e-05
926,0.7071067519221947,0.7071054262202822,0.0013842723118409794,0.00020343560158046951,0.500977883976712,0.9999990212011272,0.0008370435308524084,0.0011211396009320658,9.545748028870584e-07
927,1.063296181845905e-05,7.1391056861298794e-06,0.7071067811505082,0.7071067811066017,0.5000075089997839,1.2565393572834605e-05,3.145887028487985e-11,0.9999999999179863,2.4774162731173804e-06
928,0.7071067573986839,0.7071067546897826,0.00019357707427402295,0.00018341515416773284,0.5001360516073341,0.9999999644433983,0.0002665731809297824,7.207057086030336e-06,1.9084241285922026e-09
929,0.707106009263102,0.7071059932850146,0.0010555853409620062,0.0010448272627984324,0.5007486162682999,1.1278232824927127e-08,7.594341719142433e-06,0.0014852160607516313,0.9999988970371805
930,0.008269124406042617,0.007493858920159578,0.7070670704243929,0.7070584286900242,0.5058388246050436,0.0005492719796698947,5.98069204681811e-06,0.9999377298734012,0.0111460594045705
931,3.63507381002908e-05,1.1251718759626457e-05,0.7071067810970267,0.7071067802521933,0.5000256712856814,1.7587952732762965e-05,6.00936350556812e-10,0.9999999992760112,3.37437583972835e-05
932,0.7071036286424355,0.7071030192851906,0.0023081525753537637,0.0021132466138747896,0.5016285924116639,0.9999951032981403,0.00013844951474591063,0.0031263735052024897,4.311105400504303e-07
933,0.0008225670788583559,0.0006359801459312963,0.7071064951824814,0.7071063027461991,0.5005805365571966,0.0010313097301948336,1.338008712780329e-07,0.9999994594561712,0.00013224063538043747
934,0.7071067273559001,0.7071064301862463,0.0007045489743854541,0.0002890996418931082,0.5004988708717434,2.052727755014439e-07,0.0007026023018396276,0.0002937990226327782,0.9999997100160012
935,0.00018004976003085587,7.881239617590074e-05,0.7071067767944244,0.7071067582636144,0.5001270198837853,0.00018292779687142954,1.310963237448507e-08,0.9999999806853386,7.187997641847794e-05
936,0.7071067808722983,0.7071067808708577,2.1129394223560728e-05,2.1081129917312748e-05,0.5000149509979802,0.999999999554566,2.9847348262635683e-05,3.377179590931449e-08,1.016931521042703e-12
937,0.7071057883231949,0.7071056709129252,0.0012530613635586775,0.0011849556244599808,0.5008829415946855,0.9999985128575836,0.0017239278840492057,4.8531055835459106e-05,8.163933626622282e-08
938,0.7070453830777048,0.7070444930684232,0.009385748320733052,0.00931806141325069,0.5065949766115452,0.9999125369048891,0.013225590140933089,4.801526120194841e-05,6.220836687925852e-07
939,2.7617520054380568e-05,3.775596274336051e-06,0.7071067811764677,0.7071067806472179,0.5000195036443552,2.23542721217799e-05,0.9999999996115091,3.8223554480221395e-10,1.665139811205976e-05
940,3.26295008303635e-05,3.1834441056063525e-05,0.7071067804699427,0.7071067804337016,0.5000231534146775,5.635876426887936e-07,0.9999999989609416,2.5211734155002194e-11,4.558287321746715e-05
941,3.507497085438854e-07,3.0373404000871133e-07,0.7071067811864821,0.7071067811864603,0.5000002597659818,3.322127781762393e-08,1.5093531210441294e-14,0.9999999999998922,4.6279160731780606e-07
942,0.7071067808162522,0.7071067807739347,2.4156205910071726e-05,2.2883974438699145e-05,0.5000171042282106,2.9883255131341944e-11,8.970098116648581e-07,3.326250055961814e-05,0.9999999994464005
943,0.001612195937317693,0.0016114021145188242,0.7071049450988318,0.7071049432893651,0.5011463690848806,0.002279428042737686,0.9999974021003648,1.2702764484128342e-09,5.594286870676962e-07
944,4.473598335554827e-05,4.18828981210295e-05,0.7071067799461562,0.7071067797714082,0.5000317165326735,2.0151318640509185e-06,0.9999999981222566,1.2075772817677965e-10,6.124887409936294e-05
945,0.7070530244450188,0.7070445413639842,0.00938210942775163,0.008719407844688127,0.506621895255338,0.9999179705926123,0.0004656650241817466,0.01279981275494172,5.955535579223024e-06
946,0.7071065701087875,0.7071065535579701,0.0005673758615464429,0.0005463597580143793,0.5004007980541505,1.1490317573216025e-08,1.472295242304312e-05,0.0007875325949540427,0.9999996897877741
947,8.051185761447e-06,4.083058732436121e-06,0.7071067811747571,0.7071067811407099,0.5000056973920275,2.8151992068557634e-06,2.3960300716451475e-11,0.999999999959251,8.577156533698593e-06
948,0.7070762677279079,0.7068633091589828,0.018554503874657517,0.0065689890530512204,0.5130912785333861,0.00015155105097521893,0.017790708716290248,0.00842092124330242,0.9998062591339784
949,0.008870530543362896,0.00886837977897597,0.7070511663522608,0.7070511393724473,0.5062452057716449,0.01254330377878701,1.874660554507568e-08,0.9999213296694738,1.5290361377459538e-06
950,0.7071013320701521,0.7071011915438139,0.0028115684807200826,0.002777343180579669,0.5019816355316783,9.503786385386623e-08,0.003951956907796934,2.4270628486451338e-05,0.9999921906932739
951,4.849880740290225e-05,2.547271229586446e-05,0.7071067807277358,0.7071067795233383,0.5000341800154265,5.229577256300885e-05,0.9999999984995048,8.672219334447803e-10,1.631396699580864e-05
952,0.7068990458364247,0.7068888431141354,0.01755458574746291,0.017138815465426786,0.5122827164313511,0.9996990034354327,0.0002911267030440653,0.024531973454366758,7.341082525090832e-06
953,0.0001768504323181938,0.0001276630583705972,0.7071067696622217,0.7071067590710214,0.5001251084785925,3.502606264971405e-05,0.9999999762130328,7.440018926440227e-09,0.00021528378206201433
954,0.0017192681598711484,0.0016267694130465012,0.7071049099117316,0.7071046910585417,0.5012111305472018,0.002365991101533556,0.9999971988652017,1.56003827974644e-07,6.59381242864511e-05
955,0.005435492652280338,0.005402760503519357,0.7070861405651968,0.707085889704798,0.5037976438925417,0.007663801684395953,0.9999706323682608,1.7910543289347642e-07,2.3339427741236295e-05
956,0.7071066177449741,0.7071065281781893,0.0006043660829026974,0.00048077152548584647,0.5004286909674304,0.9999997018001392,8.736547249742586e-05,0.0007673114726735419,6.698539206798863e-08
957,0.7071067811812117,0.7071067811706263,4.744954035345863e-06,2.746746666494772e-06,0.5000033507454411,0.9999999999849692,1.4204830394456715e-06,5.295416318108741e-06,7.533574276331103e-12
958,0.00047947471477357255,0.0004786535033911363,0.7071066191818769,0.7071066186255069,0.5003410147040775,5.764956959162942e-07,0.9999997704973849,3.9823311475414243e-10,0.0006774989638874144
959,0.00032900806894887796,0.000328956767790825,0.7071067046687147,0.7071067046448468,0.500232820123552,0.0004652513942026138,1.6623196502148023e-11,0.9999998917705661,3.627989943762593e-08
960,2.678858485340857e-05,7.928973833985232e-06,0.7071067811420927,0.7071067806791078,0.5000189825642788,1.3162872552393205e-05,3.2883025239604266e-10,0.9999999996097518,2.4642152720039447e-05
961,1.4629208318095365e-05,1.4035136793556736e-05,0.7071067810472565,0.7071067810352155,0.5000103659615661,4.18776603959868e-07,8.520665795095903e-12,0.9999999997944987,2.026877945182046e-05
962,0.7071067811862548,0.7071067811860168,8.665262835316456e-07,6.435936809365471e-07,0.5000006184249709,0.9999999999994179,1.0679045527968295e-06,1.5703659544330432e-07,1.6639615226506003e-13
963,0.7071067398301623,0.7071067362978092,0.00025195685992653597,0.0002418403560676807,0.5001775451717622,0.9999999390154886,7.1234085157226715e-06,0.00034916797410143563,2.608216459402798e-09
964,0.13004856787886096,0.12306712595070536,0.6963149305523645,0.6950448690498825,0.5844810918395655,0.0049363761855474916,0.9838399409092395,0.0009072895992529691,0.17897983039232174
965,0.7071058750263683,0.7070971961627376,0.003682747517730704,0.0011320349812611967,0.5026006868863409,6.24347387988049e-06,0.0018138627795302262,0.0033991225772521927,0.9999925778867317
966,3.807572677497409e-05,1.5324954801738555e-06,0.7071067811848925,0.7071067801614174,0.5000269770693251,2.850405484580996e-05,0.9999999992739534,7.173495285214325e-10,2.5290875215901292e-05
967,0.7071056683286471,0.7071056672578286,0.0012551222523348384,0.0012545188339660673,0.5008851844713668,7.473170053079927e-10,4.246534224890557e-07,0.0017745842309541497,0.9999984254240813
968,0.0015593076029435284,0.001559268159809182,0.7071050619835801,0.7071050618966013,0.5011014304312291,2.7899400704555844e-08,0.9999975686183439,6.269127537609736e-11,0.002205166069486339
969,0.0007799614287540491,0.0007193569291610185,0.7071064152768021,0.707106351025198,0.5005518568502199,4.289149979844451e-05,4.5102445764652285e-08,0.9999994370927306,0.0010601766556197457
970,5.2506721011580906e-05,4.1683250996955764e-05,0.7071067799579539,0.7071067792370852,0.5000373771919998,7.590801902160749e-06,5.071068449245353e-10,0.9999999977527753,6.660952553160367e-05
971,1.95834072237788e-05,1.9567794031040637e-05,0.7071067809157972,0.7071067809153649,0.5000138108071217,1.1162705358642638e-08,3.0278792598647996e-13,0.9999999996167958,2.7684079849754638e-05
972,0.7071067811831298,0.7071067811750061,4.039723249824866e-06,2.1978812039014267e-06,0.5000028678251345,0.9999999999894225,1.294540531458475e-06,4.412959385044233e-06,5.673825060179692e-12
973,0.7071067808492761,0.7071067806485254,2.7584049710042495e-05,2.1839765577149532e-05,0.500019427996497,1.424485753557065e-10,4.059904450053746e-06,3.4948137786259444e-05,0.9999999993810742
974,0.7071067804793968,0.7071067471522511,0.00021938952281960226,3.162376183730917e-05,0.5001553786857937,0.9999999754340874,0.00013069744396905047,0.00017902514676914128,2.3450577336616277e-08
975,0.7071067811800784,0.7071067809738996,1.7341516865553306e-05,3.024445299966684e-06,0.500012218816028,0.999999999845061,1.4349741529547675e-05,1.0196097028075756e-05,1.4897105142726815e-10
976,3.513084473197113e-05,3.100228503164208e-05,0.7071067805069174,0.7071067803138529,0.5000249914396853,2.9112768696047936e-06,1.3591784860192662e-10,0.9999999989023408,4.676368672114664e-05
977,3.943954142255396e-05,2.0518043697278085e-05,0.7071067808888657,0.707106780086662,0.5000279014409825,4.238231726729896e-05,0.9999999990117708,5.705915030960085e-10,1.3424109945868865e-05
978,0.7071067033073154,0.7071066218705506,0.00047466495292086816,0.0003318702452593515,0.5003340565899207,0.9999998322776452,0.0005701461077652708,0.00010187292584383973,5.967516422570096e-08
979,0.00020098796453826387,0.00018539532328769908,0.7071067568822788,0.7071067526221468,0.5001418876754807,1.1131687959964137e-05,2.986196548796909e-09,0.9999999626162055,0.0002732099436502026
980,0.007293003938688792,0.0072023276404540384,0.7070701001149466,0.7070691706569813,0.5051307101677319,0.010249742099369744,6.603431911417005e-07,0.9999474679050276,6.493678915692346e-05
981,0.00017702994183797555,0.00013151717187392402,0.7071067689558851,0.7071067590261017,0.5001247833393696,0.00021816698440599977,7.068433957677632e-09,0.9999999756818143,3.2241795572588424e-05
982,9.63271354949254e-06,3.127320836744041e-06,0.7071067811796322,0.7071067811209361,0.5000068044447982,9.031128872983722e-06,4.146818555647767e-11,0.999999999948716,4.583450193178404e-06
983,0.7071067288673959,0.7071067223510021,0.0002884545474683586,0.0002853787557140432,0.5002033114418641,8.701785658460314e-10,2.1956922126413946e-06,0.0004057613080417827,0.9999999176764698
984,7.768431097674447e-07,3.2384380674849327e-07,0.7071067811864737,0.7071067811861211,0.5000005581391853,7.795506769373008e-07,0.9999999999996465,2.5014562256332135e-13,3.1727081306357016e-07
985,0.7071053191598803,0.7071052780779232,0.0014579829651446073,0.001437920647163362,0.5010274978861132,2.8962507599659802e-08,1.4206131606904425e-05,0.0020477129437534284,0.9999979033327284
986,0.7071053081410078,0.7071052971809555,0.0014512577983839977,0.0014433290720422534,0.5010243132467326,0.9999979053238024,0.002046782018170763,5.6015770583507e-06,1.1600795038872592e-08
987,0.7071067758730308,0.7071067753872318,0.00012510820477817255,8.668597759279206e-05,0.5000884235886298,4.11382315144383e-09,0.00014974387204058024,2.726342605634044e-05,0.9999999884167508
988,0.006425462949549973,0.006310622012274054,0.7070786208411227,0.7070775865673549,0.5045482740401875,0.00900578188096615,7.233001304649341e-07,0.9999594439155903,8.010165819779122e-05
989,0.007393773911542179,0.006879375139179125,0.7070733159994532,0.7070681240922351,0.5051871657108877,0.00036496617221059977,3.6437306740033327e-06,0.9999490018458435,0.010092595991757268
990,0.7071067791877602,0.7071067830828106,6.905698314746742e-05,5.316690176264486e-05,0.5000489200581704,0.9999999962022144,1.1262919517539042e-05,8.64218317811522e-05,9.625000784016502e-10
991,0.7071065608185731,0.7071065583168814,0.0005614136219766895,0.0005582538218275857,0.5003984791827127,1.7552769929584543e-09,0.0007917244551567665,2.229715859151817e-06,0.999999686583659
992,0.00013595804790471333,0.00013367186290089706,0.7071067685518452,0.7071067681159677,0.5000963544906458,1.6025010538730104e-06,3.0833808015615756e-10,0.9999999818236209,0.00019065725717063302
993,0.008284734763568212,0.008284300662443761,0.707058251039144,0.7070582459528326,0.5058287855139432,3.0868515172005125e-07,3.6309709257750345e-09,0.9999313644107929,0.01171607730740777
994,1.905641269906015e-05,0.0,0.7071067811869454,0.707106780929764,0.5000134794741609,1.3394162052511497e-05,1.8378543881329177e-10,0.9999999998187081,1.3534426884768417e-05
995,0.7071067811815454,0.7071067805379966,3.0285128558167152e-05,2.659626739068981e-06,0.500021468071762,0.9999999995378683,2.3643005210938008e-05,1.9112062441595388e-05,4.521767783722771e-10
996,3.0384901724759642e-05,2.2540886349967313e-05,0.707106780827273,0.707106780533717,0.5000216123443362,3.742962624522268e-05,0.9999999992843339,2.0691367653748031e-10,5.5097086500451365e-06
997,0.7071066161616608,0.7071056351153447,0.001273101818878934,0.00048309473376777245,0.50090021077282,6.863278414181486e-07,0.0012415631070618585,0.000559186743592791,0.9999990729150696
998,0.7069914898423121,0.7068220764263949,0.020063705444320686,0.012768449021900623,0.5141187150611995,0.9997171600320427,0.005102724311007118,0.023228167624399384,0.00011987760494895884
999,0.7071067805360841,0.7071067802158882,3.7050229653406764e-05,3.0329757490892952e-05,0.5000262319031094,2.2817862966899298e-10,4.764660483693283e-05,4.73442228151748e-06,0.9999999988536934
1000,0.7071067810160535,0.7071067809801075,1.7086558763057987e-05,1.5527880417060544e-05,0.5000120980490788,0.9999999997334676,2.3062324393889535e-05,1.093048105516775e-06,2.554268624268595e-11
