traj,F_phi_plus,F_phi_minus,F_psi_plus,F_psi_minus,F_plusplus,F_ee,F_eg,F_ge,F_gg
1,0.003506836926932463,0.0034692911172270846,0.7070982704117893,0.7070980852008906,0.5007098818373941,0.004932867390784322,0.9999878327947724,1.9404238157929795e-05,2.655543570045789e-05
2,0.0004277175603235001,0.0002718853136132288,0.7071067289160684,0.707106651826791,0.5000869317416434,0.00011035661899393148,0.9999998715355665,8.057792616104282e-06,0.0004946568020475197
3,0.7070927486295444,0.707092718416119,0.004459547388030443,0.00445475426022968,0.5009726448749119,2.1513729236649133e-08,0.006283452360542618,0.0005006244679548261,0.9999801336034536
4,0.7053895615680341,0.7053895076931701,0.049250811530184756,0.049250039907102104,0.5098574758430711,0.9975714466306437,0.06965057308822435,8.084376815465104e-05,3.8174550881481054e-08
5,0.0002850760173557097,0.00027938845213107367,0.7071067259912693,0.7071067237211534,0.5000575948988591,4.046942104835312e-06,2.391421476119242e-07,0.9999999203368463,0.00039913639913592236
6,0.0034532799096136085,0.0034250210062839975,0.70709848623166,0.7070983487873979,0.500698620204015,0.004863692853393905,1.4299093248797118e-05,0.9999881718723007,2.0071259867827176e-05
7,0.7070880442265267,0.7070880199044701,0.005150932690200019,0.005147592826618694,0.501093608828143,1.7158209442390364e-08,0.0003496012199013626,0.007273760958037523,0.99997348473873
8,0.008637047862935591,0.008631961004077635,0.7070540921663785,0.7070540300459441,0.5017487929688492,0.012211033270268406,0.9999254425262027,6.49695490620686e-06,3.610395458186704e-06
9,0.00758850082717695,0.007585932554880924,0.7070660885852706,0.7070660610268891,0.5015370387358148,0.0107299447033857,0.9999424324805388,2.873611175621251e-06,1.8193776262473438e-06
10,0.0003543369870707179,5.1960388213349844e-05,0.7071067792774418,0.707106692405961,0.5000719095884781,0.00021257068911262908,9.108055226145512e-06,0.9999999358312274,0.00028821569089801163
11,0.001883433879502354,0.0013273826634825864,0.7071055353023811,0.7071042728458256,0.5003829793741018,0.0003950583732848172,0.00013198903706283387,0.9999973366519459,0.002270065372510001
12,0.707106738810111,0.7071067382774426,0.000246338459415068,0.00024480467706365405,0.5000690612493202,0.9999999396940156,0.0002900201981246048,0.00019105038910976886,3.7843145396914904e-10
13,0.008985704239079413,0.008715615069607413,0.7070530659391504,0.707049685043987,0.5018225350356711,0.00019106294112560934,0.0003532049404722893,0.9999215821358314,0.01251672162297039
14,0.7071067802511833,0.7071067802406771,3.657405121400623e-05,3.6370358813552755e-05,0.5000100049361196,7.423349606968402e-12,4.568631903881937e-05,2.3942106739268715e-05,0.9999999986697665
15,0.7069117170057008,0.706911704310873,0.01660872532190734,0.01660818498734701,0.5033721223983058,8.787157679302035e-09,5.636248558010839e-05,0.023487834907941686,0.9997241211627341
16,0.7071067799790189,0.7071067799759598,4.137668417631866e-05,4.1324373398264083e-05,0.5000091634570641,0.9999999982901338,5.822208462610191e-05,5.470163798005031e-06,2.1349043032784675e-12
17,0.7058662227120837,0.7058574548013172,0.042014919985753935,0.041867446443353974,0.510375430187022,0.9982393818064009,0.05709930651796593,0.01605633109598184,6.138763861845103e-06
18,0.7069098093638311,0.7069096543681759,0.016695525180602775,0.016688961177438275,0.5034831354723934,0.9997213301784306,0.023596530517020205,0.0006824469191942327,1.091559463831034e-07
19,0.014452474962253313,0.009300648297596257,0.7070456123484913,0.7069590695135568,0.5030151696616586,0.01679762624416117,0.9998115843471191,0.009023287318426457,0.0036353602093337424
20,0.7071067787541553,0.7071067787213445,5.904511804397587e-05,5.8650870585252145e-05,0.5000168618693003,0.9999999965368774,6.353234525816438e-05,5.375771285343566e-05,2.3024834928125218e-11
21,0.7071064953581332,0.7071064937102313,0.0006376149561119302,0.0006357848284668258,0.5001540784756114,1.1777793606986724e-09,0.00019626746360298773,0.0008787799856033704,0.9999995946123375
22,0.7071064576420335,0.7071064535367305,0.000680710441987155,0.000676432504553484,0.5001916249170519,2.8690906305275727e-09,0.0005425021216259022,0.0007915927533007375,0.9999995395360729
23,0.11837936225976421,0.1183531354988066,0.6971316484837069,0.6971271954177236,0.5231900742998683,0.16739515449235282,0.9858897743625212,0.0004633745883374862,1.8544775905718308e-05
24,0.7071059534053421,0.707105946040788,0.0010867721760882318,0.0010854074324351674,0.5002393326895571,0.9999988204077764,0.0015292832042592631,0.00014309415877517692,1.4882414546044333e-09
25,0.7071031206222376,0.7071031193559897,0.0022756530996249657,0.0022752596102928267,0.5004647118864781,9.021075073420809e-10,0.003217715525369346,4.13536196681572e-05,0.9999948222849346
26,0.7070043307647937,0.7070040188163255,0.012054765762044428,0.012036456282431031,0.5027024928626641,0.9998548926432085,0.0019230672070856404,0.016926177061984907,2.17795550483773e-07
27,0.04414649270975868,0.04303875795662405,0.705795767423953,0.7057273462049227,0.5089924185393283,0.061649269714124474,0.9980721086430051,0.007128705626922782,0.0007842504298902704
28,0.7071066420351028,0.707106642014236,0.00044364326990388144,0.0004436100101055063,0.5000901594294763,1.478565014286994e-11,3.481710556605992e-06,0.0006273731502769431,0.9999998031953848
29,0.004329082095908904,0.0037369769991723164,0.7070969063734516,0.7070935292082688,0.5008793626092459,0.005703483250704912,0.00035256010227566463,0.9999835847415123,0.00041979482415879186
30,0.707106733762132,0.7071067331229753,0.00026071469561345014,0.0002589753825568437,0.5000741975909155,0.9999999324797965,0.0002781413750474795,0.00024016198026743308,4.583797405174162e-10
31,0.02977200888115791,0.02857033958913575,0.7065293594011481,0.7064797431640055,0.5060508638656057,0.041254229799741006,0.005185506361518129,0.9991348626289902,0.0008516612147873754
32,0.7071066676981309,0.7071066669687395,0.0004019059181347434,0.00040062058350119373,0.5000988268018877,5.216766489930599e-10,0.0005504049972116775,0.00013812877325518184,0.9999998389873845
33,0.7058531045327217,0.7058524750709959,0.042098585172323136,0.04208794152149521,0.5086268686488179,4.4944567289396266e-07,0.0011094442135433143,0.05951852508728003,0.9982265846513838
34,0.0004545131300247402,0.00035023840352168243,0.7071066944479169,0.7071066351108675,0.5000926580268202,0.000569092692796779,6.161805814272985e-06,0.9999998353564393,7.336642059971488e-05
35,0.009093110960137986,0.0088727349741917,0.7070511117126312,0.7070483118804943,0.501847137072523,0.00015590564044608754,0.9999192492494897,0.00029135452964147956,0.012703770553930172
36,0.7071056234412252,0.7071056093274223,0.001287345212112633,0.0012795693793468492,0.5003583416953001,1.004767967155255e-08,0.0009510772751322661,0.0015459649117746453,0.9999983527208979
37,0.7070573403066021,0.7070573243488593,0.008363464275591063,0.008361669603100821,0.501716861832095,1.5006484630003215e-08,0.011824950725078038,0.00018866263536968997,0.9999300650279273
38,0.7070575833469589,0.7070575769215458,0.008341637598808111,0.008341092947318772,0.501706732472219,0.9999304192045614,0.011796335480502896,5.673285722299839e-05,4.457134748821074e-09
39,0.008469641459243985,0.004952883438666392,0.7070894348988964,0.7070560551848415,0.5017406565461044,0.009488189203712074,0.9999457838531546,0.003487617165179053,0.0024980285105903168
40,0.012974274143359155,0.009576251086107615,0.7070419332791956,0.7069877426168714,0.5026830901309434,0.002392134622076547,0.005653330504884248,0.9998539910806403,0.01594722754465735
41,0.0058217567553054735,0.004421139821484471,0.7070929596047982,0.7070828149151102,0.5011871825397242,0.0009950838309213967,0.9999727162293561,0.0010618228819833718,0.007242177656513232
42,0.7071067784630327,0.7071067783544626,0.0001070315386477967,0.00010631184703202096,0.5000305592051524,7.735314108378247e-11,0.0001007236045060609,0.00011230634256346016,0.9999999886210172
43,0.7070976109869221,0.7070976057078271,0.0036022218503865464,0.0036011854421098975,0.5007447119116258,3.7589133940537125e-09,0.005092434071072314,0.00010795406267671765,0.9999870276464364
44,0.7071065088210273,0.7071065139596718,0.0006207788488249024,0.000620631081544937,0.5001285854565013,0.9999996147252678,1.5413875822852176e-05,0.0008776740459647462,8.959559073346377e-11
45,0.0013903137354319916,0.0008950694271668655,0.707106214688231,0.707105414367416,0.5002834059159053,0.001616389750899356,0.9999986294800561,8.316515879038773e-05,0.0003484332584114184
46,0.7071008162984377,0.7071008128408508,0.0029065323540090897,0.002904408731959438,0.5006211534890387,6.166298260547237e-09,0.004102946759248167,0.0002221447680203653,0.9999915582041639
47,0.7071016743073785,0.7071016092707364,0.0027044716186004993,0.002687413571280686,0.5007601505061378,0.9999927317943673,0.002144468334010588,0.0031523981352844814,4.646484432373131e-08
48,0.7070538609809488,0.7070538417064445,0.008652452146996266,0.008651307528580239,0.5017704940786124,0.9999251421730959,0.00011957462911557751,0.012235021537300264,9.856829729255834e-09
49,0.7068846821298821,0.7068846303999168,0.017723411194575264,0.017721347864495467,0.5036101941356609,0.9996858679232644,0.025062301203731187,0.0002157148115180931,3.6566964744075485e-08
50,0.7071067482807549,0.707106748243988,0.0002158421039605545,0.00021572162057049632,0.5000456522859121,0.9999999534381839,1.258429605735437e-05,0.00030490206118755726,2.5756186825631128e-11
51,0.126211659577641,0.1253688412479091,0.6959041986108018,0.6957518357766966,0.5250729220032521,0.0005975889114750996,0.015894995689841755,0.983921043449527,0.1778942726921771
52,0.7070549035236212,0.7070543508704219,0.008611176762276752,0.00856524390775928,0.5023336081139826,3.869572370638057e-07,0.010922545098850045,0.005311664239592849,0.9999262393953934
53,0.6488738076199335,0.6488682996451046,0.2810158887245972,0.2810031704177266,0.5499032984078596,0.917642244278444,0.001333148247872956,0.3974052518729947,3.891122920630224e-06
54,0.0010692544292717292,0.000922665299246877,0.7071061792183297,0.7071059727473419,0.5002165226212837,0.0014084454635829304,2.163546671467552e-05,0.9999990024573107,0.00010439188217579812
55,0.0014694753974950105,0.0014540604464985177,0.7071052861549131,0.7071052542882564,0.5002983625105358,1.08777175519354e-05,0.9999978631673067,3.332012601606685e-06,0.002067252137784709
56,0.0028513915035214624,0.0027120484888568997,0.7071015802506697,0.7071010320785098,0.5005778294954466,0.003933938964726375,0.9999922554868311,5.76701736000287e-05,9.881666900358452e-05
57,0.016268428012409103,0.016133839990709945,0.7069226967689917,0.7069196122968966,0.5032815558508732,0.022911860306547044,0.9997374322603028,0.0003224821162918933,9.591732921013319e-05
58,2.6068551472622266e-05,9.111485330756693e-06,0.707106781127844,0.7071067807060193,0.5000052906955129,1.1925238715346515e-05,4.442715746219083e-08,0.9999999996187048,2.4907372614162802e-05
59,0.7071065365763001,0.7071065385436008,0.0005921143998452265,0.0005881590490623452,0.500168826997334,0.9999996517346722,0.000546597355043419,0.0006306836457032431,2.342622622054407e-09
60,4.824667219543252e-05,7.439195770489868e-06,0.707106781147413,0.7071067795405838,0.5000098007659216,3.952243075360244e-05,1.6775908051003023e-07,0.9999999988084417,2.8654152894932318e-05
61,0.7071020954809518,0.707102031488043,0.0025917302101165457,0.002574211810670603,0.5007426828654526,4.4755210374736356e-08,0.0027246970892332596,0.0024330346689166982,0.9999933281617777
62,0.7071056729122642,0.7071056632845215,0.0012573587193541525,0.0012549047195571394,0.5002884839557982,3.1242881844847797e-09,0.00175737620686979,0.0002595489777106589,0.9999984221303455
63,0.7032127429030688,0.7032075086672144,0.07415658941754014,0.07410693772336359,0.5154536971792705,0.9944892970834791,0.005194388855130852,0.10470938972794087,3.6899577568632107e-06
64,0.7071035620217903,0.7071035237744604,0.0021480494142743153,0.0021354218884622584,0.5005950508760613,0.9999954129180141,0.0026188967698299623,0.0015216841449072612,2.7000101635487778e-08
65,0.0003151882135200012,0.00021977796510580495,0.7071067470316248,0.7071067109400051,0.5000640486385997,0.0003783306643627224,0.9999999261699438,3.76105898810594e-06,6.717045979620985e-05
66,0.707035422205696,0.7070344570387547,0.010113187426057203,0.010045854679563693,0.5028785144913759,0.9998983969601104,0.009291737725265843,0.010810151072133307,6.683647980904553e-07
67,0.0032467510534434666,0.002377979040594443,0.7071027826389013,0.7070993272573385,0.5006627023449437,0.000610496158023306,0.9999918359280755,0.0003631812980751746,0.0039778726692285835
68,0.7071065577848289,0.7071065552367003,0.0005652798377638062,0.000562083355316474,0.500154694574475,0.9999996822604609,0.0003811263728795138,0.0007001583258105316,1.8244410491038136e-09
69,0.7071000134467783,0.7070999425163368,0.0031110679683431296,0.0030949045344196334,0.5008366198192279,0.9999903713646552,0.0018675150831119582,0.0039710912096262915,5.0529404259775335e-08
70,0.003837030340709893,0.003743356160277557,0.7070968726310825,0.7070963705170518,0.5007788829287243,6.635551476157977e-05,5.223480617124369e-05,0.9999856307740479,0.005360141220204221
71,0.5964304170580366,0.5964296417836932,0.379831123529614,0.37982990615270135,0.5612863115082473,5.464667965547811e-07,0.5371614504813499,0.00012699020148275548,0.8434794366135725
72,0.057267993997411726,0.05722068593479206,0.7047877645796218,0.7047839221469484,0.5114550644720771,0.08095572158584936,0.00040090883400714606,0.9967176176280238,3.353379142213285e-05
73,0.0038076020090887746,0.0023761115690438994,0.7071027889167932,0.7070965295961635,0.5007772716207082,0.001010059712610291,0.0006519797982951339,0.9999897155387091,0.004373044537541815
74,0.002293396135042778,0.001618275829760816,0.7071049294011353,0.707103062031389,0.5004671504237561,0.0027659767932093895,0.0001948400433121604,0.9999960417696206,0.0004773414142375331
75,0.0003855249217741547,0.00016922554899514262,0.7071067609369266,0.7071066760896357,0.5000782576481244,0.00015256769286069074,0.9999999113270109,8.900320582590635e-06,0.0003924154059626629
76,0.707036881204671,0.7070368780936567,0.009942860022128214,0.009942264147156328,0.5020155524337474,5.947141982724242e-09,6.22713028961766e-05,0.014060768260529058,0.9999011405725111
77,0.7071067774398956,0.7071067774342272,7.284627572895634e-05,7.279123318440038e-05,0.5000155631698714,0.9999999946974261,0.00010281903521103022,5.778366062981486e-06,3.990990062935056e-12
78,0.707106781163853,0.7071067811635938,5.697345931475481e-06,5.665097518733781e-06,0.5000015695533605,0.999999999967722,3.827206225486055e-06,7.0643876639992425e-06,1.8009593176138928e-13
79,0.006634486993570523,0.003485181348994191,0.7070981922696529,0.7070756561941434,0.5013634099152094,0.002217229329587394,0.002344573867931845,0.9999691695581258,0.007158687086557902
80,0.0015533234539776997,0.0002049816868942946,0.7071067514756905,0.7071050750675201,0.5003163945500392,0.0012470245879585707,0.00017472958172357463,0.9999987573183883,0.0009485572843355323
81,0.0032386656724616974,0.00319945988285626,0.7070995428201429,0.7070993643362007,0.5006589005925349,2.757325854990967e-05,1.8718103681363018e-05,0.9999896370216779,0.004552443145762648
82,0.0031267099448054844,0.0004927412225707457,0.7071066095053142,0.707099868254078,0.5006395566903887,0.002570031335117974,0.9999947445357257,0.000701278806654536,0.001847714244107502
83,0.7028318959932052,0.7028290600621125,0.07766152414316994,0.07763585495522823,0.5157354005642799,0.9939523940757966,0.10977896493692016,0.0026864780378524373,2.04666309069674e-06
84,0.32509241791322185,0.32348864634044205,0.6287726899993134,0.6279449974444253,0.5608466700866822,0.001148267925991756,0.08715415874739856,0.884349573481825,0.45861603327468475
85,0.00030196181376170933,0.0002701333212328328,0.7071067295875426,0.7071067167118879,0.5000611345346876,0.00040453637570937116,0.9999999179226137,1.3499934097905849e-06,2.2433621751996185e-05
86,0.0007322829008466152,0.0006867112714900994,0.7071064477344471,0.7071064020087443,0.5001482101975757,0.0010033794387251857,4.774813280464754e-06,0.999999496083164,3.225397971435863e-05
87,0.008685305454373108,0.008677171830403334,0.7070535387713054,0.7070534389062573,0.5017626844421207,0.012277125423576825,1.044944277060874e-05,0.9999246331844215,5.7570714827244715e-06
88,0.0001577511378482657,0.00014320847267494308,0.70710676668473,0.7071067635898969,0.5000319687303517,0.0002128081023907236,3.2202841011728964e-07,0.9999999773029039,1.0334393797981808e-05
89,0.0007229519870846048,0.0007024781646669039,0.7071064322465388,0.7071064116103214,0.5001464344607879,1.4561477319675545e-05,0.999999491929953,2.1657904128152557e-06,0.0010079301120819982
90,0.7070662281977611,0.7070661946327277,0.007576041683511315,0.007572908436548403,0.5015807265884975,2.3643037677374283e-08,0.0003272449852731097,0.0107069258192191,0.999942625679201
91,0.06870281841713965,0.0654077706517732,0.7040751547514978,0.703761268287423,0.514312639018442,0.09483033796871727,0.994950571843945,0.032788807042573094,0.00233681852788962
92,0.7070595375840694,0.7070590487364453,0.008215935729698092,0.008173757483764718,0.5021969157436177,0.9999328417891692,0.004862075536959214,0.010520082356656354,3.4896781814652697e-07
93,0.707105153785512,0.7071051580717626,0.0015175239288121754,0.001517066238046223,0.500315643283973,6.887439183127792e-10,0.0021452479226340324,4.775139339988199e-05,0.9999976978129309
94,0.005400534592232367,0.004609113303763056,0.707091759303243,0.7070861575693023,0.5010963683494337,0.0005603544049308135,0.9999746227917916,0.0005865774373546533,0.007077831749179877
95,0.17168126526140443,0.17167387659567881,0.685950493909448,0.6859486446945189,0.5327885110603844,5.236105449286937e-06,0.00019244360653097972,0.9700791649233178,0.2427887491621642
96,0.0020549719176806386,0.0020219006383254095,0.7071038904699977,0.7071037951322389,0.5004155483315796,0.00288278449690574,0.9999958444460426,9.94325275983025e-06,2.3352047376290065e-05
97,0.003947136859453779,0.003058219742397655,0.7071001677923768,0.7070957644552914,0.5008055039533051,0.0006309726844459016,0.9999874299297273,0.0004553956079729545,0.004953228326206311
98,0.7071038181774383,0.70710380572384,0.0020513241731659423,0.002047026841459367,0.5004743251815712,0.9999958008663087,0.00045458736779465926,0.002862097146868285,8.838172271757117e-09
99,0.7071064126701275,0.7071064044304615,0.0007299406993278497,0.0007270566414287688,0.5001858101208192,2.118389090563477e-09,0.00031607886195303403,0.00098057072024785,0.9999994692874671
100,0.7071066780384809,0.7071066819075732,0.0003845155948617162,0.0003819337445155271,0.5001096671897108,0.9999998531371765,0.0003837396972810632,0.00038271330342979905,9.915204640749594e-10
101,0.02633588652566307,0.0262243422472298,0.7066203251207164,0.7066161766340439,0.5053097364490883,7.850238038901512e-05,0.00043674216811522703,0.9993090183776488,0.03716569497222832
102,0.005151931929002851,0.005151099596435166,0.7070880186885844,0.7070880126245948,0.5010434797859346,5.889225534317367e-07,6.317404388086237e-07,0.999973461532829,0.007285343458385735
103,0.00013296784148024006,6.531074200849609e-05,0.7071067781703885,0.7071067686845836,0.5000270027489476,0.00014024551216957462,0.999999989026544,9.861812517081458e-07,4.77193483390992e-05
104,0.7071067776495613,0.7071067775696747,0.00011209645134711762,0.00011159138707538908,0.5000292915934779,5.642597693550391e-11,5.665449291369439e-05,0.00014767708186011187,0.9999999874908774
105,0.0003932769798621362,0.00025862022011512604,0.7071067338921195,0.7071066718206073,0.500079599236903,9.537075892986333e-05,6.504983422838986e-06,0.9999998892032351,0.0004609290829216804
106,0.08389064593535066,0.08387207035390502,0.7021150019227703,0.7021127826243764,0.5166413946869294,1.310654558828901e-05,0.9929389617169091,0.00023184931212809733,0.11862615385593621
107,0.7070282543142451,0.7070273530524628,0.010598209076729611,0.01053791257114211,0.5028981897193884,0.9998883089438605,0.013104910058779996,0.007185469319564018,6.389448142822694e-07
108,0.002302345303918735,0.002284482286027647,0.7071030908861689,0.7071030329492981,0.5004661673624815,1.264981157884415e-05,0.9999947401412527,6.057955187935562e-06,0.003243376805412948
109,0.003562954450042773,0.0016391097121912362,0.707104881413893,0.7070978046604242,0.5007275523538215,0.003679122798355207,0.9999920338719557,0.0007422045384525731,0.0013584478261244326
110,0.7024328187697778,0.7024327205818519,0.08116817760661191,0.08116732787978884,0.5160636240040498,0.993389949530834,8.860773369477484e-05,0.1147885025592423,6.997104446355343e-08
111,0.7071067340396644,0.7071067334073496,0.00025994227855214303,0.0002582164986520909,0.5000740675724774,0.9999999328771246,0.00023439057128144694,0.0002816146453034397,4.4385927012714026e-10
112,0.706544672962204,0.7065445166512841,0.028193013141615497,0.028189095564281355,0.5057423091575325,1.1025230997381575e-07,0.0004073234372091973,0.03986609068309798,0.9992049483971007
113,0.7071067678885303,0.7071067623721932,0.00016311809334220557,0.0001620395455964895,0.5000463557372383,0.9999999735678342,0.00014737484489598922,0.00017647940901021974,1.7558205535884926e-10
114,0.11955928136986128,0.11947429936107562,0.696940378936511,0.6969258054042121,0.5233378872231041,0.16902226560632033,0.0015205834569806255,0.9856110581037675,6.0817794179806314e-05
115,0.005038108827192424,0.004834326489658106,0.7070902554040689,0.7070888327922068,0.5010221648600356,0.00014595150556326536,0.0001493335329016305,0.9999756119257776,0.006980827409502983
116,0.007671981509339388,0.007662383255131117,0.7070652642321928,0.7070651601518849,0.5015561239482145,0.01084303323844501,1.0898439504133648e-05,0.9999412125048032,6.770005981394688e-06
117,0.707035112862135,0.7070344700665965,0.010112276580799062,0.010067602984469246,0.5026251712525363,0.999898187433247,0.004991688337992883,0.013367790207652764,4.552627194761868e-07
118,0.0004840625697363919,0.00011175143019860239,0.7071067723559267,0.7071066154996929,0.5000983798571501,0.0004223451952778491,1.6292742870111243e-05,0.9999998764647893,0.0002615903019512177
119,0.7071067811771302,0.7071067811770394,3.667022563823502e-06,3.6494533409984406e-06,0.5000009759144778,0.9999999999866179,4.776546625470958e-06,1.987502580229115e-06,6.45042068674002e-14
120,0.7071024472968144,0.7071024466669577,0.002475867041379293,0.0024756871491117324,0.5005051815997621,4.456987720212288e-10,0.003501227771231903,1.8669783601255023e-05,0.9999938705089858
121,0.7071067802780228,0.7071067802772258,3.5860506512645695e-05,3.5844791284651054e-05,0.500007521434824,5.610237074427645e-13,1.6390407239366242e-06,5.067680470480532e-05,0.9999999987145887
122,0.04102732730697091,0.040979387332935414,0.7059183308385039,0.7059155462334349,0.508272811320799,3.385853518538585e-05,0.00028941289726065533,0.9983172664379012,0.057987504048162525
123,0.7071067802342794,0.7071067802236116,3.690251805194357e-05,3.669753785041554e-05,0.500010079670152,7.598576470406341e-12,2.406853359352447e-05,4.6143372368240357e-05,0.9999999986457464
124,0.6772515768294406,0.677163233161319,0.20359263933054292,0.20329855307411696,0.5418750286770613,6.259647683155304e-05,0.030934827855088366,0.28604772485930063,0.9577158929505462
125,0.7071050793635572,0.7071050697412259,0.0015557462056771318,0.001551366577531679,0.5003744897334634,0.9999975864548307,0.002146775303233447,0.00046737598546362077,6.7984764531922525e-09
126,0.7071067811605357,0.7071067811603665,6.0847427172621315e-06,6.065037192196518e-06,0.5000015076882193,0.9999999999630943,8.32324285218591e-06,2.1289430479789207e-06,1.1901598868000524e-13
127,0.0011803884151036122,0.0007922809375096414,0.7071063373290701,0.707105795962125,0.5002399469948248,0.00027611115468580046,5.661661427582483e-05,0.9999989878838491,0.001394556739762935
128,0.7070875284307088,0.7070874448400376,0.00522927811340607,0.005218676856248133,0.5012046476827096,0.9999727096587593,0.0073023248312708705,0.0011207094966549187,5.522583306242131e-08
129,0.7071067735286977,0.7071067734364838,0.00010469119322736062,0.00010406649699647525,0.5000290445106548,6.493131504038976e-11,0.0001264716363983224,7.612494284540707e-05,0.9999999891049599
130,0.001505741008452358,0.0009083244654540438,0.7071061977854977,0.7071051779926473,0.5003057055694213,0.0017070940973888614,0.999998448195065,0.00010629270532328395,0.00042206523398357265
131,0.0004111194279805088,0.00039993478282425985,0.7071066680863435,0.7071066616719268,0.5000833191882958,0.0005735013752431227,0.9999998355162545,6.718985441245911e-07,7.949035787804489e-06
132,0.707105333385929,0.7071053161573126,0.001439396424288175,0.0014309078145243186,0.5003974538800269,1.2415570022518793e-08,0.0017523172576664723,0.0010240817684172498,0.9999979403182584
133,0.7071050051650167,0.707104997566362,0.001588211785262034,0.0015871739486051173,0.5003361967523149,0.9999974792279137,0.002242686630250008,0.00010906189285834004,1.6743557770642963e-09
134,0.7071067595746477,0.7071067593692917,0.00017565380350923976,0.00017482517336701373,0.5000463180796472,0.9999999692909498,0.00022965635374516766,9.314536550222703e-05,1.4307026196011197e-10
135,0.6495549680657747,0.6495315675156235,0.2794794139121786,0.2794250352156045,0.5502273629140765,1.6498982386310673e-05,0.3951637355741952,0.005719719659587739,0.9185928949332468
136,0.7070997037232531,0.7070996652601851,0.003172284498723396,0.0031636994949247508,0.5007591644191379,0.9999899637579259,0.004385148118528056,0.0009180737517202704,2.7483880636243327e-08
137,0.7071067530155912,0.7071067581010584,0.00020024583062234986,0.00019959896977254425,0.5000492641527141,1.3004016583072998e-10,6.93520421588186e-05,0.00027409566881710724,0.9999999600309297
138,0.7071067806945138,0.7071067806933785,2.6409216710013813e-05,2.637880064745508e-05,0.500005787150824,8.110068276547184e-13,3.169501120026823e-06,3.719196302273918e-05,0.9999999993033566
139,0.70709845496719,0.707098459745202,0.0034315705522610443,0.003431469512053514,0.5006969792223976,0.999988224600936,0.004852890711155325,1.0545751766495063e-05,3.50895979121001e-10
140,0.7071067596309255,0.7071067542900596,0.00019503173642149843,0.00019476866719615193,0.5000433839805661,5.1390283658000204e-11,0.0002742517497479323,2.7535244563064234e-05,0.9999999620138945
141,0.0027488810567207083,0.0018863288407135516,0.7071042651289157,0.7071014380221096,0.5005599248961864,0.0006081964888943096,0.0002961279002628092,0.9999943988466666,0.003277907959385426
142,0.004007461269131602,0.0039842966678809285,0.7070955560460455,0.707095425140186,0.5008165052985861,0.005651026441632619,0.9999840325953923,1.3729696472970874e-05,1.6306969244132897e-05
143,0.0001235394140046611,0.00012204305306790357,0.7071067706545423,0.7071067703946946,0.5000250070246772,1.0610945366356614e-06,0.9999999849217551,2.72671254860847e-08,0.0001736530094560256
144,0.7071062542323205,0.7071062538600794,0.0008635693173134457,0.0008632644657576287,0.5001797717634704,2.631818580031976e-10,0.0012206424794471114,3.1771701468814944e-05,0.9999992545109714
145,0.7070867599337765,0.7070865627649032,0.005347916199994944,0.005321083193680668,0.5014242764663118,0.9999715425280579,0.0030668890831474656,0.0068926283367022004,1.4469700091038515e-07
146,0.039401671897168235,0.02092179678709451,0.7067971975227848,0.7060081502728434,0.5090944940394575,0.013072550129177669,0.9955740273533461,0.08271724570598009,0.04265350812446434
147,0.00016205614904929693,0.00015554626898270132,0.7071067640783522,0.7071067626163708,0.5000328122935231,0.00022457802124807897,0.9999999747715697,1.533025001538665e-07,4.642155902620311e-06
148,0.7070962184206981,0.7070961978377135,0.0038696839561266046,0.0038649573283997315,0.5008532448240953,1.8236084452909638e-08,0.005446834971971153,0.0004943054306463344,0.9999850437136215
149,0.010646901285265057,0.008530530055906382,0.7070553231939936,0.7070266214882005,0.5021877059707224,0.0014966770691436698,0.0029988861600223292,0.999902435356461,0.013560472254446024
150,0.7071067806562221,0.7071067806491479,2.7568056903046976e-05,2.738600457446328e-05,0.5000078475341122,0.9999999992450046,3.018050105521614e-05,2.447709876636236e-05,4.976703895441785e-12
151,0.0892552149170672,0.08922835624972413,0.701454417935311,0.7014510008618576,0.5176873663134106,1.889469560075843e-05,0.9920038708365414,0.000356786191821792,0.1262069435170269
152,0.00014104690317408893,2.322684181912211e-05,0.7071067808050734,0.7071067671192035,0.5000286585775685,0.00011664281759540861,1.4256906600580096e-06,0.9999999897821267,8.263273067795585e-05
153,0.7071062568910393,0.7071062500958786,0.0008666460313187393,0.0008653993974738606,0.500192789839844,0.9999992500039873,0.0012176842403771363,0.00013128804776444577,1.086125898861676e-09
154,8.082749968457641e-05,4.6453474591690055e-05,0.7071067796606668,0.707106776566962,0.5000164070051611,9.001395680063505e-05,0.9999999956544469,3.2407437353694355e-07,2.425896922778052e-05
155,0.0009953960540644276,0.0002895050578727284,0.707106721921677,0.7071060805753928,0.5002024730526455,0.0004973937722063238,0.99999946043468,6.711082561330969e-05,0.0009095196085578852
156,0.007146035854929213,0.006638204387589771,0.7070756213040518,0.7070706712709575,0.501452564216457,0.009746966386967537,0.0005177913297449133,0.9999522990154143,0.000358095214537987
157,0.0604027420338836,0.060402341520462116,0.7045222190526323,0.7045221847543499,0.5120528505812476,2.8272346144083453e-07,0.9963448529184367,3.581453939902632e-06,0.0854220934538136
158,0.7071025775604405,0.7071025716515986,0.0024399105917118436,0.00243819756809971,0.5005199617161673,4.15377224606474e-09,0.0034447133949378097,0.00017866365990601958,0.9999940509967663
159,0.00024269573991978621,0.00016798616042343236,0.7071067612324546,0.7071067395370938,0.5000494900686466,5.195494047577007e-05,0.9999999564371336,2.272094585587725e-06,0.0002905533624468643
160,0.7070239351209138,0.7070239040703766,0.010825852071893143,0.010823824007135961,0.5022145685475754,0.9998828160143464,0.015307165932100604,0.00021192061510052714,2.2265763691047336e-08
161,0.0006522731750588659,0.0005168493747591859,0.7071065922947746,0.7071064803406235,0.5001322965387323,9.530810461230316e-05,1.172407275218442e-05,0.9999996536344298,0.0008267465941673368
162,0.001144179246452317,0.000904681876213525,0.7071062024552707,0.7071058554798474,0.5002320189216114,0.0014488279685778817,0.9999989355364483,3.647700696419888e-05,0.00016879851622941024
163,0.0009508551299197938,0.0008759886799627896,0.7071062385835973,0.7071061418730005,0.5001928457588279,5.3208252284169713e-05,1.0123615572631823e-05,0.9999991642075887,0.0012917625612546954
164,0.7071063868586303,0.7071063795201402,0.0007536855650802685,0.0007517408603013924,0.5001794731933789,1.4427353430511294e-09,0.0010441690736070818,0.00020704395132331246,0.9999994334217253
165,0.0002665264105030305,0.00021529198113201325,0.7071067484116984,0.7071067309562784,0.5000540933665524,0.00034068385735330764,0.9999999413048583,1.8221047621647337e-06,3.635208349253515e-05
166,0.0028534224224416893,0.0008652611729437534,0.707106251791841,0.7071010238858964,0.5005825007307037,0.0026277564485380086,0.0005431900807704886,0.9999954071135156,0.0014091105227993696
167,0.7071067058842994,0.7071067057525086,0.00032661879206869805,0.0003263333493705384,0.500070094194707,0.9999998934133494,3.01526514832334e-05,0.0004607212908606895,9.287776788894036e-11
168,0.00023821847328758466,0.00019180187432053285,0.7071067551735318,0.7071067410596219,0.5000484701116615,0.00030407120818796534,0.9999999532309118,1.4747356755475638e-06,3.2813112614445004e-05
169,0.7069948152615066,0.7069947015157706,0.01258965758169127,0.012582972357362368,0.5026385194454981,8.465744644871352e-08,0.017786111741869164,0.0006963479562158385,0.9998415721146121
170,0.7064457134733125,0.706436993483423,0.030769817705216782,0.03056896070827847,0.5086581009549521,0.9990589356599371,0.02638984951427257,0.03442119816349503,6.132801782314245e-06
171,0.7071067290649647,0.7071067289851667,0.0002717055349102159,0.0002714977830353256,0.5000583104219605,5.6158505540237e-11,0.00038348995486867885,2.1688670055169362e-05,0.9999999262325251
172,0.7071067811411799,0.7071067811410607,8.020436435627405e-06,8.009920329775684e-06,0.5000017780600489,8.415810152735216e-14,1.1281085705987198e-05,1.1060423145001283e-06,0.9999999999357564
173,0.0027730648044369294,0.002715773169421497,0.707101565955054,0.7071013435933975,0.5005641812982048,4.070156464016035e-05,2.3154963908256756e-05,0.9999924670473902,0.0038811925615707807
174,0.0033399565808711965,0.0033215240185745475,0.707098979972532,0.7070988931473683,0.5006785050881802,1.2996912605041957e-05,9.060752140219637e-06,0.9999889059816273,0.004710378185870441
175,0.011110623909074302,0.011079231285599662,0.7070199789497594,0.7070194863201078,0.5022511724488087,2.2074254183986778e-05,5.150547099724101e-05,0.9998768934312136,0.01569059725619156
176,0.7071035132063719,0.7071035074331355,0.0021516913684158003,0.002151525444788818,0.5004378760775294,0.9999953705705295,1.7274756530072973e-05,0.003042784755331144,3.5602410647874723e-10
177,0.0017323278149555356,0.0017278901302492581,0.7071046700423562,0.7071046591844827,0.5003514489282586,3.1396344803485864e-06,0.9999970067129367,1.131462426434487e-06,0.0024467435609314223
178,0.7071067800218538,0.7071067800145884,4.071119139836323e-05,4.058480329509717e-05,0.5000099581286056,5.206058698369057e-12,1.3550919070022516e-05,5.5865015492109157e-05,0.9999999983477371
179,0.0016343225596975057,0.0003611758974957226,0.7071066889458552,0.707104892494579,0.5003327370982246,0.0008897387978339675,0.9999985815280735,0.00018837086208891015,0.0014176823091571029
180,0.00032347764006197507,0.00013636121641123875,0.7071067680383323,0.7071067071964554,0.5000655690497909,0.00013250577666339635,6.366079440795116e-06,0.9999999383636496,0.0003250759666786328
181,0.00448301381569153,0.004473754739952036,0.7070926286693475,0.7070925700268172,0.5009087668995502,6.547774052922656e-06,6.10939263065017e-06,0.9999799438330416,0.006333391782574279
182,6.923153383235493e-06,6.438866035473004e-06,0.7071067811572315,0.7071067811526558,0.5000014028908669,3.4398578462444683e-07,4.786385463877407e-10,0.9999999999553055,9.44831845560547e-06
183,0.00011236539453360277,5.407865670902112e-05,0.7071067791186118,0.7071067722586288,0.5000228038208345,4.1479970178534834e-05,0.9999999922245033,7.123278138639969e-07,0.00011760057429337761
184,0.0007328606662134651,0.0005993895546201745,0.7071065271457828,0.7071064014101736,0.5001484255723306,0.0009419851221915945,0.9999995517370038,1.3160814023834382e-05,9.495587223931452e-05
185,0.008298157857009951,0.008137151368978808,0.7070599598107621,0.7070580885444832,0.5016791044147273,0.011621499788881128,0.9999324422219327,0.00019579544519898138,0.00011575352506798253
186,0.707095777475849,0.7070957771403731,0.003944863781270119,0.003944803648539175,0.5008022453166638,2.3656653519671173e-10,0.005578833810649505,6.27626152312251e-06,0.9999844381658766
187,0.7071067646910798,0.707106764473416,0.00015373983610263145,0.00015273543791605472,0.5000436959175987,1.511770153102034e-10,0.00017023799966121012,0.0001341009868406002,0.9999999765179746
188,0.7058080373311781,0.7058080198566862,0.0428373564308221,0.04283706851206966,0.5086146583311738,1.2364849925690101e-08,0.06058095936422793,3.011974122889087e-05,0.9981632864693564
189,0.7071067294689252,0.7071067234510042,0.0002857453340582394,0.0002838843976339076,0.500081010619576,5.340056285508829e-10,0.00024125242146189226,0.0003225492463094511,0.9999999188796342
190,0.7070913781264314,0.7070911721793062,0.004698321626152988,0.004667223936338104,0.5013368999303146,1.435783743134729e-07,0.005163945619367934,0.004146187527707225,0.9999780711568734
191,0.7071054737540592,0.7071054577224899,0.001368085914498213,0.0013597746317056242,0.5003806766294339,0.999998139675212,0.001028294050789627,0.0016319489770177374,1.1506517855231316e-08
192,0.7071067095154775,0.7071067085378975,0.0003205319037698272,0.0003183680175185091,0.5000916244773567,6.893650572018854e-10,0.00031007215515208464,0.0003285637754109803,0.9999998979505474
193,0.00024383949997987573,0.00017844988999759584,0.7071067586691805,0.7071067391436007,0.5000494510900688,4.606919831781583e-05,2.0360332210285156e-06,0.9999999543468918,0.00029862969369596126
194,0.46447948357255836,0.4640558417980135,0.5335280458355788,0.5331592720193131,0.5700503282301322,0.00030067148713425543,0.7532869659988858,0.03833708243318776,0.656573624632722
195,0.0024210029146622953,0.0024100813163204925,0.7071026739505714,0.7071026366411644,0.5004905264104341,0.003416092372887798,3.8979463708285454e-06,0.9999941651018475,7.743641150597364e-06
196,0.698514864825007,0.6984940662544132,0.11002744842705012,0.1098953302852041,0.523397047733435,0.9878344885442393,0.013835953621529166,0.15489218641766336,1.4719517728534214e-05
197,0.7071067685836309,0.7071067737813962,0.0001338769779385273,0.0001335036132477923,0.5000323190565494,4.870185965231445e-11,0.0001848182485915716,3.985567663097813e-05,0.9999999821268694
198,0.008854153625148634,0.008647413133354992,0.7070539033525662,0.7070513446444899,0.5017917480394009,0.012375469104042056,0.0002668063067722482,0.9999233745763104,0.00014681543363576207
199,0.00251091878524572,0.0024506264758574385,0.7071025345944366,0.7071023230670752,0.5005101743596154,4.261892397367427e-05,0.9999938445969003,2.2023663002086414e-05,0.0035083424715373246
200,0.00048809902611663216,7.403100305995594e-05,0.7071067773111859,0.7071066127249446,0.5000991309428576,0.00039580598595537664,0.9999998779908873,1.7232725672498685e-05,0.00029505739550225225
201,0.702601349174866,0.702600010601284,0.07970712078031567,0.0796953206761231,0.5159722670724274,0.9936274104302613,0.11270788453198563,0.0012255631695375466,9.591882593780532e-07
202,0.20631491306913183,0.20630484667660703,0.6763418590016012,0.676338788931893,0.5386354350339163,0.2917662288505736,0.9564896053492663,0.0003201724640065474,7.121346213072881e-06
203,0.001042552639353617,0.0009437235481253753,0.7071061514269731,0.707106012620452,0.5002121001998254,6.995217176782693e-05,0.9999990111302263,1.4437118471499501e-05,0.0014045059041436977
204,0.0025111144734302157,0.0025103692288574587,0.7071023250183358,0.7071023223721604,0.5005095459455247,0.0035507251774607907,2.7485582974415537e-07,0.9999936961553126,5.272676193804074e-07
205,0.00043467114937387457,0.00025774236101171687,0.7071067342126466,0.7071066475864803,0.5000882265488994,0.0004893971102129331,0.9999998722740754,9.038728777075809e-06,0.00012593887911653684
206,0.0024697812484571692,0.0024315382213798233,0.7071026004915248,0.7071024679497913,0.500500309315976,2.7119641042499206e-05,0.9999939937873682,1.384744902054783e-05,0.0034657556117934133
207,0.00012991702272492492,0.00011297654108532577,0.7071067721612495,0.7071067692516932,0.5000263753375108,1.1996906579996907e-05,3.0422097155161886e-07,0.9999999851788882,0.00017175041735560296
208,0.0028728257595848094,0.002082218806222366,0.7071037154228784,0.7071009453197973,0.5005844571093045,0.0005607804225482459,0.000288820584334319,0.9999936638897571,0.003503468041756161
209,0.7071023909044853,0.7071023820294755,0.0024942590566464987,0.002493236389639607,0.5005210257557874,2.540956448664056e-09,0.00010612986618488167,0.0035250946636636313,0.9999937812026953
210,0.7070659025255887,0.7070658988847419,0.007604083406851389,0.00760325493926585,0.501549006700771,6.451449423746139e-09,8.679552095940756e-05,0.010752861789652306,0.9999421825435029
211,0.7008071150540001,0.7008058930077111,0.0941865580104693,0.09417742558434306,0.518671997055014,0.9910900588744235,0.13319000934443392,0.0009573977144229474,8.650146407662605e-07
212,0.004933322660598479,0.002217197879770941,0.7071033050648046,0.7070895716438863,0.5010119483695542,0.00505123562604616,0.9999843559383975,0.001426267707461058,0.0019335608502959736
213,0.7071064438757043,0.7071064405311952,0.000699435401596046,0.0006960459993664,0.5001856273180172,0.9999995131549253,0.000383646389249854,0.0009091234032051658,2.3628566343111565e-09
214,0.15109272548858055,0.15044869613906592,0.6909161959528236,0.6907756425238936,0.5296027651151218,0.21322198117671384,0.9768932158229157,0.014690916015732103,0.0004567368932464238
215,0.7071057087856114,0.7071056946951,0.0012395683682722251,0.0012315042743392519,0.5003515926313615,9.804678965877294e-09,0.0013910115168192423,0.0010574589719762873,0.9999984734325559
216,0.7071067806121708,0.7071067806111175,2.8526852325683218e-05,2.8500735448485096e-05,0.5000061707515113,0.9999999991869641,4.023145427934168e-05,2.739217275995773e-06,7.37319102370247e-13
217,0.7071067430735896,0.7071067375820177,0.0002483266341406469,0.00024769021444793316,0.5000591489185098,0.9999999384917202,6.78085492017473e-05,0.00034411997938515586,1.5565391565894298e-10
218,0.015000119760379361,0.014788441803617918,0.7069521214262265,0.7069476617170436,0.5030270943404277,0.02106368618466089,0.0004636864331623697,0.9997780170573515,0.0001507584785129016
219,0.001163949998457345,0.0006559430782385317,0.7071064769457927,0.7071058232120784,0.5002368195982767,0.00035924987038979796,0.9999991051740125,6.789916530642231e-05,0.0012868490279437544
220,0.0001669675187526732,0.00013972168123175366,0.7071067673823043,0.707106761473717,0.5000338337118103,0.00021685668936012972,0.9999999762996581,6.195528157257973e-07,1.9325547971953958e-05
221,0.03224829487853061,0.02550656501508683,0.7066465984784401,0.7063710409391413,0.5068679277852108,0.0047595037050708385,0.9987354462877199,0.028930450170453773,0.04083974174652593
222,0.004294226952330452,0.00428927032462721,0.7070937718295079,0.707093741744954,0.5008693838543186,3.4928553271309203e-06,3.1420953265546327e-06,0.9999815807129088,0.00606944913775629
223,0.001072459486548438,0.0005447644102592368,0.7071065713396643,0.7071059678935315,0.500217829090187,0.0011428747828656127,0.9999992745464669,6.299939798670559e-05,0.00037519973835640206
224,0.002860951351944479,0.002777487107834753,0.707101326236462,0.7071009934637057,0.5005802682846402,0.0039869796461460905,3.48710881756513e-05,0.999992049621761,5.8911574397621385e-05
225,0.7071066607481665,0.7071066607357297,0.00041272650218488686,0.0004127051941303254,0.500084330066878,0.9999998296656143,0.0005836641527972432,2.2135056804765428e-06,8.650498408141755e-12
226,0.009275177126788834,0.009038279723232508,0.707049014920214,0.7070459469446057,0.5018842802890974,0.012949584241935127,0.999916085443479,0.00032040884647377535,0.0001663656295600797
227,0.707103971058504,0.7071039526007937,0.0020000540830118862,0.0019953856383564264,0.5004704664099958,0.9999960091019466,0.0004944326966839143,0.002781603222816201,9.36421085613437e-09
228,0.006577098536238698,0.006409512058529253,0.7070777313387582,0.7070761923405695,0.5013356932442142,0.009182917658373233,0.9999578161380066,0.00016085556248486297,0.00011871505111909114
229,0.06172962305730457,0.06087171596571234,0.7044818196345375,0.7044071646692717,0.5125290856045156,0.08669226771163177,0.007734877821665765,0.9962049284650603,0.0006024005494999062
230,0.70710677434792,0.7071067743451397,9.836265275961222e-05,9.834266342490842e-05,0.5000203097379102,0.9999999903267545,0.00013907602468591528,2.085728883522654e-06,1.9440245323187808e-12
231,0.0037146436390299033,0.003709304968935343,0.7070970520774711,0.7070970240516059,0.5007535249647056,3.7815784301243654e-06,2.927146273481968e-06,0.9999862211404312,0.005249524399144968
232,0.006818057523742126,0.0067906114669665715,0.7070741740411005,0.7070739099214471,0.5013856247173164,1.9353805351130313e-05,2.7508884011477588e-05,0.9999536993935114,0.009622782233978538
233,0.004093298268167399,0.0036798889897623702,0.7070972057765618,0.7070949334490286,0.5008319484618985,0.005496421758192127,0.00023826101953341989,0.9999848231638291,0.00029329429798196293
234,0.0002896504075351634,0.00021531905995414227,0.7071067484034502,0.7071067218621524,0.5000587386155044,5.277693065889631e-05,2.752282762281715e-06,0.9999999348663804,0.00035703536485206594
235,0.7071057054120662,0.7071057047766246,0.0012338040172618393,0.0012334397853928046,0.5002547166330089,0.9999984781758137,3.805582897264993e-05,0.0017441897290955786,4.55931425013881e-10
236,0.7071001204621364,0.707100105525237,0.0030725829848260965,0.003069143599153955,0.5006710977691023,1.0629738312741689e-08,0.0003609897887929688,0.004327827977549218,0.9999905697512199
237,0.00014482887190315886,3.966309598275791e-05,0.707106780074154,0.7071067663546976,0.5000294013952166,0.00013027242886801192,1.4217036808550119e-06,0.999999988724707,7.468371707747177e-05
238,3.698331971259109e-05,2.2707418817867934e-05,0.7071067808219451,0.7071067802193918,0.5000075138838906,4.222436072211979e-05,6.273964420243169e-08,0.999999999058303,1.0024777700383183e-05
239,0.004053015678803143,0.0009782610284217743,0.7071061044888304,0.7070951654932424,0.5008293702488449,0.002187018872730171,0.001143063254224247,0.9999906546941735,0.0035497717085292953
240,0.0035044085017840463,0.0007300707895975217,0.7071064042961598,0.7070980972404427,0.5007169386549767,0.001961682224853992,0.9999932180737664,0.0008659816232411035,0.0029942753971356328
241,0.006079289794718393,0.005719676289737389,0.707083648024157,0.7070806476177955,0.5012306684243266,0.008343058479979482,0.0003146729744625125,0.9999651136513067,0.0002565861788829851
242,0.0019623754624919767,0.0018294306263491888,0.7071044146260048,0.7071040581714587,0.5003987209942716,9.37158906605965e-05,3.7286569400408485e-05,0.9999964004314429,0.002681221961019393
243,0.7071051517757656,0.7071051546910719,0.0015190983771093598,0.0015180026917297805,0.5003237421362794,0.9999976940013164,0.0021445014609847977,0.00011447940980465131,1.660197390719172e-09
244,0.0007800958839819751,6.344225400373433e-05,0.7071067783404992,0.7071063508768757,0.5001584217204446,0.0005938209388727043,0.9999996927087457,4.480966019269995e-05,0.000509854097124887
245,0.004023316296908666,0.0016610464586517383,0.7071048302229739,0.7070953351040957,0.5008232350476755,0.0016745549601863124,0.9999900322517602,0.000994609349587156,0.004017712663703785
246,0.004767714796558361,0.0046320856677961415,0.7070916091867923,0.7070907076860877,0.5009743184461621,9.529029584221275e-05,0.9999779016979334,9.377728040203997e-05,0.0066466714513486545
247,0.707106781136066,0.7071067811358338,8.468899029220797e-06,8.449484217367315e-06,0.5000019955023601,1.589008169368205e-13,1.1784270983384757e-05,2.060823062961113e-06,0.9999999999284443
248,0.7071038574527637,0.7071038451833018,0.0020376768603092865,0.002033414718996669,0.5004690060596436,0.9999958565402107,0.002842913001665762,0.0004524909628180271,8.847844887031096e-09
249,0.7070955021622592,0.7070954957715742,0.003995911662317804,0.003993848006870736,0.5008395893806831,0.9999840408066943,0.00021597545465647033,0.0056454837275488395,8.27060790128638e-09
250,0.005399957062777657,0.003837916412227564,0.7070963657082928,0.7070861619801081,0.5011032787936369,0.0065317883277035155,0.0010633752001819221,0.9999774897940551,0.0011067428272945744
251,0.00905068069170887,0.008625676853850295,0.7070541688585372,0.7070488562886024,0.501844235777529,0.00029986892939536157,0.9999216847548125,0.0005542890540961835,0.01249908794174222
252,0.0007748289298830082,0.00034840112841814637,0.7071066953555578,0.7071063566678872,0.5001572632213616,0.0003032729839777433,3.524365030766763e-05,0.9999996385072729,0.0007935796834949349
253,0.00041396809388257334,0.0003288727584881404,0.7071067047077888,0.7071066600099426,0.5000842036653863,0.0005252975039571503,0.9999998602257468,4.648868910143967e-06,5.991165466549495e-05
254,0.7071067787041257,0.7071067786760457,5.958510607847104e-05,5.9250936806322386e-05,0.5000163425299529,1.9507978338246445e-11,3.946391742717412e-05,7.418664030747478e-05,0.99999999646947
255,0.00038101979514063787,0.0002567341525580977,0.7071067345794239,0.707106678531547,0.5000774830692388,0.00045100128764088466,0.9999998944387405,5.831015425860139e-06,8.767181944617318e-05
256,0.0010565541400912762,0.0007249796256891977,0.7071064095343396,0.7071059918381062,0.5002149130370301,0.0012598275805102963,4.35725492015196e-05,0.9999991780993275,0.00023395849203232277
257,0.7070431883696434,0.7070425103730196,0.009533547368065382,0.009483131344109937,0.5025652895946241,0.9999095867598542,0.005872673248847675,0.012096694359247723,4.803970026836578e-07
258,0.7061834657844311,0.7061833087632395,0.036126644242204395,0.036123574749585094,0.5073148834454811,0.9986941238052299,0.00032187206664764645,0.0510876058869896,1.1075866975503319e-07
259,0.7071057678153645,0.707105759416935,0.0012020812781541048,0.0012002386484812435,0.5002706441398674,0.9999985572128527,0.00019348939195881385,0.0016876415697049234,2.192414316224773e-09
260,0.0008639518364173619,0.0007300845364696379,0.707106404281963,0.7071062533928135,0.5001751109783319,9.552298337128039e-05,0.9999993601575289,1.57582354830273e-05,0.0011270809934023679
261,0.7071026385290823,0.7071026040268653,0.0024320421384177514,0.002420451447652074,0.5006408931332325,2.8878923197666817e-08,0.0031700663292247577,0.0013130474636493855,0.9999941132755866
262,0.5984813906113249,0.5984365981755072,0.3766611712987289,0.37658999600618526,0.5618056785479323,0.8463488263883134,0.007427366459449768,0.5325772218970186,3.186006104721758e-05
263,0.0003120174016846071,0.0002696866122548076,0.7071067297580548,0.7071067123462629,0.5000633477235628,2.9875114147740276e-05,0.999999914955467,1.824964504194991e-06,0.000411331016747033
264,0.7071067578827237,0.7071067578808551,0.00018154673999677768,0.00018153946187684524,0.500036858892478,1.3290805359912429e-12,7.599782603564084e-07,0.0002567395907432976,0.9999999670420953
265,0.0012204145917817575,0.00011568700342634966,0.7071067717229959,0.7071057280125963,0.5002484412643747,0.0007742655302498718,0.9999992426536608,0.00010907266473882616,0.0009504252454888221
266,0.0020964916163819444,0.0019017201836987673,0.7071042239022065,0.7071036732494758,0.500425457199588,0.00013670948211821768,5.71274665877386e-05,0.9999959924518179,0.002827211925580752
267,0.7071067811857521,0.7071067811857518,1.0603287852577824e-06,1.0601111958085686e-06,0.5000002254140753,0.9999999999988751,1.4992048221233817e-06,2.2754815906055035e-08,2.299362217116729e-16
268,0.0011443442585147526,0.0007040325796087689,0.707106430700589,0.7071058552127948,0.5002326891449567,0.001306640492065112,0.9999990956194852,5.97875973152806e-05,0.00031285184935061485
269,0.707106781034849,0.7071067810328906,1.4741343458969244e-05,1.4647092580787777e-05,0.5000041685167101,0.9999999997840813,1.6979278378255165e-05,1.1981178314305336e-05,1.375863875290417e-12
270,0.7071067747391899,0.7071067693121038,0.00012958780495321163,0.00012871876722275952,0.5000370901275439,0.99999998331924,0.0001199085656693787,0.00013778046344475287,1.1158184137849268e-10
271,0.005189691103297359,0.005010679567439083,0.7070890276978447,0.7070877364985748,0.5010500921102015,0.00012768678231830474,0.00013570466273368824,0.999973970552037,0.00721273171004868
272,0.7071055491678268,0.7071055433105882,0.0013231097614307679,0.0013227950092259135,0.500272635569045,4.192249341547227e-10,3.3085824963232423e-05,0.0018706446496897459,0.9999982497954328
273,0.7071067354172288,0.7071067297836541,0.0002696194840439627,0.0002686599507792086,0.5000673371003638,2.630080152987133e-10,0.00010417687546977041,0.0003660874403010508,0.9999999275635798
274,0.000898591066019594,0.0006517883833167047,0.7071064807876544,0.7071062102217086,0.5001825408793038,0.001096567932835972,0.999999383451852,2.8318280505012612e-05,0.00017272161461860064
275,0.7070984918242654,0.7070984821099597,0.003425871829244442,0.003423866213600734,0.5007219223284702,6.927764446533495e-09,0.00021017949817473896,0.004838933995994811,0.9999882702023861
276,0.703960987374436,0.7039544720651696,0.06669408714009159,0.0666252823994826,0.5142808197347809,4.619296206415335e-06,0.007186209204834228,0.0939967441538551,0.995546568707062
277,0.7071067801384462,0.7071067801281706,3.868812845212869e-05,3.849986200947678e-05,0.5000102753208074,7.249506166678886e-12,2.1352193645088857e-05,5.023041393836797e-05,0.9999999985104951
278,0.7071057432071944,0.707105743090301,0.001211647107866496,0.001211578888109646,0.5002482159431852,8.077493086480174e-11,0.0017134647644521056,7.114569230978098e-06,0.9999985319928655
279,0.7071004885568234,0.707100492804789,0.0029833748907480786,0.002983133034529386,0.5006056790542491,0.9999911001561763,2.5330710993172824e-05,0.004218882173695682,7.223302049881977e-10
280,0.7071065710947523,0.707106568960067,0.0005478444319518941,0.000545082215436858,0.5001463642411755,0.9999997013758836,0.000315299927431256,0.0007055735957135101,1.521610144457467e-09
281,0.0024031271077820187,0.002333608239692517,0.7071029304652806,0.7071026976190289,0.5004873617062484,4.901636498165722e-05,2.4418479637616654e-05,0.9999943893124769,0.0033493797498166085
282,0.003437119776990334,0.002519771837830663,0.7071022915744836,0.7070984275245132,0.5006986939374097,0.004211935942521496,0.00040270474184656886,0.9999908373512312,0.0006501062160894662
283,0.7071067811146821,0.7071067811138315,1.014078807073341e-05,1.0081304766152335e-05,0.500002809190656,0.9999999998977657,1.2395222849162891e-05,7.1292874120184765e-06,6.035459212888008e-13
284,0.707105584437474,0.7071055893977204,0.0013011122428638118,0.0013009447860534223,0.5002663101397775,0.9999983073233631,0.0018398492082983857,1.7472710536414084e-05,2.1982577128793374e-10
285,0.0007177218403893313,0.0006870924568955889,0.7071064473641595,0.7071064169383275,0.5001456366154229,0.0009933546614932158,0.9999995063845358,3.1635358966417126e-06,2.161466896229453e-05
286,3.234970121678042e-05,1.046503775013455e-05,0.7071067811091079,0.7071067804465585,0.5000065736287387,1.541625290737271e-05,0.9999999994219884,6.937677317146335e-08,3.030444403944884e-05
287,0.003535565416555043,0.0035057730698112408,0.7070980904764118,0.707097942138984,0.5007167141825369,2.1133986953864256e-05,0.9999876044693791,1.5497321539973857e-05,0.004978977885297982
288,0.7071062044901337,0.7071061992131438,0.0009072124003529262,0.0009072056707810938,0.5001842088884588,6.100116185830457e-12,7.021599275796506e-07,0.0012829871298742357,0.9999991769714247
289,0.01905956821394856,0.018504657737015994,0.7068646105500858,0.7068498658551852,0.503863117365914,0.02656188665468202,0.0015399095605967937,0.9996459069021207,0.00039455001839968203
290,0.5848973051060682,0.5848794136999338,0.3973865594011852,0.39736021753522704,0.5631578513350475,0.8271570466174468,0.5619640951162458,0.002752430295918202,1.259827700638098e-05
291,0.7070997791305799,0.7070997781885752,0.003147012180901432,0.003146800515472431,0.5006428702878435,6.547144630111755e-10,0.004450342536136711,2.2146376042628976e-05,0.9999900969313884
292,0.0006733702726774394,0.000657109998451494,0.7071064758623341,0.7071064605647975,0.5001360950838423,1.1599756416240037e-05,0.9999995573880913,1.5959878144631128e-06,0.0009407903697645378
293,0.7037482202623795,0.7037481410326856,0.06883715561409567,0.06883639947531955,0.5137481094200157,5.2578405900218976e-08,7.869758201745284e-05,0.0973498725857183,0.9952502178418413
294,0.001117104177432116,0.0001998023881089597,0.7071067529581406,0.7071058987720856,0.5002268803892328,0.000924661808024005,8.921409893684159e-05,0.9999993520988546,0.0006579082423276391
295,0.7071052261923775,0.7071052056837603,0.001492680449901754,0.0014829333852705029,0.5004238011750504,0.9999977864043733,0.00128215798856784,0.0016683096963754688,1.436218089241756e-08
296,0.7069647137356139,0.7069647078305618,0.014173986102962085,0.014173691569948634,0.5028677617410837,4.190019673597178e-09,3.0816078213939216e-05,0.02004481142680866,0.9997990821086157
297,0.0003682974074511072,0.00020557754735936037,0.70710675130271,0.7071066852724701,0.5000745931854993,0.0004056255916308773,6.917269364413971e-06,0.9999999110235183,0.00011564163492271171
298,0.03189708556899957,0.03164628378857954,0.7063982677798496,0.7063869873746282,0.5064483849007619,0.044931949436898225,0.0011729715161789944,0.9989893456851269,0.0001768197483736155
299,0.005978030272991012,0.005810529434222454,0.7070829072659681,0.7070815109688945,0.501214731291043,0.008335769164790193,0.00014623416553474853,0.9999652391545008,0.00011853557312274183
300,0.014308222210146087,0.008785666123116235,0.7070521989717337,0.7069620037718972,0.5029837770998258,0.003904079614691677,0.009407937509036169,0.9998147716251079,0.016330073925244156
301,0.7010708428169378,0.7010654752741566,0.09223448042149336,0.09219367305813586,0.5187983834225275,0.9914600986700252,0.004261880581080051,0.1303407423044917,3.8281903874939955e-06
302,0.7071067673613747,0.7071067673497339,0.00013988641277173626,0.0001398275577531145,0.50002912698543,0.9999999804400219,6.1562541740946185e-06,0.0001976918180398195,8.230686918339884e-12
303,0.7071067811379877,0.7071067811378737,8.296757308269717e-06,8.287036542337128e-06,0.5000018262102706,0.9999999999312457,1.0188797274425554e-06,1.1682167632223247e-05,8.065443374530719e-14
304,0.7071022757422862,0.7071022630842826,0.0025277541585277306,0.0025242107835266796,0.500563232301951,8.905849798063169e-09,0.0003704266446590241,0.00355302199072188,0.9999936193890612
305,0.0011832327838527635,0.001085658420880841,0.7071059477516749,0.707105791208204,0.5002395837041145,0.0016043311112755435,1.637289655943433e-05,0.9999987105181203,6.939533850931592e-05
306,0.7055999968530438,0.7055991592458477,0.046150043028742316,0.04613723486498258,0.5094608578601094,0.9978684928822612,0.0013323548694064871,0.0652433578461693,5.896605183025375e-07
307,0.7071057838943701,0.7071057816529772,0.001188929320294576,0.0011875955224594796,0.5002598629611225,1.5948980443626563e-09,0.00013995449511118292,0.001674618999330923,0.9999985880309731
308,0.7071053874055405,0.7071053730595959,0.0014111662731332573,0.0014039594228558805,0.5003787317787918,1.0090097837359842e-08,0.0018124871592287816,0.0008230325686662749,0.9999980187518823
309,0.7070667539598858,0.7070667375408465,0.007525201880518881,0.007523658992075507,0.5015460820288751,1.175607834907998e-08,0.01063993196524103,0.00016110787269951022,0.999943381343177
310,0.0014766595476320967,0.0014273533546110906,0.7071053405698476,0.7071052393219693,0.5002993305538517,0.002053449291997552,1.0515434312895911e-05,0.999997891011979,3.4742247010165374e-05
311,0.0007025179281963362,0.00042384098830377674,0.7071066541610356,0.7071064322070322,0.5001422943872141,0.00019754524414316001,0.9999996631425703,2.3283445522838162e-05,0.0007963344142507056
312,0.7071067232010962,0.7071067226265301,0.0002877783532825349,0.0002863630937153199,0.5000765416556904,4.0235022497450467e-10,0.00016111571952271328,0.00037264182130149453,0.9999999175899089
313,0.7071049005724916,0.7071048807185931,0.0016416803917650054,0.0016308238319160343,0.5004670648205151,0.9999973226459802,0.0014870687344974828,0.0017729431627469215,1.762395974951425e-08
314,0.7070538875115295,0.7070538637460375,0.008650650946533077,0.008648708275357396,0.5017805252253593,1.6776611300771513e-08,0.0122308022197124,0.00020345440095368694,0.9999251802426855
315,0.704346712861085,0.7043461404268815,0.06242206713778968,0.062415667129991734,0.5124880272965722,0.9960962654436548,0.0006683954209787114,0.08827107803011057,4.073120484098551e-07
316,0.6577804711155244,0.6577148191294122,0.2596367147144523,0.2594703293616371,0.5488676856520718,4.644386981175796e-05,0.36665151792846684,0.017399420895579835,0.9301956366250125
317,0.7071062935053706,0.7071062870129267,0.000835982530455192,0.000830472814382569,0.500237504492531,0.9999993057238146,0.0007378706395908747,0.0009187484997998774,4.604103367408983e-09
318,0.7065489402415274,0.7065474479056899,0.028119589304290534,0.028081934469924383,0.5061830620416858,1.0598228388322493e-06,0.003956951652196606,0.039543000389920806,0.999210034803824
319,0.037164205211916664,0.03705567101734559,0.7061351692455532,0.7061294653609622,0.507501492363946,7.679215032436264e-05,0.0005945243061154684,0.9986217229948757,0.05248137771195464
320,0.7070801003345246,0.7070800695955926,0.006146757764456961,0.0061426143410122655,0.5013042807429324,0.9999622421162162,0.008679091503063526,0.0004332581664227798,2.5359350342998966e-08
321,0.0028005721693802684,0.002750553106063891,0.7071014315199852,0.7071012351817282,0.5005709468671917,3.516665753853764e-05,0.999992295385837,2.05451520655625e-05,0.003925240141874455
322,0.0005260895008955465,0.00011227725502831372,0.7071067722726334,0.7071065854804639,0.5001067947578633,0.0002933691009386436,1.9598036213670467e-05,0.9999998551197794,0.0004509001168323636
323,0.7071067811831545,0.7071067811831507,2.1911485729054626e-06,2.1899152191316736e-06,0.5000004736311775,0.9999999999951992,1.2873914685038826e-07,3.0952038652725947e-06,2.7353392717172253e-15
324,0.7070423647396074,0.7070418202184255,0.009584595046833613,0.009544341958466627,0.5024625207538767,0.9999085163524748,0.012773590392630575,0.004449080142369876,3.9176166374837294e-07
325,0.05821079871898412,0.0579709615506856,0.7047264487848356,0.7047066786732673,0.5116703507374594,0.08215290963124763,0.9966175856509861,0.0020636266118118063,0.00016986912663510953
326,0.07728436645085617,0.07001563835661935,0.7036318713543531,0.702870632977651,0.5170400918364138,0.005131033451256876,0.9913254791811393,0.07999207094654831,0.104157262866865
327,0.707102292501318,0.7071022400098944,0.0025356702313080134,0.00251951173445789,0.5007147842104472,0.9999936111981396,0.0029068463182581506,0.002080338285962569,4.049955921850364e-08
328,0.000655835448424816,0.0005477636277696383,0.707106569022668,0.7071064770456145,0.500133372235744,0.000851131665162265,9.64250200045578e-06,0.9999996348708793,7.576285527677454e-05
329,0.7065207080374976,0.7065205602565543,0.028787243340905978,0.02878348683174742,0.505859999641849,1.09724968199731e-07,0.04070677124837374,0.0003914944373634091,0.9991710591818735
330,0.6861541243417087,0.6861522418701557,0.1708657396219461,0.17085817992960753,0.5326585010104017,1.323962918987106e-06,0.2416340103725074,0.0007897193880288608,0.9703671374138889
331,0.7071067811859632,0.7071067811859584,9.126267062997168e-07,9.089107392873392e-07,0.5000002396952654,0.9999999999991703,4.0765422907833897e-07,1.2218118785467233e-06,3.3913667991644325e-15
332,0.7071061154806183,0.7071061179053064,0.0009723535675076043,0.0009702834174464176,0.5002259661970259,0.9999990565388697,0.001356198360622717,0.00021828279148966313,2.0389239137949414e-09
333,0.005839103045144584,0.005502343438651781,0.7070853726510931,0.7070826718818863,0.5011864088235864,0.00023834879089453738,0.9999677742139091,0.0002821815786902961,0.008019607040848569
334,0.006302934655593414,0.005580722821277428,0.7070847583796399,0.7070786894078543,0.501281464861537,0.0005111480261410431,0.000633658477934147,0.999964362877226,0.008402986384374266
335,0.7071067810471645,0.7071067810470326,1.4046576489044265e-05,1.4039936853832415e-05,0.500002951291401,9.402908411225516e-14,6.946680746783573e-07,1.9848011844721266e-05,0.9999999998027896
336,0.7060185059334267,0.7060184295297984,0.03921705195799807,0.039215676451277375,0.5079057341439929,5.3602134757026666e-08,0.055460127195433175,0.00014399747902722504,0.9984608923519182
337,0.0006947701230489366,0.0004756639133318246,0.7071066211992696,0.7071064398621176,0.5001410985691939,0.00015514133110668693,0.9999996453384288,1.9009026296450833e-05,0.0008275825313822878
338,0.00028679705055547787,4.290001967012757e-05,0.7071067798851793,0.7071067230252109,0.5000582418064073,0.00023352189317579888,0.9999999579359434,5.928889958009269e-06,0.00017193162544184058
339,0.70710634510305,0.7071063495631681,0.0007860394516978374,0.0007853120392362484,0.5001691770901453,0.9999993827132931,0.001108474923279997,7.652687798569296e-05,5.693882339377435e-10
340,0.004878758806527622,0.0048598179008123325,0.7070900806615554,0.7070899502273398,0.5009869434417857,1.3433041402896421e-05,0.9999762895672533,1.36299747100137e-05,0.006886213551344854
341,0.0027022091858784035,0.0025248780193529844,0.7071022733600754,0.7071016179203066,0.5005475528654236,0.000125577660586842,6.861260710353724e-05,0.9999931591510077,0.003696102507780191
342,0.6898627590566085,0.6898620701731409,0.15521057997581222,0.1552075414910263,0.5298704778210362,4.835510129067965e-07,0.2194985284758859,0.0003179135690410657,0.9756127791945169
343,0.02506227397458503,0.01916664903750788,0.7068469704006923,0.7066624954129,0.5052637070984236,0.03127744162216051,0.9993143992604031,0.01937145886721773,0.004147246999698213
344,0.0026218529749076425,0.002593393610495221,0.7071020253892516,0.7071019204379088,0.5005322423460967,0.0036877366943043944,0.9999932000147741,1.0989674165068049e-05,2.0037825989750523e-05
345,0.00041468737478153806,0.0003635501060575166,0.7071066877291704,0.7071066595884805,0.500083774579644,0.0005502781169803532,2.9386307236344263e-06,0.9999998479285198,3.644574584491618e-05
346,0.0052672196542567,0.002071539666921355,0.7071037467892608,0.7070871632246738,0.5010801710320872,0.002282890212182059,0.9999824769661064,0.0017351891131513145,0.0051791207513380184
347,0.0009739141724987298,0.0009647326700857618,0.7071061230755076,0.7071061104892138,0.5001978325663109,6.4760254623475196e-06,0.9999990603897202,1.317648998577339e-06,0.001370830405709948
348,0.6843616308034649,0.6840799567934899,0.17898215752977345,0.1779021030921716,0.5462245970812578,0.967634326222816,0.13349629094360785,0.21415534385798063,0.00019929344771941158
349,0.0004529727530091187,0.00030776301666090054,0.707106714210751,0.7071066360993138,0.5000917988227775,0.0005379007699487039,8.171268567897896e-06,0.9999998500154101,0.00010278690473819593
350,0.7070984485755168,0.7070983715505776,0.003448615739859056,0.003432786345990448,0.5009031503012451,5.4894099596136915e-08,0.004532150939465501,0.001771039378535686,0.9999881614436138
351,0.7071065458806421,0.7071065457567324,0.0005770164484853633,0.0005768645830849204,0.500119580092765,0.9999996671395801,1.5886241640484982e-05,0.0008157624386835552,8.653357696274693e-11
352,0.6996352627358381,0.699608396888117,0.10270393553890678,0.1025207253999092,0.522672233744857,1.8922463737578546e-05,0.14382614614227132,0.01930381303176987,0.9894146765285902
353,0.0933323332770275,0.09314985925742746,0.7009444369708046,0.7009201634744592,0.5184649858270992,0.0001297926819407732,0.9912647217230898,0.00253589286577087,0.13186282216179207
354,0.7071067809900677,0.7071067809883388,1.6742476995306538e-05,1.666929162179243e-05,0.5000043533115545,0.9999999997209132,2.2190157820083627e-05,8.110037917945248e-06,1.2310757727294452e-12
355,0.7070930371862836,0.7070930102302866,0.0044130356303740065,0.0044087144022003835,0.5009543762750566,1.913980709295499e-08,0.0004528931276821092,0.006221457543857221,0.9999805439876575
356,0.012458604631998797,0.011789181539131124,0.7070084972605388,0.7069970177946944,0.502541414384403,0.00047035299955389283,0.0012002653141334342,0.9998521679390273,0.0171458566072058
357,0.7071067811496239,0.707106781149498,7.238400880631447e-06,7.2260967493371345e-06,0.5000016495870713,0.9999999999476933,1.0146781994198144e-05,1.2859769444757478e-06,8.902021881895631e-14
358,8.002562627677582e-05,1.4210854715202004e-14,0.7071067811878281,0.7071067766581649,0.500016249318389,5.444380011186332e-05,4.7151748927938135e-07,0.9999999967987445,5.8635851915719606e-05
359,0.7070975365087947,0.7070975406985313,0.0036159906763308532,0.0036157797489571332,0.5007368396512798,7.536659547104492e-10,2.1935311211759985e-05,0.005113586863093481,0.9999869252886432
360,0.006069083269319166,0.005671497998709938,0.7070840361021111,0.7070807352970883,0.5012319728189287,0.00027914837562934805,0.00034295861152299146,0.9999654407618864,0.008301911675251922
361,0.015248157162039326,0.014663629185400562,0.7069547213075986,0.7069423552926387,0.5030923444472598,0.021150830320048396,0.0012924921008671442,0.9997753753468713,0.00041314760977859626
362,0.006924981171978572,0.005753711489413001,0.7070833718905402,0.7070728708101924,0.5014106199660271,0.0008281331475507532,0.9999588703405135,0.0010941056565665899,0.008965196909471012
363,0.00026999154758850316,0.00020291809236494025,0.7071067520708939,0.7071067296416893,0.5000549230741175,0.00033441012879664944,0.9999999429616556,2.3451269347817698e-06,4.733976907917653e-05
364,0.7071067716328706,0.7071067716300043,0.00011625399712030147,0.00011623656208528076,0.5000237799088069,0.999999986487034,0.00016438560754208624,1.8172079879873603e-06,2.0404562999536773e-12
365,0.7024336756528127,0.702431914138352,0.08117520188612282,0.08115995755432427,0.516324436436897,1.2559765461014637e-06,0.11477728191966792,0.0015898637066095193,0.9933899777463777
366,0.7069645835166081,0.7069644762561977,0.014185794333754501,0.014180185231069752,0.5029541273308478,0.9997988225567802,0.0005858774969548266,0.020049218479172504,7.938872381701833e-08
367,0.01173608669323439,0.010407412498217493,0.7070301873082208,0.7070093806090091,0.5024020660209776,0.0009333585501003501,0.0021736497960642333,0.9998746047784176,0.015658186599862758
368,0.07728980702701618,0.07329032981661567,0.7032983204552246,0.7028700348082085,0.516244032518557,0.0028328407670215306,0.9933087689551673,0.04463746076114388,0.10647610824167482
369,0.7071067811258398,0.7071067811252334,9.311711167824504e-06,9.265547701474448e-06,0.5000024809793595,0.9999999999137178,5.234365857875185e-06,1.2048226141104619e-05,4.32557106626625e-13
370,0.000712443824925081,0.0004660364162596474,0.7071066276100507,0.707106422275881,0.5001445398483926,0.0008334420957604945,0.999999637383797,2.159005257352126e-05,0.00017360995930063995
371,0.7071067811419075,0.7071067811418382,7.951591494234987e-06,7.945431226844258e-06,0.5000017090629288,0.9999999999368208,1.122235898052467e-05,6.452469170320901e-07,4.84797062655346e-14
372,0.7071052087962246,0.707105207834586,0.001491661223696957,0.0014912053000727939,0.5003093726143918,0.999997775624299,4.739944191571546e-05,0.002108672508037314,6.859913346285289e-10
373,0.7071054387725847,0.7071054331996607,0.0013807025462301396,0.0013805465576785705,0.5002816085992302,2.1287394582370157e-10,1.633152450248453e-05,0.0019524296659270387,0.999998093874025
374,0.7071066818912156,0.7071066816360768,0.00038501454259412304,0.00038454567654847813,0.5000844853744724,0.9999998519442043,0.0005419356040583174,4.9166822299547495e-05,1.809196586108683e-10
375,0.7070910391469598,0.7070910334889936,0.004719148171582851,0.004719089794187622,0.5009612370798359,0.9999777296680392,0.006673839307455109,6.0703563873103205e-06,2.7112105189116144e-10
376,9.494953196169751e-05,4.84403444726793e-05,0.7071067795273456,0.7071067748116882,0.5000192912668153,3.274236672813867e-05,4.932691779708766e-07,0.9999999943189394,0.00010143874020026733
377,0.7071067837942304,0.7071067837634584,6.169509709800357e-05,6.134139408526023e-05,0.5000169559444058,2.1969929425566392e-11,7.590807841595791e-05,4.250900216956493e-05,0.999999996215481
378,0.7071000798527018,0.7071000517189666,0.0030849406859762246,0.0030784853912196614,0.5007136624687585,0.9999905029892348,0.004304203788870388,0.0006839306133067443,2.008785180460472e-08
379,0.00043004567158536473,0.0004068438993214076,0.7071066641448398,0.7071066504147179,0.5000876176279002,1.6347634221442648e-05,1.4296731531443661e-06,0.9999998247683456,0.0005917719095392388
380,0.0008529475628908029,0.0007692893270555891,0.7071063627163412,0.7071062667523584,0.5001732343433898,5.8945174484349426e-05,1.0029831216425027e-05,0.9999993402866796,0.0011471055226822036
381,0.0003823894796368095,0.000354522960205258,0.7071066923127457,0.7071066777921753,0.5000775504755275,1.9813576664529155e-05,0.9999998640447232,1.5149229352557694e-06,0.0005210716511472945
382,0.0006823729077208733,0.00044222189217124673,0.7071066429045904,0.7071064519343748,0.5001383869100263,0.0007951477089893728,0.9999996692037523,1.998516110864125e-05,0.0001700973184881804
383,0.006113759590491258,0.005543344943248549,0.7070850523995282,0.7070803504154766,0.5012425204856404,0.0004049097125430804,0.0004915736200849756,0.9999658252289891,0.008242740904265487
384,0.707106780344882,0.7071067803385988,3.462917633629188e-05,3.4500639460301535e-05,0.500008723316518,0.9999999988052625,1.3989466612167602e-05,4.6837685690123095e-05,4.52647483862153e-12
385,0.7070401308407127,0.7070400440686468,0.009715118799247448,0.009708418035298857,0.5020665974896483,6.54936354928842e-08,0.0006980343787655553,0.01371676572803038,0.9999056770945772
386,0.7005809722924938,0.7005580495792569,0.09601259901548283,0.09584519425461344,0.5211884857193153,0.9907549037497508,0.017591487059253313,0.13451862329973724,1.626071632604641e-05
387,0.001755557269857609,0.0017121220584987212,0.7071047083976004,0.707104601893292,0.5003552293396832,0.002452018543947576,0.9999969932624926,1.1077072232053034e-05,3.079498473799315e-05
388,0.7071066934825547,0.7071066930511894,0.00035304704813531404,0.0003521820206412072,0.5000835237266682,3.078869156357683e-10,9.178548952372879e-05,0.0004901528514380713,0.9999998756628028
389,2.2802163158596818e-05,1.3766563863814093e-05,0.7071067810525374,0.7071067808188949,0.5000046243012782,6.413741582799905e-06,0.9999999996452708,2.442836929778667e-08,2.585190213962612e-05
390,0.0027142717248538808,0.0017031024090264511,0.7071047301794715,0.7071015717201555,0.5005529888109949,0.003122676736413934,0.9999948119847887,0.00032889938431209637,0.0007188314824180909
391,0.0034685708383684582,0.003463323858897761,0.7070982996642312,0.7070982739453817,0.5007026398142242,0.004901589700340183,2.680246067786338e-06,0.9999879871265462,3.717313576333254e-06
392,0.0006055310707301217,0.00023346308761720104,0.7071067426456795,0.7071065219131548,0.500122977293892,0.0002618539393417644,2.31134686302653e-05,0.9999997891464129,0.0005938058650354712
393,0.00374130212361541,0.0015827387684160803,0.7071050098379995,0.7070968835022851,0.5007651117110964,0.0015260924313759815,0.0008457274382807494,0.9999913911338147,0.0037647636396380764
394,0.002426047829521029,0.0016004183030670885,0.7071049700442316,0.7071026193502096,0.5004939520223843,0.0028470971127464327,0.00024476033528168995,0.9999957465137338,0.000584024696829477
395,0.7071067811608912,0.7071067811607865,6.0358684712794605e-06,6.023587029418468e-06,0.5000014038249695,0.9999999999636426,8.42860596888696e-06,1.293796863810934e-06,7.441045927055111e-14
396,0.7070901466444159,0.7070900977930676,0.004857324674131115,0.0048502080757784,0.5010854759550758,3.435500063695245e-08,0.006823395066554667,0.0007479312361349886,0.9999764406617943
397,0.0022501650641379273,0.0022118590917470375,0.7071033217849825,0.7071032009241525,0.5004573241842366,2.702264718426369e-05,1.263382580534783e-05,0.9999950221260733,0.003155128085220952
398,0.013643656236456752,0.01321353087205662,0.7069833114048533,0.7069751414614968,0.5027684338888965,0.00030454169907000585,0.9998192435191252,0.0008564685163993943,0.018990892682610037
399,0.7070874737059482,0.7070873901078377,0.005236673610455534,0.005225373494416599,0.5012197058456276,0.9999726359862906,0.0011958142408841042,0.007300500459550135,5.8920965333740174e-08
400,0.7071067811794401,0.707106781179375,3.1847136560039745e-06,3.17020902413331e-06,0.5000008402455468,4.6070893828511354e-14,4.1909137225273724e-06,1.6213785794089703e-06,0.9999999999899027
401,0.0016117996706104536,0.001545842029207275,0.7071050914626624,0.7071049441927423,0.500326749630074,0.0022327877008637004,1.534659686921688e-05,0.9999975061162522,4.674227546265165e-05
402,0.10559053151159421,0.10482850587002383,0.6992932035650709,0.6991785463349701,0.5210745880701178,0.14878872941441487,0.9887970795239283,0.011914685574214831,0.0005383231634678952
403,4.240091444583092e-05,3.2799393659299144e-05,0.7071067804258421,0.7071067799152846,0.5000086227691303,5.31777790519994e-05,0.9999999985631802,5.334089007986645e-08,6.764730989261968e-06
404,0.7070834132505941,0.7070831013238904,0.005787510044976243,0.00574862643508725,0.5016505830317639,0.9999667284572731,0.0056185635268342585,0.005913858495585828,2.2178594515246456e-07
405,0.0009792652251295756,0.0009179147969117238,0.7071061854010612,0.7071061030988346,0.5001992486548211,0.0013415134995759615,8.57348373530532e-06,0.999999099198872,4.3237398575873904e-05
406,0.06964574248339545,0.0696305948320128,0.7036700791303624,0.7036685800530865,0.5138780308589574,0.09848324257498091,0.99513869709555,0.00015607763823084658,1.0707046025171825e-05
407,0.7070042628390385,0.7070041513034372,0.012047302153554623,0.012040754831050781,0.5025262012713637,0.9998549308444002,0.000689434638565223,0.017018870290347158,7.947520030898167e-08
408,0.7071048848483222,0.7071048816094023,0.0016390253658890859,0.001637627441725079,0.5003533616398114,0.999997315882501,0.00014674778715261815,0.0023122916932957855,2.266970787442574e-09
409,0.7071067644152271,0.7071067643851197,0.00015414539802184853,0.0001540072249449316,0.5000333004503147,2.1159884051714707e-11,1.4438093518562223e-05,0.00021741796274020724,0.9999999762604822
410,0.7071013886162759,0.7071013827521878,0.002763061697358602,0.0027629092380088856,0.5005623239827737,4.269322652807698e-10,1.5884124774869702e-05,0.003907419237228734,0.9999923658821593
411,0.7068859904327304,0.7068859650335941,0.017670100127714885,0.017669294784767517,0.5035758937531948,0.9996877330363136,0.024988584414037923,8.405770032208878e-05,1.4199887670530705e-08
412,0.023266659031540286,0.018929107772541365,0.7068533715551902,0.7067238941605939,0.5048615726479283,0.029838046649491506,0.013493650614534431,0.9994589900789064,0.0030560621226032297
413,0.0020472333605973843,0.0019837727694323386,0.707103998465289,0.7071038175795457,0.5004150458865246,0.0028503525342386854,0.9999959365544294,1.886257576161654e-05,4.4824815038288924e-05
414,0.0003246140209576345,0.000116003265287504,0.7071067716711936,0.7071067066756987,0.5000658180114556,0.00014823556838558155,0.9999999405613308,6.807759341702623e-06,0.00031121895254796134
415,0.0007233344737844728,0.00023799491796955828,0.7071067411348978,0.707106411219157,0.5001470638976026,0.0006773943314430319,0.9999997094813518,3.439278004579167e-05,0.0003478379819301581
416,0.7071067808474041,0.7071067808472884,2.1904005147177896e-05,2.190027163480015e-05,0.5000045101617913,8.055538159950203e-14,3.097183096613957e-05,3.911850847184852e-07,0.9999999995202972
417,0.0024964848475254645,0.000757415781078955,0.7071063755343561,0.7071023741747076,0.5005093984021055,0.0012266022556576028,0.9999965096609233,0.0004177927875536799,0.0023025121200581054
418,0.00029024085307102185,0.0002409991954926319,0.7071067401173501,0.7071067216200431,0.5000590473862001,0.000375641358266379,0.9999999288379541,1.9282175338014863e-06,3.4841569701726455e-05
419,0.7071067811499935,0.7071067811499548,7.1937829244325644e-06,7.189990161993078e-06,0.5000015293569049,0.9999999999482776,1.0163142407264213e-05,3.9624197541731e-07,2.6777858479820725e-14
420,0.0008734919024045084,0.0005455729583006365,0.707106570716287,0.7071062416722799,0.500177884948693,0.0010039874225296031,3.431020358935381e-05,0.9999994690922863,0.0002294498023479643
421,0.612555258835794,0.6125541507889956,0.35323847299731514,0.35323655151601674,0.5586482855763899,7.713318130977185e-07,0.4995532397553075,0.00020194647517292734,0.8662831637905671
422,0.00033249820632484694,0.00014518803546790954,0.7071067662810433,0.7071067030123135,0.5000674506133546,0.00013254285927802992,0.9999999341611387,6.5648080363635975e-06,0.00033773808135301067
423,0.6508082497735792,0.6507108552333754,0.27672257385593824,0.27649343939170845,0.552138207901517,6.932106366671086e-05,0.3904476766532156,0.023971164014657178,0.9203129849602747
424,0.010196217655444144,0.010189181914406018,0.7070333659537735,0.7070332645254608,0.502058352403383,0.014414654266340836,0.9998961034049448,1.0633020005746564e-05,4.994388011653145e-06
425,0.7071066432988096,0.7071066413696019,0.0004529697312824968,0.00044994807069259325,0.5001292246061645,0.9999997961825546,0.00041073056426025993,0.0004888100319761993,1.3555169324555924e-09
426,0.0011786629325735442,0.001075677558128843,0.7071059630053984,0.7071057988403803,0.5002395487437549,0.0015940750383708496,0.9999987266869825,1.720169461116544e-05,7.247958145486586e-05
427,0.0037320225990651375,0.0029981362229495683,0.7071004251018277,0.7070969325398865,0.5007593404789958,0.0005154361615216564,0.00036553348098240036,0.9999884747194724,0.004759321280885651
428,0.7071067699670586,0.7071067699623941,0.0001259894858801391,0.00012596330418664746,0.5000258647947213,0.9999999841299485,0.00017813650644621723,2.736717942439556e-06,3.3338931512209e-12
429,0.7071067817160562,0.7071067816520926,8.241481064968433e-05,8.186417372502959e-05,0.5000235128014792,0.9999999932530289,8.862627562477141e-05,7.509545407670962e-05,4.555920602549381e-11
430,0.7070815184910753,0.7070815108334374,0.005978046293756771,0.00597714048204542,0.5012300239384051,0.9999642677386736,0.00845306688548272,9.437193417903859e-05,5.308395814178151e-09
431,0.7071038955252817,0.7071038883888691,0.0020226283249547396,0.002021975153286031,0.5004191647063742,1.3037208708784018e-09,6.810882958676231e-05,0.0028591554782396163,0.9999959102872056
432,0.7071067803699658,0.707106780359811,3.419328185170794e-05,3.3982636560519405e-05,0.5000095834724178,0.9999999988379987,4.042889737723288e-05,2.625841518934193e-05,7.1145758376929695e-12
433,0.7071062635845042,0.707106263034665,0.0008560240359592803,0.0008555697286432832,0.5001802251008537,0.9999992676113756,0.0012093368176764392,4.776161767549143e-05,3.868192216771571e-10
434,0.7071067116978719,0.7071067054445743,0.0003272847666215847,0.0003251498134169324,0.5000929650364112,0.9999998935811333,0.0002804587950484562,0.0003663066801296138,6.866137936144039e-10
435,0.023903872658384367,0.0236933794703721,0.7067097167644448,0.7067026283182628,0.504836001602744,0.033656337983956446,0.0007365464293146779,0.9994331824292109,0.00014923908669301872
436,0.00015889395448533868,0.00014147327079419775,0.707106767034026,0.7071067633340172,0.5000322209797555,0.00021239328580340998,3.856540233340731e-07,0.9999999773689366,1.229094247111766e-05
437,0.002313097753108616,0.00022148821841778689,0.7071067464979908,0.707102997857306,0.5004715375002784,0.001766639177281963,0.9999972236106219,0.00039152625885135447,0.001509458268262665
438,0.017274756078244583,0.01685178584122393,0.7069059465826846,0.7068957368722244,0.5034930247141851,0.02413109440790504,0.0010623646849688918,0.9997081931760703,0.00030026753071223653
439,0.004303536407791885,0.004289021366696853,0.7070937733399081,0.7070936851469833,0.5008682280997295,0.006075855629125643,9.210867438240405e-06,0.9999815417226314,1.0371300398957031e-05
440,0.7071065141584902,0.7071065172319418,0.0006170402655482811,0.0006145198342667214,0.500157774699947,1.5752798862291672e-09,0.0008249020956688642,0.0002791233572745361,0.9999996208132682
441,0.7065389031628756,0.7065388683392265,0.028334211228236213,0.028333342856110822,0.5057128241392047,2.4629492049699373e-08,9.124522142913676e-05,0.04006990788157368,0.9991968745731112
442,8.309636231958425e-05,3.6841453409274403e-06,0.7071067811769493,0.7071067763039707,0.5000168564661764,5.9909219684840975e-05,0.9999999965405799,5.100966096844775e-07,5.7701504724868164e-05
443,0.7071067817548594,0.7071067817535264,8.15398717293628e-05,8.152831159221315e-05,0.5000167381116475,9.309977705455935e-13,0.00011530026667877777,1.2102795217106693e-06,0.9999999933521914
444,0.707106780628785,0.7071067806212438,2.8274758686151816e-05,2.8085534349108048e-05,0.5000080556408315,0.9999999992058723,2.6058647532803778e-05,3.015304474171963e-05,5.423826592669395e-12
445,0.706829746376315,0.7068295551311254,0.019798484617834046,0.019791655757451246,0.5041099074516375,1.3439616914638147e-07,0.0007093577098120453,0.02798546841529716,0.9996080783833496
446,0.02774225208913169,0.02732887914224182,0.706578468653564,0.7065623592167419,0.5055722402261815,0.03894115227524152,0.0016824533463228669,0.9992400458235656,0.0002946738979825937
447,0.022993277467285096,0.022964537580974873,0.7067337759111956,0.7067328414551828,0.5046297686309978,2.0494712375277366e-05,0.9994718253015604,9.814978420929041e-05,0.032497082560782785
448,0.03460740448655535,0.03459146527173222,0.7062601719836343,0.706259391126732,0.5069449913561026,0.04893099005803001,8.176623401608973e-05,0.9988021582872849,1.1264212211308058e-05
449,0.7071066182970172,0.7071066160026737,0.0004909743592359833,0.00048765882580718227,0.5001400986667659,0.9999997605664908,0.0004897659353182401,0.0004888724582308496,1.652800530730078e-09
450,0.7071067810409333,0.7071067810393065,1.4429885323488526e-05,1.4349948951378219e-05,0.5000039388800636,1.1615726730593804e-12,1.803933186665996e-05,9.419401847288236e-06,0.9999999997929202
451,0.0030313251206445894,0.0021898584284418005,0.7071033902621029,0.7071002836005791,0.5006177746416086,0.0036923037974846743,0.9999929552160777,0.00032420116484209964,0.0005927094571679545
452,0.01602685154037384,0.012362243112579076,0.7069987092953016,0.7069251304273315,0.5033188421874469,0.0025788435854690725,0.007718209701193464,0.9997653445753814,0.02007572142746998
453,0.7067311626740952,0.7067307992175179,0.023055963162855984,0.023044819489859404,0.5047992749858435,0.9994685382028001,0.0011685411496000708,0.032577226006350934,2.6167837223576714e-07
454,0.7071067689393405,0.7071067689110511,0.00013175800782752652,0.00013160609898261625,0.5000289048995354,2.0090318913078322e-11,1.58820975959287e-05,0.00018554809859455348,0.9999999826598304
455,0.0005883723515105422,4.890578251556496e-05,0.707106779495307,0.7071065363988529,0.500119401909476,0.0003856228150385032,0.9999998253871728,2.5530989822003998e-05,0.0004470669279348187
456,0.7069611250630967,0.7069611196863347,0.014351837925624635,0.014351573067785851,0.5029035779087242,3.767181374961987e-09,2.7611613522861577e-05,0.020296357775773287,0.9997940073328284
457,0.0003036437557101695,0.00023963551041157813,0.7071067405808134,0.7071067159916311,0.5000615462301558,0.000384156316604244,2.581072442571023e-06,0.9999999251843119,4.526182326259741e-05
458,0.006992420067900433,0.006947482374948381,0.7070726500788032,0.7070722071058918,0.5014172621731552,0.00985699954724057,4.6471593691871526e-05,0.9999514170155719,3.1762762804202966e-05
459,0.7071067753783918,0.7071067753065392,9.118982889083027e-05,9.063095511069136e-05,0.5000254991067314,0.9999999917352201,0.00010827998984268279,6.931809804865951e-05,5.0294998254534465e-11
460,0.7071047888137176,0.7071047674444922,0.0016875595607525147,0.0016807995918491797,0.5004311938191423,1.1417974045974076e-08,0.0007394972409206567,0.002264086652431467,0.9999971635237084
461,0.7070922734973164,0.7070921913055311,0.0045423556379881715,0.004530365418368291,0.5010834506349289,5.417821691946626e-08,0.006286464965973026,0.0012796733167117305,0.9999794211854719
462,0.010530351616248972,0.008887061976947094,0.707050931778902,0.7070283669661592,0.5021484912844962,0.001162853348251581,0.002353616498163432,0.9999022913833269,0.013730110991335661
463,0.7071067665666455,0.7071067717600218,0.00014415859266426518,0.00014379034223561333,0.500034339831454,0.9999999792713179,0.0001998370968364061,3.901918870470281e-05,5.2695040824184276e-11
464,0.7071067800865581,0.7071067800791825,3.957334742138843e-05,3.944133813834958e-05,0.5000097915022593,0.9999999984391649,5.4010184695310566e-05,1.4302759504934052e-05,5.216004117647372e-12
465,0.7071065188147284,0.7071065183414708,0.0006096876262074455,0.0006091385018239869,0.5001318815575624,3.3096187471742294e-10,5.7249846684463094e-05,0.0008599367250033266,0.9999996286155716
466,0.0015456098895720305,0.0015446728527645066,0.7071050940176971,0.7071050919701487,0.5003131731004244,0.0021851598726636496,0.9999976125350716,2.1433358883036202e-07,6.623653970415554e-07
467,0.004807773163331647,0.004715825976109501,0.7070910556536282,0.7070904364486972,0.5009745555659099,0.006734201043313439,0.9999773208241113,6.434286442335913e-05,6.506715943800053e-05
468,0.0008931699667380466,0.0002256497835599535,0.7071067451822086,0.707106217090058,0.5001814886620285,0.0007911300146103148,0.9999995741292026,5.5416632879783335e-05,0.0004719996973369587
469,0.7065059344363624,0.7065047730393781,0.02917200151818762,0.029143860523318053,0.5062865508055016,8.186105494737838e-07,0.041129912952710304,0.002949667656233685,0.9991494531452996
470,0.004810024790497257,0.003471807149013445,0.7070982580625678,0.7070904211354532,0.500979753405095,0.00585531640328294,0.0008220905846270667,0.999982067031055,0.0009513428312573728
471,0.7070952423497698,0.707095241598943,0.004039716342463898,0.004039584918703559,0.5008189596819834,0.9999836810896204,0.005712912099429471,1.3776326778183196e-05,5.333040793653682e-10
472,0.7071067307482061,0.7071067253012654,0.00028112936542612553,0.0002806798233593349,0.5000632971690158,0.9999999210925546,4.7252258871561226e-05,0.000394438978014925,1.2677142892536658e-10
473,0.7071066514862729,0.7071066506766046,0.000429614849451399,0.0004282801363560976,0.5001048885694099,0.9999998160035909,0.0001430821574007507,0.0005895085158841157,5.876302589953726e-10
474,9.06792732976629e-05,7.098282478026225e-05,0.7071067776237454,0.7071067753721978,0.5000184045291179,1.4054629804270708e-05,2.3532773110899665e-07,0.9999999933693248,0.00011429680398262485
475,0.00253097175966127,0.0024060148181311745,0.7071026877990869,0.7071022515746572,0.5005113067343989,0.003490948280718326,0.9999939015840236,4.549071977666156e-05,8.947320615371576e-05
476,0.00309111369151797,0.0030391575579446994,0.7071002499796872,0.7071000247603902,0.5006259691960792,0.00433475185541112,0.9999906039498512,2.3441267220663364e-05,3.726751819074513e-05
477,0.7071067501994305,0.7071067497761538,0.00021076290341710873,0.00020933799897697244,0.500060417515592,0.9999999558782973,0.00020636903842211516,0.0002136708198449756,2.945179020279547e-10
478,0.0045431092531321654,0.004496576213426407,0.7070924839102435,0.7070921864641762,0.5009215031900298,0.006392022246593493,0.9999795697910544,3.100879766132024e-05,3.30235388957053e-05
479,0.00014143487146419683,0.0001395565943243392,0.7071067674149054,0.7071067670417087,0.5000287816392576,0.00019869103554235224,0.9999999802600665,3.902732275669253e-08,1.3184387015709532e-06
480,0.006578714321481726,0.0025210779032421495,0.7071022869191618,0.7070761773089766,0.5013541171243051,0.0028730610464584297,0.9999714475508478,0.0027329045440056474,0.006432793797211495
481,0.0023008447435257763,0.0021585290218914996,0.7071034865933399,0.7071030378335694,0.5004659194466313,0.0031532300901825007,4.672976927461321e-05,0.9999950223287359,0.00010136108980141349
482,0.008501266828388719,0.008478147932843525,0.70705595323682,0.7070556756453568,0.5017243759524274,0.012006259219510913,2.8941359387276987e-05,0.9999279217185298,1.6419882782860792e-05
483,0.7071067561457091,0.7071067558117256,0.0001894344678925622,0.00018818366994604514,0.5000538641246384,2.3574686316133097e-10,0.00020704036459531536,0.00016862027958801143,0.9999999643507449
484,0.7070870688053921,0.7070869909695047,0.005290293157376909,0.005279879562839413,0.5012168220433035,5.566644676949179e-08,0.0010993977583660843,0.0073929462637014965,0.9999720674449397
485,0.002381929247835518,0.0023384089918867213,0.7071029146054235,0.7071027693434373,0.5004814416538328,0.0033377815532866784,0.9999944289968218,1.5230366787191516e-05,3.094613522831781e-05
486,0.07036316669579004,0.07036277852576107,0.7035972423184561,0.7035972034996599,0.5139842048116844,2.742923219598739e-07,0.9950367350777125,4.06998545932141e-06,0.09950827015504594
487,0.707106087360926,0.7071060870969117,0.0009907524886643869,0.0009905640420852767,0.500203541998931,1.8617292029540258e-10,0.001400863860309608,1.9699242256017258e-05,0.99999901859571
488,0.0007220007205060153,0.000507243563642852,0.7071065992507561,0.707106412582266,0.5001458107970586,0.00015246989399947855,1.9571587217066096e-05,0.9999996105178665,0.0008690995366999648
489,0.0026543947873409286,0.0026228377461936726,0.7071019167858024,0.7071017990277718,0.5005361167340536,0.0037315658856657457,1.2309838406825043e-05,0.9999930373552286,2.2484902860021958e-05
490,0.7070829768650784,0.7070828698070388,0.005815726590463076,0.0058020537418372615,0.5013629579256734,7.975188836806306e-08,0.008085323184760036,0.001453978127816548,0.9999662561789794
491,0.00697380364387765,0.0068900885455696675,0.7070732116830976,0.707072390963438,0.5014129390287989,5.879489349046066e-05,0.9999519415210002,8.597084322482462e-05,0.009803254591698158
492,0.7070948492997872,0.7070948038063436,0.004115632401943663,0.004107808869805418,0.5009441150648697,3.2110804131204655e-08,0.005755977784106091,0.0008253747801197854,0.9999830935951965
493,0.0021633290746716546,0.0007956223179416276,0.7071063335772965,0.70710347192424,0.5004406167554039,0.0009624687424434305,0.9999972985628638,0.00029976560245175733,0.002094435837629286
494,0.7071038866289568,0.7071038831175386,0.002024470325746022,0.0020232434912517707,0.5004276427240932,2.476125791675479e-09,0.002859297676451723,0.00012810590211477721,0.9999959039944507
495,0.707046195429824,0.7070456961001447,0.00929467999453593,0.009256215652899396,0.5023918986257564,3.5357173452949046e-07,0.004250125930701498,0.01240987646944904,0.9999139619964638
496,0.6978712468633625,0.6978700155542376,0.11391860578315771,0.11391103020063742,0.5224141304159207,8.78005546100461e-07,0.16109794198245045,0.0007903378822149776,0.9869381077120644
497,0.7071067809911284,0.7071067809891475,1.6708231346171766e-05,1.662418471865648e-05,0.500004474719448,0.9999999997222351,2.1519839183741497e-05,9.613793932840077e-06,1.3755799411133582e-12
498,0.7071067794921533,0.7071067794863083,4.903571508630729e-05,4.8951356092206916e-05,0.5000111353018862,4.143666787263151e-12,8.856681460948729e-06,6.871896252702624e-05,0.9999999975996319
499,0.0026995098841383174,0.0014725655728701416,0.7071052478596356,0.7071016282306948,0.5005510304279037,0.002951211427644855,0.0003764829779475667,0.9999952012173379,0.0008638020486153343
500,0.003696898680100278,0.0030183973054226554,0.7071003389038089,0.7070971170498067,0.5007506077009388,0.0047488017375470135,0.9999885543321142,0.00033678301328489077,0.0004760924553976426
501,0.005741507611456582,0.0014404383788380157,0.7071053140355249,0.7070834710911782,0.5011812685592538,0.003019871165064349,0.002278827266951683,0.9999798833846185,0.0050911836071837226
502,0.015039561302663854,0.015030181064731973,0.7069470232324058,0.7069468237422978,0.5030446770239378,0.02126251867131421,0.9997739268545526,2.0935883932340645e-05,6.577655788646108e-06
503,0.7071067794270962,0.7071067794031919,5.021996091265043e-05,4.988224829662144e-05,0.5000143690958271,1.6797809318996666e-11,5.22127424405707e-05,4.779239161235351e-05,0.9999999974948574
504,0.707105840861902,0.7071058301301133,0.0011597396270834825,0.0011531777754461199,0.5003183436027301,0.9999986625916129,0.0007791587277308024,0.0014379592001901567,7.525306762618922e-09
505,0.7070911150268318,0.7070911132097715,0.00470797941645731,0.004706915137955477,0.5009726540422447,0.999977839694314,0.0066564035067194,0.000111412106316283,4.923791266461646e-09
506,0.00021377053582251722,6.394891445176114e-05,0.7071067782948582,0.7071067488732911,0.5000433729120278,0.0001963266482922173,0.9999999751016196,3.0740349912335025e-06,0.00010603373432898048
507,0.7071053584622413,0.7071053547704688,0.0014203010003072003,0.0014184618384288554,0.5003138331816163,0.9999979853535135,0.001997958983923736,0.0001935169685351549,2.6279159235759057e-09
508,0.014948528100126889,0.011164507233456519,0.7070186375041484,0.7069487545131034,0.5031021822447482,0.018463915728728394,0.007277514413713274,0.9997994464240362,0.0026811434293230988
509,0.7071059170959385,0.7071059116379513,0.001108930413143902,0.0011054446667104793,0.5002719629067647,3.809255662646116e-09,0.0015199747917124147,0.00037604681212975434,0.999998774131962
510,0.04331915827054178,0.04243017537184662,0.705832614872614,0.705778612970618,0.5088049919516278,0.06063393730258065,0.005664513960891368,0.9981437992725439,0.0006284127152026925
511,3.1467656625200246e-05,2.2823138583551097e-05,0.7071067808182185,0.7071067804863608,0.5000063896818123,6.1242737418900354e-06,0.9999999992444449,3.448497572536136e-08,3.838752843593717e-05
512,0.6244456125000443,0.6244439247839353,0.3317676669002811,0.33176449030820865,0.55633186188861,0.8830982607664276,0.00033299955883539625,0.46918796973197774,1.196412402583965e-06
513,0.0010791033234333522,0.0010749710955555362,0.7071059640797436,0.7071059577856895,0.5002185131537328,2.9314364542927997e-06,0.9999988399856896,6.606433886375904e-07,0.0015231606105743055
514,0.7071042663546367,0.707104266166666,0.0018879140485704242,0.0018858693143442682,0.5004117710999785,3.892443070797905e-09,0.0002144177071023921,0.0026598397644324078,0.9999964396323991
515,0.002132723914021777,0.0010375802362001811,0.7071060199342432,0.7071035648960479,0.5004335620472506,0.0007814855204707653,0.9999971545868602,0.00025638667945267196,0.0022392776561400624
516,0.7071067232327922,0.7071067229834435,0.0002869000101589375,0.00028628479436465244,0.5000668333777168,1.7759361758124944e-10,0.0004000717941938624,6.490884996757859e-05,0.9999999178646973
517,0.707106614385564,0.707106614375521,0.0004857019545448745,0.00048568733338344477,0.5000988382565094,0.9999997641006857,0.0006868742838875976,1.5141306855205884e-06,7.251816058293223e-12
518,0.0011775767713838882,0.0009136173018912904,0.7071061909667021,0.707105800650066,0.5002384069427119,0.00018626607672915068,0.9999988884716248,4.088917302791103e-05,0.001478745596087817
519,0.024921784282074592,0.021987066739879695,0.7067648611074002,0.7066674639943349,0.5051378683516563,0.002082299738735396,0.9993958538768928,0.01016861927816243,0.03316911912342936
520,0.0024644174778397357,0.0024553800770684957,0.7071025181037581,0.7071024866641291,0.5005020534417826,0.0034788222744278493,0.999993948853897,3.295532779669607e-06,6.348973024859455e-06
521,0.7069019223841114,0.7069019029475937,0.01702056429942814,0.017019757038451135,0.5034548759763291,1.383767309601166e-08,8.432273840192947e-05,0.024069994358010625,0.9997102721595301
522,0.6913213000535591,0.691195667059299,0.1491594778700025,0.1485761087532519,0.5358332009188533,0.9775871224104855,0.20057191108560396,0.06398686126212551,9.036857390343878e-05
523,0.2557179942778311,0.25567137551319635,0.6592663708571188,0.6592482896469655,0.5465248112706041,0.3616068912500944,0.9323287402043575,0.0018908554998464204,3.247659499090289e-05
524,0.7071067810798953,0.707106781079539,1.230181849087044e-05,1.228131896789187e-05,0.5000027752570962,0.9999999998489193,2.164281408832499e-06,1.724764968790834e-05,2.5234706588501295e-13
525,0.7070795647146305,0.7070795028222926,0.0062110134918828734,0.006203963490013748,0.5013570995250411,4.372355553855511e-08,0.0007420654637810436,0.008747296178204902,0.9999614663318034
526,0.7071067553419113,0.7071067553364071,0.00019120046385301433,0.0001911801071909231,0.5000389486835123,3.929040864441175e-12,2.1327576667626165e-06,0.0002703754835555095,0.9999999634462731
527,0.7065045193216223,0.7065036618999793,0.029198899326770958,0.029178145556193226,0.5062027394033778,6.025567890345864e-07,0.0021579297905661887,0.04122236333608606,0.999147666813867
528,0.7069856630509002,0.7069850575139643,0.013120057212388616,0.013087102065049098,0.5031077219849807,4.344314404372302e-07,0.0034885760858186267,0.018199944467245426,0.9998282811853534
529,0.7070614744152747,0.7070614317806041,0.008008226293349723,0.008004926470901634,0.5016655572208674,0.9999358926770439,0.011317727039322894,0.0003458190761352826,2.6819039506410922e-08
530,0.0005161764866721331,0.0004912069899788756,0.707106610572757,0.7071065927862887,0.500104219754539,0.0007123245234410006,1.8521162981929247e-06,0.9999997461370164,1.7783298396120095e-05
531,0.007925970439947133,0.007548609677763467,0.7070664880283983,0.7070623586308259,0.5016084934620592,0.00026695333385431665,0.9999400048463889,0.0004291773572420962,0.010942177595017838
532,0.7071067460159334,0.7071067511396751,0.00022347992061469394,0.00022302188107537637,0.5000516089671994,0.9999999501589829,0.0003119373924589718,4.875548730396059e-05,1.0212620259423865e-10
533,0.7058055142906423,0.7058037282346075,0.042908095354841844,0.042878619344879715,0.5090362696724283,1.2699782232665121e-06,0.06058199385736336,0.003082639156580539,0.9981584640499156
534,0.00035850168905985047,0.0001564356214636781,0.7071067638821582,0.7071066903067321,0.5000728005347046,0.00014271172112270195,0.999999923473056,7.636860537447728e-06,0.0003641825495211009
535,0.0024748620335688213,0.0021610640200479705,0.7071034788503752,0.7071024501852022,0.5005043011050597,0.0032781942293745245,0.9999945966043646,0.00010780674326102784,0.00022041410672157325
536,0.0027347043851706876,0.0024713613833162837,0.7071024624288285,0.7071014929922899,0.5005557955797187,0.003681253303907663,0.999993201781569,0.00010077442432971703,0.00018603567853422008
537,0.7071055633746294,0.7071055580915447,0.0013151866890442527,0.001315178770247238,0.500265609742671,1.0530247399861952e-11,0.001859949067837702,8.305407188526317e-07,0.9999982702928739
538,0.002453752304197786,0.0022873105851329923,0.7071030817428849,0.7071025237542485,0.5004971715122268,0.003352416871823897,5.8317691005502225e-05,0.9999943719386425,0.0001182844061060378
539,5.188231015020957e-05,4.6961673962124824e-05,0.7071067796270928,0.7071067792831734,0.5000105363707752,6.989450532352947e-05,3.5860476870740894e-08,0.9999999975514098,3.4541356989214946e-06
540,0.7059678492242205,0.7059566359928603,0.04031411784559371,0.040117276350127136,0.5106003202134076,7.846522688868064e-06,0.022339255115837016,0.05230278807377708,0.9983813780209746
541,0.707106771030019,0.7071067710271817,0.00011986455826488505,0.0001198478191079838,0.5000244785387861,0.9999999856344935,1.7517607725934104e-06,0.00016949319575479025,2.0132631519511232e-12
542,0.7071065446529816,0.7071065498479024,0.0005784572387727607,0.0005783674645214021,0.5001185186029505,0.9999996654390968,9.39072800700264e-06,0.0008179446896539037,5.154056446552844e-11
543,0.7071067601447303,0.7071067651652704,0.00017351682423640132,0.0001725039810117299,0.5000478976554419,0.9999999700671446,0.00021178744928184798,0.00012252260234205833,1.7605853907118497e-10
544,0.707106476446879,0.7071064751773938,0.0006578466389751148,0.0006564806761693601,0.5001528107969404,8.960050953807476e-10,0.0009180981473601687,0.0001443082478878512,0.9999995681353664
545,0.001110949809088008,0.0009995667926050158,0.7071060746919281,0.7071059084681172,0.5002258045606902,7.837490357346574e-05,1.7416381947923624e-05,0.9999988831760854,0.0014923808581194047
546,0.025059468985425524,0.02505915060216763,0.7066626061785751,0.7066625948882299,0.5050561346587187,2.259636359316956e-07,0.9993718336954831,1.1792343364775662e-06,0.03543921577409075
547,0.0009401159334253734,0.000877574775106683,0.7071062366168995,0.7071061562325931,0.5001905591886308,0.0012853044055470412,8.390447229473682e-06,0.999999172986732,4.413659779790453e-05
548,0.7071067811859244,0.7071067811859175,9.441429988975122e-07,9.389723329712205e-07,0.5000002589390435,4.958729115276296e-15,6.068193652384498e-07,1.1852617020827976e-06,0.9999999999991142
549,0.0007502327057340393,0.0007156513348401237,0.7071064190368849,0.7071063831920109,0.5001518949485871,2.448267476668881e-05,3.7277847540136056e-06,0.9999994624899344,0.0010365358384772508
550,0.7045809070412932,0.7045523857049577,0.060049444603511914,0.05971386298512549,0.5161244552283691,0.9964077068958068,0.07473135689696264,0.03983598280619398,2.020691540021266e-05
551,0.7071066325612559,0.7071066271750264,0.0004666960001830158,0.00046651737202176166,0.5000974841696257,0.9999997822781674,1.860735322154521e-05,0.000659619118424417,8.367359132500793e-11
552,0.706870698412605,0.7068706654384157,0.018271900356886677,0.01827062466575278,0.5037066092659755,2.347388861801719e-08,0.00013346389784922488,0.025839122580242162,0.9996661052229752
553,0.7071067755405098,0.7071067754760566,8.986575988612605e-05,8.935717133185107e-05,0.50002460709941,0.9999999919697219,0.00011127402845154158,6.065187103879131e-05,4.613121964043767e-11
554,0.7071006629852842,0.7071005801885435,0.0029613336565545863,0.002941497199026631,0.5008435850155383,0.9999912890106595,0.002784479176706924,0.003109433792800549,5.866719694811978e-08
555,0.00022877131807457434,3.745962899527887e-05,0.7071067801943183,0.7071067441791824,0.5000464147222468,0.00013599690512943862,0.9999999731230963,3.777137436550097e-06,0.000187734870424374
556,0.281046267446893,0.28104559071604396,0.6488554353159685,0.648855142195987,0.5498311460131016,0.3974589645567602,3.0631505505849696e-05,0.9176199488649758,4.781896804164441e-07
557,0.2326247961290473,0.23194425041458525,0.6679834314559233,0.6677467372383994,0.5440330671858024,0.0004820886127213597,0.9441776131774567,0.02482346806309301,0.3284999205455601
558,0.0013040135282670667,0.0012759513892981497,0.7071056299790385,0.7071055787849122,0.5002647615857416,0.0018243116506962654,5.356836201201644e-06,0.9999983357326667,1.975358330289027e-05
559,0.00019190476943196642,0.0001850706290134486,0.7071067569673356,0.7071067551456144,0.5000388955315357,0.0002665621859359109,1.8989860588595874e-07,0.9999999644606927,4.814486809476433e-06
560,0.012713293251568027,0.008125292430308084,0.707060096189099,0.7069924838176963,0.5026363225682053,0.0032545493042993234,0.007051580221356707,0.9998613038887123,0.014732824277926887
561,6.192284254914446e-05,1.9384599331886294e-05,0.707106780920843,0.70710677847519,0.5000125561941204,2.9757001019040592e-05,2.5521945409789113e-07,0.9999999978948668,5.766040245243455e-05
562,0.004451814205533024,0.004087721902323789,0.7070949657080096,0.7070927671460382,0.5009014650474506,0.00026004420821175607,0.9999817094956877,0.00022924645074180494,0.0060382528169246755
563,0.6977424370378871,0.6976260282880354,0.11540334486372891,0.11469742328549627,0.5309514842883983,0.986674496635292,0.08692904497566716,0.13753825669132025,8.23128557029447e-05
564,0.002058994910564632,0.0020350824075078223,0.7071038526550367,0.7071037834292498,0.5004161973154713,0.00289494944249279,7.244700780028409e-06,0.9999958094547547,1.697564401075368e-05
565,0.004541679962950849,0.003391674752605792,0.7070986469668742,0.7070921956457488,0.5009269853699976,0.0008121334101751662,0.0006728244073123157,0.999983708363705,0.005609880019876544
566,0.0003789530232407915,0.00033844918448381505,0.7071067001889809,0.7071066796421923,0.5000766265303143,0.0005072691599687838,0.9999998709210718,2.1437139554968808e-06,2.883129628823112e-05
567,0.001983427349207366,0.0019788162939954053,0.7071040123532557,0.7071039994342763,0.5004011299854776,0.002801729336983029,1.3426213742080992e-06,0.9999960751424077,3.27066569818394e-06
568,0.7071034735421956,0.707103471886318,0.002165062783967339,0.002162800166266007,0.5004710278463586,0.9999953173883256,0.0030510879242323535,0.00023677815846100554,4.937412653423456e-09
569,0.03333645871202267,0.029641788409561894,0.7064852187978569,0.7063205225112141,0.5069362641077243,0.0026305584647292094,0.9988554329999227,0.017258877915656466,0.044531284079164755
570,0.0005492528452769674,0.0003400753633023971,0.7071066994087579,0.7071065678674683,0.5001114866277515,0.0006288857221766928,0.9999997912420566,1.3634576164117219e-05,0.00014775888285566735
571,0.0006628109587656203,0.0003245004519693049,0.7071067067278157,0.7071064705414832,0.5001346326803447,0.0002387585502469523,2.4769860521508986e-05,0.9999997273837354,0.0006982931082805112
572,0.707083396179568,0.7070833865952171,0.005751904122976709,0.005751373531914403,0.5011728009933466,3.046693595023137e-09,0.008133855135870373,5.567020924333774e-05,0.9999669181035237
573,0.00015614818088126303,6.0839340831970596e-05,0.7071067785692441,0.7071067639456894,0.500031657536533,6.74688184605185e-05,1.5337341759524443e-06,0.9999999859569834,0.00015340025528315767
574,0.0027256242638240896,0.002181508925213957,0.707103416070669,0.7071015280512218,0.5005527971560816,0.0034696215671365573,0.00019856030073302596,0.999993886263806,0.00038695606881870994
575,0.7069411462362253,0.7069411151388575,0.015305788939553661,0.015304109193627739,0.5031256206621016,0.9997657310924016,0.00017511661782770367,0.021643758163563117,2.5461482872741704e-08
576,0.7070440053672654,0.7070439224965135,0.009428237414477686,0.009422020707573149,0.5019934680689607,5.947272471151061e-08,0.0006482072863690281,0.01331337531475742,0.9999111629865117
577,0.707074453503912,0.7070742242123551,0.0067859343301842475,0.006761449707281156,0.5016978989500248,1.6694296251300385e-07,0.0026676970873475317,0.00920051624246287,0.9999541158938717
578,0.7070459440332183,0.7070454625715105,0.00931202754701868,0.009275800564496065,0.5023639489416636,3.3430718609928533e-07,0.01253222181360993,0.003962038561551333,0.9999136191025378
579,0.7071067798851648,0.7071067798768609,4.303691958323325e-05,4.290026689614858e-05,0.5000105576761826,5.8223517769785946e-12,1.4763256962854309e-05,5.894620929986255e-05,0.9999999981536953
580,0.7071045574808895,0.7071045370517055,0.0017814827795113995,0.001775454959430716,0.5004403152658544,0.9999968370343951,0.0024285978419279464,0.0006540900005700368,1.0915026354848155e-08
581,0.0004928185591185582,5.4848586031068874e-05,0.7071067790593106,0.7071066094514092,0.5000999708513755,0.0003848592328396717,1.769854413147638e-05,0.9999998769041236,0.00031266894712996186
582,0.02633298704494697,0.025976372007252137,0.7066294843193562,0.7066162846929674,0.5053035281891765,0.0002550587515800239,0.0013807250065153364,0.999314712941418,0.036988282500077636
583,0.7071067748499459,0.7071067748468581,9.468725127689223e-05,9.466418934226558e-05,0.5000196108562233,2.1454432102295415e-12,2.4082989049885604e-06,0.0001338700279920262,0.9999999910365088
584,0.707106757275555,0.7071067569712932,0.000185055496069529,0.0001838892204756219,0.5000520210047313,2.1470226381708166e-10,0.00021509112459258288,0.00014763668295572537,0.9999999659696048
585,0.7070981210018188,0.7070981103447561,0.0035017633957615106,0.003500675105081237,0.5007267819421712,0.9999877413883326,0.0001134985302721678,0.00495017082077546,3.780883682373426e-09
586,0.7070912363362345,0.7070911908603971,0.0046955093041521085,0.004689450598085625,0.5010398527830933,0.9999779803802992,0.0006344714124836369,0.006605770247594574,2.8022851116059546e-08
587,0.7070790242338012,0.7070789750641082,0.006271401162233348,0.006265260452325024,0.5013532638978317,3.887345205133739e-08,0.0006428325813802651,0.00884142111571696,0.9999607072474626
588,0.008234700090548937,0.008227391193762817,0.7070589155326051,0.7070588304479462,0.5016670486949373,5.181067258545821e-06,0.9999322475394188,8.906627233335909e-06,0.011640456373915704
589,0.021769555195397885,0.02167235991779075,0.7067745813360332,0.7067715942748108,0.504378126405446,0.030718071268271745,0.00031310681464429,0.9995280372558871,6.92897171242646e-05
590,0.0007963463040567069,0.0006524083333493591,0.7071064802159275,0.7071063327623047,0.5001617507681653,0.00010155062770859321,1.5388965577479686e-05,0.9999994699794061,0.0010244469431944518
591,0.7071028252631509,0.7071028182005864,0.0023673809971995283,0.002366845032154699,0.5004881524264676,0.9999943967602035,5.578891678728072e-05,0.0033471384478238296,1.2772193725979664e-09
592,0.707106781088562,0.7071067810872838,1.1848068567184505e-05,1.1771539610361194e-05,0.5000033505617053,0.9999999998605238,1.3384999072841112e-05,9.989378028238335e-06,9.109088112752397e-13
593,0.003229158151547362,0.0024607825731050885,0.7071024993232761,0.7070994078187498,0.500657025736589,0.0005398069942851782,0.00032316724513269866,0.9999917062904985,0.0040238689774196
594,0.707106754086005,0.7071067537207133,0.00019708514449472942,0.0001957701553875907,0.5000561673217992,2.5693614018523036e-10,0.00020716824853216642,0.0001850670816787911,0.9999999614157452
595,0.0007451472244452928,0.00011023055325579526,0.7071067725946529,0.7071063885693687,0.500151497755657,0.00044543602620339553,4.021271624813386e-05,0.999999715493849,0.0006074388096999816
596,0.7071067508812519,0.7071067506322543,0.00020787086725592246,0.00020702212809153424,0.5000532854791908,0.9999999569657722,0.00027801074820960124,9.369355822688494e-05,1.7511842581765594e-10
597,0.707106522859095,0.7071065194284647,0.0006084256408553863,0.0006044254448085677,0.5001726234475091,0.9999996322439914,0.0005407507750248227,0.0006656579287384598,2.433677803553591e-09
598,0.7071034040231885,0.707103360281456,0.0021995178272220415,0.002187114391897488,0.5006017876608824,2.7587027868388788e-08,0.0014655528663031915,0.0027337708081664773,0.9999951893144097
599,0.7071067664737622,0.7071067664298404,0.00014446153916738898,0.00014424639071437833,0.5000323594103863,3.0997297156365835e-11,0.00020290010815558412,2.2532280026407475e-05,0.9999999791619223
600,0.004150413922016269,0.003196720882707235,0.7070995552081755,0.7070946005056732,0.5008476580551635,0.0006704694975791733,0.0005153247514264129,0.9999861446441537,0.00519571273059038
601,0.012547061752449056,0.009548931221046414,0.7070423027743981,0.70699545348205,0.5025784480279355,0.015624317410985142,0.00490190914618038,0.9998636709289601,0.002119327394125585
602,0.0018693929136321527,0.0018287463847919203,0.7071044163959936,0.7071043101057579,0.5003788941664448,0.002614978837274622,1.1105873036918916e-05,0.9999965804609128,2.878945657650975e-05
603,0.00047956990092343845,0.00041755820563685943,0.7071066578990373,0.7071066185609577,0.5000972164201442,0.0006343625442758549,4.122085191401411e-06,0.9999997978204129,4.388964409503068e-05
604,8.542959172425557e-05,6.913408807573764e-05,0.7071067778069156,0.7071067760259307,0.5000173095457665,0.00010928265812818028,0.9999999939611154,1.8472475004798e-07,1.1620576525925806e-05
605,0.031075190126996333,0.03105640319301391,0.7064244473651778,0.7064236211782511,0.5062597233121023,1.331414363085388e-05,0.999034446321555,8.63526183180716e-05,0.04393367078890439
606,0.0050752357716909585,0.005071681106850009,0.7070885927878857,0.7070885672826734,0.5010254220671593,2.5200193711949045e-06,0.9999742596815038,2.654264415782016e-06,0.007174953730675428
607,0.004104505186379951,0.0033621070628139507,0.7070987881734084,0.7070948684845505,0.5008330749102656,0.005279720416674999,0.9999858408380029,0.0004091417837268653,0.0005246702325157804
608,0.7070926539323733,0.7070926440771965,0.004471318811976621,0.004469760046382489,0.5009304897382241,6.867914581002852e-09,0.00016283864030294597,0.006320200184155365,0.9999800140768856
609,0.02850166956491201,0.028138592243126717,0.7065466860912775,0.7065321329083367,0.5057678365162763,0.00025626327972578215,0.0015132204705982299,0.999196469480541,0.040050716230098156
610,0.7071067801570992,0.7071067801489496,3.830644268429756e-05,3.815571252438729e-05,0.5000097579267222,0.9999999985383777,5.1459820098981824e-05,1.658700891509638e-05,5.744274779462797e-12
611,6.0990402687675926e-05,5.026553007258509e-05,0.7071067793999551,0.7071067785562313,0.5000124016629283,7.867132671367175e-05,0.9999999968767703,8.789326617091448e-08,7.568023877265731e-06
612,0.0002959263227076432,9.477275541507496e-05,0.7071067748354032,0.7071067192635156,0.5000602196424815,0.00027703338817602695,5.762135737201546e-06,0.9999999517062669,0.00014073651081345095
613,0.000184056577940996,4.1880123469718e-05,0.7071067799463258,0.7071067572320197,0.5000372930462063,0.00015877817890559896,2.382004855117476e-06,0.999999982181785,0.00010207966742538334
614,0.7071036664989149,0.7071036663696908,0.002100584939927469,0.0020987672077930836,0.5004533296216472,3.800247057096791e-09,0.00019063937275458115,0.002963264671255912,0.9999955913498421
615,0.7068855082055077,0.7068826914412346,0.017800576979208373,0.017688365923329542,0.5049709771727148,0.9996850809960072,0.014201069233376981,0.020689815428349353,2.0419250988782386e-06
616,0.006262893870618718,0.0015795674103566487,0.7071050169294493,0.7070790451995915,0.5012903948950999,0.003319305901284875,0.999975484483435,0.002703989512320001,0.005540855635386086
617,0.0004568580386537067,0.00018556589385738435,0.7071067568375375,0.7071066335997237,0.5000925310779735,0.00019355209390578443,1.293206144833823e-05,0.9999998783393909,0.0004535323090919635
618,0.008043272713027514,0.007915914039372834,0.7070624712886697,0.7070610339737182,0.501625317973549,9.031494585835952e-05,0.00014979983966191527,0.9999363087861312,0.011284847106869795
619,0.00039018602916508885,0.00038292411891843666,0.7071066775028476,0.7071066735329681,0.5000792552826419,5.128156138749608e-06,0.9999998505618907,4.1536618586932296e-07,0.0005466714920495647
620,0.7070774778123358,0.707077079545493,0.006481017004373029,0.0064374195560224275,0.5018463429494521,2.833487456812718e-07,0.006336805263952574,0.0065794263426210125,0.999958277153581
621,0.011056942185722505,0.011040189643588879,0.7070205896666901,0.7070203278757282,0.502234664922699,0.015625031733538342,0.9998779212955895,2.7344979103062438e-05,1.1882370848307396e-05
622,0.7071067809667659,0.7071067809647327,1.7711399322913244e-05,1.7630034481001952e-05,0.5000046525898986,0.9999999996877443,2.3275057684739208e-05,9.098542276050166e-06,1.4299634482528914e-12
623,0.0008964737341188605,0.0008922163704794278,0.7071062182939396,0.7071062129092343,0.5001814459419043,0.0012647948767494132,5.645474078555256e-07,0.9999992001419189,3.019019953156772e-06
624,0.003239000377691168,0.0030260254581507768,0.7071003063002586,0.7070993628032306,0.5006580172970866,0.00443005764313455,0.9999901711010273,9.873192488420038e-05,0.0001501419662541707
625,0.7070277325652523,0.707027724202621,0.010573419922794812,0.010572860712193832,0.5021462781685991,0.9998882024544044,5.825662857531138e-05,0.014952564952824423,6.0087551557235885e-09
626,0.7071038191622785,0.7071038078928688,0.002050576359064052,0.002046686619686999,0.500470138947822,0.9999958030964309,0.002868186461262053,0.0004090182721972766,8.092938761147868e-09
627,5.515756646618319e-05,2.0905858758046326e-05,0.7071067808775022,0.7071067790352754,0.5000111935977027,5.385375745791567e-05,1.9280909218448513e-07,0.9999999982602745,2.4066260127963233e-05
628,0.7057796903497601,0.7057776590427345,0.04333478317398979,0.04330168733891645,0.5091792284079873,0.9981217663385665,0.003470657852594564,0.06116284896245605,1.4327001126929575e-06
629,0.7071063108036255,0.7071063096496778,0.0008211602674923002,0.0008156112320518971,0.5002347306082888,0.9999993302368378,0.000809194636541305,0.0008274840825961701,4.559182775870081e-09
630,0.7071067543327352,0.7071067594346621,0.00019547989829684118,0.0001948769462373287,0.5000478493792708,0.9999999619052913,6.455112625303633e-05,0.000268370204963954,1.163372366317983e-10
631,0.0018955229515578073,0.0009210781482810486,0.7071061812875364,0.7071042405421832,0.5003859525581458,0.0019911465399226106,0.00020298856881206136,0.9999977586991989,0.0006904546847386036
632,0.0035466307553430544,0.0033159143067396936,0.7070990063013181,0.707097886724523,0.5007178036199802,0.00016387330972935163,0.999988206080421,0.00011756980775191051,0.004852527479854657
633,0.0003202373562797314,0.00013566560923403422,0.7071067681721357,0.7071067086713544,0.5000650655269142,0.0003227633166711358,6.247216929582278e-06,0.9999999395019236,0.00012954135747830276
634,0.00014673980329533772,1.6791192311480612e-05,0.7071067809871834,0.7071067659607216,0.5000297785014964,0.00011653266231599984,0.9999999890915074,1.5724537569801977e-06,9.074498677029325e-05
635,0.7071067042904421,0.707106708587221,0.00033184563457438625,0.00032976887000769005,0.5000932081794291,0.9999998905654762,0.0002634476802479654,0.0003866061983261414,6.827466181378011e-10
636,0.7071067806358405,0.7071067806318421,2.800841812755619e-05,2.7907291098909465e-05,0.500007017241281,0.9999999992183556,1.0996642488817605e-05,3.7978444365987686e-05,2.873893065733737e-12
637,0.7070408705326213,0.7070405924211917,0.009674743856550691,0.009654397778865136,0.5022394139226757,1.9697003832309847e-07,0.013498305560948817,0.0021456495859482104,0.999906591604835
638,0.02244992707138841,0.02237719814814505,0.7067526165519593,0.706750310063244,0.5045257733266048,5.1571839943260945e-05,0.00023975444949344348,0.9994974758824239,0.03169756398869367
639,0.0006986022900065911,0.00042137190347811673,0.7071066556366993,0.7071064360864205,0.5001419441843975,0.0007920351043391618,2.2978229053410387e-05,0.9999996669362237,0.00019565232975274715
640,0.707029015178961,0.7070289988093662,0.010487842610653813,0.010487094203367986,0.5021332182808957,7.863674930390262e-09,7.819145659342791e-05,0.014831313952319805,0.999890006957038
641,0.7071061852879621,0.7071061836133492,0.0009192908961755508,0.0009180019028240718,0.5002045186275246,1.1902505466330828e-09,0.001292093816917564,0.00013533962340447602,0.9999991560880088
642,0.265088446791447,0.2650691963466008,0.6555442938109959,0.6555365095688327,0.5476898907434831,1.3625121781424784e-05,0.9270737680016402,0.0008156035108559532,0.3748780645603191
643,0.7071066499757109,0.7071066539080112,0.00043295449336197436,0.000430766903695622,0.5001157407399518,9.539223254754087e-10,0.0005576484623237711,0.00024907410766631473,0.9999998134951215
644,0.004315579917370206,0.0005968703437057077,0.7071065292767426,0.7070936117445729,0.5008847096771328,0.002618019636904365,0.0013514769394861006,0.9999895964588171,0.0034823063350583544
645,0.005817935964934536,0.0038546145534984052,0.7070962748782107,0.7070828463632151,0.5011890956900772,0.006838160536635276,0.0014000241374486782,0.9999746664291866,0.0013949884312511119
646,0.018592771242276873,0.01782791356598689,0.7068820025279189,0.7068622983704318,0.5037765101142812,0.0005455493539191486,0.00205542589731378,0.9996660690349509,0.02575321378947443
647,0.7071060896683148,0.7071060879186221,0.0009939210204490925,0.0009889155600861334,0.500264913191582,5.0921468607696855e-09,0.0005712950903273723,0.0012804120038639427,0.999999017083027
648,0.7071067735310652,0.7071067735107722,0.00010418821097713354,0.00010405039479487894,0.5000230721515943,0.999999989159164,0.0001465302937073569,1.4510030655432426e-05,1.4258940100290919e-11
649,0.70709771796603,0.7070976910530458,0.0035854298824645682,0.003580118325330134,0.5008031623868869,1.8883089362682855e-08,0.005036054538266292,0.0005574130901244001,0.999987163640272
650,0.6308140349243762,0.6308107799262892,0.3194961031511362,0.3194896868274603,0.5548847856487156,0.8921034581687818,0.0006677516529308062,0.45183069177026947,2.3195894197392125e-06
651,0.0004787262383354532,0.0003830405477092487,0.7071066774397928,0.7071066191326405,0.5000966992570735,0.000609329202521221,0.9999998120321099,6.073029189345696e-06,6.794700445985462e-05
652,0.707106747161539,0.7071067471446271,0.00021941409492531907,0.00021935958575388263,0.5000453146854832,0.9999999518694132,0.00031020753357811085,5.697282281684124e-06,1.193608100242984e-11
653,0.0001282680690675145,3.939485734263508e-05,0.7071067800891496,0.7071067695527333,0.5000260482600921,6.249975657608813e-05,0.999999990997069,1.0998298769072024e-06,0.00011873682139625
654,0.7071017442013181,0.7071017400894655,0.0026700491479875223,0.0026689599952602837,0.5005574325563458,0.9999928737196564,0.00011355134719190192,0.003773541572650231,2.9161027444729987e-09
655,0.006939556924395922,0.006916347388827438,0.7070729553156427,0.7070727279074627,0.5014058191217678,1.6369554646302606e-05,2.3750886788017873e-05,0.9999520019106884,0.009797603928496063
656,0.0057419327421797135,0.005635466331016593,0.7070843241928318,0.7070834676389953,0.5011646444358963,0.008045033235395616,0.9999676312833014,9.007376830138019e-05,7.558190998538509e-05
657,0.0017075628173052785,0.0013496736709806983,0.7071054931062147,0.7071047194222551,0.5003471121837271,0.0021620446008206173,0.9999976280449333,8.07137961333504e-05,0.0002509042391919167
658,0.019414431274194094,0.019340382497110585,0.7068422381301672,0.7068402081505396,0.5039284240202916,5.206542354097533e-05,0.00021161409315537862,0.9996244218118313,0.027403792183320525
659,0.7070805561305478,0.7070805143351143,0.006094772152556999,0.006089921355539649,0.5013113398495064,2.8822999156597687e-08,0.0005056471384261576,0.008601029629041143,0.9999628826162971
660,0.0007533978164297214,0.0007470635080860628,0.707106386547395,0.7071063798267764,0.500153180389615,4.47748492056382e-06,0.9999994371435185,7.001362897921701e-07,0.0010609863840048625
661,0.18937727209943783,0.1892596928593516,0.6813081304804632,0.6812754573681452,0.5359183820158986,8.245728707023549e-05,0.003413540288145329,0.9634860482714117,0.2677367657417196
662,0.7070987229946174,0.7070987147433749,0.003378617877643422,0.0033757872239895672,0.5007263006178336,0.9999885944358846,0.00476684530363412,0.00029695790274763027,9.34933640571181e-09
663,0.007506825983139214,0.007345587915525367,0.7070686263285731,0.707066932873868,0.5015231558027177,0.010502241993110449,0.9999448276686558,0.00017754024097503565,0.00011406701536313301
664,0.707100876791595,0.7071008737728913,0.0028903822605253816,0.002889643672844641,0.5005971624398525,2.1379331662673427e-09,0.004086364955340562,7.727625596140348e-05,0.9999916477900349
665,0.7071066991234721,0.7071067039105224,0.0003416655890460006,0.00034066802861269264,0.5000827861831023,0.9999998836049514,0.00047058511941577553,0.00010648814883098196,3.3778072779055606e-10
666,0.7071060951674263,0.7071060891740784,0.0009892688913564938,0.0009887505484715432,0.5002085265871495,0.9999990218592276,0.0013976209125793901,5.4188294208595864e-05,5.102013321463414e-10
667,0.7071021108234001,0.7071020900095224,0.0025757143018553734,0.002569993986678414,0.5006020599223298,0.9999933803914619,0.0006033076622203748,0.0035882019342634154,1.4582581904890032e-08
668,0.013280493440423709,0.012657821363411044,0.7069934791483596,0.7069820566987178,0.5026927759677572,0.018341126616516764,0.00119051381173636,0.9998309810808603,0.0004416130954382692
669,0.0022207961350907833,0.0020299775688251993,0.7071038673286055,0.70710329377293,0.5004526909682153,0.003005783923260903,0.9999954718301394,5.9789750116476156e-05,0.00013419169211961683
670,0.7022786225571734,0.7022784771752635,0.08249210808371972,0.08249082554560962,0.5163578598559737,1.0643743585843697e-07,0.0001345076306046926,0.11666047361034333,0.9931718460592259
671,0.7071067238302591,0.7071067230527232,0.00028672920440408144,0.00028480525805168203,0.5000818860924251,0.9999999183361583,0.00027751309047224754,0.0002937927097268156,5.478735221186571e-10
672,0.00895370808831882,0.008951993559662797,0.7070501126591444,0.7070500909493402,0.5018162591718994,0.012661243057281488,2.269544203207206e-06,0.9999198432462618,1.211408867816881e-06
673,0.020172272229550436,0.019181084743126315,0.7068465788189682,0.706818986327546,0.5041167286685483,0.02782720243606278,0.9996083820527932,0.002871924611946625,0.0006938179937612341
674,0.7071067808354203,0.7071067808308185,2.242934307552419e-05,2.2283794997741012e-05,0.5000063644282927,3.2462920945798735e-12,1.8590995743919485e-05,2.5573772258907762e-05,0.9999999995001774
675,0.004072271064245889,0.002544240136908521,0.7071022039579025,0.7070950548606436,0.5008315182517117,0.001075773241373034,0.000747939239212719,0.9999881919489823,0.004679664670475482
676,0.6839675598118011,0.6839664010486957,0.179415633218643,0.17941119565145636,0.5341000927233733,0.9672753762145326,0.2537284623611629,0.00046255396629877904,8.322441436428966e-07
677,0.7071013785691613,0.7071013331944302,0.00277705692788402,0.0027641319776547406,0.5007313426214224,3.521271584211747e-08,0.0014479368914688472,0.003640872083570869,0.99999232373515
678,0.004890334273322266,0.004815747750697286,0.707090382181796,0.7070898702645197,0.500993428340002,5.254720206036139e-05,0.9999764449003162,5.3378075124298454e-05,0.006863237872776159
679,0.6994629600023577,0.6994489130127641,0.1037844790190618,0.10368980159483088,0.5217526899652019,0.9891800679673383,0.14637263103085452,0.009891709919867422,9.802548244140058e-06
680,0.005155108175215944,0.005104668767041671,0.7070883554102538,0.7070879894752313,0.5010520190503102,0.007254760009760408,0.9999736825306683,3.824861974124566e-05,3.521783371634947e-05
681,0.7070884828768932,0.707088414989667,0.005096409265219916,0.005086981703492897,0.5011653129229682,4.811136781939729e-08,0.007131682409518001,0.0009949252535052266,0.9999740742788005
682,0.001759513632971128,0.0011484919175647782,0.7071058484882704,0.7071045920596025,0.5003568338155224,0.0004341970409082844,0.00013179189698041244,0.9999977838520394,0.0020558197486621656
683,0.002547199505067489,0.0020869799353086882,0.7071037013867455,0.7071021933035434,0.5005181649167597,0.0003244037349204347,0.00015827401048317105,0.9999945656046614,0.0032769608938570997
684,0.7070451485380265,0.7070446591475782,0.009372831529810844,0.009335841089120956,0.5023823791433686,3.4188291620378504e-07,0.012589703891606954,0.00406291221283358,0.9999124922212737
685,0.7071062515963462,0.7071062468445483,0.0008735696812519245,0.0008697148589658535,0.5002268144492484,0.9999992402357459,0.0011559738987547245,0.0004280797464332852,3.4297513282850755e-09
686,0.7071012562793254,0.7071012134258867,0.0028060598091772847,0.0027952402783927056,0.5007104034408821,3.0562510549728806e-08,0.0011852289480682294,0.003779229049328722,0.9999921562993188
687,0.0012214985186093745,0.001184250729318299,0.707105789504095,0.7071057261409842,0.5002477235915351,2.6352287907586217e-05,0.999998552723336,6.543068550334896e-06,0.0017011213883135609
688,0.7070942356071606,0.7070942347415706,0.004213151513909174,0.004213006239250242,0.5008542648602592,0.9999822498088383,1.5142750625916262e-05,0.0059581740448076985,6.134204642794798e-10
689,0.7071019546384075,0.70710190921876,0.0026262958158258702,0.002612612972092628,0.500707048367496,3.5575495227147365e-08,0.003350070232125145,0.0015812038749004275,0.9999931383883301
690,0.7069348563787847,0.7069348323681288,0.015593036415170042,0.015591947816297696,0.5031528104213102,0.999756844627056,0.00011363084734796894,0.022050821059123867,1.716916699042134e-08
691,0.7067779550166781,0.7067776933042664,0.021570633915135078,0.02156205700862107,0.5044800771487589,1.8509228660449412e-07,0.0008925223870716156,0.0304863568458479,0.9995347845122866
692,0.6731490977329044,0.6731217571280075,0.21658047022044719,0.21649547852410916,0.5412952128115103,1.951536108832327e-05,0.008870517000877707,0.30610244401250736,0.9519572507822348
693,0.03182394260827474,0.02702695117809416,0.7065900819499534,0.7063902863692919,0.5066477070601825,0.04161123545389272,0.9989091973761627,0.020909232033795473,0.003424105301907657
694,0.021146131901707103,0.020630445018790775,0.7068057616759511,0.7067905213799582,0.5042912864511885,0.029540494171234378,0.001585581095524127,0.999562260083615,0.00036517562100688635
695,0.005978209494796572,0.005875787971735309,0.7070823679853081,0.7070815094536385,0.5012129959552557,0.00838203987445312,0.999964863433846,8.958055897741409e-05,7.26677063293283e-05
696,0.04489234239195204,0.04485696475314116,0.7056825438631363,0.7056802941804282,0.509040654294438,0.06346234373945552,0.00023504186960191095,0.9979842058184303,2.4887667524584945e-05
697,0.7068920926202343,0.7068912645730685,0.017456805844211158,0.017423242837672083,0.5040021099508574,0.9996957990000708,0.024409788710712792,0.0035315260669199306,5.800622392593793e-07
698,0.007925200066219351,0.00792083642660857,0.7070624161630338,0.7070623672660811,0.5016041323302903,0.01120483985737705,5.138229581684019e-06,0.9999372237934843,3.0914765304233722e-06
699,0.0024876487413173884,0.002424073210958666,0.7071026261223096,0.7071024053160466,0.5005056786842661,4.476833030203331e-05,0.9999939674537983,2.2996035671177317e-05,0.0034731143069106464
700,0.7071067807099066,0.7071067807080509,2.6013369215662502e-05,2.596287798799834e-05,0.5000059828031681,1.3276394651122437e-12,3.636381645828072e-05,5.332847640664321e-06,0.9999999993246159
701,0.707046199407588,0.707045989951354,0.009272299803724028,0.009255911801968062,0.5021028339690168,1.523664251211731e-07,0.0017336322380452401,0.012986222168096563,0.9999141725933491
702,0.0006442432291621639,0.0006282720777560683,0.7071065020732045,0.7071064877022849,0.5001310137466607,0.0008998041472928446,1.4915368460256391e-06,0.9999995951112381,1.1297435950209894e-05
703,0.002523823551046021,0.002346773637645647,0.7071028868938358,0.7071022771245259,0.5005117219257237,0.003444003691156905,6.351601301841114e-05,0.9999940594493564,0.00012597738634302443
704,0.7065152039792979,0.7065074366449333,0.02910742113963729,0.0289182735668257,0.508171658060648,5.511848536959659e-06,0.024932738821060372,0.032586301514083545,0.9991578911554087
705,0.7071067525383046,0.7071067469828068,0.00021993497259728914,0.0002190098460227626,0.5000565946055893,2.0397889769615516e-10,0.0002929270702139435,0.00010261791443096058,0.9999999518316461
706,0.7070599025262602,0.7070599046943934,0.008142396676831283,0.008142127458858015,0.5016559277296029,0.9999337013706474,2.8089036508209587e-05,0.011514863186559835,2.1981101120339423e-09
707,0.008318859617116177,0.008310113168512703,0.7070579481337622,0.7070578452818908,0.5016882357578215,6.172602267849865e-06,1.0684523558954355e-05,0.9999308668501227,0.011758459427227525
708,0.7069470873514277,0.7069470522549636,0.015028815921947892,0.015027164913274663,0.5030692683003601,2.490449948437268e-08,0.00017174710402588324,0.021252093926924155,0.9997741339955987
709,0.027137798825097544,0.027051422634346695,0.7065891454964871,0.706585833347629,0.5054817262220864,6.103460139305261e-05,0.0003449197063847726,0.9992655510180544,0.03831756586415585
710,0.707103626403376,0.7071035968930223,0.0021220888175423136,0.002113995681562296,0.5005377254710646,1.7110888801207906e-08,0.0028623178318726307,0.0008828223606967259,0.9999955138705912
711,0.0015755982760294863,0.0008058052351120009,0.7071063220463546,0.7071050257847645,0.5003197195188063,0.0016828362583667933,0.00013552022111471853,0.9999984248998923,0.0005476259050547637
712,0.0007874562131262168,0.0006128950650477982,0.7071065155686507,0.7071063427184849,0.5001601454243555,0.0009903029179599066,0.9999995019723762,1.8092814113094815e-05,0.00012258784210157788
713,0.010484290188549465,0.010376410205128762,0.7070306429789684,0.7070290514959346,0.5021266302532573,7.617978932317951e-05,0.9998911850351159,0.00016691185308263776,0.014750743240342626
714,0.7070998278530657,0.7070998050867708,0.0031421484303024777,0.0031358332489554498,0.5007229371353333,0.9999901466779948,0.004388591609448293,0.0006684389342242618,1.9902073753323782e-08
715,0.0008903238826886972,0.0008307668941535496,0.7071062931599247,0.707106220679316,0.5001806871734303,4.188888079142903e-05,7.598497349709387e-06,0.9999992585457342,0.0012170026993287462
716,0.00010462747941462395,2.3716306297520565e-05,0.7071067807888266,0.7071067734459142,0.5000212168826004,9.085177698569613e-05,7.671036192053447e-07,0.9999999942450205,5.705547521138276e-05
717,0.0017201681897063951,0.0006169528823461387,0.7071065120398354,0.7071046888696186,0.5003500314872027,0.0016505412252636493,0.0001899040257650094,0.9999983121620774,0.0007844253461089572
718,0.0029027393345589206,0.0028157741011379986,0.7071011748089544,0.7071008231534932,0.5005913497516714,0.004043603226966884,3.678374883671326e-05,0.9999918220503142,6.12566396243961e-05
719,0.003508770103460608,0.00349809456704033,0.707098128504383,0.7070980756107048,0.5007143004322033,0.004954601580973318,5.509688284395737e-06,0.9999877258428759,7.510839683186961e-06
720,0.0032907201351585697,0.002811877000284809,0.7071011903169054,0.7070991239994866,0.500669157824296,0.0043153461067766625,0.00021730968689382676,0.999990608598364,0.00033656983138160033
721,0.0016754109605165114,0.0014295061610304315,0.7071053362209491,0.707104796333697,0.5003384238194265,0.002195323273016508,0.9999975731712208,5.6231040366503655e-05,0.0001761972701119644
722,0.7069840705871162,0.7069824302840213,0.013260590850315206,0.013172848441858434,0.5037575221327977,0.999825301136588,0.01445838665489469,0.01184576975587483,1.1667327434627373e-06
723,0.7071066515381631,0.7071066512242711,0.00042871248740566724,0.0004281944495127418,0.5000944552887724,0.9999998164275414,0.0006034824551704327,5.434896275497181e-05,2.2189522873426844e-10
724,0.7071067214219401,0.7071067206247239,0.0002926556817060244,0.00029072308838929984,0.5000830292753737,5.748237046851266e-10,0.0002576754357070284,0.00032213449363677844,0.9999999149163649
725,0.707102404358662,0.7071023739234898,0.0024965559808955303,0.002487920858826088,0.5006229152880556,0.9999937887097278,0.0009332100677676362,0.0033987734456630545,2.1067921927504987e-08
726,0.0005353646986778967,0.00043082959965121386,0.7071066499375152,0.7071065785188531,0.5001087713778447,0.0006832537401736924,7.451489276182065e-06,0.9999997638574573,7.344270600107857e-05
727,0.014517674202215307,0.014503847380348569,0.7069580174318469,0.7069577336275192,0.5029364983678025,0.020521314698330736,2.963488267528805e-05,0.999789415161363,9.804396313131395e-06
728,0.00017168614086353343,0.00015497227499310472,0.7071067642043839,0.7071067603437754,0.5000348459469957,1.1923133306263302e-05,0.9999999732536509,4.019236160587098e-07,0.00023097700291005728
729,0.0021562071941247053,0.0019029376171594314,0.707104220626974,0.7071034936772866,0.5004380141695116,0.0028701912030817253,0.9999958619310094,7.563043651755483e-05,0.00018000931203039763
730,0.000454987816523315,0.0003772764824246987,0.7071066805386981,0.707106634805591,0.5000922121388766,0.0005885125964630415,4.758628132621896e-06,0.9999998253129346,5.4812235675414185e-05
731,0.015729213474481925,0.011593180910064104,0.7070117383441222,0.7069318155547004,0.5032705296797174,0.0029220817812758886,0.9997742823908239,0.008341119214840252,0.019320233906524896
732,0.70710533146513,0.7071053156074605,0.0014396665136899678,0.0014344560470427113,0.5003607724254698,0.999997934845954,0.0019506757429991657,0.0005702350105108261,7.493540824513901e-09
733,0.000141379168622689,0.0001288912336047233,0.7071067694394206,0.7071067670528509,0.5000287263298315,8.768096184827382e-06,2.481829237753825e-07,0.9999999816994637,0.00019111289833468516
734,0.010801621878951258,0.010034961694115486,0.707035571625508,0.7070242746644527,0.502192479155991,0.014733667766401693,0.9998906119096233,0.0011784411754857099,0.000542702098300256
735,0.1883750604556333,0.18834622607109092,0.6815612218464168,0.6815532529438469,0.5355610552370235,2.050267659079495e-05,0.0008375531064262229,0.9638671247780548,0.26638217631164113
736,0.7041078045176289,0.7041058204078188,0.06507682896270593,0.06505535809887701,0.5133210834454672,1.3964659949749324e-06,0.0022289499584508066,0.09199035312084158,0.9957574035440828
737,0.12830040661558728,0.12682550293805295,0.6956402028379945,0.6953696899220236,0.5258445987109931,0.18040126531797657,0.028223171417572433,0.9831875457215029,0.0010421155829157028
738,0.7071067747617515,0.7071067747193619,9.563462861386008e-05,9.532069115479693e-05,0.5000235925973558,3.024240457413054e-11,3.379814629483738e-05,0.00013072758568631146,0.9999999908839926
739,0.7071010708871641,0.7071010193683849,0.0028558464095275998,0.0028430618618014566,0.5007463066693013,0.9999918805373083,0.0037674362271420373,0.0014301341682721336,3.583783333606253e-08
740,0.0003928795667309496,0.00038224067541956945,0.7071066778726298,0.7071066720415315,0.5000799552459254,7.482804223530166e-06,0.9999998497686629,6.077804055549543e-07,0.0005480933247926713
741,0.7071065856014118,0.7071065850142989,0.000526715688594756,0.0005259269092245954,0.5001180291335119,0.9999997229856972,8.292008703823102e-05,0.0007396977691084082,4.180967529538219e-10
742,0.0002009855713528327,0.0001501134202369379,0.7071067652525751,0.7071067526228266,0.5000407608474265,3.6010699269805975e-05,1.3113794036663411e-06,0.9999999685345197,0.00024825887368905015
743,0.7070993570899587,0.7070993569509185,0.0032402777037547417,0.0032402473619999165,0.5006579040729057,0.9999895006435997,3.1764105513239304e-06,0.0045824221187941135,9.858985458855106e-11
744,0.7071057950395079,0.7071057864652496,0.0011860638109911323,0.0011840912627299825,0.500268007706872,0.9999985955892758,0.00020756993919510385,0.0016630496692999987,2.34455288951334e-09
745,0.707101795338617,0.7071017828648188,0.0026586969355136022,0.0026567798992541605,0.5005654274615586,0.9999929364006394,0.0037532386682094733,0.00020086893101609903,5.16556102364658e-09
746,0.7071010296214677,0.707101018196507,0.002854831949926659,0.0028520007467416043,0.5006190395121396,0.9999918579799922,0.00029786513333983144,0.004024332253191474,8.105111060489266e-09
747,0.008685431909553246,0.008379141446997869,0.7070571334684413,0.7070534373528938,0.5017636240518021,0.012066502685491982,0.00038671453776431954,0.9999270991992459,0.0002150622823698216
748,0.0020379971655384256,0.0004582118708401374,0.7071066327237255,0.7071038442602007,0.5004159651646528,0.0011099320386939737,0.00028877845111579067,0.9999977766057514,0.0017695879270237427
749,0.005433983068326195,0.004322003309228787,0.7070935725117248,0.7070859013079381,0.5011097303026051,0.006898921079644478,0.0008025986107894875,0.9999755736773391,0.0007827975992314341
750,0.7071063740290434,0.7071063689804983,0.0007635097971422707,0.0007588198030987488,0.5002129954563395,0.9999994206224754,0.000586863612714979,0.0009024111058592857,3.598611045594832e-09
751,0.7071031224448239,0.7071031120916987,0.002279543984486676,0.002274693118042332,0.5005288405243836,1.1066118118945451e-08,0.0031791481529482957,0.0005133873587107315,0.9999948147117781
752,0.014566083195339013,0.014035894354797695,0.7069674629497898,0.7069567378703933,0.5029630729457518,0.00037411425464557735,0.0011213937284030083,0.9997947616216624,0.020224666833276898
753,0.0004163798285739014,0.00023411498050033788,0.7071067424301538,0.7071066585939114,0.5000845230254222,0.0004599546561322021,8.718823083034618e-06,0.999999885871,0.000128932928455895
754,0.00015289374755983378,0.00012354574859862566,0.7071067703935867,0.7071067646568675,0.5000308929482447,2.0831534730595124e-05,0.9999999806797967,5.981370288989383e-07,0.00019546380023025494
755,0.0015323319085282228,0.0015281985732206417,0.7071051298138903,0.7071051208688282,0.5003108369533453,2.9195443901212405e-06,0.9999976582808418,9.338563600650172e-07,0.0021641218619449106
756,0.006034223169256459,0.005664385052084453,0.7070840931190429,0.7070810336522549,0.501223872893796,0.00026074811706831846,0.9999656997744286,0.00031963629044853484,0.00827218941357816
757,0.707105797521003,0.7071057919273661,0.0011828029267603698,0.0011794541862351015,0.5002849437197918,0.9999986049315478,0.00036046796457910436,0.0016310112775491776,3.941122721865876e-09
758,0.0002639893394431025,0.0002526857285210305,0.7071067360377242,0.7071067319080125,0.5000535554105722,0.00036534484572483405,0.9999999332296812,4.328322362806086e-07,7.974486824039968e-06
759,0.0017726415472218797,0.0017590169293772247,0.7071045932953923,0.7071045592710777,0.5003605901149277,0.0024972596547741233,0.9999968817894931,3.5606654076207384e-06,9.634802036852535e-06
760,0.7071064439452227,0.7071064438698638,0.0006906791695118591,0.0006906020138655194,0.5001411979889917,5.302689994683691e-11,0.000976680052636351,8.058010607946768e-06,0.999999523015458
761,0.0070935310022619425,0.006954345661512439,0.7070725826083364,0.7070711999641537,0.5014391190514178,0.009933357251264464,0.00014529447114621977,0.999950647674518,9.75630709042588e-05
762,0.024516404356903623,0.022138923125300632,0.7067601206087067,0.7066816439652233,0.5050339882428927,0.0016813814734172895,0.008213680778918783,0.9994205068179693,0.03299028578354579
763,0.007681171069389404,0.006859187533946156,0.7070735121233083,0.707065060380598,0.5015631287711027,0.010281710323205939,0.9999465863377791,0.0008806979230950859,0.0005790297511765251
764,0.7071045545150215,0.7071045244597787,0.0017864737670395708,0.0017745377209419046,0.5005094437636252,0.9999968297586632,0.0019281407318369852,0.0016194894138577692,2.1196036239443897e-08
765,0.20894223397462672,0.20892201973384353,0.6755380001675173,0.6755317482263062,0.5389389839669468,1.4152600431298652e-05,0.0006519196269309406,0.9553503585244623,0.2954746474195038
766,8.091017165151272e-05,9.0826155004251e-06,0.7071067811282161,0.7071067765575048,0.5000164227133616,5.095844461828681e-05,0.9999999966854117,4.783360559330813e-07,6.34995015971843e-05
767,0.7070815004085247,0.707081301099938,0.006002802247749459,0.005979279223813274,0.5015259043157199,1.411004139960257e-07,0.002573122117958344,0.008072450521866618,0.9999641066483997
768,0.7071064081575322,0.7071064076444777,0.0007268205619567436,0.0007263212518878136,0.5001545027843481,0.9999994720945232,0.0010261864592513723,5.2459899696143446e-05,3.653753866973657e-10
769,0.7070969037305554,0.7070969027163492,0.00373766891853983,0.0037374770448081102,0.5007606215419597,0.9999860304506224,1.998531429861175e-05,0.005285688620444707,7.213908004980348e-10
770,0.00031794056096564086,0.00029575133526364743,0.7071067193367111,0.7071067097077911,0.5000643973705011,1.5778246222245914e-05,1.0063444702669032e-06,0.9999999057219418,0.0004339425072097997
771,0.7067847947118902,0.7067847885441424,0.021336885494550758,0.021336855702161015,0.5042982162015465,0.9995446342740925,0.030174891617790803,3.1172087522966745e-06,6.451637890991965e-10
772,0.7071066598242424,0.7071066641114555,0.00041595642802107343,0.0004142851729689786,0.5001063884055882,6.8551040553597e-10,0.00018346240407470454,0.0005576679126909822,0.9999998276740095
773,0.6622392346984141,0.6622265711523723,0.2479031573769539,0.2478693123927582,0.5455142950119888,8.939322430689672e-06,0.0035364530272945175,0.35054623798224865,0.9365387490416867
774,0.7069541703105601,0.7069533885147815,0.014727997706101616,0.014690169519302392,0.5034912589420323,5.572565680745051e-07,0.02040908886083081,0.0040229452901434665,0.9997836190910259
775,0.7071063230121325,0.7071063222582176,0.0008056192974194938,0.000804957300905725,0.5001735318900411,5.281802096542995e-10,6.870203902517454e-05,0.0011367755884473824,0.9999993515104302
776,0.0003765237597352467,2.273736754432321e-13,0.7071067814225585,0.7071066809399126,0.5000765238593006,0.0002767023225508327,0.9999999292267452,1.0494489561027655e-05,0.0002547002107373172
777,0.012607917986218665,0.005905309580312989,0.707082122047191,0.7069943708432556,0.5026387024550889,0.0047235235685579935,0.00917228121229788,0.9998610088308136,0.013096587428938492
778,0.0036885315182717984,0.0007260228832970669,0.7071064084639407,0.7070971607461305,0.5007550510705591,0.002094949879260533,0.0009677488439426718,0.9999924655157097,0.003121467442044163
779,0.005400589925103799,0.005197712207345177,0.7070876775819535,0.7070861571466831,0.50109406578282,0.007494119645599069,0.9999718957675234,0.0001584039457299329,0.00014406262214132652
780,0.7071067740203612,0.707106774005165,0.00010077702779931298,0.0001006703472827199,0.5000219722565523,0.999999989854737,1.1188668339145401e-05,0.00014200472476253578,1.0707678003955985e-11
781,0.7071058916506682,0.7071058869840567,0.0011245410129795221,0.0011216028321482051,0.5002687439032845,3.2608128691957714e-09,0.0003118552120197478,0.0015573476585823743,0.9999987387065028
782,0.7071058839267813,0.7071058781588008,0.0011300766654396169,0.0011264617720255206,0.500277413545861,4.067560775386136e-09,0.001547772894027334,0.000387799512790117,0.9999987270044917
783,0.00016800082202219412,0.00016460021153794977,0.7071067620287402,0.7071067612289699,0.5000341179010465,2.4114442550051762e-06,0.9999999723412428,8.322728975562814e-08,0.00023518437520996975
784,0.0012191989999552366,0.0008251808997037593,0.707106299700748,0.7071057301095782,0.5002482130793605,0.0014458042343844396,5.9329588567023326e-05,0.9999989145545529,0.00027752447561211623
785,0.0015891598417921886,0.0015836502099918536,0.7071050077973255,0.7071049954363174,0.5003222662869783,3.902645877407112e-06,1.3010996799749416e-06,0.999997483307512,0.0022435154810335244
786,0.7071067780568636,0.7071067780286304,6.682791093489543e-05,6.652850413790674e-05,0.5000174484241001,1.982967005373805e-11,8.813191795533886e-05,3.353768895232964e-05,0.9999999955539949
787,0.7071057288812272,0.7071057281481978,0.001223384884382141,0.0012229611264290086,0.5002542772642582,0.9999985038466338,0.0017292569877313082,4.443829962608738e-05,5.220089071491579e-10
788,0.7071062973162531,0.7071062944614906,0.0008296583299293814,0.0008272216772685039,0.5002013859531195,0.9999993136854455,0.0002618247794249015,0.0011419616598832157,2.0105656088786087e-09
789,0.0055432465972947015,0.004401888420974025,0.7070930797132197,0.7070850531705206,0.5011286783910318,0.007032039223452406,0.9999745977800725,0.000836415008349428,0.0008090913847961746
790,0.7069234919772487,0.7069231539220138,0.01611379685087691,0.016098959304602735,0.5034701713198302,0.9997405508732242,0.022725144297337765,0.0015487918865240346,2.384744244346718e-07
791,0.7071049671055822,0.7071049515172044,0.0016085831812501586,0.0016017161460494568,0.5004149455081771,0.9999974234794482,0.00213874635944011,0.0007607880608277736,1.124411553255214e-08
792,0.0006362516590545066,0.00030054807036750803,0.7071067173141924,0.7071064949382297,0.5001292549390786,0.000662167577541754,2.324385852378313e-05,0.999999752157172,0.0002380743769431195
793,0.7070916541662264,0.7070915901051809,0.0046349975757616286,0.004626019767713125,0.5010650260759975,0.9999785581394138,0.0009467707880800359,0.0064797288904264415,4.169331686289091e-08
794,0.0002601193731286147,3.7044155066465744e-05,0.7071067802162061,0.707106733342224,0.5000527716944285,0.00015763269600100596,4.900326390557077e-06,0.9999999654708136,0.0002102053539495197
795,0.30375057607264505,0.3022767850235896,0.6392407581091437,0.6385417677297632,0.5571554254406802,0.0010402694256683158,0.07358788473555293,0.90052715627212,0.428526057405399
796,0.7071036013834937,0.7071036002682852,0.0021227195237701344,0.002122348001764454,0.5004343963821086,0.9999954948402437,0.0030014655527746876,3.8778250288293414e-05,7.962183432564404e-10
797,0.03622485211818821,0.03612850507142549,0.7061832135652237,0.7061782778371322,0.50728037427997,0.05116155036514011,0.0005151027332570605,0.9986902552240604,6.748270782445212e-05
798,0.7071067478925167,0.7071067529339993,0.00021772854184879076,0.00021699048430543315,0.5000539126675634,0.9999999527547065,0.00029691114340452433,7.958869980672564e-05,1.6261567627203123e-10
799,0.7071009715405292,0.70710096224015,0.0028686580583128516,0.002866364673443477,0.5006148775174567,6.6909343155399674e-09,0.004048219195530137,0.00023909588375656268,0.9999917773434472
800,0.7071067774204322,0.707106772028984,0.00011380136423119343,0.00011303394191736126,0.5000325907118726,0.9999999871362889,0.00011816765992298618,0.00010846117588604527,8.622159844737366e-11
801,0.7071036527291619,0.7071036444079841,0.002106196796730292,0.002103401311281396,0.5004663744751705,0.9999955698091749,0.00029414533125815057,0.002962066938297694,5.872861802819138e-09
802,0.0002541915041249975,0.00018165771323622014,0.7071067578523635,0.7071067354980325,0.5000515314479376,0.0003082028658171009,0.9999999511908544,2.3355642668204665e-06,5.122341641086308e-05
803,0.7070884506781688,0.7070883542231714,0.005105562882764808,0.005091455346289513,0.5012255625883717,0.9999740048171728,0.0070515472423696235,0.001505115072595828,7.279812804118775e-08
804,0.7071041731330118,0.7071041668835437,0.0019228041832987043,0.0019205045892767242,0.5004221269192928,4.443149391015145e-09,0.00024245535934456065,0.0027067931586046727,0.9999963072362773
805,0.7071003336874234,0.7071002559749568,0.0030377623597688756,0.003019619038624636,0.5008434386731402,0.9999908269082834,0.0036692242119973346,0.0022097269005344265,5.441686062363282e-08
806,0.7071067748990972,0.7071067747725652,0.00012853530973567007,0.00012783732815269843,0.500034945113116,8.932281897847166e-11,8.203105362838347e-05,0.00016166203808774227,0.9999999835681505
807,0.7040772346033247,0.704077165844371,0.06538611883690933,0.06538537843685918,0.5129991703721664,4.814576299804469e-08,0.09246938038264421,7.708135686012193e-05,0.995715525514243
808,0.00011821931995499756,7.838189796163831e-05,0.7071067768422791,0.7071067713041581,0.5000239902695588,2.8176304438903587e-05,5.769462860922547e-07,0.9999999899400676,0.00013901663715849624
809,0.7071067460404065,0.7071067460175594,0.00022301672331157156,0.00022294427180589576,0.5000462350678493,0.9999999502796955,7.587936596536596e-06,0.000315250742149639,1.644409846350963e-11
810,0.7050420361495823,0.7050278462164922,0.05418243312503545,0.053997543378293766,0.5132466231027555,1.0134585974654377e-05,0.020024984271023248,0.07382730358874641,0.9970699720416216
811,0.7070769310661417,0.7070769254601722,0.006497805921198541,0.006497195863311813,0.501325291737737,3.959574371745554e-09,6.38291929836465e-05,0.009188632200165706,0.9999577815908648
812,0.05618138033191104,0.056177647292460525,0.7048716705505146,0.7048713730206315,0.5112538241393778,2.6415049976488567e-06,0.9968388653558875,3.105882712568728e-05,0.07944983036065838
813,0.00040443927333550715,0.0001416602114847553,0.7071067669965997,0.7071066655242851,0.5000821015080636,0.00018501397786081263,1.0662661841388146e-05,0.9999999081237781,0.0003865340467930056
814,0.7071061097989337,0.7071061097988149,0.0009782309333986902,0.0009782308475339747,0.5001984637700172,0.9999990430638666,8.982872844716506e-09,0.0013834273924006348,8.443424463975373e-14
815,0.00038881862239937946,0.00011373605523836562,0.7071067720394913,0.7071066742861917,0.5000789919525178,0.00035533974419779224,1.0190536308547059e-05,0.9999999178901672,0.00019454942194512795
816,0.000340620425468094,0.00012763209540815506,0.7071067696678109,0.7071066991464048,0.5000691413089074,0.00033124883591840445,0.9999999338166898,7.374776813622634e-06,0.00015028783958472423
817,0.707106776167253,0.7071067761670575,8.425336987344218e-05,8.425172977998609e-05,0.5000171580331612,0.9999999929015077,0.00011915097544243392,1.7133904215518897e-07,1.3894961637347916e-13
818,0.0022609773088995916,0.0012973339098558986,0.7071055910716253,0.7071031664344378,0.5004606510055142,0.002515239300021882,0.000250830152435404,0.9999965709894189,0.0006845910472302161
819,0.00023028623949656953,8.396203397970248e-05,0.7071067762017116,0.7071067436874354,0.5000468409397517,0.00022273178886340444,0.9999999699535945,3.381786826939101e-06,0.00010233242634271872
820,0.00501995037616272,0.0037532364594475686,0.7070968202559479,0.7070889619408769,0.5010242112138454,0.0008955222530257239,0.000817379745497087,0.9999800224029733,0.006203605820872721
821,0.7071067809624378,0.7071067809618768,1.782500906598676e-05,1.780274038467337e-05,0.500003946038529,0.9999999996826646,2.3246060932377093e-06,2.5085149389985155e-05,3.9713809069970906e-13
822,0.005818999668628239,0.0035480099057118857,0.7070978798056963,0.707082837610176,0.5011941484376844,0.0015875027078171935,0.001572809485944488,0.9999755382702573,0.006627893073005803
823,0.0011786342998263116,0.0011346524272610125,0.7071058708311564,0.7071057988881031,0.5002385988167249,0.0016357400336146938,0.9999986616632635,7.533458647503386e-06,3.113619270191038e-05
824,0.0021761478947306275,0.002070601140986623,0.7071037495381518,0.707103432589843,0.5004422346788855,7.428824503913436e-05,3.327229379780249e-05,0.999995487931924,0.003002913585410785
825,0.7070985874737624,0.7070985673911778,0.0034082243674465862,0.0034051494973277177,0.5007331925906079,0.9999883944144312,0.00480702482690921,0.0003217899182484999,1.0468796957390088e-08
826,0.7071067836253133,0.7071067835903609,6.364805517554915e-05,6.325855396053815e-05,0.5000177701559895,0.9999999959736402,7.597117049298205e-05,4.776087133558519e-05,2.519996031351759e-11
827,0.7071067753237529,0.7071067753218836,9.107077381781836e-05,9.105625827247672e-05,0.5000186400887274,1.326280034294226e-12,1.516381062477846e-06,0.00012877433208071233,0.9999999917074347
828,0.07199110126386125,0.07167738451733369,0.7034645353880807,0.703432499490058,0.5143902864948894,0.10158895947839336,0.994820765214368,0.003358420149196199,0.00022231627603518193
829,0.000627746537686308,0.00039691741889009193,0.7071066697865103,0.7071065025399573,0.5001273530178031,0.0007244718151940413,1.745786317320844e-05,0.9999997240430034,0.00016355348356110054
830,0.7071015931163146,0.7071015899615141,0.002710889968957752,0.0027100669539387775,0.500561882163658,2.2142457026647038e-09,8.577518042605792e-05,0.003832235631723296,0.9999926532793528
831,0.6993736908798942,0.6993735770312078,0.10429093800792134,0.10429017453736011,0.5205129285030222,0.9890636783060969,7.97705183168897e-05,0.14748909753696895,8.100470581116585e-08
832,0.002370275542047106,0.0017884645006225907,0.7071045194274564,0.7071028085037273,0.5004808760713969,0.0004140863771830572,0.0001793898392277673,0.9999955754941513,0.0029402965645399324
833,0.005724780517760071,0.0008998888342626267,0.7071062085712839,0.7070836067170512,0.501177629628818,0.0034431364559630324,0.9999804047403634,0.002367957632391013,0.004661300594917062
834,0.002350428847514813,0.0023316575868259602,0.707102936900275,0.7071028747532639,0.5004765462223838,1.3220482343428195e-05,6.486711714955791e-06,0.9999945193926052,0.0033107352499964927
835,0.7071031515723727,0.7071031422840365,0.0022685175864414447,0.0022672642014081347,0.500476144615301,2.9022819562093415e-09,0.0001308558063410548,0.0032046116390177172,0.9999948566572722
836,0.0004420942634569815,0.0003036902018864426,0.7071067159716842,0.7071066429843952,0.5000897357887688,9.854416116437148e-05,0.999999856133423,7.619356724095779e-06,0.0005272230313670011
837,0.7071067798955769,0.7071067798784363,4.3011032609496624e-05,4.272831103016894e-05,0.5000122103855573,0.9999999981621718,3.775942264963532e-05,4.7432936771743824e-05,1.2177128589012743e-11
838,0.7071047538818949,0.7071047523366847,0.0016938780582949258,0.0016932328917124576,0.50035331903616,0.9999971318656368,6.757304803068757e-05,0.0023940957343284676,1.0884211838049972e-09
839,0.13730316451303334,0.13723988884644958,0.6936607332907372,0.6936482112820129,0.5266618614674563,0.1941312547352521,0.9809746911100817,0.001307411817063498,4.484189569485283e-05
840,0.7071067807100248,0.7071067807040448,2.612205409558624e-05,2.595967293918161e-05,0.5000073354333211,0.9999999993218667,3.067742041312274e-05,2.037552959013661e-05,4.188671878373804e-12
841,0.00035535737269953377,0.00020255237421029103,0.7071067521757499,0.7071066918939027,0.5000720363325928,0.0001087168263633306,6.273583521150694e-06,0.9999999163271558,0.0003943183708106248
842,0.00604071836270065,0.003997083948266352,0.7070954838774597,0.7070809781924917,0.501235809371079,0.001439544674873637,0.9999726102903798,0.0015204310554691337,0.007098920309173807
843,0.00019872643752662567,0.00019095499015373086,0.7071067554027414,0.7071067532613471,0.5000401333211736,5.554052477254242e-06,0.9999999620219722,2.2492449335714657e-07,0.00027554520089762994
844,0.7071055610287478,0.7071055443873703,0.0013225341743632116,0.0013136065702863903,0.5003777677927891,0.9999982626690608,0.0013836029282356713,0.0012491204108635134,1.1879543077119972e-08
845,0.018335545228625835,0.017730981407969516,0.7068844405546858,0.7068690174149451,0.5037188221835304,0.025502892495427566,0.9996733577247603,0.001611811026463714,0.0004270771445639447
846,0.004411927514334086,0.00420996252562168,0.7070942484672925,0.7070930171452696,0.5008931614194226,0.006096586198898092,0.9999813971850757,0.00012804261029212904,0.00014326750602407812
847,0.0026453214888060347,0.00022420398298583723,0.7071067456421002,0.7071018330298746,0.5005407595972124,0.001675511695562964,0.9999963444956365,0.0005128373382238057,0.0020592847698065984
848,0.7070178890696521,0.7070167023039574,0.011286392838619732,0.01121180340371347,0.5032083766378359,8.253845593647102e-07,0.009948296660487141,0.012414450951456057,0.9998734483926398
849,0.008583322044438613,0.008530431759085765,0.7070553243799275,0.7070546842944203,0.5017343564833947,3.766544359718565e-05,6.68356764003904e-05,0.9999267742438341,0.012101250539895601
850,0.007584731506621367,0.007538222328649034,0.7070665988469546,0.7070661014699907,0.5015425911464662,3.285856094557285e-05,0.999942820537622,5.2040722439033336e-05,0.010693543254744227
851,0.0010332353898853408,0.0007263765333984666,0.7071064081007428,0.7071060262963621,0.5002097562258195,0.00021824945525841154,0.9999992016070186,3.983831618155026e-05,0.001244011822477139
852,0.7071067832400986,0.7071067832398373,6.742988277115818e-05,6.742714250096058e-05,0.5000137463378779,0.9999999954533946,2.871068067768807e-07,9.535788486569154e-05,1.817943135698294e-13
853,0.7071059637481197,0.7071059615180441,0.0010766548388168647,0.0010751892122971764,0.5002393942465918,1.561246911909708e-09,0.0015138261153834637,0.00015345349970269435,0.9999988423905876
854,0.7071066906839693,0.7071066853235152,0.0003681993885156429,0.00036802247679235654,0.5000771381811278,6.506089555210682e-11,0.0005202565796653211,1.8558675669760905e-05,0.9999998644943229
855,0.7071065523484618,0.707106551955626,0.0005693693225325964,0.0005688812460697565,0.5001226761398143,2.770787038926614e-10,0.0008032283173223196,5.129880917391527e-05,0.9999996760962989
856,0.003090311756768095,0.002628356801734149,0.7071018962925586,0.7071000282656307,0.5006288873458781,0.004043747663976877,0.999991751656467,0.00019578768897277328,0.0003261764266816813
857,0.7070793499758564,0.7070793424770359,0.006229240903931825,0.00622838965680147,0.5012770643278769,0.9999612011073417,0.008808431282725092,8.842111557156913e-05,5.350431258552818e-09
858,0.7071019694454113,0.7071019679271106,0.0026104413674057905,0.0026086023875045014,0.5005545580789295,4.810053634745604e-09,0.00019191047847672178,0.0036854281863860053,0.9999931903715357
859,0.7071041138995426,0.7071040986332613,0.0019496529425746048,0.0019421911192602807,0.500494436203013,0.9999962133663619,0.0008140195707616871,0.0026288067784910095,1.437795617291127e-08
860,0.7071067243902704,0.7071067243649294,0.00029632495614678327,0.000296264480058031,0.5000608490969393,1.7930282786530784e-11,0.0004189762969900847,6.323317161497361e-06,0.9999999122094355
861,0.7070862224831889,0.7070861968969512,0.005396073402761686,0.005392028788190463,0.5011533460220561,0.9999709037853931,0.00042107762296943586,0.007616710330326422,2.1671926364978665e-08
862,4.5464969111922056e-05,4.173580952083383e-05,0.7071067799548538,0.7071067797249128,0.5000091887409865,2.6409485525334634e-06,2.4022778610711273e-08,0.9999999980955291,6.166008922674556e-05
863,0.7071061707345382,0.7071061674919015,0.000931608777006624,0.0009291443033531573,0.5002218675871452,0.9999991343975991,0.00026237816298796125,0.0012893260834391219,2.3263054421640025e-09
864,0.7070792745092037,0.7070792556156161,0.006239092728117905,0.006236951141548206,0.5012896302200263,0.9999610863240609,0.008819056822113976,0.00022377305565715892,1.3503781900495932e-08
865,0.011119921012408806,0.002659571201577121,0.7071017795771214,0.7070193401574504,0.5023234623079845,0.0059995913956078775,0.008631795335474358,0.9998973778078906,0.009732978232522248
866,0.6932167318156279,0.6932058212316934,0.1395194947328794,0.1394652742831858,0.5277619754994739,0.9803487888498543,0.00563795882706567,0.19719144393625837,7.698750909620355e-06
867,0.0005584975316608043,0.0005013350382548649,0.7071066034645547,0.7071065606261242,0.5001133196056419,0.0007494128773849911,4.460904133462964e-06,0.9999997183618535,4.045556405201033e-05
868,0.0014832073799467829,0.0014815600473405551,0.7071052290711939,0.7071052256177064,0.500302472754927,1.156597507697867e-06,3.5861219301519044e-07,0.9999978025353681,0.002096407157039528
869,0.7071066342232061,0.7071066342037177,0.00045592223929382194,0.0004558920129488692,0.5000931568011963,0.9999997921486692,0.0006447422967145911,3.160155132165561e-06,1.3714904271241642e-11
870,0.7071067830191056,0.7071067829750085,7.015207367870534e-05,6.9706172969652e-05,0.5000197537917088,0.9999999951098667,5.649428241581694e-05,8.117056144822127e-05,3.1431257091234225e-11
871,0.0004854124011022302,0.00013568510492020057,0.7071067681683938,0.7071066145743505,0.5000984957939361,0.0004389410200417906,0.9999998728512804,1.6179401790751415e-05,0.00024772248134901037
872,0.7070975832865536,0.7070975198846484,0.003620058488682386,0.003607653087317948,0.500899033433902,4.4691731854988775e-08,0.0013463474463973112,0.00493024672947466,0.9999869399225858
873,0.7071067803733652,0.7071067803733094,3.3913012512593004e-05,3.391185015722723e-05,0.5000069032856915,0.9999999988499473,1.2126681234202264e-07,4.795926702031368e-05,3.9366033324154225e-14
874,0.7071066886146621,0.7071066832439026,0.00037217174622970284,0.000371977134072523,0.5000784433811184,0.9999998615605935,2.0351243228464363e-05,0.0005257990337225147,7.224901451404958e-11
875,0.7071059070017065,0.707105899165477,0.001116855130476683,0.0011118827699950113,0.5002909934940369,5.584752714918601e-09,0.0005536853270998129,0.0014754935564882151,0.9999987581748909
876,0.7071067291202983,0.7071067287131967,0.00027241240800083573,0.00027135362794545676,0.500069182899697,0.9999999260793401,0.00036656016064049704,0.00011608169564228548,2.910301177437128e-10
877,0.181058290183959,0.1810578354298179,0.6835335106850774,0.683533390227324,0.5343666227567274,3.230609999562747e-07,1.2525653382870763e-05,0.9666622758896896,0.25605476799849947
878,0.00024720415142045414,0.0002453482873003971,0.7071067386216995,0.7071067379753257,0.5000501092890814,1.320173597749312e-06,0.9999999393471573,6.758044953597393e-08,0.00034828713973159687
879,0.002416679093034667,0.00213140781323122,0.7071035688643755,0.7071026514320702,0.5004903087638263,0.0032160189594205757,0.9999948037986847,9.55961882010158e-05,0.00020114437151753331
880,0.7068099143830586,0.7068074979275666,0.020570874395331156,0.020487677511831046,0.505250699135704,0.9995784582483159,0.009131199917650722,0.027559517254138802,1.653464048317907e-06
881,0.00041783046093139933,0.00038233958439931137,0.7071066778191527,0.7071066577382106,0.500085025549601,0.0005658087177373355,0.9999998396148777,2.0883621650838385e-06,2.502692176868978e-05
882,0.7071060889330133,0.7071060941666824,0.0009894659736160924,0.0009894411847948194,0.5002006789615793,0.999999020981136,2.5950467095739915e-06,0.0013992962648577297,2.481725010013421e-11
883,0.005202408008655531,0.004141271204227062,0.707094654111327,0.7070876430478159,0.5010607658934747,0.006607238697307868,0.0007294208073102875,0.9999776261342146,0.0007480461698858535
884,0.6412166053134527,0.6409874136837527,0.29855507950626153,0.29806251872764594,0.5580546435381354,0.00016142588957242224,0.4186605761148952,0.051958854648678644,0.9066551568112196
885,0.7071062222464947,0.7071062151715543,0.0008946875202898487,0.0008890783375341999,0.5002512236236736,4.991928824236775e-09,0.0007122151485550184,0.0010409974214203074,0.9999992045366586
886,0.7071067682716171,0.7071067682655,0.00013517810588105185,0.00013514610437679537,0.5000279231686929,0.9999999817312051,0.0001911188649101891,3.342052251751947e-06,4.324406832636477e-12
887,0.7070357131969893,0.7070348696622791,0.010084298768107056,0.010025353552715782,0.5027752695393787,5.986158416163139e-07,0.007114818168752481,0.01231178938769609,0.9998988944909089
888,0.2221645723358792,0.22159940638714945,0.6714861897975903,0.6712994142902748,0.5420140469064312,0.3137885149466378,0.01946978043601284,0.9492931761922264,0.0004014626723719555
889,0.0002255044922365284,0.00020207247945507717,0.7071067523130525,0.7071067452285571,0.5000455419634033,1.671311417298053e-05,0.9999999541569432,7.403985488799383e-07,0.00030233464040135735
890,0.707105251743389,0.707105250919027,0.0014736259026166506,0.001470699464537036,0.5003399465069667,0.9999978327325403,0.00030874419024381436,0.002058933520258232,4.25325198458687e-09
891,0.0025149929833933327,0.002202896553198608,0.7071033497635731,0.7071023085879414,0.5005108296091765,0.00022015767764745802,0.00010804596059030082,0.9999944051760156,0.00333608652966333
892,0.7068186409520353,0.7068168418550461,0.020247273151368695,0.02018437025832566,0.5049462963000254,1.2579216108847862e-06,0.006758668595298449,0.02777915174389319,0.9995912360188246
893,3.660535031187464e-05,3.4986418810827896e-05,0.7071067803210134,0.7071067802390582,0.5000074513608885,5.0623046937431345e-05,8.560308514084835e-09,0.9999999987179989,1.1438056794476003e-06
894,0.00023099219393733729,6.139952896297935e-05,0.7071067785208239,0.7071067434571715,0.5000468368844904,0.00012131732796501145,3.6727998355519747e-06,0.999999971429607,0.00020593543102703345
895,0.006173196376565436,0.002870580167403026,0.7071009544396779,0.7070798339978995,0.5012699379637263,0.002329337228716461,0.9999744231532205,0.002191906792014593,0.006397090907283071
896,0.707106531081273,0.7071065360884794,0.000595039099776812,0.0005947286851622662,0.5001249353128098,1.863699307804196e-10,3.2546219486385274e-05,0.0008406631208844487,0.9999996461130682
897,0.000441691595226243,0.00042395809620565433,0.707106654090834,0.7071066432360372,0.5000895936257753,1.256845847756433e-05,0.9999998125833743,1.13461242288321e-06,0.0006121061725577713
898,0.01788649083283731,0.016083186863743784,0.706923850991252,0.706880522751676,0.5036664180898335,0.02402030383979603,0.9997004490145084,0.004518493794972859,0.0012729718972365979
899,0.0015950100860821202,0.0015553589237775121,0.7071050705932033,0.7071049822641798,0.5003225484712326,0.0022276465233265113,9.254100051625045e-06,0.9999975183548243,2.80984624017447e-05
900,0.06470627559778429,0.0643379216864508,0.704173722765248,0.7041399703881778,0.5130203666770853,0.00025973590468919366,0.003523521360678569,0.9958219291261634,0.09124802905229301
901,0.7065515420509207,0.7065498120701421,0.028060123099471278,0.02801639565441063,0.5062724473376337,0.9992135462775954,0.039385557668120526,0.0045898563150836855,1.2359052005258073e-06
902,0.7070880245638679,0.7070880168741305,0.005151348659092091,0.005151016283026216,0.5010510202388551,1.6854856076536276e-09,0.007284789419979741,3.471112332299776e-05,0.9999734649670666
903,0.7065394214204889,0.7065378732307074,0.028359014275002915,0.028320416289695574,0.5062239088227413,0.9991965373885797,0.0040636544827401,0.03987187456988172,1.1150674086558249e-06
904,0.7071067171525223,0.7071067163047886,0.0003029136157165447,0.0003009282013316529,0.5000859810570997,5.980059452834275e-10,0.00033460073184682105,0.0002652485460671672,0.9999999088427751
905,0.17370087333659412,0.17365119926238506,0.6854525957312733,0.6854400094844985,0.5330720466113931,0.2456150059914525,0.969366560985471,0.0013183474698423793,3.514226611808647e-05
906,0.2399381810868669,0.23959640581014632,0.6652770568138159,0.6651538688579653,0.5443966147635007,0.00024224482126978543,0.940668992832218,0.012848249047766347,0.33908215779934675
907,0.7070764775895927,0.7070763136946848,0.006564039300291191,0.0065463607824792006,0.50157052916757,1.1463139469808582e-07,0.009075738856204274,0.001890083501894273,0.9999570283509973
908,0.04173741353599588,0.04150980663729635,0.7058873394196256,0.7058739181407035,0.508382279878466,0.00016244023874837857,0.9982649663997536,0.001407523756677632,0.058864669785103706
909,0.7071067805639458,0.7071067805631425,2.969218004830603e-05,2.9673039377603028e-05,0.5000063088698438,0.9999999991189403,2.0006392149056448e-06,4.192984932786648e-05,5.742326875438421e-13
910,0.707060735854236,0.7070607100174202,0.008071700543156793,0.00806943698550922,0.5016663092626402,0.9999348637971737,0.011411060485531938,0.00023635041153637813,1.8328670924290163e-08
911,0.7071067326032912,0.7071067323785388,0.00027654208435382347,0.0002759668036043832,0.5000639582885819,1.6072876121699155e-10,0.00038590049144141653,6.0942692881515516e-05,0.9999999236833956
912,0.03555477156198449,0.03533103562455776,0.7062235608820802,0.7062123322480123,0.5071634084743738,0.05012383248840521,0.9987423163219814,0.0011669412777286009,0.00015891046506348036
913,0.7071062745293828,0.7071062744222109,0.0008465652600934976,0.000846475738478366,0.5001730336653636,7.549473141885954e-11,0.0011971242574140986,9.35028023161742e-06,0.9999992834027843
914,0.7070957469876487,0.7070956003263692,0.003976430446037563,0.003950264798681347,0.5011305301632931,1.0240747609413046e-07,0.004353653688029905,0.0035301969685244336,0.9999842915810824
915,0.001967583123235178,0.0015733163920471508,0.7071050308656637,0.7071040436998319,0.5003998235941773,0.0025036751644393943,0.00010300392457730022,0.9999968213361365,0.00027985440374154666
916,0.707062903715838,0.7070629035729042,0.00787720705915656,0.007877194229318724,0.5015969065837153,1.0037007528514802e-10,0.011140043904530487,1.3358036201345635e-06,0.9999379477847707
917,0.013484186991992657,0.012690055806393952,0.7069929012964961,0.7069782010084691,0.5027377565228736,0.0005635870962663335,0.9998273778755216,0.00153415623969217,0.018507922216968037
918,0.06710500891386866,0.06650754053772182,0.7039721209335033,0.7039154194778384,0.5134978884315933,0.09447833953064091,0.005937370545058877,0.995509122239112,0.000422527206271817
919,0.001064896676317748,0.0008286368874119628,0.7071062956592221,0.707105979323515,0.5002162328497008,0.00016589446862542816,3.28440766749802e-05,0.999999089138206,0.001339075445108251
920,0.002823074889936344,0.0028020318965616326,0.7071012293987696,0.7071011456985249,0.5005730492465648,0.00397755125937661,0.9999920893632575,8.73643743403413e-06,1.4851349077777562e-05
921,0.0671469766828766,0.06679649015291848,0.7039447626790006,0.7039114173831056,0.5134356032906293,0.00024774287703035374,0.0034941486235434875,0.9954985200144117,0.094712333926826
922,0.0065049272174780345,0.002889002022509095,0.707100879413469,0.7070768599819136,0.5013352632013657,0.006636421991318302,0.0025102153215884222,0.9999715187985223,0.002572608393031285
923,0.005663741025097394,0.005184682051105388,0.7070877732449187,0.707084098277993,0.5011517344487286,0.0003386807463352808,0.00038280294285373764,0.9999704468492894,0.007670996369161861
924,0.7071067550313811,0.7071067548405344,0.00019302561434417898,0.00019232521916353405,0.5000484956914513,0.9999999628760601,0.00026168143226521423,7.596516127064593e-05,1.3266394810811552e-10
925,0.029593437309534645,0.029537598044966418,0.706489582585429,0.7064872457930196,0.5059779401534292,0.041811956252264124,0.00024386067368574384,0.9991254672471884,3.9299085396117726e-05
926,0.7071067806807034,0.7071067806741816,2.6918288023372143e-05,2.6746421466530168e-05,0.5000075782342772,0.999999999280017,2.2101505173347826e-05,3.084621144398394e-05,4.6971371292904395e-12
927,0.00071882136285511,0.00038660341141104007,0.7071066755008056,0.7071064158214432,0.5001459411588407,0.0007819520525462077,2.718044347525015e-05,0.9999996665473811,0.00023391737201478824
928,0.0005414532527069647,0.0003853064609622282,0.7071066762087101,0.7071065738828721,0.5001098102241676,0.000655371109541212,1.0653813347529426e-05,0.9999997791268757,0.00011009724113214724
929,0.003244118545744721,0.0032280187175374613,0.7070994130213687,0.7070993393398597,0.5006560009485929,0.004576492160415257,7.699783000155065e-06,0.9999895277105375,1.1379159667472836e-05
930,0.00199659651576931,0.00145040690354605,0.7071052936584553,0.7071039623721178,0.5004063306067278,0.0024373179627381635,0.9999969453283464,0.00013876648202033938,0.0003867285626251066
931,0.7071067520135251,0.7071067517963852,0.0002038724209855945,0.00020311790067753917,0.5000512720746392,0.9999999585895751,0.00027576710581015307,8.230035824508908e-05,1.5395915398494626e-10
932,0.7071067468046514,0.7071067466082698,0.0002211358579508244,0.0002205070119408232,0.500053173131522,1.403781566072429e-10,6.75252608911355e-05,0.0003049012120807355,0.9999999512377936
933,0.00027382582130088,2.0144623929132385e-05,0.707106780899599,0.7071067281672683,0.5000556074385781,0.00020988897440697783,0.9999999622917386,5.489481824319886e-06,0.00017701131236939262
934,0.7071041271332419,0.7071041270698799,0.0019373901880434573,0.0019373670622098412,0.5003942962836307,0.9999962465570165,2.414634557371194e-06,0.0027398660631502794,4.4717946456371013e-11
935,5.415416761337327e-05,1.8904128848543736e-05,0.7071067809338539,0.7071067791128364,0.5000109973339677,2.4824225237775542e-05,0.9999999983549654,1.905584182187969e-07,5.170877868104355e-05
936,0.0007038720418604486,4.9864569754450856e-05,0.7071067794283429,0.7071064308604095,0.5001430619590329,0.0004582319334976126,0.999999750376231,3.6402558084990264e-05,0.0005366058345818483
937,0.00020998666566843314,0.00016170342360255803,0.7071067626971218,0.7071067500070981,0.500042608595453,3.395166344875662e-05,0.9999999648779293,1.3210298207196575e-06,0.00026284916034947643
938,5.8442418588294784e-05,5.033296324265956e-05,0.7071067793951578,0.7071067787714125,0.5000118648269013,5.675607826761004e-06,0.9999999970255359,6.473794080300546e-08,7.692015961393472e-05
939,0.7071023330486631,0.7071023172322154,0.0025125614085562613,0.0025095911363489654,0.5005517656749771,7.532535836422708e-09,0.0003109207611423532,0.003537561417657393,0.999993694473869
940,0.00017777435767427654,8.568679495411456e-05,0.7071067759948068,0.7071067588393384,0.5000360640790312,6.53948734709213e-05,0.9999999805254288,1.7850648044983786e-06,0.0001861973673276083
941,0.7071067807884658,0.7071067807847548,2.3837396528807272e-05,2.3727058139021502e-05,0.5000062635858072,0.9999999994344035,1.2411373978754816e-05,3.125943948895418e-05,2.619519558707966e-12
942,0.7067634243012025,0.706762349857745,0.022067642001450543,0.022033203806618686,0.5049382233811969,7.571628759727595e-07,0.030973238079374386,0.003619587872475699,0.9995136602897583
943,0.0002170105519493506,6.58055759138664e-05,0.7071067781245115,0.7071067478863579,0.500044056228598,0.00010758454885124115,3.1514442712565406e-06,0.9999999742830583,0.00019962344132689518
944,0.7071018439636987,0.7071018346730583,0.002644882226541989,0.0026423972325295606,0.5005711102497714,6.630576818178893e-09,0.00026097463315095704,0.003729551899036843,0.9999930111430122
945,0.7067086238930119,0.7067075141084934,0.023758987827815162,0.023725954464554784,0.5052471022840234,7.893251536288727e-07,0.0034590483667507168,0.03339828442080335,0.9994361358193621
946,0.005091299407437218,0.003542179092280069,0.7070979090391118,0.7070884518010059,0.5010386559056504,0.006104769419709387,0.9999802772577354,0.000988298219425429,0.0010955147210128166
947,0.005891522854125867,0.005154662326690531,0.7070879927253081,0.7070822370548329,0.5012011442478982,0.000517796821445424,0.9999691797048939,0.0005992120612979468,0.007811048053532323
948,0.02037878144424896,0.01248446149274234,0.7069965616776124,0.7068130624618298,0.504322223634559,0.005581661036890025,0.9995280995632359,0.019298229818895566,0.023237933838418826
949,0.7070994797380327,0.7070994581589851,0.0032181161051301676,0.0032133711581157584,0.5007189257791967,1.518251808415466e-08,0.0004982867250765608,0.004520368989974254,0.9999896589337947
950,0.7071065515870977,0.7071065511663444,0.0005703486941849597,0.0005698268141340625,0.5001228223053455,3.0728061521583246e-10,0.0008043752031842573,5.45963695400092e-05,0.9999996749998268
951,0.0008473351054996228,0.0003370176831249589,0.7071067008727051,0.7071062735001147,0.5001720857044883,0.000836607239068812,4.494447305053274e-05,0.9999995832110607,0.00036283057656243936
952,0.7071013380917094,0.7071012732203135,0.0027909514885827314,0.0027758096903783996,0.5007588342568652,4.1874529868310284e-08,0.0035151822990867883,0.0017714465989715081,0.9999922527051646
953,0.7065948917092574,0.7065948128812096,0.026903119792197228,0.026900910958213897,0.5054554860204654,0.999276019493643,0.0002305516642413402,0.03804449645960875,5.987578825613824e-08
954,0.7071067322429749,0.7071067373300235,0.00026357744513716164,0.0002630905968167458,0.5000603293391545,0.9999999306551324,5.11831126450638e-05,0.0003688767012138172,1.2867959097382053e-10
955,0.00032394164688031646,0.00032146863645941316,0.7071067081126551,0.7071067069840373,0.5000655524911807,1.7486719355168235e-06,1.1856836517649495e-07,0.9999998958598502,0.00045637398803729823
956,0.7068869560074397,0.7068869130667573,0.01763213359031377,0.017630623210663145,0.5035907641334537,0.9996890861614168,0.00015734628733743132,0.02493403801811705,2.6484447624190958e-08
957,0.702842535283239,0.7028354429785985,0.07760378533712793,0.0775394776654312,0.5163248415654978,0.9939644268683114,0.006720415280573089,0.10949682239104286,5.006857047124711e-06
958,0.7071067831583492,0.7071067831151976,6.872451052146938e-05,6.827908022782134e-05,0.5000194495701897,3.069833951577973e-11,5.8435160506558225e-05,7.726851337864344e-05,0.9999999953074554
959,0.7071066614569873,0.7071066660878208,0.0004125830143683746,0.00041148894399109677,0.5000989179711486,4.492374299660771e-10,0.00011615375881047256,0.0005710133090273826,0.9999998302260359
960,0.0024237518228507784,0.0023305897524820286,0.7071029404205618,0.707102627224012,0.5004918516470038,6.56476031705827e-05,0.9999943463391721,3.2683281732025965e-05,0.0033618316265608362
961,0.005512448013547101,0.00026522435028037664,0.7071067314458633,0.7070852939475593,0.5011349086357056,0.003990621639253881,0.00222177952390405,0.9999823029777608,0.003812134046745956
962,0.7070968420798707,0.7070968407873174,0.0037493664258665144,0.003749122654009376,0.500765033786854,0.9999859430665669,2.5490564529026646e-05,0.005302171206340036,9.056626492502801e-10
963,0.7067443931660131,0.7067407178735545,0.022749894495882085,0.0226354308199542,0.5060534187740263,0.9994849071223624,0.01310902967550612,0.029292896219824335,2.5741930125610783e-06
964,0.7071067748853812,0.7071067748531582,9.464018773727652e-05,9.439912603493244e-05,0.500022512744297,0.9999999910660202,0.00013116789212061448,2.5747702960475077e-05,2.273833058322843e-11
965,0.00635805124799569,0.006171008442120709,0.7070798530963862,0.7070781959474692,0.5012866685157733,0.008859378387603553,0.00017331775714652477,0.9999607311290231,0.0001325724335136292
966,0.007922551195965405,0.00791334203832794,0.7070625000788708,0.7070623969513201,0.5016038492675851,6.513765204274757e-06,1.0821137381928174e-05,0.9999373040762269,0.011197667491005616
967,0.0020575193380195883,0.0020481585890796457,0.7071038149001879,0.7071037877243899,0.500416878876123,6.6735979425931275e-06,2.8386755615590542e-06,0.9999957858173806,0.002903152578738464
968,0.009560314839655904,0.006494323123743044,0.7070769574573946,0.7070421489417787,0.501969555787025,0.011350531441801323,0.003626687901090533,0.9999266329497796,0.0021774500356169196
969,0.707106700879082,0.7071067008205154,0.00033712716939149557,0.00033700430633663907,0.5000700654857564,4.157545030762747e-11,1.2836694248309142e-05,0.0004765100734634442,0.9999998863866805
970,0.004458066844125344,0.0018135093113226862,0.7071044556386159,0.7070927277524397,0.5009133826381988,0.0018419054964489419,0.0012211058976011933,0.9999876727863981,0.004446409763406376
971,0.7071067364743433,0.7071067364537152,0.0002515189391569477,0.00025146094002959096,0.5000517800275894,1.4529454197935663e-11,6.06181896873294e-06,0.0003556088236616075,0.9999999367528083
972,0.7058961803771465,0.7058941902503626,0.04139314159108647,0.04135918917181372,0.5087812374117496,1.4057150909359945e-06,0.058406622635137476,0.0035554369754298176,0.9982865446845833
973,0.7070934243284757,0.7070934093131743,0.004349477705505546,0.004347035986678476,0.5009188422097677,0.9999810924821623,0.00025585788048914304,0.006144038974905606,1.059053789947185e-08
974,0.005212540960423431,0.004830975853684992,0.7070902783044752,0.7070875684218593,0.5010613836674063,0.0002683031603515592,0.0002823669314261293,0.9999747053592677,0.007101895801787595
975,0.7070889494435628,0.7070889238770951,0.005025308978939489,0.005021710346175302,0.501067241306244,1.8403958473326945e-08,0.007094341194387959,0.00037633515953732285,0.9999747640290079
976,0.7071067209927923,0.7071067205911131,0.00029273687898761873,0.00029176500864285,0.5000721054897773,0.9999999145891452,0.0003996727722480884,0.00010527761258359633,2.916487914408595e-10
977,0.06774262940738247,0.06762187632526787,0.7038659544559861,0.7038543430007094,0.5134708024825709,8.566715401424497e-05,0.0012228733851726964,0.9954078172206008,0.09571715968369783
978,0.7069321655122409,0.7069320135658989,0.015720311563630022,0.015713477150759977,0.503269623737859,0.9997529487029042,0.0007181440939952451,0.022215441226437878,1.0660309368614318e-07
979,0.7071060384849625,0.7071060283864434,0.0010318040274795387,0.0010248600409743021,0.5002953965956367,6.988984056726271e-09,0.001032765790126229,0.0010238908523147337,0.9999989425206145
980,0.15552247871988947,0.15509833288296482,0.68988731481085,0.6897918226630563,0.530319982131723,0.2196420835907161,0.9755294776949628,0.009975164055784263,0.00029894177083306236
981,0.0018326108767312951,0.0012412772888494457,0.707105691697283,0.7071044063909011,0.5003728426366855,0.00041867982964148646,0.9999975413936543,0.0001340700140478474,0.002173462463499809
982,0.7071067811597131,0.7071067811596433,6.168231021981578e-06,6.160222006396416e-06,0.5000013691438839,4.865999740586684e-14,8.419451441149618e-07,8.67678151637621e-06,0.9999999999620013
983,0.7070741356298954,0.7070737474498926,0.006834886038875227,0.006795158090260871,0.5018795782265886,0.9999535540010278,0.00837557509536076,0.004768603826910125,2.7489492477200077e-07
984,0.0002702193858811509,0.00015431284942608197,0.707106764348594,0.7071067295546529,0.5000548755814104,8.132699549063976e-05,0.9999999515778298,3.654234284850883e-06,0.0003003612688221444
985,0.699160126791923,0.6991583418993896,0.1057242655180503,0.10571242644224459,0.521000214202349,1.2533869718559022e-06,0.0012350961359059345,0.14950321722683177,0.988760467744742
986,0.0001116622741151892,1.860321680270979e-05,0.7071067809418323,0.7071067723700125,0.5000226419769954,9.126691697603169e-05,0.9999999935923294,8.937291362290735e-07,6.696934374528707e-05
987,0.0013286679020482175,0.0011210550076711872,0.7071058925194096,0.7071055328885548,0.5002695477888692,0.00014620973016494815,3.7614318865599936e-05,0.999998488230078,0.001732265983895935
988,0.04596537578063541,0.04579925509532947,0.7056220151275824,0.7056112132253441,0.5092497673376705,0.06488739432941966,0.0011284481469554842,0.9978919475909365,0.000116597943750385
989,0.0008381582217215757,0.0006380349135242658,0.7071064933314176,0.7071062844373495,0.5001702851878206,0.00014077068683785446,0.9999994449642031,2.176083703144245e-05,0.0010439259373525335
990,0.014506227387791412,0.013176969681568593,0.7069839937862858,0.7069579685999513,0.502953114662313,0.0009397833348516056,0.0027247679843120957,0.9998042370766435,0.019574983277101998
991,0.7071044581278937,0.7071044548476489,0.0018138176891348123,0.0018125384570248594,0.5003875512782716,0.9999967123794625,0.0025607257707364085,0.00013384242488403362,2.286479485900708e-09
992,0.12307449518180526,0.12252180003059761,0.6964110917737333,0.696313628069816,0.5244169081949009,0.17366281064266606,0.01016507297657926,0.9847526332397464,0.00038835353589739414
993,0.7071066248161971,0.7071066241181568,0.0004791438197979148,0.0004781125621643218,0.500111608374293,4.958110780254016e-10,0.00010916960861044062,0.0006680212711476428,0.9999997709147603
994,0.7071053966268336,0.7071053909596631,0.0014021682439291098,0.0013993074038961102,0.5003246092605742,3.967633832267486e-09,0.0003024969344097289,0.0019577110613046124,0.9999980379295802
995,0.0040117719248125025,0.004008186575537224,0.7070954210291386,0.7070954006964141,0.5008121897766176,0.005670967041344472,0.9999839199316685,2.1194552821309526e-06,2.533182852698809e-06
996,0.0015174177425646691,0.0015100476408630669,0.707105168808798,0.707105153031312,0.500306735360687,5.206851228741753e-06,0.9999977085958004,1.644159893641992e-06,0.0021407413033021497
997,0.7071067789267662,0.7071067789018526,5.684230599160104e-05,5.653153637448196e-05,0.5000154737103871,1.7825859624646075e-11,7.138512838237569e-05,3.6483226298313086e-05,0.9999999967865701
998,0.0012685668718958795,0.001171265103845445,0.707105811132997,0.7071056432656216,0.5002576004420565,0.001725226453740836,1.758122153715937e-05,0.9999985092824105,6.868431604521547e-05
999,0.038185618508730236,0.036532030865387276,0.7061624535083385,0.7060749666565963,0.507806886932366,0.0011560538868884576,0.9985610729958662,0.009113329873037378,0.05283364700071851
1000,0.7069651114349349,0.706965081645859,0.014155328800938614,0.014154104100106134,0.5028878134130549,1.731656172307505e-08,0.00012733991201983739,0.02001738696448991,0.9997996239265438
