traj,F_phi_plus,F_phi_minus,F_psi_plus,F_psi_minus,F_plusplus,F_ee,F_eg,F_ge,F_gg
1,0.7071051379178868,0.7071051332296179,0.001526617281458722,0.0015244442023415543,0.5005798886085443,3.3318896103009253e-09,1.87765070768255e-05,0.0021573451028713956,0.9999976727520669
2,0.7050717716844932,0.7050705977556831,0.053623242912408796,0.05360780515642737,0.5199033663189876,8.194951467358258e-07,0.07582368586664634,0.00013272425859542383,0.9971212318696234
3,2.5616811572091797e-05,2.5478664088225893e-05,0.7071067807275208,0.7071067807225294,0.5000097475522177,3.612995830256309e-05,0.9999999993473089,4.257959896349482e-11,9.732366495938647e-08
4,0.7070984339815669,0.7070983516618995,0.0034526912724401814,0.0034357911481585957,0.5013398441083803,0.9999881370607137,0.004868731321872037,0.00014557867966066452,5.830627111330682e-08
5,0.0013697045109169967,0.001088713567369193,0.7071059430543386,0.7071054545890438,0.5005185570108585,0.0017384338401659838,0.9999984692960958,4.220124509274339e-06,0.00019807936333202282
6,0.20045934847254354,0.2004291475094182,0.6781063020121855,0.6780973747257519,0.5679482604971817,2.1409881418478543e-05,7.694626716523153e-05,0.9589808134253107,0.2834709740044045
7,0.7071067775681672,0.7071067772583691,7.453377098326475e-05,7.15343443552317e-05,0.500033972605792,0.9999999946637773,9.978500937564927e-05,2.6746912779239025e-05,2.171754734227499e-10
8,0.008891425282781838,0.008163440422886624,0.7070596567761912,0.7070508769221944,0.5033803016036589,0.012059761241812735,0.9999271449831435,7.431533808743426e-05,0.0005112356479969624
9,0.004358516196073741,0.0041861751552800764,0.7070943896945865,0.7070933483894182,0.50165629881785,0.006042042954472091,8.936763311463064e-06,0.9999817394304026,0.0001201781945091146
10,0.0028892966939020304,0.0028636474319179714,0.7071009825501529,0.707100878209482,0.501089568114259,1.8180258695065693e-05,9.004504316076567e-07,0.999991725709369,0.004067945609016593
11,0.7071067636508689,0.7071067676021681,0.00016328439429440434,0.00015747759755523042,0.5000729994002598,0.9999999742695058,0.0002209683917811333,5.1322090619120546e-05,9.147276351944239e-10
12,0.00015572052067098883,0.00010172555203100006,0.707106773869344,0.7071067640399992,0.5000589204016906,0.00018208567111138618,0.9999999827015118,8.46400106214591e-08,3.7970737021707625e-05
13,0.0009191279135704471,0.00045918699993139923,0.7071066320911568,0.707106183825238,0.5003469804371844,0.00033156224897476695,0.9999994721679839,3.865733366474031e-06,0.0009724789376074352
14,0.11387843946048622,0.11386334550280926,0.6978790285937017,0.6978765657521573,0.5409396486924652,1.072825681862891e-05,2.1050095417968645e-05,0.9869482454180704,0.1610377605034057
15,0.7071060854846802,0.7071059708413764,0.001073988382097118,0.0009919024802771906,0.5005479516783631,8.584751186300754e-08,0.0008927846996253524,0.001157694715965525,0.9999989313386363
16,0.0186256094593131,0.01810735325029943,0.7068748996563852,0.7068614338598446,0.5070030598446272,0.0003696591412738928,0.9996625414718135,0.00011670790545849878,0.025974081494561273
17,4.8358432776219165e-05,2.7984772586795574e-06,0.70710678118101,0.7071067795329516,0.5000183329730857,3.3207998204635e-05,0.9999999988268156,1.3986543973150783e-08,3.526468985799272e-05
18,0.018387314730662158,0.0183356252111434,0.7068690153445369,0.7068676726637008,0.5069199982427289,3.6451776234991344e-05,0.9996627988363601,1.1567514864685343e-05,0.02596703987978876
19,0.01270187885817606,0.012693990000336162,0.7069928306714494,0.7069926889837203,0.5047641015803717,0.01795759091222415,1.2207991962093483e-06,0.9998387494470147,5.60113226944271e-06
20,0.006340294274104881,0.006242557986326025,0.7070792250305243,0.7070783553952824,0.5023907829937758,6.937374275213497e-05,0.9999604147581171,7.418824142037574e-06,0.008897418107445921
21,0.7071067787096365,0.7071067783362209,6.348989571228343e-05,5.9185112475236776e-05,0.5000316263521525,2.6279794960697886e-10,4.265000568528723e-05,7.559643782155364e-05,0.9999999962330743
22,0.7070870253691536,0.7070870196387592,0.005286459909721077,0.00528569338896513,0.5020187397639173,0.9999720570031052,0.007475638428426706,6.562519925607451e-06,4.036673234507066e-09
23,0.001116445218124297,0.00111636611438464,0.7071058999376948,0.7071058998128027,0.5004232038353774,5.6259016101745326e-08,0.9999987536376088,1.0732738671899676e-09,0.001578836034315721
24,0.7070867095104569,0.7070867094685268,0.005327784996605883,0.005327779431761883,0.5020125121735861,2.973323535466463e-11,0.007534621864518617,4.77676864857608e-08,0.9999716143338042
25,0.0004490688301534971,0.0003008253253149002,0.7071067171962954,0.7071066385893906,0.5001707557102032,0.00010457182264360646,0.9999998539204208,6.679408841539742e-07,0.0005303050265722875
26,0.7071066944843335,0.7071066929152168,0.000353319275037089,0.00035016488156724567,0.5001395293173859,1.1277412317061888e-09,2.7317611220025198e-05,0.0004966927647076903,0.9999998762750202
27,0.7071067640432867,0.7071067615984578,0.00016643839380636337,0.00015570558360617268,0.5000822103712079,1.7144483683607724e-09,0.00020349497549943546,0.00010264386316514548,0.9999999740270131
28,0.7071005171595156,0.707100514028911,0.002977089190692598,0.002976345535226856,0.5011278283134298,0.9999911391143449,0.004209709211789637,6.414559769096499e-06,2.2327674385731772e-09
29,0.005103591553280331,0.005102190631922677,0.7070883732965596,0.7070883631861413,0.501926985469817,0.007216577760994674,8.725888465415577e-08,0.9999739601631755,9.933320386189067e-07
30,0.7071067810251189,0.7071067810243249,1.514642149690792e-05,1.510930508555499e-05,0.5000058108718498,0.9999999997711443,3.1798125215525646e-07,2.139168231471406e-05,5.62489678747747e-13
31,0.7070956305728098,0.7070955294874455,0.0039890072532489,0.003971048329844726,0.5015378225890222,7.152933652308893e-08,0.005626506197166953,0.00015437524956033325,0.9999841591726769
32,0.00012860177367895496,0.0001051999842338657,0.7071067733609706,0.707106769492121,0.5000485963038466,0.00016533871663578788,3.3810569253509837e-08,0.9999999861972728,1.6387850908810207e-05
33,0.011160809985895033,0.011160102598268511,0.7070187070438771,0.7070186958775972,0.5042046678502738,0.015783268650374008,0.9998754364571846,9.555103162997547e-08,5.052277518407972e-07
34,0.00016886169549391254,0.0001507984592945765,0.707106765106813,0.7071067610239097,0.5000640582143101,1.2739789104376708e-05,3.477344885367259e-08,0.9999999743727724,0.00022603571601928976
35,0.7071059622230542,0.7071058571516726,0.0011431455694693364,0.0010761917130557705,0.5005517110950016,7.544732570076906e-08,0.0006325465998949756,0.001436960401405896,0.9999987675140344
36,0.7071067244385533,0.7071067240876727,0.0002841654433585005,0.00028329097972842773,0.500109698092476,2.4509958231024706e-10,7.5645947965179265e-06,0.00040118144934703817,0.9999999194981071
37,0.00040921354524579184,0.00040582872270349536,0.7071066647282063,0.7071066627774586,0.5001548931409844,0.0005763219102464834,0.9999998339236476,1.6669238282727106e-08,2.3944839996716986e-06
38,0.0008610783350623622,0.0006930430347156314,0.707106441556968,0.7071062568978631,0.5003260987689401,0.0010989727352569804,0.9999993891162622,1.6022902410741e-06,0.0001184207508987044
39,0.7071066405896621,0.7071066166065625,0.0004824429680477212,0.00044590806225159154,0.5002454884816757,0.9999997842073657,0.0005267251180765466,0.0003926141456785682,1.7123029776773685e-08
40,0.002063870232114077,0.0010734952033749719,0.7071059663219144,0.7071037692161349,0.500783148147779,0.000699636311612163,1.8757967288689e-05,0.9999972938442645,0.0022186620558682243
41,1.281758383493684e-05,1.2330088860722156e-05,0.7071067810790453,0.7071067810703767,0.5000048427155178,1.778204833536771e-05,7.421697018067692e-11,0.9999999998418395,3.4684820539446956e-07
42,0.006428869169688029,0.006428714003226811,0.7070775570169184,0.7070775556056064,0.5024308320801356,0.009091684210078771,1.2006738567426298e-08,0.9999586697850132,1.0978753210139441e-07
43,0.7071067810401845,0.7071067810181834,1.5430591412048416e-05,1.4387099188092567e-05,0.5000076752124795,1.5709297895830908e-11,1.031250686386967e-05,1.840499868395098e-05,0.9999999997774545
44,0.006093590344504084,0.006089584882808119,0.7070805590284294,0.7070805245213758,0.5023007486637919,2.8306597258249624e-06,0.9999628918681386,2.99905922188031e-07,0.008614805778979398
45,0.005099716391641596,0.005055101521751304,0.7070887115126384,0.7070883911454942,0.5019279912118202,3.166020102302999e-05,0.9999742190844755,2.7785755750240104e-06,0.007180540112140697
46,0.00010789938743978978,8.583885716500088e-05,0.7071067759763668,0.7071067729542148,0.5000407538814765,0.00013699877498268042,2.6236521793811807e-08,0.9999999904947074,1.5553869696001432e-05
47,0.005723347497741644,0.00572268439105262,0.7070836236848959,0.7070836183178217,0.5021538489717052,0.008093566766318885,4.686485455913429e-08,0.9999672465519982,4.675909990849871e-07
48,0.7051951107666945,0.7050616432602385,0.053740852274358084,0.051960207670770406,0.5231646027164562,9.536054249701649e-05,0.07307599908215323,0.01574295850560208,0.9972021101672457
49,0.7071067765188818,0.7071067764119163,8.217267425131269e-05,8.12470076135276e-05,0.5000330744821189,0.999999993323288,0.00011528166091362906,7.972659327979175e-06,7.496061382062123e-11
50,0.000198045706788805,0.00018717877929281369,0.7071067564124266,0.7071067534523315,0.5000746180549696,7.742534294597041e-06,0.9999999628709988,2.554266928838895e-08,0.00027239319110014884
51,0.0019028021856253143,0.0,0.707106786998522,0.7071042209913906,0.5007220508874934,0.001360788363904426,0.9999981935376461,2.201498070486713e-05,0.001326910627043417
52,0.0007376634950134923,0.0006797232298036081,0.7071064544864033,0.7071063964161045,0.5002793068592528,0.0010022416518551491,0.9999994969142002,4.979636631568838e-07,4.1021607682193525e-05
53,0.7071067351683907,0.7071067272032082,0.0002763041235922153,0.00025510684112630354,0.500141202488574,0.9999999292882641,0.00023324095740542863,0.0002949951268955173,5.6145791201259354e-09
54,0.011018506126455373,0.010653219404716719,0.7070265263173082,0.7070209279241638,0.5041689809507377,0.00025829432858950636,4.775456408195244e-05,0.9998825426811727,0.015324224123380147
55,0.7070075831273481,0.7070075163961268,0.011847858852096292,0.011843876072663509,0.5044773754970895,4.801744740665731e-08,0.01675255173618322,3.420716755836562e-05,0.9998596655732201
56,0.7071060081566091,0.7071059386380424,0.0010915781328465148,0.0010455758377890551,0.5004999817958816,4.972849502440147e-08,0.001455055747280024,0.0004093707671345624,0.9999988576135272
57,0.707106771731452,0.7071067650745886,0.00015094949521593864,0.00014429866339047868,0.5000696911687755,9.720254701455047e-10,0.00020007550873462712,5.981341962139859e-05,0.9999999781960723
58,0.0002652329999514908,0.00010731011074455137,0.7071067730438867,0.707106731442613,0.5001005150778689,0.0001116816105382203,3.5517686733078526e-07,0.9999999590679335,0.00026342213391109155
59,0.7071062537651612,0.707106247905184,0.0008684316044342663,0.0008679497529284863,0.5003293513649519,0.9999992462446026,0.0012277999923463484,4.171808145367774e-06,4.148518637969819e-10
60,0.02696856213066389,0.023108238195121887,0.7067290918927303,0.7065923129051223,0.5101965040362099,0.035412509981634976,0.001169991813358979,0.9993684691360292,0.002692239342735371
61,7.589944144284937e-05,6.505500162257812e-05,0.7071067781939632,0.7071067771130995,0.5000287891954751,9.966822820653273e-05,9.181535785462738e-09,0.9999999950035607,7.689130875507414e-06
62,0.7071066947619659,0.707106694451336,0.00036071135833742906,0.0003601019123976517,0.500138341895949,0.9999998701069557,5.2289178278230945e-06,0.0005096653115176951,2.1842752493601619e-10
63,0.02356356351359056,0.023552607313485914,0.7067144223013547,0.7067140570800483,0.5088718441490951,0.03331616389639649,3.102254612976214e-06,0.9994448624879994,7.742785942932854e-06
64,0.0004761618184443005,0.000460396400770394,0.7071066313047524,0.7071066208641548,0.5001808615580351,0.0006622454610908698,0.9999997806525114,9.007759299911486e-08,1.1219289240308801e-05
65,0.006246966942830064,0.002336930564680259,0.707102919493012,0.707079186091643,0.5023781689600711,0.0060717011788589004,0.9999777359483351,0.0002043702614027628,0.0027604864143103186
66,0.7071065969889135,0.7071065916614667,0.0005177150806026211,0.0005176343667522569,0.5001962356201866,4.124612346929021e-11,0.000732102286939683,6.955458825235342e-07,0.9999997320128441
67,3.7774743282480196e-05,1.655395613655043e-05,0.7071067809927735,0.7071067801775516,0.5000143040203293,1.4978920443852404e-05,0.9999999991495134,7.029075872477481e-09,3.842650954959166e-05
68,0.0006576044812879443,0.0004915387990741857,0.7071066103421797,0.7071064754026448,0.5002491700439834,0.000812552542991081,0.9999996629722507,1.159171515645086e-06,0.0001175261797108019
69,0.025773276228003402,0.025514168978391257,0.706646323970726,0.7066369210793285,0.5096646938308851,0.03626569439487165,0.9993421630067014,8.155305816582625e-05,0.00018438069487801997
70,0.7071067811622116,0.7071067811585307,6.294554922874945e-06,5.866506288581697e-06,0.5000031429138887,2.611695920025431e-12,4.206921591855082e-06,7.505939543524271e-06,0.9999999999629812
71,0.7071067811336684,0.7071067811249961,9.329877352349007e-06,8.647666293060614e-06,0.5000047265640869,0.9999999999190856,1.0615937245997874e-05,7.009323798701752e-06,6.119641283441895e-12
72,0.7070511773638454,0.7070511772944325,0.008867507347417501,0.008867501812769506,0.503344822780878,0.9999213642707326,0.012540545241483738,4.768098179161983e-08,4.8833133459998816e-11
73,0.7064935512618329,0.7064926921967268,0.02946312733946089,0.029442647122216253,0.5111147362426767,6.020058247306575e-07,0.00017450866024379508,0.041652309526749386,0.9991321507475645
74,0.706701313599077,0.70670070135981,0.023960774143222684,0.023942865401561843,0.5090272220563394,0.9994261455948689,0.00015269964782471858,0.03387264654551502,4.2945955926815403e-07
75,0.7071055106420653,0.7071054842889112,0.0013542852520814562,0.001340455006233079,0.5005410035052217,0.9999981845442679,0.00011910333756785824,0.0019017682726138998,1.8785389373368726e-08
76,0.3987902453633899,0.39758948725763793,0.5847414810170147,0.5839232314292442,0.613550309227152,0.563125520421507,0.8263408019751067,0.007058244532471845,0.0008416797438286974
77,0.7071067810687146,0.7071067810573818,1.3515246483686894e-05,1.2908713050156175e-05,0.5000062823678026,0.9999999998253457,5.394150232973984e-06,1.7894130417267838e-05,7.962521174930694e-12
78,0.7071067455303721,0.7071067455062547,0.0002246320376966508,0.00022455610707038272,0.5000851646536437,1.6909269479859174e-11,6.539945713233856e-07,0.0003176233144362288,0.9999999495574998
79,0.0008056816202896013,0.0007768868360578039,0.7071063544098898,0.7071063221872134,0.5003039990714012,2.05309298371906e-05,2.7496157433586525e-07,0.9999993736617522,0.0011190417821656184
80,0.002072010600614998,0.0012280636343401847,0.7071057147695367,0.7071037454094505,0.5007880434211214,0.0005958916327542138,0.9999970991713869,1.67517823181291e-05,0.002333726923997388
81,0.04398539294185781,0.04390910962776293,0.7057421555501794,0.7057374052774521,0.5163792230582213,0.062150798932080545,0.9980667681456453,4.064076140026451e-05,5.3513928403503144e-05
82,0.0013693110630593388,0.0013604038880899252,0.7071054725437288,0.7071054553510482,0.5005171973880833,6.280557306064477e-06,1.4794662392041745e-07,0.9999981371425057,0.0019302000033028586
83,0.7071022571403246,0.7071021540069862,0.0025580849629029947,0.0025294163467708855,0.5010275066314018,0.9999935291061921,0.00024735655240089766,0.0035889497723883704,7.251315986369426e-08
84,0.7071067550767756,0.7071067443480322,0.00022824882753092444,0.00021065463200324865,0.5001167467301081,0.9999999517635492,0.00023919064843439702,0.00019814321829222047,3.836310892401983e-09
85,0.0049808301824688,0.004922903994127184,0.7070896442575478,0.7070892385906423,0.5018835453192233,4.066049583578158e-05,3.5313912028509935e-06,0.9999754778665773,0.007002999340715661
86,0.7071067612065375,0.7071067610148153,0.00016889979404880305,0.0001680952237106256,0.5000656786184011,1.3698481076662665e-10,0.00023819236086975015,6.895207563814838e-06,0.999999971608431
87,0.7071067597786058,0.7071067567305509,0.00018597315446896835,0.00017399831489580786,0.5000914600748276,0.9999999675692984,0.00022693807565230155,0.00011558779169509969,2.1869991880552416e-09
88,0.7071067811792893,0.7071067811792454,3.2137838159140763e-06,3.2041399852076896e-06,0.5000012366431585,3.0923501206203605e-14,4.537398798149016e-06,8.325627179887164e-08,0.9999999999897045
89,0.7070837790065918,0.7070836667248409,0.005717363987670539,0.0057034608590555156,0.502188457830562,0.9999673906099552,0.00011951779771405115,0.00807486422389379,8.006735903615093e-08
90,0.00024536308478179597,0.00010945835673764455,0.707106772714608,0.707106738616566,0.5000931378959871,9.56084340813238e-05,2.9218506418794307e-07,0.9999999639078693,0.00025108405478218134
91,0.7071067808345194,0.7071067807818869,2.392228388812403e-05,2.2312373367143158e-05,0.5000119089258779,3.7429410163140576e-11,2.8713289302437357e-05,1.567369417633682e-05,0.9999999994649404
92,0.0038864079137324687,0.003381465573027674,0.7070986958625939,0.7070961008473535,0.5014726584699861,0.005139102333746861,2.219355135367654e-05,0.9999867304277386,0.0003579149295172148
93,0.002277227066655045,0.0022766353057493438,0.7071031161942958,0.7071031142887761,0.5008599991857715,4.1791900499557083e-07,1.6512332529517964e-08,0.9999948155708459,0.0032200669641848224
94,0.0018804223710621006,0.0013173523421979897,0.7071055540602171,0.7071042808608266,0.5007132880223771,0.0022612333059312444,0.9999973642334679,1.0983207200738083e-05,0.0003977806219923221
95,0.0003161369149819916,0.00024413707595889866,0.7071067390409221,0.7071067105164889,0.5001199001320273,0.0003962095510657987,2.4864509746234107e-07,0.9999999202272343,5.063054923986455e-05
96,0.7063914487528865,0.7063913015391691,0.031801518090217064,0.031798130901043706,0.5119423074716946,0.9989882593496031,2.9096002159591283e-05,0.04497173373425771,1.0873616632193346e-07
97,0.17603096880990432,0.17601770483597148,0.6848487187578578,0.6848453098938081,0.5608830172116068,9.309415577814398e-06,0.9685199353644147,2.9487890678138303e-05,0.24893600351398465
98,0.7071067212982102,0.7071067259829598,0.00029243841942104017,0.0002910238565583216,0.5001134489754958,4.068015294686281e-10,0.00041238744673290865,1.2316980825968696e-05,0.9999999148924292
99,0.00042119606645839747,0.000360948131726322,0.7071066890621571,0.7071066557414615,0.5001604160257116,4.202446065450865e-05,2.836460208256006e-07,0.9999998461551081,0.0005531036294433863
100,0.7071067470176475,0.7071067499992959,0.00022705949308927272,0.00021982293006682233,0.5000999586889072,1.633306167592162e-09,6.349291609672527e-05,0.00030959131704661033,0.9999999500609319
101,0.00036995701899952154,0.00018362681788709103,0.707106757343746,0.7071066844061081,0.5001400385642291,0.00013195480188642333,6.264718582177683e-07,0.9999999147062937,0.0003913756947147664
102,0.7071040587913575,0.707103830168296,0.0020428806429734947,0.001962152079805501,0.5009256628476304,0.9999959882908837,0.0027400168175840344,0.0007181294765413264,1.589455696919816e-07
103,0.006864023911541793,0.006598493709072711,0.7070759930027095,0.7070734651899604,0.5025928246510605,0.0001877041949240652,2.1822165053638192e-05,0.9999546712628025,0.009519438566538342
104,0.0006869779501454191,0.0006619567176573466,0.7071064713416906,0.7071064474754061,0.5002606469636421,0.0009538412849844281,0.9999995449371692,2.0298180457729265e-07,1.7669269847553482e-05
105,0.707093098346751,0.7070927940366913,0.004448378560626806,0.004398894223777142,0.5017814454193668,2.2199256189606445e-07,0.0062415514046348375,0.00042588528258794575,0.9999804306373905
106,0.0006085700130073575,0.0005084832658174556,0.7071065983603696,0.7071065193042347,0.5002297719707621,0.000789854178994291,6.856487935906017e-07,0.9999996855433773,7.101451972221727e-05
107,0.7070826425690534,0.7070826256851457,0.0058453318582496645,0.00584265158734356,0.502227709441439,0.9999658471757471,2.297639031903422e-05,0.008264620631925257,1.5363276940957634e-08
108,0.7071067800241612,0.7071067800237989,4.055091285748118e-05,4.054459619212018e-05,0.5000153936596317,2.5686099121400717e-13,5.734315881392527e-05,5.432493041608293e-08,0.9999999983558815
109,0.7071067784357802,0.7071067725894711,0.0001102637924198395,0.00010649297985808301,0.5000490156406348,4.091778448136703e-10,0.0001496523700118733,3.321184770061594e-05,0.9999999882505726
110,0.01050680029936715,0.01022292509068427,0.7070328788695679,0.7070287173428447,0.5039872566292002,0.00020134091817627012,0.9998925430756126,3.538137644207578e-05,0.014658121017892834
111,0.7071066426052982,0.7071066478338437,0.0004427637815848438,0.00044270019832678075,0.5001681904634117,2.8265593890017535e-11,5.469390456619983e-07,0.0006261173474194457,0.9999998039883676
112,0.00021859682709345998,0.00012595693048312752,0.7071067699681927,0.7071067473977504,0.5000826037175544,6.563018227394312e-05,1.9501770889871528e-07,0.9999999681751189,0.00024360295631775178
113,0.7070757574687433,0.707075734111782,0.006626177652640565,0.006624247146395941,0.5025053720146769,0.9999561055963703,1.659304284760992e-05,0.009369450635539796,1.297815928166392e-08
114,0.00015333960671598705,0.0001274301001143169,0.7071067697042439,0.7071067645603216,0.5000581864032017,1.837818740321659e-05,0.9999999801242674,4.362090504830697e-08,0.00019852885843305167
115,0.7071067699111989,0.707106769904612,0.00012631336431016675,0.0001262764844003464,0.5000478651820006,0.9999999840495916,0.00017860771449239692,3.1755261969774324e-07,4.668079659694273e-12
116,0.7071067732323525,0.7071067731297935,0.00013727545715522575,0.0001367461547805478,0.5000529503651038,7.170331931589415e-11,4.5872092247862375e-06,0.00019370859427493092,0.999999981227969
117,0.0010246800513080295,0.0008990376210845389,0.7071062096540738,0.7071060387458226,0.500386054633375,8.904811362352688e-05,1.4725639987570846e-06,0.9999990708795642,0.001360260366270607
118,0.7071067794442558,0.7071067732470794,0.00010596274050703975,9.957184306175186e-05,0.500051660284267,6.613860418496554e-10,6.014123014536511e-05,0.00013238461671613745,0.9999999894286719
119,0.7070742605278844,0.7070742308596041,0.00678469264524649,0.006781600027769945,0.5025724697921479,0.9999539878648193,0.009592781193391823,2.6499109783409155e-05,2.128697693434382e-08
120,0.7071067811757211,0.7071067811754361,3.96380055818699e-06,3.9126464148273975e-06,0.500001615516907,0.9999999999844877,5.552067543352047e-06,4.4165917470597583e-07,2.0091277400378887e-13
121,0.7071067777247108,0.7071067773037312,7.410217383253256e-05,6.996982980785743e-05,0.5000354931539812,0.9999999948065461,9.448823698086324e-05,3.819531806773759e-05,3.0113814179127657e-10
122,5.878485297795084e-05,5.835065268130343e-05,0.7071067787789906,0.7071067787430271,0.5000223098576596,3.059171316608394e-07,3.0743601630245135e-10,0.9999999965697705,8.282731414948481e-05
123,0.018050140239586895,0.017978209028432657,0.7068781960140871,0.706876362907497,0.5068096848289011,5.038244074882386e-05,1.554626972695044e-05,0.9996754354268067,0.025475891037379555
124,0.0004679857937162295,0.0004536192508492642,0.7071066356848721,0.7071066263225819,0.5001779296348988,1.0139480024542546e-05,0.9999997876094154,7.998835658851781e-08,0.000651673472991685
125,0.0001713588201581481,0.00016436237517695006,0.7071067620840649,0.7071067604231736,0.5000648736313218,0.00023739066923887542,0.9999999718105825,1.417445356362049e-08,4.950331112148685e-06
126,0.0025908519618254994,0.0025567092545565715,0.7071021589825528,0.7071020347065278,0.5009770055160611,2.420603149945348e-05,0.9999933753394239,1.0795682752858116e-06,0.0036398750209958187
127,4.463149029466656e-05,3.795115601176303e-05,0.7071067801681096,0.7071067797780131,0.500016867620755,4.734590148790888e-06,3.3648114293777886e-09,0.9999999982838714,5.839386783103431e-05
128,0.001564341639514821,0.0003427595721516882,0.707106698112719,0.7071050507776274,0.5005922189112267,0.0013488638245866746,0.9999987175717338,1.4352394785928157e-05,0.0008632585198785684
129,6.750631183515495e-05,6.501668133383785e-05,0.7071067781974875,0.7071067779641894,0.5000256092807333,1.7453079153945607e-06,0.9999999956078643,2.0021281127067195e-09,9.37081900878011e-05
130,0.7071051698694041,0.7071048828705868,0.0016384811795412634,0.001509550914407823,0.5008411010214243,0.9999975183146326,0.001666070191235036,0.0014790451841571563,2.041820375815263e-07
131,0.7071064847839286,0.7071064702994109,0.0006630691524269242,0.0006474384204874782,0.5002820280501893,1.0089872457862545e-08,0.00013662709046441087,0.0009166080118429636,0.999999570581296
132,0.7071000470684666,0.7070999590676836,0.003107303813405087,0.0030860064439653533,0.5012202217370593,0.9999904105676389,0.00018336718777899744,0.004375517024928998,6.605489868999891e-08
133,0.0017567064958190519,0.0017555592831938753,0.7071046018882946,0.7071045990391656,0.5006614935889437,0.0024835469394023095,2.4518436082911663e-08,0.9999969159922157,8.111224206475355e-07
134,0.00014360740850858028,0.00013118608937173802,0.7071067690173872,0.7071067666038212,0.5000544743571564,0.0001943103821588031,0.9999999810835596,2.0660441952034122e-08,8.738032301371022e-06
135,0.7071067812895088,0.7071067753963767,9.049053994537439e-05,8.546912398370358e-05,0.5000433690502983,0.9999999922532454,4.630275656638766e-05,0.00011554031204952212,4.438127268838117e-10
136,0.0011026269511452368,0.001005142036633343,0.7071060667887713,0.7071059214953632,0.5004179815551275,6.834910834687683e-05,1.2452160804161757e-06,0.9999988869502521,0.0014904446003080598
137,0.7070833092541416,0.7070833011408646,0.005762399477365421,0.005761403840314288,0.5021768817208087,5.722648237077169e-09,0.00814855498099264,8.58310372574422e-06,0.9999667999379035
138,0.00035902788201674804,9.33816362399884e-05,0.7071067750204834,0.7071066900397551,0.500135863753917,0.00018862592205685339,7.269782980344085e-07,0.999999931189157,0.0003194392142184353
139,0.7071067837489554,0.7071067837317622,6.205728041773597e-05,6.186106341088301e-05,0.5000237291185061,1.2519109572539776e-11,8.76070792245181e-05,1.7020249468839581e-06,0.9999999961610542
140,0.0009335033786866648,8.449132909472286e-05,0.7071067761386647,0.7071061649932462,0.5003532735127669,0.0007165858046197372,0.9999995607023587,5.268914673949261e-06,0.0006042119774920338
141,0.00022035286815437128,2.5518554711949184e-05,0.7071067807260818,0.707106746852704,0.5000833610168957,0.00017299406275768784,2.930637195420453e-07,0.9999999753966655,0.00013885113098491527
142,0.7071067791301049,0.7071067791054042,5.425108883529298e-05,5.392817916625587e-05,0.5000213526069993,1.7067404516651356e-11,2.7863304063174085e-06,7.644387163710037e-05,0.9999999970742851
143,0.7070779723451609,0.7070767203037489,0.006520092368467767,0.006382869594092004,0.5027400653998919,0.9999583728188102,0.0011821515313713668,0.009047383406566353,8.987986177302032e-07
144,0.7059588277477667,0.7059447771775107,0.04052124844807175,0.040275718801713885,0.5155790572699137,0.9983666134251984,0.05709309103229863,0.00211755924657367,9.854298895527333e-06
145,0.7071067834216878,0.7071067832776261,6.703244818207734e-05,6.549515315229615e-05,0.5000284216333407,1.0149775115975011e-10,1.3371984337031472e-05,9.275858036114934e-05,0.9999999956085183
146,0.0004735448623963915,0.00043676575270486343,0.7071066462957903,0.7071066226215577,0.5001796990785419,0.0006436960706583962,2.0261559427351544e-07,0.999999792495431,2.5776502028097298e-05
147,0.0014129493474151099,0.0011492621268102462,0.7071058472368659,0.7071053694988771,0.5005343703442668,0.0001873344181708366,0.9999983413755976,4.094354836884579e-06,0.0018116663904399705
148,0.0010861039841172197,0.000595723792514647,0.7071065302436103,0.7071059470674481,0.5004102769536017,0.0003482283991612591,5.023861316406366e-06,0.9999992327327415,0.0011888000929296
149,0.009282778688793614,0.007430362947906896,0.7070677405358429,0.7070458471837696,0.5035212595241743,0.011818513244605311,0.9999292893936989,0.00018957555084057128,0.0013049974750310596
150,9.641462977654941e-05,3.5403823733893284e-05,0.7071067803002393,0.707106774613439,0.5000365329653705,4.3033726863316016e-05,0.9999999947253948,4.914355518399288e-08,9.32593690852731e-05
151,2.8593965492664806e-05,6.751336133319728e-06,0.7071067811543171,0.7071067806084065,0.5000108095933914,2.492328576460674e-05,4.771385195608735e-09,0.9999999995684024,1.5557160051774413e-05
152,0.006796022132301983,0.006767702349418473,0.7070743936849323,0.7070741220573571,0.5025583772071048,0.009591001502060957,0.9999540050835044,2.357139782687601e-06,2.005244442045191e-05
153,0.0004961951344763174,0.0004401322591316326,0.7071066442083486,0.7071066070900385,0.5001880116298884,0.0006620949534549247,3.191055356509851e-07,0.9999997800369141,3.944983670189922e-05
154,0.707105426114508,0.7071054244124595,0.0013878822152788024,0.0013870147756853558,0.5005267162803235,0.9999980749846332,7.41283331652426e-06,0.0019621345726934525,1.218613849835984e-09
155,0.6736048788028419,0.6736011770506913,0.21508476067802768,0.2150731672083012,0.572226183271417,2.639830814623208e-06,0.3041675713376415,0.00010037676589382445,0.9526185377495547
156,0.7067119739004606,0.7066448047585097,0.025556210748262097,0.02362595914913421,0.5128928611914619,4.784373337018513e-05,0.028140021027058232,0.020480358154164855,0.9993941624091344
157,0.7071067806280561,0.7071067805943129,2.8940383723888213e-05,2.810383785567527e-05,0.5000125757687787,0.999999999186314,3.966927884495955e-05,7.329381162473779e-06,2.3695868941317238e-11
158,0.7071046337781021,0.7071046236459111,0.001746773761698246,0.0017426673624558026,0.5006690132720979,0.9999969559413118,0.0024671559968469287,3.5346823737686626e-05,7.134253078192962e-09
159,0.008466814590560789,0.003529488571955132,0.7070979724976723,0.7070560890424333,0.5032277634505626,0.0034636609315525342,0.00036037020248431837,0.9999578620600059,0.008493956112895102
160,0.7013925500621478,0.7013212872184437,0.09026877696222192,0.08971342211552812,0.5339240700455048,5.1044788787204784e-05,0.004769139483759379,0.12717784992096207,0.9918684626463713
161,0.7066223053126871,0.7066220160043468,0.02617874133633135,0.02617093109894054,0.5098672671567376,0.9993146430766551,0.0370167478242944,6.717925746515911e-05,2.043699990966657e-07
162,0.0015201972682005389,0.001298190061129192,0.7071055895003007,0.7071051470610777,0.5005744745109189,0.0019928471444236157,0.9999980018420945,3.828170932384538e-06,0.00015766238619797143
163,0.7071058325360497,0.7071056681540101,0.0012546172599444197,0.0011614835636169544,0.5006380458987219,0.9999985384446552,0.0014111890911980422,0.0009652221953449001,1.1123551543122445e-07
164,0.0086708824651093,0.008669395100784951,0.7070536341668758,0.7070536159282944,0.5032752965855993,0.012261427854379196,1.5573628284944575e-07,0.9999248258673441,1.0531420134342757e-06
165,0.7070865648462108,0.7070865398651583,0.005350246865161948,0.005346944359694583,0.5020272317221387,0.9999713921130429,0.0075640040601126605,2.8250352992202897e-05,1.7721789648635772e-08
166,0.7071014652936498,0.7071013864307888,0.002762120137787158,0.0027418569569917467,0.5010905662890287,0.9999924264277045,0.00017468158674250405,0.003888003802907929,5.4788767085517807e-08
167,7.693065491703187e-05,5.3255129854638934e-05,0.7071067791811156,0.7071067770016592,0.5000290775901413,1.680826437652595e-05,1.8689665418641918e-08,0.9999999956227826,9.204301587000888e-05
168,0.7071066897051487,0.7071066870474465,0.000364873655589529,0.0003596862891128805,0.5001483863050618,1.9171471834070734e-09,4.475355266524641e-05,0.0005103960527305241,0.999999868746486
169,0.00047499292126902524,0.0004742936547149119,0.707106622119701,0.7071066216503178,0.5001799017721041,4.940148910153586e-07,4.0402963761027995e-09,0.9999997747136045,0.0006712469729219325
170,0.0006910721069430053,6.62034588118036e-05,0.7071067780873712,0.7071064434859464,0.5002621612190745,0.0005351350729694965,0.9999997590141049,2.8599487732243173e-06,0.0004422601142215094
171,0.00047033821062704065,0.000315173078008763,0.7071067109467487,0.7071066247617578,0.5001783476349175,0.0005553315164693533,7.381732246653207e-07,0.999999839723662,0.00011026789330177991
172,0.0006809858100719759,0.00048662564075193493,0.7071066137404499,0.7071064532715944,0.5002580821785114,0.0008255790967945167,0.9999996497259069,1.3722878516565154e-06,0.0001377146894321288
173,0.7071008955819812,0.7071008792120771,0.0028890513164707738,0.0028850419687978662,0.5011048854760783,0.9999916649229296,3.454597847244561e-05,0.0040827553497972385,1.1593749744861023e-08
174,0.12652074168571883,0.12589683008643854,0.6958088733080277,0.6956956963524326,0.5454257672656955,0.17848618768383964,0.9839418389134587,0.0009735158368682701,0.00043670196605084886
175,0.013225111643536751,0.012780927694171256,0.706991264364192,0.7069830948629666,0.5049889281585935,0.018389068955096455,0.9998308553861094,7.019386382172906e-05,0.0003127837469451237
176,0.7071067678779264,0.707106767546541,0.0001388882197768972,0.00013719069979905595,0.5000560866783438,0.9999999809444429,1.4636964114926949e-05,0.00019467147964108338,2.366355466227765e-10
177,0.7071067321861835,0.7071067319728005,0.00026381574720679577,0.00026324319425851826,0.5001009788123945,1.4896219394617025e-10,0.000372654193538139,4.957805577797149e-06,0.9999999305521363
178,0.7071067010871093,0.7071066875893031,0.0003638220509505198,0.00033656753615559265,0.5001850997586311,9.505580255566302e-09,0.00028593134647887414,0.00040483015729126076,0.9999998771778981
179,0.01738029247533443,0.017337348403575946,0.7068942044962119,0.7068931499409731,0.5065277256846181,3.073194989990571e-05,0.9996986254377476,9.037794105996075e-06,0.02454907883694212
180,0.7071067789915148,0.7071067787756294,5.839136055318151e-05,5.571573351628324e-05,0.5000270375467336,0.9999999967431011,7.700372139983053e-05,2.417066070852042e-05,1.541478335651548e-10
181,0.0009070369287747546,0.0008447605949687234,0.707106276580506,0.7071061994382508,0.5003419001812301,4.435793080889706e-05,6.552044480150393e-07,0.9999992318312678,0.0012386964174706085
182,0.7070753334012106,0.7070751652462852,0.006687162491321635,0.006669358725952887,0.5025705441154704,0.9999553997614016,0.009443255000156726,0.00015304575393620896,1.1818380016225173e-07
183,0.7071066526739586,0.7071066462491172,0.00043684130926833754,0.000434965300496256,0.5001687650529681,0.9999998099874148,0.0006162480414392145,1.6232484141558444e-05,8.135867153434674e-10
184,0.707105991277463,0.707105992488492,0.0010596402413768878,0.001056929288486404,0.5004071402921431,2.869556390440382e-09,2.335530491695111e-05,0.0014964596525592938,0.9999988800308963
185,0.0021407771042116393,0.0012655625317367848,0.7071056486491091,0.7071035405606375,0.5008115791965896,0.0006202869085159917,1.809269488640927e-05,0.9999969075439791,0.0024082813960948314
186,0.7071066409996378,0.7071066397698362,0.0004472062285803188,0.00044525746384411455,0.5001732517208707,0.9999998008761701,0.0006308454936699076,1.6780438203339248e-05,8.696766097251742e-10
187,0.001477538659282444,0.001152664404667974,0.7071058416989443,0.7071052374855921,0.500559876060615,0.0002276300796595466,5.316077582067989e-06,0.9999982441064923,0.0018600914556265488
188,0.0006025959320219173,7.91376266227637e-05,0.7071067767581037,0.7071065244205723,0.5002285755247092,0.0004790883353501333,0.9999998153053445,2.157165860319554e-06,0.0003739772560818332
189,0.00035451331767735305,0.00017149536057959187,0.7071067603900695,0.7071066923175776,0.5001341221001441,0.00013046464202335934,5.774610718950685e-07,0.9999999224546527,0.0003715768134486392
190,0.00016939591022335833,0.00016929866695007722,0.7071067609194251,0.707106760896136,0.5000645095951614,6.807973848661135e-08,1.999184612212675e-10,0.999999971321493,0.00023949323246518362
191,0.0002340567767728346,0.0001605854986796465,0.7071067629518877,0.7071067424494161,0.5000884140813396,5.2069514799758336e-05,1.7662549528693866e-07,0.9999999597148448,0.0002790323328361734
192,0.7071067709073616,0.7071067707971445,0.00012121399428055831,0.00012056932301621774,0.5000471661902625,7.762787383727781e-11,5.539660943943549e-06,0.0001708774596565107,0.9999999853851008
193,0.0002961444923426797,0.0002136278972587991,0.7071067489163998,0.707106719172177,0.5001121340449644,5.790784843941927e-05,0.9999999333307455,2.5597043988009803e-07,0.00036053448988634804
194,0.00030779473510758896,7.982447916542418e-05,0.7071067766808999,0.7071067141969454,0.5001165660521545,0.0002729384255047273,5.365142936520209e-07,0.9999999494450813,0.00016313847589389383
195,0.0020300477868183398,0.0019756737758974347,0.7071040211405475,0.7071038671270182,0.5007687925780908,3.831416203549912e-05,1.313850174608992e-06,0.999995987800646,0.0028324746972430994
196,0.7071066604319514,0.707106657470994,0.00041828243731493905,0.0004132466236889596,0.500168964997867,2.06131969040187e-09,0.0005863790415729841,4.35038959220795e-05,0.9999998271334996
197,0.7065070155016748,0.7064478452595105,0.030519533551367776,0.02911764150673189,0.5139746865650764,0.9991099635341282,0.04025677412725402,0.012596472203552518,4.2328745985938256e-05
198,0.006016645280342402,0.004929604924955275,0.7070895975725323,0.7070811834432962,0.5022824307974275,0.007739931954660793,0.9999697464075633,7.24185873882341e-05,0.0007710243075484656
199,0.0030711898386110385,0.003013734314377897,0.707100358793209,0.7071001115775458,0.5011634587973931,4.069499997222947e-05,0.9999907425541141,2.1294367626584902e-06,0.004302690490777111
200,0.000507649048362722,0.00021328796957310563,0.7071067490190222,0.7071065989597687,0.5001917288950337,0.0005094217382407792,0.9999998483994943,1.3001107580927987e-06,0.00020901867404612764
201,0.7071044218243985,0.7071044075225711,0.001832174160333647,0.0018266462118221144,0.5007082794652071,9.948201139733878e-09,0.0025867389997007825,4.774813488906486e-05,0.9999966532451313
202,0.015380137616716904,0.015324349083907238,0.7069407077861297,0.7069394962586766,0.5058002020709119,3.933509593303303e-05,0.999764280011711,1.0406295324867214e-05,0.02171135088205844
203,0.0009148412741669733,0.0008986910188850599,0.7071062100946841,0.7071061893842007,0.5003453336502337,0.0012823607078955527,0.9999991777096024,1.787913684126197e-07,1.1450157730822295e-05
204,0.707106243904261,0.707106237138036,0.0008771547662031466,0.0008759464476057242,0.5003346112879716,1.05729492413629e-09,0.0012395865939790174,1.0379738603849782e-05,0.9999992316583699
205,0.7071066912046693,0.7071066964461208,0.0003567795316076445,0.000356726205287359,0.5001350202161795,1.9045140415713027e-11,0.0005045245391076485,4.573304102577695e-07,0.9999998727273833
206,0.7071067352867022,0.7071067320972567,0.00026348194824024347,0.0002547786889085777,0.5001166624754095,0.999999932832538,0.00035834270286039206,7.697678011684409e-05,2.2250807764807867e-09
207,0.0006425845265359339,0.0005725426276980039,0.7071065493933287,0.7071064892115804,0.5002432396287222,0.0008592244716823692,5.153293733376057e-07,0.9999996296398322,4.9530208326833223e-05
208,0.001672305886134612,0.0016701251299673391,0.7071048088381937,0.7071048036840245,0.5006337660950871,0.0023634556181508105,4.42249932142053e-08,0.9999972070336596,1.5553048654040245e-06
209,0.00902209465499004,0.008866172196439771,0.707051194038016,0.7070492216303171,0.5034145408474326,0.012648916540158407,0.999919993057494,1.6808421208646736e-05,0.0001100533535544573
210,0.012916854970193747,0.012889562119368063,0.7069892921313568,0.7069887940135348,0.5048635199828011,1.9348211292330473e-05,0.9998334931531618,4.272690590372235e-06,0.01824789238759773
211,0.00031220357449604215,0.0002506268446622395,0.7071067367704712,0.707106712264088,0.5001182559043468,4.395065056401115e-05,2.0960060507971726e-07,0.9999999198575312,0.00039793621035092585
212,0.0015894459016670235,0.00018527542989762614,0.7071067569137036,0.7071049947933661,0.5006021523973726,0.00124081297243128,1.5181563173938303e-05,0.9999987195513115,0.0010104694090847584
213,0.7068599787062371,0.7068597510086083,0.018689366068732272,0.01868075221775049,0.5070383727998535,1.6070229327097093e-07,0.02642456170136109,7.379947853453493e-05,0.9996508075785805
214,0.7071063474332864,0.7071063204068467,0.000811844360657284,0.000783211055137996,0.5003632517384662,0.9999993637443865,0.0010993009714653872,0.00025307745248572374,2.246360857408523e-08
215,0.7071067758649858,0.7071067754788886,8.984346018864332e-05,8.675150271699727e-05,0.5000398823474184,2.746116496832151e-10,2.7166928195115837e-05,0.00012190007618851987,0.9999999922011635
216,0.7071064210990005,0.7071064209411981,0.0007137672763917073,0.000713610929583774,0.5002691614861371,1.1295089340764403e-10,1.3530737690916092e-06,0.001009307907855888,0.9999994906477244
217,6.332810581125718e-05,5.4087457103322565e-05,0.7071067791179398,0.7071067783507319,0.5000240495603494,6.39916139267095e-06,6.636125064696273e-09,0.9999999965320492,8.303585210628055e-05
218,0.7070963318642988,0.7070956462405654,0.0039682575058429675,0.003844146725739689,0.5017407322876262,4.899823487750103e-07,0.0010870366719076794,0.005416907139283644,0.9999847376175647
219,0.0002260874542044418,0.00022009352928473557,0.7071067469334722,0.7071067450424031,0.5000858937020253,4.227978183985878e-06,1.6261712400380418e-08,0.9999999502216487,0.00031549773815691946
220,0.000663001290541267,0.0006619580007954384,0.7071064713404939,0.7071064703630482,0.5002507874387794,7.478791215566844e-07,0.9999995611203504,8.336758995727662e-09,0.0009368876916436138
221,0.7071066694857068,0.7071066641081846,0.0004069075973726311,0.0003974529271372545,0.5001728791577892,3.771469164327428e-09,8.218829882655948e-05,0.0005628389695335028,0.9999998382286739
222,0.0016608123964343914,0.0016222108522519648,0.7071049203844866,0.7071048307727675,0.5006292696459091,2.7448741249865916e-05,0.9999973050631388,7.716687543025217e-07,0.002321446194060502
223,0.7071067810890873,0.7071067810840985,1.2036790121279892e-05,1.1740062802489435e-05,0.5000051608744345,0.999999999858643,2.5666232223839214e-06,1.6617034520769852e-05,3.5298977337515164e-12
224,1.79093144560091e-05,9.198068672427734e-06,0.7071067811267223,0.7071067809597468,0.5000067581436923,1.9145185108316378e-05,1.443062396850878e-09,0.999999999797325,6.229759124975391e-06
225,0.7071067725846142,0.7071067719242053,0.00011445056072268456,0.00011029493080490886,0.5000511905475286,4.6515484516936344e-10,3.658073436619094e-05,0.00015467951539950832,0.99999998736805
226,0.7071065473380683,0.7071065418811217,0.0005817464406302304,0.0005750753304712929,0.5002334423762677,3.892950863925815e-09,0.0008159713010580588,5.771821854690302e-05,0.9999996654296653
227,2.7896495124277124e-05,2.5499068604056346e-05,0.7071067807267862,0.707106780636268,0.5000105806577474,3.775602608559494e-05,0.9999999992857934,7.704458438625516e-10,1.7027724795357323e-06
228,0.00010017148380037108,4.0849278562221224e-05,0.7071067800066232,0.7071067740912064,0.5000379540926643,9.97469233158695e-05,5.139283980600888e-08,0.9999999941485025,4.187530284749508e-05
229,0.7071067767705085,0.7071067761671818,8.42523273099823e-05,7.902671629870188e-05,0.5000412817010833,0.9999999933281616,0.00010433104116734254,4.958538489355692e-05,4.21375967336613e-10
230,2.4228520803827685e-05,1.449268892120093e-05,0.7071067810380286,0.7071067807714613,0.5000091616964467,2.737838366670916e-05,0.9999999996014712,2.303151106995839e-09,6.890817100074911e-06
231,0.7070982430759063,0.7070979291859185,0.003539207746432451,0.003475930013185618,0.5014672307368471,0.999987695883815,0.0005466154393247864,0.004930445465722527,2.2106800656523594e-07
232,0.7071010546610192,0.7071010541297956,0.0028459178717682317,0.0028457858801126546,0.5010748001394223,0.999991901094301,1.138907794140136e-06,0.004024642159395965,3.726959779141313e-10
233,0.0005879884769571495,0.0005660248618468551,0.7071065546407107,0.7071065367181607,0.5002225752089455,0.0008160093827307302,0.999999666942637,1.526110748789722e-07,1.559745359193611e-05
234,0.0012855017569501069,0.0005563174751890944,0.7071065623446491,0.7071056126811844,0.5004871495836599,0.0005178480041131795,8.108826360178017e-06,0.9999990189646927,0.0013014750650544855
235,0.03284617336064384,0.032627104804478516,0.7063536451609057,0.7063434921449929,0.5122952858793623,0.00015457207892798577,0.9989277217469101,8.748262905371038e-05,0.04629660008934037
236,0.707093441464676,0.7070931255787289,0.0043945146824063445,0.004343390108076339,0.5017599109053484,2.2552580605996868e-07,0.00616287531282851,0.0004424531651477235,0.9999809114193156
237,0.04407590666868421,0.043823048561113374,0.7057475047174006,0.7057317581428234,0.5164108155813419,0.00017904998715416416,0.00013544509594703047,0.9980665491443065,0.0621539465758882
238,0.7071065379811885,0.7071065366113932,0.0005881168596903914,0.000586467610512193,0.5002267803665401,0.9999996550870915,1.4128586403017388e-05,0.0008304372835309248,9.74109277819367e-10
239,0.7070867691598615,0.7070867019942508,0.0053294758899270055,0.005319857053293813,0.5020335914654607,5.139706782094145e-08,0.007529761217554361,8.299599633401959e-05,0.9999716475019012
240,0.7071067773437753,0.707106776978619,7.71421383974978e-05,7.371906527322227e-05,0.5000356200202329,0.999999994307295,0.00010220104217529156,3.0665242206455676e-05,2.591155809245278e-10
241,0.00043670781230348553,0.00019722684789611353,0.7071067536812045,0.7071066463315754,0.5001657046530642,0.0001705678766078991,9.204487191274634e-07,0.9999998851934996,0.00044779319147057793
242,0.0004228420971123819,0.000415942780001155,0.7071066588511252,0.7071066547590694,0.5001595243059582,4.86840935155734e-06,0.9999998240980659,3.4815623587860944e-08,0.0005931105553261473
243,7.474391972617689e-05,3.935639064667429e-05,0.7071067800912968,0.7071067772361919,0.500028344571733,2.4742330497483708e-05,0.9999999964322174,2.4640398706661038e-08,8.076754361945209e-05
244,0.009007942819479454,0.0013086338134642849,0.7071055702492953,0.7070494020700978,0.5034372693476921,0.0055125489619952915,0.00048544148830667095,0.9999584535328584,0.007243435562999466
245,0.7071067429650694,0.7071067424400267,0.00023408514193636731,0.0002324937226702475,0.5000922106520238,0.9999999455754063,1.3648672703493946e-05,0.000329640559533975,3.6618249856572506e-10
246,0.0010710542306572545,0.001063153228789614,0.7071059819469869,0.7071059700234722,0.5004024435776,5.5996176883890316e-06,0.9999988612733707,1.0304225378643565e-07,0.001509112519720226
247,0.7071065613865487,0.7071065246695617,0.00060230369028796,0.0005575339377744276,0.5003055913298294,2.585727581104158e-08,0.0006721752123692368,0.0004709504336776069,0.9999996631930305
248,0.7071067334916551,0.7071067309212201,0.00026661940572840015,0.00025971284881401256,0.5001143310945186,1.827936629503316e-09,6.0418734585070876e-05,0.000367268631741392,0.9999999307316644
249,0.012437706364325748,0.012237638108462016,0.7070008770953028,0.7069973857521653,0.504692280011257,0.0001429245624663203,0.9998477598100745,2.9609112464987404e-05,0.017448091547453404
250,0.0002401245696195097,0.00010692249115703215,0.7071067731026072,0.7071067404149053,0.5000909689590234,0.00024556779978255006,0.9999999654538468,2.826872117568762e-07,9.374798003230692e-05
251,0.0013443298465043298,0.0007337124870544238,0.707106400526821,0.7071055032859681,0.5005090763252755,0.0014709121349496673,7.813211632807698e-06,0.999998827190439,0.00042658435678549913
252,0.7071049232631001,0.7071046978023782,0.0017186612048738132,0.0016209555996817607,0.5008275329538386,1.629506819601738e-07,0.0009122819754983815,0.0021792280721527834,0.9999972093493674
253,0.011115026395657803,0.010792372775964001,0.7070244159091263,0.7070194171224886,0.5041964773264508,0.00022638328625044506,4.298578546160523e-05,0.9998799823139213,0.015490896382793048
254,4.450252643992092e-05,4.3969558959326163e-05,0.7071067798194829,0.7071067797861409,0.5000168487086492,3.7760774169383435e-07,0.9999999980431026,2.856763194224726e-10,6.255920705225519e-05
255,0.7071066606762281,0.7071066647918706,0.00041479813971486725,0.00041282843160440566,0.5001617346864141,0.9999998287575804,1.6944915459418123e-05,0.0005849766495270911,8.024640420652747e-10
256,0.7071038488910084,0.707103835085049,0.0020411781025010843,0.0020363898330701866,0.5007826054945611,9.731352688144514e-09,0.0028829823411437474,4.128460990332865e-05,0.9999958433455924
257,0.7062812427465747,0.7062608354779671,0.03457802353525584,0.0341585442360743,0.5137239262969663,0.9988180784932691,0.048470133508875704,0.0036182887618758696,1.4799632788094784e-05
258,0.707070879806974,0.7070702406707106,0.007188515692838388,0.007125372200407608,0.5028342858584048,0.9999487758445081,0.010106678009727074,0.0005484035632857814,4.634941428702009e-07
259,0.7071066142926493,0.7071065977871678,0.0005092797419784736,0.0004858225864201878,0.5002366102198208,1.1604111260838171e-08,0.0006709400862161666,0.000212670735584153,0.999999752305248
260,8.776013217562614e-05,4.042181262509178e-05,0.707106780031193,0.707106775740527,0.5000332174670594,9.072385982801969e-05,0.9999999953321225,3.69769787290216e-08,3.3240712887771215e-05
261,0.7071067803057394,0.7071067802706159,3.599064955667319e-05,3.5293836253113844e-05,0.5000150620905868,0.9999999987295133,6.044357150815989e-06,5.004445503356245e-05,2.4420025429734157e-11
262,0.7071067757359966,0.7071067755548291,8.924377852596539e-05,8.779659698183149e-05,0.500036665329371,1.2789417600123239e-10,0.0001245591952469007,1.2557918881175314e-05,0.9999999921636524
263,0.7071060314368701,0.7071060243686274,0.001034553812785947,0.001033322877908971,0.5003949265493415,0.9999989309705454,0.0014621717525794967,1.0560659005117575e-05,1.2707201248209553e-09
264,0.7071067680401781,0.7071067679706453,0.00013671178122439014,0.00013635166649213145,0.5000526526350009,0.9999999813590592,0.0001930602960092982,3.100029923907996e-06,4.8863779362861436e-11
265,0.7071065034721856,0.7071064543777955,0.0006798362078781829,0.000626695577520445,0.5003486576725558,3.469223303061533e-08,0.0006252684056660812,0.0006811490565960356,0.9999995725376071
266,0.7071067757873081,0.7071067755742168,8.909003853749905e-05,8.738236864629947e-05,0.5000369577009333,1.511136768005669e-10,0.000123902840740468,1.4859319408811311e-05,0.9999999922136442
267,9.760650022417141e-06,3.564258021509928e-06,0.7071067811775641,0.7071067811191809,0.500003701457252,4.34301166611643e-06,0.9999999999460125,5.024572869555553e-10,9.439940264784182e-06
268,0.7070911939897264,0.7070908227978214,0.00475061207628971,0.004695038038476744,0.5019104944951921,2.6146726541033474e-07,0.0004769076443402331,0.006662151032579721,0.9999776939025435
269,0.7071055762646724,0.7071053911039351,0.0014047499125318201,0.0013053794105206344,0.5007064868357313,0.9999981613294396,0.0009913138261604237,0.0016415342275543747,1.3440892282309924e-07
270,0.0250871725418623,0.0250715339561711,0.7066621669405286,0.7066616119288311,0.509457891618838,0.03546756151408871,4.7432804425389475e-06,0.9993708280395417,1.1013852366292302e-05
271,0.11898399697763726,0.11893454937479694,0.6970326914607442,0.6970242524211195,0.5424857248363509,0.16823381749087776,0.9857471156994949,7.292706337535645e-05,3.49886617234868e-05
272,0.03725533625329182,0.03716789507295842,0.7061292711507212,0.7061246631758387,0.5138872168408302,0.05262517107395603,3.9624146973579695e-05,0.9986143329388818,6.203549671663845e-05
273,0.7071067811051828,0.7071067810981081,1.118357742148608e-05,1.0726937414453233e-05,0.5000051015024995,4.977708942471913e-12,1.4951836960884443e-05,4.072120053620694e-06,0.9999999998799306
274,8.798959025841281e-05,4.7988785440307536e-05,0.7071067795581335,0.7071067757120068,0.5000333114943015,2.8466597607579977e-05,3.3046435880073545e-08,0.9999999949774522,9.609757696675722e-05
275,0.7071067453868423,0.7071067453379453,0.00024113929245439406,0.00024099586651978426,0.5000915245907097,0.9999999418864155,1.2297472208018702e-06,0.0003409188375065251,3.431622317027074e-11
276,0.6992234400939745,0.6992021816629014,0.10543390895646292,0.10529283367422802,0.5381967479239582,0.988836240127516,0.14900149110892297,0.0012023428404243262,1.5148960155622284e-05
277,8.63484910825945e-05,7.948512007584661e-05,0.7071067767191289,0.7071067759143158,0.5000326424714695,4.82962974240687e-06,0.9999999931130273,6.934000441619161e-09,0.00011726304150184713
278,0.0006346102223657603,0.0005094128205021726,0.70710659769131,0.7071064964132825,0.5002405210115732,8.839921836260693e-05,0.9999996688837964,8.633882333156686e-07,0.000808960526982608
279,0.0001347153776477194,4.0277084602659284e-05,0.7071067800394497,0.7071067683538104,0.5000510569826017,0.0001238438677967159,0.999999990114759,1.0103982182849504e-07,6.658207643280891e-05
280,0.0009305225024822402,0.0006569163957058161,0.7071064760422121,0.7071061689222199,0.5003525571737215,0.0001938996412658334,2.6391154276238766e-06,0.9999993512906545,0.0011224144545086332
281,0.7071064968912316,0.7071064929647023,0.000638441195080781,0.0006340774486504615,0.5002504021914119,2.787089452376422e-09,0.0008990300154927254,3.750202269751476e-05,0.9999995951692333
282,0.0012901226616061484,0.0006533712196270889,0.707106479326876,0.7071056042653872,0.5004886197733799,0.0004525566940899274,7.488749594236167e-06,0.9999989543161969,0.0013735002261598354
283,0.001642568505063361,0.0012685670653034165,0.7071056432652765,0.7071048733877837,0.5006207548947224,0.002058325143196176,6.583155587367737e-06,0.9999978463291892,0.0002656901392223931
284,0.7071067487214555,0.7071067486452254,0.00021452361394483572,0.00021427219901959776,0.5000820570634155,5.442886363833876e-11,0.00030319691314187146,2.1419789652346584e-06,0.9999999540335239
285,7.804455014984407e-05,1.1529821515605494e-05,0.7071067810925462,0.7071067768795934,0.5000295808998361,6.284591207949624e-05,3.5794952711515215e-08,0.9999999968880542,4.768941103167347e-05
286,0.7070933651931414,0.7070933095554637,0.004364811781731326,0.00435578923130143,0.5016695536446429,3.899208095654059e-08,0.0061659091158325265,7.775919724030433e-05,0.9999809875783934
287,0.0010166551326653167,0.0009997033902380862,0.7071060744988208,0.7071060503293424,0.5003836275383514,1.1939320572813612e-05,0.9999989835022093,2.07651596605504e-07,0.0014257811749810159
288,0.7071063927961172,0.7071063873014246,0.0007463494668407443,0.0007461350003797696,0.500282649123962,1.6259689061274806e-10,0.0010553443012353847,1.8361087059517055e-06,0.9999994431223614
289,0.7071063332275032,0.7071063329535688,0.0007961764619933618,0.0007959331361901081,0.5003028894425308,1.9426820412270135e-10,2.0754524979698013e-06,0.001125789593314229,0.9999993662965434
290,0.0002983500181343357,0.0002642403080245433,0.7071067318142712,0.7071067182450373,0.5001132913256414,2.393311609797985e-05,0.9999999205821534,1.1705702871101402e-07,0.00039782267363676577
291,0.012490103142423823,0.01248898378746352,0.7069964818045111,0.706996462030392,0.5047027301911726,0.017662881755931347,0.999843999135575,1.6948792701239317e-07,7.924013206576272e-07
292,0.7071059028492754,0.7071058839302895,0.0011264595706287253,0.001117857899076901,0.5004445225088916,9.608185095002314e-09,0.0015852517267140572,7.412428576233788e-05,0.9999987407404841
293,0.0003286310286117187,3.0947877566728975e-05,0.7071067805093011,0.7071067048201758,0.5001246802720554,0.0002601046820486808,6.54610651685196e-07,0.9999999455217226,0.0002032281438891676
294,0.0002683289220815018,0.00022737990124797107,0.7071067446279797,0.7071067302745662,0.5001016003541594,2.8956292355800795e-05,1.2347133129228687e-07,0.9999999381489741,0.0003505189909975823
295,2.4798970118035903e-05,2.4236139821006515e-05,0.7071067807711999,0.707106780751685,0.5000094472168481,3.46730831642903e-05,0.9999999993988108,1.6755817110530174e-10,3.958487347767444e-07
296,0.0001035629453244424,0.00010033617589181761,0.7071067740678562,0.7071067736026255,0.5000393646862591,2.2878007045280983e-06,0.9999999896036826,3.914044310546362e-09,0.00014417835414792186
297,0.001991690173423091,0.001773816076738874,0.7071045563256735,0.7071039762087713,0.5007563130184169,0.00015319979596046678,0.9999964433545118,5.0109231041540055e-06,0.0026626646509699766
298,0.7069971678311301,0.7069971345613892,0.012451976629629857,0.012450087500132928,0.5047055064015168,2.3484604588654313e-08,1.633666264533876e-05,0.017608410883985758,0.9998449597808923
299,0.0746681647207985,0.07462034783131954,0.7031584484947394,0.7031533724424736,0.5273535103964713,0.10556291956838797,0.9944126241096481,4.33372480631852e-05,3.3844312208067115e-05
300,0.7071067219214586,0.7071067211491845,0.0002913857391536334,0.0002895055929862373,0.5001145345217659,0.9999999156404275,0.00041044022937535864,1.606099195956509e-05,5.531110369798153e-10
301,0.7071061248985847,0.7071061177895588,0.0009685992855135236,0.000967254608673817,0.5003714382969322,0.9999990631165316,0.001368807360092639,1.150933769896563e-05,1.2913260532120733e-09
302,0.7070972991904659,0.7070971229174388,0.0036957762216348997,0.0036618953492156764,0.5014710654681863,1.254795252562596e-07,0.005194732457798427,0.00028808700231850104,0.9999864657886903
303,0.7071067811837207,0.7071067811832202,2.169517262882528e-06,1.999710134326967e-06,0.5000011197926716,0.9999999999956486,1.9246781282822282e-06,2.2363496769931337e-06,3.581449830574681e-13
304,7.690760739301525e-05,7.000001089046128e-05,0.7071067777217215,0.7071067770041647,0.500029181791984,0.00010387998425209446,6.1352791995875194e-09,0.999999994592607,4.871393164946158e-06
305,0.7071065230799092,0.7071065212525252,0.0006124154876597569,0.0006041670641197934,0.5002481489844296,0.9999996299646458,7.157583384731894e-05,0.0008572907738344848,5.018339630062141e-09
306,0.7071064919947541,0.7071064510671354,0.0006832709891046425,0.0006395145632038245,0.500336044917443,2.910161524112036e-08,0.00042493173021504016,0.0008338292065874567,0.9999995620808471
307,0.7071006976171873,0.7071002712622878,0.0030342018383346723,0.0029331602894619954,0.5013425123703151,3.0288649791348663e-07,0.004126313088560944,0.0008850708302734524,0.9999910950552623
308,0.0200090176556807,0.019160659164562503,0.7068471327948568,0.7068236266700297,0.5075512325611691,0.0006028053736904089,0.999616160308226,0.00020102219531970271,0.027697080464534726
309,0.0180079799855297,0.01787888761055518,0.7068807151024089,0.7068774382146014,0.5067678500217245,0.025375848771736136,0.9996779767771874,2.805708788497209e-05,9.087671350728657e-05
310,0.0034292037042162656,0.003374807465128938,0.7070987276714467,0.7070984659592753,0.5012972883319121,0.004811162049259537,0.999988425548809,2.2256820397970723e-06,3.8512432607457533e-05
311,0.7071067620941665,0.7071067620565336,0.00016448077598989856,0.00016431891136818244,0.500062626850911,2.681952508640918e-11,0.00023249234839251126,1.392207742752338e-06,0.9999999729726855
312,0.7071067463999625,0.7071067415435053,0.00023677779855492677,0.0002218009436903187,0.5001165649819288,0.9999999473703061,0.00029149199987880655,0.00014244928401746108,3.455937623500806e-09
313,2.336013916059256e-06,1.3744832866824825e-06,0.707106781185211,0.7071067811826882,0.5000008909910579,2.6234224313067105e-06,0.9999999999963262,2.125835579459689e-11,6.810433674214667e-07
314,0.7071067810103544,0.7071067809789604,1.713395792025185e-05,1.5785271735424237e-05,0.5000088101896756,0.9999999997286265,1.7677992057271388e-05,1.5173526768592535e-05,2.265734952059196e-11
315,0.003665345611311513,0.0036354514875223875,0.7070974356426983,0.7070972813139276,0.5013824404204692,0.005162442976792985,1.3305755085129285e-06,0.9999866742773413,2.1177342848133415e-05
316,0.7070917732171306,0.7070898112832502,0.004898854907935254,0.004606978255367082,0.5023782626504796,1.3727578946520904e-06,0.002761042739989117,0.00613185706310738,0.9999773882293761
317,0.699890407365575,0.6995624530148389,0.10301637894873368,0.10076416861909411,0.5416180856576253,0.9895626074071172,0.14276415868466416,0.01960068887224042,0.0002324050712473066
318,0.7071052010943343,0.7071051855110736,0.0015022061607798298,0.0014973429481131644,0.500577528063876,0.9999977506678429,0.0021205940801348228,4.1713319770133724e-05,7.306160335322274e-09
319,4.0782009207209014e-05,3.8632560091050564e-05,0.7071067801312075,0.7071067800105061,0.5000153898946426,1.5297916231975145e-06,0.9999999984221752,1.0524914978396987e-09,5.615431160432038e-05
320,0.7071060842515696,0.7071060554620943,0.0010130788908035387,0.0009927811508366672,0.5004233112333236,0.9999989940278692,0.00017588268099473462,0.001407483049622414,2.02180206064302e-08
321,0.00016580216796565822,1.1145885225702161e-05,0.7071067810987001,0.707106761747925,0.5000627437706061,0.00011639589733361295,0.999999986192687,1.6648379030841182e-07,0.00011860263379655577
322,0.7071023093061796,0.7071023037049612,0.0025163654633552548,0.0025147910204201956,0.5009550613862168,0.999993671845475,0.0035575393369832358,1.352358569462238e-05,3.932650448609766e-09
323,0.7056548620927263,0.705653482593152,0.04531183624788504,0.04529042989613316,0.5168040837663869,9.741068119013843e-07,0.06406521448959109,0.00018394764035179604,0.9979456971472536
324,0.0011404467982694757,0.0010836387961622527,0.7071059508496296,0.7071058615095053,0.5004320949953269,0.001572665668049915,0.9999987625529657,7.721495844803029e-07,4.0182543077683595e-05
325,0.0001197619433019381,5.853516757711013e-05,0.7071067787637412,0.7071067710445695,0.5000456012892164,4.3038904238061906e-05,6.590962860620523e-08,0.9999999911153539,0.0001261623621716237
326,5.408354262764849e-05,3.932435831100174e-05,0.7071067800930744,0.7071067791182397,0.5000204351168119,6.603983883081824e-05,8.404710432825994e-09,0.9999999977642834,1.0496400665384147e-05
327,0.00013833352181947587,2.2312796435359956e-05,0.7071067808345066,0.7071067676552365,0.5000524298109184,0.00011389781237734024,0.9999999901829816,1.130652873313623e-07,8.161686394000585e-05
328,0.7071064264014154,0.7071064261618886,0.0007138144983547164,0.0007083373625783803,0.5002820741964431,0.9999994943633933,4.7203918779823254e-05,0.001004512193722764,3.83989177047248e-09
329,0.0005406345750811569,0.0005196001006657914,0.7071065902788173,0.7071065745092857,0.500204804827672,0.0007496996686756154,1.3631369807196816e-07,0.999999718864947,1.48463858482918e-05
330,0.0005342333637166476,0.00039619521358995254,0.7071066701915291,0.7071065793745044,0.500202247241461,9.777330863945606e-05,0.9999997788116994,7.854348382847957e-07,0.0006578877672500727
331,0.7071067679409546,0.7071067599699529,0.0001732189180743149,0.0001618106163932039,0.5000858043000442,1.9016904742387325e-09,0.00011143461934188488,0.00020921231982967453,0.9999999719062633
332,0.7071040573632879,0.707104023930098,0.001974675128704881,0.0019645638010965427,0.5007692794757438,0.9999961205660792,8.641007718780726e-05,0.002784131119589186,2.0068416091764524e-08
333,0.002096411905852833,0.002094405598729119,0.7071036794312329,0.7071036734858056,0.5007936272489525,1.420404864546295e-06,5.086369114908583e-08,0.9999956092515139,0.0029633554753757457
334,0.006608545059544423,0.006304332093116251,0.7070786769496451,0.7070758991312014,0.5024943730155054,0.009130743716096287,2.4088545422842335e-05,0.9999582901045422,0.00021677208144205672
335,0.5292625440359483,0.5292428341381833,0.46893711999946536,0.46891487445015595,0.6190083966148505,0.7484763308305061,0.00019026377456944084,0.6631614779174788,1.3875291071982125e-05
336,1.0378329814656622e-05,9.606591460561263e-07,0.707106781185896,0.7071067811103863,0.5000039371446208,8.05596865764492e-06,0.9999999999456853,6.453973498778279e-10,6.613166013622719e-06
337,0.7071067444937316,0.7071067479485974,0.0002333583910143645,0.00022779700710815867,0.5000997909202409,1.2773547741938436e-09,4.81317295134241e-05,0.0003225382949640153,0.999999946826191
338,0.00019000171467999688,0.0001500314675034427,0.7071067652699692,0.7071067556595318,0.5000721300411283,2.802831258509214e-05,8.269386996551388e-08,0.9999999706949505,0.00024046726703692525
339,0.0002334840497935371,0.00022711993491109664,0.7071067447115292,0.7071067426387606,0.5000882335265147,0.0003256957130001244,1.767962039721426e-08,0.9999999469508658,4.53520110852956e-06
340,0.707057395408962,0.7070572675226484,0.008367821903323032,0.008357454609801604,0.5031955896307134,8.655084141046588e-08,8.868729205180589e-05,0.011826226174264355,0.9999300638089805
341,0.7071067802720505,0.707106780170696,3.790292172042225e-05,3.596240051246985e-05,0.500017937370933,7.104659659939176e-11,1.7638168496778256e-05,4.918150808630219e-05,0.9999999986350376
342,7.875313586460114e-05,2.811858702984787e-05,0.7071067806274693,0.7071067768010306,0.5000297308224778,7.534533256935322e-05,3.2848389198818266e-08,0.9999999965036429,3.627385015513269e-05
343,0.002338243801746729,0.0013456948426200585,0.7071055006895259,0.7071029151516875,0.5008856551992633,0.0026045239282532886,0.9999963606063076,2.2260725542419927e-05,0.000703373085053326
344,0.06018417069904087,0.060151680680599603,0.7045436645881824,0.704540889939906,0.522197663750784,0.08509029657011724,0.9963732434898422,2.3794789769781243e-05,2.2826335787461883e-05
345,0.00010714430164976546,0.00010471489509820744,0.707106773432972,0.7071067730690298,0.500040462640892,0.00014980698264964527,3.1337871748748336e-09,0.9999999887774426,1.7258565564421254e-06
346,0.024666072452433026,0.023778971385031017,0.7067068419930997,0.7066764357679981,0.5092465115861532,0.0006311632682563357,0.00026144137242232655,0.99941286615594,0.03425574759493075
347,0.18277893512179078,0.18277506263816223,0.6830763328337521,0.6830752966370071,0.562772021162121,0.2584857107060414,8.863005549558168e-06,0.9660150812874453,2.7262858134253577e-06
348,0.7071067811814087,0.7071067811812656,2.733251284873298e-06,2.6959967131627874e-06,0.5000011175098724,0.9999999999926316,3.825808286920001e-06,3.19768377705388e-07,1.0079522911071322e-13
349,0.0027720217674299936,0.002586553799798868,0.7071020504421884,0.7071013476831457,0.501052219410995,0.003789156281858022,0.9999928127734626,6.023863993278886e-06,0.00012907286142143273
350,0.7071064996670064,0.7071064993700569,0.0006313070757174924,0.0006309743845723598,0.5002403637971581,0.9999996016612721,2.860113584432374e-06,0.0008925632289018657,2.0931769647623106e-10
351,6.254394830130237e-05,4.1907080628025405e-05,0.7071067799447242,0.7071067784205257,0.5000236607629862,1.4624013880523664e-05,0.9999999971660256,1.3037180928547812e-08,7.385179140618093e-05
352,0.0007998696707758268,0.0004672063015370008,0.7071066268380407,0.7071063287854993,0.500303440084756,0.00023494690090211111,0.9999995709600032,2.5668485569817265e-06,0.0008960319016530792
353,0.000127675504921232,0.00011372363496127816,0.7071067720414869,0.7071067696599729,0.5000483411023692,0.0001706908111698142,0.9999999853829465,2.0621872242772444e-08,9.937136805359552e-06
354,0.7057656256116769,0.7055357504949522,0.04710949770249586,0.043530238974938996,0.5235469556139924,0.00016400574239753106,0.03847556644852384,0.0513207293933162,0.9979407731041127
355,0.7067646613183738,0.706764550722793,0.021997210927311422,0.02199348793443022,0.5082587449309784,8.099726613135637e-08,3.20554026992962e-05,0.031106105068840022,0.9995160875142962
356,0.00027532672182136413,0.00025666008316135223,0.7071067346063123,0.7071067275844558,0.5001045608951241,1.3172110292903625e-05,6.05577292201471e-08,0.9999999291603957,0.00037617242872278674
357,8.70146500262477e-06,5.112680505464712e-06,0.7071067811680619,0.7071067811330065,0.5000032948413012,2.5562393724838247e-06,3.0311567809021147e-10,0.9999999999490696,9.763228739173642e-06
358,0.0004154369618690968,8.569803607345631e-05,0.707106775993448,0.7071066591484854,0.5001570200115596,0.000350284342825289,0.9999999100334674,1.0188223338964335e-06,0.00023923398973667664
359,0.0014321005791457047,0.0014120184794140403,0.7071053713583424,0.7071053309712328,0.5005424784820888,0.0020110960549840832,3.481018472693915e-07,0.9999979776437727,1.4174365017852541e-05
360,0.7071067662324579,0.7071067644251195,0.00015396179967774005,0.00014542445939881427,0.5000739319440418,1.2658625218413885e-09,0.00019656310367226727,7.883815970817348e-05,0.9999999775737427
361,0.707106692890016,0.7071066869236468,0.0003651134944566638,0.00036375915684367966,0.5001410627847271,0.9999998671856974,0.0005152604852300999,1.1628429920806433e-05,4.981085673606446e-10
362,0.7071059670952319,0.7071059615986268,0.0010766019143164088,0.0010729857024263708,0.5004145844743464,3.960241065552259e-09,3.115791995583271e-05,0.0015196707484008485,0.9999988448143339
363,0.0059968522124486225,0.005972377860936715,0.7070815587346956,0.7070813515880211,0.502260223979195,1.7291668084805808e-05,1.7794962708809053e-06,0.9999641835901241,0.008463523779725075
364,0.0005702896984436977,0.00019566521389365583,0.7071067541150469,0.7071065512139264,0.500216035173073,0.00026472802301879357,1.7393284492076592e-06,0.9999998182408564,0.0005416957540055257
365,0.01913031056060886,0.0184197795025308,0.7068668274315014,0.7068479548091319,0.5072230354374001,0.02655196168256601,0.9996472962387191,0.00016144208754045674,0.0005003897228593759
366,0.0011916485950050027,0.0005706403380187574,0.7071065509310444,0.7071057770755512,0.5004526082748328,0.0012468733117566397,0.9999991271493541,6.614152445468195e-06,0.0004369939516521812
367,0.7071065337268141,0.707106498353532,0.000632444627128601,0.0005915748895451562,0.5003108874127338,2.5366933791839367e-08,0.00039426694402765937,0.0007710386716444836,0.9999996250264015
368,0.707106779356706,0.7071067791998948,5.30051876613809e-05,5.087028059875178e-05,0.5000240886669893,1.1180732967490058e-10,1.879677754714742e-05,7.102123992903112e-05,0.9999999973013312
369,0.7071067803899207,0.7071067803634933,3.411709162939353e-05,3.356489223131301e-05,0.5000140711020348,1.8725260400651877e-11,4.791627170139109e-06,4.761951533573684e-05,0.9999999988547127
370,0.008711670064360863,0.008709741280607823,0.7070531383190608,0.7070531145569602,0.5032972860623677,1.3589928990823117e-06,2.0458835959020412e-07,0.9999241207269126,0.01231879810040507
371,0.7071066122291263,0.7071066155536068,0.0004916206883996109,0.0004888167823535703,0.5001907314509371,1.396504079223406e-09,2.428071691455164e-05,0.0006928514954585294,0.999999759683596
372,0.7071061636360364,0.7071061470892934,0.0009469680769729359,0.000934530861537126,0.5003823697297322,0.9999991149513777,0.0013260661373670295,0.00010791232227892552,1.1791234961806254e-08
373,0.0006387292797670676,0.0006079263933674001,0.7071065198578655,0.7071064927045353,0.5002401091018475,0.0008815182509421276,0.9999996112251024,2.3568964442724344e-07,2.1798299025023174e-05
374,0.7070387151658056,0.7070386866855407,0.009813028583610717,0.009810976336927362,0.5037128355519301,0.9999037199717418,1.754895405504576e-05,0.013876255932373158,2.0091444773970446e-08
375,2.5778626511838346e-05,2.5153758000886537e-05,0.7071067807391527,0.7071067807166482,0.5000097792880654,4.415370048775128e-07,1.934435434839797e-10,0.9999999993513753,3.601463813166225e-05
376,0.00014702833574699819,3.4624412057955817e-05,0.7071067803388325,0.7071067659007855,0.5000556825345871,0.0001284123204505865,0.9999999885919014,1.2515649969871922e-07,7.953903054090506e-05
377,0.7070982458851965,0.707097550081307,0.003614155433787819,0.003474286413191305,0.5016302398791437,4.935371096009202e-07,0.001247538167448943,0.0048555570330521165,0.9999874335281329
378,0.7071067803327883,0.7071067802490183,3.641244167529002e-05,3.474762274111712e-05,0.5000168347368579,6.106440693469194e-11,4.805693516546833e-05,1.4959751916972805e-05,0.999999998733368
379,0.7071067810377074,0.7071067810369687,1.4544227473025171e-05,1.4508268352992873e-05,0.5000056145195403,5.115824613604696e-13,3.093170871130379e-07,2.0540903736914175e-05,0.9999999997889861
380,0.0005973540596339728,0.00016604412739092248,0.7071067616911536,0.7071065288682669,0.5002263766756594,0.0005419182871443301,0.9999998077966912,2.0149795970691613e-06,0.0003012093863637352
381,0.7071066974064275,0.7071066992857115,0.0003511066004558112,0.00034421355838037715,0.5001457642143066,2.4038794328679054e-09,0.00048803353100816856,5.9850574501979766e-05,0.9999998791205823
382,0.023994253337830552,0.023980045585280114,0.7067000476961368,0.7066995654575764,0.5089946354587485,9.99813055548737e-06,0.999424450978764,4.17684179233956e-06,0.03392295194077744
383,0.7071060782323341,0.7071060364913699,0.001026234599730307,0.0010007884141465693,0.5004372140250374,0.9999989726320088,0.001416354650905713,0.0002206227695216095,2.5945549806351e-08
384,0.7071066314629076,0.7071066275330086,0.0004661532935628891,0.0004601534284344161,0.5001886801462867,2.7648029450150675e-09,5.1812100637101305e-05,0.0006529590929201058,0.9999997854799398
385,0.706685120496777,0.706661252454504,0.02509729625732412,0.02441598796796378,0.5107482684980406,0.9993868044828069,0.005952331316815673,0.03450484748226694,1.6666032024556207e-05
386,0.7071065917780223,0.7071065905916516,0.0005191742006788177,0.000517555861402426,0.5002007357814696,0.9999997312970043,1.3871619136926413e-05,0.0007329484964886801,8.315607483354555e-10
387,0.5701624599139469,0.5560680029851744,0.43679328756133584,0.41822813069835074,0.6475502297834674,0.010040819355777079,0.5820705336323728,0.16400316839317894,0.7963642612433759
388,0.707106780760979,0.707106780760554,2.454477431847244e-05,2.4532528347081958e-05,0.5000093209288051,3.010264401150194e-13,3.470273374690171e-05,1.0565953233533193e-07,0.9999999993978549
389,0.0023615112279821095,0.001966967832343744,0.7071040454116665,0.7071028378282169,0.5008958905941739,0.0030606683756603747,0.9999952770863192,1.035943563123547e-05,0.0002792970239603433
390,2.6332149011005373e-05,2.2007709714583714e-05,0.707106780844066,0.7071067806962504,0.500009993151449,3.41812819864277e-05,1.2740226046805694e-09,0.9999999994111367,3.0596274582842636e-06
391,0.707106110459927,0.7071059920410491,0.0010564183103267404,0.0009739354373476481,0.5005422086093847,8.332084956860561e-08,0.0009349543987214518,0.0010910683547911053,0.9999989677145252
392,0.005238766801467514,0.005215011081905201,0.7070875502081879,0.7070873746026023,0.5019877201262906,0.007391937134796207,1.5171865150029368e-06,0.9999726791165426,1.6839826991088087e-05
393,0.7063820013153528,0.7063819403943313,0.03200865952736936,0.032007315065724976,0.5119966523976353,4.227365016380873e-08,1.1582330298130122e-05,0.04526612826722939,0.9989749633987541
394,6.62227672120875e-05,3.96107685914776e-05,0.7071067800770866,0.7071067780855614,0.5000251255485643,1.8753714017802493e-05,1.7027801348700073e-08,0.9999999970227644,7.485162721125307e-05
395,7.08370069264871e-05,6.98098105803257e-05,0.7071067777405259,0.7071067776383688,0.5000268676384305,7.238112286137405e-07,0.9999999950543538,8.716767969967294e-10,9.945233682960633e-05
396,0.0009303997080643757,0.0009284254462028858,0.7071061716787607,0.7071061690838126,0.5003518831290518,1.3877871024671845e-06,2.2316452072978524e-08,0.9999991361909161,0.0013143878803345162
397,0.00030737131325474037,0.000242881644682501,0.7071067394732627,0.7071067143811306,0.5001165777141672,0.00038906837015102833,0.999999923265667,2.168138024021034e-07,4.57648433149603e-05
398,0.7071067796695228,0.7071067795243786,4.848361277896165e-05,4.631841835307063e-05,0.5000224403482718,0.9999999977519709,1.9441560072670786e-05,6.417228629845674e-05,1.0108085729391867e-10
399,0.7071067217808923,0.7071067208323284,0.00029215364370915826,0.00028984871879595136,0.5001148634805596,6.845501416032594e-10,1.9933250533865823e-05,0.00041105802126141077,0.999999915316981
400,0.0003854280390301738,0.00038202190914652664,0.7071066779908552,0.7071066761424537,0.5001460931517104,0.000542668980615894,0.9999998527522351,1.5750830383136698e-08,2.42689429288578e-06
401,0.007349075910056566,0.007142915570472899,0.7070707027993375,0.7070685900839212,0.5027750025665578,0.0001451539710371991,1.8264877490263712e-05,0.999947483374406,0.010247394298228702
402,0.7071067809750025,0.7071067809382592,1.8738538734304637e-05,1.7296532531499737e-05,0.5000095823950214,2.6153986929934635e-11,1.586817559038883e-05,1.996256183316291e-05,0.9999999996748489
403,0.29408903330223096,0.2939823552950429,0.6430974846593087,0.6430487077129615,0.5928393781298935,7.543838296008429e-05,0.0004199275864214526,0.9094425979286775,0.41582926669789844
404,0.007661608218714642,0.00766145781135554,0.7070652742605137,0.7070652726301171,0.5028844455884696,0.010835043857265438,0.9999412991894062,1.4044895829610653e-08,1.0714495008621275e-07
405,0.00046000720262692426,7.76036337952548e-05,0.7071067769281179,0.7071066315580476,0.5001743553843839,0.00038433679627621227,1.252909960330698e-06,0.9999998911847292,0.0002644128920363256
406,0.7071067799302408,0.707106779927249,4.220090399265312e-05,4.215074308014992e-05,0.5000161405309393,0.9999999982211987,4.2861129524630115e-07,5.964409218324579e-05,2.095886851532557e-12
407,0.00015784280673898638,0.0001543904282938381,0.7071067643316632,0.7071067635694394,0.5000595161595004,2.4578048207546434e-06,0.9999999756246206,6.510127061360709e-09,0.00022078205358103467
408,0.7071065290944754,0.7071065268175122,0.0005997766869128401,0.0005970862275138147,0.500231947661933,0.9999996418779167,2.324243530017106e-05,0.000845992805201167,1.6062402819168546e-09
409,0.7070966804649752,0.7070965339587995,0.003806791753081817,0.003780466358248648,0.5014916953650154,1.0083625522123907e-07,0.005360233364682543,0.00022690882161257634,0.9999856081017622
410,0.7070932759280661,0.7070930805706105,0.004401750693471285,0.004370255978671199,0.5017300089546858,0.9999807625417109,0.0002716978244588001,0.006196831995364298,1.3757757338519575e-07
411,0.00024034675312218485,0.00014037606363702715,0.7071067672526937,0.7071067403394149,0.5000907906752871,7.12022989386366e-05,0.9999999612639671,2.2959112115375694e-07,0.0002690766314722559
412,0.707106761448813,0.7071067609521668,0.0001691618620524588,0.00016707295371565272,0.500068271212282,3.519569336705001e-10,0.00023706577795707087,1.8136271886375265e-05,0.9999999717354465
413,0.0008885589726459664,0.0004155971522098034,0.7071066590543534,0.7071062228993262,0.5003373860747413,0.0009207094455460883,3.697594163627838e-06,0.999999518864029,0.0003384555430967286
414,0.7071067413633058,0.7071067397511392,0.0002420713001539259,0.00023731533208748768,0.5001013055968896,1.1380109922165317e-09,4.114658848586368e-05,0.00033648779986499017,0.9999999425414577
415,0.7071066523441438,0.7071066569887271,0.00042789345130213286,0.00042686140370465305,0.5001646990529764,0.9999998173482515,0.0006043388935782936,8.82979889475031e-06,4.3871174223246077e-10
416,3.887437061274268e-05,1.1700011039686275e-05,0.7071067810897516,0.707106780117956,0.5000147269470298,1.915460954711221e-05,8.34418539783313e-09,0.9999999991759468,3.579396432309965e-05
417,0.7071066363275832,0.7071066357189915,0.00045356606148116356,0.00045261627622150956,0.5001734996731394,4.21525357674288e-10,0.0006407157395922464,8.185760008780936e-06,0.9999997947081489
418,0.7071067808487279,0.7071067808142543,2.2945615251505838e-05,2.1857447973637746e-05,0.5000106991582257,0.9999999994978745,3.0115847898299212e-05,9.863315697924581e-06,2.4431271085643505e-11
419,0.7071062724905838,0.7071062684413791,0.0008515461870345153,0.0008481771470096118,0.500330449222843,2.83443128121995e-09,0.0012015457230854173,2.869245018343604e-05,0.9999992777320491
420,0.7071067704175245,0.707106769855533,0.0001265878122529943,0.0001234086631854191,0.5000540825157731,4.0499788405574607e-10,2.7732151094884917e-05,0.00017459982862495037,0.9999999843729137
421,0.7071065891700313,0.7071065820919413,0.0005306244095044573,0.0005211068374101369,0.5002204115230073,4.972984064584141e-09,8.20950851225726e-05,0.0007391718318200894,0.9999997234426734
422,0.0019268888183120142,0.0019258639484780677,0.7071041585566087,0.7071041557645376,0.5007309973042778,7.221760983010792e-07,0.9999962890668789,2.395847726042382e-08,0.0027243076083007015
423,0.7071067805587014,0.7071067747113293,9.56939974585325e-05,9.131532766500356e-05,0.5000443024441568,4.0720971332227853e-10,0.00012619786550083863,3.96223290480613e-05,0.9999999912520849
424,0.0896570719014038,0.08964059836688786,0.7014018556608113,0.701399750112637,0.5326344663805731,1.1626917184645893e-05,0.9919305279414611,1.78961945651681e-05,0.12678259849964424
425,0.7070931164198955,0.707091416844073,0.004662153565221839,0.004395988126190338,0.5022491121226658,0.9999794695948089,0.002476315496635679,0.00591001260848394,1.1936580777607656e-06
426,0.7071061547011381,0.7071060485837902,0.0010178684663717367,0.0009412671068351426,0.5005178435952347,0.9999990389795413,0.0008148376698041879,0.001121641454793747,7.569110793780367e-08
427,4.602975200953813e-05,4.583744612769221e-05,0.7071067797008649,0.7071067796883728,0.5000175327004739,6.495992180388466e-05,0.9999999978900944,1.0723783099087464e-10,1.3452435414273043e-07
428,0.7071067807837904,0.7071067807305599,2.5394155444097492e-05,2.386595389042288e-05,0.5000123574506191,3.7536569427465444e-11,3.166997002976651e-05,1.4541660294906798e-05,0.999999999392776
429,0.0007366667066578761,0.0007136974660358613,0.7071064210116718,0.7071063974552638,0.5002810904980679,1.597148022726777e-05,2.0057368896792756e-07,0.9999994739788903,0.0010255665805582084
430,0.7071067073142606,0.70710670712287,0.000323638453143286,0.0003232200199575475,0.5001237118127517,0.9999998953934767,0.00045738379302644037,3.6187748040951384e-06,1.332590961931652e-10
431,0.000402311392016829,0.0003711989014714616,0.7071066837552665,0.7071066667381513,0.5001517888077093,0.0005469487533330804,0.9999998501784328,1.4686068937214225e-07,2.213914694670502e-05
432,0.7071064197129596,0.7071064096190834,0.0007300179348106075,0.0007149830202134274,0.5003044368684202,0.9999994779364112,0.00013031409362435244,0.0010134816926523748,1.0986449846198134e-08
433,0.60336213608213,0.6032778679490463,0.36885744406591503,0.3687195855150575,0.6075925576465538,0.8532233292287406,0.0011899337075980871,0.5215443709244757,6.061816677154285e-05
434,7.0751698545934446e-06,4.525120871758466e-06,0.7071067811720682,0.707106781151151,0.5000026869855055,8.201884066106525e-06,1.8054054385286363e-10,0.9999999999647327,1.8066112855747823e-06
435,6.024103291741558e-06,2.2134553814327723e-06,0.7071067811830823,0.707106781160886,0.5000022882809276,2.678993648518136e-06,0.9999999999794045,1.9021049634984212e-10,5.831997790325771e-06
436,0.7071067540793428,0.7071067558035303,0.00020820083037131586,0.00019579421567525554,0.5001009318537916,0.999999959158518,0.00026081610712899397,0.0001168670993961564,2.5143128094137995e-09
437,0.00013251161252933442,8.69794419876791e-05,0.7071067758369874,0.7071067687702299,0.5000502157534281,3.2374440205395924e-05,6.051128738597953e-08,0.9999999874376257,0.00015516651186708988
438,0.0014077321769151976,0.0011110343922580996,0.7071059083352129,0.7071053799046542,0.5005321624337788,0.00021066099563287862,0.9999983919344688,4.598767005043403e-06,0.0017809349363808022
439,0.7071066840454396,0.7071066743710367,0.00038866429631839326,0.0003706457411236616,0.5001804263740951,6.94034758997996e-09,0.0005119062372521688,0.00016245062298466772,0.9999998557808921
440,1.4608258193999797e-05,1.4513376480630972e-05,0.7071067810376026,0.7071067810356487,0.5000054949894873,2.0592104390178625e-05,1.683356385048725e-11,0.9999999997879787,6.738779623120985e-08
441,0.7071067754248194,0.7071067802601609,9.359855736264751e-05,9.026801724674273e-05,0.5000417831568414,3.0511331473011534e-10,2.9399744850279722e-05,0.00012666751707034253,0.9999999915454987
442,0.0030759745617772727,0.003030743281180749,0.707100286094664,0.707100090779578,0.5011687536019865,3.167215981506716e-05,0.9999906764429395,1.6840247030311871e-06,0.004318103891225383
443,0.7071067798247075,0.7071067798214798,4.393741004517626e-05,4.388543649254784e-05,0.5000167705782271,0.9999999980717852,6.209855132423773e-05,4.44365897002622e-07,2.3216197784890654e-12
444,0.0001085316253484407,9.643078488720972e-05,0.7071067746112351,0.7071067728574565,0.5000410703953051,8.549936891064845e-06,0.9999999894609952,1.5138188258726846e-08,0.00014493070259229555
445,8.141816242504845e-05,4.08331110129012e-05,0.7071067800075578,0.707106776499195,0.5000309759520296,2.8449028982508394e-05,0.9999999958518694,2.9908641912999775e-08,8.652694885188016e-05
446,0.0005028394269841838,0.0004997432196433033,0.7071066045913543,0.7071066023963503,0.5001900078141567,2.194010366086711e-06,0.9999997487045805,1.8948983745921484e-08,0.0007089329737201896
447,0.0003080593574427631,4.2702976388777635e-05,0.7071067798971095,0.7071067140817118,0.50011653038505,0.00018838152963657738,0.9999999516377853,5.677648926403546e-07,0.00024746012040789917
448,0.0008726247185561037,0.0008725024540028319,0.7071062428938577,0.7071062427429843,0.5003302689030558,0.001233991257737814,1.2889502501723731e-09,0.9999992386324942,8.661831179000393e-08
449,0.7071041915407128,0.7071039697468493,0.00199398301059276,0.0019137151184747368,0.5009054430136022,0.999996180855794,0.0007153075096999459,0.0026695709332733995,1.5796734290672958e-07
450,0.7071039204201608,0.7071035600616524,0.0021343261552579052,0.0020113991246819693,0.5010327486843692,0.9999956994534321,0.0027059599053542056,0.0011308649638240833,2.5555214588145804e-07
451,0.7071005064083687,0.7071002918874588,0.0030293914735259144,0.0029788986316706574,0.5012474268387016,0.9999909744344084,0.0004350206292710569,0.0042263230839288,1.543658890448212e-07
452,0.7071067801625239,0.7071067801566921,3.816326694610951e-05,3.805506074152359e-05,0.5000146899024573,4.142728058770747e-12,5.388655865148521e-05,9.281103065427388e-07,0.9999999985476885
453,0.009738053358603858,0.009718641244997136,0.7070399903911694,0.7070397232959277,0.5036694276827957,1.3660269786006054e-05,0.9999053546838875,2.2839304727700417e-06,0.013757960701272899
454,0.02770699018663589,0.027706631606133268,0.7065637569002841,0.7065637428482312,0.5104330923078076,2.522430357433413e-07,1.211801452445583e-07,0.9992320377533593,0.03918334757514501
455,0.707105257055009,0.7071050897676243,0.0015466171848141379,0.0014681434418941462,0.5007285421378208,0.9999977262624634,0.0007211395929373191,0.002006845178342714,1.1860701581423227e-07
456,0.00012970892269146634,0.0,0.7071067811991089,0.7071067692898947,0.5000491571697193,9.150807206114414e-05,0.9999999915966733,1.0226435871913436e-07,9.183087697946991e-05
457,5.499395316701953e-05,1.2971249256949689e-05,0.707106781067577,0.7071067790480222,0.5000208267905613,4.7897519782637225e-05,1.7256289564161535e-08,0.9999999984037093,2.9973584885597714e-05
458,0.7071060275865111,0.7071060202678775,0.0010373528440982918,0.0010323520830222614,0.5004027856412284,5.2123175638964954e-09,4.288114454913289e-05,0.0014628783113852547,0.9999989290735527
459,0.7071066296405988,0.7071066277215248,0.0004737962338451088,0.0004709234453215184,0.5001858579952078,0.9999997768740934,2.4736292645948597e-05,0.000667562640046185,1.3556794466679569e-09
460,0.7071067314807591,0.7071067255316702,0.0002805492521942406,0.0002651312907318573,0.500134821237239,4.079793593103321e-09,0.0003591537433522168,0.00014146049932040503,0.999999925498759
461,0.7070727949741213,0.7070727316362763,0.00693917691948153,0.006932720057061847,0.5026270141157422,0.9999518914508336,5.580946071155572e-05,0.009808754712681316,4.520950945538331e-08
462,0.7050540894256409,0.7050536834438936,0.05384524947608329,0.053839864265955086,0.5199056234367561,2.906591434638811e-07,0.07614485998423737,4.661865510004492e-05,0.9970967646746178
463,0.7071064521045765,0.7071064092365958,0.0007252699663219349,0.0006821965072626719,0.5003511063537248,3.076944026778167e-08,0.0009084368128602347,0.00040761643196803135,0.9999995042955738
464,0.7071066819437829,0.707106673129997,0.00039091562321343787,0.00037463375548171606,0.5001784161736452,6.320887976570596e-09,0.0005218548541495615,0.00014433636554667982,0.9999998534172487
465,0.6955172072872161,0.6952297311941428,0.12905665757215887,0.12749832036475497,0.5490772819743825,0.9834065878625162,0.18091846509981957,0.013414601949239699,0.00020097021510697
466,0.003228254380202377,0.0031924747099929345,0.7070995743919086,0.7070994119454838,0.5012194048157773,0.0045401412267561106,0.9999896931853255,1.4093069369214856e-06,2.5273669101010678e-05
467,0.7071065407652963,0.7071065438327084,0.0005857640655118878,0.0005831011375723002,0.5002271762140329,1.5583082031656126e-09,2.29038817642604e-05,0.0008261972459910858,0.9999996584367037
468,0.0008957721990997009,0.00033560453846177054,0.7071067015448204,0.7071062137983015,0.5003387184599171,0.000870681513459389,0.9999995424718552,4.224410216687842e-06,0.00039617160553997354
469,0.0014553116215699623,0.0014533636029656586,0.7071052875875542,0.7071052835809404,0.500553131455478,1.3819685227870184e-06,0.9999978848989427,3.448713570018017e-08,0.0020567439622292487
470,0.7070684876374551,0.7070631729882904,0.007852986930154694,0.0073589258778891655,0.5038445099096573,3.7414424704994813e-06,0.004703334032832699,0.009679971217779783,0.9999420867191204
471,0.707106781111631,0.707106781101562,1.096302098746115e-05,1.0293105033114655e-05,0.500005337148523,7.2559743942281885e-12,1.3629971002238446e-05,6.352930888368227e-06,0.9999999998869324
472,8.075650835850783e-05,6.751643059426917e-05,0.7071067779632254,0.7071067765750721,0.5000304718513207,9.417655303985852e-06,1.1814806912806743e-08,0.9999999944599618,0.0001048398293160754
473,0.707106763874065,0.7071067679403598,0.00016181321920736828,0.00015647219031838077,0.5000718547038774,8.400890695852698e-10,4.676508883748327e-05,0.0002201819491223241,0.999999974666467
474,0.7071065561059114,0.7071065522467834,0.0005755173725721333,0.000564191490954285,0.5002400933295986,0.9999996752338062,0.0007999684445640595,9.789163549205907e-05,6.405442416716444e-09
475,8.691631045447697e-06,7.81827301380835e-06,0.7071067811433251,0.7071067811331293,0.5000033081316723,6.110851838312695e-07,0.999999999931665,8.82252757781704e-11,1.1674605691274378e-05
476,0.7071067741716046,0.7071067741688197,9.962211015206374e-05,9.96023418599474e-05,0.5000378228893587,0.9999999900774037,1.692362416262421e-07,0.00014087286003425315,1.9607534482710104e-12
477,3.088376390971088e-05,2.294570240253447e-05,0.7071067808142509,0.7071067805121032,0.5000117156873847,5.57662311953736e-06,2.609485100870167e-09,0.9999999992598426,3.806853565031204e-05
478,0.00022968488455926358,0.00022899260472930403,0.7071067441075539,0.7071067438830234,0.5000871690078551,4.86543307834944e-07,1.9369375632147866e-09,0.9999999474036175,0.0003243339662419786
479,0.6995504957315393,0.6994879774797897,0.10352086437656917,0.10309754566330073,0.538379059129553,4.4002898197756206e-05,0.003637499669595606,0.1460562969516279,0.9892695915577081
480,0.7071067809751145,0.7071067809504862,1.8271312781807394e-05,1.7291940798222415e-05,0.5000086946292149,0.9999999996835739,9.052994524079786e-06,2.3471160548359105e-05,1.759318460756858e-11
481,0.7071067809232356,0.707106780916413,1.9545537539192618e-05,1.9297130459340743e-05,0.5000079512910695,4.749944096069779e-12,2.1304221894570347e-06,2.7383728434153622e-05,0.9999999996227966
482,0.7071058047992215,0.7071057810210077,0.0011924333272227612,0.0011750826543280724,0.5004860107241765,2.0638912373781894e-08,0.001667461425610418,0.0001492946029685135,0.9999985986407751
483,0.7071065314682965,0.7071065314485924,0.0005942917971279389,0.0005942683519482209,0.5002247569092975,1.394278318861386e-11,2.0126004988944151e-07,0.0008404389173254666,0.99999964683113
484,0.7071067769078089,0.707106776887594,7.797203491872265e-05,7.778849683370838e-05,0.5000298092407979,0.9999999939346559,0.00011012803590005784,1.5824594181010507e-06,1.4536494858192886e-11
485,0.014720442691847012,0.014504499184722693,0.7069580040592112,0.7069535406024688,0.5055542049603869,0.020665158270125612,0.9997864405034915,3.819828644194253e-05,0.0001521837273245742
486,0.005206126826440954,0.004888355492837719,0.7070898839472824,0.7070876156767794,0.5019695335577337,0.007137899046755631,1.9541118708136892e-05,0.9999744995959644,0.00022399365095898495
487,0.0031116503592707734,0.0019827910061609075,0.7071040012189331,0.7070999346853603,0.5011798900978832,0.0036027264162892293,3.486301010844323e-05,0.999993192455047,0.0007963607862233612
488,0.0016724560862024726,0.0005853890984571536,0.707106538874874,0.7071048033287851,0.5006356099164603,0.0015981126659807532,1.4777517933108576e-05,0.999998429994702,0.0007653924899684229
489,0.7071067508602222,0.7071067508501948,0.00020712817548226834,0.00020709394056451664,0.5000784598668532,7.01239105406266e-12,2.958898796502663e-07,0.00029289911871894055,0.9999999571050092
490,0.7071067264203897,0.7071067221063444,0.0002890536626378743,0.00027830026732039156,0.5001302693318092,0.9999999194984664,0.0003898394821870488,9.501703427862376e-05,3.0412192301487834e-09
491,0.7071066703561213,0.7071066685022428,0.0003991987714895246,0.00039590135056349326,0.500158124913395,0.9999998419512183,0.0005615022598320959,2.8508783562144526e-05,1.3170051822200287e-09
492,0.0028506713920728685,0.0027295524840122874,0.7071015128985014,0.7071010349819993,0.5010795439407986,0.003945813096111281,4.0882367751586215e-06,0.9999922115692956,8.569157934880671e-05
493,0.00351564246239333,0.003069489596802055,0.7071001189602628,0.7070980414753558,0.5013244774051279,0.004656294171305046,1.7900197372772587e-05,0.9999891090264359,0.00031691117666062804
494,0.000676888915553815,0.0005205086109530279,0.7071065896106367,0.707106457205275,0.5002559509045028,0.00011103788991918358,1.1419591261673627e-06,0.9999996354453721,0.0008466276661426592
495,0.7071066642756872,0.7071066665587156,0.00041177518298816235,0.00040661641782534377,0.5001669052592097,2.113168750541257e-09,4.4401093923386474e-05,0.0005769958885715355,0.9999998325521305
496,0.7071067228762364,0.7071067185918215,0.00030979490948648705,0.00028716411467002946,0.5001567763692893,0.9999999107819384,0.00035337944668419085,0.00023142835037898388,6.7061352804920205e-09
497,0.7071067811546652,0.7071067811523803,6.951127374329295e-06,6.71468839727868e-06,0.5000030923557293,0.9999999999532961,2.0648733646673614e-06,9.44147816999999e-06,1.6191378513669257e-12
498,0.0027211472206821927,0.002536755946861186,0.707102230847328,0.7071015452944545,0.5010344509041034,0.003717934856900213,5.883914837836093e-06,0.999993080072284,0.00012935737477397038
499,0.7071008373724231,0.7071007978585456,0.0029088946020419215,0.002899273566865088,0.5011207988564356,2.7798714219107486e-08,8.276460108188367e-05,0.004106166709002327,0.9999915662369225
500,0.000547618577134623,0.0004894854279397865,0.7071066117665785,0.707106569135013,0.5002074811555655,0.0007333424248098227,3.666833055211509e-07,0.9999997302588465,4.112150486539337e-05
501,0.00021729629703777704,0.00021309434748862047,0.7071067490773948,0.7071067477986064,0.5000822768527065,0.000304332110036809,1.0898389713212021e-08,0.9999999536865609,2.97463249400028e-06
502,0.7071067792379593,0.7071067791323792,5.389835414878263e-05,5.249494965654356e-05,0.5000232165884951,0.999999997169624,1.2118829091748372e-05,7.425554727315416e-05,7.387100773605889e-11
503,0.0001566436382815519,0.00015185572852831024,0.7071067648805497,0.7071067638361055,0.500059557500797,3.3736289146506956e-06,8.938237326364608e-09,0.9999999762013033,0.00021814217916050024
504,0.7071066987039175,0.707106693941542,0.00035125925361051646,0.0003415377697112876,0.5001523167497319,0.9999998799844382,0.0004826775603990678,8.39850229123147e-05,3.3308646614749225e-09
505,0.7071064430981411,0.7071064387342132,0.0006959171061391426,0.0006914687957447787,0.5002727998879308,3.1178467314903243e-09,3.8299731233471655e-05,0.0009802871235986207,0.9999995187850276
506,0.7071053763444498,0.707105132100381,0.001527140236369316,0.0014095193410680127,0.500781073598636,0.9999978405466152,0.0012691830782916576,0.0016456234041119643,1.7329509894204673e-07
507,0.03753679165659234,0.03745065106765997,0.7061143312060777,0.7061097572418381,0.513949135786176,0.05302412891392794,3.948672780302784e-05,0.9985932287210507,6.120605520536937e-05
508,0.7071056333376154,0.7071056262794638,0.0012779999709339406,0.0012770093095076994,0.500486213594912,1.2843869630339883e-09,8.455059440386564e-06,0.0018066447393570064,0.9999983679803157
509,0.0022417795506363613,0.0013594912283157005,0.7071054742989871,0.7071032275591266,0.5008485028485369,0.00254625077525575,0.9999965629141804,1.9182167617412887e-05,0.0006248190544139293
510,0.0022394302952633916,0.0021331301397654718,0.7071035636707005,0.7071032350031714,0.5008491838648561,0.0030918713883620027,2.8387386023575014e-06,0.9999952173384113,7.499038836922473e-05
511,0.7071067211159356,0.7071067206562857,0.0003050463800581727,0.0003039790301993716,0.5001181366168757,0.999999907271724,9.16647993096583e-06,0.000430549091780741,3.1565806983198944e-10
512,0.7071067804375926,0.7071067804027515,9.25150470446355e-05,9.224836749382838e-05,0.5000355622590068,0.999999991465601,2.2762947698802054e-06,0.00013062776778720577,2.4656176176991572e-11
513,0.7071067517498434,0.707106750919518,0.0002068913787879341,0.00020403378433366058,0.5000838872762823,5.926119423188207e-10,0.0002895178871685019,2.4763294929669228e-05,0.9999999577830853
514,0.7071066592445394,0.707106647672343,0.0004345314467611187,0.00041527343291269063,0.5002009246729702,0.99999981936518,0.0005761309058433325,0.00017129734860628492,8.185598989789176e-09
515,0.0003119353019373071,0.00019665230708713845,0.707106753841222,0.7071067123824871,0.5001179300272414,8.207670524791132e-05,3.547267986162877e-07,0.999999932012055,0.0003594985053212201
516,0.0011328802965983537,0.0009339900033654573,0.7071061643506483,0.7071058736725586,0.5004296186753018,0.0014614890758688224,2.4748504204370545e-06,0.9999989221188161,0.000140729386881823
517,0.7071062942396193,0.7071062673318514,0.0008568258811096148,0.0008343244496579827,0.5003676698770498,1.930692588850658e-08,0.0001947920641484745,0.0011799592914932026,0.9999992848758045
518,0.0009882814455348878,0.0006334217167272081,0.7071064974789358,0.7071060905548643,0.5003735275123942,0.001146401407828159,0.9999993110319744,3.5056221621708695e-06,0.00025236303005746793
519,0.7071049965988916,0.7071049770896763,0.0015973024157210562,0.001588642464628319,0.5006248084963849,0.9999974624168355,0.0022515956838361027,7.40051634637571e-05,1.3591686171599167e-08
520,0.0008859062290267238,0.000885793310149031,0.7071062263692861,0.7071062262278234,0.5003358979543964,8.002835715757163e-08,0.9999992152698752,1.2203432669461609e-09,0.001252780758364603
521,0.7071067206641984,0.7071067203730778,0.00029326308532736246,0.000292560302487255,0.5001124938794508,2.0603654327649447e-10,0.0004141958939148111,6.043945008734147e-06,0.9999999142026199
522,0.7071065973795355,0.7071065963019099,0.000511337781153191,0.0005098454020406862,0.500196799714508,0.9999997392956346,0.0007219736410139238,1.2756257201692076e-05,7.67678676507829e-10
523,0.7071067795457661,0.7071067795293957,4.8410380538896935e-05,4.817067218035888e-05,0.5000188739508706,1.1556318746879415e-11,2.0683390408058107e-06,6.82619995007522e-05,0.9999999976680092
524,0.7071064270884457,0.7071063783588533,0.0007547742861301746,0.0007076511918845098,0.5003680286786356,3.488153256903881e-08,0.0004569201170120705,0.0009282663621227252,0.999999464772637
525,0.0004228583502665907,0.00040982970202042,0.7071066624206129,0.7071066547493496,0.500159919638892,0.0005887979468604975,0.9999998266152003,6.582783762018472e-08,9.3028941350713e-06
526,0.707106725772571,0.7071067216202946,0.00030280352868708053,0.0002799414081360348,0.5001543459678094,6.616239009415809e-09,0.0002447528976671152,0.0003318933383755756,0.99999991497141
527,0.0010027024918064407,0.0009880432511254604,0.7071060908877342,0.7071060702523432,0.5003776692727365,1.0434549965126051e-05,1.762695868152923e-07,0.999999009178616,0.0014076693053897426
528,0.7071029819667393,0.7071026288886905,0.0024232661210645792,0.00231795033071391,0.5011108393116677,0.9999943774279382,0.0009427600209280122,0.0032181230511116126,2.5049420701974654e-07
529,0.707103834442598,0.7071033608913438,0.002201014927593877,0.002041400640735128,0.50111050170701,0.9999954940981489,0.0016398600395919067,0.0025144864958942417,3.3743261377752704e-07
530,0.004659861265386892,0.004400311813104961,0.7070930895263697,0.7070914266863729,0.5017702036808471,0.006406505287775331,1.4173995927558652e-05,0.9999794611632857,0.0001836863612796961
531,0.007746649537290778,0.007659278580314357,0.7070652978696854,0.7070643460257802,0.5029103380839435,0.01089363421748438,0.9999406606422498,8.170218761295957e-06,6.213662465306541e-05
532,3.7200631379227725e-05,3.690623763451306e-05,0.7071067802234178,0.7071067802079911,0.5000141502814387,2.0689876104131325e-07,1.3095020374947758e-10,0.9999999986270208,5.240147440985719e-05
533,0.7071062882599186,0.7071062735447035,0.0008516832148457691,0.0008393770645212283,0.500347480486777,1.0426023736054088e-08,0.0011910807069201873,0.00010604199402503914,0.9999992850406673
534,1.6778667309804373e-05,4.797602206506055e-06,0.707106781170298,0.7071067809875061,0.5000063722341542,1.53238021006787e-05,0.9999999998477664,1.5674820684925214e-09,8.349954934545554e-06
535,0.70613443317753,0.7061284600783514,0.03718330092093821,0.03706969491443642,0.5141715078692747,4.198324183946041e-06,0.0009813516639865904,0.05249568646410893,0.9986206686394739
536,0.7070931590076015,0.707092817915263,0.004444581316099175,0.004389981216017383,0.5017869831482737,0.9999804866904995,0.006229433796672868,0.00046946003586376557,2.412313189799522e-07
537,0.007264030915682028,0.007253103272452932,0.7070695810830225,0.7070694689036598,0.5027349735257581,7.752953041124686e-06,9.657834305339829e-07,0.9999473117858222,0.010265163967074584
538,0.7071067829743711,0.7071067771478112,7.557535605305966e-05,7.015849934573974e-05,0.5000381660313532,3.870121244401151e-10,8.668703125738221e-05,5.584987094680299e-05,0.9999999946830743
539,0.0002644035076386341,0.00020645494989432876,0.7071067510470711,0.7071067317532596,0.5001003659150011,4.107992935359704e-05,1.6682334887319039e-07,0.9999999437335451,0.00033293437880727576
540,0.00020854884866341512,0.00020828695053464813,0.7071067505098112,0.7071067504326174,0.5000786082101225,1.855170906406098e-07,6.730659755599425e-10,0.9999999565619594,0.00029474742004853593
541,0.7052184330554457,0.7052138640880308,0.0517050609580123,0.0516426343134201,0.5192957748302051,3.264647421454987e-06,0.0730759303971271,0.0005323571128844604,0.9973262379892833
542,0.7043028195641576,0.7042989041122005,0.06295284812726636,0.06290902777026752,0.5233180117777486,2.802636796685715e-06,0.08899700295420213,0.00037460312958808396,0.9960318233519369
543,0.7071067808976217,0.7071067808820038,2.075301332434454e-05,2.0213870868531715e-05,0.500008943696562,0.9999999995803538,2.8593818013658447e-05,4.656362199386908e-06,1.1074134514004424e-11
544,0.6766454952138646,0.6766340977995687,0.20534433933022472,0.20530679710230137,0.5694876036645121,8.13805254000393e-06,0.2903740237026735,0.0003240217450274581,0.956913173335181
545,5.747429577336569e-06,4.613531953381801e-06,0.7071067811714953,0.7071067811631879,0.5000021786984591,8.034794919227926e-07,7.139875553113451e-11,0.9999999999728388,7.326120676490501e-06
546,0.00019225578447998014,9.372506487139398e-05,0.7071067749750484,0.7071067550502645,0.5000727422219104,6.97052352577593e-05,0.9999999771266493,1.7214885924562881e-07,0.00020220745443435073
547,2.2592728688416407e-06,1.084933440329788e-06,0.7071067811857134,0.7071067811829364,0.5000008605019236,2.3651346046113377e-06,0.9999999999968568,2.360124330169481e-11,8.291759571404253e-07
548,0.00025630523351739983,0.00022735031584261508,0.7071067446374915,0.7071067347350213,0.5000970837731935,0.00034199585230590917,0.999999941309722,8.502108915645683e-08,2.047866811344202e-05
549,0.7071066672601886,0.7071066614443492,0.00041151066356660484,0.000410568834803274,0.5001580975218121,0.9999998310460886,8.06159024366794e-06,0.0005812424667068718,3.8180852170935134e-10
550,9.837648735618768e-05,4.886631509637314e-05,0.7071067794980351,0.707106774343215,0.500037241613705,3.478933523882742e-05,4.438258476248703e-08,0.9999999939670738,0.00010418998113677086
551,0.707074128001931,0.7070737179545057,0.006837936676596218,0.006795951776334947,0.5026601152697951,2.8769077923189875e-07,0.0003632787386618619,0.00963381373587045,0.9999535277508551
552,0.00036701618725438215,0.00025531222233956977,0.7071067350942626,0.7071066859386332,0.5001391100830053,0.0004400300319115091,4.1610576245955843e-07,0.9999999000573009,7.911247435562868e-05
553,0.7071065737785582,0.7071065655338881,0.0005522489192327719,0.0005415894643405576,0.500230056606144,0.9999997008509466,0.0007678712124017404,9.312259577104902e-05,5.738292520034855e-09
554,0.7071067811817388,0.7071067811813871,2.701460270611146e-06,2.6078355314476587e-06,0.5000011994412564,2.510486275299533e-13,3.661935169452407e-06,8.300147995661979e-07,0.999999999992951
555,0.0043720251466918495,0.0026048021345806416,0.7071019834548876,0.7070932649913398,0.5016584744160664,0.0012401937764091786,0.9999870473046775,7.499881679730551e-05,0.0049357387937954845
556,0.0009300858657680255,0.0003315223484359027,0.7071067034705091,0.707106169496689,0.500352330551554,0.0008913870481117261,0.9999995125060263,4.573967211069083e-06,0.0004247304035180169
557,0.009670991300663592,0.005344326835981763,0.707086584634909,0.7070406437590788,0.5036868920838212,0.010620981883425267,0.00039347763236314675,0.9999388757685472,0.003047071692503807
558,0.6888781058383739,0.6888767341504219,0.15952694175671278,0.1595210183534907,0.5557234354402322,0.9742197901686372,5.062280918210677e-05,0.22560097047689215,9.96899227546357e-07
559,0.7071054934895749,0.7071054915924057,0.0013532222339448566,0.0013494728043948218,0.5005223282420481,5.087045701061282e-09,3.2150317658799454e-05,0.0019108253769819924,0.9999981738546857
560,0.7071058323683547,0.70710582268431,0.0011642705634998746,0.0011615856519496108,0.5004470729896371,3.1195073412841345e-09,0.001644469284409957,2.2977042449434464e-05,0.9999986475954997
561,0.7071067649021658,0.7071067648037968,0.0001522127042275246,0.0001517550407683138,0.5000584318813553,7.02883169568527e-11,0.00021490140505202776,3.960534498370366e-06,0.9999999769008494
562,0.005762989316023894,0.000324500267057647,0.7071067067279003,0.7070832963337088,0.5021926456242655,0.003983051074072535,0.9999833212290605,0.00019979343875915567,0.004177636942250448
563,0.7071061154386876,0.7071061044971841,0.0009820556959273103,0.0009703139741702783,0.5003966872051179,0.999999047028246,0.00010077787522585386,0.0013768756001318189,1.1271671975676787e-08
564,0.0010531499979587614,0.00010502967109156528,0.7071067733862888,0.7071059969163618,0.5003997350670222,0.00082099648993937,6.5823405108452206e-06,0.999999439900105,0.0006679228348591834
565,0.0004220125534602079,1.703578260147567e-05,0.7071067809813306,0.7071066552546384,0.5001598828663087,0.0003088619450462085,1.073333978055301e-06,0.999999910807011,0.0002880783089181178
566,0.7071067660505003,0.7071067648694788,0.00015190727594533197,0.00014630654058255595,0.5000680821487371,8.387938240896082e-10,0.00020499031325554908,4.960237669465245e-05,0.9999999777592886
567,0.7071067712892495,0.7071067642829959,0.00015461318529109955,0.00014644957821731994,0.5000735596857235,1.2261696254490974e-09,7.483130260362972e-05,0.0001993815241604267,0.9999999773236473
568,0.7071067290100053,0.7071067288509335,0.000272054651308605,0.00027164088797623445,0.5001040845089636,0.9999999260987458,0.0003844343645487759,3.5671659819468376e-06,1.1223418268251184e-10
569,0.7070176461873428,0.707016581500438,0.011293957827522858,0.011227109141925776,0.5044049717177701,7.450026640779541e-07,0.015914592981873393,0.000572008143197643,0.9998731912279184
570,0.0012495234427088912,0.0011152361394213119,0.7071059017207768,0.7071056771736396,0.5004732171113443,0.0016721327156998124,1.9304562495185315e-06,0.9999985974669254,9.504018056704069e-05
571,0.0015135731837479852,0.0013827663764946977,0.7071054291667855,0.7071051612710894,0.5005723677210997,0.0020480152495812895,0.9999978985218121,2.3059288665699834e-06,9.262921789466768e-05
572,3.117325195962567e-05,2.5406228334198663e-05,0.707106780730126,0.7071067804994005,0.5000118745797311,4.0007820019297594e-05,1.947443763869844e-09,0.9999999991913752,4.077059382843921e-06
573,0.7071058772340397,0.7071058713294774,0.0011343418271245636,0.001133945170871016,0.5004306604435427,0.9999987137176576,0.0016039175185613439,3.409539267016225e-06,4.426423531013616e-10
574,0.00012127215010023737,5.2323398294973365e-05,0.7071067792506736,0.7071067707871735,0.5000460133635886,0.00012282695938662514,7.252805817487224e-08,0.9999999912776601,4.8561409029241275e-05
575,7.845848299286376e-05,4.934140700462798e-05,0.7071067794650434,0.7071067768337865,0.5000297658636329,2.0668174478774896e-05,2.249292030311197e-08,0.9999999957048459,9.035006675400281e-05
576,0.7071067818662666,0.7071067816718961,8.224470815251317e-05,8.055625707058318e-05,0.5000345559490239,0.9999999933732469,0.00011419003809577038,1.4633447030705573e-05,1.3688702344657718e-10
577,0.0006271054059967617,0.0005976820575768269,0.7071065285911023,0.707106503108844,0.500235997099553,2.0971154425129896e-05,2.1720442828223316e-07,0.9999996247573948,0.0008660515206435167
578,0.7070642297159477,0.7070642220243429,0.007758439485013922,0.007757258291001443,0.5029253055387546,9.27341761130745e-09,1.0132525440831899e-05,0.01097125046509567,0.9999398139691029
579,8.482647385536345e-05,2.112262844253441e-05,0.7071067808710607,0.7071067760985388,0.5000321080747118,4.543314172367258e-05,4.110730820933777e-08,0.999999996179151,7.468283425374741e-05
580,0.7071038024450549,0.707103546055735,0.0021389612909514413,0.0020524540784001557,0.5009722801550954,0.9999956061287559,0.0028643651458441824,0.0007636330659440603,1.8060474726000272e-07
581,0.13887461880412397,0.13871634722441284,0.693366984368834,0.693335301461006,0.5491325263349807,0.00011234112675767186,0.9805465528619024,0.0002700655401434525,0.1962864542314264
582,0.7071025290955741,0.7071017876316656,0.0026588303137666477,0.0024522126028098464,0.5013617180302125,5.294087609659057e-07,0.0028081879596367353,0.0022796503394457595,0.9999934586158284
583,0.7065542664059327,0.7065146534165341,0.028931850131951865,0.027947604970298745,0.5127133785615872,2.8102895400058097e-05,0.03928304715233039,0.008658104992512954,0.9991906117626391
584,0.00050972512362944,9.088374639764928e-05,0.707106775345951,0.707106597466254,0.5001928799377049,0.00042466071784771095,1.5401125993667601e-06,0.9999998659590313,0.00029621416531858683
585,0.0006669598558115688,0.0006483839539876188,0.7071064839175593,0.7071064666403138,0.5002524165871839,0.0009300869565130346,0.9999995673812975,1.4573361788244087e-07,1.3245667420493354e-05
586,0.0038686956928812464,0.0038281080667197445,0.7070964188771236,0.7070961979770759,0.5014581257292985,2.8788412366043912e-05,1.8997983285632012e-06,0.9999851892797612,0.005442461643327487
587,0.004742061349826606,0.00432927405573372,0.7070935280329882,0.7070908801944361,0.5017949986767439,0.00029173117544361665,2.2792760878245502e-05,0.9999793846478893,0.006414409763683852
588,0.0009122520132735603,0.0007528974870777231,0.70710638035968,0.7071061927294032,0.5003462701708471,0.001177439969248872,1.594341672823581e-06,0.9999993004693047,0.00011266528884184441
589,0.7071067458986462,0.7071067385216505,0.0002456364669461061,0.00023948947233618786,0.5001049625757455,1.5047504640168978e-09,0.00033886608814491157,5.3500051953210694e-05,0.9999999411537576
590,0.7071064614016096,0.7071064278431661,0.0007068966532438576,0.0006724909627627517,0.5003315346191683,0.999999524026401,0.0009242183736820082,0.00031267774323338654,2.369070475326597e-08
591,0.707106626823757,0.7071066250251462,0.000469942069013877,0.00046722791960734293,0.5001847524159827,1.2613355743506408e-09,2.3116440609601935e-05,0.0006622787232451245,0.9999997804262384
592,0.7070964169190646,0.7070963675041911,0.003838556089005189,0.003828469696898409,0.5014718815899809,3.81640881542675e-08,8.712619649356554e-05,0.005420710478746563,0.9999853040454795
593,0.00028518144435943284,0.0002851123531419928,0.7071067237065043,0.7071067236786436,0.5001076797115854,4.9238673135370046e-08,0.999999918691243,2.3642295338285505e-10,0.00040325860961599547
594,0.6878692871933961,0.6870072603816632,0.1673948152807812,0.16381649409035162,0.5649197671781507,0.0006184663316791003,0.23214103593403781,0.031103172738691204,0.9721845244502024
595,2.893037655231714e-05,1.6800070155974097e-05,0.7071067809869738,0.7071067805947244,0.500010949112437,3.232695598867129e-05,0.9999999994403981,3.38620600297357e-09,8.612604786649792e-06
596,0.707104941487143,0.7071049342912783,0.0016184410666081174,0.0016152940980597098,0.5006200221503033,5.165666928031033e-09,0.002286437775686588,2.6996429829181457e-05,0.9999973857333263
597,0.7071067790703589,0.7071067790149561,5.541745260221816e-05,5.4705965566519425e-05,0.5000223504676988,3.969054419759072e-11,7.762763117221997e-05,6.147161952811414e-06,0.9999999969680818
598,0.7070067138790209,0.7070047539915553,0.012011570810906591,0.011895964841886849,0.5047524980964204,0.9998570938815428,0.016875681166799116,0.001001597734309058,1.3789319207858058e-06
599,0.7071067207733581,0.7071067237080234,0.0002978883612765712,0.00029229632035997764,0.5001240893418101,0.9999999129126799,4.839057124410784e-05,0.00041452740234475775,1.6509452857525736e-09
600,1.4813444183250143e-05,6.209257847312257e-06,0.7071067811592842,0.7071067810313804,0.5000056164393208,6.069313594614208e-06,0.9999999998710024,1.0963863039846035e-09,1.4871329600103269e-05
601,0.0007483578350868279,0.0005769272364698429,0.707106545829523,0.7071063851787411,0.5002841652325292,0.0009371789728335437,1.3680606043157005e-06,0.9999995535567175,0.0001207479125916395
602,0.00012207613702792925,0.00012203989179993552,0.7071067706550868,0.7071067706488301,0.5000462025976967,2.5855139238809746e-08,0.9999999851018415,5.4155826703589655e-11,0.00017261609870381224
603,0.003049930033318737,0.0030417684429492457,0.7071002387531349,0.7071002035969108,0.5011571059653517,5.7828498667109336e-06,3.023148717409617e-07,0.9999907227426873,0.0043074812857758224
604,0.7071042625763839,0.7071041300328157,0.0019363084826219215,0.0018892582849717038,0.5008203070545708,0.9999963406996023,0.0026736779976467054,0.00041235103020089363,9.063920355289418e-08
605,0.00040284496908871083,0.00014740015280448055,0.7071067658233761,0.7071066664343724,0.5001522102668713,0.00038838931912635186,0.9999999079941865,8.629549523063293e-07,0.00018211153438329347
606,0.00011787148581222523,0.00011042355950154534,0.707106772564538,0.7071067713622268,0.5000445675174062,5.268031360749931e-06,0.999999986956475,1.0250206162227936e-08,0.00016142892338517228
607,0.0007038947952978087,0.00046558159824460475,0.7071066279096647,0.7071064308377597,0.50026619274418,0.00016849524732219517,0.9999996438814355,1.7015337516883691e-06,0.0008269482787415577
608,0.000265948689439808,0.0001825374275607145,0.7071067576258138,0.7071067311738012,0.500100770963088,5.8975468059682914e-05,0.9999999479756683,2.2522282176763045e-07,0.00031712854182866594
609,0.7071065489980649,0.7071065474279157,0.0005749648440943461,0.0005730305806709041,0.5002211558628797,0.999999670525636,1.6689698439194188e-05,0.0008115849137918215,1.112551108761029e-09
610,0.00033522481343526165,0.0002263202614308495,0.7071067449679508,0.707106701724963,0.5001272597279288,7.655000712300129e-05,3.7269656340956666e-07,0.9999999182016907,0.00039716071392611655
611,0.0038824698587715564,0.003881410996543018,0.7070961282942219,0.707096122481254,0.5014653084543922,0.005489892780574748,0.9999849304248045,5.014656211647669e-08,7.484373595822572e-07
612,0.00018551989256533193,0.0001650164723170003,0.707106761931722,0.7071067568496079,0.5000704014041104,0.00024787008188139855,0.9999999691759666,4.307714651763505e-08,1.4439154459609081e-05
613,0.7059245977469977,0.7057909275449665,0.04311805416775176,0.04087128938187476,0.5201065378690595,0.9982336210583387,0.05569416057953509,0.020683069605140436,9.432816219119847e-05
614,0.00015440803147597304,0.00013466792319440383,0.7071067683628482,0.7071067643278206,0.5000584424868972,1.3915905587056659e-05,3.5079038404385095e-08,0.9999999790113548,0.0002044104627788682
615,0.7071066106192688,0.7071065807182619,0.0005324518083673006,0.0004911400308512828,0.5002726300570752,2.111825958156183e-08,0.0004646247793278992,0.0005557402923782915,0.9999997376382367
616,0.016071577337072478,0.015204945335253593,0.7069432860144376,0.706924115023598,0.5060327314469749,0.02211575643891378,0.0001648402834750752,0.9997552134750134,0.0006158525343119865
617,0.00028223284220786523,0.0001570516310312333,0.7071067637456079,0.7071067248616891,0.5001068568146486,8.836672946078544e-05,3.346351936233675e-07,0.9999999478396485,0.000310663665649372
618,0.7071066932015388,0.7071066890378861,0.00036099567676144405,0.00035274577992756915,0.5001529790560558,2.9961884912219462e-09,0.000499671662777833,7.124390018800032e-05,0.9999998726262606
619,0.00020093588355898418,0.00018933144663241586,0.7071067558393177,0.7071067526369493,0.5000763895174692,8.225930057595556e-06,2.7526780847147467e-08,0.9999999618891873,0.0002759600696844392
620,6.122058162810786e-05,5.764069337590439e-05,0.7071067788372211,0.7071067785363401,0.5000232007673312,2.5238552933203187e-06,2.593786854796794e-09,0.9999999964647959,8.404783936662042e-05
621,0.7055892323188263,0.705586396178666,0.046344768070813974,0.046301568393136774,0.5173403288946058,2.010268681071145e-06,0.06550980949653157,0.00037097564610785966,0.9978518563557556
622,0.7071015758275396,0.7071015802205126,0.002713429597610869,0.0027132014690683885,0.5010272917999552,0.9999926378917049,0.003837207124937459,1.968063705570068e-06,6.170884966154933e-10
623,0.0031621776806718322,0.0018569230138982754,0.7071043429628849,0.7070997105306285,0.501200351675783,0.003548287436791453,0.9999932754167213,3.9884955721387914e-05,0.0009258438267254098
624,0.7071067725355427,0.7071067724627788,0.00011107327156392379,0.00011060907730592498,0.5000429500680794,5.190281900885008e-11,0.00015670222263122847,4.006627111944642e-06,0.9999999877141799
625,0.7071052573486207,0.7071052621363172,0.001468233528484217,0.0014680020232675718,0.5005575639623245,0.9999978446278596,1.9872993536195374e-06,0.0020762311251698784,3.3757847976326307e-10
626,0.7070775389286327,0.7070767431041405,0.006517619291942299,0.006430703120291098,0.502639352116078,5.574205162232151e-07,0.009125220554753379,0.000750768728122429,0.9999580824693706
627,1.930967931915048e-05,1.5214428875356126e-05,0.7071067810228665,0.7071067809228923,0.5000072922081791,2.4410661759723427e-05,0.9999999996978278,8.568742933380089e-10,2.908977553147156e-06
628,0.707095426041451,0.7070945758276562,0.004155512670203581,0.004008231743922912,0.5018503314114401,0.9999833327572737,0.001303043918795314,0.0056246141032878305,6.143496189212227e-07
629,0.7070685196727767,0.707068487671363,0.007358922620275692,0.00735584718083498,0.5028047007205213,0.999945867419892,0.010404879996252489,2.6497973281729273e-05,2.214270833837191e-08
630,0.7071060004372227,0.70710587764909,0.0011303955532777005,0.00105432264683812,0.5005628078348137,0.9999988053041047,0.0007450713168426386,0.0013543482134680562,8.269363502493178e-08
631,0.7071057718322041,0.7071057716991056,0.0011948346383166266,0.0011947558677720778,0.5004541402649958,0.9999985724632837,6.721515912349956e-07,0.0016896955183432528,9.426188501165393e-11
632,0.006878373607811157,0.00657407068189073,0.707076220498673,0.707073325742479,0.502594652216814,0.00021557452976483116,0.9999547334490324,2.498185452526741e-05,0.009512305527118283
633,0.005432762716320938,0.005041675937968449,0.7070888073670554,0.7070859106850428,0.5020536424854389,0.0002763888851704233,2.4884969877938172e-05,0.9999725326096711,0.0074065522464565915
634,2.7365546572941468e-05,2.6919330612774998e-05,0.7071067806741437,0.7071067806570155,0.5000103626643532,3.1529834938278903e-07,0.9999999992632402,1.4662830507321684e-10,3.8385206454897394e-05
635,0.0003360688469636385,0.00031720484508699883,0.7071067100382276,0.7071067013242992,0.5001271376930578,0.00046193149475896964,0.9999998932194005,7.467782025303891e-08,1.3434138113291476e-05
636,0.7070958370952709,0.707095794648546,0.003941724285050614,0.003934102507072699,0.5015059399927891,0.999984492703322,0.005568671472944898,6.519894112009204e-05,3.014013237779662e-08
637,0.7071067811581007,0.7071067811580246,6.35110541987083e-06,6.3426241145159795e-06,0.5000024255880148,5.424825948181974e-14,8.975530410149107e-06,7.262622694922785e-08,0.9999999999597164
638,0.00019817792749873025,0.0001784950965009548,0.707106758657774,0.7071067534152901,0.5000752850934752,0.00026634791374518174,0.9999999644325062,4.482833077825695e-08,1.3920462139110409e-05
639,6.430102490830829e-05,4.660452522091479e-05,0.7071067796507254,0.7071067782629293,0.5000244496463874,1.2480151814088907e-05,0.9999999968466996,1.198279146945393e-08,7.842735100730524e-05
640,0.7071067790514116,0.7071067788537723,5.743728082696163e-05,5.4950314625202384e-05,0.5000264380903322,0.99999999684071,2.2200437186472128e-05,7.632639710436682e-05,1.3794116790601612e-10
641,0.0037745925678590647,0.0037720852889936395,0.7070967199560273,0.7070967065762269,0.5014293760488564,0.005336307085518581,1.1522375362172513e-07,0.9999857618103902,1.7803997623263064e-06
642,0.001795379453352515,0.0016301266587981068,0.7071049021800552,0.7071045019038273,0.5006809667027976,0.00011591148446891844,0.9999970596395903,3.449543630208981e-06,0.002422243749245821
643,0.7071067308575341,0.7071067251442588,0.0002815239915706308,0.0002667882435573848,0.5001335458580382,4.0413225038389426e-09,0.0003637441359066398,0.00013461771177607768,0.9999999247841311
644,6.944763386284781e-07,1.2397279117183248e-08,0.7071067811865477,0.7071067811862068,0.5000002682546385,5.077712894117834e-07,0.9999999999997594,2.9451072694388544e-12,4.7394028642163463e-07
645,0.000393676544146271,0.00039307648175901665,0.7071066719320929,0.7071066715982691,0.5001493025469884,4.216008739278211e-07,0.9999998452548197,2.8495113149329853e-09,0.0005563183992205603
646,0.7071064150203582,0.7071064147767702,0.0007198482771340908,0.0007196089610483752,0.5002734453783809,1.7048470221907918e-10,2.0659337232400686e-06,0.00101784789179518,0.9999994819905664
647,0.00012090951020690128,9.699726962267955e-05,0.7071067745337563,0.7071067708492778,0.500046116280007,0.00015410588530408192,0.9999999879862124,3.196999905171396e-08,1.6701978546648877e-05
648,0.005323898970932841,0.004798583015781165,0.7070904988762384,0.707086738738434,0.502014922443623,0.0003730673265779999,3.231160264605968e-05,0.9999743139984961,0.007157591772508627
649,0.7071017568895245,0.707101119755635,0.002829565395475054,0.0026669934899808487,0.5013650941621928,4.435058255025436e-07,0.003583396693352864,0.0015094908879943248,0.9999924403240263
650,0.005741534216117928,0.003962664196368586,0.7070956776083909,0.7070834708751491,0.5021757903219147,0.0068612719252003265,0.999975660150497,0.00010575393815220539,0.0012612970532322
651,0.0012442540244528271,0.001227758960631704,0.7071057152985939,0.7071056864655553,0.5004704272101218,0.001747976766009542,2.456648514839277e-07,0.9999984722187332,1.1720421038633445e-05
652,0.7053397857679061,0.7053387038768367,0.04997312090860874,0.04995784836126067,0.5186299586914637,0.9975003261017965,0.00013131057448766066,0.07066174483952525,7.626279924052197e-07
653,0.002502046958306185,0.0024876397236525583,0.7071024053477725,0.7071023545152559,0.5009468517988525,0.0035282413070201754,4.402084732182697e-07,0.9999937756853444,1.0181144335426907e-05
654,0.7071067811609542,0.7071067811595694,6.1767163927184015e-06,6.0161011268787475e-06,0.5000026621997996,9.753515064601297e-13,8.508493407608452e-06,1.3967240592155263e-06,0.9999999999628265
655,0.7071067792652317,0.7071067789432339,5.632516958835324e-05,5.212629770849583e-05,0.5000286595619092,0.9999999970551625,6.318828811329322e-05,4.3553597868177784e-05,2.2670832332968041e-10
656,0.707084981745987,0.7070833657262027,0.0057551163007243,0.005552349887504149,0.5025576277157849,0.9999680245116694,0.007795895268383185,0.001781563883931917,1.146098723307444e-06
657,0.7071067587596899,0.7071067578306827,0.00018174207213506223,0.00017809089283900252,0.5000761398184346,6.626893585774109e-10,3.141880659584476e-05,0.0002525062484142366,0.9999999676267266
658,0.7071067095838345,0.7071066968003188,0.00034545642471125803,0.0003297151827932393,0.5001601015669555,0.9999998859738715,0.00045606341951322146,0.00014162768274801296,5.257205787950971e-09
659,0.707106742263419,0.7071067419489263,0.00023556394771108416,0.0002346180166130052,0.5000912994458996,2.2579475792539412e-10,0.00033237108585642156,8.090022699231931e-06,0.999999944732004
660,0.00019442195497910725,0.00018747014196947312,0.7071067563352409,0.7071067544579838,0.5000738199473226,0.0002700384900399912,1.6287206356916045e-08,0.999999963527524,4.915750692827498e-06
661,0.02744346521836736,0.02742735946993157,0.7065746527809509,0.7065740274145537,0.5102658785178579,0.03879953220688619,5.355835185420688e-06,0.9992470145768058,1.145475385116769e-05
662,0.70710657770767,0.7071065767661557,0.0005376746704359292,0.0005364350372974907,0.500206254202172,0.9999997115716609,0.0007594353529812514,1.0702574969962428e-05,6.622163236349884e-10
663,9.938331305292686e-05,2.7127491766727566e-05,0.7071067806661889,0.7071067742024254,0.5000376701812979,5.132636989872495e-05,0.9999999946935295,5.5345646813486457e-08,8.932271534133521e-05
664,0.0046848551781374925,0.004260629405862182,0.7070939449870973,0.70709126152991,0.5017675384479658,0.006325373260586292,2.3059847908802186e-05,0.9999799491177909,0.00030080514914541733
665,0.7070607108329362,0.7070604600612589,0.008093566454930945,0.008071629105845848,0.5031025372093356,1.8008718937549687e-07,0.011428961848479522,0.0001893289431675435,0.9999346693587456
666,0.7070744947047047,0.7070713324571256,0.007080311949578141,0.006757691049850987,0.5032708824205824,0.9999521002475119,0.00289523682292889,0.009349588727197138,2.226793457275843e-06
667,0.022243608728284636,0.02209874355064929,0.7067613780714709,0.7067568336215398,0.5083515258422283,0.00010288912364235033,0.9995083120558554,3.918526145040128e-05,0.03135477650378999
668,0.7070874589826601,0.7070850982053435,0.005537499068682897,0.005227365439761837,0.5026598168477934,0.9999710049555594,0.0028687765531442214,0.007054031929656287,1.6687174849082695e-06
669,0.0031147638033077124,0.0031053133769603663,0.7070999625433674,0.707099920977545,0.5011792852495609,0.004398258761111408,3.551514449358674e-07,0.9999903275908004,6.677561806085243e-06
670,0.7037751594113301,0.7037725404707589,0.06858725303832573,0.06856037482078328,0.5253463812101244,0.9952865234301347,0.00023007009657873814,0.09697774663633034,1.8615804231379723e-06
671,0.04496703459585058,0.043004891904662015,0.7057978317482692,0.7056755386150385,0.5168293548930856,0.062205556171851244,0.998061841470758,0.001051522792225687,0.0013869683147474852
672,0.005741735549817762,0.005741720885253199,0.7070834693593642,0.7070834692402834,0.5021712046261724,1.0395758706214578e-08,1.0202371617169473e-09,0.999967032013631,0.008120029916698942
673,0.7071060190800583,0.7071060122343604,0.0010463807118929864,0.0010381621999407404,0.5004127240289132,8.491281596694216e-09,0.0014722939346716614,7.102054305980242e-05,0.9999989136527375
674,0.0005256067224469488,0.0004949019851642007,0.7071066079962937,0.7071065858394846,0.5001999230169196,2.1600198859217345e-05,1.9130570198050618e-07,0.9999997394047463,0.0007216119684498955
675,0.005854167914422053,0.002161499670836564,0.7071034775188195,0.707082547315421,0.5022288431616042,0.00259145447181367,0.00018028088929979957,0.9999805118781433,0.005676946936319925
676,0.0011988154440729045,0.0011621143580970428,0.7071058262312954,0.7071057649613185,0.5004549062721942,0.0016694320996713556,0.9999986061647739,5.33149188811671e-07,2.5781600302462784e-05
677,0.7071067767186523,0.7071067818700566,8.052304747201253e-05,7.948941015348013e-05,0.5000327329744888,8.118303375168214e-11,0.00011279568451998051,8.92530416272799e-06,0.9999999935987448
678,0.7071067378035747,0.7071067324524768,0.0002625269144521959,0.00026230395775283166,0.500099788937373,5.922044401172116e-11,0.000371106533385038,1.9204019187581972e-06,0.9999999311381238
679,0.00167688780450198,0.001584193825513966,0.7071050065795934,0.7071047928329257,0.5006342043623528,0.0023059339155340306,1.844329956204377e-06,0.9999973391833703,6.551002117189772e-05
680,0.7070777279840308,0.7070773500193676,0.006452018278126247,0.006409882131746764,0.5025290642791844,2.6982651221868493e-07,0.0003655941069159442,0.009087434717958087,0.9999586415803042
681,0.001144813123113526,0.0005262619341544464,0.7071065853521471,0.7071058544538504,0.5004334446514835,0.0011813017316237063,0.99999920620535,6.320889673455048e-06,0.00043826353835992103
682,0.7071067744054329,0.7071067740893167,0.00010018483321111671,9.792826431265442e-05,0.5000422287444799,0.9999999901865281,1.959919741199417e-05,0.0001387184818891631,2.2459759276241716e-10
683,0.021799489501576532,0.021711877402513503,0.7067733684708595,0.7067706716217331,0.5081926773217768,6.212044141530015e-05,2.3059766103792777e-05,0.9995265759911183,0.030767182138504556
684,0.7071065978362845,0.7071065646695617,0.000553354509167997,0.000509211544283277,0.5002856401509925,2.350318939074666e-08,0.0005041702064345608,0.0005579516220889112,0.9999997172511569
685,0.707106725774152,0.7071067253901789,0.00028090563733716635,0.00027993741664238846,0.500108761177678,0.999999921363529,0.00039648992010967896,8.287193471512654e-06,2.689431565070767e-10
686,0.6746644720818488,0.6746641953313903,0.21172676622915546,0.2117258843659137,0.5715937032607573,1.9318988352469948e-07,7.59263359450501e-06,0.29942624065157625,0.9541194507773098
687,0.00046380853573741533,0.0002786397713321997,0.7071067262866865,0.7071066290748795,0.5001756546073058,0.00013149638813267543,8.390959239744939e-07,0.9999998536203947,0.0005248496736199868
688,0.7071062245686479,0.7071062090531659,0.0008995101219467517,0.0008872295485310989,0.5003651284236924,1.0976246738551106e-08,0.00010604430176995155,0.0012589874254072128,0.999999201852315
689,0.0018550460534950935,0.001493157327181934,0.7071052046769258,0.707104347889433,0.5007028082268934,0.00025596627240931857,0.9999971646116804,7.3442306777554815e-06,0.002367529499645928
690,0.7069683927406033,0.7069683828956246,0.013989747498358143,0.013989249975979657,0.5052440358831046,6.9827396144777825e-09,0.01978413838959915,4.259043801615044e-06,0.9998042747708383
691,0.7071067341200409,0.7071067341087016,0.00025802737759668897,0.00025799630128417575,0.5000975546813751,8.196816418864604e-12,0.00036488374492611963,2.6787017381500983e-07,0.9999999334298901
692,0.04726122795056538,0.047241191087400214,0.7055269448183152,0.7055256028895246,0.5175717978293323,1.4143202348202437e-05,0.9977648250269743,1.166983082816568e-05,0.066823301345574
693,8.396747554562216e-05,8.462366133656208e-06,0.7071067811359105,0.7071067762010652,0.5000318537070462,6.611488709261319e-05,0.9999999964389252,4.22263270687599e-08,5.244969299067173e-05
694,0.7071055809695537,0.7071055246376053,0.001333051752320126,0.0013056846002408558,0.5005565263716222,3.724359424208723e-08,0.00023750212631568646,0.0018507922599971644,0.9999982590788568
695,0.707106270068491,0.7071062688069827,0.0008512425422756183,0.0008501939924272967,0.5003240979830024,0.9999992762778916,0.0012030639617383136,8.988576407764014e-06,9.005616619446038e-10
696,0.7071067799583289,0.7071067799502089,4.181443000419716e-05,4.1676888510804555e-05,0.5000161216928765,5.708409378083033e-12,1.183161481540524e-06,5.9025500602930404e-05,0.999999998257295
697,0.707106509086427,0.7071065011845039,0.0006292714922201388,0.0006263051861260314,0.5002443247055752,1.8790036140874385e-09,2.556423321427911e-05,0.000887461135526221,0.9999996058795257
698,0.7071064668748043,0.7071064654260121,0.000668246012477331,0.0006667112062968914,0.5002571870545445,1.0171587691665536e-09,1.315365252653987e-05,0.0009438662761318049,0.9999995544716194
699,0.6556651274511441,0.6553104574574233,0.26564676611431737,0.2647701787457979,0.5873706816156654,0.0002520226532373282,0.37498549621129174,0.00757162672402472,0.9269997219981301
700,0.7070651590540304,0.7070650256610929,0.007684366393889906,0.0076720826309437445,0.5029334160696262,9.22630448169991e-08,0.00010576341985809956,0.010858137633618078,0.9999410430926492
701,0.00021414865362820071,0.00015388771173755663,0.7071067644412545,0.7071067487588854,0.5000810258138478,4.248281811653603e-05,1.3512433529297346e-07,0.9999999652294611,0.00026026195158647934
702,0.7071067804463188,0.7071067804270981,3.2772279167692886e-05,3.235490636943546e-05,0.500013233807487,1.3526226493887027e-11,3.6264584851382942e-06,4.590981427620571e-05,0.9999999989395676
703,0.005249693360937549,0.0017549603861095541,0.707104603374942,0.7070872935639608,0.5019968238881181,0.004961655813179776,0.9999846691179082,0.00014954193118023692,0.0024538007115951616
704,0.707106384587098,0.707106348109209,0.0007873463243279009,0.0007489166598975211,0.500369336553551,0.9999994096046269,0.00034462015677442717,0.0010305471097671786,2.9561919676775246e-08
705,0.0011739813116700784,0.0011713674622119187,0.7071058109634425,0.7071058066285972,0.5004458718371382,1.834647956402927e-06,0.9999986248321274,3.728542875115822e-08,0.0016584120373858437
706,2.8136590805346628e-05,2.771160236163535e-05,0.7071067806435348,0.7071067806267518,0.500010677801084,3.949064269512361e-05,1.4412132208901344e-10,0.9999999992201969,2.9964499493794257e-07
707,0.7071046326483659,0.7071046251234345,0.0017461755483261397,0.0017452615207583328,0.5006645226633238,0.9999969524619441,0.00246880650743409,7.826254715917308e-06,1.6218234169899173e-09
708,0.7071025488937439,0.7071025434785446,0.0024480617170998327,0.002448019302225587,0.5009262008701091,1.029775184155818e-10,3.6514535103348923e-07,0.0034620520708775757,0.999994007079703
709,3.170364090289865e-05,2.723535044562511e-05,0.7071067806620441,0.707106780475823,0.5000119250847438,3.1837996715025947e-06,1.613181800220606e-09,0.9999999991265621,4.167431559183307e-05
710,0.7071067810866868,0.7071067810722289,1.2715052076897564e-05,1.1883855564348607e-05,0.5000062804444114,1.0351025373344634e-11,1.539587751973196e-05,8.115757992321393e-06,0.9999999998485526
711,0.0004083821213622697,0.0004045150009242007,0.7071066654809683,0.7071066632581275,0.500154288370079,2.7546055401098894e-06,0.9999998347958149,1.900978908810882e-08,0.0005748049714201959
712,0.0010481674881264896,0.001047229367004534,0.7071060057096469,0.7071060043196601,0.5003951375469998,0.0014816693251538792,1.198086470651473e-08,0.9999989023271809,6.642139418244133e-07
713,0.004241031499111997,0.00423941635681519,0.7070940724889129,0.7070940628034051,0.5016018191415501,1.1441441342130872e-06,8.333957982275468e-08,0.9999820203387536,0.005996582186031185
714,0.0023815106939831395,0.002347533476359034,0.7071028843715595,0.7071027707531743,0.500897206721329,0.003343939015641863,0.9999944087305824,9.841649626829065e-07,2.4051358600265778e-05
715,0.7047036197918367,0.7047017153177227,0.058270854020415666,0.05824781757535442,0.5216634629982508,0.9966000698964957,0.0001976911639940031,0.08239090725780389,1.3260962894329874e-06
716,0.0006913068328320896,0.00010774196571624365,0.7071067729782164,0.7071064432565023,0.5002619790264958,0.0005672819608935286,0.9999997552392373,2.827363547485718e-06,0.0004095175761081912
717,0.00023284913203872867,0.00015627476816132012,0.707106763917724,0.707106742848123,0.5000881046348468,5.401720529859223e-05,1.8181109091361214e-07,0.9999999606797216,0.000275177510236017
718,0.7071067811778867,0.7071067811770714,3.660389910858736e-06,3.4993281207770554e-06,0.5000016989456619,5.87812065867043e-13,4.855236988920187e-06,1.438897278404109e-06,0.9999999999871754
719,4.3642712658961886e-05,8.57231707837628e-06,0.7071067811345856,0.7071067798397304,0.5000165536318915,3.7187898939151824e-05,0.9999999990109139,1.1168291389164399e-08,2.4397359681697726e-05
720,0.7069586253976842,0.7069585792160226,0.014476438542211468,0.01447418307955488,0.5054919140398351,3.2440020076617026e-08,1.9206630721065062e-05,0.02047117192034289,0.9997904434186795
721,0.7071067811862409,0.7071067811861871,7.135427927586916e-07,6.580398968455306e-07,0.5000003729605034,0.9999999999995286,7.464194548205499e-07,6.204980422239406e-07,3.759361893824104e-14
722,0.0012201845491589286,0.0011613828034836016,0.7071058274331958,0.707105728409597,0.5004614825988228,0.0016840219783869949,0.9999985811684596,8.481226789364731e-07,4.15971939337398e-05
723,0.7071015321311515,0.7071015263022458,0.002726077958399214,0.0027259325568094787,0.5010259658021452,3.9677389287303425e-10,0.003855153403072051,1.256314402500552e-06,0.9999925688677204
724,0.006318247203017291,0.006306294200685407,0.7070786594527191,0.7070785527452247,0.5023820801336358,8.47163879441736e-06,9.095548866712232e-07,0.9999601544086189,0.008926898817359273
725,0.7071067146583839,0.7071067134572284,0.0003094894467336961,0.00030673282723008987,0.5001232638012755,8.379852646439304e-10,0.00043509173634516727,2.3747124125691437e-05,0.9999999050656238
726,0.7070407091025693,0.7070404278541462,0.009686763124224007,0.00966621289517552,0.5037004838093169,1.9855809689854465e-07,0.013683498626008653,0.00017583205539074007,0.9999063610900769
727,0.7071060521020647,0.707106043149342,0.0010216367635358919,0.001015421404114135,0.5004004742758207,0.9999989625883056,5.3307916480876754e-05,0.001439437588289844,6.267765636482087e-09
728,0.7071059314683786,0.7071058585530524,0.0011422784032223729,0.0010962126784771443,0.5005192833650648,5.107658155802218e-08,0.00040709376588120256,0.0015299532191223855,0.99999874675812
729,0.09638502338041416,0.08691586799965542,0.7017447057187401,0.7005069073662985,0.5361767023844243,0.12961095446999862,0.010648438195505806,0.9914848309662503,0.006741009499809601
730,0.007731803735295707,0.007691652155944671,0.7070649464420575,0.7070645085223106,0.5029084001319142,2.8248742699806933e-05,3.7756563462532044e-06,0.9999405270738612,0.010906030579345376
731,0.7071067172969641,0.7071067171836477,0.0003008550562689256,0.00030058860805354595,0.5001145969514802,0.999999909566358,2.289917280180249e-06,0.00042527877028250154,8.146324236986405e-11
732,0.7071067811844018,0.7071067811843041,1.7812403543699277e-06,1.742033448255459e-06,0.5000007581490772,6.893441752731508e-14,2.4685433331102465e-06,3.373300274711216e-07,0.9999999999968966
733,0.0011026183217625512,0.00044488690358665767,0.7071066412328822,0.7071059215088206,0.5004178575494511,0.0004668794464466465,6.2136646129194385e-06,0.9999992931346888,0.0010934875855345063
734,0.00021063896871991472,0.0002080788214851967,0.7071067505710895,0.7071067498130857,0.5000797595707812,0.0002960781613628905,6.465798412442398e-09,0.9999999561672146,1.8147887005824595e-06
735,0.7069957160655497,0.7069954361493093,0.012548038254874059,0.012532554183755132,0.5047632984974956,0.9998427285436163,0.00013273674249841735,0.017734163621996164,1.9449741346382506e-07
736,0.0014690895669235758,0.0013146135714510968,0.7071055591573001,0.7071052550899651,0.5005562346825528,0.00010987112779861089,2.601494216280546e-06,0.9999980567782296,0.0019683397402794497
737,8.841582536926858e-05,7.732761095014247e-05,0.7071067769583602,0.7071067756588403,0.5000335911129761,7.81797416927945e-06,0.999999993101541,1.1245938298867173e-08,0.00011719981600187809
738,0.7069704430856785,0.7069704429379684,0.013884985131107419,0.013884977610266068,0.505240519662997,1.025732625024931e-10,0.019636328967617175,6.467560356030175e-08,0.9998071887042362
739,4.206719530512541e-05,3.7851888374533144e-05,0.7071067801734292,0.7071067799352166,0.5000159897019227,2.954709513280749e-06,0.9999999983987927,2.0510109446266246e-09,5.6512689209653524e-05
740,0.002459230399033145,0.0023482971800412047,0.7071028818357031,0.7071025047232168,0.5009248491239489,7.868242244600282e-05,0.9999942188209796,3.2897313130579968e-06,0.0033994297871431656
741,0.7071020811151397,0.7071017843780202,0.002658294457260418,0.002578154890607827,0.5011597271414935,2.107256879948602e-07,0.0006991139528022718,0.0036365714268337575,0.9999931432704415
742,0.0010388066782046868,0.0009110839324441416,0.7071061942354053,0.7071060181335489,0.5003917358529917,0.001378721086053315,1.5120559379072803e-06,0.9999990454017822,9.122170933768604e-05
743,0.004709631618172846,0.0017564729945468804,0.7071045996192081,0.7070910969387483,0.501784143224369,0.004563497319496893,0.9999873601130418,0.0001174173457757005,0.00210720658085783
744,0.7071060046059727,0.7071060096380583,0.0010481337274607363,0.0010479743193520545,0.5003949789511668,0.9999989015821505,0.0014821715721082252,1.3840145851371123e-06,1.658862991831146e-10
745,0.7071067743675539,0.7071067742066411,9.935330104013478e-05,9.820139313895889e-05,0.500039971739766,0.9999999902427045,9.970200377316242e-06,0.0001393383907845938,1.1252982555020303e-10
746,0.7071066953848681,0.7071066738347425,0.0003896387630530804,0.00035887667702900057,0.5002006827836626,0.9999998596945713,0.0003622043662517629,0.00038654732188578284,1.1410949435087636e-08
747,0.707106781115398,0.7071067811132664,1.0180126204509932e-05,1.0030960310067622e-05,0.5000041513530158,1.525730498459116e-12,1.4233821950489353e-05,1.2858642866450828e-06,0.9999999998978724
748,0.707106676458508,0.7071066515442832,0.00042818434315121574,0.0003944089026518958,0.5002201839509629,0.9999998305498788,0.00041853756001875703,0.0004046313446391124,1.400279235670493e-08
749,0.7071067790699985,0.7071067789328506,5.645534633481345e-05,5.4710599308836854e-05,0.5000247484852186,9.652166538894956e-11,7.709522613426792e-05,1.5387719578349784e-05,0.9999999969097696
750,0.7071063973057286,0.7071063771913404,0.0007558672747694203,0.0007368102282453113,0.50032329185911,1.4353480932310178e-08,0.001042409403725369,0.00016615439969853266,0.9999994428875194
751,0.7071059433013881,0.7071059362906041,0.001093097703973361,0.0010885531023369375,0.5004229556359887,0.9999988100940711,3.902661355072081e-05,0.0015421696957449165,4.946702703938506e-09
752,0.7071067681148407,0.7071067672976532,0.00014014940568042868,0.00013596388514403282,0.5000611670721458,5.719666034520626e-10,0.00019178417226113176,3.6699662752533276e-05,0.9999999809359763
753,0.7071056164133211,0.7071054517155163,0.0013739012907009215,0.0012863464928506694,0.5006750288851568,0.9999982288523909,0.0008375444110844247,0.001685470680765501,1.1835144131991055e-07
754,0.0011904473025819518,0.001177175135435368,0.707105801318816,0.7071057790990114,0.5004507419622269,9.323969151951486e-06,1.9070315403864867e-07,0.9999985985459724,0.001674162214089627
755,0.7071067811846831,0.7071067811844229,1.7345222953989006e-06,1.6249956662068694e-06,0.5000008505669272,0.9999999999971796,1.0625924093124335e-06,2.1260470079700916e-06,1.8446408898189272e-13
756,0.7071067698739303,0.7071067731124192,0.00013736492919631297,0.0001264850125164282,0.5000708550179873,0.9999999825662107,0.00013809701918988346,0.00012568530325880606,1.4286915252749679e-09
757,0.7071067058466954,0.7071067057140372,0.0003267020682897143,0.0003264148196180755,0.5001246577884925,0.9999998933595561,2.453922313005754e-06,0.000461816905446693,9.383932965449582e-11
758,0.7071067811859818,0.7071067811859127,9.47946732563126e-07,8.948958513430204e-07,0.5000004613040122,4.924313158203133e-14,4.927901046507467e-07,1.2068966423378445e-06,0.9999999999991513
759,0.7071067796076607,0.7071067793297577,5.124353897253192e-05,4.72534265804296e-05,0.5000262673452274,0.99999999757061,5.3750984013929915e-05,4.4380382237602476e-05,1.9895612348000737e-10
760,0.03460219987922921,0.03449333885941303,0.7062649712213749,0.7062596461383857,0.5128899896966088,0.04885792311910651,4.614636838064879e-05,0.998805734469101,7.752831677644685e-05
761,0.7071067803585798,0.7071067802407619,3.657240703861346e-05,3.4218729230113384e-05,0.5000180100365855,0.9999999987457671,4.455976021252542e-05,2.2866791566025984e-05,8.33122676917469e-11
762,0.00029242117101345173,0.00020299170637988711,0.7071067520497649,0.7071067207217445,0.5001109359709157,6.317849100001788e-05,2.6659744346598825e-07,0.9999999366420761,0.00035032021407686056
763,0.7069412580887321,0.7069407690526925,0.015321522482700198,0.015298941529430633,0.505796433932216,0.999765569189483,0.021651065724629548,0.00019497716942447379,3.4828720932145064e-07
764,0.0001544275662751288,0.0001446933855888913,0.7071067663824355,0.7071067643235546,0.5000580700186236,0.00021150559402307006,1.7693017453890894e-08,0.9999999776079754,7.030843177255383e-06
765,0.7068792654140563,0.7068790647374597,0.017944019502110956,0.01793611239042579,0.5067249575122308,1.465479932909684e-07,0.025370994581869775,6.780487341278053e-05,0.9996781022091064
766,0.0001379598495319396,1.142726287387871e-05,0.7071067810942111,0.7071067677282399,0.5000522218173806,9.221318751994187e-05,1.1485668662303631e-07,0.9999999904182414,0.00010324839207985851
767,0.7071067639438998,0.7071067610173682,0.0001896684120205721,0.00017842467869081272,0.5000919727185029,0.9999999660952631,0.00023769270513186835,0.00010635624293580501,2.0750933688428906e-09
768,0.706871775305581,0.7068716062283005,0.01823546841248736,0.018229117489361242,0.5068568701269589,0.999667528214918,0.025784297746028494,5.497643049866691e-05,1.1560973544619475e-07
769,0.7071067731272828,0.7071067717206717,0.0001157012331652543,0.00010675920143014586,0.5000593632203919,0.9999999876078545,0.00012297607029303816,9.829134540357431e-05,9.830151951939732e-10
770,0.0001283084794048135,0.00012734839927469173,0.7071067697189617,0.7071067695454016,0.5000483162438598,0.00018077669604351347,0.9999999836596593,1.4956677329066793e-09,6.832661215901774e-07
771,0.7071066230215154,0.7071066083799133,0.0005018326770591181,0.00048075949129514637,0.5002286395130853,0.99999975851711,0.0006685955938035466,0.00018959339698726923,1.0495912314722336e-08
772,0.7071062422627546,0.7071062028569257,0.0009084777604464412,0.0008730137759595918,0.5004125847263272,0.9999992062572441,0.0012205964669689483,0.00031245665149573547,3.2095738312586e-08
773,8.69143316672654e-05,4.851941313675191e-05,0.7071067795219239,0.7071067758449916,0.5000329242001814,2.713903667247441e-05,3.201683797429201e-08,0.9999999950458827,9.576903042629345e-05
774,0.7071067806260117,0.7071067805979436,2.885152696977877e-05,2.8155218366701092e-05,0.5000122541521828,1.997260551275061e-11,3.98611907341249e-05,6.017674220345398e-06,0.9999999991874357
775,0.7071067497945112,0.7071067430010257,0.00023238433779718522,0.0002276963370731775,0.5000976477687371,0.9999999470759466,0.00032283223777941096,4.034164870597462e-05,1.0626692669938582e-09
776,8.721893420572792e-05,3.777946382687482e-05,0.707106780177303,0.7071067758074859,0.5000330636849429,3.500206782963571e-05,0.999999995482785,3.7741150547745544e-08,8.837016249096085e-05
777,3.8497040010493915e-05,2.2897560614500045e-05,0.7071067808158126,0.7071067801385995,0.50001459321078,1.105249608580337e-05,0.9999999989968398,5.802338450912742e-09,4.3406943015346926e-05
778,0.706401491907158,0.7063867309701899,0.031902763348268935,0.031574233662095885,0.5126070999175372,0.9989921327772596,0.0028254665408584513,0.04479659897169394,1.0418856067642729e-05
779,0.0068713467840623875,0.006843711259036296,0.707073662086351,0.7070733940646993,0.5025807132963606,0.009698010216369195,0.9999529729967732,2.3004144049712323e-06,1.9684185871084417e-05
780,0.7071067752910402,0.7071067697393683,0.00012723504488177048,0.0001256506570749635,0.5000516195262504,0.9999999840115786,0.00017830916547549155,1.3516130247597171e-05,1.9864035679699451e-10
781,0.7071067806279221,0.7071067806227298,2.8237526385099968e-05,2.8107202968862526e-05,0.5000109229941992,0.999999999206313,3.982628948878548e-05,1.113292700733887e-06,3.722808217454549e-12
782,0.707083506425925,0.7070833897124945,0.005751520902189281,0.005737154383384289,0.5022035787760559,8.247172413366955e-08,0.00012319731728883875,0.008122792347962529,0.9999670019890087
783,0.006994194241416069,0.00682575410207029,0.7070738356642368,0.7070721895584011,0.5026436036662982,0.0001186115460599625,0.9999522439228224,1.4197187035927454e-05,0.009772185193176007
784,0.00028585022836107856,0.00014867926786247163,0.7071067655555814,0.7071067234086009,0.5001080536801747,0.0003070141607563954,0.9999999480919955,3.6081805630422857e-07,9.776595952195032e-05
785,0.7071067807209914,0.7071067807185322,2.5726883635285914e-05,2.565920390014948e-05,0.5000098924400914,1.726701000747104e-12,5.825874227429667e-07,3.633081169293979e-05,0.9999999993398655
786,0.00018080263804977925,0.0001628778410913495,0.7071067624275776,0.7071067580715149,0.5000685943236872,0.0002430232649331871,0.9999999703906084,3.752402322079375e-08,1.2588794443963208e-05
787,0.7071067797000427,0.7071067795246789,4.847924298675252e-05,4.5850138974323446e-05,0.5000231119417577,1.241801763104456e-10,6.21422591158506e-05,2.4306622071193914e-05,0.999999997773764
788,0.0006221253662847038,0.0005598702006560813,0.7071065595406113,0.7071065075079119,0.5002358290354407,4.4413962319721105e-05,4.4555454656725165e-07,0.999999649752538,0.000835776289749297
789,0.0001242927261984313,0.00010990675299055484,0.7071067726450557,0.7071067702626804,0.5000472651242013,1.0154406896028e-05,2.0350173347703176e-08,0.9999999862359128,0.00016560514532874563
790,0.7071067731897865,0.7071067731233247,0.00013730877292291544,0.0001369660825659663,0.5000526265231723,0.9999999811932961,2.9481339515997046e-06,0.00019391935282809527,4.680984561583181e-11
791,0.00015157664658235949,0.0001309278449984865,0.7071067690652525,0.7071067649404305,0.5000573261021639,0.00019975147514335713,0.9999999799412101,3.5208534681091766e-08,1.4728494938520037e-05
792,0.7071067828271794,0.7071067828269322,7.162907836835517e-05,7.16266378667505e-05,0.5000269169596301,0.9999999948694487,2.1104193550680375e-08,0.00010129708620985898,1.7717869813858186e-13
793,4.422849601425072e-05,4.211091272999208e-05,0.7071067799326148,0.7071067798033339,0.5000168282411328,6.105134937840804e-05,0.9999999981352562,1.1121943869954291e-09,1.4904931100677319e-06
794,0.0005138991155125995,0.00030555055496206944,0.7071067151702475,0.7071065944450654,0.5001949869590809,0.000579571966815798,0.9999998212727265,1.0350387356685344e-06,0.00014679842588913693
795,0.0006361433420161349,0.0006327427436332263,0.7071064980868319,0.7071064950356848,0.5002404612164645,0.0008972378920279418,2.6057446592733473e-08,0.9999995974790558,2.428234176463853e-06
796,0.7071067797201398,0.7071067794794302,4.913479793842407e-05,4.553914329046111e-05,0.5000248067539095,0.9999999977559791,5.5226798052072014e-05,3.7921533684630544e-05,1.7114500998593938e-10
797,0.7071067802701952,0.70710678019618,3.742446921296034e-05,3.599885459340287e-05,0.5000168698714661,0.9999999986517457,5.0360494075644315e-05,1.2662111370769652e-05,5.272201088986411e-11
798,0.707106488159303,0.7071064810071157,0.0006515502531907471,0.0006437414205882969,0.50026288728659,5.072472345928883e-09,0.0009134466831252222,6.734913586301952e-05,0.9999995805395367
799,0.00021736226788136458,3.3282024069615486e-05,0.7071067804032898,0.7071067477783279,0.5000821691514199,0.00017695860925250726,2.8223867298767103e-07,0.9999999758229351,0.00013053619894925326
800,0.7071067804369211,0.707106780425849,3.279922199888196e-05,3.2559646009008654e-05,0.5000129755947712,7.79522994283229e-12,4.617027707459858e-05,2.055487002803149e-06,0.9999999989320392
801,0.0017092194413269796,0.0017089000379549506,0.7071047161917813,0.7071047154197888,0.5006514092702268,0.002416975462987361,0.9999970791105145,6.6156471896339326e-09,2.2282185021815015e-07
802,0.7071067810919925,0.7071067810803653,1.2254187896446003e-05,1.1563804645934204e-05,0.5000058987348219,8.15928223390241e-12,6.47560976601971e-06,1.5554844166656364e-05,0.9999999998580575
803,0.0005723307597274824,8.016886402325883e-05,0.7071067766419389,0.7071065495648453,0.5002168048643009,0.00034815276717888694,1.9515371812164592e-06,0.999999833003309,0.00046127995403518336
804,2.220898141632512e-05,2.0782738950141293e-05,0.7071067808811323,0.707106780837775,0.500008370210656,3.0399561252364003e-05,3.752760731707367e-10,0.9999999995374196,1.0137896646563916e-06
805,0.7071067804026439,0.7071067803993224,3.3366219277360496e-05,3.329575488931207e-05,0.5000127735176726,0.9999999988890443,6.06948275955995e-07,4.71332525538432e-05,2.3415383347424072e-12
806,0.0008347794628545164,0.0008200340263291883,0.7071063056883268,0.7071062884342397,0.5003155084296558,0.0011701302714198548,1.493907633633996e-07,0.9999993153434745,1.0378046455488153e-05
807,0.00109340455739607,0.0009898927459341639,0.7071060883010065,0.7071059358161783,0.5004149031037091,7.275704802964398e-05,0.9999989122879712,1.3034245743602387e-06,0.0014731352913258128
808,0.7068760590137482,0.7068616880657275,0.018615959413269618,0.01806203734904267,0.5080991769102695,9.979904548896847e-06,0.025483027641343702,0.004838020287806481,0.9996635477811221
809,0.7071067167459023,0.7071067190132466,0.0003088315170058822,0.0003018821538822688,0.5001311660916288,2.126723378314874e-09,6.026861548990312e-05,0.00042764171302117225,0.99999990674513
810,0.7071064452247964,0.7071063901349759,0.0007436600593185728,0.0006892906155065195,0.5003765965076855,3.866052360720019e-08,0.0008468826122517732,0.0005576214464281955,0.9999994859239496
811,0.7062150905173897,0.7062124567418466,0.03555229869717171,0.03549994261294782,0.513394203471975,1.8653364816719797e-06,0.0004510762124983438,0.05023951033226762,0.9987370966016835
812,0.0005234589508097222,0.0004884338825710509,0.7071066124937184,0.7071065874327053,0.5001972266845436,2.4901493705840242e-05,0.9999997437114777,2.1706924143998954e-07,0.0007155115976959874
813,0.7070631260310306,0.7070631051869962,0.00785908921713722,0.007857213706340883,0.5029619273129564,1.4771891447380656e-08,1.611110364050346e-05,0.011113092773048063,0.9999382475480426
814,0.7071066397790011,0.7071066442286386,0.0004484844397053703,0.0004471917372706921,0.5001727038326282,0.9999997994406088,1.1136691221852262e-05,0.000633241436301865,5.824256666014161e-10
815,0.7071057802989512,0.707105770894863,0.0011953104955649025,0.0011928614256178775,0.5004579738208839,2.8936328999064125e-09,0.001688561912294313,2.1076761698648483e-05,0.9999985741562023
816,0.01120943310657624,0.011199448014054982,0.707018084891879,0.7070179266535106,0.5042280273778752,0.015845471781990146,0.9998744526048069,1.3592151625625114e-06,7.099047937051061e-06
817,0.7070734260266012,0.7070732973933938,0.006881828496763487,0.006868057003427447,0.5026221006211663,9.412204622867963e-08,0.009721919819069228,0.00011851368184213472,0.9999527339977254
818,0.7071067583803499,0.7071067572298467,0.00018406490533473958,0.00017959073528551822,0.5000787711800851,8.072934690382619e-10,0.0002542104746374335,3.8855580820398464e-05,0.9999999669336376
819,0.7071067267039507,0.7071067239022747,0.00028462640943714023,0.00027757886265366275,0.5001217632193117,0.9999999209688888,0.00039289499396520444,6.0792611872345146e-05,1.998043587390386e-09
820,4.542491097454995e-05,4.491230457047472e-05,0.7071067797602304,0.707106779727486,0.5000172608837192,6.387804524831791e-05,2.832893243105409e-10,0.9999999979597294,3.6465618152599063e-07
821,0.0007605946590230121,0.0007545498177418662,0.7071063785984207,0.7071063721221619,0.5002875736416459,4.272959767397513e-06,0.9999994260750031,5.5225387565987476e-08,0.0010713689395364428
822,0.00021302288881333396,0.00017370791151945074,0.7071067598499972,0.7071067490989241,0.5000807191893666,2.7774686819589e-05,9.297680342075519e-08,0.9999999622234005,0.00027346253208602664
823,0.6853564736269108,0.6850108982587387,0.17538548761716674,0.17403018145609359,0.5632819178313809,0.9689960610933193,0.011744491587403824,0.24679675897731243,0.00024548154970754823
824,0.7071067380128212,0.707106733575603,0.0002594841838529594,0.0002470968795995207,0.5001212186754378,3.1189253949275667e-09,0.00011198856223395621,0.0003403637341234049,0.9999999358055439
825,0.7071067813431441,0.707106775898402,8.647871599526656e-05,8.502423644430704e-05,0.5000357806807967,0.9999999926461568,0.00012061982909377556,1.2591502393113453e-05,1.2294139821346635e-10
826,0.7071065717241479,0.7071065662790297,0.0005512940070795219,0.0005510672398071303,0.5002095839575983,1.232839294369529e-10,0.0007794846952270822,1.9480598523319176e-06,0.9999996961998635
827,0.7071067299680884,0.7071067292662688,0.0002843887129378143,0.00028263831529649913,0.5001114409377011,4.998730667258322e-10,1.488572707709917e-05,0.0004006741474683087,0.9999999196193187
828,0.7068123240626902,0.70677039577786,0.02180843075474201,0.020404558327827713,0.5106607847792165,0.9995539232340764,0.026543101950534886,0.013690047165061621,2.9912923982401435e-05
829,0.0004661901109471895,0.0003052632871264883,0.7071067152943233,0.7071066275087377,0.5001767595049703,0.00011296565159706878,0.9999998447402584,7.533691569996905e-07,0.0005456717456501929
830,0.7071022712540452,0.7071021684243352,0.002554096631637719,0.0025254677529700153,0.5010241466391596,7.355620840801248e-08,0.0035833827694517037,0.0002465053805319578,0.9999935492807047
831,5.4124779406119985e-05,5.3169618761875896e-05,0.7071067791875504,0.7071067791150838,0.5000206000561677,6.72718815548736e-07,6.229713847430107e-10,0.9999999971217497,7.586862035413315e-05
832,3.809334397624426e-06,3.2592631140496356e-07,0.7071067811864722,0.7071067811762866,0.5000014522188158,2.943837050465917e-06,0.9999999999926913,8.801339259481786e-11,2.4394834939304757e-06
833,0.026813220408456018,0.02681268528558557,0.7065982450500272,0.7065982247439698,0.5100212881880167,3.7418621276668326e-07,1.7539585347719056e-07,0.9992808069402102,0.03791924156356881
834,0.7071067696725504,0.7071067691455639,0.00013049338035209568,0.00012760584202295576,0.5000552714407199,0.9999999833441137,0.00018077817932076696,2.5120173478160907e-05,3.7278491596385065e-10
835,0.7071067729580874,0.7071067726475236,0.00010989086772374322,0.00010787399673732293,0.5000454708539831,0.9999999881435986,0.0001529831990504813,1.75767684584517e-05,2.1892895588347556e-10
836,0.005586722802613212,0.005483318283073257,0.7070855204433212,0.7070847109988467,0.5021175046380189,0.007827700509761549,0.9999693603812102,6.907881817654385e-06,7.318330549174846e-05
837,0.707064699988271,0.7070571615995515,0.008377211997030428,0.0077142744633541165,0.5042933271615632,0.9999351540271474,0.007938415414643235,0.008165125353826644,5.419016915273545e-06
838,0.7071067790683454,0.7071067790653802,5.477027011032344e-05,5.473197480409607e-05,0.5000208477715018,2.073239838068132e-12,3.306908061603422e-07,7.742907850093994e-05,0.9999999970023133
839,0.7071067760490333,0.7071067700538274,0.0001254752698411336,0.00012131002646318782,0.5000555142631041,5.147943302066493e-10,0.00017064353597460888,3.661897721519533e-05,0.9999999847699168
840,0.7071067811489082,0.7071067811430106,7.846884450051308e-06,7.296111541241076e-06,0.5000039411893406,4.149959273697436e-12,9.172774242713275e-06,5.537784023136346e-06,0.9999999999426
841,0.00022058147897295466,0.00017969013302839557,0.7071067583550952,0.7071067467814225,0.5000835457597831,0.0002830338413955543,9.939883771849508e-08,0.9999999595276233,2.8923633866858023e-05
842,0.7071067810688773,0.7071067810552825,1.362486281749917e-05,1.2900039409766505e-05,0.5000064938242191,0.9999999998239762,6.661525461013725e-06,1.7540581008092818e-05,9.488383771315252e-12
843,0.7071055241019452,0.707105510124535,0.001340727981638492,0.0013333358591159602,0.5005224240584494,9.843215224312875e-09,6.372754291761586e-05,0.001889781689568032,0.999998212330385
844,0.7071067496867662,0.7071067440472459,0.00022917876086215962,0.00021106259431139782,0.5001181097642275,3.952580662912451e-09,0.00021418525257574833,0.0002262631227726595,0.9999999514648392
845,0.7071060890515191,0.7071060941247582,0.0009894959326233032,0.0009893564897898448,0.5003747151433872,0.9999990210352875,0.0013992594529567892,1.2032781940108919e-06,1.3832993226185e-10
846,0.03434322004791008,0.03361249131687114,0.7063074404446528,0.7062722868956025,0.5128916158801038,0.04805194781141842,0.00030152262805402245,0.9988446589677127,0.000516379041626805
847,0.7071067797915682,0.7071067797029488,4.5805294151772905e-05,4.441619187279253e-05,0.5000200559773368,0.9999999979645382,1.2122511916711813e-05,6.264158185774322e-05,6.234835204198703e-11
848,0.0014932234775348857,0.0011839258206528273,0.7071057900481726,0.7071052045372354,0.5005670430199292,0.00021800937397649842,5.058442237031306e-06,0.9999981842872058,0.001893110830228443
849,0.000788435155666706,0.0007707635780209592,0.7071063611109051,0.7071063416276255,0.5002987607720063,0.0011025205350697865,0.9999993921465565,1.6701023662327992e-07,1.2448198435360588e-05
850,0.7070821286681134,0.7070808573763485,0.00605484367477116,0.005904516759863603,0.5025748634083143,0.9999642371350501,0.00835370732467113,0.0013190997032682674,9.056782776142077e-07
851,0.0007537682986570434,0.0006615312104994563,0.7071064717399071,0.7071063794319533,0.500285396973799,6.460828512590718e-05,0.9999994971044729,7.920737852846014e-07,0.0010008076483768134
852,0.0012752831822507042,0.001235567869930567,0.7071057016967414,0.7071056311845024,0.5004827579697713,2.7940172834924293e-05,0.9999984235110134,6.024194756857528e-07,0.001775442051049115
853,0.49985858896477153,0.499849514681969,0.5001504400399944,0.500141371052373,0.6193626574471065,6.4861652325005735e-06,7.806461988353413e-05,0.7073131185099446,0.7069003792951184
854,0.707104018228858,0.7071040021525354,0.0019824580371108147,0.001978599291432412,0.5007614531721254,0.9999960774947965,0.0028006972148470325,3.301720324597406e-05,7.581610610350578e-09
855,0.707106769001374,0.7071067686675511,0.00013305839056395767,0.00013127238234490556,0.500054067129389,0.9999999825315141,1.5455114089839064e-05,0.0001862742953669342,2.3436964666798376e-10
856,0.0007052667875222075,0.0006932081683250057,0.7071064413950993,0.7071064294706731,0.5002678838301877,0.0009888712420324406,1.028091596552142e-07,0.9999995110304779,8.51310141033654e-06
857,0.7071067804799979,0.7071067804746485,3.172969814766839e-05,3.16102625583608e-05,0.5000122361176098,3.803618910652752e-12,4.477643828334232e-05,1.02616675481851e-06,0.9999999989970055
858,0.0775655064665492,0.07752472403242971,0.7028441627869325,0.7028396633007538,0.5284278195511947,2.883595301936243e-05,3.860019712410757e-05,0.9939685648864385,0.10966535321624517
859,0.002606540058826303,0.002321781818906895,0.707102969396454,0.7071019770506396,0.5009889954234483,0.0034847381945654946,8.575499720273793e-06,0.9999939075837747,0.0002032769358460656
860,0.7071067796053065,0.7071067796048326,4.729569572207927e-05,4.7288608146227006e-05,0.500017985631787,3.3096700240884833e-13,6.123210680130229e-08,6.688117481677496e-05,0.9999999977634526
861,0.0012010766774809092,0.00036772732566576317,0.7071066855691704,0.7071057611240475,0.5004557829066317,0.001109388813470568,7.871043768820126e-06,0.9999992110644305,0.0005891222553733987
862,0.6961465721572199,0.696054191830782,0.12453337719171259,0.12401592669382938,0.5454278850087125,6.603856645030321e-05,0.004444818191600873,0.17569506452870626,0.9844346009412502
863,0.00010602090440399285,8.525154765597786e-05,0.7071067760474175,0.7071067732383609,0.5000403073693396,1.4578088090506108e-05,0.9999999907458695,2.4293451992390795e-08,0.00013526173807235098
864,5.115842214213719e-05,1.9960921384368652e-05,0.7071067809048082,0.7071067793359179,0.5000193495798688,5.0274354428174364e-05,0.9999999984921876,1.3467995252394014e-08,2.209325293876762e-05
865,0.7071062456830031,0.7071062412925156,0.0008737992720342343,0.0008702390968770591,0.5003402588289492,3.087486967257916e-09,0.0012328433710004384,3.063455763077501e-05,0.9999992395790815
866,3.993958091270503e-05,1.3072280177124527e-05,0.707106781065714,0.707106780058592,0.500015123964962,3.753565008751053e-05,8.689568870979493e-09,0.9999999991169729,1.8897873028987328e-05
867,0.002757308658667822,0.0026509730181493215,0.7071018118645767,0.7071014052093769,0.5010429553760478,0.003824244811736931,0.9999926847626942,3.513126819906915e-06,7.456795172058589e-05
868,0.004572837880229941,0.0044500984030907565,0.7070927779465749,0.7070919948307451,0.5017325845865226,8.701212641658175e-05,0.9999796426592434,6.709612885076805e-06,0.006380176405548144
869,0.001930665899620721,0.0017190898932866363,0.7071046914919953,0.7071041454617453,0.5007297239182248,0.00014953289272667735,4.694841215299753e-06,0.9999966586129844,0.0025807713461520067
870,0.27291045871524844,0.27290791469544945,0.6523199139199912,0.6523188495849527,0.5876167413772202,0.38595187313490376,9.119360907837423e-06,0.9225189166284118,1.80145711326428e-06
871,0.7070488791433602,0.7070480364045671,0.00911450582560495,0.009048895077141256,0.5035837395322204,5.839055890403377e-07,0.0005651342784158889,0.012831108362470377,0.9999175182389274
872,0.009420754774323832,0.009334068962779421,0.7070451719349999,0.7070440222358702,0.5035480889867547,0.013261659775353095,9.848113705429842e-06,0.9999120583526765,6.199937619967813e-05
873,0.7071066949008679,0.707106677596603,0.00038275095571992237,0.00035982905780037043,0.5001860457110892,0.9999998620123685,0.00021603144905043303,0.00047885870354749384,8.519907056681878e-09
874,0.00010925051113435043,9.689372962136122e-05,0.7071067745479478,0.7071067727467495,0.500041430003914,0.00014576894604637197,1.5473015850088923e-08,0.9999999893379627,8.688106402356422e-06
875,9.367688215895528e-05,4.6749882844045206e-05,0.7071067796411288,0.7071067749814317,0.5000356004469687,9.931251506780717e-05,0.9999999945195439,3.9482842549658545e-08,3.3135089374578776e-05
876,0.0010715164058786044,0.001067665139184714,0.7071059751488111,0.7071059693232637,0.500406162492353,0.0015126297753592555,0.9999988559712163,4.9683511973841254e-08,2.7240032904992937e-06
877,0.7071067796906411,0.7071067795071064,4.8734872526374324e-05,4.599489794840355e-05,0.5000233493944217,0.9999999977546904,6.19908624898581e-05,2.5450960791481255e-05,1.3118702568184498e-10
878,0.00031023768370999323,0.00020467633528840765,0.7071067515641463,0.7071067131293416,0.5001172896029387,0.0003641190165432155,3.2985553910355484e-07,0.9999999309300336,7.454639100879461e-05
879,0.7070953255699395,0.707095322026186,0.004025614075357753,0.004024991570254481,0.5015258694420783,0.9999837968058156,0.005692635338261464,5.36002937464514e-06,2.470513543896303e-09
880,0.0020713751533822564,0.0017963954587061498,0.7071044993233829,0.7071037472712723,0.5007881817623919,0.002734950557541861,6.448902025508948e-06,0.9999962411563653,0.0001941057254568123
881,0.002265878326788548,0.0022618248060558444,0.7071031637240422,0.707103150746347,0.5008542888248259,0.003201569584995461,0.9999948749588414,1.1135867171178015e-07,2.8701100366266365e-06
882,0.00010447097517611496,8.098617932244998e-05,0.7071067765488045,0.7071067734690549,0.5000396213637851,1.669075882356419e-05,0.9999999912635289,2.658902953510963e-08,0.00013112728305438213
883,0.6950522433988403,0.6950486725552486,0.13002823839149166,0.13000914947128542,0.5462622313837736,0.9829497842048446,0.0001658354863347797,0.1838741260320035,2.4947294616379904e-06
884,0.02998318569768153,0.02980289314157972,0.7064784409735403,0.7064708122600896,0.5111993128602419,0.00012837079988343918,6.54613268398676e-05,0.9991059963040207,0.04227513909057914
885,0.0004914094947432705,0.00027803442481097386,0.707106726524967,0.7071066104320509,0.5001860522845704,0.000544147128458929,1.0085595593609706e-06,0.9999998406062582,0.00015063311552811822
886,0.7071029969092607,0.7071026023090429,0.0024310096213199916,0.002314997296372743,0.5011348056739975,0.9999943654739579,0.0031872394515237374,0.0010538144712491596,2.7300010051048517e-07
887,0.7071067635449996,0.7071067549243235,0.00019271842911542774,0.00017999860130569857,0.5000953450099702,2.359846896750677e-09,0.00023229416975525382,0.0001248170985500117,0.9999999652300551
888,0.7071067715354179,0.7071067710972422,0.00011945054280435262,0.00011682789929250982,0.5000502220871987,0.9999999860414048,2.2970837162729457e-05,0.0001654978273857354,3.1103720408319763e-10
889,0.0005561427727504068,0.0005371334865383854,0.7071065771774564,0.707106562482075,0.5002101490652632,0.0007730641871702384,0.9999997010963649,1.2717685837000378e-07,1.3376417988810917e-05
890,0.000618012501870505,0.0006087539261440673,0.7071065191459222,0.707106511114518,0.5002353065488905,0.0008674550314833586,0.9999996237395313,6.827929583143686e-08,6.52358446965436e-06
891,0.707106783357592,0.7071067832267225,6.756727638968523e-05,6.618352752361898e-05,0.5000284199029902,9.220192267926781e-11,1.1966159815293337e-05,9.382114459685838e-05,0.9999999955272014
892,0.7071067811861753,0.7071067811861541,7.459317907160647e-07,7.255987248091105e-07,0.5000003229965194,0.9999999999994588,1.025249449880525e-06,1.782450879131412e-07,1.485018096231635e-14
893,0.00186306948939752,0.0,0.7071067861909559,0.7071043267949088,0.5007071491034247,0.0012936646835572624,2.1223132370703794e-05,0.999998267797981,0.0013380516844206463
894,0.011797532509144872,0.01177376801756537,0.7070087541089357,0.7070083579609908,0.5044472369931357,1.6927735112567592e-05,0.9998610886527097,3.4036041107522836e-06,0.01666742631864798
895,0.11531282379251638,0.11269159342986726,0.6980691976948242,0.6976409912476862,0.5417800544648701,0.16122350880421227,0.9869092701360981,0.0036945850625249247,0.0018500728700593966
896,0.00086287700834703,0.000596361387543084,0.7071065297061733,0.7071062547052549,0.5003271592581876,0.00018790052570732724,0.9999994498952045,2.385151443665866e-06,0.0010319384748950057
897,0.7071052381526954,0.707105220676728,0.001485561077671928,0.0014797390256103583,0.5005728348212102,0.9999978017379341,5.006936828375605e-05,0.002096189962233323,8.566654023528549e-09
898,0.7070949942506871,0.7070947354342688,0.004127362492156104,0.004082781603401038,0.5016612395783699,0.9999831477446035,0.005792966235128717,0.0003817970159464776,1.8069813409030002e-07
899,0.7067605546600911,0.7067595546471916,0.022156983434176467,0.02212523047319262,0.5084045628197988,0.9995096509094319,0.03131106703317245,0.0002735317868982348,7.141431901280017e-07
900,0.7057735643239192,0.7057543795720155,0.0437121918338462,0.043401420921933165,0.5168786697178778,0.9981009772379801,0.06154124944128308,0.0026671464465913924,1.355089254068308e-05
901,0.7071063919246844,0.7071063306390153,0.0007982294273171175,0.0007419563637412516,0.5004015071493526,4.3129006994050924e-08,0.0005592274277367557,0.0009353791468693784,0.9999994061650819
902,0.7071046767730564,0.707104444556813,0.0018178250738959808,0.0017251335222904728,0.5008561298733424,0.99999685970822,0.0008516382529575518,0.002356965412371313,1.63355597104473e-07
903,0.00019401438611007916,0.00018152112049609447,0.7071067578874405,0.7071067545699323,0.5000736058348203,8.833488208607975e-06,2.8575890784222627e-08,0.9999999647042542,0.00026554372274617403
904,0.005045561468790971,0.004884080112726411,0.7070899134915322,0.7070887796520957,0.5019054717565151,0.007021323199309893,9.79052192519675e-06,0.9999753436837823,0.00011379454455116294
905,0.7071004825942687,0.7071004583281192,0.0029915351707499064,0.002985793942409271,0.5011389039263678,1.734173136498339e-08,0.004226321018045976,4.95862560030685e-05,0.9999910678360362
906,1.8255134431563118e-05,1.8151705275717703e-05,0.7071067809535663,0.7071067809509037,0.5000069142407931,7.301120896963997e-08,2.285278448805777e-11,0.9999999996686322,2.5743523477261142e-05
907,0.7071063998127436,0.707106390349404,0.0007434561404896149,0.0007344003383987879,0.500298736176451,6.728200968003419e-09,7.794020130016915e-05,0.0010421114215347885,0.9999994539644028
908,0.01831717909640162,0.015789287663072263,0.7069304763518539,0.7068694935770794,0.5069358461799688,0.024118611059871214,0.0005195630286608299,0.9997074118957183,0.0017644419796515101
909,0.7069084563296071,0.7069082094453351,0.01675659329306874,0.016746397170195843,0.5063219994864214,0.9997193479987262,0.02369003032094544,8.775171762111917e-05,1.70436117606175e-07
910,0.7071065320271778,0.707106508439077,0.0006210660979391324,0.0005936029802660907,0.5002873091861576,1.6602173567999745e-08,0.0008234774130216947,0.00024489292850799567,0.9999996309561343
911,0.707106765241397,0.7071067678929787,0.00016202013736328004,0.0001501660652596912,0.5000819387386276,0.9999999755998131,0.00012287407135969585,0.00018358195623286718,1.8408453455498513e-09
912,0.00039718264948101497,0.00024469354806147943,0.7071067388485737,0.7071066696375734,0.500150356827059,0.00010736629741123529,5.950777611627155e-07,0.99999989118532,0.0004539839949732552
913,0.0019828695349548707,0.001982051265579657,0.7071040032928545,0.7071040009987272,0.5007487650439342,0.0028036223842687123,0.9999960698428716,1.973911348748139e-08,5.817778706755491e-07
914,8.245224378439087e-05,5.469066127976212e-05,0.7071067790715471,0.7071067763793765,0.5000312428308819,9.697796601917507e-05,0.9999999951052855,2.308859622826704e-08,1.961415288359806e-05
915,0.0003970616459179605,0.0003204211134621455,0.7071067085881115,0.7071066697055333,0.500150833958912,0.0005073495294633606,3.341260567262674e-07,0.9999998698361172,5.407489173525736e-05
916,1.9559796715540323e-05,6.773970941855883e-06,0.7071067811540985,0.7071067809160164,0.5000074135844531,9.033085580022469e-06,2.046378108538741e-09,0.9999999997857609,1.862459901551738e-05
917,0.000190708322800494,0.00018852393949077517,0.7071067560550702,0.7071067554693109,0.5000722289298297,0.00026815766420911814,0.9999999640445297,5.115862984239679e-09,1.5515387229264914e-06
918,0.00024441318754813015,8.797783635397948e-05,0.7071067757134692,0.7071067389455371,0.500092498589291,0.00011073641828826375,3.1612573005073577e-07,0.9999999662609949,0.0002349794705961603
919,0.00010786082084440601,0.00010770822937065647,0.7071067729833568,0.7071067729600973,0.5000406694574026,0.00015243033600604067,2.0142384962932377e-10,0.9999999883824897,1.087027085839174e-07
920,0.7071067797396667,0.7071067794894889,4.898977757841286e-05,4.523486913472552e-05,0.5000250298219736,1.7755771378886012e-10,4.0864235076750824e-05,5.2690663161609155e-05,0.9999999977768993
921,0.00017601205614858385,9.628867551718697e-05,0.7071067746306025,0.7071067592802084,0.5000667648741765,0.00019259839391560441,0.9999999798741175,1.308501972846457e-07,5.619262788380669e-05
922,5.235468985778341e-05,2.9259884032783276e-05,0.7071067805811629,0.7071067792483566,0.5000198214563187,5.7691258698410174e-05,1.1495855997388536e-08,0.9999999982014207,1.63973465105657e-05
923,0.7071067134712996,0.7071067079363963,0.0003218560966518621,0.0003212699677965332,0.5001232119803326,1.8798119106047404e-10,5.028761616726201e-06,0.0004547311851155147,0.9999998965971203
924,0.0009212779815457565,0.000549859425456203,0.7071065673960419,0.7071061810272073,0.5003487848322424,0.001041353207997699,3.3282888739395867e-06,0.9999994244450433,0.00025822858717994545
925,1.997823979639668e-05,1.217776665770895e-05,0.7071067810816861,0.7071067809043211,0.5000075843183566,5.4590728839647646e-06,1.5237070475377755e-09,0.9999999997262878,2.2751408514188666e-05
926,0.0017421933131040398,0.0016522292018257612,0.7071048508804497,0.7071046349462421,0.5006567564813865,6.393049929248268e-05,0.9999971174447017,1.846431164153446e-06,0.0024002107755050264
927,0.7071067811783754,0.7071067811770417,3.666380950002896e-06,3.3994658242602927e-06,0.5000018583366683,9.301916270359494e-13,2.709712556640302e-06,4.201925156549523e-06,0.9999999999875
928,0.7071067755513805,0.7071067746174449,9.63852274349289e-05,8.92710912034959e-05,0.5000489585401675,0.9999999913702783,7.37070568030585e-05,0.00010875067618077862,6.523482062546986e-10
929,1.2644092181334089e-05,4.058984472921813e-06,0.7071067811748982,0.7071067810735008,0.5000047945824067,1.17853868915111e-05,0.9999999999118268,8.679023747299739e-10,6.119891980982393e-06
930,0.7055835033182233,0.7053304851794299,0.050088987577757725,0.04638879008119863,0.5249342959267738,0.997666849370796,0.05643325836237961,0.0384202273856779,0.00017647894209127656
931,0.0020835065583443215,0.0014543975644808332,0.7071052854615955,0.7071037116296457,0.500790104602414,0.0004453863544433545,1.3573713707039097e-05,0.9999967717667394,0.0025015800705768428
932,0.0016669787074773301,0.0015424474020082559,0.707105098875698,0.707104816262757,0.5006332174458488,8.72289953844213e-05,0.999997421012681,2.446437314996511e-06,0.002269438939806276
933,0.7071067658510539,0.7071067631365984,0.0001597700957202608,0.0001472673209178437,0.5000821297827603,1.9202054017645484e-09,0.0001671732710392398,0.00013880650109710765,0.9999999763929273
934,0.0009991988740120472,0.000997545966147766,0.7071060775456848,0.7071060752119224,0.5003781683324469,1.160897073325398e-06,0.9999990032513296,2.0248846044192897e-08,0.0014119118232816838
935,8.325928883888741e-07,6.625986291576486e-07,0.7071067811862357,0.707106781186056,0.5000003221594533,1.1994519035521794e-07,1.5216511278842858e-12,0.9999999999994321,1.0572894648429891e-06
936,0.7071067808344561,0.7071067807894247,2.3698426944119567e-05,2.231437215379706e-05,0.5000114474907051,0.9999999994702257,2.9822632661210557e-05,1.3044432735785162e-05,3.2114373776050754e-11
937,0.0003254178150287176,0.0003127494217798321,0.707106712022874,0.707106706306232,0.500123675791964,0.0004512529165977773,4.926495566529846e-08,0.9999998981455176,8.930775411365074e-06
938,0.00016104654778662002,0.00016051283376707252,0.7071067629683874,0.7071067628470331,0.5000612818912462,0.00022737682265584714,1.0380688475112898e-09,0.9999999741498206,3.753356569900455e-07
939,0.018508914873761596,0.018433285736690605,0.706866475352277,0.7068644990874825,0.5069535625158966,0.026122079957650535,0.9996587586565518,1.6982073926223593e-05,5.377304851773599e-05
940,0.001024326172055959,0.0010037625257258752,0.7071060687483792,0.7071060392585323,0.5003877173234305,0.001434074978456266,0.9999989716077773,2.550251137655455e-07,1.4569522163175846e-05
941,0.0011609919074808128,0.0011321398733939111,0.7071058748584312,0.7071058280751129,0.5004406037855434,2.038491848436429e-05,0.9999986851776062,3.973996165511107e-07,0.0016214892405633482
942,0.7071067797630984,0.7071067795869536,4.7562269472650645e-05,4.4867171038199794e-05,0.5000229306107377,0.999999997862386,2.4947067962913648e-05,6.0439029727601344e-05,1.2463895256198978e-10
943,0.00033020149971940926,0.00024194615438943577,0.7071067397939712,0.7071067040885478,0.5001248704742023,6.257609649454328e-05,0.9999999162144644,3.043577310689997e-07,0.0004045432032652315
944,0.7071066783163293,0.7071066783009357,0.00038144752928883545,0.0003814189921966785,0.5001449263765106,1.1053359358896307e-11,2.4296054205059805e-07,0.0005394280361448244,0.9999998545086575
945,0.00017132834157364496,0.00015503436274800128,0.7071067641907738,0.7071067604305588,0.5000648241647857,1.1529971162881126e-05,3.244783787366822e-08,0.9999999733054724,0.00023077286058912833
946,0.7071065152133377,0.7071064739895614,0.0006591221828662223,0.0006133048605645367,0.5003293021763384,2.984773866692562e-08,0.00045601634303676816,0.0007762950462432389,0.9999995947074678
947,0.6842685110745174,0.6842187042135919,0.17845101513936606,0.178259956136538,0.5621065070040416,0.9676665861739528,0.25222738151657326,0.0016506905717723164,3.516207537472513e-05
948,0.010191539417228137,0.010168142762386754,0.7070336688395825,0.7070333319754478,0.5038546263493292,0.014396469478408636,0.9998963653241608,2.932055008684406e-06,1.6416042203719404e-05
949,0.0005061424999751615,0.00022814617130797037,0.7071067443811612,0.7071066000397466,0.5001913143015251,0.0005192869769214827,1.250386269827738e-06,0.9999998458837541,0.00019639740671235917
950,1.4747940825709117e-05,1.2363779746433512e-05,0.7071067810784566,0.7071067810327502,0.500005585818403,1.7051627597006537e-06,0.9999999998148172,3.8857558888001494e-10,1.9169173904471402e-05
951,2.5641559239295135e-05,1.0667126166803243e-05,0.7071067811060872,0.7071067807216318,0.5000097289187592,1.0619439588971802e-05,0.999999999614361,3.2629446123237236e-09,2.5661345321260126e-05
952,0.00023528192919125633,0.00020841047743594713,0.7071067504734175,0.7071067420428234,0.5000891389097406,1.9015451998786917e-05,7.17438539491361e-08,0.9999999506037425,0.00031373703182144085
953,0.7070497630218229,0.7070493249918094,0.00901399071566264,0.00897956629128257,0.5034871300320587,3.1267252908781616e-07,0.01271996170897554,0.0002953193589770796,0.9999190544041512
954,0.7071066268438105,0.7071065953701866,0.0005126246041019401,0.00047510435541430786,0.5002592252557166,0.9999997557459052,0.0005816684480576433,0.00038751767675620775,1.841356457050269e-08
955,0.7071061446998844,0.7071061460855856,0.0009516399343513029,0.0009487505817682856,0.500367456034956,0.9999990971264775,2.484343705585947e-05,0.0013435509051364838,2.6886945129378037e-09
956,0.0002570948773890059,0.00025494476799683014,0.7071067352268419,0.7071067344483587,0.5000975867798393,0.00036206670368789384,0.9999999344526904,6.728499674416332e-09,1.5207857207512627e-06
957,4.251746647339727e-05,1.1985473178794215e-05,0.7071067810849695,0.7071067799082849,0.5000161562123737,2.1382583566903415e-05,0.9999999990243055,1.0054694140167986e-08,3.865451645850002e-05
958,0.001964627319844617,0.0015808426519485612,0.7071050140795958,0.7071040519184497,0.5007462837607619,0.0002702774417144221,8.273606209729123e-06,0.9999968205487171,0.0025071446110266384
959,0.7071067743179756,0.7071067681369945,0.00013584864838545304,0.00013101224574122764,0.5000605700566362,6.380393341117078e-10,4.271071297702631e-05,0.00018383378035417855,0.9999999821904687
960,0.70710678117656,0.707106781175769,3.904180442878827e-06,3.7581870951195004e-06,0.5000017578022845,0.9999999999853163,1.2895290626705766e-06,5.263431387318374e-06,5.679424663526577e-13
961,0.7068006136490624,0.706759013356164,0.022174410628806623,0.020806069914951163,0.5107695269892484,0.999537594142668,0.012933670564252396,0.02751939675530987,2.938436822600422e-05
962,0.7067606045737366,0.7067604897973607,0.022127302328252326,0.022123467688538706,0.5083222934149794,0.9995103474547425,3.301663875124852e-05,0.03129000224981236,8.581939852747735e-08
963,0.0007356023642901191,6.350765519349684e-05,0.7071067783346311,0.7071063985633032,0.5002784486427451,0.0004736828298299565,0.999999727422584,3.27172893939962e-06,0.0005663644033143979
964,0.7070256985164219,0.7070117125351184,0.01159507601284807,0.01070801743421722,0.5058787482431754,9.976649513736529e-06,0.009516898194460667,0.01259111090696512,0.9998754384798955
965,0.0035930155796825578,0.0034691806017431073,0.7070982709538692,0.7070976525481067,0.5013611114367748,8.730512078633218e-05,5.3468245542054e-06,0.9999875274204206,0.004993731352329313
966,0.7071066484802951,0.7071066427961211,0.00044239528954076327,0.0004332146785798983,0.5001863461113286,3.96760475759181e-09,7.87213354559043e-05,0.0006141591823696684,0.9999998083057003
967,0.0044814040470897805,0.004199651616847562,0.7070943097821517,0.707092580231024,0.5016953535795391,0.0001988461194255771,1.491758625203496e-05,0.9999811396829096,0.006138445744400809
968,0.707103727374622,0.7071037268830112,0.002078323400152719,0.002078156133707197,0.5007908700886238,0.9999956809101368,0.0029390745219836805,1.4233459203127975e-06,3.4601234535185423e-10
969,0.0008430410740425321,0.00023156519125506914,0.7071067432697539,0.7071062786326698,0.5003197574625248,0.00043053078183557413,0.9999996178218058,3.942500913548342e-06,0.0007609099396221819
970,0.7071063678579735,0.7071063152315092,0.0008163395697916553,0.0007645486931255164,0.5004008105344848,0.9999993745273051,0.0004993087877827961,0.001000817531726156,4.0791960468471046e-08
971,0.7010318298285826,0.700993347669897,0.09278106769465469,0.09248985656383217,0.534309247588669,0.9913815103974183,0.13098292588017052,0.0024845960694061895,2.742980009347156e-05
972,0.7071067733391161,0.7071067733312735,0.00010539941164709838,0.00010534678328574841,0.5000399404174614,5.50702437285471e-12,4.5338015459833516e-07,0.0001490193785071068,0.9999999888965106
973,0.0003215402031046714,0.0003164791693847083,0.7071067103633907,0.7071067080801161,0.5001219215693334,3.5744985609413434e-06,0.9999998982264121,1.9644296122275382e-08,0.00045114785805439235
974,0.7071066548890318,0.7071066547093883,0.00042292516883864954,0.0004226247084631743,0.5001603514780066,0.9999998212613135,0.0005978884562807028,2.595474342318295e-06,1.2717699392615335e-10
975,0.7071067796874348,0.7071067796632433,4.6414198158389816e-05,4.6044172398305404e-05,0.5000183458232812,1.7129775596750262e-11,6.530114554388536e-05,3.178677899292288e-06,0.9999999978628288
976,0.0007525182299891762,0.00066659903603766,0.707106466980558,0.7071063807634006,0.5002835479563139,6.160152887989811e-05,0.9999994946806209,7.386525551373713e-07,0.0010034157727243677
977,0.0019348607897630046,0.0019112927371014716,0.7071041980925262,0.707104133995681,0.5007359045387271,0.0027196420368885118,5.481932613357369e-07,0.9999963016299392,1.653292279677651e-05
978,0.707106778383868,0.7071067782467642,0.00010774072380548344,0.00010683711585401464,0.5000424613805384,9.801635793423744e-11,0.0001515297522616223,7.808141242639042e-06,0.9999999884888852
979,0.7071067787225467,0.7071067836496293,6.29861660287519e-05,5.903070064806702e-05,0.5000308961947016,2.4301756371181815e-10,3.757457363036269e-05,7.771764372714639e-05,0.99999999627406
980,0.6930661202699937,0.6930647760778682,0.14021845869974778,0.14021181453036394,0.5498466679243077,9.444813467890798e-07,0.19829413974568064,5.689068942196533e-05,0.9801425564197667
981,0.7071067041765813,0.7071066986942777,0.00034155772495879946,0.0003411145145302403,0.5001300457643016,0.9999998834895971,3.806360781854063e-06,0.0004827072644158474,1.517528268069396e-10
982,0.004248077035420588,0.004018611545385136,0.7070953618581067,0.7070940205103567,0.5016120040315368,0.00016120999778812732,1.1544010256152022e-05,0.9999829020885727,0.005845460511215831
983,0.7071067800041555,0.7071067799920884,4.1100124528613003e-05,4.089198831682019e-05,0.5000159540134471,0.9999999983193126,5.7949428309830396e-05,1.7996397790345213e-06,8.625340061977554e-12
984,0.7071063964403407,0.7071063907687392,0.0007430572034516328,0.0007426733687948681,0.5002828246229696,2.8263321046759896e-10,0.0010505650593554965,3.2857845123967855e-06,0.9999994481509782
985,0.7071067480895556,0.7071067422320082,0.0002347126110829956,0.00021634737648287144,0.500120549433181,4.106751956360767e-09,0.00021395921528777706,0.00023689164465184835,0.999999949051874
986,0.000972972373140291,0.0008682127698174394,0.7071062481739122,0.7071061117857497,0.5003692004398193,0.0013019346878634635,1.16783304206851e-06,0.9999991497646306,7.372056094595603e-05
987,0.7071067829316534,0.7071067773935011,7.324055207836513e-05,7.058773989245653e-05,0.5000327932607754,0.9999999948265973,9.897302788053156e-05,2.347652538235457e-05,1.8901814140493933e-10
988,0.007271922537431399,0.0068826813893949415,0.7070732838234631,0.7070693877855693,0.5027440218464077,0.01000882593064503,0.9999498720977911,3.3644720924325234e-05,0.0002748875075566018
989,0.7071067448730118,0.7071067373630537,0.00024894935461978774,0.00024249881934589181,0.5001069115823299,1.5777567018284744e-09,5.642682678686004e-05,0.0003429248777334856,0.999999939609273
990,0.7071067807858127,0.7071067807149715,2.58245861378625e-05,2.3805982223668306e-05,0.500013249441443,0.9999999993831832,2.256690708657246e-05,2.691409934163686e-05,5.070376392220216e-11
991,0.7071044634035847,0.7071040645898221,0.001960061364318296,0.0018104791431749262,0.501001325174156,0.9999964401559832,0.002134070153816901,0.0016016928102331686,2.833382578590631e-07
992,0.7071067229916694,0.7071067229574712,0.0002869640119519566,0.00028687973188122975,0.500108663513105,0.9999999176758325,7.265671328683152e-07,0.0004057681564884195,2.476486171051744e-11
993,0.7071067801325648,0.7071067800143682,4.0715020493680875e-05,3.860774292704883e-05,0.500019251484591,8.313637877410379e-11,5.268797457011581e-05,1.929373067658958e-05,0.999999998425866
994,0.0003626913356622544,0.00035350837736618023,0.7071066928206995,0.7071066881701763,0.5001368272010157,6.58198843034058e-06,3.999227795117946e-08,0.9999998717434022,0.0005064285292722387
995,0.7071067697678972,0.7071067695719535,0.00012816212104669125,0.00012707644484382513,0.5000508066558083,1.3635226974996623e-10,9.37921130342054e-06,0.0001802386820320718,0.999999983713037
996,0.00011572413513828859,4.714723218014592e-05,0.7071067796147471,0.70710677171692,0.5000439182770424,4.80718797837903e-05,0.9999999921925294,6.788764997637839e-08,0.00011534310265380539
997,0.0007387194978077624,0.0007044610509451699,0.7071064302738501,0.7071063953136778,0.5002789057042155,2.434984556557552e-05,0.999999479013884,3.0258055350568136e-07,0.0010204797664633333
998,0.0005563429230489153,0.00041119440262923077,0.7071066616283321,0.7071065623246282,0.5002108653240547,0.00010232716000286409,8.52005104433126e-07,0.9999997607004676,0.0006841983901661635
999,2.1301122086874906e-05,1.3596255248367422e-05,0.7071067810558327,0.7071067808657061,0.5000080955906829,5.4192880589166265e-06,0.9999999996807017,1.6260422965667006e-09,2.4682529569156422e-05
1000,0.00175699691311545,4.880624313228465e-05,0.7071067795021847,0.707104598317567,0.5006663425250601,0.001209447467206576,0.999998455112663,1.876397241537732e-05,0.0012754046519177777
