traj,F_phi_plus,F_phi_minus,F_psi_plus,F_psi_minus,F_plusplus,F_ee,F_eg,F_ge,F_gg
1,0.38427484166134673,0.5935763239217777,0.5001365756377838,0.49986338704621197,0.3966011158625269,0.49999999999474215,0.50000000000024,0.4999999999997599,0.5000000000052595
2,0.6698395701713564,0.22652803409875397,0.5001205748853909,0.49987939603099,0.647831898216808,0.4999999999991982,0.49999999999935896,0.5000000000006424,0.5000000000007957
3,0.7013468579125397,0.0900698889541245,0.4998631813303469,0.5001367812411993,0.6030552847995994,0.5000000000079919,0.49999999999638595,0.5000000000036168,0.49999999999200856
4,0.6967315451292478,0.12068617991224649,0.5000718246151408,0.49992816506581744,0.6584911450903633,0.49999999999957867,0.5000000000012567,0.4999999999987348,0.5000000000004218
5,0.29216059811089007,0.6439271633471891,0.5001279598445343,0.49987200739964194,0.3697275068774101,0.49999999999511113,0.5000000000004994,0.49999999999950456,0.5000000000048845
6,0.5314190738043062,0.46646947166665786,0.4998852791333213,0.5001146945509614,0.5322561843653377,0.500000000001759,0.5000000000031058,0.49999999999689426,0.49999999999823874
7,0.542340074107471,0.45372595695761797,0.49989301687416937,0.5001069602399522,0.5019068788947585,0.49999999999829575,0.5000000000047007,0.4999999999953032,0.5000000000017077
8,0.24577916322578122,0.6630178058134313,0.4998853218414419,0.5001146518624231,0.383615046017313,0.4999999999970292,0.5000000000045792,0.49999999999541556,0.5000000000029667
9,0.5834591807581219,0.3994688778729384,0.500135916470642,0.4998640465727321,0.5985140439986559,0.5000000000014756,0.5000000000002671,0.4999999999997286,0.4999999999985279
10,0.6969199848703665,0.11959320595687566,0.49999514713147825,0.500004852821416,0.5614667546019463,0.49999999999272793,0.499999999998033,0.5000000000019617,0.5000000000072681
11,0.2394765277013354,0.6653202188211526,0.4999515863563783,0.50004840895631,0.41048002501592823,0.49999999999699674,0.4999999999976406,0.5000000000023558,0.5000000000029986
12,0.7071284005701,0.0,0.5000206031618148,0.4999793959891665,0.5628874799441888,0.5000000000000093,0.5000000000059488,0.4999999999940483,0.4999999999999889
13,0.3586636825367576,0.6093934384526744,0.5001328153022961,0.49986714940851795,0.38849129757360745,0.49999999999485634,0.5000000000003738,0.49999999999962474,0.5000000000051452
14,0.11175433247961841,0.6982198573315145,0.49986488177501526,0.5001350817209815,0.3642029446046795,0.49999999999653566,0.4999999999964566,0.5000000000035464,0.50000000000347
15,0.3230840264612197,0.6289806927447016,0.500069327796445,0.4999306625895335,0.45565015747705534,0.5000000000026812,0.5000000000012836,0.49999999999871486,0.4999999999973179
16,0.6464142421629075,0.2866158186997897,0.5001003069303223,0.4998996729426816,0.5185247680594779,0.4999999999912837,0.5000000000009415,0.4999999999990613,0.5000000000087133
17,0.5721132053210715,0.4155556284028013,0.5001349966179527,0.4998649669240315,0.5920455347340521,0.50000000000153,0.5000000000003046,0.49999999999969824,0.4999999999984676
18,0.178589458311092,0.684182587171865,0.49997750076440306,0.50002249822321,0.3583425464496276,0.5000000000044709,0.49999999999787836,0.5000000000021205,0.4999999999955303
19,0.5093466562635365,0.49047526314092205,0.49989016639256834,0.5001098094858916,0.4864946229935213,0.5000000000018813,0.4999999999953446,0.50000000000466,0.49999999999812084
20,0.6754412480779055,0.20923460797493326,0.5001072350915675,0.49989274190476723,0.5330365026638102,0.5000000000084307,0.5000000000008459,0.4999999999991529,0.49999999999157246
21,0.6880899785474156,0.1628870204240202,0.5001028426369439,0.4998971362054867,0.6568705252822885,0.49999999999943123,0.5000000000009047,0.4999999999990942,0.500000000000567
22,0.6488053774604644,0.2811611320548821,0.4998713663597096,0.5001286005555825,0.5909405706890237,0.499999999998989,0.4999999999966408,0.5000000000033679,0.5000000000010097
23,0.18452222617918362,0.6826064371553147,0.5001098874150304,0.49989008842918,0.350753462326596,0.5000000000044907,0.5000000000008124,0.49999999999919553,0.4999999999955038
24,0.3365690452209857,0.621869182040881,0.5001014502723689,0.4998985291391388,0.3841984360541917,0.5000000000050602,0.5000000000009238,0.49999999999907735,0.4999999999949348
25,0.5618967482344656,0.42926919796735435,0.499991446381669,0.5000085534720063,0.5698086323023265,0.5000000000015974,0.4999999999980021,0.5000000000019996,0.49999999999840483
26,0.2126318631746307,0.6743794863094535,0.49991205631558083,0.5000879282189568,0.39685434739732117,0.4999999999969014,0.5000000000027586,0.4999999999972426,0.5000000000031006
27,0.6988260038471716,0.1078991026236681,0.49994106147739786,0.500058931575925,0.6402171156476933,0.5000000000003832,0.49999999999754235,0.5000000000024608,0.49999999999961686
28,0.28684839580348837,0.6463110701018377,0.5001356425398088,0.4998643206524052,0.4438435449022528,0.49999999999716577,0.49999999999971545,0.5000000000002828,0.5000000000028323
29,0.6680537242559844,0.23174172810869204,0.4999808519602885,0.500019147306436,0.6291180363101155,0.49999999999918554,0.5000000000020854,0.49999999999790606,0.5000000000008188
30,0.28027842468931385,0.6491871929528291,0.49991810796733765,0.5000818786222495,0.42194102970532377,0.4999999999971486,0.4999999999973085,0.5000000000026927,0.5000000000028502
31,0.23849339978254258,0.6656732675634689,0.5000185111754991,0.49998148813914206,0.36604805130234574,0.5000000000046904,0.4999999999982392,0.5000000000017548,0.499999999995314
32,0.6130229872695114,0.3524242004731924,0.5001315365676744,0.4998684288194745,0.6153173889440551,0.5000000000012821,0.49999999999958683,0.5000000000004065,0.49999999999872263
33,0.09671112818134704,0.7004619654674016,0.49994916281724006,0.5000508320144491,0.36817291788440326,0.500000000003508,0.49999999999761985,0.5000000000023823,0.4999999999964904
34,0.4694058533554908,0.528827140789503,0.5000172249564397,0.4999827744501392,0.5228825302646369,0.4999999999979307,0.4999999999982296,0.5000000000017683,0.5000000000020669
35,0.6581912268956418,0.25842661583664506,0.5001180366285279,0.4998819354996004,0.5224175202868769,0.5000000000067785,0.5000000000006883,0.49999999999931216,0.4999999999932214
36,0.615811279019618,0.34752909033953017,0.49988834638181856,0.5001116286906866,0.5417841206708479,0.4999999999987355,0.49999999999537,0.5000000000046303,0.5000000000012638
37,0.6180139861414062,0.3435967327315526,0.500063770256804,0.49993622160886325,0.6109863186996557,0.49999999999875777,0.5000000000013394,0.49999999999865696,0.5000000000012408
38,0.3837240608017855,0.5939325257651635,0.5001346477555285,0.4998653159746713,0.3964747375734388,0.5000000000101276,0.49999999999968625,0.5000000000003185,0.49999999998987166
39,0.6694017107150193,0.22781869270343003,0.5000696881998684,0.49993030208588934,0.534901732180303,0.49999999999311723,0.5000000000012818,0.4999999999987206,0.5000000000068842
40,0.039591091631438924,0.7059975587084739,0.4999987233860827,0.5000012766106516,0.3588785782247088,0.49999999999629313,0.4999999999980646,0.5000000000019295,0.5000000000037081
41,0.545020867992058,0.45050222358294983,0.5000736369219226,0.49992635223168996,0.5703887914958835,0.49999999999830874,0.499999999998759,0.5000000000012439,0.5000000000016899
42,0.7050260510089885,0.05420578750159902,0.5001379488099692,0.49986201311977674,0.5451485727427735,0.5000000000078754,0.4999999999998286,0.5000000000001709,0.49999999999212225
43,0.13191157559352962,0.6946936998216645,0.499908408842625,0.5000915743825685,0.3736473286696741,0.49999999999569167,0.500000000004892,0.4999999999951093,0.5000000000043104
44,0.3164131560459235,0.6323628030498422,0.4998988763343326,0.5001011032178102,0.402840181173055,0.4999999999950167,0.5000000000029178,0.49999999999708167,0.5000000000049789
45,0.6050552210191185,0.3659346743515817,0.500134093676879,0.4998658703512416,0.6109084995168516,0.49999999999866657,0.5000000000003314,0.4999999999996662,0.5000000000013333
46,0.47025082470094676,0.5280759054038328,0.49997580444226103,0.5000241943869496,0.4502307678382537,0.49999999999437184,0.5000000000021397,0.49999999999786443,0.5000000000056266
47,0.33728043751346704,0.6214836333088106,0.49986724422862344,0.5001327205325415,0.4329449670652828,0.500000000002628,0.500000000003467,0.49999999999653283,0.4999999999973681
48,0.25368864227924415,0.6600318725474639,0.5001002714086049,0.49989970847864795,0.4275849418656074,0.5000000000029431,0.49999999999905986,0.5000000000009378,0.4999999999970551
49,0.4998149534430618,0.5001849780978127,0.5001359410229501,0.4998640220070732,0.5512552349759007,0.4999999999980711,0.49999999999973016,0.5000000000002696,0.5000000000019285
50,0.7055253378641797,0.047265184138403776,0.49988959521170645,0.5001103804152401,0.5908587782853689,0.4999999999924722,0.5000000000030442,0.4999999999969559,0.5000000000075301
51,0.6248682930164127,0.3309676968870998,0.500037193632888,0.4999628036001777,0.6118061973855321,0.5000000000011869,0.499999999998411,0.5000000000015935,0.49999999999880984
52,0.7033096851742741,0.07318119116316785,0.5001384224535271,0.4998615392143055,0.5441546158623825,0.5000000000079422,0.4999999999998616,0.500000000000136,0.4999999999920546
53,0.07770666478854925,0.7028240759644154,0.4999051474766353,0.5000948345327721,0.3623826616770534,0.49999999999588035,0.4999999999951461,0.5000000000048513,0.5000000000041127
54,0.5200953629512329,0.4790624316690094,0.4998954678875825,0.5001045102630628,0.4901505534787419,0.4999999999941308,0.5000000000029626,0.49999999999704037,0.5000000000058684
55,0.06610686915002986,0.7040098592002705,0.5000092978631667,0.4999907019639312,0.36417735734571033,0.4999999999963932,0.5000000000018407,0.49999999999816114,0.5000000000036108
56,0.6260503916070026,0.32872618874790294,0.5000017796123831,0.4999982203812804,0.607761075825346,0.4999999999988196,0.49999999999809414,0.5000000000019036,0.5000000000011838
57,0.7011458043786547,0.09162183692879128,0.5001210135251667,0.49987895717919256,0.5451833581266831,0.5000000000073777,0.5000000000006347,0.4999999999993625,0.49999999999261924
58,0.4226915128191273,0.5668614336772951,0.4998608220799457,0.5001391391898449,0.46401656367824967,0.5000000000022816,0.5000000000037871,0.49999999999621125,0.49999999999771944
59,0.3580880434744075,0.6097318698581127,0.500003521891389,0.4999964780837954,0.465846354848078,0.500000000002544,0.49999999999810535,0.5000000000018868,0.49999999999745576
60,0.6599180397899728,0.25398462101695213,0.5001391124600829,0.4998608488245887,0.6437721900273262,0.5000000000009052,0.4999999999999371,0.5000000000000608,0.4999999999990936
61,0.4467256595385655,0.5481205935830519,0.5001377704289629,0.49986219159919226,0.5227246894688564,0.49999999999783,0.499999999999822,0.5000000000001799,0.5000000000021736
62,0.2864721660448152,0.6464779177060797,0.4998608837049119,0.5001390775991652,0.40630445581473484,0.5000000000028203,0.49999999999608524,0.5000000000039141,0.4999999999971767
63,0.6189968966912665,0.3418228223606223,0.4998762397590557,0.5001237296153335,0.5766008066531929,0.5000000000012315,0.500000000003266,0.4999999999967382,0.49999999999876865
64,0.1944280328312387,0.6798512631814209,0.5000711592506331,0.49992883062064775,0.35442727780037936,0.4999999999954748,0.5000000000012688,0.49999999999873174,0.5000000000045243
65,0.4096773811544277,0.5763370970561805,0.5001369090430984,0.49986305345845505,0.5032976927309752,0.49999999999766476,0.49999999999976874,0.5000000000002263,0.5000000000023328
66,0.3631650721439082,0.6067216251088354,0.5000861904258144,0.49991379471404673,0.3942617356222189,0.5000000000102116,0.5000000000011073,0.4999999999988948,0.4999999999897849
67,0.46269460653257743,0.534708990510731,0.4998711079513428,0.5001288588309016,0.4714150477762919,0.5000000000021035,0.49999999999568084,0.5000000000043223,0.4999999999978948
68,0.6403490058186238,0.29992191899605014,0.4999034580740477,0.5000965232888672,0.5976718136170442,0.49999999999892725,0.49999999999714245,0.5000000000028615,0.500000000001073
69,0.41588772404778573,0.5718718396514635,0.5001390797236293,0.49986088157926756,0.4077936667832485,0.5000000000099908,0.5000000000000686,0.4999999999999329,0.49999999999000566
70,0.44986492521497395,0.545547018194881,0.5001058220859731,0.4998941555126494,0.5215973936791941,0.5000000000021587,0.4999999999991305,0.5000000000008615,0.4999999999978415
71,0.5027814408966808,0.49720299947793767,0.5001161413907836,0.49988383162530264,0.5512072808178753,0.49999999999809264,0.49999999999928374,0.5000000000007166,0.5000000000019081
72,0.5885235787050433,0.3919693831260311,0.4999082842583441,0.5000916989211851,0.5212145970580042,0.5000000000014326,0.4999999999951097,0.5000000000048892,0.4999999999985602
73,0.600664618182766,0.37309787294003754,0.5000112603575965,0.4999887393888025,0.5944504000981473,0.5000000000013584,0.5000000000018219,0.49999999999817424,0.4999999999986399
74,0.2905280262960274,0.6446653906768498,0.5001294744845017,0.4998704919795353,0.44545636836747216,0.4999999999874198,0.5000000000004627,0.499999999999544,0.500000000012581
75,0.3091584374871942,0.6359410825937224,0.49993729690096406,0.5000626952366696,0.4362719053633812,0.49999999999726,0.49999999999750633,0.5000000000024989,0.5000000000027391
76,0.27072463484652715,0.6532290349389017,0.49988678393666736,0.5001131904333862,0.3905918808872644,0.5000000000048082,0.4999999999969172,0.5000000000030878,0.49999999999518635
77,0.3394171422057516,0.6203192755161451,0.4998607271964084,0.5001392340205659,0.42663313913689754,0.500000000010307,0.499999999996191,0.5000000000038098,0.4999999999896877
78,0.6998818916559355,0.10082329954978851,0.4999776020919104,0.5000223969048008,0.5662679680341296,0.4999999999926621,0.4999999999978795,0.5000000000021194,0.500000000007335
79,0.24111609778335685,0.6647277903713668,0.4998636053629742,0.5001363574401757,0.38898312099586857,0.49999999999530437,0.49999999999640565,0.500000000003593,0.500000000004696
80,0.11051904192521177,0.6984164579467925,0.5000027277221774,0.49999727226294766,0.3736792078638002,0.49999999999653355,0.4999999999981039,0.5000000000019024,0.500000000003464
81,0.04150942218059271,0.7058873620275664,0.5001123842383174,0.49988759049556813,0.3485546528023815,0.5000000000039964,0.49999999999922473,0.5000000000007747,0.49999999999600714
82,0.02539772652834307,0.706650523903411,0.4998744458208617,0.5001255226593511,0.3547330902611781,0.49999999999623873,0.5000000000032994,0.49999999999670347,0.5000000000037621
83,0.4805922961939401,0.5186820267167876,0.5001339129852747,0.49986605113973825,0.5405501685395653,0.5000000000020159,0.4999999999996585,0.5000000000003394,0.49999999999798256
84,0.6257341836576626,0.32932769607531837,0.5001373333374154,0.49986262893132305,0.6234384405971807,0.5000000000011765,0.5000000000002023,0.49999999999979244,0.49999999999882244
85,0.6942995018996407,0.1339709258665673,0.49994758517532584,0.5000524093306173,0.6388433953188337,0.4999999999995312,0.5000000000023933,0.49999999999760175,0.5000000000004694
86,0.23920679215256177,0.6654172454844266,0.500011525183775,0.4999884745505564,0.3667133319789662,0.5000000000046909,0.4999999999981785,0.500000000001819,0.49999999999530975
87,0.6891510792623514,0.15833758356318936,0.500017225081685,0.4999827743248877,0.5535023076908092,0.49999999999286926,0.5000000000017711,0.4999999999982291,0.5000000000071353
88,0.7071792818641996,1.1641532182693484e-10,0.500139137665162,0.49986082360547035,0.6722504228100323,0.5000000000000238,0.5000000000000535,0.4999999999999377,0.4999999999999755
89,0.6155608229676665,0.3479725272393698,0.5001047064350335,0.4998952716334986,0.6140995047346247,0.5000000000012566,0.49999999999911526,0.5000000000008853,0.49999999999874123
90,0.3004582784815638,0.640097510455942,0.5000592652630512,0.49994072771137127,0.44456255692545293,0.5000000000027766,0.5000000000013823,0.49999999999861594,0.4999999999972233
91,0.17162093935539438,0.685963740422752,0.5000912412715404,0.4999087420754809,0.39573430801344334,0.4999999999967466,0.5000000000010495,0.4999999999989504,0.5000000000032541
92,0.3324807801149651,0.624064524591924,0.5001218262147584,0.49987814409476466,0.38133835411781003,0.4999999999949586,0.4999999999993857,0.5000000000006258,0.5000000000050415
93,0.6021123986695877,0.37075687366299415,0.4998606719682925,0.500139289217925,0.5534468223970954,0.49999999999865846,0.4999999999961589,0.5000000000038455,0.5000000000013436
94,0.02392065356323256,0.7067020605128491,0.5000154889152811,0.49998451060488913,0.35097061447849903,0.49999999999606254,0.49999999999821554,0.5000000000017828,0.5000000000039364
95,0.02797687216697184,0.7065531081410348,0.5001349069291878,0.4998650566612208,0.34955161277126034,0.4999999999960508,0.49999999999969036,0.5000000000003025,0.5000000000039533
96,0.6983520080077252,0.11092552867387263,0.49993812156275974,0.5000618707803007,0.6393808982239098,0.5000000000003879,0.5000000000024805,0.49999999999751454,0.49999999999961237
97,0.43384272876138663,0.5583730741477887,0.5001382960593379,0.4998616656784802,0.5159273759831136,0.49999999999776845,0.4999999999998521,0.5000000000001507,0.5000000000022295
98,0.6995631180411924,0.10301189857284254,0.4998743418510602,0.5001256265769317,0.6216916267131049,0.5000000000003645,0.5000000000032989,0.4999999999967004,0.4999999999996374
99,0.7009252834620892,0.09329387441624522,0.5000653554766487,0.4999346359795626,0.6602575850214855,0.5000000000003341,0.500000000001326,0.49999999999867895,0.49999999999967026
100,0.5647999049767489,0.42544220211240386,0.500069243385802,0.4999307470235776,0.5810520024316453,0.5000000000015818,0.49999999999871303,0.5000000000012881,0.4999999999984144
101,0.015529537910454047,0.7069362301197387,0.500105871386555,0.49989410619119573,0.35598827766577457,0.4999999999962083,0.500000000000866,0.49999999999913425,0.5000000000037964
102,0.2742577713628744,0.6517535384231256,0.49995075564316727,0.5000492395072921,0.4236647825212042,0.49999999999712297,0.500000000002361,0.49999999999763434,0.5000000000028725
103,0.24750755657485007,0.6623745242386608,0.5000544120438876,0.49994558203412737,0.42204366472707316,0.4999999999970371,0.4999999999985679,0.5000000000014326,0.5000000000029705
104,0.40718476938425,0.5781008273781139,0.5001391648492209,0.49986079640628855,0.5022350016013727,0.49999999999766004,0.500000000000053,0.4999999999999525,0.5000000000023419
105,0.45204357763945985,0.5437431414877069,0.5000728757279972,0.49992711364871123,0.4293538064799949,0.4999999999944595,0.4999999999987499,0.5000000000012506,0.5000000000055435
106,0.43870779904458945,0.5545588121825339,0.5000222011724338,0.49997779784173857,0.5075230130847187,0.5000000000022012,0.5000000000017301,0.4999999999982704,0.4999999999977955
107,0.35920162704644565,0.6090765067930156,0.5000593884893736,0.49994060445580146,0.4716126003333514,0.49999999999745054,0.4999999999986159,0.5000000000013827,0.500000000002546
108,0.2924480111975161,0.6437966818259605,0.5000297878489961,0.4999702103762694,0.378182727079835,0.4999999999951067,0.5000000000016614,0.4999999999983418,0.5000000000048926
109,0.6563032979349386,0.2631843101701156,0.4999502020486367,0.5000497929921812,0.5476823613295282,0.5000000000067552,0.4999999999976304,0.5000000000023658,0.49999999999324146
110,0.6928612998262722,0.14122049028214934,0.5000225745705005,0.4999774244102309,0.5546327294045847,0.4999999999918202,0.5000000000017238,0.4999999999982762,0.500000000008182
111,0.11462590217877644,0.697754185056032,0.5000529682367473,0.4999470261513971,0.37673031979372595,0.5000000000034439,0.49999999999855527,0.500000000001452,0.49999999999655476
112,0.6964928210822892,0.12205637025396061,0.49986633268473746,0.5001336315909157,0.6150729429714533,0.49999999999957495,0.4999999999965055,0.5000000000035011,0.5000000000004186
113,0.17440512272518255,0.68526115724345,0.4998938226455862,0.5001061548119391,0.3654965522602864,0.4999999999967704,0.49999999999529066,0.5000000000047095,0.5000000000032339
114,0.6661240874483955,0.23723132196454663,0.5001062635246777,0.49989371388665216,0.6440572567792381,0.5000000000008458,0.49999999999913936,0.5000000000008653,0.49999999999915845
115,0.5039735186961113,0.49599464962140655,0.49997599221931804,0.500024006627996,0.46552574992272416,0.5000000000057926,0.5000000000021411,0.4999999999978648,0.4999999999942091
116,0.6043599204289928,0.36708185269645416,0.4998681146988099,0.500131850522902,0.5641677639812844,0.4999999999859573,0.4999999999965575,0.5000000000034477,0.5000000000140427
117,0.6460668181396246,0.28739809759101814,0.49987358250875114,0.5001263855365657,0.564368147016042,0.49999999999896655,0.49999999999562283,0.5000000000043802,0.5000000000010287
118,0.3872964349427134,0.5916092272051523,0.4999759052267024,0.5000240936122416,0.41579879852062723,0.5000000000052653,0.4999999999978646,0.5000000000021398,0.49999999999473166
119,0.5328532191080453,0.4648305571777697,0.4998743556746897,0.500125612760245,0.5040513324323032,0.49999999999055084,0.49999999999670064,0.5000000000032963,0.5000000000094518
120,0.134467198420135,0.6942035526767643,0.5001390604149395,0.499860900898697,0.34556251910157504,0.4999999999956842,0.49999999999992584,0.5000000000000698,0.500000000004317
121,0.6127661904127429,0.352870508667207,0.5000332552079739,0.49996674258005835,0.6042352518404427,0.5000000000012872,0.4999999999983715,0.5000000000016258,0.49999999999871236
122,0.6303167356397504,0.32046967791164305,0.5001082665616647,0.49989170998996313,0.623113624571732,0.5000000000011482,0.49999999999916866,0.500000000000834,0.4999999999988469
123,0.2180801825322471,0.6726373718332233,0.4998606832534401,0.5001392779390604,0.38543861034143184,0.500000000010778,0.4999999999961719,0.5000000000038289,0.49999999998922606
124,0.6193849563718946,0.3411191519398831,0.5001124122820804,0.4998875624391946,0.5029313736749588,0.5000000000064558,0.499999999999226,0.5000000000007753,0.49999999999354333
125,0.6300170997653323,0.3210583342685267,0.4998610533534055,0.500138908044975,0.5708634972374419,0.5000000000011572,0.5000000000037508,0.4999999999962454,0.4999999999988447
126,0.4081026283470525,0.5774532403028183,0.499969218408265,0.5000307796968387,0.48563779889254116,0.5000000000023431,0.4999999999978032,0.5000000000021969,0.49999999999765393
127,0.6509537488836531,0.2761507165827641,0.5001064117413824,0.49989356560687914,0.5200906345040968,0.49999999999328787,0.49999999999914063,0.5000000000008599,0.5000000000067083
128,0.05815011268236375,0.7047116888451777,0.49995006584667445,0.5000499291669807,0.35090890862300816,0.49999999999595546,0.4999999999976296,0.5000000000023671,0.5000000000040388
129,0.7070381787761665,0.009849934149100584,0.5001282757871137,0.4998716912950863,0.5474788100154261,0.5000000000076462,0.5000000000004898,0.49999999999951167,0.4999999999923561
130,0.18665640040413695,0.6820259439260113,0.49986567447473207,0.5001342894482612,0.3808703645665245,0.500000000003191,0.5000000000035151,0.4999999999964811,0.49999999999680544
131,0.607718469986271,0.3614944829973876,0.5001170775866981,0.49988289499255845,0.49631467309071203,0.4999999999909984,0.500000000000703,0.4999999999992978,0.5000000000090045
132,0.32193091278170577,0.6295716697847371,0.49993564992739137,0.5000643417918041,0.44147071381094477,0.49999999999730765,0.5000000000025046,0.4999999999974893,0.5000000000026968
133,0.19033342580578783,0.6810089478274359,0.500019183431639,0.49998081583232296,0.39850975976571396,0.4999999999968295,0.4999999999982474,0.500000000001751,0.5000000000031694
134,0.6026272783186698,0.369919401256866,0.5000759787905709,0.49992400966211964,0.6035164604764511,0.5000000000013473,0.49999999999878253,0.5000000000012162,0.49999999999865874
135,0.3949474088281865,0.5865292356395375,0.5001315771498082,0.49986838821598156,0.49533073618709633,0.49999999998701494,0.4999999999995919,0.5000000000004061,0.500000000012984
136,0.6902688595478869,0.15339133462637916,0.5001321093256902,0.4998678557593358,0.6612977244069393,0.49999999999946165,0.4999999999996045,0.500000000000396,0.5000000000005407
137,0.5269240566672997,0.47154113129744746,0.49997343215538087,0.500026566432991,0.5479270229866832,0.5000000000135912,0.5000000000021573,0.49999999999784045,0.4999999999864091
138,0.3930842517899803,0.587779525838313,0.5001391162195528,0.4998608450630253,0.3994425234775823,0.5000000000100895,0.49999999999993866,0.5000000000000586,0.49999999998991135
139,0.35860958299286877,0.609425275965543,0.5000543053672508,0.4999456887339645,0.47087914493021726,0.500000000002545,0.49999999999856853,0.5000000000014335,0.4999999999974526
140,0.2172357698020331,0.6729105589292763,0.5001041695288293,0.49989580876406725,0.41325240256677415,0.4999999999969203,0.49999999999911104,0.5000000000008901,0.5000000000030729
141,0.7006170151567902,0.09558136885808226,0.5000758762111865,0.4999241122726642,0.5509778252655754,0.5000000000080194,0.49999999999878064,0.5000000000012168,0.49999999999197553
142,0.2754502860972443,0.6512504432927062,0.5001369726410098,0.4998629898256897,0.3649731250045617,0.49999999999517486,0.49999999999977446,0.5000000000002174,0.5000000000048254
143,0.6846193353882821,0.17690778844500962,0.5000211340692641,0.49997886503740185,0.6448660540623078,0.5000000000006154,0.4999999999982659,0.5000000000017357,0.49999999999938227
144,0.6997157753225258,0.10196976887684761,0.5000538914989838,0.49994610269180606,0.6581448137459551,0.49999999999965083,0.5000000000014375,0.49999999999856604,0.5000000000003505
145,0.6932092874750931,0.13950227151655364,0.5001169311994587,0.4998830414483271,0.5413884568750731,0.5000000000081818,0.5000000000007006,0.4999999999992937,0.49999999999182304
146,0.5952761291637743,0.3816363845963833,0.5001305140562121,0.49986945186705106,0.4883628024657008,0.5000000000090824,0.49999999999956063,0.5000000000004365,0.4999999999909228
147,0.5961122564829459,0.38032903868993895,0.5000858532868929,0.4999141319690011,0.49445070589264434,0.5000000000062985,0.4999999999988925,0.5000000000011073,0.4999999999937042
148,0.35141964484912797,0.6135994077687118,0.49988421514357245,0.5001157580503696,0.44476173172578753,0.49999999999743217,0.5000000000031258,0.49999999999687555,0.5000000000025691
149,0.48453144246820196,0.5150041565460285,0.49997921665867867,0.5000207824774656,0.5259807004655378,0.4999999999979982,0.4999999999978935,0.5000000000021095,0.5000000000020047
150,0.13715943156460897,0.6936766520807413,0.5000481804178816,0.4999518149389673,0.3494801574308894,0.5000000000043262,0.49999999999851175,0.5000000000014901,0.49999999999567524
151,0.06489108359636013,0.7041229631745367,0.49988211835532376,0.5001178538590643,0.35360104376054696,0.5000000000040778,0.49999999999684325,0.5000000000031593,0.4999999999959221
152,0.5705740434578715,0.4176664469790857,0.5000852505679283,0.49991473489427335,0.5860626038642832,0.4999999999984524,0.500000000001116,0.49999999999888345,0.5000000000015463
153,0.6798357747919718,0.19448218250781163,0.5000892212543527,0.49991076282193864,0.6504036170697842,0.5000000000006823,0.50000000000107,0.49999999999892764,0.49999999999932015
154,0.6314217717179276,0.31828689291360596,0.49988016817534014,0.5001198031122074,0.5533202953487316,0.5000000000065538,0.49999999999681116,0.5000000000031884,0.49999999999345035
155,0.7040828353027875,0.06532504138525441,0.5000430318313444,0.4999569644648566,0.6593679712850988,0.5000000000002296,0.49999999999846095,0.500000000001536,0.49999999999976785
156,0.6782622156492099,0.199900910376316,0.4999448171158378,0.500055176794527,0.5607918111381275,0.5000000000006969,0.49999999999472644,0.5000000000052679,0.4999999999993048
157,0.7070779679025136,0.00638336172055101,0.500037742322951,0.49996225482787465,0.6604844576114188,0.499999999999967,0.4999999999984177,0.5000000000015891,0.5000000000000366
158,0.6464568335799887,0.2865197415846401,0.4999308203086578,0.5000691701210047,0.6076341410631467,0.4999999999989824,0.49999999999744194,0.5000000000025562,0.500000000001012
159,0.28351458406530144,0.6477804262420065,0.5001319846294956,0.4998679805214166,0.4423224309185772,0.5000000000028337,0.49999999999960054,0.500000000000397,0.49999999999716294
160,0.24140998856759716,0.6646211134343479,0.4999634255243939,0.5000365718004195,0.37168086576085185,0.5000000000106819,0.49999999999775246,0.50000000000225,0.49999999998931677
161,0.2636315805872802,0.6561237609758169,0.4999749783631787,0.5000250203847125,0.4219572971360351,0.5000000000029108,0.5000000000021365,0.49999999999785694,0.4999999999970881
162,0.40747458773841183,0.5778965827441894,0.49988500471110914,0.5001149688471369,0.44141013941642887,0.4999999999946468,0.50000000000311,0.4999999999968886,0.5000000000053538
163,0.3747109198787455,0.5996596755857609,0.5001321472936626,0.49986781777128414,0.48523552392197256,0.4999999999975195,0.4999999999996078,0.5000000000003879,0.5000000000024765
164,0.5095834559243346,0.4902292335716158,0.5001099245810465,0.499890051246811,0.44998467702831174,0.5000000000058213,0.5000000000008097,0.49999999999918987,0.49999999999418104
165,0.6134575443008689,0.35166723097318336,0.5000232038852049,0.49997679503790177,0.5120594822701042,0.5000000000064184,0.500000000001716,0.4999999999982814,0.4999999999935806
166,0.06471376721498599,0.7041392871812736,0.5001269294386926,0.49987303833096236,0.3658931593649329,0.5000000000036261,0.49999999999948197,0.500000000000521,0.4999999999963687
167,0.1923340755205785,0.6804466258005245,0.5001196757372315,0.49988029561134956,0.3514176880577954,0.4999999999891337,0.49999999999934425,0.5000000000006597,0.500000000010871
168,0.4107857299630572,0.5755476383920909,0.5001145522327822,0.4998854215167733,0.5020856450110535,0.5000000000023223,0.4999999999992578,0.5000000000007406,0.49999999999767253
169,0.6205212643330638,0.3390477356490578,0.4998870185081736,0.5001129559679591,0.5815412243122391,0.49999999999877864,0.5000000000030832,0.4999999999969179,0.500000000001225
170,0.5448144275328546,0.4507518640121377,0.5000979000011079,0.4999020808263142,0.46783432546438986,0.4999999999983044,0.4999999999932773,0.5000000000067198,0.5000000000017014
171,0.6926176383066726,0.14241069870794268,0.5000112095984788,0.4999887901502048,0.6481983932071244,0.5000000000004917,0.4999999999981732,0.5000000000018264,0.49999999999950556
172,0.4845245839329982,0.5150106144450495,0.4999864109826929,0.5000135886479912,0.526966810066778,0.500000000002,0.49999999999795364,0.5000000000020434,0.49999999999799394
173,0.6212637100613699,0.3376853602997596,0.500106941263514,0.49989303585872513,0.617676433506123,0.49999999999109296,0.5000000000085447,0.49999999999145595,0.5000000000089037
174,0.6713166337205791,0.2221125329423521,0.49997447271300505,0.5000255259837753,0.5510893231152734,0.50000000000691,0.4999999999978497,0.5000000000021491,0.49999999999308786
175,0.27287376154824106,0.6523342024576936,0.5001083983166869,0.4998915781778245,0.3663197049034877,0.49999999999517714,0.500000000000829,0.49999999999916905,0.5000000000048284
176,0.13436090473075374,0.6942241335720499,0.5000077323525536,0.49999226752786396,0.38036869744564666,0.500000000012009,0.5000000000018544,0.4999999999981438,0.49999999998799083
177,0.16804543438567404,0.6868484053866102,0.5000244310687654,0.4999755677374207,0.3538031905149393,0.49999999999556966,0.49999999999829187,0.500000000001707,0.5000000000044297
178,0.022254868449786372,0.7067564791569164,0.5000937565052657,0.49990622591087264,0.3509051243481405,0.4999999999960793,0.49999999999898415,0.5000000000010164,0.500000000003919
179,0.48850697597779685,0.5112347155867082,0.5001313119922984,0.4998686535129626,0.43835040611561676,0.5000000000057048,0.5000000000004156,0.4999999999995846,0.49999999999428957
180,0.4687776262034927,0.5293841111811155,0.500056513428375,0.49994348018336776,0.5268201529279353,0.5000000000020762,0.4999999999985885,0.5000000000014116,0.4999999999979252
181,0.17593824645927655,0.6848691359908345,0.5000067876260335,0.49999321228181964,0.392791443158193,0.5000000000032325,0.49999999999813827,0.5000000000018601,0.49999999999676503
182,0.7052670876811826,0.05097386618366072,0.49991271775308455,0.5000872670131943,0.6378265145073289,0.4999999999921311,0.5000000000049402,0.49999999999506106,0.5000000000078758
183,0.03144917635170478,0.7064070758068669,0.5001176594512969,0.4998823128546906,0.3588596651435498,0.4999999999962602,0.5000000000006909,0.49999999999930744,0.5000000000037412
184,0.6845800707759779,0.1770596698753226,0.4998774377422319,0.5001225322221137,0.5840253847293932,0.500000000008314,0.5000000000032367,0.4999999999967614,0.49999999999168737
185,0.6382395203683254,0.3043851556310865,0.5001391028468407,0.49986085844318545,0.509416500007223,0.5000000000087846,0.4999999999999364,0.5000000000000648,0.49999999999121103
186,0.6522299620833574,0.27312283579573476,0.499987896303751,0.500012103403258,0.5382641697461183,0.4999999999932712,0.49999999999796974,0.5000000000020313,0.5000000000067314
187,0.5541337935884255,0.4392445091327798,0.4999769244508139,0.5000230744842677,0.4896143400639704,0.4999999999939549,0.49999999999786954,0.5000000000021251,0.5000000000060418
188,0.6999903202532636,0.10006777167165244,0.4998915525979646,0.5001084238854576,0.6286954097142348,0.4999999999996519,0.49999999999698536,0.5000000000030149,0.5000000000003483
189,0.06316806676068686,0.7042796339256906,0.49991149916506344,0.5000884851729117,0.36042675024395054,0.49999999999637507,0.5000000000027639,0.499999999997235,0.5000000000036207
190,0.6079346725392721,0.36113077122362847,0.500089603891755,0.49991038004765337,0.6080826053870357,0.4999999999986935,0.5000000000010673,0.4999999999989346,0.5000000000013114
191,0.25409807781087224,0.6598743568686514,0.5001377193693024,0.4998622426869957,0.3602435808404389,0.4999999999970523,0.49999999999249184,0.5000000000075085,0.5000000000029442
192,0.6911056178547103,0.14957615107248542,0.499899355304684,0.5001006244406769,0.6258789765348639,0.500000000000519,0.499999999997087,0.500000000002907,0.49999999999948086
193,0.7047038244233245,0.058245341814923635,0.5000644849122957,0.4999355067700261,0.6624465286479906,0.5000000000001952,0.5000000000013344,0.49999999999866823,0.4999999999998021
194,0.43384142003656456,0.5583740880992383,0.49987245890753124,0.5001275085672993,0.45756882779767255,0.5000000000099227,0.5000000000033362,0.4999999999966595,0.4999999999900762
195,0.513847217463284,0.4857582084795237,0.49986402886742126,0.5001359341663275,0.5128890534951274,0.49999999999416406,0.5000000000041095,0.4999999999958859,0.500000000005832
196,0.6713943186623095,0.22187759884216435,0.5000605462875125,0.49993944637989174,0.6419881012940202,0.5000000000007873,0.5000000000013717,0.4999999999986265,0.4999999999992042
197,0.4937386614952583,0.5061838972384524,0.5000487703747544,0.49995122486768184,0.5394251701446385,0.4999999999980451,0.5000000000014848,0.4999999999985146,0.5000000000019528
198,0.6619250683101799,0.24870706452081112,0.49986342117904853,0.500136541523591,0.5925639906639807,0.4999999999991257,0.5000000000036032,0.4999999999963985,0.5000000000008699
199,0.28680475148338214,0.6463304375677832,0.500136760115705,0.4998632024673945,0.36768971132986294,0.5000000000048713,0.50000000000023,0.49999999999976374,0.4999999999951356
200,0.6828258221874282,0.18370872748472286,0.5001286017642728,0.49987136515038444,0.6564422941838051,0.500000000000645,0.5000000000004826,0.49999999999951317,0.4999999999993485
201,0.7027464498763424,0.07840553032914294,0.49990107860793936,0.5000989018250461,0.6331957720307941,0.5000000000002631,0.4999999999971121,0.5000000000028864,0.4999999999997338
202,0.2794294109432662,0.6495530857012758,0.5000021346782446,0.49999786531264084,0.43099113718724824,0.500000000002846,0.4999999999980967,0.5000000000019027,0.49999999999715006
203,0.6905813786962549,0.15197815434456993,0.5001180730781926,0.4998818990327182,0.6600030692598441,0.4999999999994679,0.5000000000006869,0.4999999999993143,0.5000000000005344
204,0.36731719520666883,0.6042169131243382,0.5001288614061039,0.4998711053748027,0.48129732683703425,0.5000000000025089,0.5000000000004734,0.49999999999951983,0.4999999999974894
205,0.6347385026729712,0.3116200248901422,0.49986856829959464,0.5001313971608967,0.5610398319251104,0.5000000000088134,0.49999999999656797,0.5000000000034293,0.4999999999911882
206,0.6896567315471017,0.15612044270936312,0.4999663978279394,0.5000335999140021,0.6395357200928282,0.4999999999994559,0.5000000000022217,0.49999999999778016,0.5000000000005429
207,0.6902395907578448,0.15352298639110154,0.49996359061133855,0.500036406737569,0.5635551040389771,0.5000000000071557,0.49999999999775235,0.5000000000022495,0.49999999999284384
208,0.12631857497182683,0.6957324377573725,0.5001366349807789,0.49986332767077674,0.3452898298210112,0.49999999999570766,0.5000000000002383,0.49999999999976097,0.5000000000042892
209,0.49538212922582164,0.5045756098382957,0.49991572111131777,0.5000842646852138,0.521126002308973,0.5000000000057458,0.5000000000049736,0.4999999999950265,0.49999999999425104
210,0.7038097891730586,0.0682040180635263,0.499903541653478,0.5000964397416855,0.5853559173211625,0.4999999999920675,0.5000000000028614,0.49999999999713873,0.5000000000079265
211,0.6243760062711831,0.33189546967809547,0.49986496829148463,0.5001349952512268,0.5580414437234682,0.5000000000064958,0.49999999999645717,0.5000000000035347,0.4999999999935004
212,0.2525420239513402,0.6604714423338545,0.5001378458869649,0.49986211609957637,0.3600689071288091,0.49999999999526523,0.4999999999998243,0.5000000000001757,0.5000000000047362
213,0.6838564846136435,0.17983411370447872,0.5000354572897783,0.4999645401956023,0.5477363660210591,0.500000000007058,0.5000000000016039,0.4999999999983939,0.4999999999929479
214,0.35571095495732874,0.6111216924333134,0.5001383585361335,0.49986160316709843,0.3868008370673422,0.4999999999948553,0.5000000000001403,0.4999999999998598,0.5000000000051436
215,0.181323939379638,0.6834629682783482,0.4999994684032408,0.5000005315961956,0.3941433186843319,0.4999999999967919,0.5000000000019297,0.4999999999980721,0.5000000000032093
216,0.6860716988647546,0.17118885482654686,0.500079789390183,0.4999201978750889,0.6530892300398373,0.4999999999994076,0.4999999999988234,0.5000000000011747,0.5000000000005876
217,0.3833616135821282,0.5941665366138592,0.4999190161308121,0.5000809707545425,0.46636102632106735,0.49999999999755695,0.49999999999731765,0.5000000000026873,0.5000000000024447
218,0.45260024365996404,0.5432798721091567,0.4998898777856233,0.5001100979659159,0.45978099775222503,0.4999999999978605,0.5000000000046564,0.49999999999534733,0.5000000000021402
219,0.6632190734190021,0.24523553502988157,0.5000925935937746,0.4999073892559,0.6408507499976683,0.5000000000008685,0.4999999999989632,0.5000000000010352,0.49999999999913514
220,0.3019100640439985,0.6394140389676678,0.4999271273519841,0.5000728620287141,0.3931334955944834,0.5000000000049202,0.5000000000025936,0.49999999999740297,0.4999999999950775
221,0.6367755716704178,0.30743596296434944,0.500047903723621,0.4999520916864078,0.6200326697904637,0.49999999999889955,0.500000000001492,0.49999999999851014,0.5000000000011049
222,0.6313239250302413,0.31848092828991864,0.5000465611938656,0.4999534344698334,0.6166686268022946,0.4999999999988512,0.5000000000015024,0.4999999999984902,0.500000000001147
223,0.7023184597675082,0.0821509651178788,0.49997744910276376,0.5000225498801978,0.5676252488020916,0.5000000000074171,0.5000000000021249,0.499999999997877,0.4999999999925871
224,0.08137937173214434,0.7024082843022887,0.4998664834011468,0.5001334809550025,0.3599022809266038,0.49999999999644196,0.4999999999965072,0.5000000000034899,0.5000000000035616
225,0.5281946484968916,0.4701174462825699,0.5001392594023573,0.4998607018004777,0.45504739291899615,0.5000000000059186,0.49999999999997524,0.5000000000000294,0.49999999999408146
226,0.6695882639138395,0.22726978864084474,0.49986106613953807,0.5001388952659512,0.5931939251691845,0.5000000000084973,0.500000000003939,0.4999999999960631,0.49999999999150674
227,0.29657574896329364,0.6419056201084848,0.4998809286877241,0.5001190429630722,0.42140781412672473,0.4999999999874125,0.4999999999968213,0.5000000000031796,0.5000000000125847
228,0.6312576591653437,0.31861225560805123,0.4998706015672089,0.5001293649535378,0.5578974771716688,0.4999999999934613,0.4999999999966175,0.500000000003375,0.5000000000065354
229,0.3042897340561155,0.6382850129433248,0.500047307783321,0.4999526877402029,0.4453824507114273,0.4999999999972431,0.49999999999850125,0.5000000000014991,0.500000000002759
230,0.6736256139733415,0.2150082161220867,0.500057174433552,0.49994281902787174,0.5389561133770601,0.49999999999154826,0.49999999999859435,0.500000000001409,0.5000000000084472
231,0.6365249891888225,0.3079544525494784,0.5000911420782465,0.499908841304964,0.5144918779605433,0.5000000000011019,0.5000000000066404,0.49999999999335637,0.49999999999889727
232,0.06849735055875002,0.7037813015290874,0.5001365130621974,0.4998634496559904,0.3463699701056486,0.49999999999591666,0.5000000000002454,0.49999999999975525,0.5000000000040871
233,0.5142981813966041,0.4852807235118102,0.5001042905167928,0.4998956877256419,0.4528006760309613,0.5000000000058415,0.49999999999911166,0.5000000000008857,0.4999999999941589
234,0.6180156605205611,0.3435937184398646,0.500131485600965,0.4998684798130143,0.6182331972095394,0.4999999999987553,0.4999999999995906,0.5000000000004118,0.5000000000012433
235,0.47780453620445246,0.5212512112047775,0.49989417385764084,0.5001058037487528,0.5070353136193052,0.5000000000020292,0.5000000000029794,0.4999999999970201,0.4999999999979705
236,0.5946477694906451,0.3826147282055399,0.4999584018620636,0.5000415946774055,0.5133248412385591,0.5000000000013964,0.4999999999946001,0.5000000000053915,0.49999999999860223
237,0.12717225816227015,0.6955769001936439,0.5000690608540712,0.49993092960581353,0.3478258647010916,0.5000000000042968,0.5000000000012924,0.4999999999987135,0.4999999999956995
238,0.3319456186616608,0.62434934632089,0.4999697504152044,0.50003024775483,0.39700671065712345,0.5000000000050305,0.4999999999978087,0.5000000000021899,0.499999999994965
239,0.6769172028078952,0.204409149850813,0.49989328072752026,0.5001066964993377,0.615773887342682,0.49999999999928146,0.5000000000029945,0.4999999999970098,0.500000000000716
240,0.3131932784507105,0.6339636979617154,0.5001140645003884,0.49988590947225126,0.45447263918296066,0.5000000000027235,0.5000000000007461,0.4999999999992526,0.4999999999972741
241,0.5790450329703108,0.40584092057869847,0.5000802420543669,0.49991974506599074,0.5903979144475923,0.5000000000014936,0.5000000000011743,0.4999999999988252,0.49999999999850997
242,0.10765575925283126,0.6988635328157372,0.5001236434451913,0.4998763259718342,0.3460674393440939,0.5000000000042073,0.49999999999941225,0.5000000000005802,0.4999999999957895
243,0.28231935099777894,0.6483022320277755,0.5000718234909531,0.4999281661903321,0.43766825379465696,0.4999999999971587,0.5000000000012577,0.49999999999873773,0.5000000000028442
244,0.3870554639179296,0.5917669033084573,0.5001368029512169,0.4998631596084421,0.49168594206645394,0.5000000000024362,0.49999999999976735,0.5000000000002321,0.49999999999756867
245,0.18358518420725947,0.682859048515565,0.500118870598289,0.4998811011345483,0.35007361374625073,0.5000000000044894,0.4999999999993252,0.5000000000006717,0.49999999999550704
246,0.5508354258826492,0.4433738079687173,0.4999784409683905,0.5000215581020659,0.4876635923228285,0.4999999999939702,0.5000000000021135,0.49999999999788675,0.5000000000060305
247,0.5885051358419471,0.39199707280495,0.49987801252786573,0.5001219577175003,0.5604032853816304,0.49999999999855366,0.5000000000032241,0.49999999999677036,0.5000000000014444
248,0.5110431967584235,0.48870732657382265,0.5001376351338266,0.4998623269688814,0.44753574166031435,0.4999999999941746,0.5000000000001898,0.4999999999998119,0.5000000000058273
249,0.6299190486477715,0.32125066871632846,0.49987899293926547,0.5001209777823983,0.5529772870005989,0.49999999999114847,0.49999999999678685,0.5000000000032098,0.5000000000088535
250,0.19282147675554492,0.6803086638444384,0.4998608739480328,0.50013908735062,0.3780933718315531,0.5000000000045206,0.50000000000378,0.4999999999962224,0.49999999999547384
251,0.6786688033765049,0.1985161336604776,0.5001254269127764,0.4998745416155036,0.5324465760891474,0.4999999999930094,0.4999999999994454,0.5000000000005516,0.5000000000069924
252,0.633758225698769,0.3136088508941452,0.5000419220126563,0.49995807447213997,0.6175379201184756,0.49999999999887146,0.5000000000015502,0.4999999999984513,0.5000000000011268
253,0.30934394731931103,0.6358508660736749,0.4999939933560718,0.5000060065717694,0.4428392305200728,0.49999999998957456,0.5000000000057151,0.49999999999428496,0.5000000000104268
254,0.5018181386109136,0.4981752259607816,0.5000206804903499,0.49997931865425155,0.4577837100816231,0.4999999999903973,0.4999999999982615,0.5000000000017409,0.5000000000096009
255,0.112294559132747,0.6981331763991564,0.4998842138448252,0.5001157593485143,0.35729610737734696,0.500000000004237,0.4999999999968754,0.5000000000031247,0.4999999999957568
256,0.15580533515318365,0.6897279883752886,0.5000450961369415,0.49995489979537483,0.3512035743089608,0.5000000000109888,0.5000000000015244,0.4999999999984821,0.4999999999890106
257,0.0801875123367805,0.702545345771532,0.5001349356838357,0.4998650278910551,0.37023111892839383,0.5000000000035639,0.49999999999969197,0.500000000000308,0.4999999999964392
258,0.3440535892410177,0.6177597721219216,0.5000981321299391,0.4999018486064515,0.4677827366759006,0.5000000000026007,0.4999999999990349,0.5000000000009669,0.49999999999740136
259,0.13637619983070864,0.693831054450385,0.49994068598955865,0.5000593069749735,0.35538998545214023,0.500000000004323,0.5000000000024627,0.49999999999753875,0.49999999999567557
260,0.46818728817159505,0.5299062777459097,0.5000412202127216,0.4999587763887869,0.5249123262009985,0.500000000002075,0.5000000000015534,0.4999999999984472,0.49999999999792266
261,0.19018528113259198,0.6810503402954442,0.5000421015601045,0.4999578948945143,0.3554426757160394,0.49999999999547856,0.49999999999845274,0.5000000000015475,0.5000000000045137
262,0.7065480842320847,0.02810346362939721,0.49987813826186017,0.5001218320448146,0.6275314722151561,0.49999999999990097,0.4999999999967738,0.5000000000032315,0.5000000000000971
263,0.3117429789098414,0.634678119286003,0.4999712804487432,0.5000287179017292,0.44148471952597645,0.4999999999972717,0.5000000000021801,0.499999999997823,0.5000000000027282
264,0.7064958245367052,0.02938792119555043,0.5001262247272962,0.49987374339929896,0.6705119809365488,0.5000000000000863,0.5000000000005386,0.4999999999994678,0.49999999999990885
265,0.4006400694244787,0.582655588466764,0.5001234875531375,0.49987648194098044,0.40370069063724273,0.49999999999467637,0.4999999999994164,0.5000000000005885,0.5000000000053261
266,0.3340067709606209,0.6232491305345941,0.5001040938881086,0.49989588443630034,0.4635110583891965,0.5000000000026392,0.5000000000008871,0.4999999999991102,0.4999999999973625
267,0.5918228020585308,0.386969987161264,0.4998616843924457,0.5001382773557238,0.5442274545126337,0.4999999999937298,0.5000000000036986,0.4999999999963055,0.5000000000062701
268,0.5442973418463726,0.45137612216307255,0.49987852375583963,0.5001214467383764,0.508006891444107,0.5000000000016924,0.5000000000044748,0.49999999999552963,0.49999999999830774
269,0.668639018363677,0.23004752361558808,0.5000799778732828,0.49992000933174646,0.5330295618943554,0.5000000000068839,0.49999999999882605,0.5000000000011707,0.4999999999931224
270,0.4370550011196768,0.5558623264768721,0.500131812270897,0.4998681529709893,0.4169094920665742,0.4999999999945285,0.499999999999597,0.5000000000004033,0.5000000000054731
271,0.44321567996654093,0.550962667548166,0.500028325688642,0.49997167270657733,0.5104313030807032,0.5000000000021869,0.5000000000016712,0.4999999999983285,0.4999999999978075
272,0.4657576280083186,0.5320430733992001,0.500036286372575,0.4999637109938311,0.43967280442161144,0.5000000000020849,0.5000000000060909,0.4999999999939082,0.4999999999979172
273,0.3095389920875184,0.6357559377445453,0.5001202266623725,0.4998797444217707,0.37475902231751484,0.500000000004961,0.500000000000647,0.49999999999935074,0.4999999999950421
274,0.673297432510165,0.21603373456375566,0.499933113371382,0.5000668776821747,0.5606738905301893,0.5000000000069238,0.49999999999746625,0.5000000000025361,0.49999999999307865
275,0.367741030242464,0.6039590504961471,0.5000303670891896,0.49996963106637365,0.4016291562230339,0.500000000005195,0.5000000000016517,0.499999999998344,0.4999999999948016
276,0.6469430305711282,0.2854202550837871,0.49986077251485306,0.5001391887273495,0.5769067711537309,0.49999999999332484,0.5000000000037942,0.49999999999620304,0.5000000000066727
277,0.558582271588329,0.4335733454298361,0.5001159328169029,0.49988404029602523,0.4722208878656727,0.49999999999068967,0.5000000000007189,0.49999999999928046,0.5000000000093082
278,0.14157976892736018,0.6927879683066684,0.5001314279961636,0.49986853744812376,0.34613269425322674,0.5000000000043494,0.4999999999995885,0.5000000000004199,0.4999999999956568
279,0.18589274192933952,0.6822344820499676,0.5000440345627553,0.49995596155881816,0.39840575707349346,0.4999999999968086,0.49999999999846817,0.5000000000015324,0.5000000000031871
280,0.206143869881157,0.6763909408843524,0.5001275917875401,0.4998723756448153,0.3528272552683796,0.4999999999954362,0.5000000000005047,0.49999999999949124,0.5000000000045628
281,0.440397491643623,0.5532179070088213,0.5000402346560315,0.49995976210605286,0.5103380498222885,0.49999999999780426,0.5000000000015641,0.4999999999984361,0.5000000000021949
282,0.09924228848796193,0.7001078261065745,0.500123780863889,0.49987618848511883,0.3746233235515777,0.5000000000035084,0.5000000000005841,0.4999999999994173,0.49999999999649325
283,0.12832460983853142,0.6953652290966629,0.5001023216122638,0.49989765744402537,0.34713855796573945,0.5000000000042861,0.4999999999990891,0.5000000000009114,0.4999999999957165
284,0.3900803735850393,0.589777332680526,0.4998844328805633,0.5001155404140936,0.4343003298747993,0.5000000000052817,0.5000000000031207,0.49999999999688266,0.4999999999947183
285,0.6952023208276384,0.12920423025530622,0.49988688414176846,0.5001130902736305,0.5860306329009655,0.4999999999927513,0.5000000000030852,0.49999999999692135,0.5000000000072498
286,0.6033788356177416,0.36869225748391204,0.5001328390765346,0.4998671256216434,0.6098194072600369,0.49999999999866024,0.5000000000003731,0.49999999999962563,0.500000000001345
287,0.20973194753315488,0.6752869835736126,0.5000938773333169,0.4999061050374635,0.3552886683214987,0.5000000000045783,0.49999999999898465,0.5000000000010137,0.49999999999542044
288,0.1410092143977226,0.692904323449449,0.4999583939623488,0.5000416025758087,0.3548528104380616,0.49999999999566797,0.4999999999977055,0.5000000000022888,0.5000000000043336
289,0.6675959418512446,0.2330572149881212,0.5001357274533859,0.49986423569272187,0.5251943494873498,0.5000000000085173,0.5000000000002744,0.49999999999972217,0.49999999999148637
290,0.4677651920245077,0.530278912583061,0.5001189976306318,0.4998809740417554,0.4307838127275495,0.5000000000056108,0.4999999999993291,0.5000000000006731,0.49999999999438755
291,0.5678490203298121,0.42136384528157406,0.5001390069413119,0.49986095440208056,0.4739075377019179,0.5000000000092532,0.5000000000000795,0.49999999999992123,0.4999999999907486
292,0.6257992388470938,0.32920405929817526,0.5000446105453309,0.499955385474116,0.5154219862072923,0.5000000000088858,0.49999999999847694,0.5000000000015269,0.49999999999111283
293,0.6890757362274732,0.15866515105883494,0.5000225200479804,0.4999774789376652,0.5526048445849928,0.5000000000071443,0.5000000000017213,0.4999999999982753,0.49999999999286077
294,0.053601018186714214,0.7050722876764784,0.5000771965299916,0.49992279154955027,0.3628095715607824,0.5000000000036581,0.5000000000012003,0.4999999999987909,0.49999999999633726
295,0.6662439202616136,0.23689457299489974,0.4999009374009689,0.5000990429761206,0.6119251825920017,0.5000000000008292,0.5000000000028917,0.49999999999710765,0.4999999999991703
296,0.2271067571404436,0.6696435827490543,0.49990230479809056,0.5000976761169394,0.3757253811384146,0.5000000000046492,0.49999999999713063,0.5000000000028759,0.49999999999534733
297,0.5728850710602302,0.4144908869400127,0.5000032824949282,0.49999671748351726,0.5775296249939997,0.4999999999984563,0.4999999999981043,0.5000000000018912,0.5000000000015473
298,0.6838686891956153,0.17978771688743905,0.5000186217030154,0.4999813776034231,0.6440230894772093,0.5000000000006275,0.49999999999823946,0.5000000000017607,0.49999999999937217
299,0.03145678677970193,0.7064067316818938,0.4998696059073696,0.5001303600962554,0.3532723091319685,0.5000000000037317,0.5000000000042865,0.49999999999571293,0.4999999999962672
300,0.30741774374991304,0.6367843728746272,0.4999730760364062,0.5000269225138724,0.3886927731858159,0.4999999999950564,0.5000000000021623,0.49999999999783806,0.5000000000049496
301,0.6166384647828166,0.34605924890153217,0.5001048049028849,0.49989517312437487,0.6146674477668538,0.5000000000089531,0.5000000000068124,0.4999999999931891,0.4999999999910486
302,0.3313568755538269,0.6246620054263008,0.4999530985532352,0.5000468970476855,0.3990231450507539,0.4999999999819567,0.5000000000053476,0.49999999999465206,0.5000000000180457
303,0.41197977620198095,0.5746935392020416,0.500086795784546,0.49991318914582067,0.5002806525493205,0.4999999999976794,0.5000000000010989,0.49999999999890055,0.5000000000023236
304,0.046087241570243236,0.7056032639978717,0.4999957642199166,0.5000042357442016,0.35003983405450745,0.4999999999963176,0.5000000000057323,0.4999999999942694,0.5000000000036866
305,0.35417388900550884,0.6120137713701519,0.500126878848365,0.4998730889469747,0.3877249601367526,0.49999999999487876,0.4999999999994779,0.5000000000005196,0.5000000000051245
306,0.5110652404295363,0.4886842743783501,0.5000248877952179,0.49997511096591163,0.5460490804328122,0.4999999999981247,0.5000000000016998,0.4999999999982964,0.5000000000018697
307,0.6176480329313682,0.34425413465878874,0.5000533683579961,0.4999466259450311,0.6094963991395304,0.4999999999987541,0.5000000000014406,0.4999999999985581,0.5000000000012527
308,0.6836985681674005,0.18043357528404644,0.5001307374295979,0.4998692283769061,0.5344508362449779,0.4999999999916795,0.5000000000004293,0.4999999999995678,0.5000000000083229
309,0.23213652470545837,0.6679166369373316,0.5000564303962529,0.4999435632342503,0.4162772693206259,0.5000000000030193,0.49999999999859,0.5000000000014115,0.49999999999698397
310,0.6052115548984278,0.365676050374401,0.5001392257825837,0.4998607354389805,0.6115275045583513,0.5000000000013263,0.50000000000004,0.4999999999999609,0.4999999999986681
311,0.010084301835567404,0.7070348696185262,0.4999133656844604,0.5000866193071324,0.3532795183239589,0.5000000000038606,0.5000000000027437,0.4999999999972582,0.4999999999961368
312,0.700475417027687,0.09661365079842629,0.4999923616974867,0.5000076381858303,0.65014213732997,0.4999999999996682,0.500000000001991,0.49999999999801165,0.5000000000003365
313,0.5173752656862007,0.481998790928079,0.5000897045248811,0.49991027937842586,0.5566345133811142,0.5000000000018339,0.500000000001066,0.49999999999893285,0.4999999999981631
314,0.012699291039525823,0.7069927354698148,0.5001389324645602,0.4998610289202496,0.35579713822585524,0.5000000000037984,0.5000000000000889,0.4999999999999117,0.4999999999961999
315,0.7065733468146939,0.02746098270426311,0.49992667007521946,0.5000733191718018,0.6418112002512631,0.5000000000000973,0.5000000000026015,0.49999999999739875,0.49999999999990447
316,0.6684771633262924,0.23051742443897405,0.5000901208419601,0.49990986291157014,0.531595611588569,0.49999999999312494,0.4999999999989331,0.5000000000010583,0.5000000000068757
317,0.041983540392672485,0.7058593219162701,0.4999767062751792,0.5000232926396748,0.35062984799207675,0.5000000000113907,0.4999999999978719,0.500000000002127,0.49999999998860917
318,0.45987242702754066,0.5371381147210811,0.499964309805656,0.5000356876469445,0.5110871731836774,0.4999999999978896,0.5000000000022381,0.4999999999977607,0.500000000002112
319,0.15097125704922862,0.6908022003024182,0.49987240467151683,0.5001275627756514,0.3646200300484271,0.500000000004382,0.5000000000033418,0.49999999999665623,0.49999999999561956
320,0.671072000718829,0.22285055497176762,0.5000544361919718,0.4999455578807786,0.6410704345241826,0.4999999999992082,0.5000000000014256,0.4999999999985683,0.5000000000007888
321,0.7040555438719661,0.0656185839651006,0.4998795646484268,0.5001204063492135,0.59402941144725,0.49999999999208394,0.500000000003201,0.4999999999968024,0.5000000000079207
322,0.5711702053012818,0.41685081575348587,0.5000135333572814,0.49998646627640114,0.5780406587061927,0.500000000001534,0.49999999999819367,0.5000000000018024,0.49999999999846517
323,0.43266882626545733,0.5592831901443777,0.49987714004326894,0.5001228297749993,0.47954030435474265,0.4999999999945509,0.5000000000044398,0.49999999999555117,0.5000000000054499
324,0.6577478124095117,0.259553106840398,0.4999169068871672,0.5000830793061958,0.6110261653215915,0.4999999999990815,0.5000000000027038,0.49999999999729594,0.5000000000009202
325,0.5403693424744246,0.45607123754273204,0.49995062248763644,0.5000493726365715,0.5516124987897116,0.5000000000017234,0.50000000000237,0.49999999999763406,0.4999999999982779
326,0.2937482284708143,0.6432044659729258,0.500138983438657,0.4998609779178092,0.44731890596614693,0.5000000000027957,0.4999999999999222,0.5000000000000797,0.4999999999972027
327,0.6094391030802965,0.35858608399753567,0.5001328031148891,0.4998671616023967,0.6133396707003426,0.4999999999986986,0.5000000000003687,0.49999999999962436,0.5000000000013055
328,0.6308994875776083,0.31932089905659305,0.4998623771515699,0.5001375849787537,0.5738908329479248,0.5000000000011413,0.500000000003652,0.49999999999634664,0.4999999999988584
329,0.6252031018405887,0.3303348020552905,0.5000978727944497,0.4999021080436311,0.5078014595095491,0.5000000000088862,0.5000000000009696,0.49999999999903044,0.4999999999911155
330,0.6845331774240678,0.17724087848380254,0.49997967342788496,0.5000203257458075,0.6386394177144097,0.5000000000083193,0.5000000000055894,0.4999999999944087,0.49999999999168127
331,0.7070882308140435,0.005122625757261045,0.4999457537947227,0.5000542403206139,0.6460869569447036,0.49999999999997713,0.5000000000024118,0.49999999999758815,0.500000000000021
332,0.17935071550882473,0.683983421470483,0.5000576168491312,0.4999423765107003,0.3530645873572041,0.49999999999552136,0.49999999999859773,0.5000000000014018,0.5000000000044746
333,0.5866724881643979,0.39473458377876086,0.5001349145760707,0.4998650490102152,0.48367522108427086,0.49999999999375727,0.49999999999968986,0.5000000000003088,0.5000000000062401
334,0.4628515750193792,0.534573118948265,0.4999104724010112,0.5000895115714793,0.5033243124582981,0.5000000000020882,0.5000000000027789,0.4999999999972243,0.49999999999790784
335,0.5158768561205342,0.48360218084619205,0.49997798923087355,0.5000220098002253,0.5426260357176358,0.5000000000018429,0.4999999999978872,0.5000000000021171,0.49999999999815675
336,0.5835067197304983,0.3993994341875792,0.4998752502316358,0.5001247186511181,0.5564612496588589,0.5000000000014804,0.49999999999672057,0.50000000000328,0.4999999999985245
337,0.29817369709115754,0.6411649135464241,0.5001113654795541,0.4998886097103798,0.4475612722726811,0.5000000000027771,0.5000000000007895,0.4999999999992113,0.499999999997226
338,0.42608977627898154,0.5643115296983837,0.5001066784562765,0.4998932987782837,0.41515265268051266,0.5000000000054287,0.5000000000008549,0.4999999999991492,0.49999999999457384
339,0.32168078269672745,0.6296995122583086,0.499971194814066,0.5000288035265481,0.4458729999275637,0.5000000000103787,0.5000000000055115,0.49999999999448463,0.4999999999896235
340,0.31071527672887556,0.6351818822195988,0.5001392157493499,0.4998607454777977,0.45492322551436104,0.5000000000027423,0.5000000000000395,0.49999999999995515,0.4999999999972634
341,0.588996698792198,0.3912580846601023,0.5000662186774089,0.49993377255160476,0.5945059357240616,0.4999999999985645,0.4999999999986849,0.5000000000013172,0.5000000000014346
342,0.42641777901007977,0.5640637178050976,0.49986986093478736,0.5001301052016754,0.4735565776097625,0.5000000000022642,0.4999999999966031,0.5000000000033996,0.499999999997734
343,0.6039055697797788,0.367828849859503,0.5000005405145403,0.4999994594848804,0.5107582825651474,0.500000000006352,0.4999999999980808,0.5000000000019246,0.49999999999365224
344,0.6969733253112317,0.11928198165864232,0.5000894477928455,0.4999105362024753,0.6607253318436255,0.5000000000004111,0.49999999999892986,0.5000000000010698,0.4999999999995904
345,0.6810958670749181,0.19002217510063737,0.5000861734026326,0.4999138117430966,0.6508283542609105,0.4999999999993366,0.49999999999889516,0.5000000000011053,0.5000000000006644
346,0.017272985215877515,0.7068957801454313,0.4998928624541027,0.500107114593902,0.35460039294735346,0.5000000000039051,0.5000000000046924,0.4999999999953024,0.49999999999609357
347,0.2371772512527638,0.6661433415475873,0.4998831665186155,0.5001168061876452,0.4005113606171522,0.49999999999531475,0.4999999999954522,0.5000000000045566,0.5000000000046876
348,0.1276530214516589,0.6954888252979093,0.49993835863634234,0.5000616337652783,0.3747284205204693,0.4999999999965992,0.4999999999975154,0.5000000000024843,0.5000000000034045
349,0.7001788732464662,0.09873978660757887,0.49986500781516735,0.5001349557488848,0.6160959037943943,0.5000000000080425,0.49999999999584505,0.5000000000041513,0.49999999999195893
350,0.5396083267503882,0.456971396376565,0.49998348489901895,0.5000165145554961,0.5562846023205711,0.49999999999827416,0.4999999999979285,0.5000000000020659,0.5000000000017252
351,0.7065666489838259,0.027632780239504176,0.5000918737169704,0.499908109398372,0.5520104931444351,0.5000000000077822,0.5000000000010449,0.49999999999896017,0.4999999999922158
352,0.7069902441738835,0.012837526720479345,0.5000039995610726,0.4999960004069269,0.5655261213696542,0.5000000000000304,0.4999999999941951,0.5000000000057977,0.49999999999996353
353,0.3102040166414504,0.6354317178576439,0.500088921125154,0.4999110630581037,0.37782643801433763,0.500000000010437,0.49999999999892486,0.5000000000010791,0.4999999999895689
354,0.3028238073334966,0.6389818007674751,0.49995984975458574,0.5000401470215847,0.3887374660498706,0.5000000000049377,0.5000000000022774,0.4999999999977188,0.49999999999506245
355,0.31634263193051193,0.6323980860370124,0.49991078735766215,0.5000891967273928,0.43549498238962425,0.4999999999972976,0.4999999999972312,0.5000000000027757,0.5000000000027025
356,0.601751356792493,0.37134257040957935,0.49989624926604137,0.5001037292099977,0.5738975017351886,0.4999999999986495,0.500000000002953,0.4999999999970501,0.5000000000013503
357,0.2647797914685214,0.6556612455669474,0.5001351694644753,0.49986479398407396,0.4340863153065665,0.4999999999875345,0.500000000000298,0.49999999999970235,0.5000000000124664
358,0.5648018642865636,0.4254396009992761,0.5000773559474306,0.4999226320828271,0.47997291950370424,0.49999999999388417,0.5000000000012027,0.49999999999879235,0.5000000000061171
359,0.3281062084483595,0.6263755390958718,0.5000990581036902,0.4999009222674087,0.3819730779199631,0.49999999998964423,0.500000000000956,0.499999999999048,0.5000000000103583
360,0.38885612390301133,0.5905852308542131,0.5000943280836708,0.49990565411739796,0.40240354592707456,0.5000000000101071,0.49999999999898775,0.5000000000010141,0.4999999999898913
361,0.6562262773895294,0.26337629518139977,0.5001391319049189,0.49986082936893256,0.5187079368398335,0.4999999999932402,0.5000000000000598,0.4999999999999434,0.5000000000067595
362,0.31229086947903656,0.6344087164632978,0.5001164547939713,0.49988351807626824,0.4543033301390843,0.4999999999972733,0.5000000000007102,0.4999999999992871,0.5000000000027265
363,0.621401905469699,0.33743098832001917,0.5000897275760409,0.49991025631899905,0.6158819049423551,0.4999999999987796,0.49999999999893596,0.5000000000010704,0.5000000000012182
364,0.6070229312428246,0.36266122062521444,0.5001126807927492,0.4998872938076008,0.6099460789632668,0.5000000000013183,0.4999999999992345,0.5000000000007626,0.4999999999986833
365,0.686220983098519,0.17058947677337427,0.4998895747733843,0.5001104008445365,0.6200259990845125,0.5000000000005892,0.5000000000030408,0.4999999999969573,0.4999999999994096
366,0.688190506627456,0.16246179193616161,0.5001141706744726,0.4998858032496893,0.658160481986569,0.4999999999994237,0.5000000000007503,0.49999999999925243,0.5000000000005744
367,0.2743990806173625,0.6516940574812291,0.5001330156696583,0.4998669489345885,0.4383921824071823,0.49999999999713013,0.4999999999996329,0.5000000000003684,0.5000000000028714
368,0.6348935667549169,0.3113039680654328,0.5001382706437029,0.4998616911081752,0.5076474457206376,0.5000000000065836,0.49999999999985356,0.5000000000001452,0.4999999999934206
369,0.0631486793387568,0.7042813672799894,0.5001176443998945,0.49988232791317566,0.3654081282818828,0.5000000000036329,0.4999999999993032,0.500000000000692,0.49999999999636763
370,0.38645084906985216,0.5921619214819512,0.5001381985816371,0.49986176321010145,0.49154638182723415,0.49999999999757366,0.4999999999998459,0.5000000000001509,0.5000000000024328
371,0.60961864639878,0.3582807731183706,0.500138102111559,0.4998618597335163,0.4947141723566598,0.5000000000063965,0.500000000000162,0.49999999999984,0.49999999999360556
372,0.6640558922322646,0.24296044737482808,0.5001296376905882,0.4998703286888332,0.6452750992509708,0.499999999999134,0.5000000000004614,0.4999999999995399,0.500000000000866
373,0.7041857752070403,0.06420587197494551,0.49986522236651953,0.5001347413132446,0.6026247737898095,0.5000000000002242,0.5000000000041579,0.49999999999583844,0.4999999999997794
374,0.6312690955320326,0.31858959340531934,0.4999838416170454,0.5000161578607841,0.6081626790313795,0.5000000000011441,0.49999999999793343,0.500000000002066,0.49999999999885325
375,0.37390223753243396,0.6001642414941417,0.5000799883683642,0.4999199988333117,0.4806069204917991,0.49999999999478967,0.4999999999934822,0.5000000000065196,0.5000000000052096
376,0.12547267990866104,0.6958854838236952,0.4999566628066097,0.5000433334374886,0.3751163084041278,0.500000000004271,0.49999999999461825,0.5000000000053795,0.4999999999957289
377,0.1374839719405644,0.6936124024034154,0.500089300006648,0.49991068404151967,0.3476638746695437,0.5000000000043253,0.49999999999892986,0.5000000000010696,0.49999999999567185
378,0.6455678811506964,0.2885170893146573,0.4998621805920236,0.5001377814300658,0.5817865330095635,0.49999999999897243,0.5000000000036658,0.49999999999633543,0.5000000000010294
379,0.10945044420184534,0.6985847175717492,0.5001391668888049,0.4998607943655652,0.3778924877307392,0.5000000000034698,0.5000000000000516,0.49999999999995015,0.49999999999652617
380,0.7007792787041989,0.09438437329730841,0.5000304027186718,0.49996959543256586,0.6557219152885403,0.49999999999966543,0.5000000000016535,0.49999999999834743,0.5000000000003282
381,0.6414303917451227,0.2976021716078268,0.5000844712814384,0.49991551444535615,0.6270546249055087,0.4999999999989327,0.5000000000011258,0.4999999999988753,0.5000000000010635
382,0.5210960468580839,0.47797375445611373,0.4999593503127841,0.50004064638269,0.5426425298335343,0.500000000001811,0.49999999999771677,0.500000000002283,0.4999999999981848
383,0.6659073597336267,0.2378389964925653,0.5001032029614004,0.49989677573249935,0.6436310771121734,0.5000000000008403,0.5000000000009023,0.4999999999990984,0.49999999999916
384,0.43991714459144904,0.5535999511330442,0.5001333626414279,0.4998666017778864,0.5187549294503789,0.49999999999780004,0.5000000000003546,0.4999999999996397,0.500000000002203
385,0.5665638087896971,0.42309035745300133,0.49992121674934265,0.5000787708390122,0.5604965394120567,0.49999999999843053,0.4999999999973435,0.5000000000026571,0.5000000000015665
386,0.6133935551208425,0.35177883184781844,0.49998688118782686,0.5000131184679737,0.5983378080755766,0.499999999998729,0.4999999999979619,0.5000000000020361,0.500000000001273
387,0.7071506861285424,0.0,0.49989039301687055,0.5001095829610113,0.5915022138587002,0.4999999999922991,0.5000000000030307,0.49999999999696737,0.5000000000077021
388,0.5609568583872344,0.43049669339998203,0.5000880378154884,0.4999119466804655,0.5809685517939924,0.49999999999839967,0.4999999999989131,0.500000000001085,0.5000000000015943
389,0.7053628840935753,0.04963065326185019,0.5001288732394549,0.4998710935353601,0.67008789013095,0.4999999999998285,0.49999999999952643,0.5000000000004773,0.5000000000001762
390,0.5170591967212774,0.48233783873924435,0.49987527314800895,0.5001246957461715,0.49576046419283765,0.4999999999981649,0.4999999999955867,0.5000000000044106,0.5000000000018363
391,0.2754908255838279,0.651233295385873,0.49987383365082305,0.5001261345213138,0.4115670023130652,0.5000000000028666,0.49999999999669115,0.500000000003311,0.49999999999713646
392,0.2896393553199918,0.6450651534322777,0.5001071366673492,0.49989284037119863,0.4431827417733882,0.49999999999717715,0.4999999999991513,0.5000000000008482,0.5000000000028223
393,0.34644025110337967,0.6164244904409866,0.49992194038477733,0.5000780474305103,0.45017401630502085,0.4999999999974158,0.5000000000026469,0.4999999999973459,0.5000000000025872
394,0.13146750250037678,0.6947778751416255,0.4999737967378519,0.500026201888998,0.377762883655641,0.4999999999956973,0.5000000000055392,0.4999999999944608,0.5000000000043017
395,0.6670277886336512,0.23467835262439335,0.4999395709739693,0.5000604217235787,0.5557532734685237,0.5000000000008286,0.5000000000052173,0.49999999999478273,0.49999999999916955
396,0.6755128721935332,0.20900327125939644,0.4998753560167475,0.5001246129187499,0.6081951044092655,0.5000000000069583,0.49999999999558814,0.5000000000044115,0.49999999999304495
397,0.6195327359944124,0.3408506869979903,0.5001281310952829,0.4998718360611477,0.5010735759154131,0.4999999999935442,0.4999999999995081,0.5000000000004955,0.5000000000064575
398,0.29171775906871855,0.6441278980481505,0.49987970490376693,0.5001202661613726,0.39900588934822856,0.4999999999971946,0.5000000000044922,0.49999999999550737,0.5000000000028091
399,0.7064673457864128,0.030064876207139983,0.49987086598974523,0.5001291006676798,0.5997542744243058,0.5000000000078066,0.49999999999662714,0.5000000000033731,0.49999999999220013
400,0.6614995692174066,0.24983658644238046,0.5001146252723159,0.4998853484437532,0.6422123069745173,0.49999999999910794,0.4999999999992587,0.500000000000743,0.5000000000008878
401,0.5567220165860739,0.43595939747679935,0.49986068671793366,0.5001392744764966,0.5295884465874506,0.499999999998376,0.5000000000038242,0.4999999999961767,0.5000000000016229
402,0.7062644892509661,0.03450331382312699,0.4999750030254202,0.5000249957249442,0.5703058123297726,0.4999999999921873,0.49999999999785805,0.5000000000021415,0.5000000000078125
403,0.6955976252121853,0.12705882023363455,0.4999395377515385,0.5000604549379785,0.5715469648833269,0.4999999999995576,0.50000000000522,0.4999999999947801,0.5000000000004374
404,0.6911531934750271,0.14935616207329228,0.5000403534597582,0.49995964328317655,0.5509279690683548,0.49999999999179223,0.5000000000015632,0.499999999998438,0.5000000000081998
405,0.3981165322315434,0.5843827741848011,0.49996191503576437,0.5000380820635231,0.4221311837560882,0.4999999999899219,0.4999999999977353,0.5000000000022604,0.500000000010072
406,0.23951074779138676,0.6653078999173301,0.5001304538089487,0.4998695121457778,0.357858145333139,0.500000000004694,0.4999999999995644,0.5000000000004386,0.4999999999953035
407,0.10120578812062331,0.6998266845804605,0.49989079121566365,0.500109184936426,0.35563044642801805,0.49999999998881295,0.5000000000030247,0.499999999996974,0.5000000000111832
408,0.4685902342023241,0.5295499904732326,0.49987589324672327,0.5001240759559521,0.47203759225875397,0.49999999999792816,0.49999999999557804,0.5000000000044266,0.5000000000020618
409,0.22897799524693857,0.6690060371122917,0.500019095810117,0.4999809034605563,0.41234687881428517,0.5000000000030349,0.49999999999824635,0.5000000000017549,0.49999999999696526
410,0.5278343235098745,0.4705219728396054,0.5001282142100901,0.4998717529037062,0.4562090441466298,0.4999999999905307,0.5000000000004896,0.4999999999995083,0.5000000000094706
411,0.29813279572609264,0.6411839343614403,0.4998750637487838,0.5001249050408829,0.4203387390050661,0.5000000000027908,0.4999999999967172,0.5000000000032859,0.4999999999972115
412,0.05519193579949245,0.704949542663836,0.4999707799880569,0.5000292183044213,0.3504054911641097,0.500000000004032,0.5000000000021787,0.49999999999781813,0.49999999999596323
413,0.6978612593279113,0.11397220156361185,0.5000670962296855,0.4999328947652954,0.6586021899511478,0.49999999999959904,0.4999999999986914,0.5000000000013063,0.5000000000003959
414,0.6181299135285221,0.34338813316889405,0.4998750898942137,0.5001248789085133,0.5755214213997173,0.5000000000012478,0.49999999999671724,0.5000000000032864,0.49999999999874867
415,0.6902662707288171,0.153402983980523,0.49991338373788263,0.5000866012599555,0.6291284889054269,0.49999999999945866,0.500000000002742,0.4999999999972514,0.5000000000005387
416,0.629480890147163,0.32210838073470804,0.49991675905712646,0.5000832270870705,0.5407494936911585,0.4999999999934587,0.4999999999972924,0.5000000000027074,0.5000000000065419
417,0.5567324616542215,0.4359460587508838,0.500070729002799,0.4999292609906006,0.5766106012412824,0.5000000000016303,0.5000000000012704,0.4999999999987287,0.49999999999836814
418,0.479769351350683,0.5194433299977117,0.49989576097204097,0.5001042173009345,0.5084664654454145,0.5000000000097192,0.4999999999952634,0.500000000004733,0.49999999999028744
419,0.675564563442528,0.2088361094751277,0.4998611608723037,0.5001388005857917,0.5916500148209196,0.4999999999992594,0.5000000000039493,0.4999999999960524,0.5000000000007419
420,0.4310888683395234,0.5605019068600503,0.499867468005086,0.5001324968747676,0.45886158027759566,0.5000000000099326,0.49999999999654127,0.500000000003464,0.499999999990071
421,0.7042835864637944,0.06312398322767401,0.5001381552261897,0.499861806589526,0.670397291148049,0.5000000000002219,0.4999999999998432,0.5000000000001579,0.4999999999997774
422,0.6907155058510399,0.15136740195852713,0.500105941544504,0.4998940360035197,0.6588014230310479,0.4999999999994727,0.5000000000008654,0.49999999999913797,0.500000000000531
423,0.28382052799086577,0.6476464374108618,0.5000475842781048,0.49995241119293815,0.4366135030797601,0.5000000000048607,0.4999999999938048,0.5000000000061965,0.49999999999513467
424,0.4799152644202604,0.51930852347335,0.49991958041478335,0.5000804066526814,0.5139033611753883,0.5000000000133537,0.500000000002679,0.49999999999732536,0.4999999999866386
425,0.10817335515167867,0.6987836041556168,0.5001265183120557,0.4998734496660741,0.34568770270797244,0.5000000000042203,0.49999999999947015,0.5000000000005302,0.4999999999957764
426,0.6291029415108889,0.3228459316934703,0.49993653174058833,0.500063460203991,0.5359301715342021,0.49999999999884526,0.49999999999480943,0.5000000000051875,0.5000000000011561
427,0.5800777196623205,0.40436349878712147,0.5000531194300192,0.49994687492603473,0.5878768791448614,0.49999999999850825,0.4999999999985567,0.5000000000014447,0.5000000000014919
428,0.559290794928824,0.4326589958707524,0.5000629081534601,0.49993708393067593,0.4792106373314406,0.5000000000060848,0.5000000000013518,0.49999999999865197,0.49999999999391903
429,0.6030386083117528,0.36924847580649295,0.49993336499938174,0.5000666261213531,0.5227587149752595,0.49999999999364525,0.5000000000025308,0.4999999999974675,0.5000000000063488
430,0.5448377928033095,0.45072362404695177,0.5001392393995879,0.499860721814393,0.4628820901052699,0.5000000000060039,0.49999999999997113,0.5000000000000333,0.4999999999939972
431,0.42498263791844654,0.5651457842609087,0.49992037199817313,0.5000796153225997,0.4403867448809882,0.5000000000054204,0.49999999999732947,0.5000000000026618,0.4999999999945787
432,0.5686418248330193,0.4202933202545314,0.49989584996105707,0.5001041283490009,0.555494980781149,0.4999999999907544,0.5000000000047369,0.499999999995265,0.50000000000925
433,0.7045904188379123,0.05960152462244398,0.5000764949404171,0.49992349335484315,0.5531178436023242,0.5000000000074741,0.5000000000012144,0.4999999999987887,0.4999999999925222
434,0.21831162949840055,0.6725622894862783,0.5000377194368439,0.4999622777174283,0.36058569791236894,0.49999999998922456,0.500000000001588,0.49999999999841105,0.5000000000107727
435,0.2950273121052885,0.6426187764787303,0.500138613212041,0.499861348350054,0.4480260798408282,0.5000000000027885,0.5000000000001196,0.49999999999987826,0.4999999999972143
436,0.7058794274704432,0.041644133728542705,0.5000162303769363,0.49998376909619424,0.6568621628273129,0.49999999999986294,0.5000000000017771,0.499999999998221,0.5000000000001386
437,0.2409487862465141,0.6647884546312552,0.5001006346263182,0.4998993451149431,0.42226747359500383,0.5000000000029943,0.49999999999906725,0.500000000000928,0.4999999999970023
438,0.11379201908856353,0.6978906622041474,0.5000384093477293,0.4999615877014876,0.34888466243119504,0.5000000000034511,0.5000000000061111,0.49999999999388856,0.4999999999965444
439,0.6532796700733924,0.2706024254673206,0.4998760609303606,0.5001239083554653,0.5671316680596282,0.49999999999134337,0.499999999996735,0.5000000000032645,0.500000000008654
440,0.17589537157810486,0.6848801491653377,0.5001202809843,0.49987969007371136,0.398658111346942,0.5000000000032284,0.49999999999935674,0.5000000000006484,0.49999999999676675
441,0.6157424148002643,0.34765109009967315,0.4998618441513251,0.5001381176851409,0.564659686910709,0.5000000000089616,0.5000000000040048,0.4999999999959949,0.4999999999910405
442,0.15695736184947354,0.6894667459899496,0.500116367726856,0.4998836051839437,0.3921821616662741,0.4999999999967088,0.5000000000007108,0.49999999999929023,0.5000000000032951
443,0.2991858798008624,0.6406932268285669,0.5001217954087228,0.4998781749158021,0.44861834677952356,0.500000000010466,0.5000000000070718,0.49999999999292605,0.499999999989534
444,0.07372071170727088,0.7032533428092945,0.5000618440308672,0.49993814831882005,0.3669830905080623,0.49999999999641526,0.5000000000013607,0.4999999999986413,0.5000000000035838
445,0.3419301083458365,0.6189376404840927,0.5000930066542365,0.49990697604206596,0.4663429364060253,0.5000000000026112,0.5000000000010273,0.4999999999989698,0.4999999999973909
446,0.09935147953739708,0.700092339276564,0.4999493072309257,0.5000506876300813,0.3687911644503293,0.5000000000035025,0.5000000000023777,0.4999999999976222,0.499999999996499
447,0.4806516716049364,0.5186270052584794,0.49986449152913953,0.5001354717557207,0.48407047162195516,0.4999999999979901,0.5000000000041358,0.49999999999586686,0.5000000000020085
448,0.5960829010019174,0.380375045360672,0.49993967514869864,0.5000603175740004,0.5806054224394147,0.5000000000013912,0.500000000002467,0.4999999999975296,0.499999999998604
449,0.1153606396515691,0.697633091366759,0.49986716596478814,0.5001327987548208,0.36533883404229933,0.5000000000034528,0.4999999999965284,0.5000000000034709,0.4999999999965481
450,0.127482797662206,0.6955200473747786,0.5000740853024284,0.4999259037186771,0.38116840998180657,0.49999999998801536,0.4999999999987614,0.5000000000012351,0.500000000011982
451,0.2404333333305214,0.6649750463164558,0.5001027440109937,0.4998972348720019,0.35987677704646953,0.5000000000046982,0.4999999999990919,0.5000000000009073,0.4999999999952999
452,0.13978532722934023,0.6931522648678146,0.5001280305935879,0.4998719366143448,0.34652925872618096,0.4999999999956692,0.5000000000004945,0.499999999999502,0.5000000000043257
453,0.12114990129131788,0.6966510667167033,0.5001145276438108,0.49988544611702046,0.34612496911812246,0.5000000000111184,0.4999999999992618,0.500000000000743,0.4999999999888867
454,0.6287370317670149,0.3235579467186688,0.5000704392494895,0.4999295508257311,0.618040284010834,0.4999999999988343,0.5000000000012683,0.49999999999872646,0.5000000000011631
455,0.2556226010710834,0.659285289361406,0.5000555656186666,0.4999444282055702,0.36685533723796293,0.4999999999970543,0.500000000006271,0.49999999999372824,0.5000000000029458
456,0.6808797014711775,0.19079526232200608,0.5000853847771946,0.49991460063919263,0.5389561642540799,0.4999999999929875,0.5000000000011163,0.49999999999888195,0.5000000000070156
457,0.7068213702484824,0.020088567894818513,0.49998664661448194,0.5000133530289005,0.6530287335605706,0.49999999999993927,0.49999999999796,0.5000000000020389,0.5000000000000677
458,0.0844571086677409,0.7020448681578135,0.5000008753214398,0.4999991246770311,0.36756927139593115,0.5000000000035507,0.4999999999980874,0.5000000000019161,0.49999999999644823
459,0.7070177079631019,0.011223218192677466,0.500090087924162,0.4999098958412441,0.6668592656350472,0.4999999999999677,0.5000000000010604,0.4999999999989394,0.500000000000031
460,0.564100913210481,0.42636857261658123,0.5001378801037165,0.4998620818639418,0.5876418298887435,0.49999999999841743,0.5000000000001682,0.49999999999982553,0.5000000000015822
461,0.48234777841048865,0.5170499243363581,0.5000903825624969,0.49990960109653576,0.5375169824931681,0.49999999999798883,0.4999999999989407,0.5000000000010616,0.500000000002008
462,0.6397230264124797,0.30125479162605523,0.49986070424428064,0.5001392569599102,0.5746917821914777,0.49999999999122446,0.49999999999612804,0.5000000000038716,0.5000000000087759
463,0.6119701601221802,0.3542492478018698,0.4999062959087646,0.500093686533617,0.5341691707741454,0.5000000000012863,0.4999999999951359,0.5000000000048692,0.49999999999871786
464,0.6758864364512597,0.20779204061473497,0.4999586962805488,0.500041300307739,0.6300138242125903,0.5000000000007248,0.49999999999770917,0.5000000000022915,0.49999999999927297
465,0.7015723611411632,0.08829625968904947,0.5001382603848913,0.4998617013726617,0.5432194813818015,0.4999999999926115,0.49999999999984973,0.5000000000001478,0.5000000000073854
466,0.6668174102655277,0.2352754603507235,0.500118004572917,0.49988196757034475,0.5270484451781361,0.5000000000068605,0.4999999999993139,0.5000000000006817,0.4999999999931402
467,0.1490965571691553,0.6912092422995406,0.500106373383608,0.49989360398098,0.3891938460896229,0.49999999999667893,0.49999999999913985,0.5000000000008579,0.5000000000033215
468,0.10186657348327853,0.6997308062439268,0.4998776999957925,0.5001222700969423,0.36452868079612943,0.500000000003489,0.49999999999676686,0.5000000000032357,0.49999999999651124
469,0.5645515661083944,0.42577168671079607,0.4998933344595832,0.5001066427901885,0.5130842805276896,0.5000000000015787,0.49999999999529854,0.5000000000046955,0.4999999999984185
470,0.5020011927011813,0.4979907655033277,0.5001001259211756,0.4998998540244079,0.5492056581973823,0.5000000000019097,0.50000000000094,0.49999999999906014,0.4999999999980893
471,0.40486939031532576,0.579724742257646,0.49988047837350735,0.5001194930624856,0.46761287335689394,0.49999999999466227,0.4999999999954932,0.5000000000045111,0.5000000000053355
472,0.2499997383252713,0.6614379266698366,0.49989483170868526,0.5001051461752279,0.3830382315925545,0.4999999999952721,0.4999999999970348,0.5000000000029663,0.5000000000047244
473,0.6854842284373948,0.17352630862881124,0.4998706459621281,0.5001293205815913,0.6115235262441793,0.4999999999993922,0.4999999999966212,0.5000000000033783,0.5000000000006098
474,0.611450948703807,0.35514467098523944,0.49986331965476677,0.5001366429924112,0.5526428942760981,0.49999999999871064,0.500000000004083,0.49999999999591943,0.5000000000012892
475,0.6414573149641237,0.29754413635461757,0.5000609439216569,0.49993904864911376,0.6243766366181179,0.4999999999989347,0.5000000000013672,0.4999999999986324,0.5000000000010637
476,0.5761793179611248,0.4098992480523192,0.5000980785849987,0.49990190217240904,0.48311269482580743,0.49999999999383576,0.4999999999990335,0.500000000000967,0.500000000006168
477,0.6758851659296479,0.2077961560670863,0.5000877247700519,0.49991225983597154,0.5358707459091302,0.499999999993036,0.49999999999891,0.5000000000010852,0.5000000000069688
478,0.35348217149234273,0.6124135500618251,0.5001139231602434,0.4998860508768711,0.47340794518370366,0.5000000000025667,0.5000000000007546,0.49999999999924916,0.4999999999974331
479,0.6317174497711431,0.3176996437748232,0.4999305633500209,0.5000694270084195,0.5990745495639871,0.49999999999345207,0.49999999999486944,0.500000000005129,0.5000000000065544
480,0.6218579413299782,0.3365898109046714,0.5001222093752034,0.49987776074722906,0.6195145648045293,0.5000000000012239,0.500000000000612,0.49999999999938693,0.49999999999877737
481,0.6507213063429399,0.2766980092588405,0.5001390121445514,0.4998609491959445,0.5158720739738989,0.5000000000067086,0.5000000000000773,0.49999999999992123,0.49999999999329603
482,0.6385457007126893,0.30374230541914776,0.4998940145971833,0.5001059629417698,0.552102382174937,0.5000000000010874,0.500000000004713,0.499999999995291,0.49999999999891115
483,0.11668190348177816,0.6974133160471382,0.4999474251442049,0.5000525693281417,0.3530429620115748,0.4999999999957425,0.4999999999976055,0.5000000000023911,0.5000000000042542
484,0.6390621349280368,0.30265424899517235,0.5001258659594991,0.4998741023480382,0.6301147144427649,0.49999999999891864,0.5000000000005399,0.49999999999945616,0.5000000000010799
485,0.40980491091412086,0.5762464265535188,0.5001057334698992,0.49989424416624023,0.500786434859273,0.49999999998694766,0.49999999999913247,0.5000000000008702,0.5000000000130557
486,0.7047584182771109,0.05758100266181475,0.5001203495927823,0.49987962143219083,0.6688165002196746,0.49999999999979805,0.5000000000006455,0.4999999999993519,0.5000000000001974
487,0.5126780609115682,0.48699199773708257,0.5001216231061567,0.49987834730228675,0.4500900626932057,0.5000000000058319,0.49999999999937833,0.5000000000006242,0.49999999999416855
488,0.7065572052716282,0.027873340731619164,0.49992661799286225,0.500073371238876,0.6417681796847774,0.4999999999998956,0.5000000000025997,0.4999999999973963,0.5000000000001095
489,0.23643120694063496,0.666408497293791,0.5000994132902217,0.4999005669398442,0.3594204684478853,0.4999999999953189,0.5000000000009481,0.4999999999990536,0.5000000000046805
490,0.46666994762014025,0.5312430361568711,0.5001146396016793,0.4998853341078129,0.5313503002490769,0.49999999999791445,0.4999999999992589,0.5000000000007386,0.5000000000020788
491,0.06625179936729461,0.7039962351324046,0.4999165523375312,0.5000834337377663,0.3520101046162607,0.4999999999959225,0.5000000000027063,0.49999999999729233,0.5000000000040818
492,0.38225955956201696,0.5948761460366784,0.4999997698038324,0.5000002301960628,0.4768033671675885,0.4999999999975466,0.4999999999980752,0.5000000000019261,0.5000000000024523
493,0.3067356848917507,0.6371131921519082,0.4999111973868596,0.5000887868441327,0.39710815493510565,0.500000000004953,0.5000000000027676,0.49999999999723266,0.4999999999950528
494,0.5923998459951452,0.3860860379589986,0.5000191008593496,0.4999808984109333,0.5019685229162405,0.4999999999908929,0.49999999999824446,0.5000000000017523,0.5000000000091096
495,0.6242717635402167,0.3320915112196596,0.5000406089812848,0.4999593877202684,0.611867861625494,0.4999999999935039,0.5000000000061331,0.4999999999938668,0.500000000006494
496,0.43413320054661125,0.5581472603024777,0.5000375967335771,0.4999624004391779,0.5068854540482005,0.5000000000022254,0.5000000000015843,0.49999999999841216,0.4999999999977808
497,0.6311699387264358,0.3187859942462052,0.49997632398981556,0.50002367488913,0.5291708826138569,0.5000000000088403,0.49999999999786676,0.500000000002133,0.4999999999911562
498,0.5067229855871563,0.49318537678811664,0.5000841449544842,0.49991584088238006,0.45167881568997664,0.5000000000058089,0.4999999999988688,0.500000000001126,0.49999999999418937
499,0.5685414200650619,0.4204291303779974,0.4999290002093149,0.5000709897101752,0.5060183124851967,0.5000000000061282,0.49999999999742234,0.5000000000025772,0.4999999999938682
500,0.7065189450920293,0.028826727633296283,0.499974830284246,0.5000251684487873,0.650933888356204,0.49999999999990785,0.4999999999978563,0.5000000000021426,0.5000000000000905
501,0.18912021730585282,0.6813468651027451,0.5001222977978864,0.499877672281289,0.3509088726402388,0.4999999999954934,0.49999999999938927,0.5000000000006085,0.5000000000045023
502,0.5492777135283494,0.44530213722939715,0.5000855361833789,0.49991444918124184,0.5740068609513159,0.5000000000016673,0.5000000000011172,0.49999999999888495,0.4999999999983333
503,0.6732148347164986,0.2162909924409966,0.5000958938233915,0.4999040877818305,0.6471890114487717,0.5000000000007606,0.49999999999900824,0.5000000000009929,0.4999999999992424
504,0.47588046238473,0.5230083990917302,0.5000573973512398,0.49994259605909575,0.44137590572360014,0.4999999999902681,0.5000000000014055,0.49999999999859857,0.5000000000097311
505,0.5679453579624526,0.42123398529665707,0.49990366288989724,0.500096318551997,0.5117891496679517,0.5000000000061381,0.4999999999971407,0.5000000000028559,0.49999999999386485
506,0.32519711993681755,0.6278907812548287,0.5001123662478165,0.4998876084941632,0.37988529628701545,0.49999999999498257,0.5000000000007775,0.49999999999922673,0.5000000000050177
507,0.5967139610560821,0.3793843021011301,0.5000370557297947,0.49996294152374976,0.5955144945600682,0.50000000000139,0.4999999999984092,0.5000000000015932,0.4999999999986112
508,0.7001964890045596,0.098614789893235,0.5001267377385438,0.49987323012840246,0.6667494581021894,0.5000000000003385,0.5000000000005232,0.49999999999947786,0.4999999999996607
509,0.37030766250949576,0.602388774037788,0.4998613295065167,0.500138632045136,0.4420979479414966,0.4999999999975009,0.4999999999962733,0.5000000000037292,0.5000000000024951
510,0.6172304572974637,0.3450022672417567,0.4999553363413065,0.5000446596693594,0.5954876366955055,0.4999999999987576,0.4999999999976745,0.50000000000232,0.5000000000012365
511,0.18524665013436248,0.6824101982048624,0.5001090615275889,0.4998909146783881,0.401668468330201,0.5000000000031929,0.5000000000008223,0.49999999999917916,0.49999999999680983
512,0.007180281329298302,0.7070703243390071,0.5000519947971113,0.49994799979540794,0.35380874432956,0.4999999999884562,0.4999999999985453,0.5000000000014544,0.5000000000115445
513,0.33824762752867954,0.6209577622280118,0.5001390887944319,0.49986087250341377,0.38145078164807994,0.4999999999949328,0.49999999999993155,0.5000000000000674,0.5000000000050677
514,0.011645373632274381,0.7070108805902239,0.4999091576423103,0.5000908258560156,0.3530255865955432,0.5000000000038771,0.4999999999972047,0.5000000000027915,0.49999999999612205
515,0.05161556797868964,0.7052204198496647,0.5000739412862705,0.4999260477774891,0.34827751580572247,0.49999999999596934,0.49999999999876216,0.5000000000012427,0.5000000000040262
516,0.4954109180639049,0.5045473439262961,0.4999786227346307,0.5000213763514337,0.46112013500233706,0.4999999999980604,0.5000000000055804,0.49999999999441996,0.5000000000019411
517,0.700147511270042,0.0989619243060949,0.49994723859719165,0.5000527558358652,0.642236008694213,0.49999999999965966,0.5000000000024006,0.49999999999760014,0.5000000000003394
518,0.496128666948382,0.5038415880334017,0.5001217590672754,0.4998782112749563,0.5479421720781977,0.499999999998053,0.4999999999993772,0.5000000000006186,0.5000000000019459
519,0.5422006595893946,0.45389255386473004,0.5001274264099798,0.49987254110676294,0.46303182269918536,0.5000000000059934,0.5000000000005098,0.49999999999949246,0.4999999999940159
520,0.21978487260598034,0.6720822991681221,0.5000433243041389,0.4999566719415474,0.41065038297262163,0.5000000000030654,0.49999999999846373,0.5000000000015388,0.4999999999969334
521,0.6045792423432665,0.3667205199162453,0.49986103991909625,0.50013892147182,0.5525441387596034,0.5000000000063549,0.5000000000037564,0.4999999999962395,0.4999999999936448
522,0.5581663484114937,0.43410865863396497,0.5000094851988388,0.4999905146212142,0.48627323294071356,0.500000000006073,0.5000000000018366,0.499999999998158,0.4999999999939284
523,0.1759286340046594,0.684871605293469,0.4998608522702146,0.500139109016376,0.37535444494881703,0.4999999999967764,0.4999999999962165,0.5000000000037834,0.5000000000032224
524,0.5194308462786893,0.47978286331860787,0.4999956758794025,0.5000043240832017,0.4696939564562638,0.5000000000095141,0.5000000000019622,0.4999999999980379,0.49999999999048345
525,0.4976824278584549,0.5023068793087689,0.4998609269085231,0.5001390344195841,0.5004668420539407,0.5000000000019302,0.5000000000037704,0.4999999999962315,0.4999999999980703
526,0.700871669620403,0.09369579885729724,0.49994751510350993,0.5000524793877381,0.5727999218444395,0.5000000000003253,0.49999999999470157,0.5000000000052972,0.4999999999996734
527,0.6772599492690897,0.20327065975203587,0.5000565934809823,0.4999434001126429,0.6450380639440341,0.4999999999992892,0.5000000000014094,0.4999999999985852,0.5000000000007089
528,0.6370466757256549,0.3068738062248027,0.4998721219040745,0.5001278453986744,0.5602054746467865,0.5000000000088007,0.5000000000033482,0.49999999999665423,0.49999999999120487
529,0.4614973957312284,0.53574261892563,0.5000911377399266,0.49990884564487337,0.5264924914416262,0.5000000000020993,0.5000000000010524,0.49999999999895195,0.4999999999978997
530,0.014889363884618458,0.7069500030717206,0.500059447221464,0.49994054570974966,0.35192543159563167,0.5000000000038928,0.5000000000013836,0.49999999999861505,0.49999999999610173
531,0.31030036714337894,0.6353846738673009,0.5000926395431545,0.4999073432894984,0.3774851016806709,0.5000000000104268,0.4999999999989691,0.500000000001035,0.49999999998957273
532,0.5378811266438797,0.4590031520592289,0.49990408106639445,0.5000959005362494,0.4965360941357553,0.5000000000059558,0.5000000000028507,0.49999999999714795,0.4999999999940413
533,0.5233211270791673,0.4755365369270689,0.500128776858981,0.49987118996551644,0.45412526500980455,0.5000000000058836,0.5000000000004785,0.4999999999995235,0.49999999999411615
534,0.7064077133019642,0.03143473536533647,0.4999547381159561,0.5000452577871344,0.5743814084375064,0.4999999999998856,0.4999999999946375,0.5000000000053585,0.5000000000001132
535,0.1264060229493122,0.6957165495818936,0.4998778487642251,0.5001221214012072,0.3598797800543131,0.5000000000034053,0.5000000000044552,0.4999999999955383,0.4999999999965922
536,0.1792954052614147,0.6839979222571831,0.49995204126411774,0.500047954136246,0.39011113829440697,0.5000000000121637,0.5000000000023567,0.4999999999976468,0.4999999999878349
537,0.5040391365314647,0.49592796739507916,0.5000609499686913,0.499939042600608,0.4536223097829838,0.4999999999903972,0.5000000000013683,0.49999999999863437,0.5000000000096022
538,0.4866469140813152,0.5130056344867313,0.5001309720537889,0.49986899362986686,0.437693345269591,0.500000000005696,0.49999999999957684,0.500000000000427,0.499999999994305
539,0.15120986828581356,0.6907500095787084,0.4999214826724149,0.5000785049995772,0.3795294540361288,0.5000000000033201,0.4999999999973429,0.500000000002655,0.4999999999966788
540,0.25939752170141217,0.6578091864174316,0.5001251099511349,0.4998748587360255,0.4313220122685426,0.4999999999970654,0.49999999999943995,0.5000000000005564,0.5000000000029325
541,0.3945699277577054,0.5867832436675872,0.5000089507702017,0.4999910490695629,0.4838216299463013,0.4999999999976023,0.5000000000018437,0.4999999999981564,0.5000000000023986
542,0.23356818862389772,0.6674173366514774,0.4998670271526376,0.5001329374932086,0.39500275446783234,0.500000000004664,0.4999999999957839,0.5000000000042178,0.49999999999533634
543,0.6636236411137856,0.2441386142232996,0.5001071646297446,0.49989281239680905,0.6427090580130516,0.5000000000008596,0.5000000000008453,0.4999999999991486,0.4999999999991322
544,0.21198212925093082,0.6745840028330345,0.5000267450522851,0.49997325351704486,0.35990034127916587,0.500000000004601,0.49999999999831485,0.5000000000016874,0.49999999999539707
545,0.6007846028870552,0.3729046308537931,0.5000888993385887,0.4999110848524143,0.6038222665152011,0.4999999999986404,0.49999999999892486,0.5000000000010741,0.500000000001364
546,0.46126339120818466,0.5359441052303187,0.4998663222111623,0.5001336420588862,0.47347809069553676,0.4999999999944121,0.5000000000034964,0.4999999999965033,0.5000000000055899
547,0.699141817698519,0.10583344814003144,0.49988168589081783,0.5001182861193508,0.5903467214347683,0.4999999999926737,0.4999999999968377,0.5000000000031657,0.5000000000073245
548,0.038069040266738366,0.7060812670032699,0.5001372183505737,0.49986274398133085,0.36058371951890755,0.5000000000037081,0.49999999999978934,0.5000000000002057,0.4999999999962904
549,0.48079133997200807,0.5184975322893001,0.49992573308854216,0.500074255881943,0.4640467181146848,0.5000000000020168,0.5000000000050773,0.49999999999491823,0.49999999999798156
550,0.47192510103924673,0.5265801957206612,0.500080259910754,0.4999197272038697,0.43699388894008734,0.499999999994372,0.5000000000011724,0.49999999999882655,0.5000000000056253
551,0.29904837849834787,0.6407574169040198,0.49991452320808455,0.5000854621818489,0.39409666976841234,0.4999999999950766,0.4999999999972678,0.5000000000027324,0.5000000000049265
552,0.46651854095556783,0.5313759977122504,0.5001386673596467,0.49986129417241043,0.4279885586056206,0.49999999999023276,0.4999999999998798,0.5000000000001208,0.5000000000097689
553,0.028820402994509064,0.706519203115691,0.4999163077128055,0.5000836782807411,0.35592662648375123,0.5000000000037497,0.5000000000027117,0.49999999999728867,0.4999999999962475
554,0.6407623889041445,0.2990377249877529,0.4998613808845376,0.5001385806955911,0.5777109882669315,0.49999999999337597,0.5000000000039698,0.4999999999960275,0.5000000000066213
555,0.6516360825194686,0.2745367422127279,0.4999593039177869,0.5000406927701411,0.5433591963239484,0.5000000000067006,0.5000000000022886,0.4999999999977122,0.49999999999329525
556,0.620604823779824,0.3388947516578095,0.5001375005248274,0.4998624616519824,0.6204274622769647,0.49999999999877937,0.5000000000001981,0.4999999999998035,0.5000000000012156
557,0.2247935326804369,0.6704236479011245,0.5000477115904884,0.49995228385629015,0.3608805765714971,0.5000000000046432,0.5000000000014985,0.49999999999850653,0.49999999999535866
558,0.6975930205962412,0.11560267131609125,0.4998896432505599,0.5001103323975902,0.5863780883486113,0.4999999999919052,0.5000000000030427,0.4999999999969576,0.500000000008099
559,0.6570033940351422,0.26143171235774604,0.5001330416595665,0.499866922930843,0.6413976998776545,0.5000000000009363,0.5000000000003665,0.49999999999963285,0.4999999999990635
560,0.13137339841764742,0.6947956751363618,0.5000258625107699,0.49997413615142294,0.380305731754629,0.4999999999966116,0.5000000000016944,0.4999999999983067,0.5000000000033833
561,0.6932030603494619,0.13953321153808787,0.5000106826218671,0.4999893171498959,0.64845675800198,0.5000000000004866,0.5000000000018324,0.49999999999817246,0.49999999999950606
562,0.14287808927287537,0.6925213726707138,0.5000205281385242,0.49997947101862944,0.3513076822239733,0.4999999999889626,0.49999999999825573,0.5000000000017416,0.500000000011035
563,0.3418200187251556,0.6189984463628001,0.5001388683941803,0.4998610930262432,0.46958050518216804,0.5000000000026121,0.5000000000000956,0.49999999999990646,0.4999999999973846
564,0.16282912087048912,0.6881036821559248,0.4999530818996331,0.5000469136981611,0.3578440995982475,0.5000000000044132,0.5000000000023412,0.4999999999976563,0.49999999999558525
565,0.24011291034487037,0.665090813562868,0.5000586585349911,0.4999413345825494,0.36318202498970054,0.5000000000046954,0.4999999999986079,0.5000000000013878,0.4999999999953062
566,0.0593997265028636,0.704607465168338,0.49989482129102136,0.500105156588503,0.3591325852963442,0.50000000000364,0.4999999999970292,0.5000000000029643,0.4999999999963596
567,0.5395523099593055,0.4570375348073367,0.5001244378447162,0.4998755311780145,0.5724366555827699,0.49999999999827954,0.5000000000005661,0.49999999999942957,0.5000000000017156
568,0.690600816780393,0.15188980170587868,0.4999509687158633,0.5000490264764688,0.6372868151261326,0.49999999999947087,0.49999999999763356,0.5000000000023609,0.5000000000005264
569,0.5107823184560871,0.488979982363932,0.5001383823484797,0.4998615793415654,0.5576040965363576,0.4999999999981341,0.49999999999985845,0.5000000000001399,0.5000000000018728
570,0.6827178310144281,0.1841096499778058,0.49986122719029863,0.5001387343045995,0.5956057174532179,0.5000000000006461,0.5000000000039538,0.4999999999960445,0.4999999999993493
571,0.5605667771536055,0.4310045108251349,0.4999980504737903,0.5000019495186103,0.5699538561366871,0.5000000000016046,0.49999999999805883,0.5000000000019431,0.4999999999983894
572,0.3233958608716762,0.6288204186211125,0.49986250969630236,0.5001374525069274,0.4243524141273516,0.5000000000026908,0.499999999996354,0.5000000000036512,0.4999999999973085
573,0.20787143614774073,0.6758620170078137,0.4999453210069412,0.5000546730141275,0.36628213655918823,0.5000000000108062,0.500000000002417,0.49999999999758277,0.4999999999891885
574,0.6927847898015516,0.1415953213196754,0.5001129117310831,0.4998870627650424,0.5416604840920316,0.49999999999181943,0.5000000000007665,0.4999999999992373,0.5000000000081828
575,0.6956054661946188,0.12701588640859807,0.5000189753853277,0.49998102389451116,0.5567420178241566,0.5000000000072543,0.4999999999982437,0.5000000000017532,0.49999999999274075
576,0.175757926647911,0.6849154388953276,0.5001392770686169,0.49986068412436674,0.39959318761209767,0.49999999999676914,0.4999999999999821,0.5000000000000168,0.5000000000032259
577,0.6769602176125051,0.20426664869731032,0.49996980236297117,0.5000301958133396,0.5550894984718453,0.5000000000069711,0.5000000000021868,0.4999999999978086,0.4999999999930297
578,0.1830557934223897,0.683001154094554,0.50013552300286,0.4998644402542093,0.34919692985609563,0.5000000000044882,0.5000000000002847,0.49999999999971384,0.4999999999955052
579,0.6358282236898902,0.30939049219214315,0.5000219223054618,0.49997807673332256,0.5240192301768719,0.5000000000088035,0.50000000000173,0.4999999999982717,0.4999999999911954
580,0.5973678125123374,0.3783539340263022,0.499992467119189,0.5000075327673283,0.5087017293181642,0.500000000006309,0.4999999999980158,0.5000000000019886,0.49999999999368927
581,0.21334809529322882,0.674153239430585,0.4999837356449242,0.5000162638260437,0.36393048374805415,0.4999999999954107,0.5000000000020718,0.49999999999793765,0.5000000000045898
582,0.6937665883646965,0.13670379723630496,0.5001391718746002,0.4998607893769907,0.6641356925380529,0.5000000000004746,0.49999999999994743,0.500000000000052,0.49999999999952177
583,0.4061905746026412,0.578799807449841,0.49987576245797255,0.5001242066797563,0.4665754259241189,0.5000000000053372,0.5000000000044176,0.49999999999557765,0.4999999999946599
584,0.39664291977412774,0.5853839715887816,0.49986499202692214,0.5001349715286111,0.44523290940909277,0.5000000000129908,0.50000000000415,0.49999999999584965,0.49999999998701
585,0.6879193950638278,0.1636059470038236,0.5000468305872564,0.4999531650261295,0.6501376232235186,0.4999999999994173,0.4999999999984998,0.500000000001505,0.5000000000005836
586,0.6322785847342128,0.31658141336234946,0.5001133033850301,0.49988667093383543,0.5094083037397285,0.5000000000011345,0.49999999999306843,0.5000000000069317,0.4999999999988676
587,0.6990307145891254,0.10656481717485407,0.5000060736758187,0.4999939262504034,0.5608073523118785,0.4999999999919377,0.5000000000018716,0.4999999999981307,0.5000000000080633
588,0.693986515784132,0.13558287469221378,0.49986126287483224,0.5001386986398658,0.6018840456105217,0.4999999999927912,0.49999999999626943,0.5000000000037315,0.5000000000072128
589,0.29378006639203647,0.6431899195344168,0.5000055633911957,0.49999443654689824,0.4372440474203245,0.4999999999951061,0.49999999999418127,0.5000000000058162,0.5000000000048931
590,0.39920840635029403,0.5836374288025514,0.49992085789234464,0.5000791295826865,0.42948419656933223,0.49999999999467815,0.5000000000026577,0.4999999999973377,0.5000000000053167
591,0.45174607441913267,0.543990334699894,0.5000948679536392,0.49990511404308263,0.4266062964599926,0.5000000000055483,0.5000000000010043,0.4999999999989912,0.49999999999445105
592,0.3284862648159492,0.6261763134755657,0.5000915963665828,0.49990838685055944,0.45967148962470056,0.4999999999973288,0.4999999999989561,0.5000000000010498,0.5000000000026726
593,0.475296821585751,0.5235388571364259,0.5000091526220284,0.4999908472104231,0.4475816364976116,0.4999999999943521,0.500000000001838,0.49999999999815764,0.500000000005643
594,0.5268644768375895,0.4716077003682771,0.5001183514036486,0.49988162057561586,0.5647732943668656,0.5000000000017817,0.5000000000006828,0.4999999999993247,0.49999999999822003
595,0.17474572421203616,0.6851743806284684,0.49997472001870075,0.5000252787032082,0.3902764194834988,0.500000000003237,0.5000000000021472,0.4999999999978522,0.4999999999967574
596,0.09130204571507673,0.7011875240165436,0.5000593647019113,0.49994062824891455,0.34765691767418355,0.5000000000118529,0.500000000006306,0.49999999999369266,0.49999999998814515
597,0.6710630522657335,0.22287751558781385,0.5000994730453343,0.4999005071609532,0.6462861631020754,0.5000000000007858,0.5000000000009486,0.4999999999990509,0.49999999999921496
598,0.052407531391539135,0.7051620083949002,0.499974998053783,0.500025000696092,0.36048055051641625,0.5000000000036611,0.5000000000021482,0.4999999999978591,0.49999999999633454
599,0.6719321688338509,0.2202434298376853,0.5000911448247288,0.4999088385574804,0.5333376560729609,0.49999999999152733,0.4999999999989511,0.500000000001046,0.5000000000084764
600,0.6726896770025371,0.21791879052994984,0.5001388222014824,0.49986113924459963,0.6513503558546818,0.500000000000781,0.5000000000000976,0.4999999999998977,0.49999999999922223
601,0.3377231928032104,0.6212431448658439,0.5000804545007477,0.4999195325513101,0.463385098212159,0.4999999999973764,0.49999999999883005,0.500000000001165,0.500000000002622
602,0.3550807028156642,0.6114880984025166,0.5000271778006911,0.49997282072196403,0.3978548630322302,0.5000000000051283,0.49999999999831335,0.5000000000016879,0.4999999999948637
603,0.3641360953231194,0.6061393437839463,0.5001196020861596,0.4998803692976741,0.47895853878005995,0.4999999999974755,0.5000000000006579,0.49999999999934,0.5000000000025255
604,0.19424383234772571,0.6799039155045967,0.4999152821328843,0.5000847035153149,0.3913013861495072,0.4999999999968312,0.4999999999972778,0.500000000002724,0.5000000000031676
605,0.5111382379729446,0.4886079222463698,0.5001002186613612,0.4998997612470565,0.5542316990218936,0.4999999999981338,0.5000000000009435,0.4999999999990621,0.5000000000018674
606,0.5116413727739074,0.4880810441576567,0.49999142460058976,0.5000085752523402,0.5422192822666263,0.5000000000018615,0.4999999999980032,0.5000000000019993,0.49999999999813555
607,0.548503394470367,0.44625556532030275,0.4998763207491462,0.5001236486653045,0.5380508731623708,0.49999999999063094,0.49999999999556866,0.5000000000044318,0.5000000000093642
608,0.6843347052405013,0.17800564935807778,0.5001161778141633,0.4998837951849945,0.5367014745380474,0.5000000000083183,0.4999999999992859,0.5000000000007155,0.4999999999916766
609,0.3701143375691496,0.6025075795989646,0.5001215684253426,0.49987840200970146,0.39326532988035084,0.4999999999975062,0.4999999999929318,0.5000000000070657,0.5000000000024981
610,0.417890500523905,0.5704099662276941,0.5000818756517147,0.49991811093884225,0.502727559892721,0.5000000000023039,0.49999999999884626,0.5000000000011516,0.4999999999976952
611,0.11061733283794892,0.6984008970746459,0.49993191913445295,0.5000680715968033,0.3702509833346797,0.4999999999965337,0.5000000000025503,0.49999999999745276,0.500000000003469
612,0.7070669597270851,0.007504792632555748,0.49986129378514876,0.5001386677466892,0.6092960635283168,0.49999999999999956,0.5000000000039609,0.4999999999960352,0.5000000000000008
613,0.2545826830631002,0.6596875453458222,0.5000979666183534,0.4999020141829698,0.4277685200833603,0.49999999998756145,0.499999999999034,0.500000000000968,0.5000000000124418
614,0.5851723704603715,0.3969550312690178,0.49987115930295434,0.500128807505744,0.5327534524343212,0.4999999999908442,0.49999999999663336,0.5000000000033639,0.5000000000091532
615,0.4208544748035818,0.568226642304846,0.5000872221501665,0.4999127626317731,0.5049223573142572,0.4999999999977201,0.4999999999989064,0.5000000000010953,0.5000000000022775
616,0.1387148888170038,0.6933672761390509,0.4999101446273596,0.5000898392275648,0.37545651076285347,0.5000000000033608,0.5000000000027768,0.4999999999972226,0.49999999999664013
617,0.5341413804835764,0.46334974442110155,0.5001317269290808,0.4998682383578013,0.4588903707342866,0.5000000000094459,0.5000000000004029,0.49999999999959355,0.49999999999055517
618,0.614578184698648,0.3497050970353699,0.5001279124504338,0.4998720548180036,0.6159478828615466,0.5000000000012608,0.500000000000498,0.499999999999504,0.49999999999874245
619,0.5590429345611674,0.4329792111836784,0.5001071177814277,0.4998928592652185,0.5817646034935694,0.5000000000016152,0.5000000000008504,0.499999999999152,0.49999999999838707
620,0.7069936793189652,0.012646636036218422,0.5000261069126972,0.4999738917240829,0.5619033789053206,0.5000000000077425,0.5000000000016868,0.4999999999983064,0.49999999999225814
621,0.4446765823648488,0.5497842641403277,0.4998653883834711,0.5001345753857103,0.47968149890609807,0.5000000000055135,0.4999999999958355,0.5000000000041678,0.4999999999944904
622,0.340523848999983,0.6197124399769887,0.49990821061411217,0.5000917725383994,0.44524270234916274,0.49999999998969524,0.4999999999895054,0.5000000000104966,0.5000000000103009
623,0.2104960116136998,0.675049210211763,0.5001268359624422,0.4998731318546722,0.353232234644609,0.4999999999954121,0.5000000000005238,0.49999999999947853,0.5000000000045888
624,0.699324074461915,0.10462239839804256,0.49990626496223173,0.5000937174685458,0.5820257441454042,0.50000000000805,0.5000000000028264,0.49999999999717243,0.4999999999919465
625,0.4333782287355301,0.5587336671957931,0.5000939081986703,0.4999060741605172,0.41946142730112174,0.5000000000054617,0.49999999999898453,0.5000000000010162,0.4999999999945431
626,0.19614739973454587,0.6793571943958311,0.4998643790086421,0.5001355842152289,0.3764666864136536,0.5000000000045329,0.4999999999964391,0.5000000000035647,0.499999999995466
627,0.23524211733210923,0.6668291738589833,0.499932749804761,0.5000672411512765,0.37365395082659303,0.5000000000046817,0.49999999999746175,0.5000000000025372,0.49999999999532135
628,0.10773139855931765,0.6988518769847576,0.5001182998519751,0.49988167215168616,0.3770601889739352,0.5000000000119148,0.5000000000006765,0.49999999999931966,0.4999999999880854
629,0.6955749479057686,0.12718290705077392,0.4999928163180088,0.5000071835787834,0.5611435370869674,0.5000000000081317,0.5000000000019842,0.4999999999980172,0.49999999999186695
630,0.6697529044131871,0.22678414192818233,0.5001233626888326,0.49987660686694635,0.52796840431488,0.49999999999311245,0.4999999999994086,0.5000000000005889,0.5000000000068895
631,0.5555210295030575,0.43748872646031334,0.4998797864437005,0.5001201846606479,0.5431868069651875,0.500000000006055,0.49999999999550343,0.500000000004497,0.49999999999394884
632,0.5889628596727207,0.3913090210129668,0.4999100056814085,0.5000899781235473,0.5703691806680925,0.49999999999855543,0.5000000000027798,0.4999999999972163,0.5000000000014401
633,0.18364759802264327,0.6828422656371764,0.4999231535323727,0.5000768346586776,0.36387481425293866,0.5000000000044873,0.49999999999736144,0.5000000000026334,0.4999999999955114
634,0.48124081282721004,0.5180803799309609,0.49998695818895433,0.5000130414708759,0.525369178042084,0.4999999999979902,0.5000000000020377,0.4999999999979615,0.5000000000020126
635,0.1056309788536493,0.6991724367467684,0.49986442909548306,0.5001355341555377,0.35942130713998627,0.49999999998882266,0.49999999999644057,0.5000000000035578,0.5000000000111715
636,0.7036283874737405,0.07005064126119111,0.500009474721245,0.49999052509920594,0.6545636722293058,0.49999999999976336,0.5000000000018346,0.4999999999981606,0.5000000000002371
637,0.689893469554818,0.15507095364900766,0.49987871945871887,0.5001212511304702,0.6180309926483494,0.4999999999994509,0.500000000003213,0.4999999999967827,0.5000000000005466
638,0.583345564734569,0.3996347733925363,0.49993751897002997,0.5000624732231898,0.5116444870270896,0.5000000000062199,0.49999999999750877,0.5000000000024939,0.4999999999937773
639,0.44410078586513785,0.5502494815935424,0.5001305012395122,0.4998694646904463,0.5207450797379637,0.4999999999978133,0.5000000000004357,0.49999999999956357,0.500000000002182
640,0.5775830503391549,0.40791888894842,0.4998623396589504,0.5001376224507373,0.5356138834009248,0.499999999998486,0.49999999999596423,0.5000000000040321,0.5000000000015103
641,0.07896187966391267,0.7026841549088324,0.4999278541572583,0.5000721354342008,0.3638578774410299,0.500000000003562,0.49999999999741257,0.5000000000025903,0.49999999999643624
642,0.3931576458859663,0.5877304360686196,0.499871525044182,0.5001284419526663,0.4402464403567341,0.4999999999975979,0.4999999999956668,0.5000000000043311,0.500000000002407
643,0.49569541399216643,0.5042678457331505,0.49999089680558584,0.5000091030286842,0.4593613631104094,0.4999999999980559,0.5000000000056944,0.499999999994309,0.5000000000019434
644,0.7070195101641045,0.011109106503437693,0.5000510859285473,0.499948908851377,0.5580875507784391,0.49999999999227107,0.4999999999985375,0.5000000000014645,0.500000000007724
645,0.3628124367888005,0.6069325627377157,0.5001157236633798,0.4998842495464885,0.3911921679627055,0.4999999999948269,0.4999999999992778,0.5000000000007244,0.5000000000051718
646,0.7050925637945065,0.05333363368165175,0.4998704527278901,0.5001295137158145,0.5992739453007562,0.4999999999998171,0.5000000000043071,0.499999999995696,0.5000000000001819
647,0.546959025858463,0.44814710461065715,0.4999827328815335,0.500017266522176,0.48503729261537515,0.4999999999906256,0.500000000002072,0.4999999999979238,0.5000000000093725
648,0.5348615561080846,0.4625182329353518,0.4998609597874643,0.500139001558923,0.5158028932844768,0.5000000000017523,0.49999999999607375,0.5000000000039277,0.49999999999825007
649,0.2118414976163264,0.67462817899023,0.5001391404385825,0.4998608208305144,0.4127634635132018,0.5000000000122793,0.49999999999994327,0.5000000000000568,0.4999999999877227
650,0.7004245649905149,0.09698158978819361,0.5000831935752575,0.49991679258009386,0.5498420957534021,0.4999999999919761,0.5000000000011402,0.499999999998857,0.5000000000080216
651,0.3992468879873124,0.5836111054738797,0.4998640707548964,0.5001358923016245,0.447069698852258,0.5000000000053091,0.4999999999964229,0.5000000000035755,0.4999999999946885
652,0.478581732377089,0.5205377271965446,0.4998955501539872,0.5001044280310335,0.47018744021209125,0.5000000000020277,0.49999999999527056,0.5000000000047343,0.49999999999797234
653,0.18394358771506855,0.6827625916367348,0.49993159258268616,0.5000683980594469,0.3898146444073867,0.500000000012182,0.5000000000025543,0.4999999999974482,0.4999999999878199
654,0.43416684456122767,0.558121089982938,0.500087610756403,0.4999123738896179,0.5116983542283929,0.4999999999977661,0.5000000000010904,0.4999999999989106,0.50000000000223
655,0.6173929079332268,0.3447114695419212,0.5001369734047304,0.49986298906156124,0.49884457525343856,0.5000000000064451,0.5000000000002262,0.49999999999977646,0.4999999999935518
656,0.11324437433908892,0.6979797358666984,0.5001225478705903,0.49987742208607916,0.3784990459997839,0.49999999999654354,0.49999999999939404,0.5000000000006012,0.5000000000034543
657,0.5520686196028923,0.4418373447885036,0.49993080105148435,0.5000691893728474,0.49720626522624306,0.5000000000060444,0.500000000002561,0.4999999999974348,0.4999999999939539
658,0.6711505306617338,0.22261395343552465,0.5001391126716349,0.4998608486129198,0.5267317086517684,0.5000000000069019,0.49999999999993755,0.5000000000000613,0.4999999999930993
659,0.6562481953744402,0.26332167792984057,0.49986424230037024,0.5001357208493332,0.5763556894393302,0.4999999999990589,0.5000000000041263,0.4999999999958793,0.5000000000009375
660,0.150888329977894,0.6908203183708097,0.4998697493254052,0.5001302167529598,0.36524013003576244,0.49999999999563505,0.5000000000034076,0.4999999999965985,0.5000000000043632
661,0.4267661204296153,0.563800211469853,0.4999681027972346,0.5000318951680313,0.4328247311727146,0.5000000000022631,0.5000000000054865,0.49999999999451283,0.49999999999773304
662,0.13017394766494952,0.6950213977636378,0.4999503949730611,0.5000496001061132,0.35417571070120063,0.5000000000042969,0.49999999999763467,0.500000000002369,0.4999999999957012
663,0.6369761863346906,0.30702009387418483,0.5001310629801178,0.4998689026558667,0.6293729509749246,0.5000000000011003,0.49999999999957717,0.5000000000004259,0.4999999999988996
664,0.32854237275747805,0.6261468751841561,0.50001964113345,0.4999803580949727,0.45394228032816625,0.49999999999734407,0.49999999999825306,0.5000000000017483,0.500000000002653
665,0.5721812086123503,0.41546199650488036,0.5000114216045554,0.49998857813452946,0.5781714573680293,0.500000000001551,0.5000000000018218,0.4999999999981753,0.4999999999984517
666,0.24556672079187003,0.6630965130654217,0.5000382324027648,0.4999617646735739,0.3659119844399455,0.5000000000047072,0.4999999999984164,0.5000000000015793,0.4999999999952862
667,0.6194056111470836,0.34108164547437514,0.4999885489143093,0.5000114508234427,0.602016073623386,0.500000000008922,0.5000000000056684,0.4999999999943325,0.4999999999910777
668,0.706332974900918,0.033071679879425914,0.5001348999892121,0.4998650636049512,0.5462586958943138,0.5000000000075702,0.4999999999996923,0.500000000000309,0.49999999999243083
669,0.5269443112386671,0.4715185005557019,0.5001221409497549,0.4998778292061285,0.5651044651897195,0.5000000000135991,0.4999999999993861,0.5000000000006121,0.49999999998640515
670,0.7064755452816449,0.029871456593219697,0.4999430154611498,0.500056978045115,0.5769038111162427,0.4999999999922134,0.500000000002439,0.49999999999756123,0.500000000007785
671,0.4093972538596198,0.5765361120798931,0.4999174365350045,0.50008254983379,0.4783502843255959,0.5000000000023362,0.5000000000026941,0.4999999999973014,0.499999999997661
672,0.24075453935304314,0.6648588209393824,0.5001391449443806,0.49986081632220175,0.4243612389995377,0.5000000000030014,0.4999999999999422,0.5000000000000521,0.4999999999970005
673,0.1774568073286766,0.6844772322968155,0.5001282493239279,0.49987171777184747,0.39988732709090824,0.500000000003213,0.5000000000004882,0.49999999999950656,0.4999999999967829
674,0.37785204566300384,0.597685395160599,0.4999186743442947,0.500081312430129,0.4637525916911371,0.5000000000024628,0.4999999999973125,0.500000000002685,0.49999999999753564
675,0.3376661708566721,0.6212741414528175,0.5001392559277704,0.49986070527699633,0.4676586039627562,0.4999999999973676,0.49999999999997613,0.5000000000000241,0.5000000000026297
676,0.6604906136779407,0.2524918933406355,0.5001084312854781,0.49989154519473317,0.6410444223746309,0.4999999999991207,0.4999999999991683,0.5000000000008317,0.5000000000008815
677,0.5566148218696079,0.4360962509298453,0.5000637611681928,0.4999362306997924,0.5759214801681625,0.500000000001621,0.4999999999986598,0.5000000000013359,0.499999999998381
678,0.6510118318984065,0.27601375822280694,0.500096357904497,0.4999036235222394,0.6339959376392194,0.49999999999901035,0.5000000000009924,0.4999999999990154,0.500000000000987
679,0.39375034377205786,0.5873335226082228,0.500094354476495,0.4999056277146048,0.49182746670698496,0.49999999999760797,0.49999999999898737,0.500000000001008,0.5000000000023898
680,0.6719337362032418,0.22023863001743685,0.4999009542977646,0.5000990260860199,0.56825951967061,0.5000000000007847,0.5000000000048042,0.49999999999519723,0.49999999999922073
681,0.03734272274539513,0.7061200472001612,0.5001146083235898,0.4998853654002536,0.3487943838450364,0.5000000000039825,0.5000000000007426,0.49999999999926026,0.4999999999960151
682,0.6945279953218048,0.13278126266260923,0.4999248669838466,0.5000751217279051,0.6342955880056457,0.5000000000004671,0.5000000000026176,0.4999999999973785,0.4999999999995348
683,0.689425821877321,0.15713702107735739,0.4998631796152343,0.5001367829553643,0.6080366806555456,0.4999999999994477,0.49999999999638367,0.5000000000036097,0.5000000000005566
684,0.668620653279372,0.2301008952791518,0.4999891937657471,0.5000108060007019,0.5469786829820596,0.5000000000008156,0.4999999999943236,0.50000000000567,0.49999999999918593
685,0.07000238056485876,0.7036331904588151,0.5000425307259343,0.499957465656035,0.34840594074733333,0.49999999999591416,0.5000000000015445,0.499999999998458,0.5000000000040845
686,0.4759650198852285,0.5229314485146698,0.5001354134779109,0.4998645498385351,0.4325165585023817,0.49999999999435013,0.4999999999997127,0.5000000000002898,0.5000000000056467
687,0.5571050658269701,0.435469798757538,0.5001373677097128,0.49986259454013826,0.5836368024366687,0.5000000000016228,0.49999999999979483,0.5000000000002045,0.49999999999838063
688,0.49240796643650625,0.5074784707340653,0.49986088259818234,0.500139078705275,0.49465675561625155,0.49999999999803685,0.5000000000039108,0.49999999999608447,0.5000000000019592
689,0.37105742007652637,0.6019272306567909,0.49990969633590404,0.5000902873575369,0.42062800190005717,0.4999999999948044,0.49999999999721395,0.5000000000027858,0.5000000000051971
690,0.2401284366129454,0.6650852132904728,0.49986588329223436,0.5001340807428267,0.387577631553738,0.49999999999530825,0.4999999999964877,0.5000000000035105,0.5000000000046916
691,0.3604050185172044,0.608365204977741,0.5000913067987848,0.49990867652430393,0.39296217351108115,0.4999999999948448,0.4999999999989509,0.5000000000010467,0.5000000000051508
692,0.4070854087469509,0.5781707965517846,0.4999651342323244,0.5000348633365986,0.4847599157509417,0.5000000000023355,0.5000000000022297,0.4999999999977675,0.4999999999976619
693,0.700009529971974,0.09993326747593362,0.5000976635182838,0.4999023174016655,0.6634923453998718,0.49999999999965894,0.4999999999990295,0.5000000000009728,0.5000000000003416
694,0.5216720516347865,0.47734502253940536,0.49987987396771066,0.5001200971786927,0.49613755790186287,0.5000000000058674,0.5000000000031937,0.4999999999968058,0.4999999999941255
695,0.5429406642078143,0.45300710275841666,0.49986077027120684,0.5001391909697482,0.5207150461910509,0.5000000000059848,0.5000000000037985,0.49999999999620026,0.4999999999940126
696,0.6777439009644173,0.20165119564618542,0.5001361976847336,0.49986376520553566,0.654177526281113,0.4999999999992914,0.49999999999974276,0.5000000000002552,0.5000000000007108
697,0.6594702589150451,0.2551450128976065,0.4999256232764303,0.5000743656614174,0.6139956662362019,0.4999999999990888,0.5000000000026085,0.49999999999738803,0.5000000000009077
698,0.7053995766714277,0.049106386873501856,0.49991476761191644,0.5000852178614391,0.6383778713393694,0.5000000000001774,0.49999999999727335,0.5000000000027263,0.4999999999998222
699,0.4646597771519895,0.5330021496176768,0.5001358949272355,0.49986406812785417,0.4277411782244369,0.5000000000055951,0.4999999999997262,0.5000000000002688,0.49999999999440586
700,0.03959669367843691,0.7059972392649563,0.500114001564789,0.4998859724365751,0.34878898562140914,0.4999999999960133,0.4999999999992508,0.5000000000007554,0.5000000000039907
701,0.20734238114888265,0.6760245144242821,0.4998623237830178,0.5001376383179361,0.38042943986692146,0.5000000000045627,0.5000000000036594,0.499999999996342,0.49999999999543676
702,0.6506402790562598,0.27688847705951924,0.5000437868232932,0.4999562093418032,0.6277077964917337,0.4999999999990156,0.5000000000015329,0.4999999999984713,0.500000000000985
703,0.09751593382881657,0.7003503713495803,0.4999384035784024,0.5000615888342963,0.35248906230968136,0.4999999999958259,0.5000000000024848,0.4999999999975177,0.5000000000041755
704,0.6047780845856123,0.366392509659785,0.4998629811768278,0.5001369812851407,0.5493642169231695,0.49999999999866857,0.5000000000040686,0.4999999999959305,0.5000000000013325
705,0.31561275217072754,0.6327626666689344,0.500120886244803,0.4998790845211607,0.37647463130958686,0.5000000000104063,0.49999999999936634,0.5000000000006347,0.49999999998959566
706,0.6610793952025253,0.25094627560228955,0.5000471583457317,0.499952837206034,0.5336990032065624,0.4999999999914164,0.5000000000015021,0.4999999999985024,0.5000000000085807
707,0.5960339471955809,0.3804517496220194,0.49986299401787687,0.5001369684511258,0.5446453668551298,0.5000000000013809,0.5000000000040681,0.49999999999593053,0.49999999999861944
708,0.5275890278708274,0.4707970085178623,0.49996393706656655,0.5000360603325583,0.4788739096277702,0.49999999999409833,0.5000000000022462,0.4999999999977615,0.5000000000059011
709,0.03294033685780113,0.7063391123604739,0.5001371614229346,0.4998628009402332,0.35941117220497215,0.5000000000116473,0.5000000000002184,0.4999999999997876,0.4999999999883485
710,0.09304924803420286,0.7009578000423905,0.4998647516971211,0.500135211728564,0.36120910769521963,0.5000000000041654,0.4999999999958583,0.500000000004142,0.4999999999958333
711,0.6193207230771487,0.3412357667255839,0.5001313330109242,0.49986863248328584,0.6189705579032923,0.49999999999876094,0.49999999999958106,0.5000000000004133,0.5000000000012346
712,0.05660889970050401,0.7048371673476789,0.49988265714296953,0.5001173153248013,0.3582019181765057,0.4999999999963566,0.49999999999684996,0.5000000000031526,0.5000000000036451
713,0.7063764579083639,0.03212953712270482,0.49996836983381415,0.5000316281653824,0.6497462330127772,0.5000000000078085,0.500000000005492,0.499999999994513,0.4999999999921921
714,0.3561743201078038,0.6108517444484748,0.5001073966716464,0.49989258025530986,0.47419217936361274,0.49999999999744554,0.49999999999915734,0.5000000000008458,0.5000000000025556
715,0.5560889019113326,0.4367666841978845,0.4999642896421407,0.5000357078075778,0.5625839487934267,0.49999999999837835,0.49999999999776057,0.5000000000022353,0.5000000000016227
716,0.041570913087008714,0.7058837433920027,0.5000764555578536,0.49992353274945156,0.3490566038645292,0.5000000000039905,0.4999999999987886,0.5000000000012095,0.49999999999600403
717,0.49519268105770853,0.5047615400526797,0.5000854932087613,0.4999144921705628,0.44645706037320654,0.5000000000057467,0.4999999999988871,0.5000000000011148,0.49999999999425493
718,0.7067619950876205,0.022079001330987117,0.5001157479715077,0.4998842252270991,0.5489460545862285,0.49999999999992273,0.49999999999303013,0.5000000000069678,0.5000000000000848
719,0.6864850150125759,0.16952381723445367,0.49993086443846346,0.5000691260034079,0.5684968709880162,0.500000000008286,0.5000000000025605,0.4999999999974413,0.4999999999917151
720,0.6692688087587129,0.228208813311048,0.5000377644988899,0.49996223264857764,0.5394995965845902,0.4999999999914996,0.500000000001586,0.49999999999841205,0.5000000000084998
721,0.5644062434028293,0.4259643088427797,0.5001299783463777,0.499869987856092,0.4733789100194168,0.5000000000061083,0.4999999999995479,0.5000000000004501,0.49999999999389266
722,0.701992726036862,0.0848894138944173,0.49996834605768997,0.5000316519384901,0.5691945923718341,0.5000000000079965,0.4999999999977973,0.5000000000022002,0.4999999999920062
723,0.6316350256622392,0.3178634943053675,0.499888037461175,0.5001119374732215,0.5503661489568931,0.49999999999886136,0.5000000000046274,0.49999999999537714,0.5000000000011384
724,0.30598947042220237,0.6374719162368896,0.5001024808034752,0.4998974981875893,0.3752075073840481,0.49999999999725325,0.500000000006781,0.49999999999322026,0.5000000000027387
725,0.705190719538048,0.052019698936208364,0.49989749589448984,0.5001024830956317,0.5880066076515525,0.500000000000179,0.4999999999952463,0.500000000004752,0.49999999999982486
726,0.05274603001087343,0.7051367695333408,0.5001307436455484,0.49986922215771057,0.36338492119929167,0.4999999999963349,0.5000000000004313,0.49999999999957284,0.500000000003666
727,0.2823637230839327,0.6482829072913875,0.5001365203776672,0.4998634423365217,0.3668282792068568,0.49999999999515443,0.5000000000002452,0.4999999999997529,0.5000000000048392
728,0.18617186934596724,0.682158370359799,0.49991585355084794,0.5000841322902795,0.3890155094565523,0.500000000003193,0.5000000000027125,0.4999999999972823,0.4999999999968093
729,0.05873788549626015,0.7046629412757796,0.4998856223256484,0.500114351515823,0.35326000545231556,0.5000000000036486,0.4999999999954076,0.5000000000045856,0.4999999999963561
730,0.6610777899807777,0.25095050427152565,0.49993740264997305,0.5000625895141545,0.617335865279464,0.4999999999932076,0.5000000000052012,0.4999999999948021,0.5000000000067949
731,0.5011288693190672,0.49886857621520714,0.5001262785763589,0.4998736895230277,0.5511491402043834,0.5000000000019158,0.5000000000005324,0.4999999999994699,0.4999999999980791
732,0.6756213823354654,0.20865221717278196,0.5001392282150825,0.49986073300512557,0.653225355788507,0.4999999999992673,0.5000000000000366,0.4999999999999634,0.5000000000007357
733,0.5081010235426673,0.491765547328025,0.5000454488581535,0.4999545470102751,0.45730038636073106,0.4999999999941893,0.5000000000015178,0.49999999999848405,0.5000000000058101
734,0.05597176420116186,0.7048880489923275,0.4999843709177352,0.500015628593748,0.3498340279170702,0.49999999998866335,0.5000000000020649,0.49999999999793965,0.5000000000113372
735,0.6483068091639856,0.2823088400876013,0.5001191857348622,0.4998807858478805,0.634875496291274,0.4999999999989934,0.500000000000665,0.4999999999993314,0.5000000000010021
736,0.6900741416898067,0.15426496352401942,0.49995823926654576,0.5000417572458318,0.5645098150920276,0.4999999999928408,0.5000000000022974,0.4999999999977068,0.50000000000715
737,0.31170544289960445,0.6346965549510788,0.49998151369954835,0.5000184856169859,0.388824076602482,0.49999999999728195,0.5000000000056043,0.49999999999439154,0.5000000000027246
738,0.45751518755591586,0.5391473390045376,0.5001392233114476,0.49986073791149366,0.4242805036120731,0.5000000000021214,0.4999999999922698,0.5000000000077315,0.49999999999787736
739,0.09836550387514874,0.7002315530098645,0.4999086244481884,0.5000913588558809,0.3539621391683651,0.500000000011186,0.4999999999972007,0.5000000000028009,0.49999999998881267
740,0.7023083317748656,0.08223750433714785,0.4998718091041441,0.5001281580384672,0.5969340540268898,0.49999999999971984,0.49999999999566014,0.50000000000434,0.5000000000002774
741,0.7051987066471335,0.05191138192816448,0.499989910727659,0.5000100890687584,0.652548947815325,0.5000000000001739,0.4999999999979881,0.5000000000020123,0.49999999999983213
742,0.27667770594459773,0.6507299340227386,0.4999093782603495,0.5000906053180262,0.38809954416930886,0.49999999999516737,0.4999999999972078,0.5000000000027913,0.5000000000048359
743,0.1921107671829685,0.6805097009832939,0.4999999418924952,0.5000000581075011,0.39796896083692657,0.5000000000031628,0.49999999999807915,0.500000000001924,0.4999999999968382
744,0.27544404266996986,0.6512530839524798,0.5001259655340946,0.4998740027232779,0.4384929468046886,0.49999999999713624,0.4999999999994619,0.5000000000005403,0.5000000000028558
745,0.0835256518027882,0.702156297052811,0.5000812907252881,0.49991869605619527,0.3470649844893692,0.5000000000041332,0.49999999999883854,0.5000000000011583,0.499999999995863
746,0.40427190878131625,0.5801415549418192,0.5000857136326256,0.49991427167120184,0.4960667034580821,0.4999999999976351,0.5000000000011109,0.4999999999988898,0.5000000000023658
747,0.5683625971688638,0.420670850105086,0.4998862143735614,0.5001137597379877,0.5174750623409579,0.49999999999843664,0.49999999999540085,0.5000000000045951,0.5000000000015623
748,0.28829781246020164,0.6456658409222666,0.49994339776742547,0.5000565958256764,0.38652701638113984,0.5000000000048763,0.5000000000024398,0.49999999999756245,0.4999999999951242
749,0.6502556069333248,0.2777906507637888,0.5000242280782733,0.49997577074766925,0.6249381883577397,0.499999999999009,0.5000000000017085,0.4999999999982906,0.500000000000987
750,0.01623379251165408,0.7069204085190147,0.4998847382171929,0.5001152352183726,0.35436607976051104,0.49999999999620975,0.49999999999688527,0.5000000000031146,0.5000000000037925
751,0.6847259831793772,0.17649455504074912,0.5000601380107161,0.49993985475525415,0.5444866026137906,0.4999999999929224,0.49999999999862516,0.5000000000013761,0.5000000000070745
752,0.16737365092946638,0.6870124168998261,0.4999518669353864,0.5000481284314753,0.3865382724728795,0.500000000003258,0.5000000000023519,0.4999999999976478,0.4999999999967416
753,0.6681768875852662,0.23138635849345282,0.500121966914707,0.4998780033261748,0.6469806645099897,0.49999999999918426,0.49999999999938277,0.5000000000006161,0.5000000000008099
754,0.7023055873074772,0.08226093870544673,0.5001170319139775,0.49988294068667294,0.5463302798087116,0.5000000000074104,0.5000000000007041,0.49999999999929823,0.4999999999925915
755,0.11347986548375155,0.697941487611807,0.4999640091986441,0.5000359882108667,0.3519206896588852,0.5000000000042375,0.5000000000022445,0.4999999999977556,0.4999999999957552
756,0.597709568283325,0.377813805971346,0.4998932029425223,0.5001067742511222,0.5707023683611385,0.5000000000013813,0.49999999999700695,0.5000000000029899,0.49999999999861156
757,0.03333173551249045,0.7063207454179207,0.4998783928337656,0.5001215775968213,0.3554998112708124,0.5000000000037365,0.5000000000032244,0.4999999999967775,0.4999999999962655
758,0.6702915062518877,0.2251872655105742,0.5000019691293374,0.49999803086290523,0.5456758904797362,0.4999999999992108,0.5000000000057844,0.4999999999942133,0.5000000000007871
759,0.3011614528645884,0.6397669726615237,0.5001159715129155,0.4998840015820534,0.44909532776458877,0.49999999999507766,0.4999999999930249,0.500000000006969,0.5000000000049231
760,0.6512675851743963,0.2754097564576678,0.49989201749166845,0.5001079591929172,0.6005763977445194,0.4999999999990119,0.5000000000030062,0.4999999999969892,0.5000000000009931
761,0.42701821507796583,0.5636093008384662,0.4998631526439028,0.5001368099119444,0.4695221428385141,0.49999999999004113,0.49999999999592354,0.5000000000040747,0.5000000000099555
762,0.4590744308279508,0.5378202924397611,0.5000889455526305,0.49991103862193603,0.4305676143104048,0.5000000000055657,0.5000000000010765,0.49999999999892847,0.49999999999443173
763,0.6421313774046974,0.29608663284982384,0.5001206633576547,0.4998793075160203,0.513655580009251,0.500000000008752,0.4999999999993603,0.5000000000006364,0.49999999999124844
764,0.5859780035245535,0.3957648109163556,0.5001269160488482,0.4998730517276065,0.48428680542269953,0.5000000000062366,0.5000000000005188,0.49999999999948325,0.4999999999937624
765,0.3269345362524853,0.626987892494085,0.49994208532469947,0.5000579079678613,0.44459333726352995,0.5000000000026648,0.4999999999975532,0.5000000000024502,0.49999999999733896
766,0.6084655889931007,0.3602355249312569,0.4999216544845983,0.5000783332412803,0.5283613830604534,0.49999999999361344,0.5000000000026498,0.49999999999734546,0.500000000006379
767,0.6917625051480134,0.14650814472700582,0.499913092075665,0.5000868928209831,0.6299551598596684,0.4999999999994889,0.4999999999972507,0.5000000000027472,0.5000000000005158
768,0.4670368049350819,0.5309205428649663,0.4998606663223481,0.5001392948607223,0.4837519051825991,0.49999999999791667,0.499999999996155,0.5000000000038475,0.5000000000020837
769,0.7006850292602418,0.09508149015752204,0.500092903364662,0.4999070793700648,0.6633556448211542,0.5000000000003296,0.5000000000010334,0.49999999999897216,0.49999999999967143
770,0.2847219217276809,0.6472506733156712,0.5000598060838971,0.49994018676171365,0.37336304852547275,0.4999999999951384,0.5000000000013823,0.4999999999986197,0.5000000000048612
771,0.18432255280472598,0.68266038154235,0.5000523049957464,0.4999476895320594,0.39815963236521,0.500000000003204,0.4999999999985517,0.5000000000014518,0.4999999999967941
772,0.5893843749383535,0.3906738519257777,0.5001057725914022,0.49989420502818005,0.4885514411749539,0.4999999999937407,0.4999999999991322,0.5000000000008674,0.5000000000062577
773,0.65572503100453,0.2646217748298573,0.5000062209526652,0.4999937789699337,0.5371801313409515,0.500000000008634,0.4999999999981346,0.500000000001866,0.4999999999913618
774,0.47304844327393264,0.5255712833104446,0.5000239619731657,0.49997603687842573,0.444537419386839,0.5000000000097414,0.49999999999828904,0.5000000000017099,0.49999999999025185
775,0.12951599165162062,0.6951443072531782,0.49995921876691285,0.5000407779071416,0.35370045943050343,0.4999999999957112,0.5000000000022847,0.49999999999771666,0.5000000000042927
776,0.6985853565203496,0.10944636593386245,0.500030484649669,0.4999695134915882,0.6544080945457901,0.5000000000003814,0.5000000000016503,0.49999999999834804,0.49999999999961886
777,0.5185152095968455,0.4807722718884031,0.49986381319617584,0.5001361497202345,0.5033837279414395,0.4999999999941461,0.5000000000035862,0.49999999999641614,0.5000000000058513
778,0.46114749327081195,0.5360438316500358,0.5001104477144742,0.4998895278827402,0.4288085932018733,0.5000000000055917,0.5000000000008041,0.4999999999991968,0.49999999999441386
779,0.3784712440315006,0.597293493553423,0.5001283531618514,0.49987161388061324,0.4867714838577158,0.500000000002467,0.4999999999995083,0.5000000000004864,0.49999999999753786
780,0.7019938398858956,0.08488020241647364,0.49986084195533464,0.5001391193255221,0.6078380753268714,0.5000000000002989,0.49999999999609274,0.5000000000039124,0.49999999999970723
781,0.24726447008869792,0.6624653061344069,0.5000491542815207,0.49995084088571806,0.42159698823296565,0.5000000000029664,0.5000000000014835,0.4999999999985174,0.4999999999970319
782,0.38743117214602946,0.5915209944283881,0.499867512679649,0.5001324522238701,0.4397444881137527,0.5000000000052635,0.49999999999654055,0.5000000000034605,0.49999999999473227
783,0.4884360822700398,0.511302448201345,0.5000173518342251,0.49998264756358435,0.5330171308542121,0.500000000001974,0.5000000000017737,0.49999999999822925,0.4999999999980203
784,0.5939225133431513,0.3837395658544247,0.5001252722230174,0.49987469638285614,0.48839040397822525,0.5000000000062902,0.499999999999445,0.500000000000555,0.4999999999937074
785,0.1973465855173777,0.679009812288919,0.49987273910298985,0.5001272285145771,0.3740915913557479,0.5000000000045398,0.5000000000033326,0.4999999999966654,0.499999999995461
786,0.0,0.7071325983896293,0.500033392484634,0.4999666052851022,0.35409549394057743,0.5000000000038277,0.5000000000016271,0.49999999999837424,0.499999999996167
787,0.25296112225538414,0.6603110408188685,0.5001325894431713,0.49986737538758313,0.4292830641886117,0.49999999999705236,0.5000000000003829,0.49999999999961997,0.5000000000029488
788,0.5354436226789172,0.4618442669693783,0.49993815738387787,0.5000618349680498,0.48748715020790695,0.5000000000136449,0.49999999999479383,0.5000000000052064,0.4999999999863604
789,0.6614995969877268,0.24983652686328053,0.5000233119968097,0.49997668691623587,0.6314125999911485,0.4999999999991185,0.5000000000017123,0.4999999999982826,0.5000000000008825
790,0.25590723784787756,0.6591748520818064,0.5001294385771541,0.49987052790548037,0.43028258462618807,0.5000000000047546,0.49999999999277117,0.500000000007232,0.49999999999524697
791,0.4277540394503869,0.5630510471830011,0.4998920658140277,0.5001079108914206,0.4481606793809965,0.5000000000054384,0.5000000000030042,0.49999999999699324,0.4999999999945592
792,0.25104086830597716,0.6610434799921902,0.5001345482072416,0.49986541557657055,0.4284893207339492,0.49999999999704464,0.5000000000003199,0.49999999999967953,0.5000000000029595
793,0.4002434570310481,0.5829281071331872,0.5000300432496348,0.4999699549450685,0.48892986262570254,0.5000000000023738,0.5000000000016606,0.4999999999983451,0.49999999999762523
794,0.3949743013377659,0.5865111315760658,0.5000937100369592,0.49990627239660806,0.404641004608105,0.5000000000053,0.4999999999989828,0.5000000000010194,0.49999999999469485
795,0.6654964784499183,0.23898627169997128,0.5001046555660579,0.4998953225237762,0.643559838837145,0.5000000000008464,0.49999999999911915,0.5000000000008766,0.4999999999991556
796,0.6352171501310372,0.31064315891293387,0.4998810719448282,0.5001188997741248,0.5876728300144176,0.49999999999889616,0.5000000000031685,0.4999999999968233,0.500000000001107
797,0.6989062028038187,0.1073783948583393,0.5001354770015007,0.4998644862805163,0.6668599101731139,0.5000000000003794,0.4999999999997148,0.5000000000002885,0.49999999999962674
798,0.61441087560288,0.34999896562833244,0.500125548791124,0.49987441967596,0.4986879355953122,0.5000000000064295,0.5000000000005462,0.4999999999994548,0.49999999999357103
799,0.20588766316574036,0.6764689720572252,0.5000930383190952,0.4999069443654193,0.40816507478349606,0.49999999998774874,0.5000000000010237,0.49999999999897105,0.5000000000122597
800,0.08887396846267519,0.7014994067921199,0.4998666482485943,0.5001333161955073,0.35701220215248186,0.5000000000041579,0.49999999999651296,0.5000000000034863,0.4999999999958428
801,0.05831339829766891,0.7046981960945958,0.4999584477401593,0.5000415488069557,0.3611336364283741,0.4999999999963559,0.5000000000022992,0.49999999999770967,0.5000000000036443
802,0.34078742156821534,0.6195675373200936,0.5000586718628203,0.49994132125159974,0.4629122373086041,0.5000000000026136,0.5000000000013922,0.49999999999861094,0.49999999999738476
803,0.540865900480291,0.45548224740119725,0.4998871894304017,0.5001127851228897,0.5030533736439298,0.5000000000059778,0.5000000000030788,0.49999999999692135,0.499999999994024
804,0.6837062719336805,0.18040438166120046,0.5000175433992072,0.4999824559852321,0.5504760974258125,0.49999999999294414,0.49999999999823264,0.5000000000017701,0.5000000000070518
805,0.17364703115437355,0.685453651657987,0.49997779046831214,0.500022208545205,0.3903160544994623,0.5000000000032313,0.5000000000021195,0.49999999999788053,0.4999999999967658
806,0.706979125400824,0.013435910713963212,0.5000166693837649,0.49998333006048257,0.6575469452380107,0.4999999999999498,0.49999999999822586,0.500000000001777,0.5000000000000424
807,0.20516513887587873,0.6766884607558467,0.49986408394289694,0.5001358791207914,0.3788283049258768,0.5000000000108247,0.49999999999642536,0.5000000000035733,0.4999999999891796
808,0.34862870427650633,0.6151894233116131,0.4998664039988422,0.5001335603149059,0.42458516770480087,0.4999999999897229,0.499999999996508,0.5000000000034894,0.5000000000102681
809,0.6874743089648125,0.16546623375587727,0.49998444719926954,0.5000155523169657,0.5581075302700356,0.4999999999917377,0.5000000000020576,0.499999999997942,0.5000000000082636
810,0.4766266048962392,0.522328516840777,0.5001323070362335,0.4998676579441941,0.43303282464317905,0.4999999999943421,0.4999999999996089,0.5000000000003905,0.5000000000056597
811,0.6703991658182352,0.2248665523631966,0.4999851678260582,0.500014831733963,0.5486342038176014,0.4999999999930948,0.5000000000020495,0.49999999999794564,0.5000000000069051
812,0.5975180447881687,0.3781166303569858,0.5001156373380313,0.4998843359117909,0.49137423904222877,0.5000000000013772,0.4999999999930295,0.5000000000069681,0.4999999999986204
813,0.7060671282666768,0.03833028021351547,0.49986269053819943,0.5001372717643744,0.6170298055731902,0.4999999999924434,0.49999999999594663,0.500000000004053,0.5000000000075552
814,0.1319940617457705,0.6946780316548488,0.499884683547443,0.5001152898629125,0.3598148000578704,0.499999999995695,0.5000000000031102,0.4999999999968822,0.5000000000043064
815,0.4780264045722302,0.5210477522198091,0.4999130340722457,0.5000869508042383,0.46542408233602633,0.4999999999943295,0.5000000000027472,0.4999999999972518,0.5000000000056656
816,0.6630622902851772,0.2456591260024145,0.4998946241472773,0.5001053536492652,0.5653534783330048,0.5000000000068242,0.5000000000029752,0.4999999999970294,0.49999999999317435
817,0.2516813841039803,0.6607998796122022,0.5001379465506315,0.4998620153803617,0.3597325646070253,0.5000000000047348,0.4999999999998299,0.5000000000001694,0.49999999999526157
818,0.00556825812675393,0.7070848566483604,0.49986456515974825,0.5001353981649904,0.3535138151648991,0.5000000000038526,0.49999999999586414,0.5000000000041338,0.49999999999614614
819,0.6117544681278158,0.3546215880705139,0.49992417386845206,0.5000758146340901,0.5863079719127181,0.5000000000012902,0.500000000002631,0.49999999999737227,0.49999999999870987
820,0.7059762717138766,0.03996878503253746,0.5001245994507065,0.49987536949150757,0.6700017091045427,0.49999999998475414,0.49999999999943423,0.5000000000005669,0.5000000000152485
821,0.7060749374577701,0.038186158737867466,0.5001227190139832,0.49987725085870466,0.547649506865068,0.499999999992432,0.4999999999993977,0.5000000000005984,0.5000000000075684
822,0.7071626383396689,0.0,0.5001359100223025,0.49986405302458276,0.6719026560122036,0.5000000000000409,0.5000000000002713,0.4999999999997284,0.49999999999995853
823,0.3674886730884057,0.6041126344910542,0.49994513210347336,0.5000548618762152,0.46311582341622626,0.49999999999481665,0.500000000005275,0.4999999999947253,0.5000000000051827
824,0.6805119604812974,0.19210276323340247,0.4999365464459041,0.5000634455024111,0.5638454920907617,0.49999999999933853,0.5000000000051895,0.4999999999948111,0.5000000000006692
825,0.5013938908275569,0.4986022161560074,0.49987364483187385,0.5001263232449317,0.5122817420049155,0.49999999999808986,0.4999999999966872,0.5000000000033092,0.5000000000019124
826,0.6831338188173113,0.18256008760974332,0.49986483723325625,0.5001351262386682,0.6061299069939273,0.5000000000006388,0.4999999999964558,0.5000000000035427,0.4999999999993616
827,0.7024801832903176,0.08075642071211549,0.500064153647612,0.4999358381199459,0.6610529014016618,0.500000000000278,0.5000000000013365,0.49999999999865896,0.49999999999972106
828,0.7003661592757309,0.09740251701529389,0.4998613804304787,0.5001385811493938,0.605238080947835,0.5000000000003355,0.500000000003966,0.49999999999602657,0.49999999999966116
829,0.4952119045584349,0.5047426766022535,0.5000035516378835,0.4999964483368852,0.45731899898879264,0.49999999999425665,0.5000000000018922,0.49999999999810507,0.500000000005743
830,0.6988573569845066,0.10769584294961625,0.5001382008627122,0.4998617609277701,0.5417570346100393,0.5000000000080654,0.4999999999998469,0.5000000000001552,0.49999999999193323
831,0.5104441841242868,0.48933294891483986,0.5001024696528245,0.49989750934280924,0.4513523887357193,0.49999999999418276,0.5000000000009085,0.49999999999908995,0.5000000000058196
832,0.5230800452308946,0.4758017127189098,0.4998929855515741,0.5001069915491413,0.5301605301607788,0.49999999999818956,0.5000000000029945,0.49999999999700484,0.5000000000018143
833,0.041858523176022004,0.7058667466579841,0.4999089025421582,0.5000910808633721,0.35206163149697284,0.4999999999960111,0.49999999999720374,0.5000000000027972,0.5000000000039934
834,0.5630742611172815,0.4277234813138352,0.4999750923570786,0.5000249064021902,0.49427671864422296,0.4999999999984117,0.5000000000098273,0.49999999999016137,0.5000000000015877
835,0.5280133648350074,0.47032104626054005,0.500059104695097,0.4999408883173462,0.5594268689861013,0.4999999999982283,0.4999999999986137,0.5000000000013856,0.5000000000017676
836,0.24720776750226142,0.6624864675497522,0.5001357284288718,0.4998642347167047,0.3590259111172804,0.4999999999893393,0.5000000000002771,0.49999999999971806,0.5000000000106619
837,0.36913239992097974,0.6031096677459097,0.49994621189622057,0.5000537823180821,0.4133268141340679,0.5000000000052007,0.49999999999759454,0.5000000000024062,0.4999999999948031
838,0.5812817159425814,0.40263081456297833,0.4999346137675699,0.5000653776828236,0.5112982259072245,0.49999999999379446,0.5000000000025168,0.4999999999974777,0.5000000000062069
839,0.11837856307598157,0.6971273311268682,0.4999033062391273,0.5000966750651189,0.3562944035054716,0.4999999999957473,0.4999999999971378,0.5000000000028603,0.5000000000042573
840,0.6960929098267876,0.12431677637742872,0.5000649835296177,0.4999350080235667,0.5500759267061879,0.5000000000072544,0.5000000000013309,0.49999999999866984,0.49999999999274564
841,0.5929613590627244,0.38522308687107687,0.5000506927548708,0.4999493021050897,0.49761737580832655,0.5000000000090994,0.49999999999852796,0.5000000000014647,0.4999999999908952
842,0.12475065632154862,0.6960152826966802,0.4998633280506076,0.5001366346011619,0.36610746651856446,0.499999999995719,0.4999999999959156,0.5000000000040901,0.500000000004278
843,0.2540157889732738,0.6599060432406486,0.49990257803951105,0.5000974029821197,0.38278257607437505,0.5000000000047478,0.499999999997134,0.5000000000028763,0.499999999995256
844,0.7049275506573203,0.055472049937496944,0.5001131131108514,0.49988686129420506,0.54826933774626,0.5000000000078741,0.5000000000007605,0.4999999999992389,0.49999999999212297
845,0.2902717093202035,0.644780847701137,0.5001383560684519,0.4998616056361474,0.4457091749983657,0.5000000000028116,0.500000000000144,0.49999999999985706,0.4999999999971879
846,0.39846188525150966,0.5841473495632853,0.49995992579539456,0.5000400709929839,0.4797454026194605,0.50000000000238,0.5000000000022827,0.4999999999977222,0.49999999999761835
847,0.7053572504494252,0.04971065518005898,0.5000918857453545,0.49990809736555686,0.6660429473664927,0.5000000000001773,0.4999999999989559,0.5000000000010401,0.49999999999982686
848,0.13159444901359788,0.6947538420108312,0.5000517723760421,0.49994822226264285,0.349220792959797,0.5000000000110872,0.499999999998542,0.5000000000014563,0.4999999999889164
849,0.6309618458356345,0.3191976646212887,0.4999823115269241,0.5000176878473308,0.6077820493911388,0.49999999999885947,0.49999999999792116,0.5000000000020759,0.5000000000011364
850,0.14970159060604968,0.6910784570293127,0.5000955231631463,0.4999044585840172,0.3482248753013193,0.4999999999956274,0.5000000000009984,0.49999999999900213,0.5000000000043697
851,0.17595972075413638,0.6848636193693176,0.49991000027086874,0.5000899835321442,0.3637896624744406,0.5000000000121613,0.5000000000049083,0.49999999999509204,0.4999999999878449
852,0.6441394863387191,0.2916921701713846,0.49997216656814303,0.5000278318825454,0.5367726294187097,0.5000000000087282,0.49999999999783057,0.5000000000021716,0.4999999999912728
853,0.688252075523943,0.16220074148100827,0.49988185330872736,0.5001181187805869,0.5840609175604874,0.5000000000071283,0.49999999999683975,0.5000000000031617,0.49999999999287603
854,0.167702852121772,0.6869321315750382,0.4999703345615166,0.5000296636785112,0.35715356404785553,0.4999999999967458,0.5000000000055067,0.4999999999944934,0.5000000000032568
855,0.6981449301307449,0.11222146292828727,0.5000333453095338,0.4999666524665023,0.5558899615212437,0.5000000000080755,0.5000000000016275,0.49999999999837647,0.49999999999192346
856,0.7070615407765667,0.00799859704344662,0.5000807754912572,0.49991921145727236,0.6657829925704831,0.4999999999999802,0.4999999999988343,0.5000000000011641,0.5000000000000159
857,0.2884739501220419,0.645587159182232,0.49986940122756124,0.50013056466927,0.4012396498701972,0.5000000000105077,0.5000000000034113,0.4999999999965924,0.49999999998949135
858,0.585002731527046,0.3972049900314601,0.49997125780776797,0.5000287405400982,0.5059898794109612,0.5000000000062329,0.49999999999782263,0.5000000000021759,0.49999999999376454
859,0.29500804642101985,0.6426276157673713,0.5000365810248677,0.4999634162985903,0.4404564343480842,0.49999999999720907,0.49999999999839956,0.5000000000015973,0.5000000000027939
860,0.05642881894859985,0.7048516126241638,0.5001060901529505,0.49989388733203355,0.3477006853281579,0.49999999999634903,0.5000000000085552,0.49999999999144795,0.5000000000036509
861,0.4719183627025431,0.5265862312519681,0.49987131917968686,0.5001286477113279,0.49630616247055737,0.4999999999979421,0.4999999999966359,0.5000000000033663,0.5000000000020584
862,0.7059829061988683,0.03985142600965091,0.5000146112901681,0.49998538828283745,0.5632078789941609,0.4999999999921746,0.4999999999982069,0.500000000001791,0.5000000000078282
863,0.5623523301090604,0.42867220206227125,0.5001386453849299,0.49986131615932006,0.47131560894779784,0.4999999999939037,0.499999999999881,0.5000000000001196,0.5000000000061028
864,0.5993788958496163,0.3751598848625624,0.5000741569234595,0.49992583207641306,0.6014801249882313,0.49999999999864114,0.5000000000012389,0.49999999999876404,0.5000000000013554
865,0.6843700356308471,0.17786978816438742,0.5001068598185875,0.4998931173384948,0.5379323731029062,0.4999999999929351,0.5000000000008559,0.4999999999991507,0.500000000007066
866,0.5506501091357381,0.44360394194460867,0.5001274571448912,0.49987251035617536,0.4670883802974143,0.5000000000060281,0.5000000000005078,0.499999999999492,0.4999999999939682
867,0.6915512240081586,0.14750221887420842,0.49996879366907687,0.5000312043833741,0.6409960814408671,0.49999999999948247,0.5000000000021991,0.4999999999978007,0.5000000000005149
868,0.5946192653300675,0.38265902484892494,0.5001392950939954,0.49986066608894214,0.4871409902147871,0.4999999999937116,0.49999999999999356,0.5000000000000061,0.500000000006288
869,0.6710184921237156,0.22301162128467195,0.49987059285846175,0.5001293736577826,0.6032043198768834,0.5000000000007975,0.5000000000033775,0.4999999999966187,0.49999999999920547
870,0.1905047173372326,0.6809610507747569,0.500093073245102,0.49990690942640814,0.35259883987521795,0.5000000000031807,0.5000000000066606,0.49999999999333367,0.49999999999681943
871,0.09943855277594699,0.7000799770182183,0.5000719938962601,0.4999279957360048,0.3732260226035934,0.5000000000035084,0.49999999999874206,0.5000000000012582,0.49999999999649575
872,0.5764385949207084,0.4095345483421873,0.49986131142237866,0.5001386501192473,0.54229401751551,0.49999999999848793,0.500000000003729,0.49999999999627437,0.5000000000015121
873,0.6735574013758118,0.2152218089596269,0.4998775026082855,0.5001224673878395,0.5777531960142103,0.49999999999154593,0.5000000000032332,0.4999999999967641,0.5000000000084448
874,0.5081723947471326,0.49169179632309673,0.5001375506559694,0.4998624114932496,0.4461509450139503,0.49999999999043426,0.5000000000001926,0.49999999999980677,0.5000000000095689
875,0.4627967864539435,0.5346205550631326,0.49991612282025005,0.5000838631113421,0.5044170558034541,0.49999999999789824,0.49999999999728345,0.5000000000027116,0.5000000000021061
876,0.6336987028957931,0.31372910918209324,0.5001236062388116,0.49987636319663303,0.6267367959757052,0.50000000000112,0.5000000000005894,0.4999999999994167,0.4999999999988807
877,0.43496911988651127,0.5574960670221358,0.5000298806138068,0.4999701176003839,0.4274839367061087,0.4999999999945295,0.4999999999983398,0.50000000000166,0.5000000000054667
878,0.6760338358526298,0.2073119697035762,0.5001354618317548,0.49986450145848477,0.5297441356714829,0.5000000000069637,0.4999999999997129,0.5000000000002895,0.4999999999930333
879,0.5887165616849932,0.3916794735466711,0.4998654589582701,0.5001345048488886,0.5536992843051857,0.5000000000014495,0.49999999999647726,0.500000000003528,0.49999999999854844
880,0.27969009320390653,0.6494408762647937,0.49986566298381896,0.5001343009330012,0.39998153556548605,0.499999999995153,0.4999999999964819,0.500000000003513,0.5000000000048402
881,0.3124671864218881,0.6343218931215067,0.5000578642861677,0.4999421290165054,0.4499429059456007,0.49999999999727546,0.5000000000013981,0.4999999999986017,0.5000000000027206
882,0.3462465906332373,0.6165332906460591,0.49991181123285616,0.5000881732153682,0.4484348911595672,0.5000000000025872,0.4999999999972387,0.5000000000027603,0.49999999999741174
883,0.3260566607845809,0.6274448626578969,0.49993968175454245,0.5000603109697528,0.44387584687616805,0.4999999999973301,0.5000000000024687,0.4999999999975305,0.5000000000026659
884,0.6943012119712644,0.13396203587299563,0.5000128228410045,0.4999871768301302,0.6494444948787161,0.49999999999953526,0.49999999999818967,0.5000000000018042,0.5000000000004692
885,0.6912892768617606,0.14872503385758423,0.4998662802859212,0.5001336839617176,0.59427407789729,0.5000000000071682,0.49999999999650324,0.5000000000034994,0.4999999999928274
886,0.5896999724737959,0.39019731222088083,0.5000000973589214,0.4999999026410578,0.5035355664347214,0.49999999999087524,0.49999999999807754,0.5000000000019208,0.5000000000091201
887,0.28436803590295917,0.6474062302590432,0.5001366330773728,0.4998633295752253,0.36683010148052037,0.5000000000048638,0.5000000000002413,0.4999999999997598,0.4999999999951353
888,0.4961718818630414,0.5037990310118594,0.4998612163638865,0.5001387451250107,0.5004495978689899,0.4999999999980585,0.5000000000037405,0.49999999999626427,0.5000000000019421
889,0.47021234751120705,0.5281101667720498,0.49996952996088145,0.5000304681823864,0.5171476385447977,0.4999999999979332,0.5000000000021941,0.4999999999978073,0.5000000000020693
890,0.2725376104935258,0.6524747128176567,0.49986130033697934,0.5001386611984894,0.4043318921591079,0.49999999999712297,0.4999999999962715,0.500000000003722,0.5000000000028816
891,0.619886971959644,0.3402060287453801,0.5000771482733255,0.49992283982112456,0.6135468345010574,0.500000000001237,0.5000000000012033,0.49999999999879635,0.4999999999987621
892,0.5137229543037841,0.4858896234963156,0.49988050034069687,0.500119471105792,0.5212846883341666,0.49999999999815004,0.5000000000031862,0.49999999999681655,0.5000000000018494
893,0.6328482382509533,0.3154411313425491,0.5001183785328815,0.4998815934335273,0.6257059967276114,0.4999999999988784,0.5000000000006795,0.49999999999932154,0.5000000000011244
894,0.702403184317465,0.08142337973778797,0.5001321769990625,0.49986778805017745,0.5444589417507931,0.4999999999920197,0.5000000000003929,0.4999999999996061,0.5000000000079773
895,0.1620756457030418,0.6882815449145381,0.4999124471163108,0.5000875375553526,0.36124571335184474,0.49999999999558736,0.4999999999972426,0.500000000002752,0.500000000004414
896,0.02192809354831199,0.7067666932682538,0.499911483367131,0.5000885009652546,0.3525456855728161,0.5000000000037819,0.4999999999950743,0.5000000000049266,0.49999999999622385
897,0.4855965150304667,0.514000023920493,0.4999663795306884,0.5000336182087936,0.5247954135211169,0.49999999999800465,0.5000000000022226,0.49999999999777944,0.5000000000019973
898,0.526660052417451,0.4718359769958668,0.5001248562656583,0.4998751125483727,0.45603057152580667,0.5000000000094744,0.500000000000558,0.49999999999943584,0.49999999999052214
899,0.4020868942146977,0.5816580864225828,0.4998685744228699,0.5001313910408403,0.44543736937203326,0.5000000000023667,0.5000000000042587,0.49999999999573963,0.4999999999976358
900,0.43369705887893645,0.5584862228558211,0.49999671657160843,0.5000032834068265,0.4313982123161542,0.5000000000054661,0.49999999999804334,0.5000000000019533,0.49999999999453565
901,0.5562103463525098,0.4366120138182494,0.5001189788547612,0.4998809928265655,0.5813189772157996,0.5000000000016344,0.5000000000006695,0.49999999999933264,0.4999999999983719
902,0.11137912014560876,0.69827981422433,0.49989619659013756,0.5001037818640351,0.3680577973425925,0.49999999999654277,0.49999999999704836,0.5000000000029478,0.5000000000034589
903,0.5826021526687613,0.40071777063879477,0.5001322808200159,0.4998676841742847,0.5977138884781625,0.49999999999852357,0.49999999999960854,0.5000000000003852,0.5000000000014769
904,0.214091664935878,0.6739174719540832,0.5000531834574993,0.49994681088493803,0.40887277172260267,0.49999999999540773,0.49999999999375344,0.5000000000062462,0.5000000000045912
905,0.7070971473873401,0.003691091529920959,0.5001204462844115,0.49987952469397645,0.5485284821855159,0.5000000000076527,0.4999999999993532,0.5000000000006417,0.49999999999234346
906,0.6939398166464138,0.1358216877848935,0.49990610980193156,0.5000938725706406,0.6294363689133772,0.5000000000004726,0.5000000000028285,0.49999999999717276,0.4999999999995231
907,0.12499797501191184,0.6959709090493088,0.4998782123091524,0.5001217580335852,0.3690612347048549,0.49999999999659617,0.49999999999677763,0.5000000000032205,0.5000000000034037
908,0.6205283306645037,0.33903479296781985,0.4999234057511958,0.5000765825172514,0.591200409353275,0.5000000000012268,0.5000000000026411,0.4999999999973672,0.49999999999878153
909,0.673848580802711,0.21430839962580406,0.5001381171422717,0.4998618446944922,0.6520627742334449,0.4999999999992488,0.5000000000001554,0.4999999999998421,0.5000000000007525
910,0.5308672750150432,0.4670973520778075,0.5000296680802501,0.49997033015925374,0.557469019040402,0.4999999999982294,0.5000000000016603,0.49999999999833816,0.5000000000017675
911,0.5845128003478861,0.39792560388779497,0.5000483005078311,0.49995169482583557,0.4935994388227053,0.5000000000062343,0.49999999999850747,0.5000000000014883,0.4999999999937599
912,0.39478061654500746,0.5866415155285972,0.5000659060187278,0.49993408529291994,0.489606640113766,0.4999999999975975,0.5000000000013191,0.49999999999868083,0.5000000000024034
913,0.6594859900262164,0.25510434915765184,0.49986985347655893,0.5001301126560194,0.5961729517068942,0.5000000000009106,0.4999999999966017,0.5000000000033976,0.4999999999990975
914,0.06386579206372445,0.7042167000320816,0.49986207210988426,0.5001378898524033,0.35563044133077437,0.4999999999959314,0.4999999999963274,0.5000000000036746,0.5000000000040704
915,0.12286563692559867,0.6963505170530934,0.4998677010431861,0.5001322639600435,0.36104165102566044,0.4999999999965827,0.5000000000042348,0.49999999999576417,0.500000000003416
916,0.5092465985986272,0.49057914938950326,0.500136928617799,0.4998630338730289,0.44683402700693337,0.5000000000095703,0.5000000000002192,0.49999999999977524,0.49999999999042977
917,0.6844743621481888,0.17746787754922475,0.5000416349769898,0.4999583615557796,0.6474752500463147,0.5000000000006155,0.49999999999844974,0.5000000000015513,0.4999999999993812
918,0.2627818455831378,0.6564645471249172,0.5001370514419199,0.49986291098158814,0.43355560049612796,0.5000000000029166,0.5000000000002232,0.4999999999997818,0.49999999999708633
919,0.6108496734563044,0.35617787190999084,0.5000987844760028,0.4999011960033942,0.5002436438822044,0.49999999999359834,0.5000000000009558,0.4999999999990438,0.5000000000064053
920,0.6106054369012356,0.3565964111241933,0.5000027395713951,0.4999972604135946,0.5989350264695568,0.5000000000013052,0.5000000000018955,0.49999999999810496,0.4999999999986985
921,0.2978257955137572,0.6413265916018496,0.5000148548033403,0.49998514475531414,0.43985155619855637,0.4999999999972207,0.5000000000017922,0.4999999999982058,0.500000000002775
922,0.6790901032084534,0.1970701369556256,0.4998758255254937,0.5001241436435576,0.6104795184215919,0.4999999999993049,0.4999999999967291,0.5000000000032667,0.5000000000006953
923,0.6836949059045283,0.18044743179161893,0.4999729781220045,0.5000270204177083,0.6370537901832767,0.4999999999993625,0.5000000000021615,0.4999999999978363,0.5000000000006305
924,0.5786765940344194,0.40636609051041656,0.500130388489489,0.4998695774993228,0.5952497750135639,0.5000000000014979,0.4999999999995597,0.5000000000004392,0.4999999999984986
925,0.6917594055506894,0.14652277922613952,0.5001370392794786,0.49986292315069586,0.5380525603707339,0.5000000000082027,0.5000000000002222,0.4999999999997792,0.4999999999917926
926,0.6111250588721753,0.3557051622038676,0.500008901082181,0.4999910987593559,0.513132114599091,0.49999999998590766,0.5000000000058471,0.49999999999415135,0.5000000000140921
927,0.28169071670913076,0.648575624056206,0.4998715315345958,0.5001284354655872,0.41312091264926776,0.5000000000028428,0.5000000000033585,0.4999999999966401,0.49999999999715816
928,0.46560779999581653,0.5321741975923383,0.5001338203374106,0.499866143837234,0.42830335941960107,0.5000000000097754,0.49999999999965616,0.5000000000003436,0.4999999999902183
929,0.7039180948759718,0.06707693870608436,0.5000899774652681,0.49991000633992383,0.5508508461133867,0.4999999999925385,0.49999999999893524,0.50000000000106,0.500000000007459
930,0.3599855648428108,0.6086135005936033,0.5000504240185707,0.49994957089574893,0.39692344673912516,0.4999999999948446,0.4999999999985297,0.5000000000014664,0.5000000000051531
931,0.5755822836938731,0.41073718445953533,0.49987848199094026,0.5001214884829832,0.5242443244300925,0.49999999999847705,0.5000000000044714,0.4999999999955303,0.5000000000015237
932,0.07099918087379074,0.7035333138723272,0.49990210296934745,0.5000978778667411,0.36119409662192126,0.4999999999887112,0.49999999999518174,0.5000000000048124,0.5000000000112887
933,0.4927530194086589,0.5071434332254021,0.5000958443025904,0.49990413732162964,0.5438006029266838,0.5000000000019528,0.5000000000009972,0.4999999999990064,0.4999999999980455
934,0.08265708082456671,0.7022590739816436,0.49997433941973074,0.5000256592634034,0.3502013236325211,0.4999999999958638,0.5000000000021497,0.49999999999784783,0.5000000000041309
935,0.6985114436582599,0.10991707364396845,0.500109545493495,0.49989043050081255,0.5452403488598818,0.5000000000003806,0.5000000000068748,0.49999999999312317,0.49999999999961964
936,0.1793584749840672,0.6839813867726089,0.500128809723717,0.4998711570838423,0.34935114042032533,0.499999999995525,0.5000000000004757,0.49999999999952566,0.5000000000044665
937,0.659701760269383,0.2545458455710481,0.49999851765229314,0.5000014823433084,0.6269495834407383,0.5000000000009028,0.500000000001933,0.49999999999806344,0.49999999999909966
938,0.5299149118006928,0.46817752171032506,0.5001392816967978,0.4998606794936101,0.4559021786892134,0.4999999999940757,0.5000000000000192,0.4999999999999835,0.5000000000059217
939,0.6899434724377753,0.15484832850406444,0.4999742896439199,0.5000257090341045,0.5614186502882916,0.5000000000071475,0.4999999999978515,0.5000000000021498,0.4999999999928506
940,0.656461444523721,0.26278959616740877,0.5001358983845497,0.4998640646686613,0.6414617942173793,0.49999999999907385,0.5000000000002693,0.49999999999972705,0.5000000000009266
941,0.184116765224043,0.6827159121944008,0.500085518071804,0.49991446729900724,0.39998491425642846,0.49999999999679473,0.4999999999988863,0.5000000000011087,0.5000000000032035
942,0.3191028316303334,0.63100981333625,0.49986249341562283,0.5001374687786505,0.4226423131065226,0.5000000000049932,0.5000000000040425,0.4999999999959569,0.49999999999500555
943,0.5291452241337594,0.46904725964068195,0.500014729558492,0.49998527000757986,0.47150877749026976,0.5000000000059124,0.500000000001795,0.4999999999982096,0.4999999999940876
944,0.6954747545317966,0.12772965908096534,0.5001357119778137,0.4998642511767009,0.5402077983215556,0.4999999999918708,0.499999999999721,0.5000000000002778,0.5000000000081318
945,0.3025636238780466,0.6391050423050951,0.49986378761440764,0.5001361752880704,0.4173475907517103,0.49999999999723255,0.4999999999964143,0.500000000003587,0.5000000000027682
946,0.7071037179581136,0.0020813576845044373,0.5000875374702051,0.4999124472014927,0.6666159902940603,0.5000000000000132,0.5000000000010904,0.4999999999989089,0.49999999999998523
947,0.6930497075706629,0.14029294400888315,0.49999741742232534,0.5000025825643343,0.6464460059730974,0.4999999999995021,0.5000000000019434,0.4999999999980558,0.5000000000004938
948,0.47055057834697367,0.527808822602771,0.4998716392108445,0.5001283278446229,0.47487434558343944,0.49999999998667904,0.5000000000043322,0.49999999999566325,0.5000000000133159
949,0.6504214969780026,0.2774020120130579,0.5000226738930778,0.4999773250786557,0.53164665104657,0.500000000006708,0.5000000000017152,0.499999999998276,0.49999999999329064
950,0.21307501761596484,0.6742395990061357,0.5001389656473422,0.4998609957190132,0.4136086877085996,0.5000000000030898,0.5000000000000826,0.49999999999991435,0.49999999999690886
951,0.6677920416296994,0.23249470775920322,0.4999527300356184,0.5000472654959054,0.5533560498537299,0.4999999999991843,0.5000000000053461,0.4999999999946546,0.5000000000008153
952,0.7043447426685092,0.06243783688785489,0.5001152734573482,0.49988469996058277,0.6680010469320908,0.500000000000222,0.4999999999992688,0.5000000000007314,0.49999999999978106
953,0.11376403396142125,0.6978952246410807,0.5000754287533815,0.49992455986590567,0.37750642831203113,0.49999999999655503,0.4999999999987793,0.5000000000012187,0.5000000000034449
954,0.1575816789716345,0.6893243225911106,0.499905369005842,0.5000946130874971,0.37986386004526534,0.5000000000120945,0.4999999999971618,0.5000000000028388,0.4999999999879066
955,0.3405322073049668,0.6197078471247631,0.4999076180384023,0.5000923648959023,0.40956065602315656,0.4999999999949239,0.5000000000028123,0.49999999999719325,0.5000000000050779
956,0.1479879457985338,0.6914474440608867,0.49999338758134615,0.5000066123312052,0.3834217561129685,0.5000000000033318,0.4999999999980191,0.5000000000019795,0.49999999999667116
957,0.5448505034167034,0.45070825256096947,0.49986815955664593,0.500131805688718,0.5135124921636582,0.4999999999906136,0.5000000000034474,0.4999999999965588,0.5000000000093844
958,0.5621057681223488,0.4289954677689845,0.5001389002406239,0.49986106116209833,0.5865912132898351,0.4999999999984043,0.5000000000000909,0.499999999999909,0.5000000000015948
959,0.6126348943141519,0.35309841139395115,0.5001374642392016,0.49986249795756904,0.49635119690246016,0.5000000000064109,0.5000000000001987,0.4999999999998009,0.4999999999935852
960,0.4983453567226866,0.5016491856197327,0.4998657672235916,0.5001341967492016,0.49170274433500316,0.5000000000019381,0.5000000000041775,0.4999999999958216,0.4999999999980649
961,0.6774293306449236,0.20270545622151692,0.4998628379349998,0.500137124448455,0.5897880093058169,0.5000000000007173,0.49999999999593775,0.5000000000040637,0.49999999999928535
962,0.17567253299202537,0.6849373410408913,0.5001238732770875,0.4998760960261273,0.3490669855258616,0.4999999999955369,0.5000000000005802,0.4999999999994183,0.5000000000044638
963,0.6719319639441284,0.22024405306419728,0.4999638265864055,0.5000361707967553,0.5534684166817925,0.5000000000069146,0.49999999999775674,0.5000000000022466,0.4999999999930902
964,0.667893231647503,0.2322038719678359,0.5001088587369463,0.49989111755743876,0.645415010994491,0.5000000000008245,0.5000000000008227,0.49999999999917355,0.49999999999917727
965,0.705254203408517,0.05115181887888896,0.49999816618739434,0.5000018338058776,0.653845915204091,0.5000000000001693,0.499999999998059,0.5000000000019388,0.49999999999983125
966,0.5959172196518724,0.38063455875995095,0.49996933364869167,0.5000306644705743,0.5119778298824207,0.5000000000063006,0.4999999999978035,0.5000000000021976,0.4999999999937
967,0.5264079583584363,0.47211721520661026,0.5001322627434442,0.49986770226042476,0.45510484988674105,0.4999999999940936,0.5000000000003856,0.4999999999996088,0.5000000000059013
968,0.6871702862048694,0.1667243166341269,0.500009897715705,0.49999010208835615,0.5535912807035774,0.4999999999928879,0.5000000000018331,0.4999999999981617,0.500000000007111
969,0.48728120076347714,0.5124031922056179,0.5000044405577141,0.49999555940284335,0.5308213145966137,0.49999999999429096,0.49999999999419115,0.5000000000058039,0.5000000000057128
970,0.10591347025164945,0.6991297049783107,0.500058478418878,0.4999415147408645,0.3746767676148128,0.5000000000034749,0.4999999999986051,0.5000000000013886,0.4999999999965246
971,0.1013569663962461,0.6998048105903405,0.49999173150014065,0.5000082683631263,0.3501698241502815,0.5000000000041942,0.4999999999980037,0.5000000000019973,0.49999999999580425
972,0.6427473162066788,0.2947471700993162,0.49992549790348817,0.5000744909970414,0.5456943256534771,0.4999999999912642,0.49999999999738726,0.5000000000026136,0.5000000000087362
973,0.12163355914597644,0.6965667787724835,0.5001389163059328,0.4998610450878612,0.3818210339497105,0.49999999999657785,0.49999999999990946,0.5000000000000924,0.5000000000034142
974,0.5108742486066978,0.4888839352142207,0.5001033211853319,0.4998966574597173,0.5544159241570821,0.4999999999981314,0.5000000000008988,0.4999999999990985,0.5000000000018693
975,0.6964378646441146,0.12236952516843443,0.5000408077509022,0.49995918891828395,0.5537880722975008,0.4999999999918846,0.5000000000015593,0.499999999998444,0.5000000000081178
976,0.47874968245187804,0.5203832640969737,0.4999653623463247,0.5000346352543059,0.5209692138744189,0.5000000000020267,0.4999999999977698,0.5000000000022289,0.4999999999979682
977,0.056656066142571154,0.704833382898849,0.4998617819613753,0.5001381798407281,0.3551665449835837,0.4999999999959528,0.5000000000036896,0.4999999999963086,0.5000000000040428
978,0.05890673260574988,0.7046488464857624,0.4999534946358345,0.500046501039066,0.3612328272322803,0.49999999999636097,0.4999999999976592,0.5000000000023369,0.5000000000036402
979,0.706457899002194,0.030286042911778294,0.4998777750642601,0.5001221950651701,0.5962068341594834,0.49999999999241157,0.5000000000032296,0.4999999999967697,0.5000000000075904
980,0.6629158491925564,0.24605402633215367,0.5001377605962499,0.4998622014373191,0.5224593840505463,0.5000000000085576,0.5000000000001793,0.49999999999981565,0.4999999999914415
981,0.4984397842362075,0.5015553623385595,0.49995112417507903,0.5000488710476969,0.5291227832803165,0.500000000001937,0.4999999999976378,0.5000000000023639,0.4999999999980639
982,0.43867503396279134,0.554584725579535,0.5000394189085856,0.49996057798346927,0.4279182954904075,0.49999999999009687,0.4999999999984277,0.5000000000015732,0.500000000009904
983,0.19621671760455026,0.6793371820314782,0.5000523566128497,0.49994763790414715,0.3557918077847546,0.5000000000045324,0.5000000000014546,0.4999999999985465,0.499999999995461
984,0.6093758234273711,0.35869361890481444,0.4998827947669395,0.5001171777653587,0.5737921786186299,0.5000000000013061,0.49999999999685246,0.5000000000031413,0.4999999999986952
985,0.529901184848116,0.4681930523796397,0.49992769378097524,0.5000722957641608,0.5418689656067197,0.49999999999823025,0.5000000000025916,0.49999999999741146,0.5000000000017711
986,0.6975178725204726,0.11605523475704858,0.49994428946847935,0.5000557043248848,0.5715621331098745,0.49999999999190253,0.49999999999757355,0.5000000000024258,0.5000000000080976
987,0.074013347901781,0.7032225994181135,0.500138938116969,0.49986102326469295,0.34595653898937745,0.5000000000041067,0.499999999999911,0.5000000000000844,0.4999999999958921
988,0.34157790080120987,0.6191320856519957,0.4998814754994431,0.5001184964110938,0.41611421167955,0.500000000005075,0.49999999999682965,0.5000000000031642,0.49999999999492245
989,0.602372167656327,0.37033468373896566,0.500117911025832,0.4998820611615926,0.6078280841615693,0.4999999999986577,0.5000000000006924,0.499999999999312,0.5000000000013421
990,0.5270607135573109,0.4713883793905611,0.4998720485304537,0.5001279187347631,0.5022383160244719,0.5000000000059045,0.5000000000033449,0.4999999999966534,0.49999999999409694
991,0.39269974902929616,0.5880364897761834,0.49997493020275424,0.5000250685403177,0.4788628742040331,0.5000000000024087,0.5000000000021431,0.49999999999785555,0.49999999999758776
992,0.6814022805214001,0.1889204385455279,0.49998634494394334,0.5000136546831431,0.5544738213673609,0.4999999999916481,0.4999999999979578,0.5000000000020397,0.5000000000083513
993,0.13928112965772774,0.6932537588977652,0.5001238096806051,0.49987615965412263,0.38656347139985014,0.5000000000033628,0.5000000000005798,0.4999999999994164,0.49999999999663564
994,0.6989641571178501,0.10700053471507279,0.49988736365357894,0.5001126109782406,0.5879419363062616,0.4999999999996249,0.500000000004617,0.4999999999953816,0.5000000000003693
995,0.6091379459045666,0.35909742808764755,0.5000922012034146,0.49990778179132567,0.6090658556209465,0.499999999998704,0.5000000000010366,0.4999999999989637,0.5000000000012941
996,0.13240127633788937,0.6946005341374983,0.49993590508498525,0.5000640866997529,0.37577654262188875,0.499999999996617,0.4999999999974914,0.5000000000025101,0.5000000000033833
997,0.2755567128764365,0.6512054191948458,0.5001374839052182,0.49986247828073344,0.439327975398169,0.4999999999971398,0.4999999999997999,0.5000000000001994,0.500000000002862
998,0.5780402285150513,0.40727079481459305,0.500139254032554,0.49986070717326647,0.4790511056379777,0.4999999999984838,0.4999999999923357,0.5000000000076621,0.5000000000015159
999,0.30897931483317265,0.6360281359396509,0.500077347516866,0.499922640516002,0.44989188197458213,0.500000000002735,0.5000000000011998,0.4999999999987965,0.4999999999972637
1000,0.6347279007690059,0.31164160823832737,0.5000663822812856,0.49993360890433153,0.6210898292418203,0.4999999999988869,0.4999999999986836,0.5000000000013186,0.5000000000011134
