traj,F_phi_plus,F_phi_minus,F_psi_plus,F_psi_minus,F_plusplus,F_ee,F_eg,F_ge,F_gg
1,0.6922137618455292,0.1443610345347179,0.5000114639393404,0.49998853579780933,0.6362925924239297,0.5000000000005005,0.4999999999999999,0.4999999999999999,0.49999999999949996
2,0.6739717698303036,0.2139206709783185,0.5000114639393404,0.49998853579780933,0.559384388214185,0.4999999999930636,0.4999999999999999,0.4999999999999999,0.5000000000069423
3,0.6372994583922247,0.30634849490895016,0.5000114639393404,0.49998853579780933,0.6043019145834229,0.5000000000010959,0.4999999999999999,0.4999999999999999,0.4999999999989063
4,0.058460603103093936,0.7046859994953916,0.5000114639393404,0.49998853579780933,0.35107857905421175,0.5000000000040528,0.4999999999999999,0.4999999999999999,0.49999999999594397
5,0.11693618430412502,0.6973707255114683,0.5000114639393404,0.49998853579780933,0.3724005822706206,0.4999999999965634,0.4999999999999999,0.4999999999999999,0.5000000000034367
6,0.5931751073714321,0.3848938748052125,0.5000114639393404,0.49998853579780933,0.5161766178790569,0.5000000000062774,0.4999999999999999,0.4999999999999999,0.49999999999372047
7,0.293946561718636,0.6431138459509251,0.5000114639393404,0.49998853579780933,0.4304060896627298,0.4999999999874181,0.4999999999999999,0.4999999999999999,0.5000000000125803
8,0.06137708209939276,0.7044379701933461,0.5000114639393404,0.49998853579780933,0.3610451761220168,0.4999999999963569,0.4999999999999999,0.4999999999999999,0.5000000000036385
9,0.695329371127971,0.12851873655923987,0.5000114639393404,0.49998853579780933,0.5712029591835964,0.5000000000072515,0.4999999999999999,0.4999999999999999,0.49999999999275146
10,0.2788924452963722,0.6497838185144335,0.5000114639393404,0.49998853579780933,0.4244064408121427,0.5000000000028556,0.4999999999999999,0.4999999999999999,0.49999999999714767
11,0.13088858130229422,0.6948871701828068,0.5000114639393404,0.49998853579780933,0.37566244808894167,0.5000000000033917,0.4999999999999999,0.4999999999999999,0.4999999999966049
12,0.3023808321710597,0.6391915458886614,0.5000114639393404,0.49998853579780933,0.4339571307700113,0.5000000000027631,0.4999999999999999,0.4999999999999999,0.49999999999723643
13,0.2477092155936786,0.662299135217587,0.5000114639393404,0.49998853579780933,0.37581647009134433,0.49999999999527284,0.4999999999999999,0.4999999999999999,0.5000000000047264
14,0.6899942270354995,0.1546220135200038,0.5000114639393404,0.49998853579780933,0.5682545695505641,0.49999999999285116,0.4999999999999999,0.4999999999999999,0.5000000000071437
15,0.7069515773332075,0.01481442898306358,0.5000114639393404,0.49998853579780933,0.6450092773717531,0.5000000000000306,0.4999999999999999,0.4999999999999999,0.49999999999997374
16,0.02599598130055507,0.706628763182069,0.5000114639393404,0.49998853579780933,0.3559886663578003,0.49999999999623673,0.4999999999999999,0.4999999999999999,0.5000000000037628
17,0.6819338084107324,0.18699272966198138,0.5000114639393404,0.49998853579780933,0.6302614207044827,0.500000000000651,0.4999999999999999,0.4999999999999999,0.4999999999993534
18,0.4034411986298986,0.5807195530099407,0.5000114639393404,0.49998853579780933,0.42763641120585955,0.5000000000053324,0.4999999999999999,0.4999999999999999,0.4999999999946625
19,0.6971905073207794,0.1180059172321123,0.5000114639393404,0.49998853579780933,0.5722467403574475,0.4999999999919014,0.4999999999999999,0.4999999999999999,0.5000000000080966
20,0.5671706301955501,0.4222765400109077,0.5000114639393404,0.49998853579780933,0.5646849802590813,0.4999999999861815,0.4999999999999999,0.4999999999999999,0.50000000001382
21,0.18288972138050083,0.6830456478233506,0.5000114639393404,0.49998853579780933,0.3904186145720731,0.49999999999680117,0.4999999999999999,0.4999999999999999,0.5000000000032018
22,0.19671701282342474,0.6791924740939229,0.5000114639393404,0.49998853579780933,0.3644408548064338,0.5000000000045416,0.4999999999999999,0.4999999999999999,0.49999999999545414
23,0.04921802688135613,0.70539179597576,0.5000114639393404,0.49998853579780933,0.35945062798379634,0.499999999996334,0.4999999999999999,0.4999999999999999,0.5000000000036683
24,0.6490759158181202,0.2805360146306909,0.5000114639393404,0.49998853579780933,0.5457947656278103,0.5000000000066941,0.4999999999999999,0.4999999999999999,0.49999999999330874
25,0.038936867047701336,0.7060339371336943,0.5000114639393404,0.49998853579780933,0.35776071248555047,0.5000000000037108,0.4999999999999999,0.4999999999999999,0.4999999999962852
26,0.5386838901106361,0.4580607672954198,0.5000114639393404,0.49998853579780933,0.5490477618619644,0.4999999999982757,0.4999999999999999,0.4999999999999999,0.5000000000017211
27,0.4477533740923869,0.5472813895291037,0.5000114639393404,0.49998853579780933,0.4461928295578046,0.5000000000055367,0.4999999999999999,0.4999999999999999,0.49999999999446443
28,0.7069425019744751,0.01524135499450501,0.5000114639393404,0.49998853579780933,0.5777122379580533,0.4999999999922619,0.4999999999999999,0.4999999999999999,0.5000000000077375
29,0.6877652759080694,0.16425264838620507,0.5000114639393404,0.49998853579780933,0.567018734179541,0.49999999999172895,0.4999999999999999,0.4999999999999999,0.5000000000082716
30,0.017108526070946553,0.7068997848239028,0.5000114639393404,0.49998853579780933,0.3550177326973957,0.499999999996208,0.4999999999999999,0.4999999999999999,0.500000000003793
31,0.137522598683154,0.6936047399013984,0.5000114639393404,0.49998853579780933,0.35563718492147706,0.5000000000043174,0.4999999999999999,0.4999999999999999,0.49999999999567807
32,0.4609722534048947,0.5361945370766253,0.5000114639393404,0.49998853579780933,0.45212143026940504,0.49999999999441347,0.4999999999999999,0.4999999999999999,0.5000000000055898
33,0.5242095710480518,0.47455697826669835,0.5000114639393404,0.49998853579780933,0.48154518606187674,0.5000000000058931,0.4999999999999999,0.4999999999999999,0.49999999999410916
34,0.28639733911593745,0.6465110756664648,0.5000114639393404,0.49998853579780933,0.3864983965255163,0.5000000000048639,0.4999999999999999,0.4999999999999999,0.4999999999951339
35,0.5512645876669147,0.4428401002443564,0.5000114639393404,0.49998853579780933,0.5559160084723677,0.5000000000137339,0.4999999999999999,0.4999999999999999,0.4999999999862713
36,0.6727513018126245,0.21772846830264642,0.5000114639393404,0.49998853579780933,0.6248649838103302,0.4999999999992336,0.4999999999999999,0.4999999999999999,0.5000000000007642
37,0.4257568474429893,0.5645627572337832,0.5000114639393404,0.49998853579780933,0.43688161096969036,0.5000000000054304,0.4999999999999999,0.4999999999999999,0.4999999999945743
38,0.556688848968884,0.4360017560737156,0.5000114639393404,0.49998853579780933,0.5588923402354238,0.5000000000016241,0.4999999999999999,0.4999999999999999,0.4999999999983706
39,0.7066758204289799,0.02468369544913311,0.5000114639393404,0.49998853579780933,0.6448470731588362,0.49999999999993167,0.4999999999999999,0.4999999999999999,0.5000000000000658
40,0.3695502807117625,0.6028537076100828,0.5000114639393404,0.49998853579780933,0.4634765088957169,0.5000000000024989,0.4999999999999999,0.4999999999999999,0.4999999999975028
41,0.25792861293947067,0.6583865411476368,0.5000114639393404,0.49998853579780933,0.41628277396867697,0.5000000000029269,0.4999999999999999,0.4999999999999999,0.4999999999970722
42,0.44135615780795234,0.552453384427138,0.5000114639393404,0.49998853579780933,0.44355563897012656,0.5000000000054917,0.4999999999999999,0.4999999999999999,0.49999999999450573
43,0.631297365816811,0.31853357372637486,0.5000114639393404,0.49998853579780933,0.6008586219578341,0.5000000000011358,0.4999999999999999,0.4999999999999999,0.4999999999988565
44,0.5247674810577927,0.473939969147341,0.5000114639393404,0.49998853579780933,0.5415143829618069,0.49999999999820127,0.4999999999999999,0.4999999999999999,0.5000000000017943
45,0.4176917604444858,0.5705555128616183,0.5000114639393404,0.49998853579780933,0.48640489363049166,0.4999999999977059,0.4999999999999999,0.4999999999999999,0.5000000000022923
46,0.5289998738966089,0.4692111821103217,0.5000114639393404,0.49998853579780933,0.4839137568572365,0.4999999999940851,0.4999999999999999,0.4999999999999999,0.5000000000059086
47,0.6807605169671479,0.19122007880611447,0.5000114639393404,0.49998853579780933,0.5631245161898477,0.4999999999929767,0.4999999999999999,0.4999999999999999,0.5000000000070186
48,0.7061717792150998,0.036351419241951746,0.5000114639393404,0.49998853579780933,0.5772817277656556,0.49999999999218026,0.4999999999999999,0.4999999999999999,0.500000000007815
49,0.179661066821885,0.6839019674400864,0.5000114639393404,0.49998853579780933,0.38937364252726214,0.5000000000032143,0.4999999999999999,0.4999999999999999,0.49999999999678457
50,0.5124151434622327,0.4872686367713523,0.5000114639393404,0.49998853579780933,0.534908934495834,0.49999999999814176,0.4999999999999999,0.4999999999999999,0.5000000000018568
51,0.7045125583061612,0.06051491707761248,0.5000114639393404,0.49998853579780933,0.6435597119097884,0.49999999999979133,0.4999999999999999,0.4999999999999999,0.5000000000002113
52,0.20078205083536968,0.6780018938486422,0.5000114639393404,0.49998853579780933,0.39605527775551713,0.4999999999968591,0.4999999999999999,0.4999999999999999,0.5000000000031435
53,0.2613160349674444,0.6570494120451611,0.5000114639393404,0.49998853579780933,0.41753041718051565,0.4999999999970785,0.4999999999999999,0.4999999999999999,0.5000000000029202
54,0.3118565709069741,0.6346223122315671,0.5000114639393404,0.49998853579780933,0.43789564873012027,0.49999999999726985,0.4999999999999999,0.4999999999999999,0.5000000000027275
55,0.5644172015065508,0.42594978887601076,0.5000114639393404,0.49998853579780933,0.5014550775518326,0.49999999999389283,0.4999999999999999,0.4999999999999999,0.5000000000061119
56,0.6803057013848356,0.19283192853697897,0.5000114639393404,0.49998853579780933,0.5628788101295522,0.49999999999163236,0.4999999999999999,0.4999999999999999,0.5000000000083715
57,0.4972255724261018,0.5027591173967243,0.5000114639393404,0.49998853579780933,0.4687594800329183,0.4999999999942477,0.4999999999999999,0.4999999999999999,0.5000000000057503
58,0.5125633430691806,0.4871127415404136,0.5000114639393404,0.49998853579780933,0.4759398080673016,0.4999999999941671,0.4999999999999999,0.4999999999999999,0.5000000000058326
59,0.48185942481449917,0.5175050673350381,0.5000114639393404,0.49998853579780933,0.5187374030416123,0.5000000000133699,0.4999999999999999,0.4999999999999999,0.49999999998663264
60,0.6784884858308774,0.19913156892858355,0.5000114639393404,0.49998853579780933,0.5618745939653341,0.5000000000083906,0.4999999999999999,0.4999999999999999,0.49999999999160766
61,0.22714341151810402,0.669631150454958,0.5000114639393404,0.49998853579780933,0.37095935786422135,0.4999999999892609,0.4999999999999999,0.4999999999999999,0.5000000000107421
62,0.6790920033703169,0.19706357085591977,0.5000114639393404,0.49998853579780933,0.5622076848453677,0.5000000000069964,0.4999999999999999,0.4999999999999999,0.49999999999300043
63,0.4508040163036191,0.5447712720807943,0.5000114639393404,0.49998853579780933,0.44777264871782546,0.5000000000055248,0.4999999999999999,0.4999999999999999,0.49999999999447586
64,0.3840306151969361,0.5937343569235862,0.5000114639393404,0.49998853579780933,0.42003232104886257,0.5000000000052511,0.4999999999999999,0.4999999999999999,0.49999999999475075
65,0.6634747497214348,0.24454295426792483,0.5000114639393404,0.49998853579780933,0.553637162909613,0.5000000000068268,0.4999999999999999,0.4999999999999999,0.49999999999317835
66,0.18609814022180254,0.6821784826612347,0.5000114639393404,0.49998853579780933,0.39134366388474734,0.4999999999968055,0.4999999999999999,0.4999999999999999,0.5000000000031929
67,0.6952701918949734,0.12883850457965984,0.5000114639393404,0.49998853579780933,0.5711855400079202,0.5000000000081397,0.4999999999999999,0.4999999999999999,0.4999999999918567
68,0.7006576817254264,0.09528280557977199,0.5000114639393404,0.49998853579780933,0.5741810820303505,0.49999999999263217,0.4999999999999999,0.4999999999999999,0.5000000000073695
69,0.703972682649586,0.06650159459099171,0.5000114639393404,0.49998853579780933,0.5760427039177218,0.49999999999253575,0.4999999999999999,0.4999999999999999,0.5000000000074638
70,0.45237615959316285,0.5434664757202057,0.5000114639393404,0.49998853579780933,0.503619602649489,0.5000000000021473,0.4999999999999999,0.4999999999999999,0.49999999999785255
71,0.18803840762285526,0.6816462112112551,0.5000114639393404,0.49998853579780933,0.3628735082570534,0.4999999999954914,0.4999999999999999,0.4999999999999999,0.5000000000045068
72,0.6692515883714216,0.22825930936690472,0.5000114639393404,0.49998853579780933,0.5567637633149236,0.49999999999150674,0.4999999999999999,0.4999999999999999,0.5000000000084884
73,0.2544894920114303,0.6597235015184454,0.5000114639393404,0.49998853579780933,0.3777447735377875,0.4999999999952599,0.4999999999999999,0.4999999999999999,0.5000000000047344
74,0.5103292062612231,0.48945286277996775,0.5000114639393404,0.49998853579780933,0.4748937827560216,0.4999999999941816,0.4999999999999999,0.4999999999999999,0.5000000000058266
75,0.6847625450567728,0.17635266967788868,0.5000114639393404,0.49998853579780933,0.6318917391551128,0.4999999999993804,0.4999999999999999,0.4999999999999999,0.5000000000006214
76,0.5465704900356415,0.44862088607442585,0.5000114639393404,0.49998853579780933,0.5533334869175961,0.4999999999983168,0.4999999999999999,0.4999999999999999,0.5000000000016878
77,0.07587334357443741,0.7030243493185949,0.5000114639393404,0.49998853579780933,0.3637792936026556,0.4999999999964204,0.4999999999999999,0.4999999999999999,0.5000000000035781
78,0.685789560536637,0.17231563803924374,0.5000114639393404,0.49998853579780933,0.6325242194104334,0.49999999999940314,0.4999999999999999,0.4999999999999999,0.5000000000005923
79,0.02153788306839167,0.7067786920903415,0.5000114639393404,0.49998853579780933,0.3522616591716859,0.5000000000039136,0.4999999999999999,0.4999999999999999,0.4999999999960881
80,0.31844707932124044,0.6313409995175074,0.5000114639393404,0.49998853579780933,0.44077307848469816,0.5000000000026955,0.4999999999999999,0.4999999999999999,0.4999999999972984
81,0.14348101868992083,0.6923967051305959,0.5000114639393404,0.49998853579780933,0.3790900913322322,0.5000000000033419,0.4999999999999999,0.4999999999999999,0.4999999999966612
82,0.6207263532881908,0.338672104451407,0.5000114639393404,0.49998853579780933,0.530646318378935,0.5000000000089233,0.4999999999999999,0.4999999999999999,0.4999999999910775
83,0.70569047018976,0.04473209455588488,0.5000114639393404,0.49998853579780933,0.6442621192308909,0.4999999999998544,0.4999999999999999,0.4999999999999999,0.5000000000001469
84,0.4341980358713393,0.5580968246151133,0.5000114639393404,0.49998853579780933,0.44045681062986375,0.5000000000054676,0.4999999999999999,0.4999999999999999,0.49999999999453404
85,0.6955330166466643,0.12741201966215132,0.5000114639393404,0.49998853579780933,0.5713338361084834,0.500000000008136,0.4999999999999999,0.4999999999999999,0.4999999999918616
86,0.07782487927523796,0.7028109903564348,0.5000114639393404,0.49998853579780933,0.35123073626939155,0.5000000000112551,0.4999999999999999,0.4999999999999999,0.4999999999887431
87,0.4823857560724241,0.5170144894859722,0.5000114639393404,0.49998853579780933,0.46187295911253096,0.5000000000056823,0.4999999999999999,0.4999999999999999,0.49999999999432254
88,0.24143664773594528,0.6646114248412005,0.5000114639393404,0.49998853579780933,0.4101413858738094,0.5000000000029932,0.4999999999999999,0.4999999999999999,0.499999999997007
89,0.3680085350744079,0.6037960898452283,0.5000114639393404,0.49998853579780933,0.4627536413728424,0.49999999999749317,0.4999999999999999,0.4999999999999999,0.5000000000025056
90,0.020494764436383196,0.7068097089250347,0.5000114639393404,0.49998853579780933,0.3522009165300851,0.5000000000039111,0.4999999999999999,0.4999999999999999,0.4999999999960842
91,0.7061264836574552,0.037220815111423784,0.5000114639393404,0.49998853579780933,0.6445181751132937,0.4999999999998748,0.4999999999999999,0.4999999999999999,0.5000000000001265
92,0.6949914272496723,0.13033386378627584,0.5000114639393404,0.49998853579780933,0.6379356913982884,0.5000000000158296,0.4999999999999999,0.4999999999999999,0.49999999998416667
93,0.2996064783693822,0.6404966495767919,0.5000114639393404,0.49998853579780933,0.3904230517266059,0.4999999999950803,0.4999999999999999,0.4999999999999999,0.5000000000049186
94,0.04857532023687698,0.7054363460042892,0.5000114639393404,0.49998853579780933,0.3591239848233334,0.49999999999631756,0.4999999999999999,0.4999999999999999,0.500000000003681
95,0.6951016410541521,0.12974478256879982,0.5000114639393404,0.49998853579780933,0.6380041052428361,0.49999999999955463,0.4999999999999999,0.4999999999999999,0.500000000000446
96,0.5848712719244039,0.39739853456893054,0.5000114639393404,0.49998853579780933,0.5118635297252909,0.49999999999376826,0.4999999999999999,0.4999999999999999,0.5000000000062355
97,0.5434014447577503,0.45245427747589884,0.5000114639393404,0.49998853579780933,0.49093246037355476,0.49999999999400613,0.4999999999999999,0.4999999999999999,0.5000000000059951
98,0.41222942752732306,0.5745144898786221,0.5000114639393404,0.49998853579780933,0.4837106118874848,0.5000000000023157,0.4999999999999999,0.4999999999999999,0.4999999999976822
99,0.029590635676575477,0.7064873631426483,0.5000114639393404,0.49998853579780933,0.356373089087763,0.5000000000037537,0.4999999999999999,0.4999999999999999,0.49999999999624256
100,0.41842902550830186,0.5700150441981112,0.5000114639393404,0.49998853579780933,0.4867140143791011,0.4999999999977054,0.4999999999999999,0.4999999999999999,0.5000000000022967
101,0.6589381839913655,0.25651602226403447,0.5000114639393404,0.49998853579780933,0.6168029448293245,0.4999999999990897,0.4999999999999999,0.4999999999999999,0.5000000000009118
102,0.6778871809655572,0.20116902600865955,0.5000114639393404,0.49998853579780933,0.6278731482883535,0.4999999999992961,0.4999999999999999,0.4999999999999999,0.5000000000007049
103,0.32136156399220767,0.629862486440617,0.5000114639393404,0.49998853579780933,0.3974573695713311,0.5000000000049923,0.4999999999999999,0.4999999999999999,0.49999999999500244
104,0.17550319362688116,0.6849807508439703,0.5000114639393404,0.49998853579780933,0.36073854181980775,0.4999999999955348,0.4999999999999999,0.4999999999999999,0.5000000000044692
105,0.7007200484328914,0.09482310429156553,0.5000114639393404,0.49998853579780933,0.5742192331476034,0.5000000000080154,0.4999999999999999,0.4999999999999999,0.49999999999198214
106,0.10599820133085648,0.6991168581250332,0.5000114639393404,0.49998853579780933,0.3700067452779111,0.5000000000034664,0.4999999999999999,0.4999999999999999,0.4999999999965283
107,0.7070110303715579,0.011636276592978898,0.5000114639393404,0.49998853579780933,0.5777529766066903,0.4999999999922676,0.4999999999999999,0.4999999999999999,0.5000000000077329
108,0.43683157623946695,0.5560379278923229,0.5000114639393404,0.49998853579780933,0.44158830126914045,0.5000000000054741,0.4999999999999999,0.4999999999999999,0.4999999999945225
109,0.1272982580536117,0.6955538465830783,0.5000114639393404,0.49998853579780933,0.37498159770880896,0.5000000000033951,0.4999999999999999,0.4999999999999999,0.49999999999660544
110,0.023688527597898856,0.7067098794132168,0.5000114639393404,0.49998853579780933,0.35220739433586623,0.49999999999607936,0.4999999999999999,0.4999999999999999,0.5000000000039206
111,0.6141463616530116,0.35046290576141026,0.5000114639393404,0.49998853579780933,0.5271337556141794,0.5000000000089635,0.4999999999999999,0.4999999999999999,0.4999999999910362
112,0.11766509875520906,0.6972481135733722,0.5000114639393404,0.49998853579780933,0.3535893985031505,0.5000000000111215,0.4999999999999999,0.4999999999999999,0.4999999999888752
113,0.2884460499021924,0.6455996253838917,0.5000114639393404,0.49998853579780933,0.3868977854254496,0.4999999999951142,0.4999999999999999,0.4999999999999999,0.5000000000048853
114,0.6874781873248276,0.16545012054510666,0.5000114639393404,0.49998853579780933,0.6335071268839965,0.499999999999424,0.4999999999999999,0.4999999999999999,0.5000000000005722
115,0.4746918792494122,0.5240874161575151,0.5000114639393404,0.49998853579780933,0.4583160727412017,0.5000000000056469,0.4999999999999999,0.4999999999999999,0.4999999999943521
116,0.010946484297922566,0.7070220466741574,0.5000114639393404,0.49998853579780933,0.3536802858404599,0.500000000003842,0.4999999999999999,0.4999999999999999,0.4999999999961549
117,0.6687683766975633,0.2296711961245973,0.5000114639393404,0.49998853579780933,0.6225108446130427,0.49999999999918526,0.4999999999999999,0.4999999999999999,0.500000000000812
118,0.4832736378477759,0.5161846481264005,0.5000114639393404,0.49998853579780933,0.5195374794151147,0.4999999999979972,0.4999999999999999,0.4999999999999999,0.5000000000020021
119,0.680071680458387,0.1936556650455247,0.5000114639393404,0.49998853579780933,0.56273703508244,0.5000000000083685,0.4999999999999999,0.4999999999999999,0.49999999999163103
120,0.6573464722065863,0.26056787115367674,0.5000114639393404,0.49998853579780933,0.6158708292894965,0.5000000000009273,0.4999999999999999,0.4999999999999999,0.4999999999990764
121,0.5713129670706131,0.41665512556186673,0.5000114639393404,0.49998853579780933,0.5049562766997462,0.5000000000061459,0.4999999999999999,0.4999999999999999,0.4999999999938566
122,0.70646101983676,0.030213034458755585,0.5000114639393404,0.49998853579780933,0.6447167167935712,0.49999999999990274,0.4999999999999999,0.4999999999999999,0.5000000000000984
123,0.4661532376194292,0.5316964914844963,0.5000114639393404,0.49998853579780933,0.4544219167607655,0.500000000005609,0.4999999999999999,0.4999999999999999,0.4999999999943902
124,0.11984312181689652,0.6968770523938824,0.5000114639393404,0.49998853579780933,0.37302247500817737,0.4999999999965744,0.4999999999999999,0.4999999999999999,0.5000000000034313
125,0.5821831619791796,0.4013262586822905,0.5000114639393404,0.49998853579780933,0.5104869216617648,0.49999999999378825,0.4999999999999999,0.4999999999999999,0.5000000000062124
126,0.49982183618169396,0.5001781003562243,0.5000114639393404,0.49998853579780933,0.4698861267210487,0.5000000000096121,0.4999999999999999,0.4999999999999999,0.4999999999903894
127,0.6855865585410621,0.17312154905677637,0.5000114639393404,0.49998853579780933,0.6323748250652592,0.4999999999993876,0.4999999999999999,0.4999999999999999,0.5000000000006075
128,0.48473469119955986,0.5148128583744509,0.5000114639393404,0.49998853579780933,0.4629138075585764,0.5000000000056998,0.4999999999999999,0.4999999999999999,0.4999999999943055
129,0.686946509019683,0.1676439493261545,0.5000114639393404,0.49998853579780933,0.5665337973223741,0.5000000000071159,0.4999999999999999,0.4999999999999999,0.4999999999928839
130,0.5960180413810157,0.38047666728504687,0.5000114639393404,0.49998853579780933,0.5807429673529665,0.499999999998602,0.4999999999999999,0.4999999999999999,0.5000000000013964
131,0.5780454980475038,0.40726330817667794,0.5000114639393404,0.49998853579780933,0.5707301850454076,0.5000000000014984,0.4999999999999999,0.4999999999999999,0.4999999999985003
132,0.4551055638633733,0.5411828949076223,0.5000114639393404,0.49998853579780933,0.5049835549509778,0.4999999999978576,0.4999999999999999,0.4999999999999999,0.5000000000021361
133,0.5486297582406131,0.4461001999246912,0.5000114639393404,0.49998853579780933,0.4935228938903036,0.5000000000060246,0.4999999999999999,0.4999999999999999,0.4999999999939786
134,0.5446789773163387,0.4509155260906713,0.5000114639393404,0.49998853579780933,0.5522951100309348,0.4999999999983057,0.4999999999999999,0.4999999999999999,0.500000000001694
135,0.6746462514093559,0.21178393765405884,0.5000114639393404,0.49998853579780933,0.6259669080543763,0.5000000000007433,0.4999999999999999,0.4999999999999999,0.4999999999992544
136,0.6457010983367973,0.2882188259060181,0.5000114639393404,0.49998853579780933,0.6090956250987036,0.5000000000010305,0.4999999999999999,0.4999999999999999,0.49999999999895967
137,0.279495010716512,0.6495248563254366,0.5000114639393404,0.49998853579780933,0.42466104777135627,0.50000000000285,0.4999999999999999,0.4999999999999999,0.4999999999971522
138,0.4917302538096606,0.5081351763933267,0.5000114639393404,0.49998853579780933,0.46609811118886196,0.49999999999426165,0.4999999999999999,0.4999999999999999,0.5000000000057291
139,0.7056462153893316,0.04542495065375967,0.5000114639393404,0.49998853579780933,0.5769941791850056,0.500000000007853,0.4999999999999999,0.4999999999999999,0.49999999999213957
140,0.6909892542004626,0.15011279417461784,0.5000114639393404,0.49998853579780933,0.5688006831746392,0.4999999999928323,0.4999999999999999,0.4999999999999999,0.5000000000071667
141,0.5067953503206468,0.49311101850124645,0.5000114639393404,0.49998853579780933,0.5319230922334461,0.4999999999981139,0.4999999999999999,0.4999999999999999,0.5000000000018866
142,0.0739942842800902,0.7032246056498118,0.5000114639393404,0.49998853579780933,0.3513261290196331,0.4999999999887206,0.4999999999999999,0.4999999999999999,0.5000000000112788
143,0.6179188082282897,0.3437678670814492,0.5000114639393404,0.49998853579780933,0.5291219651183954,0.49999999999355266,0.4999999999999999,0.4999999999999999,0.5000000000064463
144,0.041309699262261475,0.7058990783014644,0.5000114639393404,0.49998853579780933,0.35139604947821756,0.4999999999960106,0.4999999999999999,0.4999999999999999,0.500000000003985
145,0.1539356730143124,0.6901476715700996,0.5000114639393404,0.49998853579780933,0.35765331941026857,0.5000000000043809,0.4999999999999999,0.4999999999999999,0.4999999999956186
146,0.7053300897785618,0.050094555122952515,0.5000114639393404,0.49998853579780933,0.6440447575733967,0.5000000000001744,0.4999999999999999,0.4999999999999999,0.4999999999998263
147,0.707082653373545,0.005841343872036819,0.5000114639393404,0.49998853579780933,0.645081150658376,0.5000000000000367,0.4999999999999999,0.4999999999999999,0.4999999999999676
148,0.44570582181358764,0.5489501984711126,0.5000114639393404,0.49998853579780933,0.5002204789119662,0.5000000000021796,0.4999999999999999,0.4999999999999999,0.49999999999782013
149,0.6059074298492958,0.36452186004877,0.5000114639393404,0.49998853579780933,0.5863806669156941,0.5000000000013229,0.4999999999999999,0.4999999999999999,0.4999999999986717
150,0.0646927223228662,0.7041412157220003,0.5000114639393404,0.49998853579780933,0.36175835866859063,0.49999999998823685,0.4999999999999999,0.4999999999999999,0.5000000000117634
151,0.3796161032409386,0.5965665264209961,0.5000114639393404,0.49998853579780933,0.4682133532971301,0.5000000000024496,0.4999999999999999,0.4999999999999999,0.49999999999754874
152,0.14340088612031116,0.6924133109318937,0.5000114639393404,0.49998853579780933,0.356205934598862,0.499999999995649,0.4999999999999999,0.4999999999999999,0.5000000000043494
153,0.4181839280110783,0.5701948837625048,0.5000114639393404,0.49998853579780933,0.43370597340419403,0.49999999999460254,0.4999999999999999,0.4999999999999999,0.5000000000053957
154,0.6529264553147522,0.2714535760495951,0.5000114639393404,0.49998853579780933,0.6133150626472447,0.5000000000009657,0.4999999999999999,0.4999999999999999,0.49999999999903494
155,0.702539670249302,0.08023722157454394,0.5000114639393404,0.49998853579780933,0.6423878729594992,0.4999999999997169,0.4999999999999999,0.4999999999999999,0.5000000000002837
156,0.5590677718746063,0.4329471404815635,0.5000114639393404,0.49998853579780933,0.498771804719503,0.5000000000060739,0.4999999999999999,0.4999999999999999,0.4999999999939258
157,0.12286609080898529,0.6963504369687427,0.5000114639393404,0.49998853579780933,0.3736092133872168,0.5000000000034279,0.4999999999999999,0.4999999999999999,0.4999999999965688
158,0.010870778869524263,0.7070232147297364,0.5000114639393404,0.49998853579780933,0.35467437788880796,0.4999999999961999,0.4999999999999999,0.4999999999999999,0.5000000000038014
159,0.599696842263562,0.37465143450828425,0.5000114639393404,0.49998853579780933,0.5195300029390987,0.49999999999367173,0.4999999999999999,0.4999999999999999,0.5000000000063313
160,0.5373226103207239,0.45965684204429297,0.5000114639393404,0.49998853579780933,0.4879829590258922,0.5000000000059616,0.4999999999999999,0.4999999999999999,0.49999999999404726
161,0.3751137761465662,0.5994077534909463,0.5000114639393404,0.49998853579780933,0.46597440193550876,0.5000000000024838,0.4999999999999999,0.4999999999999999,0.49999999999751565
162,0.43849654212048433,0.5547258625198344,0.5000114639393404,0.49998853579780933,0.49662287788668796,0.49999999999778605,0.4999999999999999,0.4999999999999999,0.50000000000221
163,0.6766886289435377,0.2051645686340775,0.5000114639393404,0.49998853579780933,0.5608656401999693,0.49999999999302336,0.4999999999999999,0.4999999999999999,0.5000000000069711
164,0.679390567197841,0.1960317760022395,0.5000114639393404,0.49998853579780933,0.6287524971061137,0.4999999999993112,0.4999999999999999,0.4999999999999999,0.5000000000006852
165,0.44604048716105266,0.5486783115764612,0.5000114639393404,0.49998853579780933,0.4454685721291941,0.49999999999447653,0.4999999999999999,0.4999999999999999,0.5000000000055236
166,0.16132943544265968,0.6884568347106124,0.5000114639393404,0.49998853579780933,0.358542341790712,0.5000000000044174,0.4999999999999999,0.4999999999999999,0.49999999999558553
167,0.7065948572738311,0.026901815443803375,0.5000114639393404,0.49998853579780933,0.5775297066794399,0.500000000007576,0.4999999999999999,0.4999999999999999,0.49999999999242223
168,0.23005604927877105,0.6686360856604056,0.5000114639393404,0.49998853579780933,0.37163335030849065,0.4999999999953435,0.4999999999999999,0.4999999999999999,0.5000000000046566
169,0.25669224749190284,0.6588695546749438,0.5000114639393404,0.49998853579780933,0.37824896840374084,0.5000000000047514,0.4999999999999999,0.4999999999999999,0.49999999999525174
170,0.4801303150848436,0.5191097033515958,0.5000114639393404,0.49998853579780933,0.5178647710640502,0.4999999999979829,0.4999999999999999,0.4999999999999999,0.5000000000020206
171,0.634222238306233,0.31266939798744875,0.5000114639393404,0.49998853579780933,0.6025157704756788,0.5000000000011239,0.4999999999999999,0.4999999999999999,0.4999999999988782
172,0.39223591063173474,0.5883459837630645,0.5000114639393404,0.49998853579780933,0.4740601437435746,0.5000000000024089,0.4999999999999999,0.4999999999999999,0.49999999999759337
173,0.16408730212212713,0.6878047377579486,0.5000114639393404,0.49998853579780933,0.3847284703146017,0.5000000000032726,0.4999999999999999,0.4999999999999999,0.4999999999967262
174,0.5277872877279973,0.4705747325481171,0.5000114639393404,0.49998853579780933,0.5431080627311864,0.5000000000017913,0.4999999999999999,0.4999999999999999,0.4999999999982166
175,0.6068027197455532,0.36302955707407736,0.5000114639393404,0.49998853579780933,0.5868469895601189,0.5000000000013249,0.4999999999999999,0.4999999999999999,0.4999999999986764
176,0.7023372014352982,0.0819905816544459,0.5000114639393404,0.49998853579780933,0.575134281687187,0.5000000000074065,0.4999999999999999,0.4999999999999999,0.4999999999925946
177,0.6425818608347206,0.29510770728140223,0.5000114639393404,0.49998853579780933,0.5422614135602375,0.49999999999335726,0.4999999999999999,0.4999999999999999,0.5000000000066409
178,0.16589580299255913,0.687370775163922,0.5000114639393404,0.49998853579780933,0.385456086488651,0.5000000000032525,0.4999999999999999,0.4999999999999999,0.4999999999967447
179,0.18918690849064665,0.6813283449672036,0.5000114639393404,0.49998853579780933,0.36315331361770997,0.5000000000045097,0.4999999999999999,0.4999999999999999,0.4999999999954876
180,0.6703473488642809,0.22502096059900276,0.5000114639393404,0.49998853579780933,0.6234302165154404,0.4999999999991991,0.4999999999999999,0.4999999999999999,0.5000000000008006
181,0.6791890004458087,0.19672900567384174,0.5000114639393404,0.49998853579780933,0.6286244755433892,0.4999999999993053,0.4999999999999999,0.4999999999999999,0.5000000000006901
182,0.6818585984439159,0.18726679291347761,0.5000114639393404,0.49998853579780933,0.6301905659480369,0.4999999999993424,0.4999999999999999,0.4999999999999999,0.5000000000006586
183,0.10174597405019582,0.6997483577241325,0.5000114639393404,0.49998853579780933,0.3689575602868541,0.5000000000034878,0.4999999999999999,0.4999999999999999,0.49999999999650896
184,0.6151862294859797,0.348634349330163,0.5000114639393404,0.49998853579780933,0.5277017954749925,0.49999999999104106,0.4999999999999999,0.4999999999999999,0.5000000000089616
185,0.6243607819649477,0.33192410871178785,0.5000114639393404,0.49998853579780933,0.5325372678527185,0.49999999999350503,0.4999999999999999,0.4999999999999999,0.5000000000064909
186,0.659329337624952,0.2555089519900286,0.5000114639393404,0.49998853579780933,0.61707106560502,0.49999999999910544,0.4999999999999999,0.4999999999999999,0.5000000000008956
187,0.65501752519343,0.2663682445215177,0.5000114639393404,0.49998853579780933,0.6145304454252775,0.5000000000009445,0.4999999999999999,0.4999999999999999,0.4999999999990565
188,0.6743027201132703,0.2128751952501218,0.5000114639393404,0.49998853579780933,0.6257737307326221,0.5000000000007461,0.4999999999999999,0.4999999999999999,0.4999999999992533
189,0.6160485522673882,0.34710831342572523,0.5000114639393404,0.49998853579780933,0.5280974687101404,0.4999999999935587,0.4999999999999999,0.4999999999999999,0.500000000006438
190,0.38933083241184446,0.5902723996886824,0.5000114639393404,0.49998853579780933,0.4220318347930249,0.5000000000052712,0.4999999999999999,0.4999999999999999,0.49999999999472355
191,0.5052540767451754,0.49469012314011523,0.5000114639393404,0.49998853579780933,0.4725581921622148,0.5000000000057881,0.4999999999999999,0.4999999999999999,0.499999999994214
192,0.3690703178557535,0.6031476605922065,0.5000114639393404,0.49998853579780933,0.4144041002742897,0.500000000005182,0.4999999999999999,0.4999999999999999,0.4999999999948167
193,0.7068140128487842,0.020345791881737674,0.5000114639393404,0.49998853579780933,0.57763931588901,0.5000000000076268,0.4999999999999999,0.4999999999999999,0.49999999999237027
194,0.6526371869909365,0.2721483091194245,0.5000114639393404,0.49998853579780933,0.6131223801731654,0.49999999999902983,0.4999999999999999,0.4999999999999999,0.5000000000009749
195,0.7067872458841521,0.021255330049012783,0.5000114639393404,0.49998853579780933,0.6449089507053709,0.49999999999992817,0.4999999999999999,0.4999999999999999,0.5000000000000693
196,0.37907588835314593,0.5969099405762476,0.5000114639393404,0.49998853579780933,0.4180885578946822,0.4999999999947706,0.4999999999999999,0.4999999999999999,0.5000000000052275
197,0.38961563841040175,0.5900844467583065,0.5000114639393404,0.49998853579780933,0.42221335942633303,0.4999999999947313,0.4999999999999999,0.4999999999999999,0.5000000000052705
198,0.705207174590337,0.051796147601085474,0.5000114639393404,0.49998853579780933,0.5767390736131447,0.4999999999924847,0.4999999999999999,0.4999999999999999,0.500000000007515
199,0.4754621786879805,0.5233886893884417,0.5000114639393404,0.49998853579780933,0.5154453379897969,0.4999999999979573,0.4999999999999999,0.4999999999999999,0.5000000000020454
200,0.6839629706015442,0.1794286901415434,0.5000114639393404,0.49998853579780933,0.5648898858319542,0.49999999999168127,0.4999999999999999,0.4999999999999999,0.5000000000083177
201,0.6089970481963857,0.3593363261459754,0.5000114639393404,0.49998853579780933,0.5881170377634196,0.4999999999986942,0.4999999999999999,0.4999999999999999,0.5000000000013036
202,0.41251050146236456,0.5743127076630545,0.5000114639393404,0.49998853579780933,0.4837533770374626,0.4999999999976717,0.4999999999999999,0.4999999999999999,0.500000000002329
203,0.569019707161784,0.41978157756328577,0.5000114639393404,0.49998853579780933,0.5656994260294481,0.49999999999844863,0.4999999999999999,0.4999999999999999,0.5000000000015549
204,0.15023791015457166,0.6909620614421493,0.5000114639393404,0.49998853579780933,0.35715485580204615,0.5000000000043695,0.4999999999999999,0.4999999999999999,0.49999999999562844
205,0.6867471171815545,0.16845890976401817,0.5000114639393404,0.49998853579780933,0.6330659811172771,0.4999999999994085,0.4999999999999999,0.4999999999999999,0.5000000000005923
206,0.5424026974455308,0.4536510925852757,0.5000114639393404,0.49998853579780933,0.5510647945594574,0.5000000000017045,0.4999999999999999,0.4999999999999999,0.49999999999829803
207,0.3271899272232128,0.626854650814222,0.5000114639393404,0.49998853579780933,0.3995307850102508,0.5000000000050104,0.4999999999999999,0.4999999999999999,0.4999999999949881
208,0.40602157214712753,0.5789183733059214,0.5000114639393404,0.49998853579780933,0.42872806915408157,0.5000000000053458,0.4999999999999999,0.4999999999999999,0.4999999999946536
209,0.5229215495287579,0.47597589543846003,0.5000114639393404,0.49998853579780933,0.48093814420687814,0.5000000000058846,0.4999999999999999,0.4999999999999999,0.49999999999411654
210,0.2943161357791275,0.642944802447741,0.5000114639393404,0.49998853579780933,0.43067407181066164,0.4999999999972063,0.4999999999999999,0.4999999999999999,0.5000000000027922
211,0.06714088876287057,0.7039119980907632,0.5000114639393404,0.49998853579780933,0.3511721227798223,0.4999999999959168,0.4999999999999999,0.4999999999999999,0.5000000000040822
212,0.5851246655900315,0.3970253464429597,0.5000114639393404,0.49998853579780933,0.5746737088904444,0.5000000000014573,0.4999999999999999,0.4999999999999999,0.4999999999985413
213,0.6640495552928182,0.2429777523054528,0.5000114639393404,0.49998853579780933,0.5539070332339944,0.4999999999931579,0.4999999999999999,0.4999999999999999,0.5000000000068419
214,0.5928123748984987,0.3854523163339379,0.5000114639393404,0.49998853579780933,0.5159500785372011,0.49999999999089895,0.4999999999999999,0.4999999999999999,0.5000000000090975
215,0.15583325253397098,0.6897216811183196,0.5000114639393404,0.49998853579780933,0.3577008928546207,0.5000000000043979,0.4999999999999999,0.4999999999999999,0.4999999999955995
216,0.20786139405607582,0.6758651055211111,0.5000114639393404,0.49998853579780933,0.36682565310160026,0.49999999999542577,0.4999999999999999,0.4999999999999999,0.5000000000045722
217,0.654875486664469,0.2667172603450646,0.5000114639393404,0.49998853579780933,0.5489226959383121,0.5000000000067484,0.4999999999999999,0.4999999999999999,0.4999999999932539
218,0.32147395625009084,0.6298051249814594,0.5000114639393404,0.49998853579780933,0.3975095020052234,0.4999999999950026,0.4999999999999999,0.4999999999999999,0.5000000000049944
219,0.7060414421459268,0.03880054087902279,0.5000114639393404,0.49998853579780933,0.5772071971076214,0.5000000000075628,0.4999999999999999,0.4999999999999999,0.49999999999244216
220,0.5097667152671377,0.490038667867906,0.5000114639393404,0.49998853579780933,0.533515447598409,0.500000000001867,0.4999999999999999,0.4999999999999999,0.49999999999813216
221,0.06896064678279995,0.7037360507997946,0.5000114639393404,0.49998853579780933,0.3513686315002621,0.5000000000040723,0.4999999999999999,0.4999999999999999,0.49999999999592104
222,0.5546398906285853,0.4386052867528961,0.5000114639393404,0.49998853579780933,0.4964809258334387,0.5000000000093223,0.4999999999999999,0.4999999999999999,0.49999999999067635
223,0.593117103300377,0.3849832486908688,0.5000114639393404,0.49998853579780933,0.5161164190018493,0.5000000000062872,0.4999999999999999,0.4999999999999999,0.49999999999371847
224,0.269547229991132,0.6537157568883519,0.5000114639393404,0.49998853579780933,0.42075520902187663,0.5000000000028881,0.4999999999999999,0.4999999999999999,0.49999999999711503
225,0.6559267834762189,0.26412128789352884,0.5000114639393404,0.49998853579780933,0.5495459550441057,0.5000000000086345,0.4999999999999999,0.4999999999999999,0.49999999999136047
226,0.628525653308838,0.32396837012195523,0.5000114639393404,0.49998853579780933,0.5992222112796004,0.49999999999882627,0.4999999999999999,0.4999999999999999,0.500000000001171
227,0.7070563739106046,0.008442991909774634,0.5000114639393404,0.49998853579780933,0.6450671532953638,0.5000000000000344,0.4999999999999999,0.4999999999999999,0.4999999999999669
228,0.5715708242130794,0.41630132465364533,0.5000114639393404,0.49998853579780933,0.5670681760923139,0.5000000000015455,0.4999999999999999,0.4999999999999999,0.49999999999845324
229,0.5566400185357555,0.4360640890563175,0.5000114639393404,0.49998853579780933,0.5589136268352715,0.5000000000137668,0.4999999999999999,0.4999999999999999,0.4999999999862356
230,0.16415417508895616,0.6877887859277019,0.5000114639393404,0.49998853579780933,0.38461485839166026,0.49999999999672207,0.4999999999999999,0.4999999999999999,0.5000000000032835
231,0.22422098826931514,0.670615355837913,0.5000114639393404,0.49998853579780933,0.370305820927091,0.5000000000107488,0.4999999999999999,0.4999999999999999,0.4999999999892495
232,0.3454687306181221,0.616969493707033,0.5000114639393404,0.49998853579780933,0.4057609566519845,0.49999999999491695,0.4999999999999999,0.4999999999999999,0.5000000000050925
233,0.4445093507829897,0.5499194853597568,0.5000114639393404,0.49998853579780933,0.4448815463919807,0.49999999999448574,0.4999999999999999,0.4999999999999999,0.5000000000055165
234,0.3154363755148779,0.6328506087553629,0.5000114639393404,0.49998853579780933,0.43944462871973233,0.4999999999873288,0.4999999999999999,0.4999999999999999,0.5000000000126679
235,0.6952229274906495,0.12909333219300081,0.5000114639393404,0.49998853579780933,0.6380683580222059,0.5000000000004456,0.4999999999999999,0.4999999999999999,0.49999999999955214
236,0.6969552698756933,0.11938740215158365,0.5000114639393404,0.49998853579780933,0.5721061494736551,0.5000000000072885,0.4999999999999999,0.4999999999999999,0.4999999999927162
237,0.7057134101112212,0.04436879787740867,0.5000114639393404,0.49998853579780933,0.5770235676486076,0.500000000007842,0.4999999999999999,0.4999999999999999,0.49999999999215433
238,0.6668935075102982,0.23505967251022017,0.5000114639393404,0.49998853579780933,0.5554848902927828,0.4999999999931364,0.4999999999999999,0.4999999999999999,0.5000000000068638
239,0.625647383630559,0.3294925664658334,0.5000114639393404,0.49998853579780933,0.5976217525279724,0.4999999999988189,0.4999999999999999,0.4999999999999999,0.5000000000011868
240,0.6564251564082607,0.2628802301797113,0.5000114639393404,0.49998853579780933,0.6153522271468244,0.4999999999990677,0.4999999999999999,0.4999999999999999,0.5000000000009334
241,0.20600072526398064,0.6764345511268068,0.5000114639393404,0.49998853579780933,0.3977987201685323,0.5000000000031168,0.4999999999999999,0.4999999999999999,0.49999999999688155
242,0.11978551512637814,0.6968869566622025,0.5000114639393404,0.49998853579780933,0.3538789441102642,0.4999999999957388,0.4999999999999999,0.4999999999999999,0.5000000000042596
243,0.6342223332026917,0.3126692054982977,0.5000114639393404,0.49998853579780933,0.602515417021689,0.5000000000011238,0.4999999999999999,0.4999999999999999,0.4999999999988793
244,0.6841015743678684,0.17889953369303063,0.5000114639393404,0.49998853579780933,0.6314978009088107,0.500000000000631,0.4999999999999999,0.4999999999999999,0.4999999999993679
245,0.6975017204588289,0.11615227056315412,0.5000114639393404,0.49998853579780933,0.5724387502250738,0.5000000000072816,0.4999999999999999,0.4999999999999999,0.4999999999927209
246,0.629920285499947,0.32124824344370245,0.5000114639393404,0.49998853579780933,0.6000296871695548,0.5000000000011563,0.4999999999999999,0.4999999999999999,0.499999999998843
247,0.44411845905996405,0.5502352172682182,0.5000114639393404,0.49998853579780933,0.4447556767485773,0.500000000005508,0.4999999999999999,0.4999999999999999,0.4999999999944924
248,0.6880457147073198,0.163073893994286,0.5000114639393404,0.49998853579780933,0.633835238962834,0.5000000000005703,0.4999999999999999,0.4999999999999999,0.4999999999994303
249,0.2359772576804462,0.666569377286941,0.5000114639393404,0.49998853579780933,0.3730069648578224,0.5000000000046778,0.4999999999999999,0.4999999999999999,0.4999999999953225
250,0.027654993752607854,0.7065657798963556,0.5000114639393404,0.49998853579780933,0.3518149547433086,0.49999999999605793,0.4999999999999999,0.4999999999999999,0.5000000000039443
251,0.6859006244998547,0.17187301507424313,0.5000114639393404,0.49998853579780933,0.6325773184847804,0.4999999999994021,0.4999999999999999,0.4999999999999999,0.5000000000005997
252,0.6035471256762669,0.3684167030522858,0.5000114639393404,0.49998853579780933,0.5850235774035834,0.49999999999865474,0.4999999999999999,0.4999999999999999,0.500000000001345
253,0.6872549221518578,0.16637511730338403,0.5000114639393404,0.49998853579780933,0.566715602698551,0.5000000000082706,0.4999999999999999,0.4999999999999999,0.49999999999173145
254,0.424915465710919,0.5651962906810977,0.5000114639393404,0.49998853579780933,0.4899447406483428,0.4999999999977361,0.4999999999999999,0.4999999999999999,0.5000000000022631
255,0.2735680881737519,0.6520433276500546,0.5000114639393404,0.49998853579780933,0.4222898286180538,0.4999999999971258,0.4999999999999999,0.4999999999999999,0.5000000000028725
256,0.6036964703430732,0.3681719322481284,0.5000114639393404,0.49998853579780933,0.5851252540896078,0.5000000000013407,0.4999999999999999,0.4999999999999999,0.4999999999986649
257,0.6221765603180078,0.3360005001733152,0.5000114639393404,0.49998853579780933,0.5956193482261384,0.49999999999878636,0.4999999999999999,0.4999999999999999,0.5000000000012139
258,0.6410115639232679,0.29850322429857756,0.5000114639393404,0.49998853579780933,0.6064428562339119,0.4999999999989357,0.4999999999999999,0.4999999999999999,0.5000000000010651
259,0.6987353531287155,0.1084845900950345,0.5000114639393404,0.49998853579780933,0.5731313998073201,0.5000000000080765,0.4999999999999999,0.4999999999999999,0.499999999991922
260,0.6205241507006721,0.339042443356598,0.5000114639393404,0.49998853579780933,0.5304895957671407,0.4999999999935345,0.4999999999999999,0.4999999999999999,0.5000000000064682
261,0.5340018848912348,0.4635105035839106,0.5000114639393404,0.49998853579780933,0.5465106325335974,0.5000000000017498,0.4999999999999999,0.4999999999999999,0.49999999999825234
262,0.15527843207715775,0.6898468007693113,0.5000114639393404,0.49998853579780933,0.3821750406101129,0.49999999999668954,0.4999999999999999,0.4999999999999999,0.500000000003305
263,0.4418733356881961,0.5520398130640477,0.5000114639393404,0.49998853579780933,0.49833491208880015,0.4999999999978066,0.4999999999999999,0.4999999999999999,0.5000000000021955
264,0.4810404066639068,0.5182664634689577,0.5000114639393404,0.49998853579780933,0.5183505294145633,0.4999999999979836,0.4999999999999999,0.4999999999999999,0.5000000000020137
265,0.06882581328506378,0.7037492504552341,0.5000114639393404,0.49998853579780933,0.35120789889159576,0.49999999999591427,0.4999999999999999,0.4999999999999999,0.5000000000040905
266,0.45618787675540823,0.5402708775247786,0.5000114639393404,0.49998853579780933,0.5055324796804077,0.4999999999978671,0.4999999999999999,0.4999999999999999,0.5000000000021351
267,0.31151684931224216,0.6347891402620036,0.5000114639393404,0.49998853579780933,0.4378685794503086,0.4999999999873385,0.4999999999999999,0.4999999999999999,0.5000000000126616
268,0.3794846726684017,0.5966501346767268,0.5000114639393404,0.49998853579780933,0.46803311856346136,0.4999999999975352,0.4999999999999999,0.4999999999999999,0.5000000000024651
269,0.5537869250157655,0.439681750453192,0.5000114639393404,0.49998853579780933,0.5572769007269801,0.5000000000016451,0.4999999999999999,0.4999999999999999,0.49999999999835526
270,0.698670153657517,0.108903736161184,0.5000114639393404,0.49998853579780933,0.6401013592395629,0.49999999999962114,0.4999999999999999,0.4999999999999999,0.5000000000003759
271,0.06760336061791106,0.7038677383213487,0.5000114639393404,0.49998853579780933,0.351238518999389,0.5000000000040747,0.4999999999999999,0.4999999999999999,0.4999999999959196
272,0.522448511967936,0.4764950743634752,0.5000114639393404,0.49998853579780933,0.5402752063651645,0.4999999999828075,0.4999999999999999,0.4999999999999999,0.500000000017192
273,0.6724511059646486,0.21865386093428288,0.5000114639393404,0.49998853579780933,0.6246910182659421,0.5000000000007662,0.4999999999999999,0.4999999999999999,0.49999999999923267
274,0.4637801037571023,0.5337677541394285,0.5000114639393404,0.49998853579780933,0.45340024013738206,0.5000000000097846,0.4999999999999999,0.4999999999999999,0.4999999999902135
275,0.6823503446416999,0.1854669975153288,0.5000114639393404,0.49998853579780933,0.6304958424126074,0.4999999999993535,0.4999999999999999,0.4999999999999999,0.5000000000006442
276,0.2833753035978899,0.647841372665343,0.5000114639393404,0.49998853579780933,0.42604790181060864,0.49999999999715106,0.4999999999999999,0.4999999999999999,0.5000000000028433
277,0.6861445806965254,0.17089650195596534,0.5000114639393404,0.49998853579780933,0.5661112769943436,0.49999999999290934,0.4999999999999999,0.4999999999999999,0.5000000000070868
278,0.6884692617067303,0.16127639531247978,0.5000114639393404,0.49998853579780933,0.5673861104018153,0.49999999999174916,0.4999999999999999,0.4999999999999999,0.5000000000082485
279,0.35793421535140413,0.6098221851333188,0.5000114639393404,0.49998853579780933,0.4581048032072241,0.4999999999974508,0.4999999999999999,0.4999999999999999,0.5000000000025503
280,0.07470645294613626,0.703149305544851,0.5000114639393404,0.49998853579780933,0.3514206845450316,0.49999999998872047,0.4999999999999999,0.4999999999999999,0.5000000000112793
281,0.17030626044686775,0.6862913265398684,0.5000114639393404,0.49998853579780933,0.3599276465889874,0.5000000000044409,0.4999999999999999,0.4999999999999999,0.4999999999955537
282,0.5968063252253462,0.37923898820007657,0.5000114639393404,0.49998853579780933,0.5811904683799533,0.5000000000013942,0.4999999999999999,0.4999999999999999,0.4999999999986054
283,0.09352858394743432,0.7008940033876659,0.5000114639393404,0.49998853579780933,0.3521014290096284,0.49999999999583083,0.4999999999999999,0.4999999999999999,0.500000000004171
284,0.7035865852138734,0.0704693161636274,0.5000114639393404,0.49998853579780933,0.5758234665553368,0.5000000000074558,0.4999999999999999,0.4999999999999999,0.49999999999254346
285,0.6941589063248832,0.13469748613036786,0.5000114639393404,0.49998853579780933,0.5705507113673524,0.5000000000081523,0.4999999999999999,0.4999999999999999,0.49999999999184647
286,0.4702196464245467,0.5281036679633749,0.5000114639393404,0.49998853579780933,0.4562378574841312,0.49999999999436695,0.4999999999999999,0.4999999999999999,0.5000000000056296
287,0.259473619053254,0.6577791734430386,0.5000114639393404,0.49998853579780933,0.4168637498370326,0.5000000000029267,0.4999999999999999,0.4999999999999999,0.4999999999970738
288,0.5718052928308629,0.4159792147338771,0.5000114639393404,0.49998853579780933,0.5672762614052886,0.5000000000015363,0.4999999999999999,0.4999999999999999,0.4999999999984658
289,0.1001058185175669,0.6999848749072546,0.5000114639393404,0.49998853579780933,0.35244824104528777,0.5000000000041889,0.4999999999999999,0.4999999999999999,0.4999999999958082
290,0.4245528714483259,0.5654687076620444,0.5000114639393404,0.49998853579780933,0.4897294536320918,0.5000000000022681,0.4999999999999999,0.4999999999999999,0.4999999999977334
291,0.049779742445803486,0.705352383333411,0.5000114639393404,0.49998853579780933,0.3513017971709489,0.49999999999598577,0.4999999999999999,0.4999999999999999,0.5000000000040131
292,0.553206377361895,0.44041197082518696,0.5000114639393404,0.49998853579780933,0.5570096699597719,0.49999999999835765,0.4999999999999999,0.4999999999999999,0.5000000000016394
293,0.6851536427391668,0.17482701822595154,0.5000114639393404,0.49998853579780933,0.6321394028154115,0.5000000000006107,0.4999999999999999,0.4999999999999999,0.49999999999939093
294,0.31454160984949187,0.6332958042441806,0.5000114639393404,0.49998853579780933,0.3951143392357161,0.4999999999895956,0.4999999999999999,0.4999999999999999,0.5000000000103981
295,0.4721028892528089,0.5264208031215599,0.5000114639393404,0.49998853579780933,0.5137484354453515,0.5000000000020537,0.4999999999999999,0.4999999999999999,0.49999999999794464
296,0.3538659777914083,0.6121918569874388,0.5000114639393404,0.49998853579780933,0.4562580677670874,0.500000000002563,0.4999999999999999,0.4999999999999999,0.4999999999974354
297,0.6880652302960983,0.16299153001789893,0.5000114639393404,0.49998853579780933,0.6338573112893207,0.5000000000005612,0.4999999999999999,0.4999999999999999,0.49999999999943756
298,0.6654565963801383,0.23909729888512854,0.5000114639393404,0.49998853579780933,0.6206127787458325,0.49999999999915945,0.4999999999999999,0.4999999999999999,0.5000000000008437
299,0.07591080952965876,0.703020304825224,0.5000114639393404,0.49998853579780933,0.3635478305928746,0.5000000000035921,0.4999999999999999,0.4999999999999999,0.4999999999964071
300,0.7033568795901208,0.07272619839681595,0.5000114639393404,0.49998853579780933,0.6428763247280023,0.49999999999975026,0.4999999999999999,0.4999999999999999,0.5000000000002547
301,0.3919144199981715,0.5885601816275857,0.5000114639393404,0.49998853579780933,0.42314400046310363,0.49999999999472255,0.4999999999999999,0.4999999999999999,0.5000000000052776
302,0.6576364554646004,0.25983513883477627,0.5000114639393404,0.49998853579780933,0.6160405571835944,0.5000000000009257,0.4999999999999999,0.4999999999999999,0.4999999999990793
303,0.666852203860334,0.2351768232769057,0.5000114639393404,0.49998853579780933,0.621398156771132,0.4999999999991648,0.4999999999999999,0.4999999999999999,0.5000000000008368
304,0.6713685059026573,0.22195569215956204,0.5000114639393404,0.49998853579780933,0.6240515016443252,0.5000000000007809,0.4999999999999999,0.4999999999999999,0.49999999999921585
305,0.28350858080003777,0.647783053662837,0.5000114639393404,0.49998853579780933,0.426241450758907,0.49999999999716455,0.4999999999999999,0.4999999999999999,0.5000000000028371
306,0.032772096350416516,0.7063469329591487,0.5000114639393404,0.49998853579780933,0.3514716843939533,0.499999999988579,0.4999999999999999,0.4999999999999999,0.5000000000114183
307,0.15159984861591105,0.6906645248596697,0.5000114639393404,0.49998853579780933,0.357443384279161,0.5000000000043667,0.4999999999999999,0.4999999999999999,0.49999999999563377
308,0.4030339216463992,0.5810022927013054,0.5000114639393404,0.49998853579780933,0.4275582073897346,0.5000000000053254,0.4999999999999999,0.4999999999999999,0.49999999999467015
309,0.7035910828415555,0.07042434341791376,0.5000114639393404,0.49998853579780933,0.5758358994605037,0.49999999999206074,0.4999999999999999,0.4999999999999999,0.5000000000079362
310,0.45751400471743353,0.5391483427475338,0.5000114639393404,0.49998853579780933,0.506171992658012,0.5000000000021292,0.4999999999999999,0.4999999999999999,0.4999999999978668
311,0.6396027311288327,0.30151010983469845,0.5000114639393404,0.49998853579780933,0.6055933744120483,0.49999999999891365,0.4999999999999999,0.4999999999999999,0.5000000000010804
312,0.707031276374155,0.01033316160395111,0.5000114639393404,0.49998853579780933,0.6450509274575094,0.5000000000000471,0.4999999999999999,0.4999999999999999,0.49999999999995315
313,0.6474872992718717,0.2841833867093897,0.5000114639393404,0.49998853579780933,0.5449501091877192,0.4999999999912927,0.4999999999999999,0.4999999999999999,0.5000000000087084
314,0.09781857621846356,0.7003081651291758,0.5000114639393404,0.49998853579780933,0.36800817599428287,0.4999999999964897,0.4999999999999999,0.4999999999999999,0.5000000000035109
315,0.3811411609168053,0.595593332983766,0.5000114639393404,0.49998853579780933,0.46879012650747304,0.5000000000024563,0.4999999999999999,0.4999999999999999,0.49999999999754235
316,0.2627633257325078,0.6564719602922808,0.5000114639393404,0.49998853579780933,0.4181413390254232,0.5000000000029107,0.4999999999999999,0.4999999999999999,0.49999999999708755
317,0.6648616877059186,0.24074662244949444,0.5000114639393404,0.49998853579780933,0.5543930903870523,0.49999999999145534,0.4999999999999999,0.4999999999999999,0.5000000000085467
318,0.6442883326839586,0.29136325157322,0.5000114639393404,0.49998853579780933,0.6083018681741759,0.5000000000143356,0.4999999999999999,0.4999999999999999,0.4999999999856593
319,0.2368869767060767,0.6662466212049823,0.5000114639393404,0.49998853579780933,0.37313493455842905,0.500000000010698,0.4999999999999999,0.4999999999999999,0.4999999999893027
320,0.24492461476556748,0.6633339529090454,0.5000114639393404,0.49998853579780933,0.3751564580457122,0.4999999999952913,0.4999999999999999,0.4999999999999999,0.5000000000047101
321,0.5906070181951637,0.3888230318006,0.5000114639393404,0.49998853579780933,0.514818785632277,0.5000000000062648,0.4999999999999999,0.4999999999999999,0.4999999999937282
322,0.24496753238318458,0.6633181047416856,0.5000114639393404,0.49998853579780933,0.37513945293343753,0.5000000000047196,0.4999999999999999,0.4999999999999999,0.49999999999528894
323,0.6858782602335741,0.1719622614583377,0.5000114639393404,0.49998853579780933,0.63255701686242,0.4999999999993994,0.4999999999999999,0.4999999999999999,0.5000000000005992
324,0.32991543227765446,0.6254245018745668,0.5000114639393404,0.49998853579780933,0.4456101913961996,0.4999999999973379,0.4999999999999999,0.4999999999999999,0.5000000000026639
325,0.6072651313192182,0.3622555179481129,0.5000114639393404,0.49998853579780933,0.5235723467367833,0.4999999999936375,0.4999999999999999,0.4999999999999999,0.5000000000063657
326,0.5557138151849891,0.43724382084858204,0.5000114639393404,0.49998853579780933,0.5583631512685285,0.4999999999983706,0.4999999999999999,0.4999999999999999,0.5000000000016324
327,0.6952726752429049,0.1288251026026064,0.5000114639393404,0.49998853579780933,0.6381011047513155,0.5000000000004448,0.4999999999999999,0.4999999999999999,0.4999999999995534
328,0.6902233047654585,0.153596189922305,0.5000114639393404,0.49998853579780933,0.5683781790112887,0.49999999999177047,0.4999999999999999,0.4999999999999999,0.5000000000082294
329,0.2239284874557893,0.670713082899738,0.5000114639393404,0.49998853579780933,0.3701561640531863,0.4999999999953604,0.4999999999999999,0.4999999999999999,0.5000000000046376
330,0.6934215490658431,0.1384433288068665,0.5000114639393404,0.49998853579780933,0.5701639319489218,0.500000000007205,0.4999999999999999,0.4999999999999999,0.49999999999279476
331,0.7056778767024154,0.04493032753912344,0.5000114639393404,0.49998853579780933,0.5770075565407884,0.49999999999246963,0.4999999999999999,0.4999999999999999,0.5000000000075329
332,0.7066263168218309,0.026062393881083862,0.5000114639393404,0.49998853579780933,0.5775345851960559,0.5000000000076074,0.4999999999999999,0.4999999999999999,0.49999999999239203
333,0.679402489938956,0.1959904504427325,0.5000114639393404,0.49998853579780933,0.5624080979995075,0.5000000000083897,0.4999999999999999,0.4999999999999999,0.49999999999160877
334,0.6970442089305204,0.11886702989653587,0.5000114639393404,0.49998853579780933,0.5721599848725417,0.5000000000080982,0.4999999999999999,0.4999999999999999,0.499999999991901
335,0.568109573271062,0.42101248527540275,0.5000114639393404,0.49998853579780933,0.5651717827208325,0.5000000000015631,0.4999999999999999,0.4999999999999999,0.4999999999984366
336,0.24277739833913756,0.6641228311507487,0.5000114639393404,0.49998853579780933,0.37464328849456185,0.5000000000047088,0.4999999999999999,0.4999999999999999,0.4999999999952976
337,0.6555496202738871,0.2650560230569452,0.5000114639393404,0.49998853579780933,0.5493476242014957,0.5000000000067416,0.4999999999999999,0.4999999999999999,0.49999999999326
338,0.43284806016856286,0.5591444894061609,0.5000114639393404,0.49998853579780933,0.49383838664455354,0.5000000000022268,0.4999999999999999,0.4999999999999999,0.49999999999776823
339,0.671977219101061,0.22010592411191868,0.5000114639393404,0.49998853579780933,0.62439453087883,0.4999999999992192,0.4999999999999999,0.4999999999999999,0.5000000000007796
340,0.1745362199505045,0.6852277781332197,0.5000114639393404,0.49998853579780933,0.3606009887353591,0.500000000004459,0.4999999999999999,0.4999999999999999,0.49999999999554096
341,0.2524061020242206,0.6605233982690839,0.5000114639393404,0.49998853579780933,0.3771647478112889,0.49999999999526534,0.4999999999999999,0.4999999999999999,0.5000000000047349
342,0.6440234208177136,0.2919483403587882,0.5000114639393404,0.49998853579780933,0.6081403291687824,0.49999999999895284,0.4999999999999999,0.4999999999999999,0.5000000000010479
343,0.0930744216694794,0.7009544578864547,0.5000114639393404,0.49998853579780933,0.35185192523415787,0.5000000000112067,0.4999999999999999,0.4999999999999999,0.4999999999887952
344,0.31856474597259965,0.6312816349486281,0.5000114639393404,0.49998853579780933,0.4407947104863919,0.5000000000027011,0.4999999999999999,0.4999999999999999,0.4999999999972991
345,0.23187730695373435,0.6680066731580547,0.5000114639393404,0.49998853579780933,0.40658090349965925,0.4999999999969662,0.4999999999999999,0.4999999999999999,0.5000000000030321
346,0.36043258791756727,0.6083488715918214,0.5000114639393404,0.49998853579780933,0.41107132481135916,0.4999999999948449,0.4999999999999999,0.4999999999999999,0.5000000000051525
347,0.7045218993385401,0.06040613193839651,0.5000114639393404,0.49998853579780933,0.5763611586574613,0.49999999999252204,0.4999999999999999,0.4999999999999999,0.5000000000074768
348,0.37246410290089427,0.6010578109052693,0.5000114639393404,0.49998853579780933,0.415549784936967,0.5000000000052083,0.4999999999999999,0.4999999999999999,0.49999999999479433
349,0.000439777308229736,0.7071066444291991,0.5000114639393404,0.49998853579780933,0.35435818619027554,0.5000000000038137,0.4999999999999999,0.4999999999999999,0.4999999999961892
350,0.48872683819946056,0.5110245372030188,0.5000114639393404,0.49998853579780933,0.4648007793781129,0.5000000000057113,0.4999999999999999,0.4999999999999999,0.49999999999429007
351,0.6779181477758106,0.20106462870482703,0.5000114639393404,0.49998853579780933,0.561550277559988,0.500000000006983,0.4999999999999999,0.4999999999999999,0.49999999999301287
352,0.42028073112990494,0.5686511294642006,0.5000114639393404,0.49998853579780933,0.4875733827102377,0.50000000000229,0.4999999999999999,0.4999999999999999,0.4999999999977087
353,0.7042898390485821,0.0630541244719241,0.5000114639393404,0.49998853579780933,0.6434256546268369,0.4999999999997795,0.4999999999999999,0.4999999999999999,0.5000000000002193
354,0.053052249783493065,0.7051137913790316,0.5000114639393404,0.49998853579780933,0.35113534102138744,0.5000000000040328,0.4999999999999999,0.4999999999999999,0.49999999999597006
355,0.6665207178277467,0.2361146600835859,0.5000114639393404,0.49998853579780933,0.5552886748262246,0.5000000000068597,0.4999999999999999,0.4999999999999999,0.4999999999931425
356,0.24565014709303346,0.6630656115598013,0.5000114639393404,0.49998853579780933,0.37536483815067506,0.5000000000106722,0.4999999999999999,0.4999999999999999,0.49999999998933015
357,0.11482660366969259,0.6977211896175799,0.5000114639393404,0.49998853579780933,0.3719575346038641,0.5000000000034408,0.4999999999999999,0.4999999999999999,0.49999999999655975
358,0.2182106955016411,0.6725950486404311,0.5000114639393404,0.49998853579780933,0.3689177651482652,0.49999999998923095,0.4999999999999999,0.4999999999999999,0.5000000000107627
359,0.636683698946277,0.3076261840558565,0.5000114639393404,0.49998853579780933,0.6039246594037166,0.49999999999889483,0.4999999999999999,0.4999999999999999,0.5000000000011022
360,0.430249374132076,0.5611465727053501,0.5000114639393404,0.49998853579780933,0.49253701393941884,0.4999999999868626,0.4999999999999999,0.4999999999999999,0.5000000000131414
361,0.7007844733009949,0.09434575761660913,0.5000114639393404,0.49998853579780933,0.6413521278553429,0.5000000000003318,0.4999999999999999,0.4999999999999999,0.49999999999967315
362,0.39333600025309834,0.5876110881398485,0.5000114639393404,0.49998853579780933,0.4746244452151664,0.5000000000024023,0.4999999999999999,0.4999999999999999,0.4999999999976001
363,0.6956316395032222,0.12687249288845376,0.5000114639393404,0.49998853579780933,0.6383013723143064,0.500000000000445,0.4999999999999999,0.4999999999999999,0.49999999999955635
364,0.7012754937839653,0.09062384795432989,0.5000114639393404,0.49998853579780933,0.6416437695549209,0.4999999999996859,0.4999999999999999,0.4999999999999999,0.500000000000308
365,0.6287449113369986,0.3235426346987771,0.5000114639393404,0.49998853579780933,0.5348655870060834,0.5000000000088514,0.4999999999999999,0.4999999999999999,0.4999999999911454
366,0.20069430758603976,0.6780278717741369,0.5000114639393404,0.49998853579780933,0.3653465597480972,0.49999999999545086,0.4999999999999999,0.4999999999999999,0.5000000000045548
367,0.6852478877607329,0.17445725069327636,0.5000114639393404,0.49998853579780933,0.632174951114298,0.5000000000006144,0.4999999999999999,0.4999999999999999,0.4999999999993883
368,0.0901534224108681,0.7013361251408717,0.5000114639393404,0.49998853579780933,0.35197272316637634,0.49999999999584727,0.4999999999999999,0.4999999999999999,0.5000000000041578
369,0.6605423031657471,0.2523566241026569,0.5000114639393404,0.49998853579780933,0.6177336898107963,0.5000000000008963,0.4999999999999999,0.4999999999999999,0.4999999999991034
370,0.5928508914987533,0.38539307265327877,0.5000114639393404,0.49998853579780933,0.5790069765447491,0.49999999999859196,0.4999999999999999,0.4999999999999999,0.5000000000014101
371,0.6498241624423206,0.27879841804812083,0.5000114639393404,0.49998853579780933,0.6115185491426794,0.50000000000099,0.4999999999999999,0.4999999999999999,0.4999999999990084
372,0.41874785842329426,0.5697808623198082,0.5000114639393404,0.49998853579780933,0.4868478966091577,0.4999999999977025,0.4999999999999999,0.4999999999999999,0.5000000000022972
373,0.7069735395542049,0.013726411409989939,0.5000114639393404,0.49998853579780933,0.5777349313793977,0.5000000000077488,0.4999999999999999,0.4999999999999999,0.4999999999922487
374,0.683752145287733,0.18023041867127731,0.5000114639393404,0.49998853579780933,0.6313080289918529,0.49999999999936934,0.4999999999999999,0.4999999999999999,0.5000000000006318
375,0.23439705280075476,0.6671266914998344,0.5000114639393404,0.49998853579780933,0.40755199275356496,0.49999999999697786,0.4999999999999999,0.4999999999999999,0.5000000000030204
376,0.6940218841168907,0.1354017417891829,0.5000114639393404,0.49998853579780933,0.6373589224696058,0.4999999999995261,0.4999999999999999,0.4999999999999999,0.5000000000004686
377,0.6820875380994608,0.18643119473255618,0.5000114639393404,0.49998853579780933,0.6303179971588015,0.49999999999934036,0.4999999999999999,0.4999999999999999,0.5000000000006515
378,0.5590722398812799,0.43294137085075207,0.5000114639393404,0.49998853579780933,0.5602154586497223,0.50000000000161,0.4999999999999999,0.4999999999999999,0.49999999999838995
379,0.11441479138621814,0.6977888383060058,0.5000114639393404,0.49998853579780933,0.37187254744153625,0.500000000003438,0.4999999999999999,0.4999999999999999,0.499999999996559
380,0.551992311414126,0.4419326774887152,0.5000114639393404,0.49998853579780933,0.4952702038573571,0.5000000000093504,0.4999999999999999,0.4999999999999999,0.49999999999064887
381,0.544500801048155,0.45113066583632055,0.5000114639393404,0.49998853579780933,0.4914731435739941,0.5000000000093865,0.4999999999999999,0.4999999999999999,0.4999999999906181
382,0.6993036549314495,0.1047587619224029,0.5000114639393404,0.49998853579780933,0.6404732122400711,0.49999999999963496,0.4999999999999999,0.4999999999999999,0.5000000000003637
383,0.23335228127339577,0.6674928560100863,0.5000114639393404,0.49998853579780933,0.3723304954898476,0.49999999999533123,0.4999999999999999,0.4999999999999999,0.5000000000046687
384,0.34336934988884193,0.6181403530510531,0.5000114639393404,0.49998853579780933,0.4049101475470207,0.5000000000050863,0.4999999999999999,0.4999999999999999,0.49999999999491346
385,0.417635650188552,0.5705965857693048,0.5000114639393404,0.49998853579780933,0.43349191135004234,0.5000000000053954,0.4999999999999999,0.4999999999999999,0.499999999994607
386,0.36382045763811194,0.6063288502157894,0.5000114639393404,0.49998853579780933,0.4123164931311184,0.5000000000051763,0.4999999999999999,0.4999999999999999,0.4999999999948303
387,0.6909224651672783,0.15041990401340613,0.5000114639393404,0.49998853579780933,0.635516099066224,0.4999999999994679,0.4999999999999999,0.4999999999999999,0.5000000000005307
388,0.5097747718624063,0.4900302867911672,0.5000114639393404,0.49998853579780933,0.474628672674753,0.49999999999418454,0.4999999999999999,0.4999999999999999,0.5000000000058176
389,0.7039124306909403,0.06713635318343796,0.5000114639393404,0.49998853579780933,0.6431986395309428,0.49999999999976175,0.4999999999999999,0.4999999999999999,0.5000000000002376
390,0.6424071038302183,0.29548792352390085,0.5000114639393404,0.49998853579780933,0.6072144027766745,0.5000000000010568,0.4999999999999999,0.4999999999999999,0.4999999999989389
391,0.41310170596417034,0.5738876026971569,0.5000114639393404,0.49998853579780933,0.48409655793698775,0.5000000000023198,0.4999999999999999,0.4999999999999999,0.499999999997678
392,0.5207276872783272,0.4783750366624179,0.5000114639393404,0.49998853579780933,0.5393421501789476,0.5000000000018223,0.4999999999999999,0.4999999999999999,0.49999999999818284
393,0.06813497986862495,0.7038164708274737,0.5000114639393404,0.49998853579780933,0.3624186398196489,0.4999999999963955,0.4999999999999999,0.4999999999999999,0.5000000000036029
394,0.49205884636265673,0.5078169900489501,0.5000114639393404,0.49998853579780933,0.524007210627416,0.5000000000019755,0.4999999999999999,0.4999999999999999,0.49999999999802475
395,0.430040309569242,0.5613068074997791,0.5000114639393404,0.49998853579780933,0.4387700673801588,0.4999999999945626,0.4999999999999999,0.4999999999999999,0.5000000000054411
396,0.6753270778894191,0.20960280978397866,0.5000114639393404,0.49998853579780933,0.6263543397354894,0.4999999999992604,0.4999999999999999,0.4999999999999999,0.5000000000007401
397,0.07828461530789929,0.7027599351207141,0.5000114639393404,0.49998853579780933,0.36426197360299384,0.5000000000035691,0.4999999999999999,0.4999999999999999,0.4999999999964281
398,0.4191011219468695,0.5695210703590142,0.5000114639393404,0.49998853579780933,0.48702914131464864,0.5000000000022956,0.4999999999999999,0.4999999999999999,0.49999999999770645
399,0.5525001684979768,0.44129759098562166,0.5000114639393404,0.49998853579780933,0.4955082841254064,0.49999999999396516,0.4999999999999999,0.4999999999999999,0.5000000000060408
400,0.6918702527977708,0.14599847017536116,0.5000114639393404,0.49998853579780933,0.6360883639350144,0.5000000000005083,0.4999999999999999,0.4999999999999999,0.499999999999489
401,0.7014980348011476,0.08888483876123146,0.5000114639393404,0.49998853579780933,0.6417806098314042,0.499999999999696,0.4999999999999999,0.4999999999999999,0.5000000000003035
402,0.46325220927087246,0.53422597335365,0.5000114639393404,0.49998853579780933,0.453120854341943,0.5000000000055963,0.4999999999999999,0.4999999999999999,0.4999999999944028
403,0.3799141226450291,0.5963767763879315,0.5000114639393404,0.49998853579780933,0.41839592335805886,0.5000000000052381,0.4999999999999999,0.4999999999999999,0.49999999999476513
404,0.6808502280683159,0.19090041105069394,0.5000114639393404,0.49998853579780933,0.6296053798824942,0.49999999999933104,0.4999999999999999,0.4999999999999999,0.5000000000006708
405,0.6215781588867283,0.33710620343592895,0.5000114639393404,0.49998853579780933,0.5952379539089565,0.4999999999987747,0.4999999999999999,0.4999999999999999,0.5000000000012262
406,0.2827894133515232,0.6480973341444322,0.5000114639393404,0.49998853579780933,0.38544331930367565,0.5000000000048539,0.4999999999999999,0.4999999999999999,0.4999999999951496
407,0.5577713341945263,0.43461608202050966,0.5000114639393404,0.49998853579780933,0.49808190126612456,0.49999999999392775,0.4999999999999999,0.4999999999999999,0.5000000000060728
408,0.25886690232947157,0.6580181812673149,0.5000114639393404,0.49998853579780933,0.41666487044749073,0.49999999999707634,0.4999999999999999,0.4999999999999999,0.500000000002925
409,0.6791785859253333,0.1967649572979573,0.5000114639393404,0.49998853579780933,0.5622597962797311,0.49999999999161576,0.4999999999999999,0.4999999999999999,0.5000000000083867
410,0.37767628404864034,0.5977964741174103,0.5000114639393404,0.49998853579780933,0.4175829738491843,0.5000000000052214,0.4999999999999999,0.4999999999999999,0.49999999999477573
411,0.5582983572966109,0.4339388820509533,0.5000114639393404,0.49998853579780933,0.49832190204002047,0.4999999999906973,0.4999999999999999,0.4999999999999999,0.5000000000093026
412,0.7022758391725417,0.08251451820442415,0.5000114639393404,0.49998853579780933,0.5750897851600159,0.500000000007417,0.4999999999999999,0.4999999999999999,0.49999999999258904
413,0.6879290245643287,0.16356545222622898,0.5000114639393404,0.49998853579780933,0.5670999707494895,0.4999999999928814,0.4999999999999999,0.4999999999999999,0.5000000000071183
414,0.046016323870992464,0.7056078977535544,0.5000114639393404,0.49998853579780933,0.3587938878431895,0.5000000000036904,0.4999999999999999,0.4999999999999999,0.49999999999631306
415,0.6029259613890818,0.36943238228809067,0.5000114639393404,0.49998853579780933,0.5847028658672637,0.5000000000013441,0.4999999999999999,0.4999999999999999,0.4999999999986586
416,0.13623757109093948,0.6938582882860453,0.5000114639393404,0.49998853579780933,0.35539774844198413,0.5000000000043249,0.4999999999999999,0.4999999999999999,0.49999999999567496
417,0.28708585793611163,0.6462056253028796,0.5000114639393404,0.49998853579780933,0.42775184214570905,0.4999999999971817,0.4999999999999999,0.4999999999999999,0.5000000000028174
418,0.5369115317676609,0.46013694753104895,0.5000114639393404,0.49998853579780933,0.5480745474920915,0.49999999999826317,0.4999999999999999,0.4999999999999999,0.5000000000017368
419,0.644806961085217,0.2902136875907086,0.5000114639393404,0.49998853579780933,0.5434672839793956,0.49999999999127553,0.4999999999999999,0.4999999999999999,0.5000000000087256
420,0.16996871760618534,0.6863749959281069,0.5000114639393404,0.49998853579780933,0.35989916958379353,0.5000000000044427,0.4999999999999999,0.4999999999999999,0.49999999999555744
421,0.0377171304235411,0.7061001473393205,0.5000114639393404,0.49998853579780933,0.3515834787728364,0.5000000000114082,0.4999999999999999,0.4999999999999999,0.49999999998858835
422,0.0335284019446717,0.706311437160009,0.5000114639393404,0.49998853579780933,0.3516841149046266,0.4999999999960426,0.4999999999999999,0.4999999999999999,0.5000000000039583
423,0.2740136312721333,0.6518562187147229,0.5000114639393404,0.49998853579780933,0.4225563218202638,0.4999999999971334,0.4999999999999999,0.4999999999999999,0.500000000002864
424,0.4169647454929608,0.571087034536763,0.5000114639393404,0.49998853579780933,0.4859648962042586,0.5000000000023094,0.4999999999999999,0.4999999999999999,0.4999999999976943
425,0.48339161305732703,0.5160741695007014,0.5000114639393404,0.49998853579780933,0.46229290872720896,0.4999999999943107,0.4999999999999999,0.4999999999999999,0.5000000000056927
426,0.5347904531158192,0.4626004482302426,0.5000114639393404,0.49998853579780933,0.546913487475599,0.4999999999982532,0.4999999999999999,0.4999999999999999,0.5000000000017496
427,0.6420760562656183,0.2962065913104673,0.5000114639393404,0.49998853579780933,0.6070474554502823,0.5000000000010587,0.4999999999999999,0.4999999999999999,0.4999999999989464
428,0.4407844536603525,0.5529096388158257,0.5000114639393404,0.49998853579780933,0.4432417630359149,0.500000000005498,0.4999999999999999,0.4999999999999999,0.49999999999450445
429,0.5516030446121168,0.4424184495146148,0.5000114639393404,0.49998853579780933,0.5560919365733711,0.49999999999834455,0.4999999999999999,0.4999999999999999,0.5000000000016541
430,0.7066161953691453,0.026335383840532453,0.5000114639393404,0.49998853579780933,0.6448070150494233,0.4999999999999083,0.4999999999999999,0.4999999999999999,0.5000000000000863
431,0.2902255905025154,0.6448016089779638,0.5000114639393404,0.49998853579780933,0.38758642754810146,0.4999999999951173,0.4999999999999999,0.4999999999999999,0.500000000004887
432,0.39975035693072675,0.5832663646514821,0.5000114639393404,0.49998853579780933,0.4262041769734079,0.4999999999946821,0.4999999999999999,0.4999999999999999,0.5000000000053172
433,0.5244512720298591,0.47428985153201547,0.5000114639393404,0.49998853579780933,0.4817059592051749,0.5000000000058873,0.4999999999999999,0.4999999999999999,0.4999999999941115
434,0.31590573659391813,0.6326164442907356,0.5000114639393404,0.49998853579780933,0.43973788738211006,0.49999999999729433,0.4999999999999999,0.4999999999999999,0.5000000000027052
435,0.3763845562522883,0.5986106128484301,0.5000114639393404,0.49998853579780933,0.4666973964976352,0.49999999999753497,0.4999999999999999,0.4999999999999999,0.5000000000024702
436,0.675679256602091,0.20846472650702408,0.5000114639393404,0.49998853579780933,0.6265624322129876,0.4999999999992642,0.4999999999999999,0.4999999999999999,0.5000000000007387
437,0.5169176451383937,0.48248953164247393,0.5000114639393404,0.49998853579780933,0.47800929793415203,0.5000000000058545,0.4999999999999999,0.4999999999999999,0.4999999999941417
438,0.656923147352368,0.2616332900696242,0.5000114639393404,0.49998853579780933,0.6156686048921586,0.5000000000009195,0.4999999999999999,0.4999999999999999,0.4999999999990779
439,0.41499682009518474,0.5725186803161013,0.5000114639393404,0.49998853579780933,0.43244924909106014,0.50000000001001,0.4999999999999999,0.4999999999999999,0.4999999999899955
440,0.6172387349083771,0.34498745503090644,0.5000114639393404,0.49998853579780933,0.5287447930138843,0.4999999999935557,0.4999999999999999,0.4999999999999999,0.5000000000064401
441,0.37885992814924885,0.5970470290042021,0.5000114639393404,0.49998853579780933,0.4180304546174778,0.5000000000052269,0.4999999999999999,0.4999999999999999,0.4999999999947718
442,0.4100754567528966,0.5760539208866714,0.5000114639393404,0.49998853579780933,0.4826792403283607,0.4999999999976727,0.4999999999999999,0.4999999999999999,0.5000000000023318
443,0.5691260552566851,0.41963738302011416,0.5000114639393404,0.49998853579780933,0.565739621484556,0.49999999999844347,0.4999999999999999,0.4999999999999999,0.5000000000015622
444,0.4988607053904111,0.5011367082285857,0.5000114639393404,0.49998853579780933,0.527714656635424,0.5000000000019249,0.4999999999999999,0.4999999999999999,0.49999999999807465
445,0.3638971512210532,0.606282829809177,0.5000114639393404,0.49998853579780933,0.4123295484186156,0.5000000000102056,0.4999999999999999,0.4999999999999999,0.4999999999897884
446,0.6987462339118543,0.10841451912216683,0.5000114639393404,0.49998853579780933,0.5731357610344802,0.49999999999269584,0.4999999999999999,0.4999999999999999,0.5000000000073069
447,0.4655377370642268,0.5322354886411804,0.5000114639393404,0.49998853579780933,0.4542006969392851,0.5000000000056029,0.4999999999999999,0.4999999999999999,0.4999999999943946
448,0.4247392849628795,0.5653287006770676,0.5000114639393404,0.49998853579780933,0.4897344916013357,0.5000000000022747,0.4999999999999999,0.4999999999999999,0.49999999999772515
449,0.5836696329091831,0.3991613202950186,0.5000114639393404,0.49998853579780933,0.5112268495281256,0.5000000000062284,0.4999999999999999,0.4999999999999999,0.49999999999377476
450,0.4051622444961066,0.5795201133188693,0.5000114639393404,0.49998853579780933,0.480230105619758,0.49999999999764483,0.4999999999999999,0.4999999999999999,0.5000000000023567
451,0.6836261603235645,0.18070770022681307,0.5000114639393404,0.49998853579780933,0.6312226935351032,0.5000000000006405,0.4999999999999999,0.4999999999999999,0.49999999999936334
452,0.23364888174473997,0.6673890919541848,0.5000114639393404,0.49998853579780933,0.3724121764309269,0.4999999999892882,0.4999999999999999,0.4999999999999999,0.5000000000107109
453,0.519244129052821,0.47998493147616533,0.5000114639393404,0.49998853579780933,0.538592978377044,0.500000000001821,0.4999999999999999,0.4999999999999999,0.499999999998181
454,0.6083172827792255,0.36048590285603455,0.5000114639393404,0.49998853579780933,0.5240303374100974,0.499999999993616,0.4999999999999999,0.4999999999999999,0.5000000000063854
455,0.024728236741963415,0.7066742684955065,0.5000114639393404,0.49998853579780933,0.3558977804278347,0.5000000000037661,0.4999999999999999,0.4999999999999999,0.4999999999962366
456,0.2681686531883103,0.6542824874984627,0.5000114639393404,0.49998853579780933,0.3813013581151519,0.4999999999952086,0.4999999999999999,0.4999999999999999,0.5000000000047999
457,0.040400766318042125,0.7059516825398986,0.5000114639393404,0.49998853579780933,0.3514769422136294,0.5000000000039795,0.4999999999999999,0.4999999999999999,0.49999999999601946
458,0.6441122040819074,0.2917524096776958,0.5000114639393404,0.49998853579780933,0.6082337041742415,0.5000000000010347,0.4999999999999999,0.4999999999999999,0.49999999999896017
459,0.5641579011553419,0.4262931650448985,0.5000114639393404,0.49998853579780933,0.5013724147407319,0.4999999999939003,0.4999999999999999,0.4999999999999999,0.5000000000060975
460,0.7023981629368358,0.08146673004318167,0.5000114639393404,0.49998853579780933,0.6423188903188873,0.4999999999997302,0.4999999999999999,0.4999999999999999,0.500000000000273
461,0.6570234737088608,0.2613812445366646,0.5000114639393404,0.49998853579780933,0.615717136106707,0.49999999999907924,0.4999999999999999,0.4999999999999999,0.5000000000009147
462,0.6328655064166903,0.31540648501251295,0.5000114639393404,0.49998853579780933,0.5370331973504483,0.49999999999118555,0.4999999999999999,0.4999999999999999,0.5000000000088171
463,0.027465383469727364,0.706573175765161,0.5000114639393404,0.49998853579780933,0.3518261830087811,0.4999999999960596,0.4999999999999999,0.4999999999999999,0.5000000000039447
464,0.5849950935713462,0.39721623896493374,0.5000114639393404,0.49998853579780933,0.5119036840521197,0.5000000000062312,0.4999999999999999,0.4999999999999999,0.49999999999376427
465,0.06918030410112552,0.7037144914839247,0.5000114639393404,0.49998853579780933,0.35131768861192625,0.4999999999886985,0.4999999999999999,0.4999999999999999,0.5000000000113047
466,0.5447782866320408,0.4507955432043895,0.5000114639393404,0.49998853579780933,0.5523829732952463,0.4999999999983073,0.4999999999999999,0.4999999999999999,0.5000000000016869
467,0.6707179462419756,0.22391390627446192,0.5000114639393404,0.49998853579780933,0.6236760670423963,0.4999999999992132,0.4999999999999999,0.4999999999999999,0.5000000000007848
468,0.7032590491239404,0.07366620544923853,0.5000114639393404,0.49998853579780933,0.6428131722062156,0.4999999999997389,0.4999999999999999,0.4999999999999999,0.5000000000002596
469,0.6796233712415153,0.19522313710806286,0.5000114639393404,0.49998853579780933,0.6289120802960675,0.5000000000006745,0.4999999999999999,0.4999999999999999,0.49999999999932165
470,0.04292678346354974,0.7058025866072447,0.5000114639393404,0.49998853579780933,0.35845643019145684,0.5000000000116945,0.4999999999999999,0.4999999999999999,0.4999999999883093
471,0.25499594139791537,0.6595279143983152,0.5000114639393404,0.49998853579780933,0.37763702195201865,0.5000000000047541,0.4999999999999999,0.4999999999999999,0.4999999999952466
472,0.6992852371919152,0.1048816334991309,0.5000114639393404,0.49998853579780933,0.5734249787676083,0.4999999999919431,0.4999999999999999,0.4999999999999999,0.5000000000080561
473,0.6436944856573245,0.29267287051304974,0.5000114639393404,0.49998853579780933,0.5429066809593942,0.49999999999125955,0.4999999999999999,0.4999999999999999,0.5000000000087366
474,0.019380335995358162,0.7068411438058143,0.5000114639393404,0.49998853579780933,0.3522546570443808,0.4999999999960899,0.4999999999999999,0.4999999999999999,0.5000000000039151
475,0.6131866364938284,0.3521393883469795,0.5000114639393404,0.49998853579780933,0.590504538999585,0.4999999999987255,0.4999999999999999,0.4999999999999999,0.500000000001274
476,0.300852971351574,0.6399120952356883,0.5000114639393404,0.49998853579780933,0.43325730309886085,0.49999999999722666,0.4999999999999999,0.4999999999999999,0.5000000000027731
477,0.3792831635738717,0.5967782518066403,0.5000114639393404,0.49998853579780933,0.46794995864128164,0.5000000000024596,0.4999999999999999,0.4999999999999999,0.4999999999975348
478,0.5293713857330413,0.4687919964835975,0.5000114639393404,0.49998853579780933,0.5439893343197297,0.49999999999822564,0.4999999999999999,0.4999999999999999,0.5000000000017722
479,0.42684012681603467,0.5637441850162828,0.5000114639393404,0.49998853579780933,0.43726583324358553,0.49999999999456274,0.4999999999999999,0.4999999999999999,0.5000000000054389
480,0.26468379464687414,0.6557000043924465,0.5000114639393404,0.49998853579780933,0.41879758314779825,0.5000000000029108,0.4999999999999999,0.4999999999999999,0.49999999999709016
481,0.5268306299238513,0.4716455102871642,0.5000114639393404,0.49998853579780933,0.48285198511606575,0.5000000000059025,0.4999999999999999,0.4999999999999999,0.4999999999940993
482,0.5068507430950493,0.4930540783970816,0.5000114639393404,0.49998853579780933,0.47324746872489787,0.5000000000058005,0.4999999999999999,0.4999999999999999,0.4999999999941989
483,0.15784664203227122,0.6892636923552097,0.5000114639393404,0.49998853579780933,0.3581655397069183,0.49999999999560313,0.4999999999999999,0.4999999999999999,0.5000000000043981
484,0.6969055928874911,0.11967704292023991,0.5000114639393404,0.49998853579780933,0.6390653367891227,0.5000000000004111,0.4999999999999999,0.4999999999999999,0.4999999999995875
485,0.1380832501401828,0.6934933477243048,0.5000114639393404,0.49998853579780933,0.3774975964274059,0.4999999999966304,0.4999999999999999,0.4999999999999999,0.5000000000033699
486,0.7014397088280366,0.08934391349856118,0.5000114639393404,0.49998853579780933,0.5746355413308419,0.4999999999926233,0.4999999999999999,0.4999999999999999,0.5000000000073761
487,0.29196922704000644,0.6440139573390044,0.5000114639393404,0.49998853579780933,0.3881049167294665,0.4999999999895049,0.4999999999999999,0.4999999999999999,0.5000000000104894
488,0.6208866940004837,0.3383780625471302,0.5000114639393404,0.49998853579780933,0.5948849127727394,0.5000000000012217,0.4999999999999999,0.4999999999999999,0.49999999999877837
489,0.26066067591747033,0.6573096826885527,0.5000114639393404,0.49998853579780933,0.41725842838818583,0.49999999999707756,0.4999999999999999,0.4999999999999999,0.500000000002918
490,0.14671573804743387,0.6917185064816438,0.5000114639393404,0.49998853579780933,0.37982339378290914,0.499999999996662,0.4999999999999999,0.4999999999999999,0.5000000000033373
491,0.05949377768476047,0.7045995248485446,0.5000114639393404,0.49998853579780933,0.36090193593600245,0.4999999999963631,0.4999999999999999,0.4999999999999999,0.5000000000036356
492,0.5266660422328929,0.4718292911199393,0.5000114639393404,0.49998853579780933,0.4827703280481122,0.49999999999409916,0.4999999999999999,0.4999999999999999,0.5000000000059047
493,0.704521281235582,0.06041327905492524,0.5000114639393404,0.49998853579780933,0.6435652005270175,0.5000000000002065,0.4999999999999999,0.4999999999999999,0.4999999999997879
494,0.04261108841633712,0.7058217162797125,0.5000114639393404,0.49998853579780933,0.3514697026909075,0.4999999999960178,0.4999999999999999,0.4999999999999999,0.5000000000039848
495,0.48748631354846184,0.5122080609820502,0.5000114639393404,0.49998853579780933,0.4641891889057811,0.4999999999942951,0.4999999999999999,0.4999999999999999,0.5000000000057099
496,0.5939640737594367,0.3836752260481438,0.5000114639393404,0.49998853579780933,0.5795940884282587,0.5000000000014074,0.4999999999999999,0.4999999999999999,0.49999999999859257
497,0.6390225210907384,0.3027378804709259,0.5000114639393404,0.49998853579780933,0.6052629529808468,0.5000000000010844,0.4999999999999999,0.4999999999999999,0.49999999999891126
498,0.39562593115660527,0.586071772564138,0.5000114639393404,0.49998853579780933,0.42454338701369765,0.5000000000053018,0.4999999999999999,0.4999999999999999,0.49999999999470013
499,0.26502156501271595,0.6555635515174796,0.5000114639393404,0.49998853579780933,0.41893060132522386,0.5000000000029078,0.4999999999999999,0.4999999999999999,0.4999999999970928
500,0.5575260107347189,0.43493074532472686,0.5000114639393404,0.49998853579780933,0.5593076782162316,0.5000000000016268,0.4999999999999999,0.4999999999999999,0.4999999999983746
501,0.47120539429306046,0.5272243131619826,0.5000114639393404,0.49998853579780933,0.5132415841054665,0.5000000000020612,0.4999999999999999,0.4999999999999999,0.49999999999794176
502,0.4129120204089731,0.5740240965340866,0.5000114639393404,0.49998853579780933,0.4840367809746533,0.5000000000023188,0.4999999999999999,0.4999999999999999,0.49999999999767597
503,0.14728715966576875,0.6915970594194225,0.5000114639393404,0.49998853579780933,0.3567660079779736,0.49999999999563943,0.4999999999999999,0.4999999999999999,0.5000000000043626
504,0.7002538852585147,0.09820639675334297,0.5000114639393404,0.49998853579780933,0.6410491547598538,0.5000000000003317,0.4999999999999999,0.4999999999999999,0.49999999999966493
505,0.6852450152803826,0.1744685330751318,0.5000114639393404,0.49998853579780933,0.6321764423720398,0.4999999999993846,0.4999999999999999,0.4999999999999999,0.5000000000006158
506,0.3284351340355023,0.6262031321632617,0.5000114639393404,0.49998853579780933,0.39971377524134893,0.49999999999496614,0.4999999999999999,0.4999999999999999,0.5000000000050319
507,0.039193597403697905,0.7060197372323843,0.5000114639393404,0.49998853579780933,0.3514134976716404,0.4999999999885999,0.4999999999999999,0.4999999999999999,0.5000000000114017
508,0.09888865712808366,0.7001578632647119,0.5000114639393404,0.49998853579780933,0.36832815055928714,0.49999999999649886,0.4999999999999999,0.4999999999999999,0.500000000003504
509,0.15388425467569686,0.6901591382883371,0.5000114639393404,0.49998853579780933,0.3819017364526851,0.5000000000033011,0.4999999999999999,0.4999999999999999,0.49999999999669376
510,0.4308923752067503,0.560652977329725,0.5000114639393404,0.49998853579780933,0.4390120438019243,0.5000000000054533,0.4999999999999999,0.4999999999999999,0.49999999999454686
511,0.20859067594331038,0.67564038504926,0.5000114639393404,0.49998853579780933,0.3668518867406683,0.5000000000045837,0.4999999999999999,0.4999999999999999,0.49999999999541606
512,0.41753853409899067,0.5706676550694516,0.5000114639393404,0.49998853579780933,0.43346113453494967,0.49999999999460887,0.4999999999999999,0.4999999999999999,0.5000000000053919
513,0.4356282516694936,0.5569811723455125,0.5000114639393404,0.49998853579780933,0.4951982136716814,0.49999999999777767,0.4999999999999999,0.4999999999999999,0.5000000000022237
514,0.4191493881535047,0.5694855489040486,0.5000114639393404,0.49998853579780933,0.43412376530321284,0.4999999999946018,0.4999999999999999,0.4999999999999999,0.5000000000054012
515,0.11098087082877765,0.6983432152674557,0.5000114639393404,0.49998853579780933,0.3709710633382573,0.5000000000034612,0.4999999999999999,0.4999999999999999,0.49999999999654077
516,0.6060559668053372,0.36427484829404166,0.5000114639393404,0.49998853579780933,0.5864470556153336,0.5000000000013256,0.4999999999999999,0.4999999999999999,0.4999999999986737
517,0.34116166488798016,0.6193615409523434,0.5000114639393404,0.49998853579780933,0.4505199088640462,0.5000000000026217,0.4999999999999999,0.4999999999999999,0.49999999999737826
518,0.5495600464847465,0.44495365523577995,0.5000114639393404,0.49998853579780933,0.4940214340838766,0.4999999999939771,0.4999999999999999,0.4999999999999999,0.5000000000060212
519,0.1670655232768717,0.6870874114202848,0.5000114639393404,0.49998853579780933,0.3594171977868127,0.5000000000044365,0.4999999999999999,0.4999999999999999,0.4999999999955665
520,0.36259322560099994,0.6070635491843178,0.5000114639393404,0.49998853579780933,0.41190409181321697,0.4999999999948376,0.4999999999999999,0.4999999999999999,0.500000000005161
521,0.12107110232269298,0.6966647604177184,0.5000114639393404,0.49998853579780933,0.37347279278399825,0.4999999999965821,0.4999999999999999,0.4999999999999999,0.5000000000034146
522,0.6480509270866962,0.2828957332694702,0.5000114639393404,0.49998853579780933,0.5452515854005551,0.5000000000066801,0.4999999999999999,0.4999999999999999,0.49999999999331773
523,0.45505215822886924,0.5412278016614082,0.5000114639393404,0.49998853579780933,0.5050452450926678,0.49999999999786615,0.4999999999999999,0.4999999999999999,0.5000000000021265
524,0.48359039459668135,0.5158879047369037,0.5000114639393404,0.49998853579780933,0.5196395184184223,0.5000000000133789,0.4999999999999999,0.4999999999999999,0.49999999998662786
525,0.6119591309993643,0.35426829096957996,0.5000114639393404,0.49998853579780933,0.5898343758213411,0.5000000000141069,0.4999999999999999,0.4999999999999999,0.4999999999858974
526,0.6473819810625757,0.28442322443058377,0.5000114639393404,0.49998853579780933,0.5448577513828822,0.4999999999912949,0.4999999999999999,0.4999999999999999,0.5000000000087006
527,0.11089736611212075,0.6983564808863418,0.5000114639393404,0.49998853579780933,0.3531605531785867,0.5000000000042283,0.4999999999999999,0.4999999999999999,0.49999999999577077
528,0.1477635210281622,0.6914954387798647,0.5000114639393404,0.49998853579780933,0.38020450075478945,0.49999999999667116,0.4999999999999999,0.4999999999999999,0.5000000000033268
529,0.658161285498978,0.25850284770255527,0.5000114639393404,0.49998853579780933,0.550725769573541,0.5000000000067742,0.4999999999999999,0.4999999999999999,0.4999999999932237
530,0.22287835875418752,0.6710627675779142,0.5000114639393404,0.49998853579780933,0.4034818382830186,0.49999999999693856,0.4999999999999999,0.4999999999999999,0.500000000003065
531,0.3973256553211859,0.5849207840584789,0.5000114639393404,0.49998853579780933,0.47638797502972435,0.4999999999976018,0.4999999999999999,0.4999999999999999,0.500000000002394
532,0.616846196258778,0.3456888369361767,0.5000114639393404,0.49998853579780933,0.5285140588912404,0.499999999993553,0.4999999999999999,0.4999999999999999,0.5000000000064447
533,0.03112558022394201,0.706421408023265,0.5000114639393404,0.49998853579780933,0.3567327379349606,0.5000000000037383,0.4999999999999999,0.4999999999999999,0.49999999999625816
534,0.17027892311115495,0.6862981045756326,0.5000114639393404,0.49998853579780933,0.35987921144447627,0.5000000000044482,0.4999999999999999,0.4999999999999999,0.49999999999555245
535,0.08857639210212884,0.7015370430434644,0.5000114639393404,0.49998853579780933,0.35194842817060246,0.4999999999958536,0.4999999999999999,0.4999999999999999,0.5000000000041442
536,0.1965686861165412,0.679235416949398,0.5000114639393404,0.49998853579780933,0.39461291016497413,0.5000000000031631,0.4999999999999999,0.4999999999999999,0.49999999999684297
537,0.6372784558779011,0.30639218278846014,0.5000114639393404,0.49998853579780933,0.6042529427252187,0.4999999999988991,0.4999999999999999,0.4999999999999999,0.5000000000011002
538,0.6335226131884822,0.3140845431305759,0.5000114639393404,0.49998853579780933,0.6021118991989883,0.49999999999886996,0.4999999999999999,0.4999999999999999,0.5000000000011269
539,0.614626735564511,0.3496197617000981,0.5000114639393404,0.49998853579780933,0.5273846475905621,0.5000000000089598,0.4999999999999999,0.4999999999999999,0.4999999999910397
540,0.6945991020193008,0.13240881689968617,0.5000114639393404,0.49998853579780933,0.6377023805659419,0.5000000000004599,0.4999999999999999,0.4999999999999999,0.4999999999995433
541,0.683107682846846,0.18265787919857537,0.5000114639393404,0.49998853579780933,0.56443528531427,0.5000000000070469,0.4999999999999999,0.4999999999999999,0.49999999999295275
542,0.4800758766254985,0.519160045344652,0.5000114639393404,0.49998853579780933,0.5178849442076731,0.4999999999979872,0.4999999999999999,0.4999999999999999,0.5000000000020149
543,0.704021363848802,0.06598423481764264,0.5000114639393404,0.49998853579780933,0.6432689516385207,0.4999999999997708,0.4999999999999999,0.4999999999999999,0.5000000000002264
544,0.5939523142681166,0.38369343019596774,0.5000114639393404,0.49998853579780933,0.5796492368873307,0.5000000000013977,0.4999999999999999,0.4999999999999999,0.499999999998602
545,0.09015648057407218,0.7013357320217587,0.5000114639393404,0.49998853579780933,0.3517543996242463,0.5000000000112149,0.4999999999999999,0.4999999999999999,0.49999999998878447
546,0.6880703237278859,0.1629700267073662,0.5000114639393404,0.49998853579780933,0.5671812615252262,0.49999999999173766,0.4999999999999999,0.4999999999999999,0.5000000000082598
547,0.5049783411001214,0.4949715901137809,0.5000114639393404,0.49998853579780933,0.5309176219650582,0.5000000000018989,0.4999999999999999,0.4999999999999999,0.4999999999980965
548,0.6912057434811429,0.1491127767117055,0.5000114639393404,0.49998853579780933,0.6356969598516558,0.49999999999947486,0.4999999999999999,0.4999999999999999,0.5000000000005199
549,0.5359889840552775,0.461211241158962,0.5000114639393404,0.49998853579780933,0.5475482035164845,0.49999999999825767,0.4999999999999999,0.4999999999999999,0.5000000000017412
550,0.594231832780858,0.3832603930879122,0.5000114639393404,0.49998853579780933,0.5167336680688086,0.5000000000090957,0.4999999999999999,0.4999999999999999,0.499999999990903
551,0.3017766155244029,0.639477031896094,0.5000114639393404,0.49998853579780933,0.3910570229826341,0.4999999999950699,0.4999999999999999,0.4999999999999999,0.5000000000049316
552,0.5930693724980807,0.3850567779868672,0.5000114639393404,0.49998853579780933,0.5161652919239414,0.5000000000062724,0.4999999999999999,0.4999999999999999,0.499999999993726
553,0.6636453474558259,0.24407960340887053,0.5000114639393404,0.49998853579780933,0.6195410982922553,0.4999999999991344,0.4999999999999999,0.4999999999999999,0.5000000000008612
554,0.6911544015241403,0.14935057165543875,0.5000114639393404,0.49998853579780933,0.6356532698436662,0.4999999999994752,0.4999999999999999,0.4999999999999999,0.5000000000005239
555,0.19113889401701917,0.6807833158898305,0.5000114639393404,0.49998853579780933,0.3929561185670256,0.4999999999968263,0.4999999999999999,0.4999999999999999,0.500000000003176
556,0.22748174380638295,0.6695162858976899,0.5000114639393404,0.49998853579780933,0.3709479992330818,0.4999999999953484,0.4999999999999999,0.4999999999999999,0.5000000000046463
557,0.4465014438036754,0.5483032561286045,0.5000114639393404,0.49998853579780933,0.44573665885147423,0.5000000000098601,0.4999999999999999,0.4999999999999999,0.4999999999901369
558,0.5041715920008623,0.4957933095749831,0.5000114639393404,0.49998853579780933,0.47195613327890124,0.49999999999420874,0.4999999999999999,0.4999999999999999,0.5000000000057905
559,0.6589740734492504,0.25642382390316637,0.5000114639393404,0.49998853579780933,0.6168287312852139,0.5000000000009084,0.4999999999999999,0.4999999999999999,0.4999999999990919
560,0.7065994884208938,0.026779898493729602,0.5000114639393404,0.49998853579780933,0.6447922047399712,0.5000000000001071,0.4999999999999999,0.4999999999999999,0.49999999999989636
561,0.4693273927595406,0.5288967748110536,0.5000114639393404,0.49998853579780933,0.5122675946785771,0.4999999999979283,0.4999999999999999,0.4999999999999999,0.5000000000020742
562,0.7060963987715617,0.03778734023143019,0.5000114639393404,0.49998853579780933,0.5772354829293764,0.5000000000078156,0.4999999999999999,0.4999999999999999,0.4999999999921843
563,0.1041364938060761,0.69939659566452,0.5000114639393404,0.49998853579780933,0.369481560392482,0.5000000000034829,0.4999999999999999,0.4999999999999999,0.49999999999651956
564,0.5591601991124185,0.43282776219711716,0.5000114639393404,0.49998853579780933,0.5602038935156781,0.5000000000016197,0.4999999999999999,0.4999999999999999,0.4999999999983842
565,0.20895070871337743,0.6755291269280468,0.5000114639393404,0.49998853579780933,0.36696026155688993,0.5000000000045759,0.4999999999999999,0.4999999999999999,0.49999999999541617
566,0.5693967303966602,0.41927003638895033,0.5000114639393404,0.49998853579780933,0.5040226146131612,0.49999999999387185,0.4999999999999999,0.4999999999999999,0.500000000006127
567,0.6684670744779804,0.2305466771368673,0.5000114639393404,0.49998853579780933,0.6223533025711381,0.49999999999918654,0.4999999999999999,0.4999999999999999,0.5000000000008143
568,0.2586789857155606,0.6580920826778719,0.5000114639393404,0.49998853579780933,0.41652804145171535,0.5000000000029324,0.4999999999999999,0.4999999999999999,0.49999999999707107
569,0.515000937770247,0.4845348636535545,0.5000114639393404,0.49998853579780933,0.4770104414565389,0.49999999999047345,0.4999999999999999,0.4999999999999999,0.5000000000095293
570,0.3312730935730728,0.6247064410381337,0.5000114639393404,0.49998853579780933,0.4006838756754813,0.4999999999949591,0.4999999999999999,0.4999999999999999,0.5000000000050461
571,0.2661483018271033,0.6551069236655592,0.5000114639393404,0.49998853579780933,0.4193946268959162,0.5000000000029062,0.4999999999999999,0.4999999999999999,0.49999999999709765
572,0.7053267837757785,0.05014108184429118,0.5000114639393404,0.49998853579780933,0.5768101012900136,0.500000000007869,0.4999999999999999,0.4999999999999999,0.4999999999921308
573,0.09160314592460976,0.7011482465618202,0.5000114639393404,0.49998853579780933,0.3668202889614943,0.5000000000035254,0.4999999999999999,0.4999999999999999,0.49999999999647504
574,0.17450286856450758,0.6852362722906289,0.5000114639393404,0.49998853579780933,0.36065697747677405,0.5000000000044547,0.4999999999999999,0.4999999999999999,0.49999999999554423
575,0.34789023129287605,0.6156073318041244,0.5000114639393404,0.49998853579780933,0.45358380577385216,0.4999999999974125,0.4999999999999999,0.4999999999999999,0.5000000000025918
576,0.5121929981556484,0.4875021397619697,0.5000114639393404,0.49998853579780933,0.534784517355167,0.5000000000018595,0.4999999999999999,0.4999999999999999,0.4999999999981378
577,0.449688454580134,0.5456924901602828,0.5000114639393404,0.49998853579780933,0.44710671119708656,0.49999999999015543,0.4999999999999999,0.4999999999999999,0.5000000000098443
578,0.7068289928916379,0.01981854706576594,0.5000114639393404,0.49998853579780933,0.6449346628991292,0.5000000000000668,0.4999999999999999,0.4999999999999999,0.49999999999993844
579,0.635896847198051,0.3092494134571303,0.5000114639393404,0.49998853579780933,0.6035117656896177,0.4999999999988967,0.4999999999999999,0.4999999999999999,0.500000000001104
580,0.3256941904094531,0.6276330955762267,0.5000114639393404,0.49998853579780933,0.3990021292390136,0.5000000000050121,0.4999999999999999,0.4999999999999999,0.49999999999499195
581,0.01631437049416654,0.7069185535232324,0.5000114639393404,0.49998853579780933,0.35214609354289955,0.4999999999960892,0.4999999999999999,0.4999999999999999,0.5000000000039111
582,0.5571379753071731,0.4354276937341319,0.5000114639393404,0.49998853579780933,0.5591464142240558,0.5000000000016231,0.4999999999999999,0.4999999999999999,0.4999999999983783
583,0.6153772878686911,0.34829699047706236,0.5000114639393404,0.49998853579780933,0.5917376752261452,0.5000000000166479,0.4999999999999999,0.4999999999999999,0.4999999999833569
584,0.5570729142537479,0.43551092776742595,0.5000114639393404,0.49998853579780933,0.5591273060544908,0.49999999999838557,0.4999999999999999,0.4999999999999999,0.5000000000016224
585,0.7071071252095896,0.0,0.5000114639393404,0.49998853579780933,0.6450967499846962,0.4999999999999829,0.4999999999999999,0.4999999999999999,0.5000000000000187
586,0.6487294870008782,0.28133619421922523,0.5000114639393404,0.49998853579780933,0.6108879340472362,0.5000000000010016,0.4999999999999999,0.4999999999999999,0.4999999999989995
587,0.5082911469874181,0.49156902861573054,0.5000114639393404,0.49998853579780933,0.5326758043396712,0.5000000000018845,0.4999999999999999,0.4999999999999999,0.4999999999981137
588,0.5912915768703467,0.3877812155354901,0.5000114639393404,0.49998853579780933,0.5781285085870251,0.5000000000014232,0.4999999999999999,0.4999999999999999,0.49999999999858036
589,0.6178942153826773,0.3438120713528581,0.5000114639393404,0.49998853579780933,0.5931864723008299,0.5000000000012371,0.4999999999999999,0.4999999999999999,0.4999999999987559
590,0.600432023013662,0.3734720682189239,0.5000114639393404,0.49998853579780933,0.5832563067295479,0.49999999999863526,0.4999999999999999,0.4999999999999999,0.5000000000013642
591,0.15603894988187883,0.6896751743536662,0.5000114639393404,0.49998853579780933,0.3823809575048819,0.4999999999966983,0.4999999999999999,0.4999999999999999,0.5000000000033014
592,0.5892918298752846,0.3908134327812163,0.5000114639393404,0.49998853579780933,0.576998110417177,0.49999999999856454,0.4999999999999999,0.4999999999999999,0.5000000000014353
593,0.3378744489094362,0.6211608958669133,0.5000114639393404,0.49998853579780933,0.40300563974058673,0.4999999999949329,0.4999999999999999,0.4999999999999999,0.5000000000050658
594,0.5357245850554219,0.4615183337699367,0.5000114639393404,0.49998853579780933,0.48714990670337516,0.49999999999404793,0.4999999999999999,0.4999999999999999,0.5000000000059555
595,0.10215332096058652,0.6996890069088867,0.5000114639393404,0.49998853579780933,0.3525210075939688,0.4999999999958004,0.4999999999999999,0.4999999999999999,0.5000000000041989
596,0.020529846427599363,0.7068086908155699,0.5000114639393404,0.49998853579780933,0.351960413809228,0.500000000003925,0.4999999999999999,0.4999999999999999,0.4999999999960759
597,0.5361507760418113,0.4610231542825791,0.5000114639393404,0.49998853579780933,0.48738347086360856,0.49999999999405026,0.4999999999999999,0.4999999999999999,0.5000000000059549
598,0.42237372904743714,0.5670982569278105,0.5000114639393404,0.49998853579780933,0.48860903892287383,0.49999999998689815,0.4999999999999999,0.4999999999999999,0.5000000000131007
599,0.6935987414071676,0.13755284772911433,0.5000114639393404,0.49998853579780933,0.6371180967950407,0.4999999999995248,0.4999999999999999,0.4999999999999999,0.5000000000004713
600,0.6327728698423528,0.3155923032312683,0.5000114639393404,0.49998853579780933,0.6016782434568041,0.49999999999886574,0.4999999999999999,0.4999999999999999,0.5000000000011329
601,0.06388817028280139,0.7042146701808422,0.5000114639393404,0.49998853579780933,0.3616453147139577,0.5000000000036218,0.4999999999999999,0.4999999999999999,0.4999999999963749
602,0.6909858908572054,0.1501282739402446,0.5000114639393404,0.49998853579780933,0.5687980634610553,0.5000000000071672,0.4999999999999999,0.4999999999999999,0.49999999999283595
603,0.6085488180628797,0.3600948986507185,0.5000114639393404,0.49998853579780933,0.5878002223202111,0.5000000000013203,0.4999999999999999,0.4999999999999999,0.499999999998679
604,0.6978778127229396,0.1138707974374712,0.5000114639393404,0.49998853579780933,0.5726377294150291,0.5000000000080869,0.4999999999999999,0.4999999999999999,0.4999999999919133
605,0.707048115200199,0.00910839128736895,0.5000114639393404,0.49998853579780933,0.645064928304023,0.5000000000000046,0.4999999999999999,0.4999999999999999,0.4999999999999933
606,0.017539931162766937,0.7068892068880476,0.5000114639393404,0.49998853579780933,0.3548250418634271,0.5000000000038088,0.4999999999999999,0.4999999999999999,0.4999999999961989
607,0.07463718959484202,0.7031566610147291,0.5000114639393404,0.49998853579780933,0.351374185685012,0.5000000000041055,0.4999999999999999,0.4999999999999999,0.4999999999958937
608,0.2563721954640296,0.6589941558109209,0.5000114639393404,0.49998853579780933,0.3780942746889521,0.49999999999524564,0.4999999999999999,0.4999999999999999,0.5000000000047494
609,0.1099692311332113,0.6985032342115336,0.5000114639393404,0.49998853579780933,0.3707118811005385,0.499999999996536,0.4999999999999999,0.4999999999999999,0.5000000000034664
610,0.7037491322041265,0.06882702174241793,0.5000114639393404,0.49998853579780933,0.5759185212024819,0.5000000000074515,0.4999999999999999,0.4999999999999999,0.49999999999254113
611,0.35984190548204925,0.6086984552902417,0.5000114639393404,0.49998853579780933,0.41078479806541185,0.4999999999948407,0.4999999999999999,0.4999999999999999,0.5000000000051575
612,0.4882413285934131,0.5114884212309543,0.5000114639393404,0.49998853579780933,0.46451993474446496,0.5000000000057109,0.4999999999999999,0.4999999999999999,0.4999999999942846
613,0.08319818503516642,0.7021951789963246,0.5000114639393404,0.49998853579780933,0.351462572389868,0.49999999999585854,0.4999999999999999,0.4999999999999999,0.5000000000041394
614,0.6937984826225523,0.13654180865451446,0.5000114639393404,0.49998853579780933,0.57037446758949,0.5000000000072111,0.4999999999999999,0.4999999999999999,0.4999999999927911
615,0.7024792418232856,0.08076456405737391,0.5000114639393404,0.49998853579780933,0.6423548378821755,0.5000000000002807,0.4999999999999999,0.4999999999999999,0.4999999999997153
616,0.4192329889123122,0.569424010848838,0.5000114639393404,0.49998853579780933,0.43412519358491475,0.5000000000054015,0.4999999999999999,0.4999999999999999,0.49999999999459804
617,0.09069317413382415,0.7012665367423245,0.5000114639393404,0.49998853579780933,0.3519954381420616,0.4999999999958449,0.4999999999999999,0.4999999999999999,0.5000000000041539
618,0.7041035976891572,0.06510087342874238,0.5000114639393404,0.49998853579780933,0.5761232514991367,0.5000000000074639,0.4999999999999999,0.4999999999999999,0.4999999999925359
619,0.7055904975937874,0.04628228284504602,0.5000114639393404,0.49998853579780933,0.5769574771441061,0.49999999999247213,0.4999999999999999,0.4999999999999999,0.5000000000075255
620,0.22100763467274606,0.6716811932876767,0.5000114639393404,0.49998853579780933,0.36964934283963996,0.499999999995382,0.4999999999999999,0.4999999999999999,0.5000000000046174
621,0.03584797890296606,0.7061975094890744,0.5000114639393404,0.49998853579780933,0.3515460945783245,0.4999999999960322,0.4999999999999999,0.4999999999999999,0.5000000000039668
622,0.700542467781606,0.0961262618428173,0.5000114639393404,0.49998853579780933,0.6412146478416137,0.49999999999967093,0.4999999999999999,0.4999999999999999,0.5000000000003313
623,0.08683919786282501,0.7017542027724001,0.5000114639393404,0.49998853579780933,0.35183564403884604,0.5000000000112433,0.4999999999999999,0.4999999999999999,0.4999999999887606
624,0.6895024594657999,0.1568003775206328,0.5000114639393404,0.49998853579780933,0.6346915828860581,0.4999999999994519,0.4999999999999999,0.4999999999999999,0.5000000000005482
625,0.6402771076457197,0.3000753662412705,0.5000114639393404,0.49998853579780933,0.6059708745345135,0.5000000000010825,0.4999999999999999,0.4999999999999999,0.49999999999891886
626,0.2670897592245163,0.6547236572906354,0.5000114639393404,0.49998853579780933,0.4196848300085903,0.5000000000029056,0.4999999999999999,0.4999999999999999,0.4999999999970953
627,0.1752715669377546,0.685040055634108,0.5000114639393404,0.49998853579780933,0.3880517625529496,0.49999999999676664,0.4999999999999999,0.4999999999999999,0.5000000000032311
628,0.6877039845136919,0.16450905785801578,0.5000114639393404,0.49998853579780933,0.5669786729358415,0.49999999999288447,0.4999999999999999,0.4999999999999999,0.5000000000071096
629,0.09526367386098877,0.7006602831918671,0.5000114639393404,0.49998853579780933,0.3674357104342012,0.4999999999964773,0.4999999999999999,0.4999999999999999,0.5000000000035231
630,0.5507856613870102,0.44343562690707733,0.5000114639393404,0.49998853579780933,0.49458249898678897,0.5000000000093471,0.4999999999999999,0.4999999999999999,0.4999999999906521
631,0.5352173960025581,0.4621064189764111,0.5000114639393404,0.49998853579780933,0.48686775358456813,0.5000000000059539,0.4999999999999999,0.4999999999999999,0.4999999999940467
632,0.4434172364568685,0.5508004669687103,0.5000114639393404,0.49998853579780933,0.4444132363033114,0.5000000000055034,0.4999999999999999,0.4999999999999999,0.4999999999944925
633,0.6811491274974081,0.18983115157825398,0.5000114639393404,0.49998853579780933,0.5633573540163799,0.5000000000070253,0.4999999999999999,0.4999999999999999,0.4999999999929812
634,0.6022924181814292,0.3704643613104603,0.5000114639393404,0.49998853579780933,0.5208987808613502,0.5000000000090403,0.4999999999999999,0.4999999999999999,0.4999999999909607
635,0.6240999882103668,0.33241420654932474,0.5000114639393404,0.49998853579780933,0.5324067232390686,0.49999999999350764,0.4999999999999999,0.4999999999999999,0.5000000000064897
636,0.19506727580567884,0.6796681233585605,0.5000114639393404,0.49998853579780933,0.39406328973115906,0.499999999996829,0.4999999999999999,0.4999999999999999,0.5000000000031675
637,0.6046480690214999,0.3666070275220712,0.5000114639393404,0.49998853579780933,0.5857058803598446,0.4999999999986756,0.4999999999999999,0.4999999999999999,0.5000000000013217
638,0.6650234308776497,0.24029947229179757,0.5000114639393404,0.49998853579780933,0.6203544802177998,0.500000000000843,0.4999999999999999,0.4999999999999999,0.4999999999991537
639,0.27812737398345894,0.6501116549032713,0.5000114639393404,0.49998853579780933,0.4241187347306128,0.5000000000028572,0.4999999999999999,0.4999999999999999,0.499999999997148
640,0.2618775778420673,0.6568258073068893,0.5000114639393404,0.49998853579780933,0.3795645311423947,0.4999999999893881,0.4999999999999999,0.4999999999999999,0.5000000000106025
641,0.41557983866322296,0.5720956220711318,0.5000114639393404,0.49998853579780933,0.4853431765097181,0.4999999999976917,0.4999999999999999,0.4999999999999999,0.5000000000023033
642,0.6691930948693622,0.22843073924087498,0.5000114639393404,0.49998853579780933,0.5567788425063624,0.5000000000068759,0.4999999999999999,0.4999999999999999,0.4999999999931211
643,0.27044938479331376,0.6533430470656323,0.5000114639393404,0.49998853579780933,0.4210457568926239,0.5000000000028869,0.4999999999999999,0.4999999999999999,0.49999999999711264
644,0.2783437854425293,0.6500190335325483,0.5000114639393404,0.49998853579780933,0.42426525432158607,0.5000000000028507,0.4999999999999999,0.4999999999999999,0.499999999997151
645,0.17380624828479585,0.6854132972573311,0.5000114639393404,0.49998853579780933,0.38772179202277285,0.5000000000032304,0.4999999999999999,0.4999999999999999,0.4999999999967724
646,0.7064230339888146,0.031088535901756375,0.5000114639393404,0.49998853579780933,0.6446899183899746,0.4999999999998872,0.4999999999999999,0.4999999999999999,0.5000000000001128
647,0.7055240688908444,0.047284122236791556,0.5000114639393404,0.49998853579780933,0.6441636154860796,0.499999999999843,0.4999999999999999,0.4999999999999999,0.500000000000154
648,0.6164615515123353,0.3463743023548782,0.5000114639393404,0.49998853579780933,0.5283210674814267,0.49999999999355804,0.4999999999999999,0.4999999999999999,0.5000000000064431
649,0.14752559326994102,0.6915462380277636,0.5000114639393404,0.49998853579780933,0.3569255735949133,0.5000000000043519,0.4999999999999999,0.4999999999999999,0.4999999999956487
650,0.645994862891985,0.28755980929856106,0.5000114639393404,0.49998853579780933,0.5441382680111976,0.4999999999933347,0.4999999999999999,0.4999999999999999,0.500000000006663
651,0.09469050142253024,0.7007379797926099,0.5000114639393404,0.49998853579780933,0.35225564118558267,0.5000000000041696,0.4999999999999999,0.4999999999999999,0.49999999999583444
652,0.09031500332813198,0.7013153357611958,0.5000114639393404,0.49998853579780933,0.3665945203015018,0.49999999998814765,0.4999999999999999,0.4999999999999999,0.5000000000118519
653,0.3379096964203524,0.6211417205961168,0.5000114639393404,0.49998853579780933,0.40299585743696875,0.5000000000103149,0.4999999999999999,0.4999999999999999,0.49999999998968453
654,0.41616307245249795,0.5716715020456159,0.5000114639393404,0.49998853579780933,0.48562971281793826,0.5000000000023033,0.4999999999999999,0.4999999999999999,0.4999999999976959
655,0.4031551763346857,0.5809181558486121,0.5000114639393404,0.49998853579780933,0.47931033655082195,0.49999999999764,0.4999999999999999,0.4999999999999999,0.500000000002364
656,0.08454849998726696,0.7020338675234308,0.5000114639393404,0.49998853579780933,0.3653641763962458,0.5000000000035573,0.4999999999999999,0.4999999999999999,0.49999999999644573
657,0.36928221346314916,0.6030179490029774,0.5000114639393404,0.49998853579780933,0.46328944753419143,0.4999999999974951,0.4999999999999999,0.4999999999999999,0.5000000000025054
658,0.3059781601740415,0.6374773450849094,0.5000114639393404,0.49998853579780933,0.4354366336884938,0.5000000000027469,0.4999999999999999,0.4999999999999999,0.4999999999972493
659,0.5376063886463347,0.4593249077577328,0.5000114639393404,0.49998853579780933,0.5484538122951528,0.49999999999827033,0.4999999999999999,0.4999999999999999,0.5000000000017335
660,0.1465680833052645,0.6917498080637385,0.5000114639393404,0.49998853579780933,0.3566329704187656,0.5000000000043594,0.4999999999999999,0.4999999999999999,0.49999999999563877
661,0.19267702345145032,0.6803495900152249,0.5000114639393404,0.49998853579780933,0.36391503242288153,0.4999999999954842,0.4999999999999999,0.4999999999999999,0.5000000000045112
662,0.5193062099728813,0.47991776780951373,0.5000114639393404,0.49998853579780933,0.47913875780479415,0.49999999999412775,0.4999999999999999,0.4999999999999999,0.5000000000058711
663,0.694638653735052,0.1322011374276252,0.5000114639393404,0.49998853579780933,0.5708219520506643,0.49999999999276634,0.4999999999999999,0.4999999999999999,0.5000000000072371
664,0.6749261562436573,0.21089021698068586,0.5000114639393404,0.49998853579780933,0.6261476909554029,0.5000000000007354,0.4999999999999999,0.4999999999999999,0.49999999999926326
665,0.6913677988786802,0.14835958703247923,0.5000114639393404,0.49998853579780933,0.5689975283982627,0.4999999999928181,0.4999999999999999,0.4999999999999999,0.5000000000071754
666,0.34945037111461175,0.6147230580740117,0.5000114639393404,0.49998853579780933,0.4543097732972034,0.500000000002582,0.4999999999999999,0.4999999999999999,0.49999999999742284
667,0.23708986849617042,0.6661744473157657,0.5000114639393404,0.49998853579780933,0.40860094811210834,0.49999999999699507,0.4999999999999999,0.4999999999999999,0.5000000000030024
668,0.6020389145213905,0.3708761860808917,0.5000114639393404,0.49998853579780933,0.5207707677737208,0.4999999999936618,0.4999999999999999,0.4999999999999999,0.5000000000063407
669,0.4984086665153491,0.5015862848427969,0.5000114639393404,0.49998853579780933,0.5274879589116442,0.5000000000134629,0.4999999999999999,0.4999999999999999,0.49999999998654504
670,0.35692365700908607,0.6104142061479688,0.5000114639393404,0.49998853579780933,0.40986882633842914,0.4999999999948625,0.4999999999999999,0.4999999999999999,0.5000000000051323
671,0.6879933220432054,0.1632947911721508,0.5000114639393404,0.49998853579780933,0.6337890509829663,0.5000000000005759,0.4999999999999999,0.4999999999999999,0.49999999999942635
672,0.6330817215995601,0.3149722746156347,0.5000114639393404,0.49998853579780933,0.6018423805761159,0.4999999999988692,0.4999999999999999,0.4999999999999999,0.5000000000011408
673,0.6352261537578301,0.3106247472144374,0.5000114639393404,0.49998853579780933,0.6030986659015071,0.4999999999988858,0.4999999999999999,0.4999999999999999,0.5000000000011139
674,0.702328187632489,0.08206775837657518,0.5000114639393404,0.49998853579780933,0.6422704344194347,0.49999999999972045,0.4999999999999999,0.4999999999999999,0.5000000000002819
675,0.12831342206435245,0.6953672936261982,0.5000114639393404,0.49998853579780933,0.35468652983325694,0.4999999999957101,0.4999999999999999,0.4999999999999999,0.500000000004293
676,0.6972518757505214,0.1176427718237627,0.5000114639393404,0.49998853579780933,0.5723033843315526,0.4999999999918906,0.4999999999999999,0.4999999999999999,0.500000000008108
677,0.20723659083202886,0.6760569474477226,0.5000114639393404,0.49998853579780933,0.3982033391004733,0.5000000000031123,0.4999999999999999,0.4999999999999999,0.499999999996886
678,0.7070369483677963,0.009937861570672476,0.5000114639393404,0.49998853579780933,0.5777688099487748,0.5000000000077325,0.4999999999999999,0.4999999999999999,0.4999999999922666
679,0.4610746286680093,0.5361065069542262,0.5000114639393404,0.49998853579780933,0.5080964518346682,0.5000000000021029,0.4999999999999999,0.4999999999999999,0.49999999999790196
680,0.3628726838650081,0.6068965441527895,0.5000114639393404,0.49998853579780933,0.4120298950483313,0.49999999999483724,0.4999999999999999,0.4999999999999999,0.5000000000051558
681,0.6008761577498212,0.3727570916549699,0.5000114639393404,0.49998853579780933,0.5835143318285873,0.49999999999863937,0.4999999999999999,0.4999999999999999,0.5000000000013614
682,0.6112741612389582,0.3554488708683839,0.5000114639393404,0.49998853579780933,0.5893921724827259,0.4999999999987068,0.4999999999999999,0.4999999999999999,0.5000000000012942
683,0.28468870123118345,0.6472652805390519,0.5000114639393404,0.49998853579780933,0.4266059700978742,0.500000000002838,0.4999999999999999,0.4999999999999999,0.4999999999971579
684,0.6827016963636243,0.18416947213995596,0.5000114639393404,0.49998853579780933,0.6306817129936855,0.49999999998526795,0.4999999999999999,0.4999999999999999,0.5000000000147278
685,0.4519891244329741,0.5437884068222776,0.5000114639393404,0.49998853579780933,0.5034808171907238,0.4999999999978543,0.4999999999999999,0.4999999999999999,0.5000000000021433
686,0.03447428079968686,0.7062659017419308,0.5000114639393404,0.49998853579780933,0.35721399789046815,0.5000000000037255,0.4999999999999999,0.4999999999999999,0.4999999999962729
687,0.5408857956360495,0.4554586216981245,0.5000114639393404,0.49998853579780933,0.4896964997476267,0.5000000000059779,0.4999999999999999,0.4999999999999999,0.49999999999401995
688,0.43001278979491564,0.5613278957323767,0.5000114639393404,0.49998853579780933,0.49248096137181435,0.49999999999776,0.4999999999999999,0.4999999999999999,0.5000000000022341
689,0.7023415346046853,0.08195345555299945,0.5000114639393404,0.49998853579780933,0.5751346338765371,0.49999999999202277,0.4999999999999999,0.4999999999999999,0.5000000000079791
690,0.48849786407925133,0.5112434222462008,0.5000114639393404,0.49998853579780933,0.4646646101144866,0.5000000000096702,0.4999999999999999,0.4999999999999999,0.4999999999903279
691,0.46516956733422604,0.5325572960969503,0.5000114639393404,0.49998853579780933,0.5101317527168592,0.500000000002093,0.4999999999999999,0.4999999999999999,0.4999999999979131
692,0.3552280244525313,0.611402527508309,0.5000114639393404,0.49998853579780933,0.45680608542604406,0.5000000000128143,0.4999999999999999,0.4999999999999999,0.4999999999871826
693,0.6958292011746408,0.12578445899400503,0.5000114639393404,0.49998853579780933,0.6384198464851752,0.5000000000004396,0.4999999999999999,0.4999999999999999,0.4999999999995617
694,0.5851760776517744,0.3969495662475009,0.5000114639393404,0.49998853579780933,0.5747565842093892,0.5000000000014461,0.4999999999999999,0.4999999999999999,0.4999999999985486
695,0.30631708374604494,0.6373145567185134,0.5000114639393404,0.49998853579780933,0.43564490541928796,0.49999999999725375,0.4999999999999999,0.4999999999999999,0.5000000000027433
696,0.44791522860836264,0.5471489266924676,0.5000114639393404,0.49998853579780933,0.5013873183812297,0.5000000000021668,0.4999999999999999,0.4999999999999999,0.4999999999978344
697,0.2940729761212713,0.643056050990252,0.5000114639393404,0.49998853579780933,0.43055381129194714,0.5000000000027944,0.4999999999999999,0.4999999999999999,0.4999999999972051
698,0.7033644624333785,0.0726528250366134,0.5000114639393404,0.49998853579780933,0.642874184491449,0.5000000000002567,0.4999999999999999,0.4999999999999999,0.49999999999973976
699,0.6055699612472935,0.36508221270687835,0.5000114639393404,0.49998853579780933,0.5861463836631509,0.4999999999986653,0.4999999999999999,0.4999999999999999,0.5000000000013337
700,0.6885851902145004,0.1607807072296406,0.5000114639393404,0.49998853579780933,0.6341479434652522,0.5000000000005633,0.4999999999999999,0.4999999999999999,0.49999999999943984
701,0.14253783755688673,0.692591484834034,0.5000114639393404,0.49998853579780933,0.35613031365297665,0.4999999999956565,0.4999999999999999,0.4999999999999999,0.5000000000043491
702,0.7070394550028288,0.009757513561580231,0.5000114639393404,0.49998853579780933,0.5777664948882815,0.5000000000076761,0.4999999999999999,0.4999999999999999,0.49999999999231926
703,0.4289980718902629,0.5621037753959974,0.5000114639393404,0.49998853579780933,0.4382071551876424,0.49999999999455574,0.4999999999999999,0.4999999999999999,0.5000000000054416
704,0.413542973027594,0.5735697075853067,0.5000114639393404,0.49998853579780933,0.4318240373998383,0.5000000000100063,0.4999999999999999,0.4999999999999999,0.49999999998998934
705,0.32608088240190247,0.6274322737411553,0.5000114639393404,0.49998853579780933,0.4440449946531404,0.4999999999973273,0.4999999999999999,0.4999999999999999,0.5000000000026723
706,0.09130562122963216,0.7011870531690346,0.5000114639393404,0.49998853579780933,0.35198639213084115,0.5000000000041646,0.4999999999999999,0.4999999999999999,0.4999999999958392
707,0.18445641657720294,0.6826242234080873,0.5000114639393404,0.49998853579780933,0.3624667886462491,0.4999999999955148,0.4999999999999999,0.4999999999999999,0.5000000000044822
708,0.6323376852008902,0.31646335260504166,0.5000114639393404,0.49998853579780933,0.6014750632609311,0.5000000000011264,0.4999999999999999,0.4999999999999999,0.4999999999988752
709,0.04241024748846022,0.7058338177964719,0.5000114639393404,0.49998853579780933,0.35836452606395397,0.500000000003703,0.4999999999999999,0.4999999999999999,0.499999999996305
710,0.33103871145843244,0.62483067427579,0.5000114639393404,0.49998853579780933,0.44612605001639605,0.5000000000026545,0.4999999999999999,0.4999999999999999,0.4999999999973432
711,0.005384292351041274,0.7070862814366276,0.5000114639393404,0.49998853579780933,0.353112063809081,0.4999999999884849,0.4999999999999999,0.4999999999999999,0.5000000000115145
712,0.36715567722940484,0.6043150792804282,0.5000114639393404,0.49998853579780933,0.46226704876618785,0.5000000000025182,0.4999999999999999,0.4999999999999999,0.4999999999974809
713,0.04622350731940891,0.7055943504387586,0.5000114639393404,0.49998853579780933,0.3588577571050588,0.500000000003685,0.4999999999999999,0.4999999999999999,0.4999999999963162
714,0.706773851833851,0.02169613707428933,0.5000114639393404,0.49998853579780933,0.5776184302327885,0.4999999999923813,0.4999999999999999,0.4999999999999999,0.5000000000076237
715,0.2691138751620268,0.653894274478126,0.5000114639393404,0.49998853579780933,0.3814177080554154,0.5000000000048076,0.4999999999999999,0.4999999999999999,0.49999999999519035
716,0.48559417378697145,0.5140022357773846,0.5000114639393404,0.49998853579780933,0.4633308909274656,0.5000000000056973,0.4999999999999999,0.4999999999999999,0.4999999999943044
717,0.5707288723739925,0.41745485293467355,0.5000114639393404,0.49998853579780933,0.5666398624743193,0.5000000000015452,0.4999999999999999,0.4999999999999999,0.4999999999984539
718,0.621762961120155,0.3367652397894269,0.5000114639393404,0.49998853579780933,0.5953349311928082,0.4999999999858417,0.4999999999999999,0.4999999999999999,0.5000000000141548
719,0.3037138881341747,0.6385592174218606,0.5000114639393404,0.49998853579780933,0.43453207862540005,0.49999999999724226,0.4999999999999999,0.4999999999999999,0.500000000002755
720,0.07183528825711506,0.703448428359193,0.5000114639393404,0.49998853579780933,0.3513683936852065,0.5000000000040932,0.4999999999999999,0.4999999999999999,0.4999999999959085
721,0.6531887562107169,0.27082180259331934,0.5000114639393404,0.49998853579780933,0.5480281791953403,0.4999999999932705,0.4999999999999999,0.4999999999999999,0.5000000000067278
722,0.09582684533496827,0.7005834875980173,0.5000114639393404,0.49998853579780933,0.352278884849845,0.4999999999958304,0.4999999999999999,0.4999999999999999,0.5000000000041764
723,0.2011893381024181,0.6778811475722797,0.5000114639393404,0.49998853579780933,0.36543374276643353,0.500000000010832,0.4999999999999999,0.4999999999999999,0.499999999989168
724,0.5933633297016635,0.384603638783303,0.5000114639393404,0.49998853579780933,0.5162730666928411,0.49999999999372,0.4999999999999999,0.4999999999999999,0.5000000000062825
725,0.09086525142231563,0.7012442556513084,0.5000114639393404,0.49998853579780933,0.366583955362637,0.4999999999964639,0.4999999999999999,0.4999999999999999,0.5000000000035346
726,0.2800331446609879,0.6492930292951528,0.5000114639393404,0.49998853579780933,0.42493276400960645,0.5000000000028435,0.4999999999999999,0.4999999999999999,0.4999999999971546
727,0.66274151483981,0.24652319263678107,0.5000114639393404,0.49998853579780933,0.5532315213728127,0.5000000000085645,0.4999999999999999,0.4999999999999999,0.49999999999143335
728,0.6741877482799955,0.21323902284414367,0.5000114639393404,0.49998853579780933,0.625696013878335,0.5000000000007501,0.4999999999999999,0.4999999999999999,0.49999999999924866
729,0.5124873534804204,0.4871926852105188,0.5000114639393404,0.49998853579780933,0.5348678868078293,0.5000000000018676,0.4999999999999999,0.4999999999999999,0.4999999999981336
730,0.3778716969507868,0.597672971317539,0.5000114639393404,0.49998853579780933,0.4175467389709489,0.5000000000101525,0.4999999999999999,0.4999999999999999,0.4999999999898507
731,0.6142691146078774,0.3502477076071743,0.5000114639393404,0.49998853579780933,0.5911166567800441,0.4999999999987298,0.4999999999999999,0.4999999999999999,0.500000000001267
732,0.6579526529172076,0.2590334081141093,0.5000114639393404,0.49998853579780933,0.6162342986422187,0.5000000000009204,0.4999999999999999,0.4999999999999999,0.499999999999082
733,0.3988548542764189,0.5838791015442586,0.5000114639393404,0.49998853579780933,0.47719675093118924,0.49999999999761585,0.4999999999999999,0.4999999999999999,0.5000000000023783
734,0.4394457812551231,0.5539741972097054,0.5000114639393404,0.49998853579780933,0.44263764739978884,0.5000000000054929,0.4999999999999999,0.4999999999999999,0.49999999999450373
735,0.2581025683312153,0.6583183608413418,0.5000114639393404,0.49998853579780933,0.4163139297854977,0.5000000000029324,0.4999999999999999,0.4999999999999999,0.49999999999706846
736,0.6847790491926679,0.17628857440707238,0.5000114639393404,0.49998853579780933,0.6319187863081858,0.5000000000006135,0.4999999999999999,0.4999999999999999,0.49999999999938355
737,0.705989683171541,0.03973128105356897,0.5000114639393404,0.49998853579780933,0.6444348129999281,0.5000000000001377,0.4999999999999999,0.4999999999999999,0.49999999999986305
738,0.2757624358538267,0.6511183294701254,0.5000114639393404,0.49998853579780933,0.42321438959338054,0.5000000000028633,0.4999999999999999,0.4999999999999999,0.4999999999971395
739,0.614100655255357,0.35054298625837693,0.5000114639393404,0.49998853579780933,0.591022339353633,0.4999999999987318,0.4999999999999999,0.4999999999999999,0.5000000000012678
740,0.15376711188545186,0.6901852470912434,0.5000114639393404,0.49998853579780933,0.38186611876381776,0.4999999999966933,0.4999999999999999,0.4999999999999999,0.5000000000033007
741,0.6316824102047094,0.31776930726231434,0.5000114639393404,0.49998853579780933,0.6010587633374483,0.49999999999885936,0.4999999999999999,0.4999999999999999,0.5000000000011428
742,0.18722460699796598,0.6818701883196929,0.5000114639393404,0.49998853579780933,0.36284529702507634,0.4999999999955017,0.4999999999999999,0.4999999999999999,0.5000000000045048
743,0.4502473159727679,0.5452314686986773,0.5000114639393404,0.49998853579780933,0.44731401270633503,0.499999999994455,0.4999999999999999,0.4999999999999999,0.5000000000055435
744,0.6993320160288873,0.10456926583354438,0.5000114639393404,0.49998853579780933,0.5734521202536714,0.5000000000080532,0.4999999999999999,0.4999999999999999,0.4999999999919412
745,0.5935970526906077,0.384242812602947,0.5000114639393404,0.49998853579780933,0.5794615289060322,0.5000000000013985,0.4999999999999999,0.4999999999999999,0.4999999999986012
746,0.4686084990218586,0.5295338276677697,0.5000114639393404,0.49998853579780933,0.4555278542464934,0.5000000000056216,0.4999999999999999,0.4999999999999999,0.49999999999437694
747,0.43164663993953867,0.5600724758715582,0.5000114639393404,0.49998853579780933,0.4393546870632806,0.4999999999945407,0.4999999999999999,0.4999999999999999,0.5000000000054503
748,0.2908305490301802,0.6445289700882367,0.5000114639393404,0.49998853579780933,0.42923321452793156,0.49999999999719363,0.4999999999999999,0.4999999999999999,0.5000000000028069
749,0.5612584924262344,0.4301033651105562,0.5000114639393404,0.49998853579780933,0.4998745923718532,0.5000000000060834,0.4999999999999999,0.4999999999999999,0.4999999999939107
750,0.5514899617610644,0.4425594032151032,0.5000114639393404,0.49998853579780933,0.5560351780534177,0.4999999999983469,0.4999999999999999,0.4999999999999999,0.5000000000016573
751,0.5605958575606909,0.43096668605101474,0.5000114639393404,0.49998853579780933,0.4994951050254438,0.500000000006092,0.4999999999999999,0.4999999999999999,0.49999999999390843
752,0.15092546309024632,0.6908122117260841,0.5000114639393404,0.49998853579780933,0.381120305471538,0.5000000000033115,0.4999999999999999,0.4999999999999999,0.49999999999668865
753,0.6597147100601564,0.25451228392968794,0.5000114639393404,0.49998853579780933,0.6172821559881128,0.4999999999991073,0.4999999999999999,0.4999999999999999,0.5000000000008937
754,0.2211650801035626,0.6716293675404503,0.5000114639393404,0.49998853579780933,0.3695658019287028,0.4999999999892427,0.4999999999999999,0.4999999999999999,0.5000000000107581
755,0.6877986807824991,0.16411271114996423,0.5000114639393404,0.49998853579780933,0.6336905490152643,0.4999999999994259,0.4999999999999999,0.4999999999999999,0.5000000000005753
756,0.4419674393794527,0.5519644757847768,0.5000114639393404,0.49998853579780933,0.44377956407225455,0.49999999999011596,0.4999999999999999,0.4999999999999999,0.5000000000098779
757,0.5951392126356987,0.38184986262058046,0.5000114639393404,0.49998853579780933,0.5803184856554975,0.4999999999986083,0.4999999999999999,0.4999999999999999,0.5000000000013876
758,0.3915619253651081,0.5887947508295017,0.5000114639393404,0.49998853579780933,0.47374946939571566,0.49999999999759026,0.4999999999999999,0.4999999999999999,0.5000000000024154
759,0.7064650132154694,0.03011951364923897,0.5000114639393404,0.49998853579780933,0.5774457390753256,0.49999999999241224,0.4999999999999999,0.4999999999999999,0.5000000000075879
760,0.42719701063066634,0.5634737946800058,0.5000114639393404,0.49998853579780933,0.4375102233259568,0.49999999999456723,0.4999999999999999,0.4999999999999999,0.5000000000054302
761,0.5971256969117601,0.3787359386184456,0.5000114639393404,0.49998853579780933,0.5181661591156079,0.5000000000063204,0.4999999999999999,0.4999999999999999,0.49999999999368583
762,0.39541047515026134,0.5862171578361094,0.5000114639393404,0.49998853579780933,0.4243883162634323,0.5000000000053062,0.4999999999999999,0.4999999999999999,0.49999999999469547
763,0.34949551709332116,0.614697391837378,0.5000114639393404,0.49998853579780933,0.4071362346577072,0.5000000000051127,0.4999999999999999,0.4999999999999999,0.4999999999948906
764,0.003730310459701633,0.7070969468427578,0.5000114639393404,0.49998853579780933,0.3530874277084432,0.4999999999884841,0.4999999999999999,0.4999999999999999,0.5000000000115147
765,0.6772821854234446,0.20319656017021093,0.5000114639393404,0.49998853579780933,0.627506047674455,0.5000000000007148,0.4999999999999999,0.4999999999999999,0.4999999999992827
766,0.30722610866909006,0.6368768521956487,0.5000114639393404,0.49998853579780933,0.4360043716829523,0.5000000000027428,0.4999999999999999,0.4999999999999999,0.4999999999972591
767,0.06129292844094957,0.704445297324876,0.5000114639393404,0.49998853579780933,0.35119454525072186,0.4999999999959441,0.4999999999999999,0.4999999999999999,0.5000000000040564
768,0.5679449555676941,0.42123452784074206,0.5000114639393404,0.49998853579780933,0.5650972760350346,0.5000000000015652,0.4999999999999999,0.4999999999999999,0.49999999999843786
769,0.39362126002500775,0.5874200454919825,0.5000114639393404,0.49998853579780933,0.4237818212296225,0.5000000000052902,0.4999999999999999,0.4999999999999999,0.4999999999947114
770,0.1487425809219319,0.6912855067948113,0.5000114639393404,0.49998853579780933,0.3803652874741513,0.499999999996671,0.4999999999999999,0.4999999999999999,0.5000000000033293
771,0.3446895790342095,0.6174051296395399,0.5000114639393404,0.49998853579780933,0.45225808814132834,0.4999999999974078,0.4999999999999999,0.4999999999999999,0.5000000000025899
772,0.49770809003966615,0.5022814520854437,0.5000114639393404,0.49998853579780933,0.4689500996304387,0.49999999999037326,0.4999999999999999,0.4999999999999999,0.5000000000096213
773,0.5309159235527149,0.4670420560486748,0.5000114639393404,0.49998853579780933,0.48484094419858176,0.5000000000059269,0.4999999999999999,0.4999999999999999,0.49999999999407896
774,0.7041840560955966,0.06422478151417024,0.5000114639393404,0.49998853579780933,0.6433672909868056,0.5000000000002217,0.4999999999999999,0.4999999999999999,0.4999999999997831
775,0.6239649590695281,0.33266759927286743,0.5000114639393404,0.49998853579780933,0.5323092518438419,0.5000000000064935,0.4999999999999999,0.4999999999999999,0.49999999999350636
776,0.21516049367222112,0.673576995643418,0.5000114639393404,0.49998853579780933,0.36828065530123566,0.49999999999539735,0.4999999999999999,0.4999999999999999,0.500000000004603
777,0.6926278613507646,0.14236096965344847,0.5000114639393404,0.49998853579780933,0.6365394760594482,0.5000000000004939,0.4999999999999999,0.4999999999999999,0.49999999999951034
778,0.6539603986292054,0.26895315024131966,0.5000114639393404,0.49998853579780933,0.5484581951188691,0.49999999999326783,0.4999999999999999,0.4999999999999999,0.5000000000067314
779,0.2308640769962413,0.6683575225526202,0.5000114639393404,0.49998853579780933,0.37176974038765215,0.49999999999533745,0.4999999999999999,0.4999999999999999,0.5000000000046654
780,0.5313897063476678,0.46650292602269944,0.5000114639393404,0.49998853579780933,0.545036878158053,0.5000000000017698,0.4999999999999999,0.4999999999999999,0.49999999999823114
781,0.37699216495985227,0.598228140059363,0.5000114639393404,0.49998853579780933,0.4668941663232568,0.5000000000024712,0.4999999999999999,0.4999999999999999,0.49999999999753014
782,0.7070479881863756,0.009118245533044491,0.5000114639393404,0.49998853579780933,0.6450640463114348,0.50000000000002,0.4999999999999999,0.4999999999999999,0.49999999999998224
783,0.1885183949777808,0.6815136203737991,0.5000114639393404,0.49998853579780933,0.3630788440923258,0.5000000000045066,0.4999999999999999,0.4999999999999999,0.499999999995495
784,0.1732607911732188,0.6855513826417621,0.5000114639393404,0.49998853579780933,0.387397069297239,0.5000000000032387,0.4999999999999999,0.4999999999999999,0.49999999999676287
785,0.6828257053605198,0.18370916171737617,0.5000114639393404,0.49998853579780933,0.5642744886059152,0.49999999999295075,0.4999999999999999,0.4999999999999999,0.5000000000070418
786,0.08455759439891675,0.7020327721904965,0.5000114639393404,0.49998853579780933,0.3516899798340568,0.5000000000041396,0.4999999999999999,0.4999999999999999,0.4999999999958658
787,0.39260297600813565,0.5881010994969776,0.5000114639393404,0.49998853579780933,0.4741727860313765,0.49999999999758626,0.4999999999999999,0.4999999999999999,0.5000000000024126
788,0.6069899525293321,0.36271641474909544,0.5000114639393404,0.49998853579780933,0.5233770959264458,0.49999999999363004,0.4999999999999999,0.4999999999999999,0.5000000000063688
789,0.6835787642107398,0.18088690698920348,0.5000114639393404,0.49998853579780933,0.6311980675736572,0.49999999999936545,0.4999999999999999,0.4999999999999999,0.5000000000006377
790,0.7070184456787647,0.011176981686831256,0.5000114639393404,0.49998853579780933,0.645042827295365,0.5000000000000476,0.4999999999999999,0.4999999999999999,0.49999999999994693
791,0.21535471997031372,0.6735149231332099,0.5000114639393404,0.49998853579780933,0.4008936367113931,0.5000000000030839,0.4999999999999999,0.4999999999999999,0.4999999999969093
792,0.3498049812717263,0.614521338179144,0.5000114639393404,0.49998853579780933,0.4072229389659882,0.5000000000051119,0.4999999999999999,0.4999999999999999,0.49999999999488703
793,0.3823797272014548,0.5947989107465996,0.5000114639393404,0.49998853579780933,0.41935238333796243,0.5000000000052439,0.4999999999999999,0.4999999999999999,0.4999999999947566
794,0.3229019323820288,0.629074194403133,0.5000114639393404,0.49998853579780933,0.44262153638656365,0.5000000000026864,0.4999999999999999,0.4999999999999999,0.49999999999731287
795,0.08044734075446035,0.7025156406554468,0.5000114639393404,0.49998853579780933,0.36444439292769576,0.5000000000035735,0.4999999999999999,0.4999999999999999,0.4999999999964239
796,0.5886579121441944,0.39176761283959843,0.5000114639393404,0.49998853579780933,0.5766707473620649,0.5000000000139508,0.4999999999999999,0.4999999999999999,0.49999999998604894
797,0.5554334230464626,0.43759994579854045,0.5000114639393404,0.49998853579780933,0.5582164977765228,0.49999999999836897,0.4999999999999999,0.4999999999999999,0.5000000000016275
798,0.676981296075862,0.20419678137555297,0.5000114639393404,0.49998853579780933,0.5610734900355271,0.4999999999915808,0.4999999999999999,0.4999999999999999,0.5000000000084164
799,0.38898499570781225,0.5905003582676314,0.5000114639393404,0.49998853579780933,0.4218882529714078,0.5000000000052797,0.4999999999999999,0.4999999999999999,0.4999999999947283
800,0.6242584807879983,0.3321164692758427,0.5000114639393404,0.49998853579780933,0.5325062680815377,0.5000000000064844,0.4999999999999999,0.4999999999999999,0.4999999999935071
801,0.34957727614429895,0.6146508992944965,0.5000114639393404,0.49998853579780933,0.45432082200081214,0.5000000000025845,0.4999999999999999,0.4999999999999999,0.49999999999741634
802,0.03864038701864839,0.7060502304584961,0.5000114639393404,0.49998853579780933,0.3513271402463727,0.49999999999601596,0.4999999999999999,0.4999999999999999,0.5000000000039826
803,0.6304151631557491,0.3202760091909938,0.5000114639393404,0.49998853579780933,0.5357507972726594,0.49999999999345945,0.4999999999999999,0.4999999999999999,0.50000000000654
804,0.48859106180436435,0.5111543582570491,0.5000114639393404,0.49998853579780933,0.5222645389481302,0.49999999999801764,0.4999999999999999,0.4999999999999999,0.5000000000019874
805,0.6503347372254755,0.2776053485757666,0.5000114639393404,0.49998853579780933,0.5464932423599121,0.5000000000086876,0.4999999999999999,0.4999999999999999,0.4999999999913138
806,0.13185597733328572,0.6947042545151676,0.5000114639393404,0.49998853579780933,0.3762220750785847,0.4999999999966238,0.4999999999999999,0.4999999999999999,0.5000000000033671
807,0.7070189255320584,0.011146252262212223,0.5000114639393404,0.49998853579780933,0.5777567776903719,0.5000000000076567,0.4999999999999999,0.4999999999999999,0.4999999999923427
808,0.4540368527007697,0.5420798300078334,0.5000114639393404,0.49998853579780933,0.4490602469614904,0.5000000000055527,0.4999999999999999,0.4999999999999999,0.49999999999445044
809,0.7031444309150178,0.07475231951714514,0.5000114639393404,0.49998853579780933,0.6427475093385466,0.4999999999997403,0.4999999999999999,0.4999999999999999,0.5000000000002573
810,0.4883292523538314,0.5114044791508429,0.5000114639393404,0.49998853579780933,0.5221335132167181,0.5000000000019793,0.4999999999999999,0.4999999999999999,0.4999999999980177
811,0.15951686212137725,0.6888790682688447,0.5000114639393404,0.49998853579780933,0.35848619266775156,0.49999999998901357,0.4999999999999999,0.4999999999999999,0.5000000000109888
812,0.7038073596272296,0.06822902999855862,0.5000114639393404,0.49998853579780933,0.6431381837489851,0.49999999999975847,0.4999999999999999,0.4999999999999999,0.5000000000002384
813,0.5562743814007822,0.4365304257404922,0.5000114639393404,0.49998853579780933,0.4973458259296491,0.4999999999906783,0.4999999999999999,0.4999999999999999,0.5000000000093202
814,0.17231791727438847,0.685788987838189,0.5000114639393404,0.49998853579780933,0.36024372616862116,0.4999999999890679,0.4999999999999999,0.4999999999999999,0.5000000000109269
815,0.19775871560408595,0.6788898956403946,0.5000114639393404,0.49998853579780933,0.3646795111040695,0.5000000000108393,0.4999999999999999,0.4999999999999999,0.49999999998916445
816,0.5129067625368454,0.48675112012605903,0.5000114639393404,0.49998853579780933,0.4761351335864757,0.5000000000058343,0.4999999999999999,0.4999999999999999,0.499999999994167
817,0.10839718887970798,0.698748922579132,0.5000114639393404,0.49998853579780933,0.3704141546013311,0.4999999999965348,0.4999999999999999,0.4999999999999999,0.50000000000347
818,0.4771365548828305,0.5218627290720622,0.5000114639393404,0.49998853579780933,0.5163765095225719,0.49999999999797307,0.4999999999999999,0.4999999999999999,0.500000000002024
819,0.7042197138453774,0.06383255150417558,0.5000114639393404,0.49998853579780933,0.6433886079248717,0.4999999999997805,0.4999999999999999,0.4999999999999999,0.500000000000218
820,0.20185194962466363,0.6776841382123917,0.5000114639393404,0.49998853579780933,0.39640795073313423,0.5000000000031343,0.4999999999999999,0.4999999999999999,0.49999999999685857
821,0.34135565331596507,0.6192546470953841,0.5000114639393404,0.49998853579780933,0.4507464114546346,0.4999999999973925,0.4999999999999999,0.4999999999999999,0.5000000000026058
822,0.3225074747042134,0.6292765121629037,0.5000114639393404,0.49998853579780933,0.442303968742281,0.5000000000027008,0.4999999999999999,0.4999999999999999,0.4999999999972973
823,0.34728123278560363,0.6159510900671485,0.5000114639393404,0.49998853579780933,0.45327524350575943,0.5000000000025918,0.4999999999999999,0.4999999999999999,0.49999999999740563
824,0.673753536357914,0.21460701816390654,0.5000114639393404,0.49998853579780933,0.5592802332060569,0.49999999999154615,0.4999999999999999,0.4999999999999999,0.5000000000084522
825,0.6552447011447774,0.265808919379488,0.5000114639393404,0.49998853579780933,0.5491164021293391,0.5000000000086297,0.4999999999999999,0.4999999999999999,0.4999999999913703
826,0.6677850308586601,0.23251484374357936,0.5000114639393404,0.49998853579780933,0.5559804558488238,0.5000000000085153,0.4999999999999999,0.4999999999999999,0.4999999999914877
827,0.2836476686951289,0.6477221626930941,0.5000114639393404,0.49998853579780933,0.38572797972570416,0.4999999999951473,0.4999999999999999,0.4999999999999999,0.5000000000048537
828,0.5546569984731379,0.4385836454369565,0.5000114639393404,0.49998853579780933,0.49658416864116195,0.5000000000060475,0.4999999999999999,0.4999999999999999,0.49999999999395306
829,0.565562095277827,0.42442846924583355,0.5000114639393404,0.49998853579780933,0.5637595060554367,0.49999999999842254,0.4999999999999999,0.4999999999999999,0.5000000000015814
830,0.109953347695606,0.6985057399123439,0.5000114639393404,0.49998853579780933,0.3707736886897243,0.49999999999654043,0.4999999999999999,0.4999999999999999,0.5000000000034677
831,0.6957990969219754,0.12595085042413862,0.5000114639393404,0.49998853579780933,0.6384026734083658,0.5000000000004388,0.4999999999999999,0.4999999999999999,0.49999999999956163
832,0.4904817954969311,0.5093403658518564,0.5000114639393404,0.49998853579780933,0.5233410857865428,0.5000000000019611,0.4999999999999999,0.4999999999999999,0.49999999999803535
833,0.6437545420737543,0.29254074854525136,0.5000114639393404,0.49998853579780933,0.5428770006709265,0.5000000000087328,0.4999999999999999,0.4999999999999999,0.4999999999912724
834,0.6461955646778752,0.28710850247012304,0.5000114639393404,0.49998853579780933,0.5442300204979885,0.5000000000066648,0.4999999999999999,0.4999999999999999,0.49999999999333006
835,0.5927381173396524,0.38556649783487457,0.5000114639393404,0.49998853579780933,0.5159231870205424,0.49999999999371975,0.4999999999999999,0.4999999999999999,0.5000000000062864
836,0.1297073910841186,0.6951086246208666,0.5000114639393404,0.49998853579780933,0.37531334939752087,0.5000000000034042,0.4999999999999999,0.4999999999999999,0.4999999999965979
837,0.07583105270834374,0.7030289122398479,0.5000114639393404,0.49998853579780933,0.35141547311858345,0.500000000004108,0.4999999999999999,0.4999999999999999,0.4999999999958915
838,0.05537027582507375,0.7049355520578154,0.5000114639393404,0.49998853579780933,0.36027200081140537,0.5000000000117308,0.4999999999999999,0.4999999999999999,0.4999999999882711
839,0.6953763445673652,0.12826433415464297,0.5000114639393404,0.49998853579780933,0.6381554617315315,0.5000000000004459,0.4999999999999999,0.4999999999999999,0.4999999999995592
840,0.1824432080027121,0.6831650429096074,0.5000114639393404,0.49998853579780933,0.3902778924915931,0.4999999999967999,0.4999999999999999,0.4999999999999999,0.500000000003207
841,0.7032348460655159,0.0738968962759247,0.5000114639393404,0.49998853579780933,0.6428083697671763,0.5000000000002545,0.4999999999999999,0.4999999999999999,0.49999999999975026
842,0.3066520479652273,0.6371534520653035,0.5000114639393404,0.49998853579780933,0.3925271751591637,0.5000000000049546,0.4999999999999999,0.4999999999999999,0.49999999999504663
843,0.7070494273226249,0.009005960401192049,0.5000114639393404,0.49998853579780933,0.6450626845367226,0.4999999999999613,0.4999999999999999,0.4999999999999999,0.5000000000000385
844,0.029582069845869228,0.7064877218633236,0.5000114639393404,0.49998853579780933,0.35650284782448194,0.500000000011633,0.4999999999999999,0.4999999999999999,0.4999999999883619
845,0.6953473709579042,0.12842131326977632,0.5000114639393404,0.49998853579780933,0.6381382941780487,0.4999999999995554,0.4999999999999999,0.4999999999999999,0.5000000000004481
846,0.613656048040726,0.35132072911093104,0.5000114639393404,0.49998853579780933,0.5907863583079884,0.49999999999873285,0.4999999999999999,0.4999999999999999,0.5000000000012653
847,0.5006491297867435,0.49935003010335877,0.5000114639393404,0.49998853579780933,0.47033224703242427,0.5000000000057703,0.4999999999999999,0.4999999999999999,0.49999999999423117
848,0.5193111110072873,0.4799124607513092,0.5000114639393404,0.49998853579780933,0.47914255114557264,0.49999999999413064,0.4999999999999999,0.4999999999999999,0.5000000000058696
849,0.6893811911786776,0.15733270774800256,0.5000114639393404,0.49998853579780933,0.5679219433225936,0.49999999999286554,0.4999999999999999,0.4999999999999999,0.5000000000071321
850,0.030645841285952716,0.7064423772763608,0.5000114639393404,0.49998853579780933,0.3517998288123204,0.5000000000039475,0.4999999999999999,0.4999999999999999,0.49999999999605266
851,0.7057946952313828,0.04305642367861992,0.5000114639393404,0.49998853579780933,0.5770695869233866,0.5000000000078387,0.4999999999999999,0.4999999999999999,0.4999999999921593
852,0.16313694510371152,0.6880307675840004,0.5000114639393404,0.49998853579780933,0.38440659494996504,0.49999999998789624,0.4999999999999999,0.4999999999999999,0.5000000000121041
853,0.026588582163103804,0.7066067133126818,0.5000114639393404,0.49998853579780933,0.352119684019644,0.4999999999960734,0.4999999999999999,0.4999999999999999,0.5000000000039213
854,0.15581843358931674,0.6897250346563151,0.5000114639393404,0.49998853579780933,0.35776460522861364,0.5000000000043969,0.4999999999999999,0.4999999999999999,0.499999999995599
855,0.4489594020913928,0.5462924683993609,0.5000114639393404,0.49998853579780933,0.5018966140997349,0.500000000002165,0.4999999999999999,0.4999999999999999,0.4999999999978362
856,0.5501188057904312,0.4442626469957982,0.5000114639393404,0.49998853579780933,0.555253656354862,0.4999999999983356,0.4999999999999999,0.4999999999999999,0.5000000000016679
857,0.5130479374267298,0.48660231596466574,0.5000114639393404,0.49998853579780933,0.4761133982125306,0.4999999999941576,0.4999999999999999,0.4999999999999999,0.5000000000058407
858,0.27956499134247115,0.6494947387128548,0.5000114639393404,0.49998853579780933,0.3844571683303516,0.5000000000048411,0.4999999999999999,0.4999999999999999,0.49999999999515454
859,0.016058233597238736,0.706924423529416,0.5000114639393404,0.49998853579780933,0.3524593075270372,0.5000000000038997,0.4999999999999999,0.4999999999999999,0.49999999999610195
860,0.24754605446832256,0.6623601368720575,0.5000114639393404,0.49998853579780933,0.37576893015581814,0.5000000000106617,0.4999999999999999,0.4999999999999999,0.4999999999893429
861,0.5968646938798055,0.3791471181477806,0.5000114639393404,0.49998853579780933,0.5812767832649773,0.4999999999986203,0.4999999999999999,0.4999999999999999,0.5000000000013808
862,0.20149126973118536,0.6777914642223909,0.5000114639393404,0.49998853579780933,0.3961480514357682,0.500000000003149,0.4999999999999999,0.4999999999999999,0.4999999999968555
863,0.4423166989911249,0.5516846391636341,0.5000114639393404,0.49998853579780933,0.49851755538654957,0.499999999997803,0.4999999999999999,0.4999999999999999,0.5000000000021956
864,0.701161024093567,0.09150529106045895,0.5000114639393404,0.49998853579780933,0.6415729032792963,0.5000000000003209,0.4999999999999999,0.4999999999999999,0.4999999999996782
865,0.5570500443546369,0.43554017964419434,0.5000114639393404,0.49998853579780933,0.49773598302029864,0.5000000000060667,0.4999999999999999,0.4999999999999999,0.4999999999939335
866,0.051213370957773126,0.7052497416278495,0.5000114639393404,0.49998853579780933,0.35115033141687013,0.5000000000040228,0.4999999999999999,0.4999999999999999,0.49999999999597095
867,0.6491145374776199,0.28044663883743626,0.5000114639393404,0.49998853579780933,0.545807345278656,0.5000000000086903,0.4999999999999999,0.4999999999999999,0.4999999999913099
868,0.7068567284162763,0.018803337273975443,0.5000114639393404,0.49998853579780933,0.6449487347209031,0.5000000000000657,0.4999999999999999,0.4999999999999999,0.4999999999999347
869,0.7045278089356526,0.0603371686104572,0.5000114639393404,0.49998853579780933,0.5763601905967206,0.5000000000074779,0.4999999999999999,0.4999999999999999,0.4999999999925204
870,0.6567540276612895,0.2620575396181242,0.5000114639393404,0.49998853579780933,0.6155610573832239,0.4999999999990777,0.4999999999999999,0.4999999999999999,0.5000000000009249
871,0.7069365638573721,0.015514337933995342,0.5000114639393404,0.49998853579780933,0.6449949956993027,0.500000000000061,0.4999999999999999,0.4999999999999999,0.4999999999999378
872,0.1166115811853919,0.6974250832162654,0.5000114639393404,0.49998853579780933,0.3723503719794762,0.5000000000034358,0.4999999999999999,0.4999999999999999,0.49999999999656297
873,0.6324226665852695,0.3162934883761825,0.5000114639393404,0.49998853579780933,0.536805076175436,0.5000000000065571,0.4999999999999999,0.4999999999999999,0.4999999999934403
874,0.15590388654213172,0.689705718521352,0.5000114639393404,0.49998853579780933,0.3825020213362463,0.5000000000120847,0.4999999999999999,0.4999999999999999,0.49999999998791184
875,0.5767946088323199,0.40903298060422133,0.5000114639393404,0.49998853579780933,0.5077288652696453,0.5000000000061849,0.4999999999999999,0.4999999999999999,0.4999999999938175
876,0.20748664885384555,0.6759802441990488,0.5000114639393404,0.49998853579780933,0.3981761818139639,0.4999999999877411,0.4999999999999999,0.4999999999999999,0.5000000000122637
877,0.14370287200497633,0.6923506947909596,0.5000114639393404,0.49998853579780933,0.3790883578667561,0.500000000012044,0.4999999999999999,0.4999999999999999,0.4999999999879592
878,0.10263049041877446,0.6996191695747035,0.5000114639393404,0.49998853579780933,0.3691144286569662,0.4999999999965074,0.4999999999999999,0.4999999999999999,0.5000000000034887
879,0.6910179444098473,0.14998066709942112,0.5000114639393404,0.49998853579780933,0.6355782708091744,0.49999999999947464,0.4999999999999999,0.4999999999999999,0.5000000000005238
880,0.4939799321666102,0.5059484426467521,0.5000114639393404,0.49998853579780933,0.525152050208806,0.4999999999980541,0.4999999999999999,0.4999999999999999,0.5000000000019486
881,0.7065589300091506,0.027829452461857328,0.5000114639393404,0.49998853579780933,0.6447724998660825,0.49999999999990297,0.4999999999999999,0.4999999999999999,0.5000000000000998
882,0.31287192680053194,0.6341223533896633,0.5000114639393404,0.49998853579780933,0.4383750236532307,0.4999999999972791,0.4999999999999999,0.4999999999999999,0.5000000000027227
883,0.6687639893206572,0.22968397297929305,0.5000114639393404,0.49998853579780933,0.6225233592142245,0.4999999999991843,0.4999999999999999,0.4999999999999999,0.500000000000809
884,0.04892807300789287,0.7054119673437217,0.5000114639393404,0.49998853579780933,0.3511787789277224,0.5000000000040182,0.4999999999999999,0.4999999999999999,0.4999999999959876
885,0.6211951852134187,0.33781140248276625,0.5000114639393404,0.49998853579780933,0.5308721870330166,0.4999999999935306,0.4999999999999999,0.4999999999999999,0.5000000000064659
886,0.48144497169200196,0.517890666858874,0.5000114639393404,0.49998853579780933,0.5185884476503122,0.49999999999798955,0.4999999999999999,0.4999999999999999,0.5000000000020078
887,0.6588003821824314,0.2568697265858332,0.5000114639393404,0.49998853579780933,0.5510721794662071,0.5000000000085996,0.4999999999999999,0.4999999999999999,0.49999999999139905
888,0.658901973018847,0.2566090215714647,0.5000114639393404,0.49998853579780933,0.551098370348769,0.5000000000067858,0.4999999999999999,0.4999999999999999,0.49999999999320816
889,0.2011706555093651,0.677886697394656,0.5000114639393404,0.49998853579780933,0.3655499416975297,0.49999999999545747,0.4999999999999999,0.4999999999999999,0.5000000000045474
890,0.6278697793512211,0.3252376672180636,0.5000114639393404,0.49998853579780933,0.5988682647692399,0.5000000000011723,0.4999999999999999,0.4999999999999999,0.4999999999988269
891,0.0,0.7071231714076516,0.5000114639393404,0.49998853579780933,0.35364042352775904,0.4999999999961519,0.4999999999999999,0.4999999999999999,0.5000000000038407
892,0.39497024042199524,0.5865138610305751,0.5000114639393404,0.49998853579780933,0.42433389910034264,0.4999999999899101,0.4999999999999999,0.4999999999999999,0.5000000000100915
893,0.6112710209306756,0.3554542712788272,0.5000114639393404,0.49998853579780933,0.5893825750945507,0.4999999999987057,0.4999999999999999,0.4999999999999999,0.500000000001287
894,0.5035713976742928,0.4964029083762074,0.5000114639393404,0.49998853579780933,0.47169309116975017,0.5000000000057843,0.4999999999999999,0.4999999999999999,0.4999999999942141
895,0.023372012998270113,0.7067204231200062,0.5000114639393404,0.49998853579780933,0.3557041193358946,0.5000000000037735,0.4999999999999999,0.4999999999999999,0.4999999999962289
896,0.13172789580738742,0.6947285576297482,0.5000114639393404,0.49998853579780933,0.37598938387467934,0.5000000000033845,0.4999999999999999,0.4999999999999999,0.49999999999661315
897,0.04302291207804981,0.7057967335120777,0.5000114639393404,0.49998853579780933,0.35127821370843904,0.49999999999600164,0.4999999999999999,0.4999999999999999,0.5000000000039929
898,0.3078747468092573,0.6365635398584615,0.5000114639393404,0.49998853579780933,0.43624389486611126,0.49999999999725503,0.4999999999999999,0.4999999999999999,0.5000000000027446
899,0.41905033414472576,0.5695584407707402,0.5000114639393404,0.49998853579780933,0.4870272207262377,0.4999999999977097,0.4999999999999999,0.4999999999999999,0.5000000000022936
900,0.020473387986327734,0.7068103284363957,0.5000114639393404,0.49998853579780933,0.35572325126277876,0.49999999999623357,0.4999999999999999,0.4999999999999999,0.5000000000037709
901,0.5431127656297097,0.45280075508997747,0.5000114639393404,0.49998853579780933,0.5514674579513096,0.49999999999830336,0.4999999999999999,0.4999999999999999,0.5000000000017024
902,0.3168374499833479,0.6321503278088494,0.5000114639393404,0.49998853579780933,0.44006579296695836,0.5000000000126771,0.4999999999999999,0.4999999999999999,0.49999999998732325
903,0.3293880340273768,0.6257024237124036,0.5000114639393404,0.49998853579780933,0.4001044068802867,0.49999999999496686,0.4999999999999999,0.4999999999999999,0.5000000000050299
904,0.4314677570002876,0.5602102950403038,0.5000114639393404,0.49998853579780933,0.4393018245160239,0.49999999999454775,0.4999999999999999,0.4999999999999999,0.500000000005456
905,0.39106543268717703,0.5891246280348441,0.5000114639393404,0.49998853579780933,0.47344416633265435,0.5000000000129659,0.4999999999999999,0.4999999999999999,0.4999999999870368
906,0.2148929752928232,0.6736623851528296,0.5000114639393404,0.49998853579780933,0.3682604263672245,0.5000000000046009,0.4999999999999999,0.4999999999999999,0.4999999999954006
907,0.6136511394309211,0.3513293028984845,0.5000114639393404,0.49998853579780933,0.5907541524339837,0.4999999999987287,0.4999999999999999,0.4999999999999999,0.5000000000012743
908,0.6825393561190839,0.18477020146265893,0.5000114639393404,0.49998853579780933,0.5641291345614721,0.4999999999929643,0.4999999999999999,0.4999999999999999,0.5000000000070411
909,0.5508791586977305,0.44331947003541156,0.5000114639393404,0.49998853579780933,0.5557181879012839,0.5000000000016529,0.4999999999999999,0.4999999999999999,0.49999999999834494
910,0.45860411491845254,0.5382213910463427,0.5000114639393404,0.49998853579780933,0.506800713046554,0.500000000017499,0.4999999999999999,0.4999999999999999,0.4999999999824986
911,0.6652555363263273,0.23965615240835253,0.5000114639393404,0.49998853579780933,0.6204970142544579,0.49999999999915656,0.4999999999999999,0.4999999999999999,0.5000000000008484
912,0.3571990220423011,0.6102531103173685,0.5000114639393404,0.49998853579780933,0.40998369355311953,0.499999999994864,0.4999999999999999,0.4999999999999999,0.5000000000051348
913,0.6256299759215473,0.32952561847055095,0.5000114639393404,0.49998853579780933,0.597625299464529,0.5000000000011786,0.4999999999999999,0.4999999999999999,0.49999999999881667
914,0.559009324708152,0.433022603208344,0.5000114639393404,0.49998853579780933,0.5601690434998111,0.5000000000016104,0.4999999999999999,0.4999999999999999,0.49999999999838485
915,0.1106639934356513,0.698393505211616,0.5000114639393404,0.49998853579780933,0.35320578884908427,0.49999999999577394,0.4999999999999999,0.4999999999999999,0.5000000000042206
916,0.6913427597957191,0.14847624645888113,0.5000114639393404,0.49998853579780933,0.568984158421343,0.4999999999917974,0.4999999999999999,0.4999999999999999,0.500000000008203
917,0.7023682956389029,0.08172378650858655,0.5000114639393404,0.49998853579780933,0.6422971992252029,0.49999999999972156,0.4999999999999999,0.4999999999999999,0.5000000000002771
918,0.685633306979968,0.17293631301639148,0.5000114639393404,0.49998853579780933,0.6324154687711898,0.5000000000006002,0.4999999999999999,0.4999999999999999,0.4999999999993904
919,0.7000664921406464,0.09953344453949209,0.5000114639393404,0.49998853579780933,0.6409306575384739,0.5000000000003458,0.4999999999999999,0.4999999999999999,0.49999999999966016
920,0.5989583820243456,0.37583090042463674,0.5000114639393404,0.49998853579780933,0.5824899703225066,0.49999999999863765,0.4999999999999999,0.4999999999999999,0.5000000000013672
921,0.5099390844986963,0.4898592962276369,0.5000114639393404,0.49998853579780933,0.47469165062548924,0.5000000000095651,0.4999999999999999,0.4999999999999999,0.49999999999043926
922,0.41779014847328994,0.5704834747400183,0.5000114639393404,0.49998853579780933,0.43345058909866097,0.5000000000054043,0.4999999999999999,0.4999999999999999,0.49999999999459543
923,0.7015420831356035,0.08853646474626013,0.5000114639393404,0.49998853579780933,0.6417923320238565,0.5000000000003185,0.4999999999999999,0.4999999999999999,0.4999999999996894
924,0.31023596362231914,0.6354161275927452,0.5000114639393404,0.49998853579780933,0.3937607300389948,0.4999999999895756,0.4999999999999999,0.4999999999999999,0.5000000000104232
925,0.1749568336815045,0.685120504982987,0.5000114639393404,0.49998853579780933,0.3606781066693887,0.5000000000044617,0.4999999999999999,0.4999999999999999,0.49999999999553923
926,0.3154181057569553,0.6328597200240721,0.5000114639393404,0.49998853579780933,0.39552016675586593,0.5000000000049682,0.4999999999999999,0.4999999999999999,0.499999999995024
927,0.04902886330248085,0.7054049744621257,0.5000114639393404,0.49998853579780933,0.35915378879459986,0.5000000000036771,0.4999999999999999,0.4999999999999999,0.4999999999963194
928,0.1856194453073536,0.6823088953788297,0.5000114639393404,0.49998853579780933,0.3910442113165343,0.5000000000032011,0.4999999999999999,0.4999999999999999,0.49999999999679506
929,0.1853714539262171,0.6823763067906691,0.5000114639393404,0.49998853579780933,0.3626029570957546,0.5000000000108911,0.4999999999999999,0.4999999999999999,0.49999999998910216
930,0.6073833006007986,0.3620573608575008,0.5000114639393404,0.49998853579780933,0.5871720470818953,0.49999999999867806,0.4999999999999999,0.4999999999999999,0.5000000000013177
931,0.671858318630748,0.22046859115679987,0.5000114639393404,0.49998853579780933,0.6243415119323144,0.5000000000007744,0.4999999999999999,0.4999999999999999,0.4999999999992256
932,0.5000774804306288,0.49992251128636644,0.5000114639393404,0.49998853579780933,0.5283236417484526,0.4999999999980777,0.4999999999999999,0.4999999999999999,0.5000000000019227
933,0.523802505314169,0.4750062535859368,0.5000114639393404,0.49998853579780933,0.5409933945273809,0.5000000000018019,0.4999999999999999,0.4999999999999999,0.49999999999818956
934,0.07407126856004967,0.7032165009255024,0.5000114639393404,0.49998853579780933,0.3514014400429937,0.4999999999959032,0.4999999999999999,0.4999999999999999,0.5000000000040989
935,0.11058742530889816,0.6984056281012777,0.5000114639393404,0.49998853579780933,0.35298735885662963,0.4999999999957604,0.4999999999999999,0.4999999999999999,0.5000000000042311
936,0.7070983522158125,0.0034525778608064887,0.5000114639393404,0.49998853579780933,0.6450897962865139,0.49999999999996225,0.4999999999999999,0.4999999999999999,0.5000000000000392
937,0.6994424825465494,0.10382780749452819,0.5000114639393404,0.49998853579780933,0.6405623015892045,0.49999999999964306,0.4999999999999999,0.4999999999999999,0.5000000000003579
938,0.47544798595032545,0.5234015821509733,0.5000114639393404,0.49998853579780933,0.5154397934548843,0.5000000000020415,0.4999999999999999,0.4999999999999999,0.49999999999795813
939,0.3914083329207192,0.5888968644170477,0.5000114639393404,0.49998853579780933,0.4736471625030655,0.5000000000024204,0.4999999999999999,0.4999999999999999,0.499999999997587
940,0.49533894212687357,0.5046180064292534,0.5000114639393404,0.49998853579780933,0.5258348558181715,0.49999999999805245,0.4999999999999999,0.4999999999999999,0.500000000001952
941,0.6829126475897394,0.18338570217431588,0.5000114639393404,0.49998853579780933,0.6308182796068408,0.5000000000006373,0.4999999999999999,0.4999999999999999,0.49999999999935735
942,0.5414116488314382,0.4548334052261652,0.5000114639393404,0.49998853579780933,0.5505717483616952,0.5000000000017085,0.4999999999999999,0.4999999999999999,0.49999999999829736
943,0.2414172624414872,0.664618471303763,0.5000114639393404,0.49998853579780933,0.4101336147528832,0.500000000002991,0.4999999999999999,0.4999999999999999,0.4999999999970083
944,0.5023928412408282,0.4975956521815366,0.5000114639393404,0.49998853579780933,0.5295281139061899,0.49999999999808753,0.4999999999999999,0.4999999999999999,0.5000000000019134
945,0.0925602107320778,0.7010225441376593,0.5000114639393404,0.49998853579780933,0.36689264210136685,0.5000000000035315,0.4999999999999999,0.4999999999999999,0.4999999999964718
946,0.5706542996237192,0.41755678694155546,0.5000114639393404,0.49998853579780933,0.5665877155409738,0.5000000000015442,0.4999999999999999,0.4999999999999999,0.49999999999844885
947,0.48619104555469833,0.5134376955604553,0.5000114639393404,0.49998853579780933,0.5211101014811237,0.4999999999980182,0.4999999999999999,0.4999999999999999,0.5000000000019834
948,0.3667689437924657,0.604549867148573,0.5000114639393404,0.49998853579780933,0.4134727692559407,0.5000000000051756,0.4999999999999999,0.4999999999999999,0.49999999999482264
949,0.6413897698643618,0.2976897120857162,0.5000114639393404,0.49998853579780933,0.6066610281171704,0.5000000000010606,0.4999999999999999,0.4999999999999999,0.4999999999989398
950,0.49021454113891727,0.5095975899236183,0.5000114639393404,0.49998853579780933,0.46542298845319013,0.5000000000057218,0.4999999999999999,0.4999999999999999,0.4999999999942778
951,0.09568843527104791,0.7006024056035073,0.5000114639393404,0.49998853579780933,0.3522465702136793,0.4999999999958248,0.4999999999999999,0.4999999999999999,0.5000000000041724
952,0.025340502352800717,0.7066525730091875,0.5000114639393404,0.49998853579780933,0.3564025026157543,0.5000000000116411,0.4999999999999999,0.4999999999999999,0.49999999998835626
953,0.6754022776268954,0.2093603672532188,0.5000114639393404,0.49998853579780933,0.6264427933696114,0.4999999999992751,0.4999999999999999,0.4999999999999999,0.5000000000007258
954,0.49042102718063,0.5093988772063476,0.5000114639393404,0.49998853579780933,0.46556311663056393,0.4999999999903364,0.4999999999999999,0.4999999999999999,0.5000000000096555
955,0.3808464436969548,0.5957818330571691,0.5000114639393404,0.49998853579780933,0.46873256220198745,0.4999999999975481,0.4999999999999999,0.4999999999999999,0.5000000000024487
956,0.5166170273276456,0.4828114027986138,0.5000114639393404,0.49998853579780933,0.47794169014274696,0.5000000000095343,0.4999999999999999,0.4999999999999999,0.4999999999904593
957,0.4215998822501784,0.5676737965474802,0.5000114639393404,0.49998853579780933,0.4351039442029285,0.4999999999900285,0.4999999999999999,0.4999999999999999,0.5000000000099658
958,0.6992117512663263,0.10537042795464528,0.5000114639393404,0.49998853579780933,0.6404228931284449,0.5000000000157477,0.4999999999999999,0.4999999999999999,0.49999999998425276
959,0.695243892627368,0.12898034642668177,0.5000114639393404,0.49998853579780933,0.5711507260326959,0.4999999999918686,0.4999999999999999,0.4999999999999999,0.5000000000081336
960,0.3546004055831056,0.6117667519621397,0.5000114639393404,0.49998853579780933,0.4567066071322736,0.4999999999974466,0.4999999999999999,0.4999999999999999,0.5000000000025525
961,0.18260248860264316,0.6831224862029659,0.5000114639393404,0.49998853579780933,0.3901862003825496,0.5000000000032114,0.4999999999999999,0.4999999999999999,0.4999999999967885
962,0.6036215237054605,0.3682947951295222,0.5000114639393404,0.49998853579780933,0.5216025226235621,0.4999999999909621,0.4999999999999999,0.4999999999999999,0.5000000000090365
963,0.2098705151534787,0.6752439313827413,0.5000114639393404,0.49998853579780933,0.3669662616815978,0.49999999999540623,0.4999999999999999,0.4999999999999999,0.5000000000046009
964,0.18670875835597403,0.6820116124767704,0.5000114639393404,0.49998853579780933,0.3915762854608495,0.4999999999968093,0.4999999999999999,0.4999999999999999,0.500000000003185
965,0.7013035597769017,0.09040640028582206,0.5000114639393404,0.49998853579780933,0.574553893973782,0.4999999999926231,0.4999999999999999,0.4999999999999999,0.5000000000073768
966,0.12004430836071185,0.6968424242637632,0.5000114639393404,0.49998853579780933,0.3538733837658693,0.49999999999573524,0.4999999999999999,0.4999999999999999,0.5000000000042653
967,0.45583389857832507,0.5405695723981427,0.5000114639393404,0.49998853579780933,0.5053779750868672,0.5000000000021338,0.4999999999999999,0.4999999999999999,0.499999999997866
968,0.23706853977895978,0.666182037769759,0.5000114639393404,0.49998853579780933,0.40860665129150503,0.5000000000030015,0.4999999999999999,0.4999999999999999,0.4999999999969957
969,0.6470883834370834,0.28509056602940724,0.5000114639393404,0.49998853579780933,0.6099354260486438,0.4999999999989858,0.4999999999999999,0.4999999999999999,0.5000000000010161
970,0.47792332574100266,0.5211422979500463,0.5000114639393404,0.49998853579780933,0.5166759936728739,0.5000000000020355,0.4999999999999999,0.4999999999999999,0.49999999999796
971,0.3928754391250092,0.5879191180190795,0.5000114639393404,0.49998853579780933,0.42345830699732084,0.5000000000100947,0.4999999999999999,0.4999999999999999,0.4999999999899066
972,0.020649342732047164,0.7068052098313438,0.5000114639393404,0.49998853579780933,0.3522194818142939,0.49999999999608313,0.4999999999999999,0.4999999999999999,0.5000000000039124
973,0.4031530184286408,0.5809196586903018,0.5000114639393404,0.49998853579780933,0.4275217028980864,0.5000000000053334,0.4999999999999999,0.4999999999999999,0.49999999999466427
974,0.39658979893373236,0.5854199615504271,0.5000114639393404,0.49998853579780933,0.42489700597478147,0.5000000000053073,0.4999999999999999,0.4999999999999999,0.4999999999946947
975,0.5438825561333384,0.4518758330566116,0.5000114639393404,0.49998853579780933,0.49120688833392456,0.4999999999906089,0.4999999999999999,0.4999999999999999,0.5000000000093946
976,0.2974917525804097,0.6414816121401484,0.5000114639393404,0.49998853579780933,0.38984130927488264,0.5000000000048994,0.4999999999999999,0.4999999999999999,0.49999999999509576
977,0.5949973987328775,0.38207079906884844,0.5000114639393404,0.49998853579780933,0.5171409121153879,0.49999999999090394,0.4999999999999999,0.4999999999999999,0.5000000000090955
978,0.18545395387142746,0.6823538898500195,0.5000114639393404,0.49998853579780933,0.36256338292164075,0.500000000010888,0.4999999999999999,0.4999999999999999,0.4999999999891104
979,0.7057088070443163,0.04444186832358258,0.5000114639393404,0.49998853579780933,0.6442695595726126,0.5000000000001524,0.4999999999999999,0.4999999999999999,0.49999999999985045
980,0.4246568274674823,0.5653906427287637,0.5000114639393404,0.49998853579780933,0.4363059183319132,0.49999999999456424,0.4999999999999999,0.4999999999999999,0.5000000000054274
981,0.5432908462012096,0.45258707055545677,0.5000114639393404,0.49998853579780933,0.49088145823562995,0.5000000000059905,0.4999999999999999,0.4999999999999999,0.499999999994006
982,0.6552440608142984,0.26581049785059846,0.5000114639393404,0.49998853579780933,0.5491373255073866,0.5000000000086323,0.4999999999999999,0.4999999999999999,0.49999999999136285
983,0.6146775484121852,0.3495304156693438,0.5000114639393404,0.49998853579780933,0.5913191651936915,0.5000000000012702,0.4999999999999999,0.4999999999999999,0.4999999999987286
984,0.699408226296266,0.1040583153290147,0.5000114639393404,0.49998853579780933,0.5734937830111388,0.500000000008056,0.4999999999999999,0.4999999999999999,0.4999999999919456
985,0.6971521276342435,0.11823244544233563,0.5000114639393404,0.49998853579780933,0.6391970320375078,0.49999999998503414,0.4999999999999999,0.4999999999999999,0.5000000000149684
986,0.07293711995226718,0.7033350386075338,0.5000114639393404,0.49998853579780933,0.35131450715454027,0.500000000004094,0.4999999999999999,0.4999999999999999,0.49999999999589867
987,0.6825988469442678,0.18455030249327573,0.5000114639393404,0.49998853579780933,0.6306315509887056,0.5000000000006477,0.4999999999999999,0.4999999999999999,0.499999999999356
988,0.09178574979197189,0.7011243656692648,0.5000114639393404,0.49998853579780933,0.3667942890192072,0.49999999999647293,0.4999999999999999,0.4999999999999999,0.5000000000035307
989,0.3702254709665758,0.6024392920847582,0.5000114639393404,0.49998853579780933,0.4637901508129018,0.5000000000024978,0.4999999999999999,0.4999999999999999,0.4999999999975099
990,0.26117260593153274,0.6571064372770443,0.5000114639393404,0.49998853579780933,0.4175553219326079,0.49999999998753214,0.4999999999999999,0.4999999999999999,0.500000000012466
991,0.5878082622414634,0.3930412787999113,0.5000114639393404,0.49998853579780933,0.5761528917680375,0.49999999999855627,0.4999999999999999,0.4999999999999999,0.5000000000014425
992,0.5688837875075515,0.41996575611715853,0.5000114639393404,0.49998853579780933,0.5656146746523714,0.49999999998617234,0.4999999999999999,0.4999999999999999,0.5000000000138216
993,0.32222390938552437,0.6294217654739508,0.5000114639393404,0.49998853579780933,0.4423926516802867,0.5000000000026826,0.4999999999999999,0.4999999999999999,0.49999999999731737
994,0.29668653771591075,0.641854421452516,0.5000114639393404,0.49998853579780933,0.43163726741842734,0.4999999999972161,0.4999999999999999,0.4999999999999999,0.5000000000027827
995,0.6969416537868541,0.11946686242150281,0.5000114639393404,0.49998853579780933,0.5721196732929307,0.5000000000072707,0.4999999999999999,0.4999999999999999,0.49999999999272293
996,0.682947986232074,0.18325405343827977,0.5000114639393404,0.49998853579780933,0.6308506172510382,0.5000000000006383,0.4999999999999999,0.4999999999999999,0.49999999999936695
997,0.6120985582956723,0.3540273364196077,0.5000114639393404,0.49998853579780933,0.5260710628247103,0.5000000000064043,0.4999999999999999,0.4999999999999999,0.49999999999359857
998,0.5013337834226967,0.49866265281692107,0.5000114639393404,0.49998853579780933,0.5290033036088776,0.49999999999808503,0.4999999999999999,0.4999999999999999,0.5000000000019135
999,0.6786593805071734,0.1985483448674765,0.5000114639393404,0.49998853579780933,0.56196233915259,0.49999999999300193,0.4999999999999999,0.4999999999999999,0.5000000000069931
1000,0.5431152930933757,0.4527977335459557,0.5000114639393404,0.49998853579780933,0.4908507827399562,0.49999999999401645,0.4999999999999999,0.4999999999999999,0.500000000005986
