traj,F_phi_plus,F_phi_minus,F_psi_plus,F_psi_minus,F_plusplus,F_ee,F_eg,F_ge,F_gg
1,0.6150171863377025,0.3489324583773379,0.4814055347119769,0.517927322265075,0.49984963253727466,0.5000000000012595,0.500000000010945,0.4999999999890504,0.4999999999987376
2,0.5206407245433767,0.4784696813246785,0.5195181110034952,0.4796883700272093,0.2736508125873183,0.4999999999941216,0.49999999999968314,0.5000000000003179,0.5000000000058703
3,0.6898535109179991,0.15524861826797015,0.4907743926430662,0.509058440187204,0.46975699886191036,0.4999999999994573,0.49999999998982153,0.5000000000101783,0.5000000000005466
4,0.33575657353842625,0.6223082235473141,0.5195103405177344,0.47969678557933765,0.2541076272945956,0.5000000000050628,0.5000000000003142,0.49999999999968736,0.4999999999949306
5,0.33071257091469514,0.6250033563421786,0.4853340165078603,0.5142478900494802,0.47014216472449794,0.5000000000026464,0.5000000000028721,0.49999999999712236,0.4999999999973493
6,0.572480249729039,0.4150498400219373,0.5093841042598619,0.4904363713341201,0.6920110379144503,0.5000000000061576,0.5000000000063499,0.499999999993651,0.49999999999384137
7,0.4838923560083295,0.5156046817055747,0.4926513970529512,0.5072421522130947,0.36642490970349506,0.5000000000056918,0.500000000002363,0.499999999997634,0.49999999999430733
8,0.12928710340423913,0.6951869136378642,0.5081515172851483,0.49171336719760256,0.42191260904271816,0.5000000000034005,0.49999999999857764,0.5000000000014252,0.49999999999659744
9,0.1943896459784378,0.6798622401166124,0.5064588457429852,0.4934566217700197,0.2956453879770236,0.49999999999547395,0.5000000000015261,0.4999999999984712,0.500000000004527
10,0.6216209988711724,0.33702720033018385,0.4791170723280955,0.5200450278617745,0.5430079532558764,0.5000000000064783,0.5000000000037083,0.4999999999962912,0.49999999999351785
11,0.48134694012506174,0.5179817823230422,0.5042886586590979,0.49567423651810627,0.6202009635129212,0.5000000000133681,0.4999999999983363,0.5000000000016637,0.4999999999866332
12,0.6226598110798737,0.33510410272925273,0.486593248544223,0.5130565373047867,0.6412860396811907,0.4999999999987824,0.49999999999721784,0.5000000000027803,0.5000000000012192
13,0.6044440269519159,0.3669433447851917,0.4803788486321195,0.5188797180338425,0.506430299429318,0.500000000001332,0.49999999999570643,0.5000000000042943,0.4999999999986607
14,0.2612045365629819,0.6570937452745351,0.4793219118456827,0.5198562347655296,0.39697933173357564,0.500000000002919,0.5000000000036262,0.49999999999636774,0.499999999997079
15,0.6215394956664245,0.33717748342189896,0.47918067136917447,0.5199864269249647,0.5691730157131619,0.5000000000012141,0.4999999999963212,0.5000000000036834,0.4999999999987843
16,0.5366694023990796,0.460419322497017,0.49231118169252946,0.5075723597483469,0.389371570871455,0.5000000000017346,0.5000000000053015,0.49999999999469863,0.4999999999982629
17,0.16133835812181713,0.6884547437548526,0.5075176554116649,0.4923675755423446,0.30299571081390614,0.5000000000044036,0.5000000000014624,0.49999999999853767,0.49999999999560013
18,0.6863264923915687,0.17016446835261265,0.4812675615001073,0.5180555320115235,0.6414885556364245,0.49999999999290123,0.5000000000044155,0.499999999995587,0.5000000000070969
19,0.49864918830039473,0.5013471758398401,0.48838875132914034,0.5113476582279093,0.3934418940406408,0.5000000000096221,0.500000000002651,0.49999999999735273,0.49999999999037825
20,0.40476908206661805,0.5797947881035778,0.47943722961505725,0.5197498849052656,0.42544937663152804,0.4999999999976542,0.5000000000040971,0.49999999999590117,0.5000000000023404
21,0.6432137572122014,0.29372787156305497,0.5086550207693435,0.49119249775026413,0.7357502644641861,0.4999999999933616,0.49999999999092076,0.5000000000090841,0.5000000000066379
22,0.31158093741001097,0.63475768561137,0.4985382983859142,0.5014574409084692,0.30420899205249124,0.49999999999727196,0.5000000000096982,0.49999999999029554,0.5000000000027323
23,0.3210457744346002,0.630023500131292,0.5199664500559052,0.47920234850870513,0.25529852474217013,0.5000000000050039,0.5000000000001781,0.4999999999998208,0.49999999999499267
24,0.7060232054134598,0.03913097772487968,0.5200024259265518,0.4791633093533932,0.3428628635611166,0.5000000000001281,0.5000000000078472,0.49999999999214745,0.4999999999998735
25,0.4660085619219863,0.5318232979246058,0.5062571208152865,0.4936635773720922,0.30676209707779256,0.499999999994395,0.5000000000015359,0.49999999999845957,0.500000000005607
26,0.6965821985598099,0.12154522059538703,0.5177073990690272,0.48164203403480604,0.7949886706970039,0.4999999999995743,0.49999999999938616,0.5000000000006162,0.5000000000004257
27,0.6783393006788856,0.1996391573676774,0.4790750435582523,0.5200837457945192,0.577486102588206,0.5000000000083912,0.49999999999626665,0.500000000003733,0.4999999999916049
28,0.5793730330399417,0.4053725306259628,0.519479592627326,0.47973008332159894,0.7215226955017912,0.49999999999379646,0.5000000000080153,0.49999999999198574,0.5000000000062021
29,0.5992880617730735,0.3753049680143752,0.4801637679730188,0.5190787569588491,0.5070999538445248,0.49999999999862915,0.5000000000042496,0.4999999999957415,0.5000000000013693
30,0.6864847348319263,0.16952495050210986,0.5187828497700641,0.48048345942857124,0.3388549941923529,0.5000000000071027,0.4999999999995377,0.5000000000004587,0.4999999999929004
31,0.1342457321752118,0.694246414029443,0.5041414515113598,0.4958239575373682,0.31171916781826864,0.49999999999569644,0.5000000000016691,0.4999999999983297,0.5000000000043032
32,0.6249553087683181,0.33080335857167276,0.5110707115772893,0.4886785525965765,0.730754216628688,0.49999999999880634,0.4999999999987816,0.5000000000012205,0.5000000000011964
33,0.1866824542877922,0.6820188129817889,0.48089172429668875,0.5184044265850315,0.3438951221425795,0.5000000000045045,0.4999999999966727,0.5000000000033253,0.49999999999549766
34,0.11523052959640628,0.6976545886389134,0.47940627935355146,0.5197784329080797,0.34223911946588664,0.49999999999574724,0.5000000000035978,0.4999999999963969,0.5000000000042526
35,0.5024419700736296,0.4975460448124669,0.4854482759086606,0.5141400309422602,0.4122105123085863,0.500000000005776,0.49999999999713635,0.5000000000028633,0.4999999999942235
36,0.4216345538490695,0.5676480450072007,0.4817417989771842,0.5176145661766379,0.49538299714964595,0.5000000000022816,0.5000000000032193,0.49999999999678374,0.49999999999771927
37,0.21291583512855658,0.6742898836194323,0.5095351901451943,0.4902793999381386,0.470385614643158,0.4999999999877163,0.5000000000013287,0.49999999999867206,0.5000000000122821
38,0.6973929359280171,0.11680365206304569,0.4796072413199035,0.5195930081068382,0.5716014044170655,0.5000000000080912,0.5000000000035544,0.49999999999644673,0.4999999999919096
39,0.13891478072334928,0.6933272558442998,0.5130633507614372,0.48658606443819263,0.30626460891357526,0.5000000000033658,0.5000000000066234,0.49999999999337935,0.49999999999663775
40,0.5592457616475209,0.432717203354895,0.4834480909881068,0.5160212624688589,0.4521974447977197,0.4999999999939137,0.5000000000030365,0.49999999999696354,0.5000000000060838
41,0.4716415924179125,0.5268341373729423,0.47933726877331,0.5198420748313262,0.4580687626454607,0.4999999999943666,0.5000000000036154,0.49999999999637934,0.50000000000563
42,0.6190188527393793,0.34178305978094375,0.503285258604333,0.4966930123039505,0.7049439768827104,0.5000000000064608,0.5000000000059703,0.4999999999940327,0.49999999999354094
43,0.2320944967455304,0.6679312476731672,0.5195807672536583,0.47962050237672893,0.2733521453259926,0.5000000000107182,0.5000000000003054,0.4999999999997009,0.4999999999892776
44,0.18570742357961217,0.6822849551444484,0.5044673346188464,0.4954923897524094,0.44678696739758683,0.5000000000044994,0.4999999999939629,0.500000000006034,0.49999999999550016
45,0.6295399488347625,0.32199294172001,0.4809418661360592,0.5183579085897725,0.5124315909682071,0.500000000001154,0.5000000000043743,0.49999999999562394,0.49999999999885386
46,0.597254510187638,0.3785327595605498,0.48206433995153963,0.5173141909392084,0.48388795066441403,0.5000000000013823,0.5000000000108745,0.499999999989127,0.4999999999986182
47,0.45387790113440535,0.5422129202276729,0.4789957642025771,0.5201567627898179,0.47015276625176006,0.49999999998674843,0.49999999999620065,0.5000000000037933,0.5000000000132455
48,0.41904431141454446,0.5695628719211873,0.5061987042656354,0.49372347705957664,0.586355035281483,0.5000000000022956,0.49999999999845407,0.5000000000015526,0.49999999999770506
49,0.27313311899208215,0.652225651710063,0.4790134500922073,0.5201404758627842,0.3932374742738129,0.500000000004806,0.5000000000039152,0.4999999999960882,0.4999999999951909
50,0.26778528919260164,0.6544394845148294,0.48256632631357604,0.5168459545243869,0.4265306172457215,0.5000000000105793,0.5000000000045735,0.499999999995432,0.49999999998942174
51,0.1025967311268169,0.6996241210550763,0.4878786157992819,0.5118344031479114,0.32616427211654014,0.5000000000034832,0.4999999999949941,0.5000000000050081,0.49999999999651334
52,0.3236372697429905,0.6286962045640979,0.49592707519660656,0.5040400143708214,0.5030708041052296,0.5000000000026815,0.5000000000021682,0.4999999999978304,0.49999999999731787
53,0.5102639936891322,0.4895208440346697,0.5194833440210398,0.479726021062775,0.2713752334885562,0.500000000005816,0.5000000000003222,0.49999999999968203,0.4999999999941823
54,0.6306718859430391,0.31977018666699425,0.499959601893965,0.5000403948422903,0.7021070057895984,0.5000000000011361,0.49999999999807687,0.5000000000019288,0.4999999999988583
55,0.7064693374775629,0.03001791495077382,0.519551820004589,0.4796518595084514,0.8062288211538375,0.500000000000107,0.4999999999996934,0.5000000000003028,0.49999999999989353
56,0.5241049483600521,0.474672521960671,0.5200989638172386,0.47905852235007246,0.2731191616746737,0.5000000000058812,0.49999999999990247,0.5000000000000979,0.49999999999411554
57,0.5066524866256089,0.4932578005425634,0.5074320213465024,0.4924558291991296,0.6442907721233337,0.5000000000018996,0.49999999999853434,0.5000000000014655,0.49999999999810074
58,0.6819132332726137,0.18706776892265004,0.5079748469458819,0.49189587807818846,0.38271838952888654,0.49999999999934025,0.49999999999087386,0.5000000000091305,0.5000000000006628
59,0.2869369000324106,0.6462717825431307,0.5163336977260153,0.4831143887244245,0.5271793973631622,0.4999999999971816,0.49999999999922246,0.5000000000007723,0.5000000000028181
60,0.47571826917697363,0.5231559312205739,0.48643937582428465,0.5132024295029064,0.5540513375951541,0.5000000000097282,0.5000000000049072,0.4999999999950982,0.4999999999902734
61,0.20411500045971845,0.6770059575715193,0.4876254599726475,0.5120755908910944,0.4178697124029567,0.4999999999968719,0.5000000000026953,0.49999999999730443,0.5000000000031288
62,0.6996112076269462,0.10268475136438301,0.4800803567654558,0.5191559024492998,0.6343450921053976,0.500000000000359,0.49999999999654393,0.5000000000034505,0.49999999999964034
63,0.4498025364084595,0.5455984640643058,0.5188914959317212,0.48036612645954635,0.635370540913433,0.5000000000021522,0.5000000000004452,0.4999999999995633,0.4999999999978471
64,0.6769476626056399,0.20430825263008456,0.5141665311760281,0.48542020788014656,0.3533939078890896,0.5000000000083995,0.5000000000009731,0.4999999999990212,0.4999999999915983
65,0.1456601449649989,0.6919415597929987,0.48678577693877295,0.512873870820215,0.3908710192084098,0.5000000000043476,0.5000000000049235,0.499999999995072,0.499999999995645
66,0.5912188349953084,0.38789211018889025,0.5100641205077057,0.48972910161711586,0.7058990647005235,0.4999999999985712,0.49999999999871236,0.5000000000012945,0.5000000000014289
67,0.6205069523751582,0.3390739182746032,0.5192310959929863,0.47999903015935325,0.7477615120010702,0.49999999999876704,0.49999999999961914,0.5000000000003786,0.5000000000012322
68,0.6898804995340682,0.15512864455871764,0.4906958102575601,0.5091341883979804,0.4703094934604539,0.5000000000082282,0.5000000000024925,0.49999999999750144,0.49999999999177247
69,0.27298179341264334,0.6522890007237729,0.5118107898657398,0.487903387339139,0.5103990839710373,0.5000000000028751,0.5000000000011597,0.4999999999988389,0.49999999999712635
70,0.38998022431466167,0.5898435594659689,0.5169417091223172,0.4824637492803975,0.2611706525383471,0.49999999999472633,0.4999999999992952,0.5000000000007055,0.5000000000052717
71,0.22047039449761394,0.671857732134742,0.5099567426883758,0.48984091354914167,0.4756615137395366,0.5000000000123125,0.5000000000012963,0.4999999999986998,0.49999999998768846
72,0.6931384627190096,0.13985375039493145,0.5191584837199267,0.48007756538045726,0.3402079762257904,0.5000000000072087,0.499999999999606,0.5000000000003948,0.49999999999279116
73,0.7033651216926983,0.07264644300928434,0.495389748993396,0.5045681287915973,0.7319047869853622,0.4999999999997486,0.4999999999977962,0.5000000000021978,0.5000000000002552
74,0.3759062146348664,0.5989111100980512,0.5055825351134803,0.4943544277016547,0.5581964053535652,0.4999999999975155,0.5000000000015905,0.49999999999841377,0.500000000002479
75,0.23162814833549336,0.6680931079562679,0.47908398290853504,0.5200755111716906,0.37048604136842367,0.49999999998158334,0.49999999999603495,0.500000000003966,0.5000000000184116
76,0.04591457138360325,0.705614520921061,0.48209607891869816,0.5172846128498453,0.33526091588380313,0.5000000000040102,0.5000000000031755,0.49999999999682265,0.49999999999598843
77,0.06749372619933547,0.7038782596019639,0.5195976251895236,0.47960223925395246,0.334610261463086,0.49999999999592354,0.4999999999996964,0.5000000000003019,0.5000000000040746
78,0.07918001609526783,0.7026596082394095,0.5196297159706019,0.47956746999802646,0.32951302653605585,0.4999999999958848,0.5000000000002762,0.49999999999972033,0.5000000000041227
79,0.526058407890035,0.47250666819443177,0.5198210432218245,0.4793600765852056,0.6868758978617358,0.4999999999982078,0.5000000000002315,0.4999999999997688,0.5000000000017937
80,0.23745555939622323,0.6660441857052914,0.49160499809758357,0.5082563583915853,0.44512355276245735,0.49999999999699224,0.49999999999757244,0.5000000000024286,0.500000000003006
81,0.11227923190163745,0.6981356468764737,0.5195843857101482,0.47961658241370625,0.31482056858163193,0.4999999999965449,0.4999999999920106,0.5000000000079852,0.500000000003455
82,0.010051699628922012,0.7070353338656941,0.48131900271662403,0.5180077389613721,0.34139068229131997,0.5000000000038224,0.499999999996731,0.5000000000032677,0.49999999999618133
83,0.32085249020074924,0.6301219560783279,0.519660058475832,0.47953459064482157,0.554286639546646,0.5000000000049987,0.4999999999925895,0.5000000000074124,0.4999999999950016
84,0.1882556526832278,0.6815862448970134,0.5022527502563142,0.49773705393507717,0.4438467168389679,0.49999999999549355,0.49999999999409944,0.5000000000059023,0.5000000000045063
85,0.5308132271424384,0.4671587716083573,0.4951552473410603,0.5047982577531459,0.37265575415203883,0.4999999999982297,0.5000000000054763,0.49999999999452205,0.5000000000017697
86,0.024723228969311367,0.706674438443422,0.4905791669980047,0.5092465816355979,0.3398757363055315,0.500000000003935,0.49999999999749645,0.5000000000025016,0.49999999999606015
87,0.307292642903395,0.6368447468712037,0.520155288287248,0.47899736540696364,0.25721088671916464,0.4999999999950533,0.499999999999959,0.5000000000000435,0.5000000000049478
88,0.3573253413008452,0.6101791543999485,0.5196913569516869,0.47950067102112864,0.577938341955603,0.5000000000025454,0.49999999999972905,0.5000000000002695,0.4999999999974564
89,0.18071167284938225,0.6836251102000093,0.5081040181258006,0.49176244952661274,0.4501580645802203,0.5000000000032124,0.4999999999985774,0.500000000001421,0.49999999999678474
90,0.14294612913667099,0.6925073317600206,0.5084329222749004,0.491422388121467,0.3058503595529674,0.5000000000043483,0.4999999999985994,0.5000000000014014,0.49999999999564726
91,0.5903989309401569,0.3891389242220788,0.49065227254495714,0.5091761457948172,0.6416865388471595,0.4999999999985773,0.5000000000024899,0.4999999999975063,0.5000000000014199
92,0.6265421472137317,0.32778795640856667,0.5066589430390724,0.4932511687148132,0.3625318323123201,0.49999999999881867,0.5000000000092024,0.49999999999079686,0.5000000000011852
93,0.551331781161395,0.4427564421681515,0.5064916805778945,0.49342291951770684,0.6704124527630283,0.49999999999833433,0.4999999999984722,0.5000000000015252,0.500000000001662
94,0.6884473363087852,0.16136996484605998,0.5077292946701947,0.4921493303192679,0.7632482679809373,0.49999999999944145,0.49999999999855127,0.5000000000014462,0.5000000000005617
95,0.4391263517404892,0.5542274327449789,0.5074797316974234,0.4924066631518195,0.6025280227520765,0.4999999999945037,0.5000000000062296,0.4999999999937691,0.5000000000054984
96,0.033320654846830416,0.7063212682346325,0.5060416929068304,0.4938844045320621,0.34370977028039035,0.5000000000039689,0.5000000000015544,0.49999999999844624,0.49999999999603245
97,0.6857696250664671,0.1723949573978181,0.49414971590005347,0.5057826195866073,0.7157791159614951,0.5000000000005974,0.5000000000130992,0.4999999999868954,0.49999999999940126
98,0.3215795986623164,0.6297511903316917,0.5027812478296192,0.4972031947110637,0.2943632444557389,0.5000000000049939,0.49999999999823963,0.5000000000017574,0.4999999999950054
99,0.18055289322011409,0.6836670627943416,0.5137369384665097,0.48587483784927327,0.2927568236212146,0.49999999999678757,0.5000000000066865,0.49999999999331357,0.5000000000032089
100,0.09971931750475933,0.7000400400808399,0.5037472773330398,0.49622442561763563,0.3208954160124558,0.4999999999958089,0.5000000000016986,0.49999999999830447,0.5000000000041902
101,0.06283508174867192,0.7043094153151973,0.48268564909108175,0.5167345200018235,0.3540068256167535,0.49999999999636535,0.4999999999968812,0.5000000000031128,0.5000000000036322
102,0.7013910629330681,0.08972500675745292,0.5195023771825596,0.47970540970648684,0.8027795652978771,0.5000000000073926,0.500000000008003,0.49999999999199607,0.4999999999926115
103,0.70688799886289,0.01758854938334013,0.5114089017114419,0.48832462077013983,0.37943099309148426,0.5000000000076293,0.4999999999988085,0.5000000000011959,0.4999999999923707
104,0.6970309743947901,0.11894464291705163,0.5181592515789645,0.48115588950269633,0.7965819574010655,0.49999999999958494,0.4999999999994525,0.5000000000005512,0.500000000000416
105,0.24495624657258802,0.6633222725531487,0.47905170937039515,0.5201052391096449,0.37567872688961823,0.49999999999702155,0.49999999999606065,0.5000000000039381,0.5000000000029828
106,0.3761592000295778,0.5987522494597493,0.5030202699020822,0.4969613748246798,0.5525484476552858,0.49999999999477485,0.4999999999940545,0.5000000000059451,0.500000000005227
107,0.3934760910678769,0.5875172950206967,0.5099728800412703,0.48982411294505845,0.5799855845138028,0.4999999999975986,0.49999999999870953,0.500000000001292,0.5000000000023935
108,0.4830385855127037,0.5164046135598381,0.478986619540577,0.5201651836687008,0.48020554833779294,0.500000000005676,0.5000000000038406,0.49999999999616224,0.4999999999943236
109,0.6719577392961522,0.22016538465436114,0.4987962653854444,0.5012008436121491,0.41926569949911097,0.4999999999915337,0.4999999999979983,0.5000000000019986,0.500000000008465
110,0.7067831978748668,0.021389511654422197,0.48636227631295775,0.5132754973497942,0.6925333171507095,0.499999999999938,0.49999999999720257,0.5000000000027981,0.5000000000000568
111,0.30173109069086496,0.6394985188792132,0.5200864776013526,0.4790720778924784,0.5431219551875907,0.5000000000049245,0.5000000000075824,0.4999999999924169,0.49999999999507017
112,0.6914270680533392,0.14808311707675148,0.4911971134269846,0.508650563511926,0.7073047695030504,0.5000000000005176,0.4999999999975444,0.5000000000024576,0.4999999999994865
113,0.5463826464972447,0.44884964476610906,0.4870871605487857,0.5125876491181941,0.5985436401526966,0.5000000000016788,0.4999999999972572,0.5000000000027385,0.4999999999983167
114,0.5461795385323572,0.4490967795960205,0.5001204015709826,0.4998795694289524,0.6489829978602193,0.5000000000060094,0.49999999999039296,0.5000000000096029,0.4999999999939896
115,0.6758819940100985,0.207806472885062,0.5099020263057774,0.48989787054983475,0.3712055782649215,0.5000000000084299,0.49999999999870376,0.5000000000012967,0.4999999999915671
116,0.16167407587902335,0.6883759876999501,0.5192717923026607,0.47995500384804873,0.45701848666861405,0.5000000000032762,0.5000000000003696,0.49999999999962874,0.4999999999967224
117,0.4844404100205694,0.5150897874537066,0.48061469273312696,0.518661273982388,0.5183237889718489,0.4999999999980051,0.49999999999663136,0.5000000000033606,0.5000000000019973
118,0.24734895182285577,0.6624337672795172,0.4902665892833423,0.5095475163637656,0.4457693660293873,0.49999999999702316,0.5000000000025256,0.49999999999747796,0.5000000000029761
119,0.3934259202584247,0.5875508873866303,0.4815149563346017,0.5178255949893569,0.39625474393641774,0.499999999994713,0.4999999999967562,0.5000000000032389,0.5000000000052923
120,0.6433607126150093,0.29340585110645584,0.4877079045886773,0.5119970701104841,0.46409916374923127,0.5000000000066482,0.500000000002692,0.4999999999973066,0.49999999999334815
121,0.7043724922690059,0.062124006106740445,0.48550956596244166,0.5140821542895293,0.6854579085501012,0.5000000000002165,0.4999999999971374,0.5000000000028646,0.49999999999978484
122,0.404246736807027,0.5801590952324029,0.5062316965038025,0.49368964892417916,0.5777491656438125,0.5000000000053487,0.5000000000061503,0.4999999999938471,0.4999999999946616
123,0.20580605639215582,0.6764938042231473,0.48436311633451523,0.5151624710076594,0.4070179353375263,0.49999999999686584,0.49999999999703715,0.5000000000029636,0.5000000000031315
124,0.6484742889740303,0.2819239197720216,0.51856850598971,0.4807147850811327,0.322962993444953,0.49999999999331574,0.499999999999505,0.5000000000004947,0.5000000000066798
125,0.4167927808967226,0.571212550450688,0.4924622641067531,0.507425776277528,0.3451118354596278,0.5000000000100006,0.4999999999976252,0.5000000000023763,0.4999999999900027
126,0.5674802435738223,0.42186037163189233,0.4886917312191327,0.511058110040381,0.42119868106901104,0.5000000000015643,0.5000000000050667,0.49999999999493266,0.49999999999843897
127,0.27630022850739316,0.6508903008393654,0.5199957182386593,0.47917058863567613,0.2619782944768813,0.49999999998747263,0.49999999999214867,0.5000000000078509,0.5000000000125248
128,0.631076821123618,0.31897028990255316,0.495898191573196,0.5040684314598884,0.412920994557156,0.4999999999911604,0.5000000000021594,0.49999999999783923,0.5000000000088496
129,0.32763908052277285,0.6266200067937389,0.4808759163912159,0.5184190901528459,0.3785972824659151,0.5000000000050255,0.49999999998794853,0.5000000000120479,0.499999999994968
130,0.5933583288494967,0.38461135394698864,0.5177987913520334,0.48154377960303335,0.7266177420463914,0.5000000000014113,0.5000000000006085,0.49999999999939304,0.499999999998592
131,0.7049260704770137,0.055490856560677086,0.4914948193756121,0.5083629043576371,0.47381183296384494,0.4999999999998018,0.49999999999474926,0.5000000000052486,0.5000000000001997
132,0.5558918768581314,0.4370174152629902,0.5104121645395615,0.4893663477294294,0.6841554298139616,0.4999999999983731,0.49999999999873923,0.5000000000012622,0.5000000000016278
133,0.24387131785452618,0.6637219149070602,0.5000265771683752,0.49997342141886214,0.29818985007884924,0.5000000000029725,0.50000000000962,0.4999999999903843,0.49999999999702593
134,0.1567291285975171,0.6895186583763051,0.5008670607108278,0.4991314330864082,0.425603682552361,0.5000000000109811,0.5000000000058185,0.4999999999941775,0.49999999998901595
135,0.05518117389324771,0.7049503851162987,0.5090322028261134,0.4908016060344449,0.3363836317963468,0.5000000000040373,0.499999999998634,0.5000000000013621,0.49999999999595823
136,0.06443638156382579,0.7041647198851763,0.5116774965309587,0.4880431738522888,0.33332946397108343,0.5000000000040793,0.49999999999882944,0.5000000000011755,0.4999999999959286
137,0.1969453625277575,0.6791262947190388,0.48415394199239686,0.5153590597372069,0.40262539295456756,0.5000000000045267,0.5000000000047099,0.4999999999952853,0.4999999999954741
138,0.5144894590780429,0.48507792827295604,0.5201643047965611,0.4789875739677518,0.2691873700821324,0.49999999999815675,0.5000000000077091,0.4999999999922932,0.5000000000018437
139,0.19641190802588193,0.6792807737180641,0.48854555919954606,0.5111978448569621,0.3212734623564475,0.49999999999545763,0.50000000000264,0.49999999999735995,0.5000000000045358
140,0.5983323525837743,0.37682674513835746,0.48264344109003204,0.5167739435892338,0.47894129929612433,0.5000000000063126,0.5000000000031166,0.49999999999687933,0.4999999999936901
141,0.16613659303296402,0.6873126162492567,0.4900312199767845,0.5097738748190819,0.31876569045983927,0.49999999999557393,0.5000000000025264,0.4999999999974705,0.5000000000044249
142,0.6972157493648866,0.11785668863957512,0.5123149590303935,0.48737396601961347,0.7816255371262183,0.5000000000004104,0.4999999999988773,0.500000000001124,0.49999999999959066
143,0.37951100744604654,0.5966333842715219,0.505156028683211,0.49479024513929826,0.29300244155550254,0.4999999999947672,0.4999999999983877,0.5000000000016124,0.5000000000052357
144,0.4689535494026091,0.5292282796645255,0.5194998236586589,0.47970817505919977,0.6490123757901414,0.5000000000056236,0.4999999999919933,0.5000000000080125,0.49999999999437883
145,0.4826475541834002,0.5167701055951172,0.4944731415551827,0.5054664304190171,0.5911672727508033,0.5000000000056898,0.5000000000054339,0.499999999994561,0.4999999999943127
146,0.6518574686255437,0.27401065781662165,0.5155660929621194,0.4839334704148647,0.7598181358441904,0.5000000000009789,0.4999999999991473,0.5000000000008524,0.49999999999902073
147,0.3463020456283531,0.6165021451852843,0.5191123455243298,0.4801274546661791,0.25596103208312243,0.5000000000025958,0.4999999999919027,0.5000000000080925,0.49999999999740136
148,0.07001243183629834,0.7036321904806382,0.5185504884235571,0.4807342207037948,0.4035613208380929,0.49999999999591344,0.4999999999928066,0.5000000000071881,0.5000000000040876
149,0.44338096852450737,0.5508296621917433,0.5035788980286766,0.4963952995952114,0.5950725072610585,0.49999999999012623,0.49999999999401046,0.5000000000059857,0.5000000000098742
150,0.2159489097389547,0.6733246440474723,0.47900348782962104,0.5201496502421692,0.36958100038577196,0.5000000000122932,0.4999999999961061,0.5000000000038869,0.49999999998770506
151,0.6411864877931294,0.29812730408695143,0.5121463137915327,0.4875511801541881,0.7441493347742838,0.49999999999893374,0.5000000000011359,0.49999999999886097,0.5000000000010681
152,0.23138923247172352,0.6681758923338517,0.49543674332734744,0.5045219850127324,0.3077237500362512,0.49999999999696776,0.49999999999450456,0.5000000000054913,0.5000000000030246
153,0.005776842055553617,0.7070831885614287,0.501295592569787,0.49870104157712664,0.35235456400375426,0.5000000000038676,0.4999999999981583,0.5000000000018466,0.49999999999613237
154,0.37995800019756754,0.5963488277589092,0.4866031117358871,0.5130471826732419,0.5011300212525958,0.5000000000024631,0.5000000000027777,0.4999999999972216,0.4999999999975409
155,0.4215148135857797,0.5677369654406426,0.5102539702741145,0.48953129197172623,0.28376885389439227,0.4999999999977216,0.4999999999935901,0.5000000000064144,0.5000000000022825
156,0.6394029043413186,0.3019336448955076,0.4912539407897084,0.5085956799448648,0.4419604554448792,0.5000000000010837,0.49999999999476913,0.5000000000052288,0.4999999999989164
157,0.7069537093514198,0.014712336125660173,0.4793350256139191,0.5198441432003437,0.6234427351533403,0.4999999999999578,0.4999999999963727,0.5000000000036234,0.5000000000000484
158,0.11169565350710348,0.6982292467289067,0.5171050828885341,0.48228864101369995,0.42489691425123477,0.5000000000111456,0.49999999999299094,0.5000000000070085,0.4999999999888499
159,0.5271556157040183,0.4712822475244738,0.47898850962215983,0.5201634432079433,0.5031677151187671,0.5000000000017839,0.49999999999615213,0.5000000000038493,0.4999999999982182
160,0.6642002963120317,0.24256538578084344,0.5021105484942847,0.49788050483099733,0.7305778965877733,0.4999999999991403,0.5000000000017927,0.49999999999820777,0.50000000000086
161,0.7043727087718271,0.0621215513122488,0.48383214664320073,0.5156611812756838,0.5245391465328636,0.49999999999979233,0.5000000000046925,0.4999999999953091,0.5000000000002094
162,0.12139027002315966,0.6966092178141939,0.4933011547203255,0.5066102750158097,0.3195559332372254,0.4999999999957288,0.5000000000023279,0.4999999999976731,0.5000000000042701
163,0.5649301756762701,0.4252692048695465,0.5020894946862187,0.4979017366165118,0.6667588859978744,0.499999999998425,0.4999999999982022,0.5000000000017987,0.5000000000015729
164,0.1915415030951911,0.6806701496261114,0.5101797610536852,0.48960863085857037,0.45968864337720783,0.4999999999968322,0.5000000000012867,0.4999999999987127,0.5000000000031659
165,0.22378581316955262,0.6707607001693364,0.5180341033130703,0.481290627173054,0.2754572367804093,0.4999999999953557,0.5000000000005757,0.499999999999433,0.5000000000046484
166,0.37922287200120386,0.5968165659154976,0.49235947469245234,0.5075255143148674,0.5236119913835507,0.5000000000024546,0.5000000000023822,0.49999999999761624,0.4999999999975545
167,0.017728115302387205,0.7068845177085623,0.5188518486397468,0.4804089499198724,0.35794612728195024,0.5000000000039099,0.5000000000004442,0.499999999999553,0.4999999999960931
168,0.15122990581932835,0.6907456229219817,0.4826128529549172,0.5168025098262505,0.3334850425990063,0.5000000000033149,0.4999999999954294,0.500000000004567,0.49999999999668476
169,0.5970345439859174,0.3788796109297824,0.5174891159085739,0.4818765556822226,0.7286405098178367,0.5000000000013753,0.4999999999993598,0.50000000000064,0.49999999999861927
170,0.5134802558095936,0.48614609624444366,0.4821128330534315,0.5172689979161644,0.44252079832448704,0.5000000000095439,0.5000000000031763,0.49999999999682265,0.4999999999904538
171,0.02041557831504949,0.7068120005834531,0.48161785639522453,0.517729891353847,0.3434444111741065,0.49999999999621836,0.49999999999676575,0.5000000000032317,0.5000000000037808
172,0.6647408794259079,0.24107999340481917,0.479629225481412,0.5195727148957127,0.6057012527135214,0.5000000000008568,0.5000000000035456,0.4999999999964553,0.4999999999991405
173,0.32023927052694334,0.63043383178179,0.48701261380977073,0.5126584769514411,0.3423493337055201,0.5000000000049948,0.5000000000027421,0.4999999999972542,0.49999999999500483
174,0.619806557415515,0.34035251047220066,0.49583578179973387,0.5041298220568213,0.408610306854809,0.49999999999354333,0.5000000000021708,0.499999999997825,0.5000000000064585
175,0.031159253541290663,0.7064199182733021,0.49712243738418865,0.5028610963767183,0.3640228148612751,0.4999999999962717,0.4999999999979028,0.5000000000020892,0.500000000003728
176,0.6819519809751228,0.18692644633776576,0.5127686579482412,0.4868966044510417,0.7725335765275606,0.49999999999934486,0.4999999999989072,0.5000000000010876,0.5000000000006599
177,0.3640168801776771,0.6062109459138082,0.4791149391544312,0.5200469931448979,0.41623881798601403,0.49999999999747774,0.5000000000039843,0.49999999999601974,0.5000000000025259
178,0.4732385344319032,0.5254001285351275,0.5174628232786724,0.48190478989574864,0.27039655639285387,0.4999999999943629,0.5000000000006423,0.4999999999993581,0.5000000000056317
179,0.6702082344922875,0.22543496272481056,0.5002400885548801,0.49975979610469107,0.4112876195806675,0.49999999999921,0.5000000000057818,0.49999999999421507,0.5000000000007959
180,0.5497348553865135,0.4447376628678681,0.494463278213443,0.5054760790565809,0.6318279465777418,0.5000000000016676,0.4999999999977435,0.5000000000022562,0.4999999999983371
181,0.28361750602992375,0.6477353717125254,0.4968714828299633,0.5031090632759092,0.30615728785794727,0.5000000000028396,0.5000000000055878,0.4999999999944218,0.4999999999971598
182,0.5729611266788537,0.41438574699776815,0.49110888112299655,0.508735753493029,0.4108103067378931,0.4999999999984601,0.49999999998984446,0.5000000000101572,0.5000000000015398
183,0.31170189184185565,0.6346982988965799,0.5058597750908987,0.4940707317226786,0.5202111562860454,0.5000000000027388,0.4999999999984311,0.5000000000015667,0.4999999999972656
184,0.27534659020694,0.6512942923605325,0.479235248348967,0.519936127557903,0.38055096505843816,0.4999999999971312,0.500000000004033,0.49999999999597133,0.5000000000028643
185,0.47205237153360174,0.5264661091435228,0.48157139499937185,0.5177731081452133,0.5210549499063878,0.4999999999979469,0.5000000000032321,0.4999999999967638,0.5000000000020487
186,0.43680847483514657,0.5560560729928129,0.479795947695167,0.5194187603228253,0.48264406368910273,0.4999999999977794,0.49999999998812766,0.5000000000118765,0.5000000000022162
187,0.6947147038193531,0.13180091291177712,0.4938306935501245,0.5060941079560215,0.45518305263540976,0.5000000000004577,0.5000000000053995,0.49999999999459876,0.49999999999954475
188,0.6832953424906079,0.1819545957942484,0.502621135126612,0.49736505157081073,0.40677362323302174,0.4999999999993664,0.5000000000059242,0.49999999999407524,0.5000000000006393
189,0.6569517337476679,0.2615615023774283,0.4827892300888064,0.5166377447595688,0.6377054065950218,0.4999999999990659,0.5000000000030981,0.499999999996898,0.5000000000009385
190,0.11797160988239846,0.6971963132875529,0.5166898372851149,0.4827334793095246,0.42910252019026424,0.5000000000042671,0.499999999991574,0.5000000000084239,0.4999999999957336
191,0.43135565238801205,0.5602966189019083,0.4978554742585248,0.5021353669587729,0.5712310048815296,0.499999999994546,0.49999999999436445,0.5000000000056379,0.500000000005452
192,0.4415361127242289,0.5523095700423594,0.5178681658597338,0.4814691711720282,0.2638788306431041,0.4999999999901092,0.49999999999940287,0.5000000000006019,0.5000000000098899
193,0.4018318499181684,0.5818343100843614,0.4825055072013207,0.5169027331330265,0.49081567720562663,0.49999999999466793,0.5000000000108252,0.4999999999891716,0.5000000000053344
194,0.6976090891783817,0.11550566521043325,0.5196011036245577,0.47959847071497524,0.8003944417655199,0.49999999998421324,0.5000000000002958,0.4999999999997057,0.5000000000157829
195,0.06082932733832193,0.7044854809969913,0.514029942986677,0.48556484398390776,0.39345997619894735,0.49999999999594236,0.49999999999132344,0.50000000000868,0.5000000000040526
196,0.3718972357334444,0.6014087179729064,0.5164430320271446,0.48299751000456725,0.2604089277424104,0.49999999999751615,0.5000000000084569,0.4999999999915456,0.5000000000024759
197,0.3435816190100803,0.6180223871984032,0.48144566272853734,0.5178900209888943,0.4538533063284871,0.49999999999739675,0.4999999999967469,0.5000000000032512,0.5000000000026044
198,0.07240269997955756,0.7033902537252508,0.47973525135779493,0.519474819990992,0.3375859117528322,0.4999999999958991,0.5000000000118687,0.49999999998813166,0.5000000000041035
199,0.351947108204129,0.6132970186025326,0.47926248528775267,0.5199110214217536,0.4328109166070399,0.49999999999742617,0.500000000003653,0.49999999999635164,0.5000000000025782
200,0.5669145632552021,0.42262025973985023,0.4893995354807337,0.5103803431473865,0.41734113611686513,0.4999999999938767,0.5000000000025756,0.49999999999742645,0.5000000000061229
201,0.47965468487662466,0.519549211601653,0.519211696167526,0.4800200147523476,0.6547968505720613,0.5000000000056597,0.4999999999926887,0.5000000000073149,0.4999999999943338
202,0.6123474458677104,0.3535966707129597,0.4795871779631637,0.5196115267517905,0.524772364015759,0.4999999999910218,0.5000000000035579,0.4999999999964402,0.5000000000089762
203,0.6828137755024034,0.18375351745957721,0.5182512483558692,0.48105679870217616,0.33910292790823404,0.4999999999916687,0.49999999999946404,0.500000000000539,0.500000000008333
204,0.6116661278686586,0.354773939316521,0.5116165696227958,0.48810704326755827,0.7235074178883495,0.4999999999987147,0.5000000000011715,0.4999999999988238,0.5000000000012862
205,0.12874575200629784,0.6952873732064526,0.5201643878840332,0.47898748373755085,0.3074860670845658,0.5000000000042931,0.5000000000000185,0.499999999999983,0.4999999999957031
206,0.6199911829528341,0.3400160776503728,0.4891515542050307,0.510618014780915,0.653423362995896,0.4999999999987731,0.49999999999740935,0.5000000000025906,0.5000000000012259
207,0.05429849521323836,0.705018917063632,0.4891900107316112,0.5105811721953791,0.33325003728426106,0.49999999999634404,0.4999999999949021,0.5000000000050994,0.5000000000036544
208,0.7013262152428729,0.09023048254984284,0.5171070665879276,0.4822865141021721,0.7966305980512338,0.5000000000003114,0.5000000000006966,0.4999999999992996,0.49999999999969136
209,0.6583540964395467,0.2580114022698737,0.5160230771452157,0.48344615403742464,0.7655153128689808,0.5000000000067842,0.5000000000068807,0.499999999993114,0.4999999999932145
210,0.3433386716446843,0.618157388173321,0.5169517174292021,0.4824530255340958,0.2610334361136388,0.4999999999973919,0.5000000000069855,0.49999999999301925,0.5000000000026065
211,0.5601471871631518,0.4315496827865921,0.5093643655799126,0.4904568717811725,0.32515056111940316,0.5000000000016104,0.4999999999909687,0.5000000000090318,0.49999999999838907
212,0.1070461053482678,0.6989571741743347,0.5091108334112057,0.49072004167687666,0.41253751110514214,0.500000000011162,0.49999999999366834,0.5000000000063398,0.4999999999888418
213,0.041976214660378534,0.7058597576221669,0.5097506638931107,0.49005536489312085,0.37984276806459116,0.5000000000036996,0.5000000000013168,0.4999999999986804,0.49999999999629574
214,0.454353536911972,0.5418144179473051,0.4981947699194288,0.50179873577454,0.5861262919492632,0.5000000000098261,0.5000000000056599,0.4999999999943394,0.49999999999016986
215,0.4273200303012618,0.5633805034817274,0.5187412380130497,0.48052838416132465,0.62002794113239,0.5000000000022585,0.4999999999995354,0.50000000000047,0.49999999999773764
216,0.5998460442419354,0.3744125040744513,0.4904059164047956,0.5094134245926115,0.6465280114851578,0.49999999999863864,0.49999999999748784,0.500000000002512,0.5000000000013605
217,0.39362521413147844,0.5874173906175655,0.4817794738912796,0.5175794997264097,0.48113134315236145,0.5000000000024049,0.49999999999678907,0.5000000000032099,0.49999999999759714
218,0.5800022538726485,0.4044717363458746,0.48494139604469955,0.5146181520333433,0.6067895162177854,0.5000000000061972,0.49999999999521244,0.5000000000047832,0.4999999999938018
219,0.5573281219402128,0.43518428796844233,0.5201607883122197,0.4789913927226761,0.70820964098041,0.5000000000016271,0.49999999999996864,0.5000000000000303,0.4999999999983778
220,0.5943331796064936,0.38310321274929626,0.5138438202805748,0.48576180207943837,0.3198682653465355,0.5000000000062811,0.5000000000010022,0.49999999999899714,0.49999999999371625
221,0.2837804243568488,0.6476640106967857,0.515757048954927,0.48372995199109026,0.269476899884259,0.5000000000048481,0.4999999999991639,0.5000000000008339,0.4999999999951514
222,0.0,0.7071548021163433,0.4979093545965344,0.5020819401305532,0.3521472699402918,0.49999999998846484,0.5000000000056404,0.49999999999435757,0.5000000000115361
223,0.3178462788858105,0.6316436835736119,0.5201418539606837,0.47901195366957605,0.2547278213242819,0.5000000000049907,0.5000000000000568,0.49999999999994454,0.4999999999950071
224,0.44353748969414153,0.5507036394835487,0.5197931363929951,0.47939033715620305,0.633157782376077,0.49999999999781325,0.500000000000239,0.499999999999766,0.5000000000021823
225,0.6333348522351379,0.31446298926513727,0.5184436016908788,0.4808494898258547,0.7547329887822665,0.5000000000011269,0.5000000000005105,0.4999999999994851,0.49999999999887607
226,0.02781191256845413,0.7065596206494128,0.500123965673707,0.4998760035836899,0.3431477265224656,0.4999999999962503,0.49999999999422373,0.5000000000057729,0.5000000000037563
227,0.5545906787565726,0.43866750396663795,0.519476355814867,0.4797335883063737,0.7045641274179362,0.5000000000016454,0.5000000000003227,0.499999999999681,0.49999999999835115
228,0.6978950560526834,0.11376506817659426,0.47935280542115727,0.5198277483309875,0.618879881712034,0.5000000000003967,0.5000000000036131,0.4999999999963854,0.4999999999996067
229,0.4376061391985849,0.555428543501059,0.488032180374388,0.5116879819958836,0.5394175004736903,0.4999999999977904,0.5000000000026803,0.4999999999973188,0.5000000000022088
230,0.4991349971745712,0.5008635089478352,0.47903509129388716,0.5201205449788093,0.4961034112241255,0.4999999999980709,0.5000000000037532,0.49999999999624334,0.5000000000019268
231,0.07269727219292811,0.7033598699213,0.47972789785143205,0.5194816108612911,0.33767228767469487,0.5000000000040994,0.4999999999964782,0.500000000003518,0.4999999999959014
232,0.5754580709084814,0.41091119683918603,0.49696161726986676,0.5030200303770329,0.3826203295537336,0.49999999999847966,0.4999999999944018,0.500000000005591,0.5000000000015167
233,0.7070102591227589,0.011683361876508518,0.5194956410383212,0.4797127045870071,0.8064933145510239,0.4999999999999751,0.5000000000003133,0.49999999999968436,0.5000000000000298
234,0.0,0.7071147347073606,0.5168313495567257,0.4825819682866049,0.36758667626969016,0.4999999999961396,0.5000000000084063,0.49999999999159406,0.5000000000038568
235,0.09122410823356157,0.701197662629438,0.5162525636035102,0.48320108709811604,0.4123137521020231,0.5000000000035283,0.4999999999992184,0.5000000000007793,0.49999999999646744
236,0.7012832006540287,0.09056418983484565,0.5198156865874863,0.4793658852876112,0.3415702123003244,0.4999999999926321,0.5000000000002275,0.49999999999976774,0.5000000000073688
237,0.18633424931049045,0.682114033517223,0.507668359199193,0.4922121870372597,0.29684015811838654,0.4999999999967986,0.5000000000091477,0.49999999999085554,0.5000000000032017
238,0.387029281248744,0.5917840277128806,0.5088584742099957,0.49098172392123274,0.5723560910496169,0.4999999999975635,0.5000000000013693,0.4999999999986213,0.5000000000024355
239,0.1026036655421256,0.6996231041191542,0.5166387416135787,0.4827881633428291,0.3185901062695711,0.5000000000042033,0.5000000000007495,0.4999999999992551,0.49999999999579803
240,0.1001716776420675,0.6999754584082263,0.519954780538973,0.47921501040208053,0.42122160686074395,0.4999999999958097,0.5000000000075088,0.4999999999924892,0.5000000000041833
241,0.5413007393298649,0.4549653938498413,0.4855605825066988,0.5140339684454337,0.4288305468631859,0.5000000000017096,0.5000000000105534,0.4999999999894525,0.4999999999982901
242,0.22737703484202063,0.6695518531274857,0.513927229184112,0.4856735561085664,0.48715552730369205,0.5000000000046543,0.4999999999933092,0.5000000000066906,0.4999999999953454
243,0.5034171394630921,0.49655934559204473,0.4966586206347439,0.5033191974772995,0.35573300870014646,0.49999999999809863,0.5000000000055713,0.49999999999442807,0.5000000000019035
244,0.6397101128784404,0.3012822123542154,0.5079650240314808,0.4919060218788758,0.7318420100101438,0.49999999999891626,0.49999999999857403,0.5000000000014301,0.5000000000010814
245,0.6821965445765329,0.1860319181426628,0.48232932715549026,0.5170671331323717,0.5265169678439536,0.499999999999348,0.5000000000045365,0.4999999999954614,0.500000000000652
246,0.6709153276633334,0.22332180855357608,0.4806137374435552,0.518662159194731,0.5394747257967067,0.5000000000084653,0.5000000000033685,0.4999999999966348,0.49999999999153144
247,0.4153201131532901,0.5722841982881726,0.5200873584218387,0.4790711216612731,0.6150661866870327,0.4999999999946186,0.500000000007584,0.4999999999924127,0.5000000000053797
248,0.026103392956217213,0.706624803467991,0.519247929048098,0.47998082063688796,0.38028673280027764,0.4999999999962407,0.49999999999961947,0.5000000000003798,0.5000000000037631
249,0.6070300021650669,0.36264938504219557,0.49395168299089304,0.50597602203115,0.4116608998240591,0.5000000000063825,0.5000000000022898,0.49999999999771283,0.49999999999362144
250,0.6683320943550886,0.23093767915812824,0.508154555968606,0.49171022691047067,0.37510340274738085,0.5000000000008201,0.49999999999372624,0.5000000000062716,0.4999999999991817
251,0.6369118991093374,0.3071534461533728,0.47955266646734446,0.5196433777929403,0.5388125195836652,0.5000000000065953,0.4999999999964354,0.5000000000035614,0.4999999999934034
252,0.41024286568969165,0.5759347108403133,0.4803072876574039,0.5189459600220262,0.4762174336013075,0.49999999999767514,0.4999999999965848,0.50000000000341,0.5000000000023307
253,0.7055016305967674,0.04761774065719706,0.51172180775334,0.4879967125602972,0.37758687416634856,0.5000000000075226,0.5000000000011707,0.499999999998833,0.49999999999247124
254,0.7044211845446959,0.061569490715196,0.5183859992928155,0.48091158827500885,0.34875337483346747,0.49999999999251826,0.4999999999994798,0.5000000000005229,0.5000000000074799
255,0.5944078892844479,0.3829872858939439,0.5200803892441945,0.4790786874028176,0.2949553692271559,0.5000000000090913,0.5000000000001089,0.4999999999998908,0.4999999999909108
256,0.0661093702840321,0.7040096243380848,0.5116189105834603,0.4881045895434646,0.39437525676270274,0.5000000000113063,0.499999999993491,0.5000000000065099,0.49999999998869643
257,0.2999384300028077,0.6403412669877292,0.5033870452835814,0.49658985354178936,0.5083186921309228,0.5000000000027771,0.4999999999982781,0.5000000000017123,0.4999999999972226
258,0.27604200265327505,0.6509998573160037,0.4986803394968774,0.5013161866519703,0.48366523625177704,0.5000000000028637,0.49999999999799927,0.500000000001995,0.4999999999971368
259,0.2267149181005071,0.6697763402141681,0.5194722113949711,0.47973807602526214,0.2743039616090812,0.5000000000030486,0.49999999999263395,0.500000000007368,0.4999999999969563
260,0.41075072054063744,0.5755726240669797,0.5040951904833567,0.4958709902096999,0.5761545337570505,0.5000000000023328,0.49999999999832473,0.5000000000016755,0.499999999997669
261,0.6984761640639782,0.11014107226309183,0.47996550110920144,0.5192620896474115,0.6319183383626452,0.500000000008065,0.4999999999957815,0.500000000004222,0.49999999999193223
262,0.23530898724361674,0.6668055792525914,0.4920676793561395,0.5078084273946862,0.3150878439983018,0.5000000000046786,0.4999999999975933,0.5000000000024077,0.49999999999532213
263,0.2146682366485546,0.6737340389746851,0.4896018232408448,0.5101862940919125,0.3199741694714325,0.5000000000030937,0.499999999994872,0.500000000005127,0.4999999999969071
264,0.7070193091079513,0.011121895005727736,0.4799198051499309,0.5193043237109146,0.570542730552504,0.499999999999983,0.5000000000042079,0.49999999999579037,0.5000000000000204
265,0.471028984073713,0.5273819262759005,0.5170685948537066,0.48232776015486845,0.6451491102094499,0.500000000005631,0.49999999999299494,0.5000000000070041,0.49999999999436273
266,0.5483334549322889,0.44646435714625154,0.5121991358521225,0.48749568739870996,0.6834165242518155,0.5000000000060122,0.4999999999934443,0.5000000000065576,0.49999999999398415
267,0.3315578716647344,0.6245553440145643,0.5201063068836858,0.479050550088208,0.5619529276921804,0.5000000000103407,0.4999999999924027,0.5000000000075989,0.4999999999896587
268,0.6232857068797362,0.3339385185431775,0.5036332953417303,0.4963401090212565,0.3737915145547851,0.5000000000088921,0.4999999999982967,0.5000000000017069,0.4999999999911106
269,0.5201694420224082,0.4789819950541932,0.5016870344455795,0.4983072540804442,0.6373739177553203,0.5000000000095085,0.5000000000058632,0.4999999999941294,0.4999999999904903
270,0.625516691192927,0.32974060872002364,0.494103570291267,0.5058276997411493,0.41899455820037357,0.5000000000011898,0.5000000000054189,0.4999999999945806,0.4999999999988096
271,0.3639677354846512,0.6062404535546736,0.5093207596212203,0.4905021547545629,0.2797307834826537,0.5000000000051714,0.5000000000013495,0.4999999999986567,0.4999999999948302
272,0.23307072745129273,0.6675912192392327,0.49577554377934807,0.5041890619502698,0.4538447012855556,0.4999999999969817,0.499999999997832,0.5000000000021694,0.5000000000030185
273,0.37450496725644256,0.599788322902778,0.47930999099823635,0.5198672258656702,0.4155616348146551,0.4999999999947903,0.49999999998825084,0.5000000000117465,0.5000000000052066
274,0.17599277807575414,0.6848551252117304,0.48422092763444075,0.5152961218957897,0.33070402991013476,0.500000000010919,0.5000000000029661,0.499999999997033,0.4999999999890815
275,0.45535104685460864,0.5409763618943185,0.5107076013582882,0.4890580189659108,0.6204418995342089,0.4999999999978713,0.49999999999876177,0.5000000000012357,0.5000000000021296
276,0.07206721634874381,0.7034247108500288,0.5177970486714142,0.48154565348175465,0.3323031532053502,0.49999999998821976,0.5000000000070857,0.4999999999929115,0.500000000011781
277,0.014573733389982552,0.7069565802049516,0.5077530776715511,0.49212479323345143,0.35284357047001985,0.4999999999961029,0.4999999999985535,0.5000000000014462,0.5000000000038997
278,0.5121087908894761,0.48759059290937706,0.48315667703772025,0.5162941268636176,0.4325409230807578,0.49999999999044525,0.5000000000030667,0.49999999999693084,0.5000000000095539
279,0.6094019914855392,0.3586491499689615,0.5178397256267836,0.4814997596705247,0.30954609336067085,0.5000000000013017,0.5000000000070933,0.4999999999929024,0.4999999999986983
280,0.7069970635673705,0.0124560068689908,0.5152959955123253,0.48422106212861227,0.7959183490196003,0.5000000000000205,0.500000000000875,0.49999999999912503,0.49999999999998446
281,0.6726943968330442,0.21790421856730016,0.5189340312157401,0.48032017576423064,0.33180172586216694,0.49999999999923267,0.5000000000072635,0.4999999999927368,0.5000000000007664
282,0.688986472003513,0.15905232414247325,0.5200687044564702,0.47909137191664264,0.3345790334474482,0.5000000000005551,0.5000000000075697,0.4999999999924326,0.4999999999994429
283,0.44965452229688235,0.5457204509434892,0.5188818807572652,0.48037651256260444,0.2611291793171915,0.5000000000055356,0.500000000000452,0.499999999999555,0.49999999999446726
284,0.4589353882215684,0.537938945827418,0.5167192132744142,0.48270203504136233,0.6361411149926463,0.5000000000055721,0.4999999999930438,0.5000000000069585,0.49999999999442346
285,0.10026854251750292,0.6999615842183147,0.5201676117747713,0.47898398267638215,0.3195923508349812,0.4999999999964995,0.5000000000076757,0.49999999999232236,0.5000000000034976
286,0.014100966000188894,0.706966168043325,0.4967387180718119,0.5032401474131123,0.35412936758555524,0.4999999999961799,0.49999999999788675,0.5000000000021114,0.5000000000038217
287,0.705251666825155,0.05118677993722373,0.48624138052136123,0.5133900270444332,0.6906422876622977,0.499999999999823,0.4999999999971982,0.5000000000028051,0.5000000000001785
288,0.056765921817269686,0.7048245385344006,0.48185571423007756,0.5175085223103363,0.33514954728384333,0.4999999999963427,0.5000000000044961,0.49999999999551015,0.5000000000036526
289,0.2294304307361701,0.6688510135350827,0.5200927433479227,0.47906527563248086,0.49876437283601643,0.4999999999953416,0.5000000000075829,0.4999999999924103,0.5000000000046556
290,0.5433573353271393,0.4525072480277366,0.48368928354569873,0.5157951889878842,0.4431138957651469,0.5000000000017072,0.5000000000046743,0.49999999999532446,0.4999999999982961
291,0.23908235701584832,0.6654619647761582,0.4920787249624502,0.5077977239406735,0.4472375476352119,0.5000000000029979,0.4999999999975956,0.5000000000024037,0.4999999999970005
292,0.5257069851674668,0.47289763085628955,0.5093499403320051,0.4904718526926703,0.3125073212881062,0.5000000000017891,0.4999999999936444,0.5000000000063534,0.4999999999982078
293,0.29783350515960905,0.6413230100381072,0.48083321594934747,0.5184586950180418,0.4282116944833752,0.49999999999720507,0.49999999998795364,0.5000000000120493,0.5000000000027921
294,0.6929139503699399,0.14096190046506393,0.520141128833275,0.4790127410581528,0.7987131657788227,0.500000000000478,0.4999999999999338,0.500000000000065,0.49999999999952033
295,0.26573678552131724,0.655273958601126,0.5054749391838766,0.49446444347097074,0.28735803089086853,0.49999999999520395,0.49999999999840833,0.5000000000015925,0.500000000004789
296,0.5401965570940007,0.45627588113310763,0.5139179572690997,0.48568336722226235,0.6826967196082311,0.4999999999940248,0.5000000000086858,0.4999999999913135,0.5000000000059811
297,0.3356425602563254,0.6223697241293696,0.5059930835324754,0.4939342055550569,0.2862785604045164,0.4999999999949425,0.5000000000015653,0.49999999999844263,0.5000000000050618
298,0.22017250225556784,0.6719554077993004,0.48158520092696555,0.5177602671585924,0.3461026887895821,0.49999999999537903,0.5000000000032404,0.4999999999967624,0.5000000000046168
299,0.42620678535557793,0.5642231616274413,0.5170037186461478,0.4823972998536131,0.2636240773077396,0.49999999999773825,0.4999999999916085,0.5000000000083936,0.5000000000022634
300,0.11250441560847894,0.6980993886751362,0.49430288721085885,0.5056329258414756,0.32085696746118036,0.5000000000034603,0.4999999999945701,0.5000000000054323,0.499999999996544
301,0.5425179851541378,0.45351321456412846,0.4994166048209037,0.5005827152720648,0.3591739639729725,0.4999999999940093,0.4999999999980359,0.5000000000019561,0.5000000000059853
302,0.6946631830595458,0.1320721851927131,0.47918187311577903,0.5199853194824344,0.5814276244135387,0.49999999999184175,0.4999999999963189,0.5000000000036773,0.5000000000081567
303,0.5422405433020203,0.4538448999377757,0.4833581242443794,0.5161055354546726,0.5741464111861759,0.49999999999829126,0.5000000000030449,0.49999999999695455,0.5000000000017087
304,0.7068446711115107,0.01925125781843841,0.5083939946108045,0.49146266007059586,0.7771712354068758,0.4999999999923667,0.5000000000062862,0.4999999999937108,0.5000000000076262
305,0.5851884429882984,0.3969313368744387,0.4862745677837661,0.5133585927270624,0.4450185312058604,0.49999999999376993,0.5000000000028019,0.49999999999719685,0.5000000000062284
306,0.7070847219841382,0.00558533227439834,0.4944016725236204,0.5055363351984185,0.7305298519633674,0.500000000007698,0.5000000000054293,0.4999999999945717,0.4999999999923036
307,0.2962801058876186,0.6420421316823592,0.4797207480108409,0.5194882134639023,0.37970518250188745,0.4999999999972217,0.5000000000112108,0.499999999988787,0.5000000000027849
308,0.6297720007584711,0.3215388422269897,0.5196076418268112,0.47959138707360205,0.7551556271169051,0.5000000000011523,0.4999999999997087,0.5000000000002928,0.49999999999884853
309,0.6762378361567064,0.20664556358676534,0.5000617489991298,0.49993824337404863,0.7313728112567098,0.5000000000007229,0.5000000000019207,0.49999999999807765,0.49999999999927375
310,0.7023657936171995,0.08174528705976968,0.5201617576636092,0.4789903400532267,0.8049038065304276,0.49999999999971134,0.5000000000000281,0.4999999999999731,0.5000000000002915
311,0.5728498735489669,0.4145395378138198,0.5108660251942584,0.48889252837634783,0.6961470945901082,0.4999999999984734,0.5000000000012297,0.4999999999987692,0.5000000000015352
312,0.43477584551625925,0.5576468095090455,0.4816055151537937,0.517741371510376,0.5009171310018393,0.499999999997768,0.499999999996763,0.5000000000032334,0.5000000000022281
313,0.6922324291295852,0.14427149427851374,0.480817649043156,0.5184731317711807,0.548951867358556,0.4999999999994943,0.4999999999956452,0.5000000000043586,0.5000000000005073
314,0.11213348861840101,0.6981590654931488,0.4837957313010803,0.5156953464739119,0.37085824313773474,0.49999999999654576,0.5000000000030085,0.49999999999698674,0.5000000000034542
315,0.3947360132414131,0.586671526367419,0.5115236106045141,0.48820446105511806,0.27591063464486965,0.5000000000053005,0.5000000000011843,0.49999999999881267,0.49999999999470196
316,0.5866207588459722,0.39481145536949425,0.5037152715146183,0.4962569145542958,0.6850646640460862,0.4999999999937588,0.5000000000093915,0.4999999999906039,0.5000000000062438
317,0.702761900912107,0.07826691910639053,0.5199719381996487,0.479196393438953,0.8047481387299331,0.4999999999920363,0.5000000000078608,0.4999999999921385,0.5000000000079682
318,0.2724768638678436,0.6525000832618717,0.47916766876950984,0.5199984088494828,0.3812808125809385,0.49999999999712474,0.49999999999600014,0.5000000000040006,0.5000000000028803
319,0.5017437653487588,0.49825013189527034,0.49457065882472573,0.5053710156208703,0.36448994254515166,0.5000000000019156,0.5000000000054373,0.499999999994556,0.4999999999980892
320,0.700014838138912,0.09989607792779052,0.4853613581822359,0.514222084301617,0.6822741207994579,0.4999999999919556,0.5000000000048236,0.4999999999951806,0.500000000008047
321,0.4539916626140729,0.542117671983588,0.5201488792071359,0.47900432509483676,0.2574064847685651,0.500000000002133,0.49999999999236483,0.5000000000076351,0.4999999999978626
322,0.20300555794041775,0.6773394595365719,0.5160834066943963,0.48338175113951753,0.47663984813998667,0.49999999998774586,0.4999999999991998,0.5000000000008006,0.50000000001225
323,0.49471206180034405,0.5052325958499266,0.5025959282142779,0.49739052357521746,0.32878759479601355,0.4999999999903598,0.5000000000017706,0.49999999999823025,0.5000000000096431
324,0.7068532514962157,0.01893359050008971,0.5084544757176107,0.49140008762995874,0.7773635283580271,0.5000000000076328,0.499999999993707,0.5000000000062946,0.4999999999923648
325,0.6811282097400917,0.18990619235889264,0.5167844517854954,0.4826321895530403,0.7824493955647789,0.500000000000664,0.4999999999992727,0.5000000000007243,0.4999999999993312
326,0.5810292416420109,0.4029950624473018,0.4849063492563369,0.514651175507148,0.4522651617616773,0.4999999999985185,0.49999999999522055,0.5000000000047776,0.5000000000014766
327,0.6336143531784019,0.3138994288722291,0.49126676741372116,0.5085832903614406,0.4387323153607405,0.5000000000088172,0.5000000000024554,0.4999999999975414,0.49999999999117917
328,0.398285319803515,0.5842677502900679,0.48545980919836484,0.5141291410269246,0.5061340296571846,0.4999999999946862,0.49999999999517336,0.500000000004823,0.5000000000053193
329,0.6127946558297436,0.35282107333109286,0.5195668698292838,0.47963555724716483,0.30381817220025387,0.5000000000012745,0.500000000007999,0.49999999999199946,0.49999999999872397
330,0.6626366391591689,0.2468049522271423,0.5048881173708675,0.49506362110106344,0.7381369210715985,0.5000000000008692,0.5000000000016236,0.49999999999837264,0.49999999999913153
331,0.6025211318378728,0.37009227503070213,0.5131555179692845,0.4864888635700438,0.7215308790294664,0.49999999999365674,0.5000000000066339,0.4999999999933636,0.5000000000063439
332,0.6710651947433006,0.22287104882451023,0.48087042849086137,0.5184241805732231,0.5359429835462401,0.5000000000007857,0.4999999999956357,0.500000000004367,0.49999999999921574
333,0.5627642008778713,0.42813135158534016,0.49512213288059,0.5048307375069176,0.6422211120390391,0.4999999999984075,0.4999999999977873,0.5000000000022159,0.500000000001592
334,0.6698447782036879,0.22651263345176376,0.4826324284688831,0.5167842286585664,0.5160123081103775,0.5000000000007995,0.5000000000045748,0.49999999999542644,0.4999999999992016
335,0.7019026680713844,0.08563086216002028,0.505936065793958,0.49399260857722743,0.7666241772229617,0.49999999999969613,0.5000000000015647,0.4999999999984374,0.5000000000003003
336,0.7069417174924368,0.015277698414382977,0.4806779451579568,0.5186026542920168,0.5587971151180984,0.5000000000077514,0.5000000000033568,0.4999999999966443,0.499999999992246
337,0.08865828204202778,0.7015266987259674,0.4820835677546517,0.5172962726532473,0.3591411376989642,0.5000000000118339,0.49999999999682043,0.5000000000031765,0.4999999999881643
338,0.4117977271583944,0.5748240008099691,0.5035916508057805,0.49638236193352914,0.5752429746826427,0.5000000000053655,0.5000000000059793,0.499999999994021,0.49999999999463346
339,0.05382783821522022,0.7050550129330622,0.5170424647470454,0.48235577082511977,0.3932453792502531,0.5000000000036622,0.49999999999930095,0.5000000000006944,0.4999999999963408
340,0.6896931604694606,0.1559594552079075,0.5154712621926698,0.48403448002543464,0.7848605118585432,0.5000000000071464,0.500000000006832,0.49999999999316525,0.49999999999285594
341,0.704544867062337,0.0601375951640889,0.5101501506349392,0.4896394835051089,0.38410165587353756,0.5000000000001981,0.5000000000064075,0.49999999999359357,0.4999999999998005
342,0.270387491392819,0.653368664218489,0.5193132504951539,0.47991014561078005,0.2651732137701346,0.49999999998942224,0.49999999999963846,0.5000000000003643,0.5000000000105749
343,0.6993098984453501,0.10471711085003234,0.47958028154436166,0.5196178918723217,0.5728353892886932,0.5000000000003728,0.5000000000041445,0.4999999999958608,0.49999999999962413
344,0.5111277370043888,0.48861890719125606,0.4817194690446605,0.5176353476563674,0.5436961286044807,0.5000000000018707,0.5000000000032162,0.499999999996782,0.49999999999813444
345,0.47650195172278736,0.5224422394433564,0.485899159208238,0.5137139350657458,0.3990171708596857,0.49999999999796046,0.5000000000105295,0.49999999998947664,0.5000000000020386
346,0.5727001046976022,0.41474642032144765,0.5159030496678086,0.48357423767551366,0.30417386363955506,0.4999999999938465,0.4999999999991792,0.5000000000008206,0.5000000000061515
347,0.6259109515299504,0.32899161461672044,0.48795197152317077,0.511764470715432,0.6511011302999017,0.5000000000011768,0.5000000000026744,0.4999999999973212,0.49999999999882294
348,0.0706894577463752,0.7035645016462813,0.49098249936239247,0.5088577260097963,0.3305412549841781,0.5000000000040862,0.500000000002479,0.49999999999752387,0.499999999995914
349,0.647668082764573,0.2837711306106862,0.48451175066186386,0.5150226824816356,0.6448228515311212,0.49999999999330863,0.4999999999952503,0.5000000000047538,0.5000000000066964
350,0.6994358970656148,0.1038721967889995,0.4804488925824773,0.5188148625630089,0.5579298545970942,0.4999999999996337,0.49999999999570727,0.5000000000042956,0.5000000000003659
351,0.7057979774337984,0.043002500512880966,0.5196746765031369,0.47951874895707264,0.8060394659510743,0.4999999999921496,0.499999999992579,0.5000000000074173,0.5000000000078515
352,0.1439476662384269,0.6922998406648032,0.48781378600435726,0.5118961908278841,0.39272393148824347,0.49999999999665434,0.49999999999731204,0.5000000000026905,0.5000000000033473
353,0.28463675414339523,0.6472881261005096,0.5105889572212507,0.48918188515491207,0.27598288489046074,0.5000000000048641,0.5000000000012511,0.49999999999874684,0.49999999999513284
354,0.6598096564465045,0.2542660363869654,0.513108289823424,0.4865386756615395,0.3503921767126649,0.4999999999914045,0.5000000000010684,0.49999999999893546,0.5000000000085876
355,0.27931051578631116,0.6496042147116855,0.48984613843816416,0.5099517238496397,0.46090531147109004,0.500000000004842,0.5000000000102417,0.49999999998975875,0.49999999999515893
356,0.4519790159244178,0.5437968087107484,0.4810206310721135,0.5182848179167329,0.42484766374050714,0.500000000002158,0.49999999999561734,0.500000000004378,0.49999999999784156
357,0.29239924275717855,0.643818827648761,0.4818504215982244,0.5175134502654164,0.3605309239521997,0.500000000004898,0.4999999999878202,0.5000000000121821,0.49999999999509864
358,0.23307864020886943,0.6675884566695127,0.5051375297317096,0.49480913093489315,0.47356844506408097,0.5000000000046675,0.49999999999069394,0.5000000000093043,0.49999999999533024
359,0.30178692185903244,0.6394721681159008,0.4842661293104663,0.5152536423963011,0.45082277023046147,0.4999999999972375,0.5000000000029579,0.4999999999970389,0.5000000000027633
360,0.3266749920601612,0.6271231586939737,0.49614391413418635,0.5038265738005582,0.31211074899206426,0.5000000000026654,0.5000000000055443,0.49999999999445605,0.4999999999973319
361,0.6735930791710265,0.21511012178473568,0.4824448163232985,0.5169593786776474,0.6453075603868084,0.4999999999992424,0.4999999999968661,0.5000000000031346,0.5000000000007588
362,0.3571052924573097,0.6103079633258736,0.5019960274771567,0.4979959722700123,0.5385736558153738,0.49999999999485156,0.499999999994114,0.5000000000058873,0.5000000000051451
363,0.22542867219173232,0.6702103556464052,0.49637633350653254,0.5035975928602262,0.4506944028729782,0.5000000000046299,0.4999999999901709,0.5000000000098318,0.4999999999953652
364,0.5869822052606251,0.39427387778975964,0.4844759769756133,0.5150563345242175,0.4580599838368437,0.500000000001454,0.49999999999525035,0.5000000000047474,0.4999999999985471
365,0.19818180017691436,0.6787665145177676,0.503791514709612,0.4961795135901864,0.4517524419866403,0.5000000000045348,0.4999999999940058,0.5000000000059937,0.49999999999545924
366,0.4912515821900062,0.5085979581121184,0.5057468068609858,0.49418636904503527,0.31516703226345083,0.4999999999942665,0.500000000001577,0.4999999999984223,0.5000000000057343
367,0.5915784089379935,0.3873434988203575,0.49710510534031144,0.5028782300364542,0.6674377919639711,0.499999999993728,0.5000000000055971,0.49999999999440203,0.5000000000062763
368,0.6833973321068566,0.18157118072533038,0.48144984695278487,0.5178861311805365,0.6413149490516,0.4999999999993582,0.5000000000032586,0.4999999999967454,0.5000000000006408
369,0.2377958546791487,0.6659227669162661,0.5200980831029086,0.47905947851251324,0.5026616676970808,0.5000000000030175,0.4999999999999017,0.5000000000000997,0.49999999999698513
370,0.6166148238111699,0.3461013737038666,0.4877985261525512,0.5119107323385617,0.4504055317037744,0.49999999999355643,0.5000000000026965,0.4999999999973074,0.5000000000064422
371,0.29666542435499066,0.6418641803312235,0.5033626749833577,0.4966145562039038,0.5063764508015832,0.49999999998952294,0.4999999999940294,0.5000000000059726,0.5000000000104773
372,0.6304961600151295,0.3201165291049176,0.5095689400188311,0.4902443221171368,0.7300627865880748,0.4999999999988491,0.5000000000013325,0.49999999999867384,0.5000000000011544
373,0.23289070287562805,0.6676540425355714,0.47919821715539873,0.5199702574908368,0.38476299237285994,0.49999999998928385,0.5000000000040167,0.49999999999598327,0.500000000010711
374,0.3076056819001294,0.6366936032839933,0.5122936025830175,0.4873964143820818,0.272246086557031,0.5000000000049486,0.4999999999988708,0.5000000000011261,0.49999999999505024
375,0.07889960558603137,0.7026911499644523,0.4924934865187949,0.5073954727198194,0.3750239443460765,0.49999999999641437,0.4999999999976235,0.5000000000023841,0.5000000000035814
376,0.7063369295139005,0.03298711032118129,0.4827191501803161,0.5167032243456525,0.6672090957234239,0.4999999999921888,0.4999999999954187,0.5000000000045817,0.5000000000078091
377,0.37407691637604695,0.6000553813062497,0.5178861412423552,0.48144983612948233,0.2564332147431003,0.4999999999947787,0.4999999999994068,0.5000000000005955,0.5000000000052222
378,0.6744367432005405,0.21245018103322358,0.5201118804111136,0.47904449882575406,0.786116065365132,0.5000000000069463,0.5000000000077767,0.49999999999222594,0.4999999999930551
379,0.4653527443205013,0.5323972420602595,0.48769341141987005,0.5120108753314211,0.38368889859297556,0.5000000000056045,0.5000000000026961,0.4999999999973027,0.4999999999943881
380,0.7071184051460521,0.0,0.5199020898223392,0.4792721742375247,0.3438892412684687,0.4999999999922963,0.49999999999979944,0.5000000000002006,0.5000000000077055
381,0.4672699909401507,0.5307153244129943,0.4866549785666184,0.5129979842419716,0.39052416482094526,0.49999999999792094,0.5000000000049246,0.49999999999507755,0.5000000000020776
382,0.6526832303572804,0.2720378665009475,0.49939734325394514,0.5006019312296949,0.7142798904188569,0.5000000000009619,0.49999999999803935,0.5000000000019597,0.4999999999990403
383,0.5825783416184405,0.40075238723819157,0.4791115972637487,0.520050071980934,0.5218626774636563,0.49999999999852646,0.4999999999960202,0.500000000003975,0.5000000000014755
384,0.13338732894084687,0.6944118574699386,0.5177982150954586,0.4815443992447165,0.4380124703108319,0.5000000000043155,0.4999999999929142,0.5000000000070838,0.4999999999956907
385,0.7045444951487042,0.0601419517113908,0.5071732137164542,0.4927223673515553,0.39685976605182693,0.5000000000074778,0.5000000000014807,0.4999999999985165,0.49999999999252015
386,0.6946498545760722,0.1321422977580247,0.5117806285930836,0.48793502456460713,0.7783977899203051,0.4999999999995486,0.500000000001167,0.49999999999882877,0.5000000000004549
387,0.30839870205430037,0.6363098673412494,0.4915077197352586,0.5083504317305618,0.32398400783129777,0.5000000000027391,0.49999999999474615,0.5000000000052561,0.49999999999726263
388,0.7058226869946779,0.042595006182277025,0.5056623249520393,0.49427281244683197,0.7685685566517568,0.5000000000078463,0.49999999999073275,0.5000000000092704,0.4999999999921584
389,0.1589582092137487,0.689008191332697,0.5201452906800503,0.4790082218327373,0.29552349691306756,0.5000000000032832,0.4999999999923654,0.5000000000076298,0.49999999999671335
390,0.09565191624533079,0.70060738714247,0.5181549338995951,0.48116053919197055,0.41764386192612957,0.4999999999964931,0.5000000000005532,0.4999999999994486,0.5000000000035096
391,0.5715219520890812,0.41636841652590045,0.5125076527782625,0.48717133109791894,0.699287836441597,0.49999999999845807,0.4999999999988904,0.500000000001112,0.5000000000015418
392,0.4305566325285253,0.5609108569047199,0.48269079420474,0.5167297138640216,0.5072292975629311,0.49999999999454725,0.4999999999954197,0.5000000000045768,0.5000000000054468
393,0.6068612942028452,0.3629316321271051,0.47906521245184164,0.5200928015445614,0.5376440448100622,0.49999999999867023,0.500000000003951,0.49999999999604794,0.5000000000013265
394,0.6872373755363556,0.16644755962270902,0.5200322586208102,0.479130931994313,0.7944587090922548,0.5000000000005815,0.5000000000001411,0.49999999999985917,0.49999999999941913
395,0.08524255229432125,0.7019499374418352,0.518686690907749,0.48058726228976667,0.41201756712490206,0.5000000000035519,0.5000000000004771,0.4999999999995269,0.4999999999964503
396,0.2274342545733602,0.6695324188167872,0.49235640295766636,0.5075284942410488,0.44178478026719037,0.4999999999969544,0.5000000000023822,0.4999999999976162,0.5000000000030436
397,0.6227709539428059,0.33489750510441824,0.4948519362930976,0.5050955960478951,0.6789409907111936,0.5000000000012023,0.4999999999977739,0.5000000000022327,0.4999999999987942
398,0.5323488186750083,0.46540813836387135,0.4794378564362322,0.519749306700674,0.48581355930614223,0.49999999999823463,0.49999999999590217,0.5000000000040986,0.5000000000017667
399,0.19554232591296056,0.6795316030215267,0.5185091760880856,0.4807787789747503,0.47529700510278466,0.49999999999684186,0.5000000000004994,0.49999999999949785,0.5000000000031627
400,0.30099055925583684,0.6398473958536874,0.5064242225251303,0.4934921547905446,0.28544084903237654,0.5000000000027763,0.5000000000061565,0.49999999999384126,0.49999999999722283
401,0.09827312954695723,0.700244523012532,0.5003095106609835,0.49969029762660583,0.3950507229762584,0.49999999999649125,0.49999999999809647,0.5000000000019024,0.5000000000035104
402,0.19850518523684832,0.6786720057834157,0.5018097693844128,0.4981836562457288,0.3005341666159237,0.5000000000045385,0.5000000000018091,0.4999999999981911,0.49999999999546174
403,0.7011169188955965,0.0918426155896465,0.4846066178670613,0.5149334189188426,0.677943527034132,0.5000000000073863,0.5000000000047525,0.4999999999952478,0.4999999999926158
404,0.6766636442873152,0.20524695677257665,0.4860383402354583,0.5135822541922195,0.49298908611602976,0.5000000000007087,0.4999999999951339,0.5000000000048669,0.4999999999992812
405,0.37705413757955486,0.5981890815905424,0.49551810604335556,0.5044420745568364,0.5322701536057693,0.5000000000024704,0.49999999999781447,0.5000000000021848,0.49999999999752825
406,0.616477182303437,0.3463464792649357,0.5182585908311497,0.48104888839879056,0.7430475390284784,0.5000000000064473,0.5000000000071464,0.49999999999285494,0.49999999999355443
407,0.640056530079196,0.30054556776465924,0.5085689260454028,0.4912816376184083,0.3600524629868322,0.5000000000087683,0.4999999999986128,0.500000000001387,0.4999999999912341
408,0.07375316476239996,0.7032499347227329,0.48886510922467974,0.5108922635769118,0.329832751375282,0.49999999999589795,0.4999999999973912,0.5000000000026077,0.5000000000041
409,0.6691879537486445,0.22844579971784526,0.5097650736766439,0.4900403755400646,0.7562672620025404,0.500000000000799,0.5000000000013134,0.49999999999868855,0.4999999999991981
410,0.624529400163304,0.3316067374642254,0.49648345469046495,0.5034919852575795,0.6858756227219994,0.5000000000011947,0.5000000000021353,0.49999999999786254,0.49999999999880956
411,0.6742229202344079,0.21312780422713629,0.514784271764206,0.4847650498377474,0.35033503895681267,0.500000000000753,0.5000000000086199,0.49999999999137795,0.49999999999924766
412,0.34097973231483747,0.6194617211312629,0.49349526969420754,0.5064211871450851,0.5053635127679971,0.5000000000026187,0.49999999999768563,0.5000000000023105,0.49999999999738354
413,0.3850010338759612,0.5931055588294901,0.5198747964758348,0.4793017796641353,0.5954478376068375,0.5000000000024382,0.4999999999997881,0.50000000000021,0.4999999999975629
414,0.6050334503029522,0.36597066004599865,0.48522099422230136,0.514354534116223,0.6232204021081434,0.4999999999986738,0.5000000000028858,0.4999999999971098,0.5000000000013252
415,0.7068809873391243,0.01786812089572599,0.4814173501691499,0.5179163397269115,0.5495083730706275,0.4999999999999338,0.49999999999556816,0.5000000000044397,0.5000000000000625
416,0.6990615727193099,0.10636219980426413,0.4855805686629988,0.5140150886276789,0.5082677913224649,0.5000000000003656,0.5000000000048382,0.49999999999516387,0.4999999999996318
417,0.5882084323924146,0.3924421565788245,0.5037545506432586,0.49621704193448085,0.3589724562797235,0.4999999999937563,0.5000000000016979,0.49999999999829997,0.5000000000062412
418,0.07847943374398872,0.7027382005264979,0.5197329562353489,0.4794555810530041,0.33053058940201785,0.5000000000035789,0.49999999999256345,0.5000000000074456,0.4999999999964188
419,0.6420966513757104,0.29616193255059353,0.5002517884609379,0.4997480846803004,0.7103550065075349,0.4999999999989403,0.49999999999809347,0.5000000000019024,0.5000000000010627
420,0.6671188477148742,0.2344193742496177,0.5015928192805729,0.4984020903308551,0.7306828242835905,0.500000000000838,0.5000000000018263,0.4999999999981732,0.499999999999166
421,0.2962116409797038,0.6420737266961316,0.502485143736243,0.49750244253105624,0.5042452371845997,0.49999999998952427,0.4999999999940827,0.5000000000059172,0.5000000000104776
422,0.7062179753135064,0.035442507587566924,0.5170736488175199,0.4823223421100607,0.3552630650925995,0.49999999999987516,0.4999999999916121,0.5000000000083865,0.500000000000128
423,0.6854995610410319,0.17346572870589863,0.4924716119498498,0.5074167039263846,0.7086418879692306,0.49999999999170164,0.4999999999946913,0.5000000000053085,0.5000000000083029
424,0.358674345762673,0.6093871623949091,0.5010600550447789,0.4989376927418162,0.5371190578130431,0.4999999999948477,0.5000000000058363,0.4999999999941678,0.5000000000051533
425,0.6763982966773352,0.2061197500944928,0.4901788763158183,0.5096318957971171,0.4663585313735761,0.49999999999927436,0.49999999999483546,0.5000000000051666,0.5000000000007282
426,0.38683322639980455,0.5919122020647304,0.5099772404863975,0.48981957309388424,0.27994473555948163,0.49999999999473305,0.49999999999870065,0.5000000000012954,0.5000000000052678
427,0.5429466543661812,0.45299992330304956,0.48924954219190464,0.5105241281908339,0.4073356292826599,0.5000000000093916,0.5000000000025879,0.4999999999974115,0.4999999999906068
428,0.02349897019902735,0.706716207822903,0.4885789880316423,0.5111658952375172,0.33978243254917617,0.49999999998854555,0.500000000002634,0.49999999999736233,0.500000000011454
429,0.15044560888924272,0.6909168682019188,0.4931348410709431,0.5067721662857302,0.31628218231187316,0.500000000004368,0.49999999999766237,0.5000000000023339,0.4999999999956347
430,0.4463905744013944,0.5483935221039722,0.5201156241712459,0.47904043408980856,0.6353855049926048,0.5000000000021798,0.5000000000000836,0.4999999999999135,0.49999999999782696
431,0.14738546925985152,0.6915761154428745,0.48404190581573336,0.5154642891745977,0.3298534501885663,0.4999999999956452,0.5000000000029824,0.4999999999970184,0.5000000000043576
432,0.5466618951159831,0.448509500934146,0.4821275498855131,0.517255280921701,0.5666737635983098,0.4999999999983138,0.49999999999681893,0.5000000000031771,0.5000000000016812
433,0.6290178708311718,0.32301163783216763,0.486777310981153,0.5128819060114629,0.646655559684278,0.5000000000065282,0.5000000000049272,0.4999999999950662,0.49999999999347217
434,0.6198807553740271,0.3402173556962005,0.4806379201776769,0.5186397494285154,0.59509558762905,0.5000000000012252,0.5000000000033578,0.4999999999966387,0.4999999999987643
435,0.6797729675729405,0.19470159875326506,0.5182295776512034,0.48108014389231885,0.33824829349060104,0.5000000000083734,0.5000000000005459,0.4999999999994531,0.49999999999162625
436,0.5379578283261215,0.45891325799307464,0.5167139318048037,0.48270768864688607,0.6875065653774648,0.4999999999940432,0.4999999999915782,0.5000000000084205,0.5000000000059619
437,0.5483843768917024,0.4464018128402343,0.5195314652776746,0.4796739065098569,0.28149468616689705,0.4999999999939781,0.5000000000003126,0.49999999999968214,0.5000000000060177
438,0.17990774997057601,0.6838371162056965,0.5134763134565792,0.4861502602272743,0.45882412747010726,0.49999999999679,0.5000000000010317,0.49999999999897415,0.5000000000032088
439,0.6901066677771115,0.15411939363865138,0.519630906983388,0.4795661794868569,0.33682819112555146,0.4999999999917707,0.500000000000282,0.4999999999997169,0.5000000000082258
440,0.6776972534908446,0.2018079101793751,0.5200492029447332,0.4791125405544583,0.7881737902669365,0.49999999999301453,0.4999999999924393,0.5000000000075607,0.5000000000069865
441,0.5187321250488199,0.4805382216248143,0.498136138223087,0.5018569395716157,0.35566146497397116,0.49999999999816563,0.5000000000056518,0.49999999999434713,0.5000000000018383
442,0.008730584445791681,0.7070528812579965,0.5152712645705855,0.4842473788342335,0.3611852130821571,0.5000000000038719,0.5000000000008814,0.4999999999991147,0.49999999999612776
443,0.2691347360943857,0.6538856886546768,0.4925896024928501,0.5073021619468389,0.31574112676790195,0.5000000000048012,0.4999999999976264,0.5000000000023745,0.49999999999519457
444,0.29145667045185525,0.6442460781790738,0.4825522249259964,0.5168591202822804,0.3563481221546655,0.4999999999951089,0.5000000000031293,0.49999999999687317,0.5000000000048898
445,0.6184818143828107,0.3427539230913516,0.5122962588599873,0.4873936224019116,0.33540170856224866,0.499999999998762,0.5000000000088158,0.49999999999118067,0.500000000001239
446,0.38570551966432687,0.592647665121697,0.5171189898858664,0.4822737296384859,0.5902211759070898,0.5000000000024346,0.5000000000006868,0.49999999999930744,0.4999999999975631
447,0.6027636292615904,0.3696971831640015,0.5201248764396225,0.47903038829354333,0.7380607133598307,0.5000000000013527,0.5000000000000742,0.4999999999999215,0.49999999999864886
448,0.6708022106762951,0.2236613380801302,0.4933257748008377,0.5065863005620617,0.4457914268363934,0.49999999999309713,0.5000000000023276,0.4999999999976749,0.5000000000069019
449,0.264376344902532,0.6558240223230426,0.510871564781471,0.48888673974421737,0.27866152900484453,0.5000000000047803,0.49999999999876465,0.5000000000012343,0.49999999999521716
450,0.38586745454211435,0.5925422411315392,0.513017263899163,0.48663465448056,0.5816936618123967,0.500000000005255,0.5000000000066226,0.499999999993375,0.499999999994743
451,0.16611359318904365,0.6873181753437242,0.5103920018586916,0.48938737666461485,0.2996731353473381,0.4999999999955798,0.4999999999987314,0.5000000000012651,0.5000000000044218
452,0.3594235603762435,0.6089455675562987,0.5159400523764913,0.48353475816506225,0.26321282549549135,0.4999999999948507,0.4999999999991849,0.5000000000008172,0.5000000000051474
453,0.09642729074873276,0.7005010903623639,0.4961487078604672,0.503821853127062,0.32312641828309374,0.49999999999648764,0.5000000000098436,0.49999999999015454,0.5000000000035137
454,0.019871905585423646,0.7068274947739359,0.4824074150636008,0.516994280327796,0.3442301531554061,0.4999999999962201,0.4999999999968583,0.5000000000031428,0.5000000000037744
455,0.5462108510499528,0.44905869275745847,0.49193760911882506,0.5079344334994906,0.6201293030784527,0.4999999999983126,0.5000000000024069,0.49999999999758765,0.5000000000016908
456,0.7025043948259253,0.08054548625681307,0.4809876875691507,0.5183153908643645,0.6478140479539638,0.49999999999259465,0.5000000000043708,0.4999999999956273,0.500000000007406
457,0.6998271068661597,0.10120286895068233,0.48587573377308435,0.5137360911309093,0.50642672416579,0.5000000000003507,0.49999999999513944,0.5000000000048599,0.4999999999996526
458,0.5108830206249343,0.48887476846032846,0.47997786904812084,0.5192506574131863,0.46508322133231744,0.5000000000095566,0.4999999999965297,0.5000000000034717,0.4999999999904404
459,0.2970174243812466,0.6417013710550495,0.5135823334752869,0.4860382564593872,0.5280440631781697,0.4999999999950895,0.5000000000066626,0.49999999999333944,0.5000000000049106
460,0.24795635426610463,0.6622066545698123,0.4848168734204229,0.5147354653089732,0.3369147057249399,0.4999999999970358,0.5000000000047748,0.4999999999952249,0.5000000000029642
461,0.33179291860574756,0.6244305078734417,0.48068797669214897,0.5185933561699382,0.44216097203170657,0.4999999999896574,0.49999999999565875,0.5000000000043338,0.5000000000103474
462,0.6939006452823778,0.13602166914393585,0.5199216727890961,0.4792509302695052,0.7986874061092081,0.4999999999995232,0.5000000000001875,0.4999999999998106,0.5000000000004797
463,0.1884460920158007,0.6815336217569115,0.4808974433268227,0.5183991213357974,0.38559635922098545,0.5000000000045087,0.5000000000043721,0.49999999999562955,0.49999999999548833
464,0.13715567789629665,0.6936773942762491,0.4885657881110746,0.5111785115665648,0.3917912777825642,0.4999999999879815,0.49999999999736855,0.5000000000026357,0.500000000012019
465,0.12271357432068741,0.6963773249305548,0.48132026304805753,0.5180065678920956,0.33526729399478217,0.4999999999957233,0.5000000000032648,0.499999999996735,0.5000000000042714
466,0.05592307903114599,0.7048919131552569,0.5195807489630058,0.47962052219128337,0.395323581622772,0.5000000000040286,0.5000000000073858,0.4999999999926118,0.4999999999959736
467,0.3904177755874295,0.5895540352718864,0.4795549573430688,0.5196412636499196,0.4560394514832799,0.5000000000024178,0.5000000000035665,0.49999999999643147,0.4999999999975836
468,0.4016084134109279,0.5819885611159122,0.4887025215284687,0.5110477917491815,0.522237011147556,0.5000000000053155,0.4999999999896839,0.5000000000103145,0.4999999999946814
469,0.13770428859422834,0.693568696100601,0.5183124308271116,0.48099087730444,0.3042363060756731,0.5000000000043276,0.500000000000533,0.49999999999947137,0.4999999999956693
470,0.47304337384213496,0.5255758480009208,0.5061194904765938,0.493804679361902,0.3091184555571569,0.499999999994357,0.5000000000015471,0.4999999999984508,0.5000000000056387
471,0.6324876737974972,0.3161634743202198,0.48225478697791996,0.5171366554759771,0.6185487669495937,0.4999999999911792,0.5000000000045263,0.4999999999954723,0.5000000000088225
472,0.7071173255891008,0.0,0.4998310175586617,0.5001689253504956,0.7504376104148006,0.49999999999233025,0.5000000000057547,0.4999999999942424,0.5000000000076659
473,0.6818843299016458,0.1871730958749216,0.47899680669435085,0.5201558027904836,0.5925674494673671,0.5000000000006491,0.5000000000038077,0.49999999999619016,0.4999999999993514
474,0.6954357932219158,0.1279416175675787,0.49056500997032326,0.5092602193307574,0.4736828799204532,0.49999999999955513,0.49999999999480454,0.5000000000051902,0.500000000000449
475,0.45876219639831606,0.5380866592152765,0.5080261970684903,0.49184284389642485,0.29914049810802595,0.5000000000055703,0.5000000000014239,0.4999999999985717,0.4999999999944299
476,0.24458741267223486,0.6634583615889541,0.5150987483176707,0.48443088204775875,0.2752559372437266,0.5000000000047093,0.499999999999101,0.5000000000008998,0.49999999999528827
477,0.33108144634088477,0.6248080312294509,0.4846865269274616,0.514858204377662,0.4669162197252972,0.49999999999734424,0.4999999999970648,0.5000000000029308,0.5000000000026508
478,0.5773700300640915,0.40822034293234,0.503535419881195,0.496439403074604,0.6787729172964165,0.4999999999908014,0.4999999999940207,0.5000000000059799,0.500000000009206
479,0.49420937849767577,0.505724325979169,0.5201480762254502,0.4790051970479657,0.6667963034914292,0.5000000000019471,0.5000000000000516,0.49999999999994577,0.4999999999980501
480,0.08803855797921754,0.7016047407970805,0.4794431783903722,0.5197443974637311,0.3495414142322019,0.5000000000041478,0.49999999999590233,0.500000000004097,0.4999999999958508
481,0.7062894120428026,0.033989320060942074,0.48262570550456174,0.516790507252435,0.5362819980467739,0.4999999999998877,0.49999999998918887,0.5000000000108165,0.5000000000001172
482,0.3858575199991079,0.5925487157218868,0.5183026577517842,0.4810014084879971,0.25820083734460236,0.5000000000024408,0.5000000000082271,0.4999999999917734,0.49999999999756345
483,0.6657491374071633,0.23828152685765333,0.48405922174634236,0.5154480282650524,0.5018829268677613,0.49999999999315003,0.5000000000029864,0.4999999999970188,0.5000000000068467
484,0.6723145565234413,0.21907337622511788,0.48058965618416516,0.518684472843354,0.6253404834486813,0.4999999999992288,0.49999999999663436,0.5000000000033679,0.50000000000077
485,0.5894698842707511,0.39054481885927633,0.48042924057256403,0.5188330606301687,0.5746283509732697,0.4999999999985671,0.4999999999966089,0.5000000000033902,0.5000000000014306
486,0.21525771423589252,0.6735459281027842,0.480016572912986,0.5192148781851975,0.38851872391681935,0.4999999999969058,0.5000000000034652,0.49999999999653244,0.500000000003099
487,0.7070614521291931,0.008006894720086411,0.5023084475365106,0.4976808450537951,0.42006218470015205,0.500000000007726,0.49999999999821537,0.5000000000017839,0.49999999999227285
488,0.5749119344340857,0.4116749538716885,0.5008427577469178,0.4991558193715289,0.669061989368396,0.5000000000015181,0.4999999999981272,0.5000000000018732,0.49999999999848144
489,0.6612689531602798,0.2504463447253875,0.5151677536459476,0.4843574977259933,0.3427188974248907,0.49999999999910616,0.49999999999319533,0.5000000000068021,0.500000000000894
490,0.7051876402560335,0.0520614255483263,0.4789971611624618,0.5201554763705709,0.5991709607854944,0.5000000000155598,0.500000000003882,0.4999999999961111,0.4999999999844374
491,0.6655475597119979,0.23884397786295958,0.512145521029086,0.4875520129071851,0.7601470212502743,0.5000000000008472,0.5000000000011432,0.4999999999988589,0.4999999999991503
492,0.6443501033706792,0.29122662015378503,0.4793064944613589,0.5198704495998684,0.586266231487445,0.5000000000066478,0.5000000000113272,0.49999999998867906,0.4999999999933543
493,0.40624688702295036,0.5787602896557372,0.5155731199533993,0.4839259839908586,0.2652775231069093,0.5000000000023441,0.5000000000068482,0.4999999999931549,0.4999999999976561
494,0.3329168539059475,0.6238320086036757,0.49844543892992704,0.5015497427074967,0.3064947953062352,0.4999999999872599,0.4999999999943274,0.5000000000056766,0.5000000000127325
495,0.7050000189323736,0.05454338442497281,0.4799068007937117,0.5193163415028963,0.6348497624886367,0.5000000000074949,0.5000000000042127,0.4999999999957956,0.49999999999250316
496,0.5542144532779456,0.4391427365330043,0.4923236552323669,0.5075602609529651,0.6264756209232807,0.49999999999394845,0.5000000000053082,0.4999999999946926,0.5000000000060513
497,0.6324666149629425,0.3162055991871733,0.4966405080108665,0.5033370697680671,0.6916451028992929,0.49999999999886496,0.500000000002117,0.4999999999978789,0.5000000000011375
498,0.41690647919429996,0.5711295716436092,0.5047876611334597,0.4951660500957339,0.5817028282154081,0.4999999999976923,0.49999999999837164,0.500000000001628,0.5000000000023078
499,0.6676468593696243,0.23291129464644095,0.48494552557987214,0.5146142606069709,0.6596242681621776,0.5000000000085154,0.4999999999952141,0.5000000000047837,0.4999999999914889
500,0.429425004986342,0.5617776829783077,0.5012006430651748,0.4987964668991256,0.5797520594965897,0.5000000000022496,0.499999999998151,0.5000000000018443,0.49999999999774636
501,0.4419034841189044,0.5520156797805398,0.5201017885094418,0.47905545565130814,0.6327371803062002,0.4999999999978108,0.500000000000104,0.49999999999989864,0.5000000000021877
502,0.07546600475843569,0.7030681916612352,0.48095020121184834,0.5183501750306243,0.3529916963663551,0.4999999999958937,0.49999999999563044,0.5000000000043661,0.5000000000041063
503,0.5715884155466325,0.41627717114068985,0.4861943153322744,0.513434599280743,0.4391019550646748,0.5000000000169254,0.4999999999951188,0.5000000000048777,0.4999999999830799
504,0.6712043331709072,0.222451664710791,0.483471829019123,0.5159990218449072,0.5095406506772847,0.4999999999992266,0.49999999998926864,0.5000000000107286,0.5000000000007779
505,0.30616769987374187,0.6373863346150598,0.48753409356778105,0.5121625792744299,0.4664559238142782,0.49999999999725014,0.5000000000027063,0.49999999999728845,0.5000000000027487
506,0.7017778988143888,0.08664745083191491,0.5106597177480002,0.48910801738422804,0.7800658823273597,0.49999999999969774,0.5000000000012434,0.4999999999987544,0.5000000000003101
507,0.6679334503592019,0.23208814250464457,0.5145520080481605,0.48501157822634067,0.7680631365358352,0.4999999999991858,0.5000000000009442,0.49999999999905587,0.500000000000819
508,0.23677538988900393,0.6662862858733565,0.487359198668342,0.512329007058303,0.3275086551003224,0.49999999999698774,0.5000000000104139,0.4999999999895814,0.5000000000030144
509,0.6821240374727354,0.18629762394954416,0.47942796049518815,0.5197584349439873,0.5672708768975129,0.5000000000070404,0.5000000000036017,0.49999999999639727,0.49999999999296674
510,0.5175957972749431,0.481761964712152,0.4792200323791999,0.519950152001598,0.483931693709298,0.49999999999413486,0.500000000003671,0.49999999999633565,0.5000000000058621
511,0.6935995005387275,0.13754901981630574,0.5181125108524564,0.48120621992879736,0.34491056642521145,0.49999999999952516,0.5000000000071271,0.49999999999287187,0.5000000000004737
512,0.5800673558233754,0.40437836577650244,0.5200233695751229,0.4791405796796323,0.7229167257112717,0.49999999999081296,0.5000000000078415,0.4999999999921576,0.5000000000091844
513,0.6874050271883437,0.16575384241640667,0.5066849090582832,0.49322449547098085,0.7594681259633211,0.49999999998403344,0.49999999999848893,0.5000000000015156,0.5000000000159633
514,0.4475404265625007,0.5474555415069712,0.48180957659706247,0.5175514775356715,0.4156897713995772,0.5000000000021634,0.49999999999552414,0.5000000000044733,0.49999999999783695
515,0.010348532279177421,0.707031051566812,0.5129569061374123,0.48669827660054027,0.36848146088064204,0.5000000000115846,0.4999999999989197,0.5000000000010825,0.4999999999884207
516,0.7058031133704027,0.04291812154150474,0.512568754733917,0.4871070433390603,0.37416853970585584,0.49999999999985684,0.4999999999934172,0.5000000000065825,0.5000000000001483
517,0.4666647250505552,0.5312476206003047,0.5185401734958883,0.48074534680103875,0.26453961138591225,0.5000000000056136,0.500000000000501,0.4999999999994961,0.49999999999438216
518,0.4476332102254513,0.5473796754568617,0.4796292553042444,0.5195726873655893,0.44102109364264525,0.4999999999978398,0.5000000000112441,0.4999999999887604,0.5000000000021626
519,0.7029756026580557,0.07632366649697217,0.4790553552573699,0.5201018809802875,0.5926663886388488,0.500000000007433,0.5000000000037477,0.49999999999625055,0.49999999999256484
520,0.07860337054559081,0.7027243486167742,0.512491106353799,0.48718873746040203,0.32780264162441525,0.5000000000035657,0.5000000000088041,0.4999999999911976,0.49999999999643163
521,0.6387095068778325,0.30339770240375696,0.504902483962338,0.4950489689805049,0.3756786130876919,0.4999999999989137,0.5000000000060638,0.49999999999393624,0.500000000001089
522,0.2943775740044405,0.6429166707079089,0.4799152545269581,0.519308529173491,0.3773306770303472,0.5000000000027904,0.4999999999958066,0.5000000000042032,0.4999999999972055
523,0.446876901127388,0.54799729491922,0.5134208755626335,0.4862088075472361,0.6209934725233633,0.5000000000055155,0.4999999999933521,0.5000000000066546,0.4999999999944846
524,0.28537215121354775,0.6469642457754127,0.48415684379024937,0.5153563336285586,0.347267512896558,0.4999999999971687,0.5000000000106753,0.4999999999893309,0.5000000000028281
525,0.5625548979432333,0.428406340671514,0.4926551420264396,0.5072385149364219,0.6328123859553763,0.5000000000015928,0.4999999999869819,0.5000000000130164,0.4999999999984072
526,0.5091687592603847,0.49065993783193707,0.517037353770398,0.48236124927911783,0.6692143849130266,0.4999999999981114,0.5000000000146909,0.49999999998531613,0.5000000000018888
527,0.7033217499510155,0.07306520003759287,0.5195446933918062,0.4796595788352568,0.3435741192866982,0.5000000000002484,0.5000000000073785,0.49999999999262357,0.49999999999974526
528,0.040935425229311984,0.7059208815166834,0.5068996875488729,0.49300375938004104,0.37618269012595573,0.49999999999629174,0.5000000000014977,0.4999999999985009,0.5000000000037045
529,0.6119575851211653,0.35427096128905267,0.5182361892547578,0.48107302163674026,0.7398320011596455,0.49999999999101874,0.5000000000071457,0.4999999999928512,0.500000000008979
530,0.494058983257341,0.5058712531304302,0.4853201607409229,0.5142609664153063,0.5582191962558425,0.499999999994266,0.5000000000048155,0.49999999999518474,0.5000000000057374
531,0.304831501683816,0.6380264536688023,0.4965336722863749,0.5034424617429547,0.3092489991262236,0.5000000000027622,0.49999999999443434,0.5000000000055653,0.49999999999723654
532,0.4772150844243315,0.5217909190450475,0.48942180878830804,0.5103589845220543,0.5688515047024512,0.499999999997973,0.49999999999742717,0.5000000000025746,0.5000000000020244
533,0.7010630005822619,0.09225332933467484,0.4887382137672405,0.5110136577466485,0.48788732902552884,0.49999999999199,0.500000000002628,0.49999999999737377,0.5000000000080125
534,0.38917228327394837,0.5903769422422751,0.5173958708018526,0.48197667254463056,0.260533837561646,0.5000000000024252,0.49999999999296296,0.5000000000070386,0.4999999999975719
535,0.2839302475151092,0.6475983435324789,0.5153261702576956,0.484188948911003,0.26881211183604165,0.5000000000048596,0.49999999999912936,0.5000000000008762,0.49999999999514233
536,0.6121774129502108,0.3538909649504859,0.4897493175298749,0.5100447097843691,0.6511935482580072,0.499999999991017,0.4999999999948632,0.5000000000051364,0.5000000000089821
537,0.6957769447862041,0.12607316567763938,0.5042497281447155,0.4957138405027411,0.4056660934284439,0.500000000007253,0.5000000000016674,0.4999999999983291,0.49999999999275313
538,0.13596716691648877,0.6939113321111327,0.5018435671945095,0.4981496101227925,0.3113759643300954,0.4999999999966308,0.49999999999412575,0.5000000000058747,0.5000000000033684
539,0.39803692884628644,0.5844369968393687,0.5059201175656063,0.49400894186482563,0.293969617203622,0.4999999999946958,0.49999999999843686,0.5000000000015649,0.5000000000053082
540,0.4940767064432723,0.5058539395420073,0.48485914999485535,0.5146956427504171,0.41259918275580815,0.5000000000057375,0.49999999999708244,0.5000000000029164,0.499999999994263
541,0.42897138386571293,0.5621241427161243,0.5183917588182866,0.48090537987143406,0.6209327107554666,0.49999999999775446,0.5000000000005229,0.4999999999994821,0.5000000000022483
542,0.39522087228164654,0.5863450026332031,0.4991093842498826,0.5008890321754902,0.3147798407612018,0.49999999998991485,0.5000000000019729,0.4999999999980236,0.5000000000100818
543,0.5354408111561905,0.4618475302406951,0.5019350384666115,0.49805744363428595,0.3461665223661847,0.5000000000094367,0.4999999999981885,0.5000000000018103,0.4999999999905603
544,0.6676589974710658,0.2328765126217388,0.48987877061273616,0.5099203762382449,0.6861068545228877,0.5000000000068745,0.5000000000051469,0.49999999999485234,0.4999999999931266
545,0.2851469111456668,0.6470635510242349,0.4809619298375196,0.518339292401187,0.3646903534447882,0.500000000004871,0.4999999999966834,0.5000000000033114,0.49999999999513667
546,0.5982757508653699,0.37691661177286895,0.48686323831174655,0.512800338514513,0.4473748096272221,0.499999999990921,0.5000000000027546,0.49999999999724526,0.5000000000090815
547,0.5172839240783321,0.4820968216883729,0.514252391665422,0.48532924666291394,0.6683975904100691,0.4999999999941472,0.49999999999327976,0.5000000000067186,0.5000000000058603
548,0.3654143126425054,0.6053696227231792,0.5180160976986693,0.48131000667453794,0.2566604258339935,0.500000000005183,0.5000000000005765,0.49999999999942474,0.4999999999948163
549,0.6799707607807423,0.19400970203382714,0.4994706796888139,0.5005287605434823,0.7316093078717522,0.499999999999315,0.49999999999804223,0.5000000000019583,0.500000000000681
550,0.6974773196409909,0.11629870414761935,0.5199856544334711,0.4791815096426328,0.3389068740109318,0.49999999999959743,0.5000000000075178,0.4999999999924801,0.5000000000003993
551,0.5397707312450865,0.4567795504301194,0.5189692931537168,0.48028207624637775,0.2804839601115039,0.5000000000059766,0.4999999999995695,0.5000000000004305,0.49999999999402106
552,0.606926368399411,0.3628227988171375,0.5083984284858478,0.49145807340313447,0.7113907915835784,0.4999999999986687,0.500000000001403,0.49999999999859757,0.5000000000013302
553,0.5486507112881027,0.44607442989154,0.4891640001641523,0.5106060917609672,0.6097087414712313,0.5000000000060285,0.4999999999949025,0.5000000000051016,0.49999999999397515
554,0.6953739503159916,0.12827731374616405,0.5000197050473568,0.49998029417603346,0.42484593797403797,0.49999999999186145,0.4999999999980772,0.5000000000019216,0.5000000000081376
555,0.039739242629451166,0.7059892298011606,0.5155664045257669,0.4839331384854529,0.3838726430501177,0.5000000000037167,0.4999999999991513,0.5000000000008561,0.4999999999962818
556,0.6547777443395246,0.26695713591669834,0.48660237300078846,0.5130478833305926,0.6616870651460914,0.5000000000086363,0.4999999999950852,0.5000000000049148,0.49999999999136163
557,0.5923881906935524,0.3861039209444104,0.48453406265270427,0.5150016913848602,0.6111963102333318,0.5000000000062834,0.5000000000047471,0.4999999999952546,0.49999999999372097
558,0.2960312880904473,0.6421568992370441,0.5181761607595038,0.4811376792775005,0.5359319542189156,0.4999999999950984,0.5000000000082466,0.4999999999917516,0.5000000000049041
559,0.33708546224452685,0.6215894072001165,0.5135139553773549,0.4861104994059527,0.5520880598898651,0.49999999999736344,0.49999999999896805,0.5000000000010328,0.5000000000026353
560,0.37011376398578993,0.6025079319450677,0.5184230209773688,0.48087167864274866,0.5830676893716779,0.5000000000024958,0.49999999999948336,0.5000000000005131,0.49999999999750305
561,0.21965240577297032,0.6721255988564491,0.480904994975455,0.5183921158810745,0.39667997654267756,0.5000000000030723,0.4999999999966786,0.5000000000033215,0.4999999999969217
562,0.6858044758276268,0.17225628627402942,0.5091642791398954,0.4906645869103957,0.37929832865454666,0.4999999999993899,0.49999999999095335,0.5000000000090454,0.5000000000006123
563,0.6154437821723066,0.34817948362845635,0.5134764482690715,0.48615011783705364,0.7306579060563958,0.5000000000012582,0.50000000000103,0.49999999999897177,0.4999999999987405
564,0.6178168259500828,0.34395111509191717,0.5100577358357765,0.4897357513129768,0.7233523082835783,0.5000000000012504,0.4999999999987122,0.5000000000012926,0.49999999999875794
565,0.05734780032092749,0.7047774380784241,0.48853301355374407,0.5112098342834396,0.3326222107696575,0.49999999999595,0.4999999999973637,0.5000000000026409,0.5000000000040491
566,0.11789158053891953,0.697209855484228,0.4790333875608254,0.5201221141251336,0.3510626418778501,0.5000000000042657,0.5000000000039285,0.49999999999607025,0.49999999999573763
567,0.6606225347258243,0.25214651814456424,0.5082474348442328,0.49161422373062674,0.3712674118918431,0.4999999999991035,0.4999999999937272,0.5000000000062824,0.5000000000008967
568,0.6360076442869711,0.3090214821149705,0.5113950127008924,0.4883391659335285,0.346795254020219,0.5000000000065808,0.5000000000011962,0.4999999999988042,0.4999999999934147
569,0.699832981954717,0.1011622329150966,0.48424197223285276,0.5152763455933483,0.5193339088938325,0.499999999999648,0.49999999999528005,0.5000000000047188,0.5000000000003516
570,0.6826845971236765,0.18423284411332336,0.5178488628975974,0.48148993260053125,0.7863648721919767,0.5000000000006324,0.5000000000005941,0.4999999999994048,0.49999999999936845
571,0.46238971671745094,0.5349726712233794,0.48625201486574415,0.5133799548472897,0.3912726453218077,0.5000000000021013,0.49999999999511585,0.5000000000048854,0.49999999999789657
572,0.4588077162336743,0.5380478412970761,0.4789942031687479,0.5201582002917317,0.4709790793115111,0.5000000000021159,0.5000000000038167,0.4999999999961805,0.4999999999978876
573,0.5588864057306114,0.433181238616724,0.5087293137093855,0.49111555195572126,0.32709037496188786,0.5000000000093098,0.50000000000138,0.49999999999861533,0.4999999999906912
574,0.4930813832467499,0.5068241889545849,0.4809531818282372,0.5183474094555598,0.5265245985561552,0.5000000000057353,0.4999999999956271,0.5000000000043682,0.4999999999942627
575,0.5337547006558044,0.4637951266753808,0.516801848663433,0.4826135609554036,0.6849595780829587,0.4999999999940648,0.5000000000069675,0.49999999999302963,0.5000000000059353
576,0.6137755740313442,0.351111869241843,0.4823206419601246,0.5170752346991417,0.6083137664229021,0.4999999999987337,0.4999999999968527,0.5000000000031467,0.5000000000012738
577,0.6081235353463516,0.36081264633859067,0.48428052079229816,0.5152401160440997,0.4705473348264195,0.5000000000013126,0.5000000000047179,0.49999999999527917,0.4999999999986897
578,0.4901390685169769,0.5096701811105954,0.49116274914921887,0.5086837463967014,0.583180955784903,0.4999999999980245,0.4999999999975399,0.5000000000024625,0.5000000000019725
579,0.07981750580573496,0.7025874844281229,0.4915020780848607,0.5083558864007222,0.32777913054409397,0.49999999999643097,0.5000000000052536,0.499999999994747,0.5000000000035668
580,0.5833382930999707,0.399645395256446,0.4849547367220145,0.5146055803534216,0.6088520111853564,0.4999999999985286,0.49999999999709416,0.5000000000029063,0.500000000001472
581,0.6831324000251043,0.18256539660062415,0.5043334878999545,0.49562862405501246,0.39924916488328116,0.5000000000070602,0.4999999999983333,0.5000000000016652,0.4999999999929423
582,0.06573072824154753,0.7040450776511668,0.4789825022128261,0.5201689750205518,0.3419986883030231,0.49999999999637196,0.49999999999616357,0.500000000003828,0.5000000000036298
583,0.1513512147798816,0.6907190527158283,0.5079083247699667,0.49196456542048067,0.30359802874907416,0.4999999999956189,0.500000000001436,0.4999999999985606,0.5000000000043784
584,0.46242914646250965,0.5349385801210804,0.49524454532299006,0.5047106501034254,0.34769029035862775,0.5000000000097917,0.5000000000022132,0.49999999999778433,0.49999999999021133
585,0.4072009165400646,0.5780894564512429,0.5120003651223465,0.4877044454529657,0.27678522689480783,0.4999999999946535,0.49999999999884925,0.5000000000011519,0.5000000000053466
586,0.5391136125789707,0.45755492865016106,0.4817225037180109,0.5176325235257658,0.559307160299368,0.49999999999828076,0.5000000000032236,0.499999999996778,0.500000000001722
587,0.5306662735327867,0.46732569599244445,0.4842458510861877,0.5152727003304284,0.5736945491114226,0.5000000000017648,0.5000000000029611,0.49999999999703676,0.4999999999982324
588,0.08039739639619314,0.7025213634153578,0.48641220725799655,0.5132281798872763,0.33047380107454044,0.4999999999964252,0.4999999999951083,0.5000000000048945,0.5000000000035695
589,0.6665582993792531,0.23600854545681316,0.485942966120696,0.5136724965168189,0.4884105257132001,0.4999999999991631,0.500000000004865,0.49999999999513633,0.5000000000008398
590,0.5844907761632367,0.3979579610193869,0.5131037234278475,0.48654349138024233,0.3180443742714851,0.5000000000091487,0.5000000000010629,0.4999999999989343,0.4999999999908512
591,0.5884512602757984,0.3920779441384432,0.5199533012074284,0.4792166154918848,0.7282452102569172,0.4999999999985585,0.5000000000001832,0.49999999999981687,0.5000000000014453
592,0.5891298160874635,0.39105761697830355,0.4926243697928637,0.5072684006383459,0.4102729307489354,0.5000000000014272,0.5000000000053244,0.4999999999946774,0.4999999999985711
593,0.6294368637225918,0.32219440759346446,0.4842749094824214,0.5152453901257071,0.6317397291254041,0.5000000000011714,0.4999999999970353,0.5000000000029644,0.4999999999988301
594,0.4362908275329904,0.5564623202073774,0.5176662222885955,0.48168629033994026,0.6238271380964322,0.49999999999778105,0.4999999999993749,0.5000000000006242,0.5000000000022186
595,0.6940458981084688,0.13527859635496686,0.48599594254858863,0.5136223747329431,0.6821416799545356,0.5000000000072151,0.5000000000048642,0.4999999999951349,0.4999999999927843
596,0.7036651385992136,0.06968055779388169,0.5175526814306237,0.48180828339078496,0.7993861118367057,0.4999999999997566,0.49999999999936606,0.5000000000006377,0.5000000000002436
597,0.6125414602055397,0.3532604698084142,0.5172696845659724,0.4821120963313614,0.7381829949465065,0.49999999999872197,0.4999999999993334,0.5000000000006672,0.5000000000012744
598,0.7004333361576899,0.09691822119191801,0.5200744750998059,0.47908510762667267,0.3400362834687507,0.4999999999919675,0.49999999999988165,0.5000000000001177,0.5000000000080296
599,0.34371960281250513,0.6179456619748439,0.5170799700458761,0.4823155653484061,0.2605748853847015,0.5000000000050896,0.4999999999993096,0.5000000000006873,0.4999999999949094
600,0.5190778025991373,0.48016479967699344,0.5113988149590022,0.4883351841292336,0.30371944856068944,0.4999999999981662,0.4999999999935096,0.5000000000064949,0.5000000000018301
601,0.528928627959716,0.4692915001337818,0.4863551889221686,0.5132822130256236,0.5844776630364116,0.4999999999940774,0.4999999999951033,0.5000000000048967,0.5000000000059169
602,0.6033491627420454,0.36874082249703055,0.5016832212462838,0.4983110931134768,0.6898090013189412,0.4999999999909693,0.5000000000095145,0.49999999999048156,0.5000000000090282
603,0.6061177795771566,0.36417198859941713,0.5201603818995642,0.4789918340661971,0.2986816344238505,0.5000000000090071,0.4999999999999772,0.5000000000000228,0.4999999999909896
604,0.10143748659152668,0.6997931382301429,0.5111603862179619,0.4885847516670019,0.3188679393254824,0.5000000000111793,0.5000000000012146,0.4999999999987874,0.4999999999888188
605,0.13742504090838814,0.6936240755130453,0.48280375645244555,0.5166241697359995,0.3760336040772737,0.5000000000043248,0.5000000000045886,0.49999999999541483,0.49999999999567435
606,0.3686926469780049,0.6033785976187349,0.5163357242901401,0.483112222803124,0.2613962866236888,0.4999999999898096,0.5000000000007788,0.4999999999992202,0.5000000000101895
607,0.7004197435680382,0.09701640490188496,0.5001319432930023,0.49986802187974233,0.426717365353648,0.5000000000003407,0.49999999999422456,0.500000000005777,0.49999999999966227
608,0.6814979027243381,0.1885752276031259,0.5190156589354343,0.48023197080142094,0.33580074855687936,0.4999999999916396,0.5000000000004181,0.49999999999958206,0.5000000000083581
609,0.45524035988105566,0.5410695132117187,0.5176945116072227,0.4816558861383885,0.6359844960035597,0.5000000000021307,0.4999999999993773,0.5000000000006201,0.4999999999978637
610,0.20168382496726242,0.6777341918086877,0.4797676764389984,0.5194448735374394,0.3815298628348822,0.49999999999685674,0.49999999999648326,0.5000000000035189,0.5000000000031438
611,0.5447127034772731,0.4508747838041931,0.49732308548824855,0.5026626588880995,0.6387281178144238,0.5000000000016918,0.5000000000020834,0.49999999999792244,0.4999999999983059
612,0.7044825781140164,0.06086299825633351,0.48057554261364227,0.5186975494848625,0.6439975847639603,0.5000000000078954,0.49999999999567923,0.500000000004319,0.4999999999920964
613,0.1317429198301296,0.694725703479175,0.5131491045481309,0.48649562845050537,0.43038593255327884,0.5000000000033916,0.5000000000010555,0.49999999999894545,0.499999999996611
614,0.03978966802859473,0.70598638961256,0.5132948414073469,0.4863418610243289,0.34624755665387075,0.5000000000039734,0.5000000000010493,0.499999999998952,0.49999999999602995
615,0.3490644236670137,0.6149422965856336,0.4876383291011216,0.5120633359179987,0.48929647076496036,0.4999999999974147,0.5000000000027033,0.49999999999729994,0.5000000000025832
616,0.6960107824336065,0.12477576181358532,0.5076155118606662,0.4922666880040059,0.767748639116075,0.4999999999995665,0.5000000000014596,0.49999999999854,0.5000000000004353
617,0.7068777465907823,0.017995871046901285,0.485274169537373,0.5143043655072511,0.6858411532338606,0.5000000000076271,0.5000000000048146,0.4999999999951887,0.499999999992372
618,0.24967692504084626,0.6615598484658446,0.5161387677593807,0.4833226380129853,0.2738966041245681,0.5000000000047325,0.4999999999992047,0.5000000000007986,0.4999999999952713
619,0.07530692657193169,0.7030852538764419,0.5201043822837105,0.479052639622488,0.33111000663577284,0.4999999999958951,0.5000000000001011,0.4999999999998925,0.5000000000041092
620,0.6554463345372192,0.26531133134813917,0.4790944566390655,0.5200658627690481,0.584940320788494,0.500000000006742,0.49999999999603245,0.5000000000039636,0.49999999999325656
621,0.0,0.707112997306723,0.4812120072522295,0.5181071357125658,0.33975072397084266,0.49999999999614664,0.5000000000032839,0.4999999999967152,0.5000000000038645
622,0.7056534410658305,0.045312482959456536,0.5049393048370229,0.49501141242470653,0.7661401178699854,0.5000000000001523,0.4999999999983773,0.5000000000016217,0.49999999999984635
623,0.6467950696133843,0.28575539319303994,0.4897054265029241,0.510086850696614,0.6725419151729152,0.5000000000010141,0.5000000000025563,0.49999999999744454,0.4999999999989842
624,0.15183947608144072,0.6906118834072538,0.5201620621393139,0.4789900094062254,0.29874157795811956,0.4999999999956245,0.49999999999997197,0.5000000000000275,0.5000000000043764
625,0.5696922431159531,0.418868413864682,0.5168918361737994,0.4825171807271525,0.2984578491783198,0.5000000000061444,0.4999999999853309,0.5000000000146707,0.4999999999938564
626,0.10019108344590286,0.6999726811526058,0.48737695741841763,0.5123121132450142,0.3268828896617949,0.499999999988813,0.5000000000027225,0.499999999997284,0.5000000000111876
627,0.483240605164778,0.516215572721298,0.5067571998247552,0.4931502209527782,0.30928662625540226,0.49999999999430933,0.4999999999984952,0.5000000000015058,0.5000000000056894
628,0.6853313072402837,0.1741292603680544,0.4945480470073602,0.5053931432075509,0.7171825345175091,0.49999999999292133,0.5000000000054401,0.4999999999945623,0.5000000000070807
629,0.5616897377197951,0.4295400313594346,0.5152823431141406,0.4842355902603573,0.3024052675138212,0.5000000000015995,0.4999999999931886,0.5000000000068071,0.499999999998397
630,0.7063034212825818,0.03369695129584846,0.48338478061350837,0.5160805691665146,0.5296423148164444,0.5000000000001253,0.49999999999535577,0.5000000000046477,0.49999999999987416
631,0.31763890393801797,0.6317479943604799,0.502260663560838,0.4977290687105034,0.29429886480276013,0.49999999999501116,0.5000000000017836,0.4999999999982149,0.5000000000049886
632,0.24078230910391601,0.6648487644739898,0.49032398139403577,0.5094922897060418,0.3193526071433706,0.49999999999530187,0.49999999999748684,0.5000000000025173,0.5000000000047028
633,0.0939373982902225,0.700839334360596,0.49906237652827734,0.5009358684841311,0.32235887128241886,0.49999999999582123,0.499999999998027,0.5000000000019759,0.5000000000041758
634,0.599646553954056,0.37473191795071614,0.5200811510329781,0.4790778604154139,0.2974071744479925,0.5000000000063183,0.5000000000001192,0.4999999999998792,0.4999999999936787
635,0.6984142281841175,0.11053313181562646,0.5181242745742991,0.4811935536734192,0.3472565640221267,0.49999999999960637,0.5000000000082515,0.49999999999174616,0.5000000000003915
636,0.04452860879150123,0.7057033444974538,0.48157935317011263,0.5177657062806044,0.34816812071264713,0.499999999996314,0.49999999999676364,0.5000000000032337,0.5000000000036916
637,0.7061298403393528,0.037157180289669765,0.5180471622955156,0.4812765708379756,0.8023275284182094,0.4999999999847419,0.5000000000005694,0.499999999999428,0.5000000000152606
638,0.47872823407389004,0.5204029956682491,0.5137596756714171,0.48585079567085154,0.6421481000321938,0.4999999999979686,0.4999999999989873,0.5000000000010121,0.5000000000020244
639,0.6934931129804379,0.13808440262642913,0.5117356513249574,0.48798219553895156,0.37178811384756066,0.5000000000081722,0.5000000000011638,0.49999999999883027,0.49999999999182415
640,0.05524366926712987,0.7049454851305186,0.5130371957625197,0.48661364116116734,0.3384213811818924,0.5000000000036563,0.49999999999123795,0.5000000000087614,0.499999999996342
641,0.6530638365166592,0.27112290997865257,0.5190386793949023,0.48020709000596085,0.32255824765105234,0.5000000000067322,0.500000000000417,0.4999999999995805,0.4999999999932729
642,0.2679014230180308,0.6543919525367913,0.4997807277747644,0.5002191761067576,0.48199027357316476,0.5000000000028927,0.5000000000019308,0.4999999999980658,0.49999999999710754
643,0.3814788786554508,0.595377083379175,0.48473785113453477,0.5148098830417652,0.49319549007042385,0.5000000000101438,0.5000000000047699,0.49999999999523265,0.4999999999898528
644,0.4044467910790701,0.5800196489653137,0.49613591667213164,0.5038344491873317,0.3274343628610302,0.4999999999976435,0.5000000000055426,0.49999999999445593,0.5000000000023593
645,0.5038922196215376,0.49607724670755193,0.5146442043686015,0.48491374790761393,0.6603768721424007,0.4999999999980883,0.49999999999906536,0.5000000000009346,0.5000000000019136
646,0.5678440330269648,0.42137057003915707,0.4816731404175023,0.5176784579257037,0.5753628253308735,0.49999999999387373,0.5000000000044611,0.4999999999955326,0.500000000006124
647,0.6663489185867398,0.23659906740788672,0.5079040391679863,0.4919689898731802,0.3755362453594639,0.49999999999915823,0.49999999999087147,0.5000000000091215,0.5000000000008413
648,0.09507445096335133,0.7006859844281277,0.5064206697865495,0.49349580060315096,0.3216702970539593,0.5000000000035137,0.5000000000092225,0.4999999999907801,0.4999999999964836
649,0.4852570532248785,0.5143205151415873,0.5065659720866981,0.49334664884223184,0.31037334086133556,0.4999999999942933,0.5000000000015261,0.4999999999984759,0.5000000000057072
650,0.6539895538954155,0.26888224819737777,0.48576360279826986,0.5138421179666434,0.48311261065174366,0.49999999999326167,0.5000000000028438,0.4999999999971575,0.5000000000067394
651,0.5433738715697363,0.45248738733285754,0.5160346149022396,0.48343383851639704,0.6896231657883014,0.4999999999983016,0.4999999999991963,0.5000000000008044,0.5000000000016983
652,0.6153827743924055,0.34828729661172647,0.519502555452203,0.47970521664729887,0.7452467333585355,0.5000000000012603,0.49999999999968253,0.500000000000319,0.4999999999987389
653,0.3555716813755464,0.6112027318359827,0.5185449088398046,0.4807402391274506,0.25662958169847483,0.499999999994865,0.5000000000004992,0.4999999999995008,0.5000000000051364
654,0.24153984185507554,0.6645739332074796,0.48160921526733724,0.5177379296222903,0.34991605998751235,0.49999999999700606,0.5000000000044574,0.4999999999955387,0.5000000000029984
655,0.6774888018293029,0.20250660086992814,0.4929337213570486,0.5069677961656922,0.45128325607134057,0.49999999999302136,0.5000000000023522,0.49999999999765526,0.5000000000069756
656,0.5222971118191941,0.4766610189488228,0.5182624037803871,0.4810447804807473,0.28028668889247466,0.5000000000058652,0.5000000000005397,0.4999999999994558,0.4999999999941368
657,0.492903236258676,0.5069974392027402,0.5020284317365936,0.497963305604035,0.6211289819011603,0.499999999994264,0.5000000000094935,0.4999999999905079,0.5000000000057334
658,0.3698158464578045,0.6026908326071476,0.5089643502305693,0.4908719692489841,0.5629192480160966,0.4999999999975083,0.499999999998632,0.5000000000013693,0.5000000000024911
659,0.6028811853226022,0.3695054483820482,0.4982498902825031,0.5017440052790596,0.38880159394179525,0.49999999999096834,0.4999999999979731,0.5000000000020265,0.5000000000090361
660,0.3490760609881833,0.614935690657955,0.5163349071847362,0.4831130960991746,0.26279454780636824,0.4999999999897154,0.4999999999992312,0.5000000000007694,0.5000000000102867
661,0.39536727096465135,0.5862462972590649,0.5061328984980497,0.49379093658952605,0.5717326491627343,0.4999999999976039,0.5000000000015513,0.49999999999844724,0.5000000000023962
662,0.5277881085227224,0.4705738119594045,0.5070053825408164,0.49289506192965876,0.6570632799209609,0.5000000000017808,0.5000000000014956,0.49999999999850636,0.49999999999821737
663,0.45799404525809156,0.5387406189513957,0.5037139203753591,0.49625828599640615,0.604440376814943,0.4999999999978891,0.49999999999829986,0.5000000000017047,0.5000000000021149
664,0.7012955607650097,0.0904684279254152,0.5006034623187656,0.4993958084670494,0.7495486614242489,0.5000000000003154,0.4999999999981073,0.5000000000018865,0.4999999999996902
665,0.6823054683926135,0.18563202256488878,0.4828772453383645,0.5165554819517801,0.653906641509182,0.5000000000006507,0.5000000000030989,0.49999999999690425,0.4999999999993445
666,0.6149471323253455,0.34905591375072786,0.5152024558194117,0.4843205854778936,0.322297123769943,0.4999999999987383,0.5000000000085796,0.499999999991423,0.5000000000012627
667,0.07865579161513166,0.7027184830680046,0.486864882599148,0.5127987773890648,0.32998332416808906,0.4999999999964268,0.5000000000049349,0.499999999995067,0.5000000000035737
668,0.08076964110025646,0.7024786580932826,0.5021729002194136,0.49781761548304254,0.38935515688754235,0.5000000000035747,0.49999999999821054,0.5000000000017892,0.49999999999642863
669,0.19983672027639202,0.6782811255144731,0.5092680043229704,0.49055692816725827,0.2913667898844335,0.4999999999954539,0.5000000000013466,0.4999999999986512,0.5000000000045516
670,0.5759412930213712,0.4102336360147475,0.5145275835268258,0.48503748905630967,0.30993669210905045,0.5000000000061746,0.4999999999855647,0.5000000000144399,0.4999999999938284
671,0.2518508143356474,0.6607353284640152,0.4860903865745728,0.5135329941491403,0.33317820498401424,0.4999999999970418,0.5000000000048754,0.49999999999512335,0.5000000000029591
672,0.17464098775759174,0.6852010891809887,0.5129840502244934,0.4866696664219691,0.2956395189330406,0.5000000000044484,0.49999999999892236,0.5000000000010741,0.4999999999955457
673,0.17522100454767517,0.6850529956021728,0.5130913805204256,0.4865565077518185,0.45506743330149574,0.5000000000032302,0.5000000000010739,0.4999999999989278,0.4999999999967708
674,0.018273846940455526,0.7068706151184926,0.49547800211913146,0.5044814658796026,0.35559934476065597,0.4999999999884148,0.5000000000021985,0.4999999999978004,0.5000000000115846
675,0.6343810842420752,0.3123469864683326,0.510258911333372,0.489526141697128,0.734546393530811,0.5000000000011193,0.49999999999872125,0.5000000000012735,0.4999999999988805
676,0.5408812303856501,0.455464043165322,0.48741122982777785,0.5122795067517069,0.5972086241466749,0.5000000000017051,0.4999999999873336,0.5000000000126655,0.49999999999829203
677,0.5898868689361502,0.3899147110031942,0.4812241572490436,0.5180958506685235,0.4884154299577796,0.5000000000014236,0.5000000000044075,0.499999999995586,0.4999999999985758
678,0.18545118260612042,0.6823546430339509,0.5042821382715774,0.49568087013747913,0.298625398128027,0.499999999995499,0.5000000000016616,0.49999999999834144,0.5000000000045003
679,0.7068237461224215,0.020004797525962258,0.5033104554743306,0.4966674797187894,0.762116269714967,0.5000000000000623,0.4999999999982783,0.5000000000017141,0.49999999999993894
680,0.208364113104109,0.6757102955335965,0.47908688586750164,0.5200728370043759,0.36438176939204436,0.4999999999968839,0.4999999999960392,0.5000000000039616,0.5000000000031137
681,0.4105012897016702,0.5757505459426563,0.4991085348348984,0.5008898785710838,0.5625865573529537,0.5000000000053633,0.4999999999942828,0.5000000000057115,0.49999999999463823
682,0.6403233154121281,0.29997676324428535,0.4811024848969606,0.518208837271202,0.6120454010031977,0.5000000000010637,0.5000000000033044,0.4999999999966972,0.4999999999989318
683,0.4306705254669274,0.5608234111501064,0.5186332380129115,0.4806449463255045,0.2598545533716466,0.5000000000054493,0.49999999999951245,0.500000000000492,0.4999999999945515
684,0.4144058894953909,0.5729465610675227,0.5199974137022683,0.47916874871276166,0.6143512318076956,0.4999999999899883,0.49999999999246464,0.5000000000075372,0.5000000000100141
685,0.12603092729022555,0.6957845969596969,0.5123712580310994,0.4873147791147226,0.42689341506124856,0.4999999999965909,0.5000000000011172,0.49999999999888534,0.5000000000034112
686,0.436572741311104,0.5562411721044254,0.5190599708953547,0.48018407576065947,0.6273341952647793,0.49999999999778855,0.4999999999995921,0.5000000000004133,0.5000000000022088
687,0.07452953824304992,0.7031680794300055,0.5156650686916879,0.4838280034590744,0.40297888027148954,0.5000000000035915,0.5000000000008354,0.4999999999991621,0.4999999999964134
688,0.595607158666566,0.3811195597458581,0.5190630409037211,0.48018075718190195,0.731013631872458,0.4999999999937041,0.49999999999272404,0.5000000000072788,0.5000000000062915
689,0.7069545502991622,0.01467187143171556,0.5130321516144064,0.4866189591558241,0.3724944997329915,0.5000000000077351,0.49999999999893535,0.5000000000010697,0.49999999999226447
690,0.6422800116020345,0.2957640867688213,0.4982794535165877,0.5017146461916502,0.7036325221106965,0.49999999999894573,0.49999999999797407,0.5000000000020282,0.5000000000010488
691,0.6872565712631534,0.16636830376317355,0.5153981509543505,0.4841123278670304,0.7829612903877231,0.5000000000071053,0.49999999999317635,0.5000000000068224,0.49999999999289174
692,0.5857152046811809,0.396153630559256,0.510851120974028,0.4889081019982962,0.3280612097104257,0.5000000000062278,0.4999999999987726,0.500000000001225,0.4999999999937695
693,0.701190667771147,0.09127789885230145,0.48912908382646375,0.5106395395531721,0.7035803176122218,0.5000000000003136,0.4999999999973967,0.5000000000025949,0.4999999999996805
694,0.4894769751498703,0.510306079177013,0.4917738468586568,0.5080929871055488,0.3728546705620957,0.49999999999801775,0.50000000000527,0.4999999999947313,0.5000000000019774
695,0.28407322933684,0.6475356427978562,0.5196056574125182,0.47959353705498137,0.5306067449462293,0.4999999999971562,0.50000000000029,0.4999999999997132,0.5000000000028422
696,0.7054227977168692,0.048771676835128196,0.5127762021832803,0.4868886592173751,0.37319535117442587,0.5000000000075225,0.499999999998908,0.5000000000010938,0.4999999999924828
697,0.3973744839594912,0.5848876127068611,0.5183774839279666,0.4809207670256202,0.6004686489129959,0.5000000000053115,0.5000000000071733,0.49999999999282707,0.49999999999469175
698,0.6957354716707196,0.12630186376252509,0.47900694935280413,0.5201464625196632,0.5925756879361135,0.4999999999995605,0.49999999999610323,0.5000000000038962,0.5000000000004414
699,0.23073018624095987,0.6684037613598502,0.47898832382768575,0.5201636142952937,0.3769411767040846,0.49999999999696754,0.49999999999617284,0.5000000000038263,0.5000000000030383
700,0.6816116058967489,0.1881638272591238,0.518749879803575,0.480519054985104,0.336373039131918,0.4999999999916568,0.499999999999536,0.5000000000004651,0.5000000000083443
701,0.6851139380739291,0.1749825679194353,0.4961970474190444,0.5037742452057468,0.7233640176587144,0.4999999999993871,0.4999999999978462,0.5000000000021513,0.5000000000006121
702,0.47861825162717875,0.5205041490798504,0.5184587225404748,0.4808331862732642,0.6530762568688832,0.5000000000020203,0.49999999999948747,0.5000000000005134,0.4999999999979764
703,0.5912729397823374,0.3878096320118229,0.5193794801995193,0.4798384681824429,0.2971079071710198,0.500000000001423,0.5000000000080363,0.49999999999196,0.4999999999985702
704,0.7064510058433576,0.030446408434817464,0.49939065017599865,0.5006086081129559,0.43354969496231865,0.4999999999922104,0.499999999998039,0.5000000000019589,0.5000000000077903
705,0.6911510255335176,0.1493661939796602,0.4824237823494575,0.5169790075270416,0.6550584447383188,0.4999999999994733,0.5000000000031445,0.4999999999968574,0.5000000000005296
706,0.33647674065293054,0.6219191289867058,0.502860742040252,0.49712279581078045,0.5284211083144157,0.5000000000026333,0.5000000000017484,0.4999999999982515,0.499999999997369
707,0.10825543459012732,0.6987708929840297,0.5098268407179685,0.4899761141969448,0.31615755673830154,0.5000000000042228,0.5000000000013093,0.49999999999869327,0.49999999999577294
708,0.10007008772395598,0.6999899838875646,0.5080129143499335,0.49185656329227617,0.40628889900194853,0.49999999999649375,0.5000000000014319,0.49999999999857,0.5000000000034995
709,0.6631697777441745,0.24536879566632266,0.4805472220238564,0.5187237871981226,0.5361432496118067,0.49999999999913075,0.5000000000043192,0.4999999999956897,0.5000000000008689
710,0.650632780534392,0.27690609399953936,0.5036075507956762,0.49636623050080564,0.3872970715898032,0.5000000000009864,0.4999999999940184,0.5000000000059803,0.4999999999990098
711,0.12685725642049464,0.6956344129594662,0.49129905194035484,0.5085521030951611,0.3205533181219515,0.4999999999957103,0.5000000000024583,0.4999999999975448,0.5000000000042861
712,0.6821274649141934,0.18628505471381906,0.4905042755707887,0.5093187171573225,0.4675643515743002,0.500000000008344,0.4999999999974986,0.5000000000025064,0.499999999991651
713,0.7070225163583367,0.010916105721125932,0.48427782911334244,0.5152426459730093,0.5226861003347826,0.49999999999997974,0.5000000000047231,0.4999999999952766,0.5000000000000124
714,0.4343884733437564,0.5579486125317279,0.513295370238098,0.48634130288525956,0.2765455993533314,0.49999999998684586,0.5000000000066396,0.49999999999335853,0.5000000000131539
715,0.24598914702951186,0.662939922210206,0.4854263124374495,0.514160767847348,0.3348324062892119,0.4999999999952879,0.5000000000028644,0.4999999999971307,0.5000000000047121
716,0.6881468707485551,0.16264650097362543,0.49511725693513436,0.5048355196348929,0.44567941320067994,0.5000000000071232,0.4999999999977833,0.5000000000022212,0.49999999999286904
717,0.2632155093319317,0.6562907858922991,0.5185213178950726,0.4807656839754281,0.26640539727767854,0.4999999999952164,0.4999999999994991,0.5000000000005053,0.5000000000047836
718,0.7070853420227028,0.005506954421245961,0.48284401800159954,0.516586540939726,0.668504624361402,0.49999999999997125,0.4999999999968988,0.5000000000031015,0.5000000000000345
719,0.411462486996978,0.575064020656436,0.48066760519239254,0.5186122379182851,0.41163717877699985,0.5000000000023359,0.5000000000043363,0.49999999999566574,0.4999999999976645
720,0.7047112574609408,0.05815534032069727,0.4792343342415464,0.5199369701070153,0.6193050428115507,0.5000000000001982,0.4999999999963429,0.5000000000036589,0.4999999999997984
721,0.6990245028162986,0.10660559004031353,0.4944088612855482,0.5055293046721736,0.45476815353751526,0.4999999999996309,0.5000000000054341,0.4999999999945698,0.500000000000366
722,0.7070250335869119,0.01075183153808493,0.494159345252253,0.505773211528516,0.46003726227535696,0.49999999999998057,0.49999999999458383,0.5000000000054207,0.5000000000000169
723,0.12801395247505434,0.6954224816409874,0.5061442209810999,0.4937793308426731,0.3118751263524152,0.5000000000042899,0.49999999998617234,0.5000000000138305,0.4999999999957052
724,0.6248605622319789,0.3309823021720506,0.5096491663731026,0.4901609197143304,0.7269380026749226,0.5000000000011853,0.50000000000132,0.49999999999867684,0.4999999999988146
725,0.7068166045100267,0.02025555698858015,0.4864707862819454,0.5131726552479499,0.692789576402965,0.4999999999999409,0.49999999999721134,0.5000000000027943,0.5000000000000604
726,0.5592289301914755,0.43273895553427777,0.47905386506909625,0.5201032535587085,0.5118419087251243,0.500000000001608,0.5000000000039478,0.49999999999604644,0.4999999999983919
727,0.633955759572898,0.31320934940458584,0.48031676955427066,0.5189371839490289,0.598972134210375,0.49999999999887756,0.4999999999965866,0.5000000000034122,0.5000000000011181
728,0.31117874158608266,0.6349549517760308,0.4816340914570486,0.5177147882244965,0.44010699038835893,0.5000000000049671,0.49999999999553457,0.5000000000044575,0.49999999999503264
729,0.1613202975440285,0.6884589762834535,0.48372897209895593,0.5157579679966986,0.3312887852275489,0.4999999999890253,0.500000000003013,0.49999999999698325,0.5000000000109832
730,0.673332082651815,0.21592569664533484,0.5095271970728421,0.4902877068039682,0.3720146325008691,0.5000000000069315,0.49999999999866696,0.5000000000013339,0.4999999999930725
731,0.6900689683175956,0.15428810508755625,0.4850870492541813,0.5144808593581256,0.5066102183128937,0.4999999999994627,0.5000000000047993,0.4999999999952048,0.5000000000005346
732,0.2648078921553063,0.6556498915215805,0.48812292489762654,0.5116014173058777,0.447969227537659,0.4999999999952162,0.5000000000050262,0.49999999999497075,0.5000000000047805
733,0.07955619007200725,0.7026171166583024,0.4994526370742754,0.5005467643682756,0.3274217484294972,0.5000000000035774,0.500000000005733,0.49999999999426514,0.4999999999964227
734,0.42572861342214574,0.5645840484052446,0.5062337828755017,0.49368750953974383,0.590588442398484,0.500000000005424,0.5000000000061421,0.49999999999385336,0.4999999999945745
735,0.6698485732071523,0.22650141053058395,0.48917788611011676,0.5105927885711212,0.6843724864660289,0.49999999999920897,0.4999999999974073,0.5000000000025889,0.500000000000793
736,0.009422987392125496,0.7070439977529881,0.5059594009595493,0.49396870809865306,0.35720149093672865,0.499999999988467,0.5000000000015582,0.4999999999984403,0.5000000000115337
737,0.31921157723971205,0.6309548073801613,0.4809511675764846,0.5183492783893979,0.375309278686276,0.5000000000049996,0.4999999999966763,0.5000000000033172,0.4999999999950017
738,0.7057915314273878,0.04310816852722742,0.49249654983577096,0.5073924993531781,0.4684732894744991,0.4999999999998483,0.4999999999946853,0.5000000000053177,0.5000000000001524
739,0.6673408258560111,0.2337867022433353,0.5200658917294187,0.47909442520204776,0.7813102798672551,0.5000000000008232,0.5000000000001235,0.4999999999998729,0.4999999999991738
740,0.5250559631849447,0.47362035329225183,0.4847250500207349,0.5148219360928591,0.42660284333406717,0.5000000000135788,0.4999999999952322,0.5000000000047717,0.49999999998642225
741,0.03374699497735439,0.7063010319929569,0.4873212418299263,0.5123651112842629,0.3376123175407305,0.5000000000037363,0.49999999999502465,0.5000000000049721,0.4999999999962668
742,0.5194127976240307,0.4798024027288452,0.5176430199847155,0.48171122455378934,0.28111704843965396,0.5000000000058551,0.500000000000628,0.49999999999938,0.49999999999414035
743,0.16021089314595321,0.688717995244933,0.4838108353378048,0.5156811763189904,0.38782058173829076,0.5000000000032809,0.500000000003014,0.4999999999969883,0.49999999999671957
744,0.05117276433358784,0.7052526839299917,0.4863140048787607,0.5133212333994945,0.35701025899509514,0.49999999999597966,0.4999999999951109,0.500000000004887,0.5000000000040182
745,0.30311119318478813,0.6388455248071309,0.5020228923787757,0.4979688901202984,0.5069870600410658,0.5000000000104575,0.4999999999905014,0.5000000000094925,0.499999999989547
746,0.6060374224764848,0.3643056993214031,0.5002182295698241,0.499781675140287,0.6868396361963859,0.4999999999909744,0.5000000000057795,0.49999999999422123,0.5000000000090237
747,0.6158209345480056,0.34751199244337283,0.4977459527448865,0.5022439312984088,0.6851760024751901,0.5000000000064346,0.5000000000056305,0.4999999999943652,0.49999999999356265
748,0.5369166200787825,0.4601310064353171,0.49538400042247127,0.5045737727284557,0.627218832630427,0.49999999999826766,0.5000000000022002,0.49999999999779826,0.500000000001734
749,0.569648338940031,0.41892812025795517,0.48124173711667273,0.5180795213641695,0.5724055057174933,0.500000000013831,0.500000000003281,0.4999999999967188,0.4999999999861693
750,0.5135294735604207,0.4860941058938602,0.5155336592389326,0.48396802186892496,0.2862731678499052,0.49999999999814043,0.49999999999316586,0.5000000000068384,0.500000000001854
751,0.3881772756746242,0.5910316426806831,0.4914669768242819,0.5083898215849717,0.3410218993435702,0.4999999999975757,0.500000000005253,0.4999999999947457,0.5000000000024243
752,0.5049199240185381,0.495031184893819,0.49390954068222603,0.5060171594156396,0.36887453156263716,0.5000000000019009,0.499999999994598,0.5000000000054026,0.4999999999980943
753,0.5750441992641064,0.41149018079742694,0.5118726937193913,0.48783844192975734,0.7000732540090657,0.4999999999984747,0.4999999999988393,0.5000000000011598,0.500000000001522
754,0.39072222763258657,0.589352306208968,0.5194943278687822,0.4797141266547812,0.25406963068029487,0.5000000000052774,0.4999999999996752,0.5000000000003223,0.49999999999472255
755,0.4866609394468041,0.5129923293936803,0.48267490808064745,0.5167445530524196,0.5375808570034278,0.4999999999980142,0.49999999999688316,0.5000000000031234,0.5000000000019861
756,0.6846644810743039,0.17673298604180226,0.508388622742245,0.4914682169441308,0.7623811883999383,0.49999999999937506,0.5000000000014105,0.49999999999858963,0.5000000000006228
757,0.6229442226410384,0.3345750995528685,0.48450812486267064,0.5150260934574624,0.62918219182019,0.49999999999879197,0.4999999999970475,0.5000000000029488,0.5000000000012071
758,0.38050635180517695,0.5959990960696043,0.5137270016364143,0.48588534428366764,0.5797611678058399,0.5000000000101501,0.4999999999933229,0.5000000000066759,0.49999999998984973
759,0.6418981955618198,0.2965918294524823,0.4959221415133255,0.5040448685948828,0.4182880140946277,0.49999999999337014,0.500000000002161,0.4999999999978347,0.5000000000066241
760,0.5160143127465413,0.4834555088534186,0.51757975800645,0.48177919641883876,0.2798740661357581,0.49999999999815364,0.5000000000083195,0.499999999991678,0.5000000000018499
761,0.45888303742671654,0.5379836038040868,0.49748379014138067,0.5025036104811276,0.5865698288989702,0.49999999999788386,0.4999999999979225,0.5000000000020798,0.5000000000021184
762,0.30331223767287835,0.6387500970472503,0.4832958385616563,0.5161638619944152,0.4465474677113813,0.5000000000027615,0.4999999999969477,0.5000000000030567,0.49999999999723904
763,0.3942704602488775,0.5869845007963472,0.49993349766732803,0.5000664934887278,0.31158397655074965,0.500000000005296,0.5000000000019268,0.4999999999980736,0.49999999999470296
764,0.2897822321181835,0.6450009751532181,0.5196057812708887,0.4795934028631609,0.25960636995757824,0.499999999995112,0.500000000000289,0.499999999999708,0.5000000000048872
765,0.41482103115378965,0.5726460645138187,0.48780585307267943,0.5119037504336497,0.5259724535021728,0.4999999999946191,0.4999999999949977,0.5000000000050033,0.5000000000053815
766,0.3495603055177464,0.6146605508785626,0.495103037484669,0.5048494649630264,0.31899658589401464,0.49999999998973155,0.500000000002215,0.49999999999778477,0.500000000010267
767,0.06739345916848745,0.7038878615669613,0.518352606461179,0.4809475806934721,0.33487413182474945,0.5000000000036187,0.49999999999283473,0.5000000000071673,0.49999999999638567
768,0.466299249561886,0.5315684485172185,0.48637533907704555,0.5132631192066004,0.39179562012203095,0.5000000000056052,0.5000000000027963,0.49999999999720374,0.4999999999943921
769,0.40839183385890204,0.5772487419105933,0.5188255139737137,0.48043739035373634,0.2567942368643394,0.4999999999976604,0.4999999999927609,0.5000000000072359,0.5000000000023395
770,0.09526311499738394,0.7006603591762494,0.48409622282922915,0.5154132779066417,0.36621785461977924,0.500000000003516,0.49999999999701966,0.5000000000029763,0.4999999999964797
771,0.28006731399600354,0.6492782924960268,0.48584035418996674,0.5137695497405073,0.4470240195728272,0.4999999999951545,0.49999999999514416,0.5000000000048519,0.5000000000048435
772,0.6009808735628331,0.3725882306402772,0.5061965013265328,0.493725735651666,0.35313698681783257,0.49999999999864303,0.5000000000061476,0.49999999999385386,0.5000000000013556
773,0.05591478941318752,0.7048925707686776,0.48678674738114075,0.5128729497391,0.35928400628410856,0.49999999998096145,0.49999999999723044,0.5000000000027657,0.500000000019035
774,0.029626137204554925,0.7064858752971184,0.5051221419924474,0.49482483938153493,0.34495271362243135,0.5000000000039451,0.49999999999838934,0.5000000000016109,0.4999999999960537
775,0.33451105770294876,0.6229786130152879,0.4938450408112873,0.5060801079533703,0.5030325028958877,0.499999999997355,0.4999999999977093,0.5000000000022878,0.5000000000026426
776,0.5829671708408388,0.4001865536494523,0.48167035788701024,0.5176810469130548,0.5842098506258282,0.5000000000062161,0.49999999999552897,0.5000000000044682,0.4999999999937818
777,0.6389453049367335,0.302900807022854,0.5110914747062292,0.48865683713892744,0.3492044963932628,0.4999999999989134,0.5000000000064824,0.4999999999935261,0.500000000001089
778,0.7011608536327769,0.09150663757828582,0.5199852568981881,0.47918194102921374,0.8037241044160799,0.4999999999996849,0.4999999999998299,0.5000000000001699,0.5000000000003133
779,0.007328578200361163,0.7070688028343212,0.5166779281305125,0.48274622586071286,0.3683143195254182,0.4999999999961331,0.4999999999930455,0.5000000000069561,0.5000000000038659
780,0.282874461115821,0.648060212671968,0.5107819657173444,0.48898035083009594,0.5138791122705254,0.5000000000028386,0.4999999999987608,0.5000000000012375,0.4999999999971641
781,0.4600738058063174,0.5369656350371851,0.5164624295608364,0.4829767684393436,0.2709939491719944,0.5000000000021095,0.49999999999154526,0.5000000000084482,0.49999999999788713
782,0.6929915716876288,0.14057980498602607,0.5126605867474189,0.48701039290326337,0.779677438765001,0.5000000000004938,0.5000000000010973,0.49999999999890166,0.4999999999995054
783,0.6815353998002928,0.18843964237668653,0.5087636810997782,0.49107994949275263,0.7616142958374277,0.5000000000006558,0.5000000000013791,0.4999999999986223,0.4999999999993428
784,0.702115193476145,0.08387046613651747,0.501951322377045,0.4980410324099172,0.7545370639688729,0.4999999999997132,0.5000000000018079,0.4999999999981927,0.5000000000002883
785,0.7049154206909204,0.05562598019040915,0.4798783652270532,0.5193426177265018,0.5701457187855024,0.5000000000075016,0.5000000000034969,0.49999999999650774,0.4999999999924997
786,0.7019449782313187,0.0852833368005305,0.4874405574359643,0.5122516012337275,0.49656693317736317,0.4999999999920169,0.5000000000027139,0.4999999999972876,0.5000000000079826
787,0.13265760231535276,0.6945516255455297,0.519821432902747,0.4793596540124549,0.4399502601100686,0.4999999999966092,0.5000000000002339,0.4999999999997718,0.500000000003387
788,0.6457637535329273,0.2880784174891719,0.5141690192791518,0.4854175724193681,0.752452895398476,0.4999999999989758,0.5000000000009788,0.4999999999990187,0.5000000000010252
789,0.19211321663757966,0.6805090094871327,0.517149603107454,0.4822409024603867,0.2880706793841404,0.5000000000031781,0.49999999999162664,0.5000000000083789,0.49999999999681805
790,0.637264692192761,0.30642081146487876,0.49158119964646757,0.508279376085769,0.6745844896609032,0.4999999999989012,0.500000000002438,0.49999999999756095,0.5000000000010942
791,0.1280920651940857,0.6954080980505756,0.5201566490480775,0.47899588771833396,0.4376861403022905,0.50000000000341,0.49999999999996564,0.5000000000000342,0.4999999999965949
792,0.49534244626308965,0.5046145703610664,0.5091190091893394,0.49071155935239846,0.3043202885983776,0.4999999999980572,0.500000000009046,0.49999999999095135,0.5000000000019397
793,0.7070347440846656,0.01009309948083034,0.5115942560174322,0.48813043053058286,0.3787886161315151,0.5000000000000038,0.5000000000088697,0.49999999999113276,0.49999999999999495
794,0.6536502096433944,0.26970615551089006,0.5166901189956796,0.4827331777827494,0.33269418654398614,0.5000000000067265,0.500000000000735,0.4999999999992663,0.49999999999326744
795,0.3750887284530484,0.5994234277933024,0.5051785011585965,0.49476730082652,0.55685778041835,0.4999999999898228,0.4999999999939207,0.5000000000060858,0.5000000000101744
796,0.35226702796671955,0.6131133235118081,0.4884593416948492,0.5112802279680239,0.4941736771655092,0.5000000000025746,0.49999999998726197,0.500000000012738,0.49999999999742784
797,0.6652838300627597,0.23957759798659792,0.4854348291678628,0.5141527269506256,0.6611856083232294,0.5000000000008452,0.49999999999713063,0.5000000000028663,0.4999999999991578
798,0.37107346725118195,0.6019173380973366,0.5172575274064078,0.4821251397110586,0.2586454193972375,0.4999999999975125,0.49999999999297734,0.5000000000070214,0.5000000000024851
799,0.3220699907092462,0.6295005330295942,0.48362160458714293,0.51585864689521,0.45710800493277814,0.4999999999973161,0.5000000000030268,0.4999999999969732,0.5000000000026813
800,0.5775285764015222,0.4079960090976711,0.4874511315178826,0.5122415391023435,0.6190916757875359,0.5000000000061867,0.4999999999895972,0.5000000000104048,0.4999999999938093
801,0.525931827874654,0.47264755624928323,0.5201628334530495,0.47898917179211564,0.6873599556660402,0.4999999999981983,0.500000000000001,0.500000000000001,0.500000000001796
802,0.6970645335785692,0.11874778325041699,0.5099047253622304,0.48989506126645804,0.38126187074164347,0.4999999999918963,0.5000000000013036,0.49999999999869493,0.5000000000081002
803,0.6509391127967652,0.2761852121880433,0.48556210499776475,0.5140325302839662,0.4827472293798166,0.4999999999990158,0.5000000000048309,0.4999999999951663,0.5000000000009788
804,0.653903007034956,0.269092655772402,0.5185814745839558,0.48070079490086387,0.7686026775114051,0.500000000000962,0.5000000000004864,0.4999999999995062,0.49999999999904027
805,0.6630074728271134,0.2458070197846447,0.5180849523829162,0.4812358903016169,0.33144195417300143,0.49999999999143907,0.5000000000005669,0.4999999999994317,0.5000000000085653
806,0.5101012250519079,0.4896904534504881,0.4791408799710817,0.5200230928915945,0.5064637954571408,0.5000000000018734,0.499999999988316,0.5000000000116867,0.4999999999981287
807,0.699637930028691,0.10250252219384019,0.5116299017965739,0.4880930685715821,0.7812987404236917,0.5000000000080539,0.4999999999934867,0.5000000000065085,0.4999999999919507
808,0.05805916500467276,0.7047191928593876,0.4885739806212495,0.5111706813383449,0.3630022535339176,0.5000000000113315,0.5000000000050606,0.4999999999949404,0.49999999998867195
809,0.13155424177304778,0.694761461792475,0.5137590377933169,0.4858514701898965,0.30862817202630094,0.4999999999956951,0.49999999999899447,0.5000000000010044,0.5000000000043017
810,0.7039498548302983,0.06674280398962602,0.4799568742112182,0.519270063548241,0.6346459065495595,0.49999999999252553,0.5000000000042102,0.49999999999578737,0.5000000000074702
811,0.6368458608604078,0.307290334219868,0.5201336412459248,0.4790208714077731,0.76088869595155,0.5000000000065818,0.5000000000076292,0.49999999999237765,0.4999999999934105
812,0.19248448936901955,0.6804040868133797,0.5000196310646488,0.49998036816456537,0.30273683314467026,0.5000000000045276,0.5000000000019266,0.4999999999980754,0.49999999999547395
813,0.7018318661229856,0.086209232071358,0.513435564973675,0.4861932955318958,0.7876800058945587,0.5000000000002961,0.5000000000010397,0.49999999999896266,0.49999999999970984
814,0.6897429148546675,0.15573924170800385,0.5000954968429288,0.49990448491429645,0.42168241906434517,0.49999999999284883,0.4999999999980804,0.5000000000019236,0.5000000000071485
815,0.706471923684265,0.02995698682780982,0.5197887299418472,0.47939511493698955,0.34408344460567364,0.49999999999988975,0.49999999999207434,0.5000000000079338,0.5000000000001081
816,0.5487839749088375,0.44591047555035485,0.5201023956680906,0.47905479646936777,0.7026918457956514,0.5000000000060256,0.5000000000075966,0.49999999999239797,0.49999999999396977
817,0.6769968310103075,0.20414526886999426,0.5191339227030044,0.48010412443447387,0.3331028746648288,0.49999999999928374,0.5000000000080905,0.49999999999191136,0.5000000000007174
818,0.07330613455584714,0.7032966732727223,0.5130504279839706,0.48659969003840153,0.3306719001528824,0.49999999999590394,0.5000000000010729,0.49999999999893124,0.5000000000040944
819,0.6682919874764979,0.23105371556136134,0.5198725490855721,0.4793042172850857,0.7813925259079799,0.500000000000816,0.5000000000002136,0.4999999999997858,0.4999999999991822
820,0.6263318471456332,0.32818960564152677,0.5138987129787219,0.4857037294470879,0.7389141610686519,0.5000000000011809,0.49999999999900224,0.5000000000009946,0.49999999999882083
821,0.3047930139911683,0.6380448418629651,0.4791091869850846,0.5200522925115229,0.3935285455926842,0.4999999999873689,0.499999999996021,0.5000000000039784,0.5000000000126299
822,0.48390257899433886,0.5155950872948937,0.5070865132350123,0.49281159492767623,0.6295090327690803,0.4999999999980004,0.499999999998514,0.5000000000014885,0.5000000000020012
823,0.5095787271514288,0.4902341489887562,0.5181399669422252,0.4811766563925494,0.6726287099485696,0.499999999994181,0.4999999999917546,0.5000000000082494,0.5000000000058195
824,0.4281341029638429,0.5627621077145697,0.48521335274535815,0.5143617426652218,0.38406429591068003,0.49999999999774086,0.5000000000048103,0.4999999999951852,0.5000000000022586
825,0.18898646402271047,0.6813839766209207,0.5098068599402703,0.48999690362066906,0.45746761593197294,0.49999999999549694,0.5000000000063821,0.4999999999936197,0.500000000004503
826,0.6534989235649196,0.27007251579015273,0.488267266428743,0.5114636610104347,0.46628965564425323,0.49999999999903744,0.500000000005026,0.49999999999496825,0.5000000000009637
827,0.7054856869018896,0.04785337627729509,0.48002874506157256,0.5192036247125166,0.5676147898565772,0.500000000007856,0.49999999999653943,0.5000000000034648,0.49999999999214456
828,0.47627533263737226,0.522648837673215,0.5099842127393677,0.48981231380663726,0.29663487340708067,0.4999999999943429,0.5000000000012977,0.49999999999870676,0.5000000000056595
829,0.2786681265853684,0.6498800479269372,0.518421830543442,0.48087296203465724,0.5252591340872802,0.5000000000028589,0.499999999999485,0.5000000000005134,0.4999999999971355
830,0.4762865128603578,0.522638649228435,0.51994564297863,0.4792249245892121,0.6544270342119644,0.5000000000056528,0.4999999999921215,0.5000000000078756,0.4999999999943502
831,0.09691561648651673,0.7004336965630943,0.5189327527376986,0.4803215570178703,0.32134982518565947,0.5000000000112017,0.5000000000004364,0.49999999999956046,0.4999999999888009
832,0.23427889088272225,0.6671681956499126,0.5178497749560982,0.4814889516675527,0.4979643303812945,0.49999999999698386,0.49999999999940803,0.5000000000005926,0.5000000000030149
833,0.5697741450371466,0.418756998326231,0.4954259032147816,0.5045326296918982,0.3875993251011019,0.4999999999984541,0.5000000000055035,0.49999999999450095,0.5000000000015525
834,0.7067208977420996,0.023357497610035197,0.5142355647258556,0.48534707578296515,0.36744059876278884,0.5000000000000777,0.5000000000067156,0.49999999999327954,0.49999999999992434
835,0.7020802885112374,0.08416215588957482,0.5163488759512537,0.48309816632220476,0.795248397050807,0.499999999999702,0.5000000000007758,0.4999999999992242,0.5000000000003015
836,0.6347389009283406,0.31161921368289375,0.48868094963022607,0.5110684195570047,0.6597326461526226,0.5000000000011237,0.5000000000026326,0.4999999999973617,0.4999999999988783
837,0.21906403089898002,0.6723175963533092,0.5082490753995866,0.49161252766326885,0.2896702302916199,0.5000000000030831,0.4999999999937227,0.5000000000062805,0.4999999999969175
838,0.09654180860856765,0.7004853221669942,0.497357821620058,0.5026282893683546,0.32198589640224756,0.49999999999581163,0.500000000002077,0.49999999999793104,0.5000000000041873
839,0.5469280036660199,0.4481849604860766,0.4961414476770274,0.5038290026357591,0.3745944247070372,0.5000000000016835,0.4999999999901651,0.5000000000098354,0.4999999999983206
840,0.5864030833097765,0.39513469081413777,0.5201653833356018,0.4789864027081891,0.7274622693220174,0.500000000006237,0.500000000007675,0.4999999999923303,0.4999999999937602
841,0.664529038499738,0.24166331329063892,0.4791599737651111,0.5200054995299687,0.5655619118623593,0.5000000000085458,0.49999999999630745,0.5000000000036869,0.4999999999914501
842,0.16892650132421785,0.686632243340893,0.5114976463411354,0.4882316640566005,0.29716664888228933,0.49999999999556094,0.5000000000011866,0.499999999998812,0.500000000004445
843,0.5644695837202138,0.4258803694169636,0.5091816589166643,0.490646551218768,0.326998705631801,0.4999999999938883,0.5000000000013498,0.49999999999864786,0.5000000000061127
844,0.5557702807423481,0.43717204284306227,0.5200177064272131,0.47914672596415986,0.7070226683131291,0.4999999999983719,0.5000000000001427,0.49999999999985034,0.5000000000016329
845,0.6130732795963824,0.35233670521950905,0.4977609108519193,0.5022291067111362,0.6830794519630923,0.49999999999871764,0.5000000000020546,0.4999999999979438,0.5000000000012857
846,0.15146646227130217,0.6906937894660836,0.4822717278017931,0.5171208568246588,0.334457875030833,0.5000000000033215,0.4999999999954675,0.5000000000045287,0.49999999999668115
847,0.4901110984457346,0.5096970778612697,0.4795011007214993,0.5196909604821589,0.46362372386158535,0.49999999999802086,0.5000000000041102,0.4999999999958884,0.5000000000019812
848,0.6773811350557821,0.20286647088147935,0.4907797975857438,0.5090532293205641,0.6963788027584638,0.499999999999279,0.500000000002485,0.4999999999975136,0.5000000000007171
849,0.4904850508838598,0.5093372309771325,0.511678373790725,0.4880422541080607,0.6447434199856612,0.5000000000019712,0.5000000000011736,0.49999999999882433,0.4999999999980243
850,0.3650715701546479,0.605576382503151,0.5132076383142372,0.48643388037421864,0.2690166981824087,0.4999999999948209,0.5000000000010535,0.49999999999894323,0.500000000005178
851,0.618515527849821,0.3426930723091145,0.482258657329126,0.5171330461603697,0.4927428225322053,0.49999999999876305,0.49999999999546396,0.5000000000045307,0.5000000000012398
852,0.29758019393740603,0.6414405881889386,0.5112720336392054,0.4884679187197854,0.5236009481703298,0.5000000000049002,0.5000000000064909,0.4999999999935169,0.4999999999950957
853,0.6868755272286443,0.1679345424168044,0.5093901314938215,0.49043011116438395,0.7667811974152232,0.5000000000005833,0.5000000000013404,0.49999999999866257,0.499999999999417
854,0.7070281090348574,0.01054800854856683,0.49794827981308665,0.5020433354115822,0.4406376412443295,0.4999999999922732,0.5000000000020437,0.499999999997955,0.5000000000077222
855,0.6641161422251789,0.24279569525827632,0.4910700462976499,0.5087732398910488,0.689735583917862,0.4999999999991565,0.5000000000024694,0.4999999999975416,0.5000000000008475
856,0.6124165407638902,0.35347698736804944,0.5029462142703454,0.49703632216481786,0.6998358487156848,0.5000000000012779,0.499999999998252,0.5000000000017489,0.499999999998724
857,0.3899767491598395,0.5898458570802387,0.4789918172529772,0.5201603973820792,0.43949319150997485,0.5000000000052751,0.5000000000038738,0.4999999999961185,0.49999999999472283
858,0.6007384940580474,0.37297890256268623,0.5193236055890983,0.4798989400675261,0.7350107524012734,0.4999999999986395,0.4999999999996407,0.5000000000003558,0.500000000001357
859,0.4593313689127764,0.5376008682402943,0.48842327559380555,0.5113146818332317,0.5538310532328375,0.5000000000098074,0.50000000000505,0.49999999999495165,0.4999999999901963
860,0.3655413825733114,0.6052929076110088,0.508393767502822,0.4914628950025507,0.5588177892554639,0.5000000000051742,0.5000000000090918,0.4999999999909099,0.49999999999482614
861,0.4646875084605788,0.5329779780596285,0.510056249443954,0.48973729937912913,0.624441094833948,0.49999999999440126,0.4999999999936026,0.5000000000063934,0.5000000000055939
862,0.07925091787515329,0.7026516149671507,0.4791732574699827,0.5199932589232354,0.34044943765925995,0.500000000004118,0.5000000000036776,0.49999999999632383,0.49999999999588146
863,0.6488161567768131,0.2811362564760422,0.47902999937196045,0.5201252346326761,0.5773228101721598,0.4999999999856215,0.4999999999962359,0.5000000000037611,0.500000000014376
864,0.45216855286028634,0.5436392236882868,0.5148014789083453,0.48474677648621967,0.2743614526527877,0.49999999999785993,0.5000000000086127,0.49999999999138794,0.5000000000021388
865,0.6385470235979074,0.3037395354286929,0.5152512290780326,0.4842686970407866,0.3319213061783191,0.5000000000010889,0.49999999999143474,0.5000000000085698,0.4999999999989098
866,0.6089586030381356,0.3594014743790695,0.48013808549315323,0.5191025128613449,0.5818767522315851,0.4999999999910054,0.49999999999574923,0.5000000000042442,0.5000000000090014
867,0.6610482380020609,0.2510283391061083,0.5187167251099137,0.48055484503982254,0.3277538994864282,0.4999999999991018,0.5000000000072238,0.499999999992778,0.5000000000008992
868,0.616859949080337,0.3456642952948471,0.5123377389531688,0.4873500192308976,0.7284554631796176,0.4999999999987491,0.5000000000011291,0.4999999999988728,0.5000000000012478
869,0.4862158671558355,0.5134141935596332,0.48617115071167144,0.5134565339108006,0.4006574884398344,0.5000000000057041,0.4999999999971938,0.5000000000028102,0.4999999999942952
870,0.52069152905055,0.4784143931520048,0.5003424900468493,0.4996572751934191,0.6331568335253339,0.5000000000018207,0.5000000000019025,0.4999999999980914,0.49999999999818034
871,0.38379478310416293,0.5938868279916817,0.5045044750336207,0.4954545737714587,0.294805634034289,0.5000000000052519,0.4999999999983484,0.5000000000016588,0.49999999999474104
872,0.5015836876855879,0.4984112802171787,0.5160225058173709,0.48344676386336477,0.6625335690327365,0.4999999999980876,0.5000000000008021,0.4999999999991965,0.500000000001913
873,0.38153486786600416,0.5953412001553974,0.5038409022428645,0.496129363399402,0.5576923041855282,0.5000000000024557,0.5000000000016862,0.4999999999983135,0.4999999999975426
874,0.3092576031862844,0.635892864302999,0.516026341705505,0.4834426694718146,0.2655614147543013,0.5000000000049468,0.5000000000008026,0.49999999999919836,0.499999999995051
875,0.23023486918493807,0.6685745321289078,0.5128377583583353,0.48682382193355533,0.4868039696823669,0.5000000000030297,0.4999999999989138,0.5000000000010827,0.49999999999696404
876,0.5652908396070234,0.4247896804451501,0.4959349743819497,0.5040322422075545,0.6465813741825945,0.49999999999071887,0.5000000000055259,0.4999999999944742,0.5000000000092807
877,0.13077530088337658,0.6949084980620535,0.5072157204567126,0.4926786101725703,0.31069198375194185,0.5000000000042967,0.4999999999985183,0.5000000000014794,0.4999999999957
878,0.6898471131449365,0.15527704429694825,0.48963536385783246,0.5101541046191905,0.47664115408392327,0.5000000000005509,0.499999999994871,0.5000000000051292,0.4999999999994486
879,0.15894893769926174,0.6890103302594802,0.5089136483066325,0.4909245344930625,0.4389194167142249,0.5000000000032956,0.4999999999986323,0.5000000000013649,0.4999999999967063
880,0.6961685301821379,0.12389260504177838,0.5004446077514141,0.4995549965444647,0.7456014338641447,0.5000000000004287,0.4999999999981015,0.5000000000019056,0.49999999999956785
881,0.47609743076846467,0.5228108992892813,0.49961414594543485,0.5003855565173836,0.6037802894706777,0.500000000005657,0.4999999999942549,0.5000000000057433,0.49999999999434325
882,0.3613193809732867,0.6078225985742276,0.4860165856188788,0.5136028412142655,0.48843980002609333,0.49999999998976946,0.49999999999513195,0.5000000000048671,0.5000000000102246
883,0.5885869678046344,0.3918741906920482,0.494758270017591,0.5051873456938479,0.6570749803171566,0.5000000000014339,0.499999999997764,0.500000000002231,0.4999999999985678
884,0.5721273182570483,0.4155361978263716,0.5190511661610132,0.4801935931547829,0.7154908196140799,0.4999999999907672,0.5000000000072863,0.4999999999927228,0.5000000000092322
885,0.0,0.7071723137905797,0.5104483851010031,0.4893285666582086,0.3622052358673605,0.499999999996161,0.5000000000012692,0.4999999999987299,0.500000000003837
886,0.10938858009232881,0.6985944020283759,0.49724903255207253,0.5027359143984323,0.39631918416893847,0.4999999999888442,0.49999999999439854,0.5000000000056016,0.5000000000111559
887,0.5065780483759729,0.4933342486626995,0.4890358090681763,0.5107288688228205,0.39356898262399753,0.49999999999810835,0.5000000000050904,0.4999999999949135,0.5000000000018917
888,0.597782160660988,0.37769893883288563,0.4862766817998275,0.5133565902350412,0.45090367166879486,0.4999999999936895,0.4999999999971988,0.5000000000028001,0.5000000000063177
889,0.7070830880779804,0.0057884846706118265,0.5127183224631052,0.48694960910817875,0.3744553354275578,0.5000000000000275,0.5000000000065844,0.49999999999340466,0.4999999999999737
890,0.6424338467537579,0.2954297900868173,0.5145401765534521,0.4850241300310146,0.3364773997597448,0.5000000000087478,0.4999999999990558,0.5000000000009446,0.49999999999125444
891,0.06811639123414562,0.7038182701059625,0.5109614366958578,0.48879280908141565,0.39442784840747247,0.49999999999638484,0.5000000000012296,0.499999999998767,0.5000000000036128
892,0.7031501239378876,0.07469875035444395,0.5101257511832651,0.48966490376553296,0.7796090204526409,0.4999999999920469,0.49999999999102335,0.500000000008976,0.5000000000079505
893,0.6396746581171858,0.3013574843111092,0.4790191116378064,0.5201352619134054,0.558642341900002,0.5000000000066174,0.49999999999622796,0.5000000000037723,0.49999999999338335
894,0.6973033418488019,0.117337331853459,0.480540031452502,0.5187304484716785,0.6396476178551895,0.4999999999995949,0.500000000003375,0.4999999999966256,0.5000000000004012
895,0.644951375588763,0.2898926061943783,0.4854418125583187,0.5141461335263502,0.6488387536037654,0.4999999999989751,0.5000000000028703,0.49999999999713135,0.5000000000010316
896,0.6869201874125358,0.16775179225538445,0.519606753598489,0.4795923494123294,0.33569405704689137,0.4999999999917199,0.4999999999997099,0.500000000000289,0.5000000000082789
897,0.5516431673747872,0.4423684201936401,0.5180738726284511,0.4812478181766257,0.6999044094697676,0.5000000000093454,0.49999999999287736,0.500000000007126,0.4999999999906577
898,0.12932828108861774,0.695179259641399,0.519673205733301,0.4795203428874265,0.3074205280217256,0.49999999999660605,0.5000000000079695,0.4999999999920316,0.5000000000033906
899,0.4090141451252653,0.5768079655201145,0.5200877821602259,0.4790706616436215,0.25245161210838957,0.5000000000100222,0.49999999999988637,0.5000000000001136,0.499999999989983
900,0.6894889495778906,0.15685977307765472,0.5014609234223383,0.4985347954560583,0.7447257495810035,0.4999999999917651,0.5000000000058541,0.4999999999941441,0.5000000000082314
901,0.3489504724651468,0.615006965624251,0.4933016364963162,0.5066098058960663,0.5093679907193178,0.5000000000025803,0.4999999999976714,0.5000000000023225,0.49999999999741773
902,0.4188464710633186,0.5697083759940732,0.48561756920628374,0.513980132376908,0.5180403532284119,0.500000000005395,0.4999999999951575,0.5000000000048463,0.4999999999946048
903,0.4931773188069798,0.5067308281665498,0.48344898178365714,0.5160204279021751,0.42212591030104796,0.5000000000096492,0.4999999999969584,0.5000000000030405,0.49999999999034994
904,0.5159515858436161,0.4835224514595528,0.5189960400976562,0.48025317319404603,0.6782269745670415,0.500000000001846,0.4999999999995715,0.5000000000004271,0.4999999999981521
905,0.2581754960701888,0.6582897649128922,0.5197433435821749,0.47944432085698596,0.2673257865693941,0.5000000000029337,0.5000000000074344,0.49999999999256106,0.4999999999970649
906,0.22713941076134672,0.6696325022570137,0.4877347805025936,0.511971467845708,0.3253328735961175,0.5000000000046456,0.49999999999730377,0.5000000000026984,0.4999999999953557
907,0.6931913333696984,0.13959145869693754,0.48438868810876384,0.515138426864349,0.5139479364663861,0.5000000000081779,0.500000000002957,0.4999999999970488,0.49999999999182154
908,0.25455699061016224,0.6596974598492085,0.5195593245838347,0.47964373053130505,0.5129619029029262,0.49999999999524974,0.4999999999920016,0.5000000000079963,0.5000000000047506
909,0.5678980952706908,0.42129770161718666,0.4790787462055836,0.5200803350772646,0.5350418344417702,0.4999999999938657,0.5000000000039562,0.49999999999603784,0.5000000000061371
910,0.19301724371218754,0.6802531467253606,0.47899875302492406,0.5201540104628314,0.36714963762820674,0.4999999999968361,0.5000000000037975,0.4999999999962022,0.5000000000031691
911,0.6076224756418209,0.3616558130251856,0.48477875863954817,0.5147713620355194,0.4658437784399905,0.5000000000090095,0.4999999999970808,0.5000000000029245,0.49999999999099404
912,0.7030890923406199,0.07527103248121397,0.5117607154886553,0.48795590997807925,0.3763988181428318,0.5000000000074388,0.5000000000011651,0.4999999999988309,0.4999999999925674
913,0.5383119897902912,0.4584977699663203,0.4899425507818509,0.5098590951756893,0.6070524067337915,0.5000000000136573,0.4999999999974622,0.5000000000025371,0.49999999998633965
914,0.5549024050427711,0.4382731122003147,0.483791454534934,0.5156993586567346,0.44757120771794867,0.5000000000016328,0.5000000000046781,0.49999999999531647,0.4999999999983685
915,0.6731832844197015,0.2163891549593395,0.47913316089679714,0.5200302050160556,0.5712045741709778,0.5000000000007638,0.49999999999600575,0.5000000000039914,0.4999999999992377
916,0.4788669726185784,0.5202753333909997,0.48844411237503843,0.5112947770965044,0.38521851321528483,0.5000000000056681,0.4999999999973585,0.500000000002645,0.4999999999943302
917,0.5103594753040299,0.4894212970104539,0.517695824035266,0.4816544755075477,0.6716562061314814,0.4999999999904285,0.4999999999916888,0.5000000000083155,0.5000000000095715
918,0.005804589542179412,0.707082961321072,0.5030013003238283,0.4969805749448703,0.35538628579295845,0.4999999999961457,0.4999999999982558,0.5000000000017403,0.5000000000038546
919,0.4134312593437357,0.57365023646596,0.5201211549864596,0.4790344289668033,0.6141243219674173,0.4999999999946228,0.5000000000076134,0.4999999999923869,0.5000000000053764
920,0.38313270753225304,0.5943141716980361,0.49153021762124555,0.508328678283266,0.5226751462954822,0.49999999999755296,0.49999999999756845,0.5000000000024329,0.5000000000024475
921,0.6106124753149762,0.35658435886858664,0.4980748991841725,0.5019177171635569,0.6826553901574554,0.49999999999360756,0.49999999999434586,0.5000000000056543,0.500000000006396
922,0.6778754222299472,0.20120864563719676,0.5047299433790486,0.49522488250953084,0.7473851506602786,0.4999999999992984,0.5000000000016331,0.49999999999836336,0.5000000000007079
923,0.705250768559111,0.051199154746722014,0.4917294781957609,0.5081359269657336,0.4721947582411295,0.5000000000075171,0.500000000002424,0.4999999999975769,0.49999999999247846
924,0.2696386778775838,0.6536780426115173,0.501480311712918,0.49851529260827615,0.29602105809582013,0.5000000000047958,0.5000000000018379,0.49999999999816297,0.49999999999520045
925,0.4518735060457829,0.5438844863883194,0.4853768496883812,0.5142074618153478,0.39228565520211844,0.5000000000021452,0.5000000000048187,0.49999999999518135,0.4999999999978493
926,0.19283236123983744,0.6803055840038763,0.4888898560640909,0.5108685825509651,0.4163472468115668,0.5000000000045207,0.5000000000050805,0.4999999999949195,0.4999999999954817
927,0.352278991300348,0.6131064460143433,0.5201016521569296,0.4790556036866937,0.2536837696176731,0.5000000000051178,0.4999999999999003,0.5000000000000903,0.4999999999948807
928,0.5203878305650281,0.47874472254715333,0.4797227829125246,0.5194863343290772,0.47386050709433064,0.499999999998189,0.49999999999583045,0.5000000000041688,0.5000000000018123
929,0.1698157013822686,0.6864128696084062,0.5103986489504154,0.48938044418385634,0.4474419732948899,0.5000000000032575,0.499999999998733,0.5000000000012651,0.49999999999674133
930,0.7015717715089312,0.08830090272370336,0.5068053725406212,0.4931007142196803,0.7689853400515991,0.4999999999996955,0.4999999999984897,0.5000000000015072,0.5000000000003055
931,0.7004634718214269,0.09670021729270052,0.48694564399295215,0.5127220882664284,0.49904940654192337,0.49999999999966566,0.5000000000049393,0.49999999999505895,0.5000000000003351
932,0.04380542490503887,0.7057485988288504,0.48150934455585154,0.5178308132058194,0.3360082980876413,0.49999999999600364,0.49999999999675826,0.5000000000032478,0.5000000000039933
933,0.3461670312063173,0.6165779646612473,0.4955852712042539,0.5043760888121159,0.3164761521289405,0.5000000000025908,0.4999999999944923,0.5000000000055093,0.4999999999974112
934,0.706987111633084,0.013008898379822059,0.48048940630352327,0.5187773418626611,0.5611833479993159,0.4999999999999449,0.49999999999568917,0.5000000000043117,0.5000000000000541
935,0.34781964998015524,0.6156472131729963,0.5095233293568847,0.4902917262621073,0.2790839146203471,0.5000000000050944,0.49999999999867145,0.5000000000013304,0.4999999999949003
936,0.35156041465913496,0.6135187701359804,0.5134119302903061,0.48621825329328744,0.5609498262262497,0.5000000000025756,0.5000000000010368,0.49999999999895695,0.4999999999974229
937,0.34704024567419783,0.6160868996191959,0.5186865997641654,0.4805873606589081,0.5691179648942674,0.5000000000025849,0.5000000000004811,0.4999999999995262,0.49999999999741607
938,0.6778971542858457,0.20113539770799865,0.5041352283815334,0.49583028498136056,0.7456846532357536,0.499999999999296,0.5000000000016698,0.4999999999983284,0.5000000000007067
939,0.1775605186927709,0.6844503358181317,0.492153687912355,0.5077250707560812,0.41796165289971465,0.49999999999678263,0.49999999999760497,0.5000000000023945,0.5000000000032166
940,0.14545946263909032,0.6919837749028134,0.479831324426147,0.5193860800016208,0.34362674062845194,0.4999999999879604,0.500000000004187,0.49999999999581357,0.5000000000120401
941,0.2487047812440065,0.6619259262080373,0.5006634914582814,0.49933562692922434,0.4734173546759289,0.5000000000047219,0.5000000000058057,0.49999999999419253,0.49999999999527545
942,0.6209780804772608,0.3382103367605133,0.4808210276525603,0.5184699985217385,0.5974183473036913,0.5000000000064728,0.5000000000043507,0.4999999999956451,0.4999999999935308
943,0.0316905502190159,0.7063962885448297,0.5108061945395446,0.4889550404894386,0.34626171834524055,0.5000000000039617,0.4999999999987604,0.5000000000012393,0.49999999999603845
944,0.4703772594878768,0.5279632882660243,0.5191918030812543,0.48004153113375353,0.6489988134021281,0.49999999999024514,0.5000000000073085,0.4999999999926942,0.5000000000097535
945,0.6562495993942378,0.2633181788158515,0.49755429535642454,0.5024337997909558,0.7099943217177078,0.4999999999990653,0.4999999999979324,0.5000000000020742,0.5000000000009293
946,0.4935671371181917,0.506351144125253,0.47944170422430604,0.5197457573184142,0.4665067255505008,0.4999999999942599,0.4999999999964076,0.5000000000035915,0.5000000000057409
947,0.45639654523134054,0.5400946153229961,0.4796812393112561,0.5195246949403022,0.49116460414989005,0.5000000000021279,0.4999999999964659,0.500000000003531,0.49999999999787054
948,0.5348030257486684,0.4625859094806789,0.48680209973959654,0.5128583778092329,0.5906309654366748,0.49999999999056666,0.49999999999506656,0.5000000000049316,0.5000000000094313
949,0.60571899899468,0.36483488629362654,0.5077350661746411,0.49214337603652625,0.3490550616360956,0.4999999999936334,0.5000000000014425,0.4999999999985546,0.5000000000063672
950,0.6171096481345126,0.34521831089804833,0.501864962032686,0.4981280557085051,0.6996297243441179,0.499999999998758,0.49999999999819467,0.5000000000018104,0.5000000000012457
951,0.6957886416189999,0.1260086248052529,0.5050999918999477,0.494847449405044,0.7601746539840839,0.5000000000004424,0.4999999999983879,0.500000000001617,0.4999999999995571
952,0.5912661637608165,0.38781996285849013,0.5180509523783033,0.4812724911522869,0.30181030088752303,0.4999999999937247,0.4999999999994264,0.500000000000569,0.5000000000062689
953,0.413435046066387,0.5736475073458273,0.4793310121700371,0.5198478438659181,0.43148135227514645,0.4999999999976892,0.5000000000040609,0.4999999999959356,0.5000000000023075
954,0.15039787482784517,0.6909272604603702,0.47922230484163614,0.5199480575425479,0.3491154042705964,0.5000000000043713,0.5000000000036589,0.49999999999634004,0.4999999999956334
955,0.600031637378488,0.37411500122942576,0.4878380283839497,0.5118730878474297,0.6343117942449378,0.4999999999986303,0.5000000000026886,0.4999999999973134,0.5000000000013725
956,0.08819648637899133,0.7015849057003434,0.5152129342265076,0.48430943869154014,0.3246648560154396,0.500000000003536,0.5000000000067979,0.4999999999932047,0.4999999999964609
957,0.7048092202464965,0.056955799138702363,0.479052747447527,0.5201042829692611,0.5936840839472542,0.5000000000074997,0.4999999999962481,0.5000000000037454,0.49999999999250316
958,0.009075949189690027,0.7070485323839557,0.5062648366572021,0.49365566457244336,0.35550849752774555,0.5000000000038639,0.5000000000015439,0.4999999999984605,0.49999999999613576
959,0.024177270269418506,0.7066933278320372,0.48166171681575115,0.5176890867635752,0.3443424274226957,0.5000000000037597,0.4999999999967752,0.5000000000032263,0.4999999999962402
960,0.010858513493819742,0.7070234032098873,0.4848126197975676,0.5147394716601987,0.34136681812537506,0.5000000000038717,0.5000000000029273,0.49999999999707423,0.49999999999612715
961,0.5694456190992223,0.41920363788021975,0.5121042424522769,0.48759537001737263,0.6972356984514694,0.49999999999845274,0.49999999999885353,0.5000000000011456,0.5000000000015439
962,0.11491247980325317,0.6977070459623197,0.4861834205619985,0.5134449158095071,0.37775993826583243,0.5000000000119387,0.49999999999718736,0.5000000000028098,0.4999999999880611
963,0.643482612930995,0.29313840904169153,0.5198801232722777,0.47929600188860794,0.7648611013609748,0.4999999999989486,0.5000000000002081,0.49999999999979516,0.5000000000010463
964,0.3440574799837437,0.6177575984698437,0.480265076421062,0.5189850251888498,0.389856498819489,0.5000000000050902,0.5000000000034213,0.4999999999965785,0.4999999999949029
965,0.47063388186385535,0.5277345442945297,0.5201438961742679,0.4790097360937967,0.6513160606484109,0.5000000000133199,0.49999999999993844,0.5000000000000581,0.49999999998667666
966,0.678309008195362,0.19974205716631147,0.49919312046350334,0.5008055795235409,0.729823036624609,0.4999999999993003,0.499999999998027,0.5000000000019725,0.5000000000007055
967,0.082967968394688,0.7022224122952322,0.49206198949162955,0.5078139408263035,0.3277451583225188,0.5000000000041311,0.5000000000024004,0.49999999999760075,0.4999999999958699
968,0.47804558046063933,0.5210301555592036,0.5053490366418979,0.4945931167789409,0.31278373593308373,0.499999999997975,0.49999999999390665,0.5000000000060948,0.5000000000020227
969,0.5697160697876048,0.41883600588507486,0.4923007041985884,0.5075825220056067,0.40276009525773077,0.5000000000061409,0.5000000000023864,0.4999999999976121,0.4999999999938567
970,0.6860953214985785,0.17109415614933668,0.4844101950428945,0.5151182028801762,0.5104129715478446,0.5000000000070939,0.499999999997045,0.5000000000029526,0.4999999999929053
971,0.5976346508494245,0.37793230095360286,0.5118977631986782,0.4878121360033906,0.7146409840845453,0.500000000006303,0.49999999999115013,0.5000000000088505,0.4999999999936954
972,0.12020949224850805,0.6968139478895027,0.5173881005956258,0.48198501362806906,0.430472999576858,0.4999999999965728,0.4999999999993456,0.5000000000006539,0.500000000003426
973,0.6442880741534467,0.2913638349080431,0.51610119285867,0.48336276100860287,0.33098341631717665,0.5000000000087246,0.4999999999991986,0.5000000000008034,0.49999999999127615
974,0.412605824764046,0.5742442332504734,0.48030700460506714,0.5189462219992684,0.4162186412177366,0.5000000000023266,0.49999999999572153,0.5000000000042846,0.49999999999767003
975,0.6697547621468337,0.22677865548069664,0.4932642507321698,0.5066462068836906,0.44552456423492365,0.5000000000007996,0.4999999999946338,0.5000000000053666,0.4999999999991949
976,0.5421304758842098,0.4539763728626816,0.48558209232565125,0.5140136492474101,0.5880687068228984,0.499999999986319,0.5000000000028536,0.49999999999714345,0.5000000000136776
977,0.6498229026511053,0.2788013543548383,0.4895203500098704,0.5102644676304788,0.4570738805348403,0.500000000000992,0.49999999999488665,0.5000000000051155,0.4999999999990081
978,0.696025845689122,0.1246917083560237,0.48252636693207124,0.5168832607227007,0.5315021914140237,0.5000000000081275,0.49999999999687184,0.5000000000031236,0.49999999999187383
979,0.4038382979834376,0.5804434762160999,0.4930747744595721,0.5068306095646192,0.5398409690396957,0.5000000000023491,0.5000000000023417,0.4999999999976598,0.49999999999764105
980,0.6814444714378143,0.18876819739257017,0.5133504011699205,0.48628321544001807,0.7740096887541136,0.49999999999934813,0.4999999999989568,0.5000000000010447,0.5000000000006545
981,0.050201620052981955,0.7053224775879553,0.504532066204587,0.4954264770592412,0.337236718628842,0.4999999999963319,0.5000000000060454,0.49999999999395545,0.5000000000036702
982,0.0,0.7071395036060726,0.5114994517987617,0.4882297725554618,0.3586762669478692,0.4999999999961766,0.5000000000064951,0.49999999999349676,0.5000000000038203
983,0.63710030976491,0.3067624520869461,0.4832986629062777,0.5161612174824898,0.49298089155038316,0.5000000000087851,0.5000000000030571,0.49999999999694505,0.4999999999912128
984,0.07920873854529388,0.7026563762905336,0.4813801917204277,0.5179508770329537,0.334469128719071,0.4999999999958773,0.5000000000032647,0.4999999999967371,0.5000000000041155
985,0.18085865983761965,0.6835862382770262,0.48139488874829983,0.5179372173217635,0.3852576072569766,0.4999999999967877,0.5000000000032601,0.49999999999673966,0.5000000000032077
986,0.08777506024544864,0.701637754684645,0.5012884074818114,0.49870826394231416,0.39228653260739826,0.5000000000035381,0.4999999999981579,0.5000000000018497,0.4999999999964643
987,0.5224620074132953,0.4764802732639276,0.5010730110422708,0.4989246812947067,0.3439488401028347,0.49999999999411926,0.5000000000018567,0.4999999999981357,0.5000000000058782
988,0.05722096018766603,0.7047877423133875,0.49437081341031985,0.505566512783445,0.3704948500536384,0.5000000000036422,0.4999999999977454,0.5000000000022493,0.4999999999963582
989,0.14290915020434122,0.6925149635840874,0.5150269379751948,0.48450722714929184,0.3041327504895263,0.49999999999565564,0.5000000000009057,0.49999999999909517,0.5000000000043413
990,0.35707140979695184,0.6103277875909113,0.5062091811610997,0.4937127352096577,0.5485488352995189,0.5000000000051393,0.5000000000061416,0.4999999999938513,0.4999999999948602
991,0.695988907893093,0.1248977478708791,0.5201376779591108,0.47901648819983494,0.8005417405580469,0.4999999999995563,0.5000000000000582,0.49999999999994027,0.5000000000004471
992,0.6379752041295577,0.30493874880437294,0.4824904662769469,0.5169167727515329,0.623717651184873,0.4999999999934052,0.4999999999954461,0.5000000000045597,0.5000000000065963
993,0.6332038637850002,0.3147266568720211,0.4886544454329564,0.5110937614162513,0.4531773662474505,0.5000000000011331,0.5000000000050683,0.49999999999493394,0.499999999998867
994,0.6270148054762079,0.32688290520251595,0.4865097961511227,0.5131356723606263,0.46372904005057675,0.5000000000065126,0.5000000000027862,0.49999999999721295,0.4999999999934915
995,0.35846766967540683,0.6095087610506374,0.5129034836236531,0.48675457520882265,0.5640091448364734,0.49999999999745015,0.49999999999892514,0.5000000000010755,0.5000000000025497
996,0.5904212626910289,0.3891050405254731,0.499462925955487,0.5005364977661292,0.37772851482699255,0.5000000000062726,0.4999999999980476,0.5000000000019511,0.4999999999937266
997,0.6294504315593661,0.32216790018097763,0.4795650069190283,0.5196319891411102,0.5841319842859857,0.49999999999884154,0.5000000000035533,0.4999999999964414,0.500000000001156
998,0.679103558437009,0.19702374709204648,0.5200705586700937,0.47908935910180445,0.7892566928371696,0.49999999999931866,0.5000000000155059,0.49999999998449524,0.5000000000006803
999,0.658429020837924,0.25782013986189495,0.5153225833343318,0.48419276647388826,0.34061037329533683,0.49999999999322536,0.5000000000008773,0.49999999999912953,0.5000000000067693
1000,0.39882457367905144,0.5838997854338739,0.5138391504446914,0.4857667418322137,0.26968188128775583,0.49999999999468486,0.49999999999900013,0.5000000000010069,0.5000000000053164
